Postcode,Latitude,Longitude,Side,Closest_Any,Distance_Any_km,Closest_L1,Distance_L1_km,Closest_L2,Distance_L2_km,Closest_L3,Distance_L3_km
CM133JA,51.589312,0.266985,South,Darent Valley,17.14,Darent Valley,17.14,Queen Elizabeth Woolwich,19.32,Kings College Hospital,28.24
CM145NG,51.609023,0.26008,South,Darent Valley,19.32,Darent Valley,19.32,Queen Elizabeth Woolwich,20.44,Evelina (St Thomas'),28.86
DA13LD,51.444759,0.182033,South,Darent Valley,5.41,Darent Valley,5.41,Queen Elizabeth Woolwich,9.81,Kings College Hospital,19.16
DA13NP,51.448816,0.185853,South,Darent Valley,5.26,Darent Valley,5.26,Queen Elizabeth Woolwich,9.89,Kings College Hospital,19.37
DA13NR,51.445437,0.184742,South,Darent Valley,5.24,Darent Valley,5.24,Queen Elizabeth Woolwich,9.95,Kings College Hospital,19.34
DA13NS,51.447625,0.186502,South,Darent Valley,5.18,Darent Valley,5.18,Queen Elizabeth Woolwich,9.98,Kings College Hospital,19.43
DA13NT,51.447438,0.186925,South,Darent Valley,5.15,Darent Valley,5.15,Queen Elizabeth Woolwich,10.02,Kings College Hospital,19.46
DA13NW,51.449091,0.186054,South,Darent Valley,5.26,Darent Valley,5.26,Queen Elizabeth Woolwich,9.9,Kings College Hospital,19.38
DA13NX,51.446242,0.184003,South,Darent Valley,5.31,Darent Valley,5.31,Queen Elizabeth Woolwich,9.87,Kings College Hospital,19.27
DA13NY,51.445283,0.183857,South,Darent Valley,5.3,Darent Valley,5.3,Queen Elizabeth Woolwich,9.9,Kings College Hospital,19.28
DA13NZ,51.447156,0.185127,South,Darent Valley,5.26,Darent Valley,5.26,Queen Elizabeth Woolwich,9.91,Kings College Hospital,19.34
DA13PA,51.447371,0.185669,South,Darent Valley,5.23,Darent Valley,5.23,Queen Elizabeth Woolwich,9.94,Kings College Hospital,19.37
DA13PB,51.447214,0.184453,South,Darent Valley,5.31,Darent Valley,5.31,Queen Elizabeth Woolwich,9.86,Kings College Hospital,19.29
DA13PD,51.44664,0.184353,South,Darent Valley,5.3,Darent Valley,5.3,Queen Elizabeth Woolwich,9.88,Kings College Hospital,19.29
DA13PE,51.448238,0.182573,South,Darent Valley,5.46,Darent Valley,5.46,Queen Elizabeth Woolwich,9.7,Kings College Hospital,19.15
DA13PF,51.446273,0.181846,South,Darent Valley,5.46,Darent Valley,5.46,Queen Elizabeth Woolwich,9.73,Kings College Hospital,19.12
DA13PG,51.44694,0.183691,South,Darent Valley,5.35,Darent Valley,5.35,Queen Elizabeth Woolwich,9.83,Kings College Hospital,19.24
DA13PH,51.447889,0.184427,South,Darent Valley,5.33,Darent Valley,5.33,Queen Elizabeth Woolwich,9.84,Kings College Hospital,19.28
DA13PJ,51.448417,0.184539,South,Darent Valley,5.34,Darent Valley,5.34,Queen Elizabeth Woolwich,9.82,Kings College Hospital,19.28
DA13PL,51.449157,0.18492,South,Darent Valley,5.33,Darent Valley,5.33,Queen Elizabeth Woolwich,9.82,Kings College Hospital,19.3
DA13PN,51.446067,0.175993,South,Darent Valley,5.85,Darent Valley,5.85,Queen Elizabeth Woolwich,9.37,Kings College Hospital,18.72
DA13PP,51.448977,0.183961,South,Darent Valley,5.39,Darent Valley,5.39,Queen Elizabeth Woolwich,9.76,Kings College Hospital,19.23
DA13PQ,51.447004,0.182701,South,Darent Valley,5.42,Darent Valley,5.42,Queen Elizabeth Woolwich,9.76,Kings College Hospital,19.17
DA13PR,51.445344,0.182493,South,Darent Valley,5.39,Darent Valley,5.39,Queen Elizabeth Woolwich,9.81,Kings College Hospital,19.18
DA13PS,51.446246,0.181399,South,Darent Valley,5.49,Darent Valley,5.49,Queen Elizabeth Woolwich,9.71,Kings College Hospital,19.09
DA13PT,51.447371,0.181323,South,Darent Valley,5.52,Darent Valley,5.52,Queen Elizabeth Woolwich,9.66,Kings College Hospital,19.07
DA13PU,51.447401,0.180216,South,Darent Valley,5.6,Darent Valley,5.6,Queen Elizabeth Woolwich,9.58,Kings College Hospital,19.0
DA13PW,51.446649,0.176611,South,Darent Valley,5.82,Darent Valley,5.82,Queen Elizabeth Woolwich,9.38,Kings College Hospital,18.76
DA13PY,51.447494,0.177601,South,Darent Valley,5.78,Darent Valley,5.78,Queen Elizabeth Woolwich,9.41,Kings College Hospital,18.81
DA13PZ,51.446582,0.175859,South,Darent Valley,5.87,Darent Valley,5.87,Queen Elizabeth Woolwich,9.34,Kings College Hospital,18.71
DA13QA,51.44966,0.181533,South,Darent Valley,5.57,Darent Valley,5.57,Queen Elizabeth Woolwich,9.58,Kings College Hospital,19.06
DA13QB,51.4457,0.178825,South,Darent Valley,5.65,Darent Valley,5.65,Queen Elizabeth Woolwich,9.56,Kings College Hospital,18.92
DA13QD,51.445853,0.178314,South,Darent Valley,5.69,Darent Valley,5.69,Queen Elizabeth Woolwich,9.53,Kings College Hospital,18.89
DA13QE,51.445177,0.18083,South,Darent Valley,5.5,Darent Valley,5.5,Queen Elizabeth Woolwich,9.71,Kings College Hospital,19.07
DA13QG,51.447569,0.180382,South,Darent Valley,5.59,Darent Valley,5.59,Queen Elizabeth Woolwich,9.59,Kings College Hospital,19.01
DA13QH,51.446421,0.179205,South,Darent Valley,5.64,Darent Valley,5.64,Queen Elizabeth Woolwich,9.56,Kings College Hospital,18.94
DA13QJ,51.443734,0.176213,South,Darent Valley,5.79,Darent Valley,5.79,Queen Elizabeth Woolwich,9.49,Kings College Hospital,18.78
DA13QQ,51.444908,0.180299,South,Darent Valley,5.53,Darent Valley,5.53,Queen Elizabeth Woolwich,9.69,Kings College Hospital,19.04
DA13QR,51.44746,0.180924,South,Darent Valley,5.55,Darent Valley,5.55,Queen Elizabeth Woolwich,9.63,Kings College Hospital,19.04
DA13QS,51.443606,0.176797,South,Darent Valley,5.74,Darent Valley,5.74,Queen Elizabeth Woolwich,9.53,Kings College Hospital,18.82
DA13QU,51.442831,0.171565,South,Darent Valley,6.09,Darent Valley,6.09,Queen Elizabeth Woolwich,9.24,Kings College Hospital,18.47
DA13QX,51.444115,0.174576,South,Darent Valley,5.91,Darent Valley,5.91,Queen Elizabeth Woolwich,9.36,Kings College Hospital,18.66
DA13QZ,51.444326,0.174831,South,Darent Valley,5.89,Darent Valley,5.89,Queen Elizabeth Woolwich,9.37,Kings College Hospital,18.67
DA13RA,51.444946,0.176328,South,Darent Valley,5.8,Darent Valley,5.8,Queen Elizabeth Woolwich,9.44,Kings College Hospital,18.77
DA13RB,51.444952,0.174544,South,Darent Valley,5.92,Darent Valley,5.92,Queen Elizabeth Woolwich,9.32,Kings College Hospital,18.64
DA13RD,51.444265,0.177159,South,Darent Valley,5.73,Darent Valley,5.73,Queen Elizabeth Woolwich,9.52,Kings College Hospital,18.83
DA13RF,51.445297,0.174877,South,Darent Valley,5.91,Darent Valley,5.91,Queen Elizabeth Woolwich,9.33,Kings College Hospital,18.66
DA13RG,51.444955,0.172947,South,Darent Valley,6.03,Darent Valley,6.03,Queen Elizabeth Woolwich,9.22,Kings College Hospital,18.53
DA13RH,51.446081,0.174296,South,Darent Valley,5.96,Darent Valley,5.96,Queen Elizabeth Woolwich,9.26,Kings College Hospital,18.61
DA13RJ,51.444603,0.173031,South,Darent Valley,6.02,Darent Valley,6.02,Queen Elizabeth Woolwich,9.24,Kings College Hospital,18.54
DA13RL,51.445886,0.174632,South,Darent Valley,5.94,Darent Valley,5.94,Queen Elizabeth Woolwich,9.29,Kings College Hospital,18.63
DA13RN,51.443645,0.175676,South,Darent Valley,5.82,Darent Valley,5.82,Queen Elizabeth Woolwich,9.46,Kings College Hospital,18.74
DA13RP,51.443799,0.174676,South,Darent Valley,5.89,Darent Valley,5.89,Queen Elizabeth Woolwich,9.39,Kings College Hospital,18.67
DA13RR,51.444195,0.173659,South,Darent Valley,5.97,Darent Valley,5.97,Queen Elizabeth Woolwich,9.3,Kings College Hospital,18.59
DA13RS,51.444721,0.175843,South,Darent Valley,5.83,Darent Valley,5.83,Queen Elizabeth Woolwich,9.42,Kings College Hospital,18.74
DA13RT,51.444913,0.177118,South,Darent Valley,5.75,Darent Valley,5.75,Queen Elizabeth Woolwich,9.49,Kings College Hospital,18.82
DA13RU,51.445664,0.176895,South,Darent Valley,5.78,Darent Valley,5.78,Queen Elizabeth Woolwich,9.44,Kings College Hospital,18.79
DA13RW,51.445605,0.174719,South,Darent Valley,5.93,Darent Valley,5.93,Queen Elizabeth Woolwich,9.31,Kings College Hospital,18.64
DA14AA,51.449701,0.189983,South,Darent Valley,5.02,Darent Valley,5.02,Queen Elizabeth Woolwich,10.13,Kings College Hospital,19.64
DA14AB,51.449955,0.189377,South,Darent Valley,5.07,Darent Valley,5.07,Queen Elizabeth Woolwich,10.08,Kings College Hospital,19.59
DA14AD,51.450384,0.190505,South,Darent Valley,5.01,Darent Valley,5.01,Queen Elizabeth Woolwich,10.14,Kings College Hospital,19.67
DA14AE,51.449294,0.191072,South,Darent Valley,4.93,Darent Valley,4.93,Queen Elizabeth Woolwich,10.22,Kings College Hospital,19.72
DA14AJ,51.451612,0.183958,South,Darent Valley,5.48,Darent Valley,5.48,Queen Elizabeth Woolwich,9.67,Kings College Hospital,19.2
DA14AL,51.452034,0.186396,South,Darent Valley,5.34,Darent Valley,5.34,Queen Elizabeth Woolwich,9.81,Kings College Hospital,19.37
DA14AN,51.44923,0.189184,South,Darent Valley,5.05,Darent Valley,5.05,Queen Elizabeth Woolwich,10.1,Kings College Hospital,19.59
DA14AP,51.448924,0.188248,South,Darent Valley,5.11,Darent Valley,5.11,Queen Elizabeth Woolwich,10.05,Kings College Hospital,19.53
DA14AR,51.449091,0.186054,South,Darent Valley,5.26,Darent Valley,5.26,Queen Elizabeth Woolwich,9.9,Kings College Hospital,19.38
DA14AS,51.450166,0.18337,South,Darent Valley,5.47,Darent Valley,5.47,Queen Elizabeth Woolwich,9.68,Kings College Hospital,19.18
DA14AT,51.449904,0.182437,South,Darent Valley,5.52,Darent Valley,5.52,Queen Elizabeth Woolwich,9.63,Kings College Hospital,19.12
DA14AU,51.449599,0.183861,South,Darent Valley,5.42,Darent Valley,5.42,Queen Elizabeth Woolwich,9.73,Kings College Hospital,19.22
DA14AW,51.449613,0.186985,South,Darent Valley,5.21,Darent Valley,5.21,Queen Elizabeth Woolwich,9.94,Kings College Hospital,19.43
DA14AX,51.45182,0.190157,South,Darent Valley,5.09,Darent Valley,5.09,Queen Elizabeth Woolwich,10.07,Kings College Hospital,19.63
DA14AY,51.449123,0.187207,South,Darent Valley,5.18,Darent Valley,5.18,Queen Elizabeth Woolwich,9.97,Kings College Hospital,19.45
DA14AZ,51.44941,0.185306,South,Darent Valley,5.32,Darent Valley,5.32,Queen Elizabeth Woolwich,9.84,Kings College Hospital,19.32
DA14BA,51.450451,0.184492,South,Darent Valley,5.41,Darent Valley,5.41,Queen Elizabeth Woolwich,9.74,Kings College Hospital,19.25
DA14BB,51.450779,0.175037,South,Darent Valley,6.04,Darent Valley,6.04,Queen Elizabeth Woolwich,9.11,Kings College Hospital,18.6
DA14BD,51.451388,0.174246,South,Darent Valley,6.11,Darent Valley,6.11,Queen Elizabeth Woolwich,9.04,Kings College Hospital,18.53
DA14BE,51.451396,0.175268,South,Darent Valley,6.05,Darent Valley,6.05,Queen Elizabeth Woolwich,9.11,Kings College Hospital,18.6
DA14BF,51.45042,0.172573,South,Darent Valley,6.19,Darent Valley,6.19,Queen Elizabeth Woolwich,8.97,Kings College Hospital,18.43
DA14BG,51.449984,0.174308,South,Darent Valley,6.07,Darent Valley,6.07,Queen Elizabeth Woolwich,9.1,Kings College Hospital,18.56
DA14BH,51.451745,0.177285,South,Darent Valley,5.92,Darent Valley,5.92,Queen Elizabeth Woolwich,9.22,Kings College Hospital,18.74
DA14BJ,51.450176,0.17603,South,Darent Valley,5.96,Darent Valley,5.96,Queen Elizabeth Woolwich,9.2,Kings College Hospital,18.67
DA14BL,51.45162,0.174832,South,Darent Valley,6.08,Darent Valley,6.08,Queen Elizabeth Woolwich,9.07,Kings College Hospital,18.57
DA14BN,51.452702,0.172739,South,Darent Valley,6.26,Darent Valley,6.26,Queen Elizabeth Woolwich,8.89,Kings College Hospital,18.42
DA14BP,51.450493,0.172533,South,Darent Valley,6.2,Darent Valley,6.2,Queen Elizabeth Woolwich,8.96,Kings College Hospital,18.43
DA14BQ,51.450808,0.176881,South,Darent Valley,5.92,Darent Valley,5.92,Queen Elizabeth Woolwich,9.23,Kings College Hospital,18.72
DA14BS,51.451879,0.175406,South,Darent Valley,6.05,Darent Valley,6.05,Queen Elizabeth Woolwich,9.1,Kings College Hospital,18.61
DA14BT,51.452073,0.173155,South,Darent Valley,6.21,Darent Valley,6.21,Queen Elizabeth Woolwich,8.94,Kings College Hospital,18.45
DA14BU,51.45082,0.169426,South,Darent Valley,6.42,Darent Valley,6.42,Queen Elizabeth Woolwich,8.75,Kings College Hospital,18.21
DA14BW,51.452941,0.172894,South,Darent Valley,6.26,Darent Valley,6.26,Queen Elizabeth Woolwich,8.89,Kings College Hospital,18.42
DA14BX,51.45156,0.168813,South,Darent Valley,6.48,Darent Valley,6.48,Queen Elizabeth Woolwich,8.68,Kings College Hospital,18.16
DA14BY,51.452881,0.173712,South,Darent Valley,6.2,Darent Valley,6.2,Queen Elizabeth Woolwich,8.95,Kings College Hospital,18.48
DA14BZ,51.451557,0.172857,South,Darent Valley,6.21,Darent Valley,6.21,Queen Elizabeth Woolwich,8.94,Kings College Hospital,18.44
DA14DA,51.451789,0.170076,South,Darent Valley,6.4,Darent Valley,6.4,Queen Elizabeth Woolwich,8.75,Kings College Hospital,18.24
DA14DB,51.453097,0.173218,South,Darent Valley,6.24,Darent Valley,6.24,Queen Elizabeth Woolwich,8.91,Kings College Hospital,18.45
DA14DD,51.452472,0.174916,South,Darent Valley,6.11,Darent Valley,6.11,Queen Elizabeth Woolwich,9.04,Kings College Hospital,18.57
DA14DE,51.452174,0.174974,South,Darent Valley,6.09,Darent Valley,6.09,Queen Elizabeth Woolwich,9.06,Kings College Hospital,18.58
DA14DF,51.452485,0.176169,South,Darent Valley,6.02,Darent Valley,6.02,Queen Elizabeth Woolwich,9.12,Kings College Hospital,18.66
DA14DG,51.453371,0.174944,South,Darent Valley,6.14,Darent Valley,6.14,Queen Elizabeth Woolwich,9.01,Kings College Hospital,18.56
DA14DH,51.453104,0.175263,South,Darent Valley,6.11,Darent Valley,6.11,Queen Elizabeth Woolwich,9.04,Kings College Hospital,18.59
DA14DJ,51.453447,0.174271,South,Darent Valley,6.18,Darent Valley,6.18,Queen Elizabeth Woolwich,8.97,Kings College Hospital,18.51
DA14DL,51.454901,0.166625,South,Darent Valley,6.74,Darent Valley,6.74,Queen Elizabeth Woolwich,8.41,Kings College Hospital,17.97
DA14DN,51.454534,0.170408,South,Darent Valley,6.48,Darent Valley,6.48,Queen Elizabeth Woolwich,8.67,Kings College Hospital,18.24
DA14DP,51.454072,0.165751,South,Darent Valley,6.76,Darent Valley,6.76,Queen Elizabeth Woolwich,8.38,Kings College Hospital,17.92
DA14DQ,51.452907,0.17475,South,Darent Valley,6.13,Darent Valley,6.13,Queen Elizabeth Woolwich,9.02,Kings College Hospital,18.55
DA14DR,51.453311,0.165096,South,Darent Valley,6.78,Darent Valley,6.78,Queen Elizabeth Woolwich,8.37,Kings College Hospital,17.88
DA14DS,51.452168,0.169518,South,Darent Valley,6.45,Darent Valley,6.45,Queen Elizabeth Woolwich,8.7,Kings College Hospital,18.2
DA14DT,51.455187,0.169633,South,Darent Valley,6.55,Darent Valley,6.55,Queen Elizabeth Woolwich,8.6,Kings College Hospital,18.18
DA14DU,51.451977,0.176879,South,Darent Valley,5.96,Darent Valley,5.96,Queen Elizabeth Woolwich,9.19,Kings College Hospital,18.71
DA14DW,51.454011,0.166151,South,Darent Valley,6.74,Darent Valley,6.74,Queen Elizabeth Woolwich,8.41,Kings College Hospital,17.95
DA14DX,51.452087,0.173372,South,Darent Valley,6.19,Darent Valley,6.19,Queen Elizabeth Woolwich,8.96,Kings College Hospital,18.47
DA14DY,51.453818,0.17462,South,Darent Valley,6.17,Darent Valley,6.17,Queen Elizabeth Woolwich,8.98,Kings College Hospital,18.53
DA14DZ,51.453956,0.172036,South,Darent Valley,6.35,Darent Valley,6.35,Queen Elizabeth Woolwich,8.8,Kings College Hospital,18.35
DA14EA,51.454208,0.174408,South,Darent Valley,6.2,Darent Valley,6.2,Queen Elizabeth Woolwich,8.95,Kings College Hospital,18.52
DA14EB,51.451717,0.171037,South,Darent Valley,6.34,Darent Valley,6.34,Queen Elizabeth Woolwich,8.82,Kings College Hospital,18.31
DA14ED,51.452872,0.176159,South,Darent Valley,6.04,Darent Valley,6.04,Queen Elizabeth Woolwich,9.11,Kings College Hospital,18.65
DA14EE,51.452998,0.177143,South,Darent Valley,5.98,Darent Valley,5.98,Queen Elizabeth Woolwich,9.17,Kings College Hospital,18.72
DA14EF,51.453318,0.176856,South,Darent Valley,6.01,Darent Valley,6.01,Queen Elizabeth Woolwich,9.14,Kings College Hospital,18.69
DA14EG,51.450096,0.180344,South,Darent Valley,5.67,Darent Valley,5.67,Queen Elizabeth Woolwich,9.49,Kings College Hospital,18.97
DA14EH,51.450612,0.181118,South,Darent Valley,5.63,Darent Valley,5.63,Queen Elizabeth Woolwich,9.52,Kings College Hospital,19.02
DA14EJ,51.453455,0.176215,South,Darent Valley,6.06,Darent Valley,6.06,Queen Elizabeth Woolwich,9.09,Kings College Hospital,18.65
DA14EL,51.453207,0.176016,South,Darent Valley,6.06,Darent Valley,6.06,Queen Elizabeth Woolwich,9.09,Kings College Hospital,18.64
DA14EN,51.450646,0.17303,South,Darent Valley,6.17,Darent Valley,6.17,Queen Elizabeth Woolwich,8.99,Kings College Hospital,18.46
DA14EP,51.454419,0.173238,South,Darent Valley,6.29,Darent Valley,6.29,Queen Elizabeth Woolwich,8.86,Kings College Hospital,18.43
DA14ER,51.450116,0.181223,South,Darent Valley,5.61,Darent Valley,5.61,Queen Elizabeth Woolwich,9.54,Kings College Hospital,19.03
DA14ES,51.451196,0.17877,South,Darent Valley,5.81,Darent Valley,5.81,Queen Elizabeth Woolwich,9.34,Kings College Hospital,18.85
DA14ET,51.456206,0.172402,South,Darent Valley,6.41,Darent Valley,6.41,Queen Elizabeth Woolwich,8.75,Kings College Hospital,18.36
DA14EU,51.454952,0.172141,South,Darent Valley,6.38,Darent Valley,6.38,Queen Elizabeth Woolwich,8.77,Kings College Hospital,18.35
DA14EW,51.452872,0.176159,South,Darent Valley,6.04,Darent Valley,6.04,Queen Elizabeth Woolwich,9.11,Kings College Hospital,18.65
DA14EX,51.457208,0.171715,South,Darent Valley,6.5,Darent Valley,6.5,Queen Elizabeth Woolwich,8.67,Kings College Hospital,18.3
DA14EY,51.450779,0.179413,South,Darent Valley,5.75,Darent Valley,5.75,Queen Elizabeth Woolwich,9.4,Kings College Hospital,18.9
DA14EZ,51.451613,0.172299,South,Darent Valley,6.25,Darent Valley,6.25,Queen Elizabeth Woolwich,8.9,Kings College Hospital,18.4
DA14FA,51.452069,0.188873,South,Darent Valley,5.18,Darent Valley,5.18,Queen Elizabeth Woolwich,9.98,Kings College Hospital,19.54
DA14FB,51.460163,0.178723,South,Darent Valley,6.19,Darent Valley,6.19,Queen Elizabeth Woolwich,9.06,Kings College Hospital,18.77
DA14FD,51.460425,0.178634,South,Darent Valley,6.21,Darent Valley,6.21,Queen Elizabeth Woolwich,9.05,Kings College Hospital,18.76
DA14FE,51.459817,0.177972,South,Darent Valley,6.22,Darent Valley,6.22,Queen Elizabeth Woolwich,9.02,Kings College Hospital,18.72
DA14FF,51.459907,0.179416,South,Darent Valley,6.13,Darent Valley,6.13,Queen Elizabeth Woolwich,9.11,Kings College Hospital,18.82
DA14FG,51.460602,0.178815,South,Darent Valley,6.2,Darent Valley,6.2,Queen Elizabeth Woolwich,9.05,Kings College Hospital,18.77
DA14FH,51.449601,0.180868,South,Darent Valley,5.62,Darent Valley,5.62,Queen Elizabeth Woolwich,9.54,Kings College Hospital,19.01
DA14FJ,51.449209,0.180187,South,Darent Valley,5.65,Darent Valley,5.65,Queen Elizabeth Woolwich,9.51,Kings College Hospital,18.97
DA14FL,51.450953,0.187913,South,Darent Valley,5.2,Darent Valley,5.2,Queen Elizabeth Woolwich,9.95,Kings College Hospital,19.48
DA14FN,51.450202,0.180479,South,Darent Valley,5.66,Darent Valley,5.66,Queen Elizabeth Woolwich,9.49,Kings College Hospital,18.98
DA14FP,51.451695,0.190079,South,Darent Valley,5.09,Darent Valley,5.09,Queen Elizabeth Woolwich,10.07,Kings College Hospital,19.62
DA14FQ,51.451589,0.191441,South,Darent Valley,4.99,Darent Valley,4.99,Queen Elizabeth Woolwich,10.16,Kings College Hospital,19.72
DA14FR,51.451098,0.190309,South,Darent Valley,5.05,Darent Valley,5.05,Queen Elizabeth Woolwich,10.1,Kings College Hospital,19.65
DA14FS,51.451452,0.190614,South,Darent Valley,5.04,Darent Valley,5.04,Queen Elizabeth Woolwich,10.11,Kings College Hospital,19.66
DA14FT,51.451838,0.187739,South,Darent Valley,5.24,Darent Valley,5.24,Queen Elizabeth Woolwich,9.91,Kings College Hospital,19.46
DA14FU,51.451915,0.176847,South,Darent Valley,5.96,Darent Valley,5.96,Queen Elizabeth Woolwich,9.19,Kings College Hospital,18.71
DA14FW,51.450849,0.190139,South,Darent Valley,5.05,Darent Valley,5.05,Queen Elizabeth Woolwich,10.1,Kings College Hospital,19.64
DA14FX,51.451377,0.18979,South,Darent Valley,5.09,Darent Valley,5.09,Queen Elizabeth Woolwich,10.06,Kings College Hospital,19.61
DA14FY,51.450768,0.178088,South,Darent Valley,5.84,Darent Valley,5.84,Queen Elizabeth Woolwich,9.31,Kings College Hospital,18.81
DA14FZ,51.454176,0.180525,South,Darent Valley,5.8,Darent Valley,5.8,Queen Elizabeth Woolwich,9.35,Kings College Hospital,18.94
DA14GA,51.461451,0.191136,South,Darent Valley,5.51,Darent Valley,5.51,Queen Elizabeth Woolwich,9.87,Kings College Hospital,19.62
DA14GB,51.448212,0.177218,South,Darent Valley,5.82,Darent Valley,5.82,Queen Elizabeth Woolwich,9.36,Kings College Hospital,18.78
DA14GD,51.452602,0.178089,South,Darent Valley,5.9,Darent Valley,5.9,Queen Elizabeth Woolwich,9.25,Kings College Hospital,18.79
DA14GE,51.449693,0.183189,South,Darent Valley,5.47,Darent Valley,5.47,Queen Elizabeth Woolwich,9.69,Kings College Hospital,19.17
DA14GF,51.453479,0.177828,South,Darent Valley,5.95,Darent Valley,5.95,Queen Elizabeth Woolwich,9.2,Kings College Hospital,18.76
DA14GL,51.45254,0.173221,South,Darent Valley,6.22,Darent Valley,6.22,Queen Elizabeth Woolwich,8.93,Kings College Hospital,18.45
DA14GN,51.453252,0.193421,South,Darent Valley,4.94,Darent Valley,4.94,Queen Elizabeth Woolwich,10.24,Kings College Hospital,19.84
DA14GP,51.453444,0.194222,South,Darent Valley,4.9,Darent Valley,4.9,Queen Elizabeth Woolwich,10.29,Kings College Hospital,19.89
DA14GQ,51.450767,0.18491,South,Darent Valley,5.39,Darent Valley,5.39,Queen Elizabeth Woolwich,9.76,Kings College Hospital,19.28
DA14GR,51.453444,0.194222,South,Darent Valley,4.9,Darent Valley,4.9,Queen Elizabeth Woolwich,10.29,Kings College Hospital,19.89
DA14HA,51.451191,0.179533,South,Darent Valley,5.76,Darent Valley,5.76,Queen Elizabeth Woolwich,9.39,Kings College Hospital,18.9
DA14HB,51.457898,0.172799,South,Darent Valley,6.46,Darent Valley,6.46,Queen Elizabeth Woolwich,8.72,Kings College Hospital,18.37
DA14HD,51.451552,0.17896,South,Darent Valley,5.81,Darent Valley,5.81,Queen Elizabeth Woolwich,9.34,Kings College Hospital,18.86
DA14HE,51.451947,0.177554,South,Darent Valley,5.91,Darent Valley,5.91,Queen Elizabeth Woolwich,9.24,Kings College Hospital,18.76
DA14HF,51.449181,0.174414,South,Darent Valley,6.04,Darent Valley,6.04,Queen Elizabeth Woolwich,9.14,Kings College Hospital,18.57
DA14HG,51.452411,0.177749,South,Darent Valley,5.92,Darent Valley,5.92,Queen Elizabeth Woolwich,9.23,Kings College Hospital,18.76
DA14HH,51.452309,0.177398,South,Darent Valley,5.94,Darent Valley,5.94,Queen Elizabeth Woolwich,9.21,Kings College Hospital,18.74
DA14HJ,51.454722,0.173368,South,Darent Valley,6.29,Darent Valley,6.29,Queen Elizabeth Woolwich,8.86,Kings College Hospital,18.44
DA14HL,51.450853,0.179315,South,Darent Valley,5.76,Darent Valley,5.76,Queen Elizabeth Woolwich,9.39,Kings College Hospital,18.89
DA14HN,51.449538,0.175539,South,Darent Valley,5.97,Darent Valley,5.97,Queen Elizabeth Woolwich,9.19,Kings College Hospital,18.65
DA14HP,51.45086,0.177963,South,Darent Valley,5.85,Darent Valley,5.85,Queen Elizabeth Woolwich,9.3,Kings College Hospital,18.8
DA14HQ,51.451947,0.177554,South,Darent Valley,5.91,Darent Valley,5.91,Queen Elizabeth Woolwich,9.24,Kings College Hospital,18.76
DA14HR,51.448464,0.176726,South,Darent Valley,5.86,Darent Valley,5.86,Queen Elizabeth Woolwich,9.31,Kings College Hospital,18.74
DA14HS,51.452245,0.182318,South,Darent Valley,5.61,Darent Valley,5.61,Queen Elizabeth Woolwich,9.54,Kings College Hospital,19.08
DA14HT,51.45214,0.183623,South,Darent Valley,5.52,Darent Valley,5.52,Queen Elizabeth Woolwich,9.63,Kings College Hospital,19.17
DA14HU,51.451867,0.181868,South,Darent Valley,5.63,Darent Valley,5.63,Queen Elizabeth Woolwich,9.52,Kings College Hospital,19.05
DA14HW,51.44941,0.178556,South,Darent Valley,5.77,Darent Valley,5.77,Queen Elizabeth Woolwich,9.4,Kings College Hospital,18.86
DA14HX,51.45184,0.183306,South,Darent Valley,5.53,Darent Valley,5.53,Queen Elizabeth Woolwich,9.62,Kings College Hospital,19.15
DA14HY,51.45168,0.180276,South,Darent Valley,5.73,Darent Valley,5.73,Queen Elizabeth Woolwich,9.42,Kings College Hospital,18.95
DA14HZ,51.451867,0.181868,South,Darent Valley,5.63,Darent Valley,5.63,Queen Elizabeth Woolwich,9.52,Kings College Hospital,19.05
DA14JA,51.452036,0.17953,South,Darent Valley,5.79,Darent Valley,5.79,Queen Elizabeth Woolwich,9.36,Kings College Hospital,18.89
DA14JD,51.45263,0.179011,South,Darent Valley,5.84,Darent Valley,5.84,Queen Elizabeth Woolwich,9.31,Kings College Hospital,18.85
DA14JF,51.45184,0.183306,South,Darent Valley,5.53,Darent Valley,5.53,Queen Elizabeth Woolwich,9.62,Kings College Hospital,19.15
DA14JG,51.450968,0.181825,South,Darent Valley,5.6,Darent Valley,5.6,Queen Elizabeth Woolwich,9.55,Kings College Hospital,19.06
DA14JH,51.451893,0.18043,South,Darent Valley,5.72,Darent Valley,5.72,Queen Elizabeth Woolwich,9.43,Kings College Hospital,18.96
DA14JJ,51.452298,0.178477,South,Darent Valley,5.87,Darent Valley,5.87,Queen Elizabeth Woolwich,9.28,Kings College Hospital,18.82
DA14JL,51.453951,0.181478,South,Darent Valley,5.73,Darent Valley,5.73,Queen Elizabeth Woolwich,9.42,Kings College Hospital,19.01
DA14JP,51.453794,0.182176,South,Darent Valley,5.68,Darent Valley,5.68,Queen Elizabeth Woolwich,9.48,Kings College Hospital,19.06
DA14JR,51.453216,0.178478,South,Darent Valley,5.9,Darent Valley,5.9,Queen Elizabeth Woolwich,9.25,Kings College Hospital,18.81
DA14JS,51.454223,0.184759,South,Darent Valley,5.53,Darent Valley,5.53,Queen Elizabeth Woolwich,9.63,Kings College Hospital,19.23
DA14JT,51.455,0.185976,South,Darent Valley,5.49,Darent Valley,5.49,Queen Elizabeth Woolwich,9.69,Kings College Hospital,19.31
DA14JU,51.454701,0.186135,South,Darent Valley,5.47,Darent Valley,5.47,Queen Elizabeth Woolwich,9.71,Kings College Hospital,19.32
DA14JW,51.450968,0.181825,South,Darent Valley,5.6,Darent Valley,5.6,Queen Elizabeth Woolwich,9.55,Kings College Hospital,19.06
DA14JX,51.454776,0.187405,South,Darent Valley,5.39,Darent Valley,5.39,Queen Elizabeth Woolwich,9.79,Kings College Hospital,19.41
DA14JY,51.453293,0.183001,South,Darent Valley,5.61,Darent Valley,5.61,Queen Elizabeth Woolwich,9.55,Kings College Hospital,19.12
DA14JZ,51.454027,0.187067,South,Darent Valley,5.38,Darent Valley,5.38,Queen Elizabeth Woolwich,9.79,Kings College Hospital,19.39
DA14LA,51.451399,0.18281,South,Darent Valley,5.55,Darent Valley,5.55,Queen Elizabeth Woolwich,9.6,Kings College Hospital,19.12
DA14LB,51.451132,0.183661,South,Darent Valley,5.48,Darent Valley,5.48,Queen Elizabeth Woolwich,9.66,Kings College Hospital,19.19
DA14LD,51.451254,0.181465,South,Darent Valley,5.63,Darent Valley,5.63,Queen Elizabeth Woolwich,9.52,Kings College Hospital,19.03
DA14LE,51.45466,0.190235,South,Darent Valley,5.2,Darent Valley,5.2,Queen Elizabeth Woolwich,9.98,Kings College Hospital,19.6
DA14LF,51.454219,0.186399,South,Darent Valley,5.43,Darent Valley,5.43,Queen Elizabeth Woolwich,9.74,Kings College Hospital,19.34
DA14LG,51.454348,0.190076,South,Darent Valley,5.2,Darent Valley,5.2,Queen Elizabeth Woolwich,9.98,Kings College Hospital,19.6
DA14LH,51.455767,0.182961,South,Darent Valley,5.71,Darent Valley,5.71,Queen Elizabeth Woolwich,9.47,Kings College Hospital,19.09
DA14LJ,51.452819,0.179035,South,Darent Valley,5.85,Darent Valley,5.85,Queen Elizabeth Woolwich,9.3,Kings College Hospital,18.85
DA14LP,51.457178,0.194113,South,Darent Valley,5.09,Darent Valley,5.09,Queen Elizabeth Woolwich,10.17,Kings College Hospital,19.85
DA14LQ,51.453548,0.18238,South,Darent Valley,5.66,Darent Valley,5.66,Queen Elizabeth Woolwich,9.5,Kings College Hospital,19.07
DA14LR,51.45489,0.193341,South,Darent Valley,5.02,Darent Valley,5.02,Queen Elizabeth Woolwich,10.19,Kings College Hospital,19.82
DA14LS,51.45479,0.194373,South,Darent Valley,4.95,Darent Valley,4.95,Queen Elizabeth Woolwich,10.26,Kings College Hospital,19.89
DA14LT,51.454944,0.192394,South,Darent Valley,5.08,Darent Valley,5.08,Queen Elizabeth Woolwich,10.12,Kings College Hospital,19.75
DA14LU,51.454069,0.192524,South,Darent Valley,5.03,Darent Valley,5.03,Queen Elizabeth Woolwich,10.16,Kings College Hospital,19.77
DA14LW,51.450995,0.180387,South,Darent Valley,5.69,Darent Valley,5.69,Queen Elizabeth Woolwich,9.46,Kings College Hospital,18.96
DA14LX,51.454048,0.191746,South,Darent Valley,5.08,Darent Valley,5.08,Queen Elizabeth Woolwich,10.1,Kings College Hospital,19.71
DA14LY,51.459376,0.191497,South,Darent Valley,5.37,Darent Valley,5.37,Queen Elizabeth Woolwich,9.94,Kings College Hospital,19.66
DA14LZ,51.458106,0.193049,South,Darent Valley,5.2,Darent Valley,5.2,Queen Elizabeth Woolwich,10.08,Kings College Hospital,19.77
DA14NA,51.453667,0.19239,South,Darent Valley,5.02,Darent Valley,5.02,Queen Elizabeth Woolwich,10.16,Kings College Hospital,19.76
DA14NB,51.454183,0.190731,South,Darent Valley,5.15,Darent Valley,5.15,Queen Elizabeth Woolwich,10.03,Kings College Hospital,19.64
DA14ND,51.45321,0.191807,South,Darent Valley,5.04,Darent Valley,5.04,Queen Elizabeth Woolwich,10.13,Kings College Hospital,19.73
DA14NE,51.453938,0.191338,South,Darent Valley,5.1,Darent Valley,5.1,Queen Elizabeth Woolwich,10.08,Kings College Hospital,19.69
DA14NF,51.455141,0.190978,South,Darent Valley,5.18,Darent Valley,5.18,Queen Elizabeth Woolwich,10.02,Kings College Hospital,19.65
DA14NG,51.455184,0.191556,South,Darent Valley,5.15,Darent Valley,5.15,Queen Elizabeth Woolwich,10.06,Kings College Hospital,19.69
DA14NH,51.455451,0.193656,South,Darent Valley,5.03,Darent Valley,5.03,Queen Elizabeth Woolwich,10.19,Kings College Hospital,19.83
DA14NJ,51.455803,0.193601,South,Darent Valley,5.05,Darent Valley,5.05,Queen Elizabeth Woolwich,10.18,Kings College Hospital,19.83
DA14NL,51.455943,0.191851,South,Darent Valley,5.16,Darent Valley,5.16,Queen Elizabeth Woolwich,10.06,Kings College Hospital,19.71
DA14NN,51.455751,0.188675,South,Darent Valley,5.35,Darent Valley,5.35,Queen Elizabeth Woolwich,9.85,Kings College Hospital,19.49
DA14NP,51.455537,0.190018,South,Darent Valley,5.26,Darent Valley,5.26,Queen Elizabeth Woolwich,9.94,Kings College Hospital,19.58
DA14NQ,51.45597,0.191349,South,Darent Valley,5.2,Darent Valley,5.2,Queen Elizabeth Woolwich,10.02,Kings College Hospital,19.67
DA14NR,51.453762,0.190192,South,Darent Valley,5.17,Darent Valley,5.17,Queen Elizabeth Woolwich,10.01,Kings College Hospital,19.61
DA14NS,51.456078,0.192793,South,Darent Valley,5.11,Darent Valley,5.11,Queen Elizabeth Woolwich,10.11,Kings College Hospital,19.77
DA14NW,51.455009,0.188899,South,Darent Valley,5.3,Darent Valley,5.3,Queen Elizabeth Woolwich,9.89,Kings College Hospital,19.51
DA14PA,51.456382,0.190505,South,Darent Valley,5.27,Darent Valley,5.27,Queen Elizabeth Woolwich,9.95,Kings College Hospital,19.61
DA14PB,51.456675,0.19072,South,Darent Valley,5.27,Darent Valley,5.27,Queen Elizabeth Woolwich,9.96,Kings College Hospital,19.62
DA14PD,51.457877,0.188935,South,Darent Valley,5.44,Darent Valley,5.44,Queen Elizabeth Woolwich,9.81,Kings College Hospital,19.49
DA14PE,51.456479,0.193489,South,Darent Valley,5.09,Darent Valley,5.09,Queen Elizabeth Woolwich,10.15,Kings College Hospital,19.81
DA14PF,51.4568,0.192698,South,Darent Valley,5.16,Darent Valley,5.16,Queen Elizabeth Woolwich,10.09,Kings College Hospital,19.76
DA14PG,51.457271,0.188172,South,Darent Valley,5.46,Darent Valley,5.46,Queen Elizabeth Woolwich,9.77,Kings College Hospital,19.44
DA14PH,51.458015,0.189273,South,Darent Valley,5.43,Darent Valley,5.43,Queen Elizabeth Woolwich,9.83,Kings College Hospital,19.51
DA14PJ,51.459048,0.188833,South,Darent Valley,5.51,Darent Valley,5.51,Queen Elizabeth Woolwich,9.77,Kings College Hospital,19.48
DA14PL,51.460089,0.189934,South,Darent Valley,5.5,Darent Valley,5.5,Queen Elizabeth Woolwich,9.82,Kings College Hospital,19.55
DA14PN,51.458452,0.191871,South,Darent Valley,5.29,Darent Valley,5.29,Queen Elizabeth Woolwich,9.99,Kings College Hospital,19.69
DA14PP,51.460174,0.189232,South,Darent Valley,5.55,Darent Valley,5.55,Queen Elizabeth Woolwich,9.77,Kings College Hospital,19.5
DA14PQ,51.457501,0.189838,South,Darent Valley,5.37,Darent Valley,5.37,Queen Elizabeth Woolwich,9.88,Kings College Hospital,19.55
DA14PR,51.460469,0.188829,South,Darent Valley,5.59,Darent Valley,5.59,Queen Elizabeth Woolwich,9.74,Kings College Hospital,19.47
DA14PS,51.460207,0.190371,South,Darent Valley,5.48,Darent Valley,5.48,Queen Elizabeth Woolwich,9.85,Kings College Hospital,19.57
DA14PT,51.457991,0.190539,South,Darent Valley,5.35,Darent Valley,5.35,Queen Elizabeth Woolwich,9.91,Kings College Hospital,19.6
DA14PU,51.458082,0.19191,South,Darent Valley,5.27,Darent Valley,5.27,Queen Elizabeth Woolwich,10.0,Kings College Hospital,19.69
DA14PW,51.458524,0.188462,South,Darent Valley,5.5,Darent Valley,5.5,Queen Elizabeth Woolwich,9.76,Kings College Hospital,19.45
DA14PX,51.45707,0.192193,South,Darent Valley,5.2,Darent Valley,5.2,Queen Elizabeth Woolwich,10.05,Kings College Hospital,19.72
DA14PY,51.457634,0.192306,South,Darent Valley,5.22,Darent Valley,5.22,Queen Elizabeth Woolwich,10.04,Kings College Hospital,19.72
DA14PZ,51.457227,0.192474,South,Darent Valley,5.19,Darent Valley,5.19,Queen Elizabeth Woolwich,10.06,Kings College Hospital,19.74
DA14QD,51.457043,0.193631,South,Darent Valley,5.11,Darent Valley,5.11,Queen Elizabeth Woolwich,10.14,Kings College Hospital,19.82
DA14QE,51.459765,0.192322,South,Darent Valley,5.34,Darent Valley,5.34,Queen Elizabeth Woolwich,9.99,Kings College Hospital,19.71
DA14QF,51.457257,0.196607,South,Darent Valley,4.94,Darent Valley,4.94,Queen Elizabeth Woolwich,10.34,Kings College Hospital,20.02
DA14QG,51.457683,0.198341,South,Darent Valley,4.86,Darent Valley,4.86,Queen Elizabeth Woolwich,10.45,Kings College Hospital,20.14
DA14QH,51.457257,0.196607,South,Darent Valley,4.94,Darent Valley,4.94,Queen Elizabeth Woolwich,10.34,Kings College Hospital,20.02
DA14QJ,51.457359,0.195028,South,Darent Valley,5.04,Darent Valley,5.04,Queen Elizabeth Woolwich,10.23,Kings College Hospital,19.91
DA14QL,51.463903,0.18358,South,Darent Valley,6.09,Darent Valley,6.09,Queen Elizabeth Woolwich,9.3,Kings College Hospital,19.09
DA14QN,51.461187,0.19419,South,Darent Valley,5.31,Darent Valley,5.31,Queen Elizabeth Woolwich,10.08,Kings College Hospital,19.83
DA14QP,51.458819,0.193875,South,Darent Valley,5.19,Darent Valley,5.19,Queen Elizabeth Woolwich,10.12,Kings College Hospital,19.83
DA14QQ,51.457861,0.197989,South,Darent Valley,4.89,Darent Valley,4.89,Queen Elizabeth Woolwich,10.42,Kings College Hospital,20.12
DA14QR,51.459765,0.192322,South,Darent Valley,5.34,Darent Valley,5.34,Queen Elizabeth Woolwich,9.99,Kings College Hospital,19.71
DA14QS,51.461136,0.179561,South,Darent Valley,6.19,Darent Valley,6.19,Queen Elizabeth Woolwich,9.09,Kings College Hospital,18.82
DA14QT,51.461786,0.193931,South,Darent Valley,5.36,Darent Valley,5.36,Queen Elizabeth Woolwich,10.05,Kings College Hospital,19.81
DA14QU,51.463875,0.18365,South,Darent Valley,6.09,Darent Valley,6.09,Queen Elizabeth Woolwich,9.31,Kings College Hospital,19.09
DA14QW,51.459765,0.192322,South,Darent Valley,5.34,Darent Valley,5.34,Queen Elizabeth Woolwich,9.99,Kings College Hospital,19.71
DA14QX,51.462345,0.191927,South,Darent Valley,5.51,Darent Valley,5.51,Queen Elizabeth Woolwich,9.9,Kings College Hospital,19.67
DA14QY,51.460691,0.190927,South,Darent Valley,5.47,Darent Valley,5.47,Queen Elizabeth Woolwich,9.87,Kings College Hospital,19.61
DA14QZ,51.463684,0.184246,South,Darent Valley,6.04,Darent Valley,6.04,Queen Elizabeth Woolwich,9.35,Kings College Hospital,19.14
DA14RA,51.46391,0.181766,South,Darent Valley,6.2,Darent Valley,6.2,Queen Elizabeth Woolwich,9.18,Kings College Hospital,18.96
DA14RB,51.462491,0.180705,South,Darent Valley,6.19,Darent Valley,6.19,Queen Elizabeth Woolwich,9.14,Kings College Hospital,18.9
DA14RD,51.4624,0.181233,South,Darent Valley,6.15,Darent Valley,6.15,Queen Elizabeth Woolwich,9.18,Kings College Hospital,18.93
DA14RE,51.46393,0.184574,South,Darent Valley,6.04,Darent Valley,6.04,Queen Elizabeth Woolwich,9.37,Kings College Hospital,19.16
DA14RF,51.456341,0.198953,South,Darent Valley,4.75,Darent Valley,4.75,Queen Elizabeth Woolwich,10.52,Kings College Hospital,20.19
DA14RG,51.463741,0.185026,South,Darent Valley,6.0,Darent Valley,6.0,Queen Elizabeth Woolwich,9.41,Kings College Hospital,19.19
DA14RH,51.458043,0.175181,South,Darent Valley,6.31,Darent Valley,6.31,Queen Elizabeth Woolwich,8.88,Kings College Hospital,18.54
DA14RJ,51.455749,0.177145,South,Darent Valley,6.09,Darent Valley,6.09,Queen Elizabeth Woolwich,9.08,Kings College Hospital,18.69
DA14RL,51.455399,0.175674,South,Darent Valley,6.17,Darent Valley,6.17,Queen Elizabeth Woolwich,8.99,Kings College Hospital,18.59
DA14RN,51.454898,0.178429,South,Darent Valley,5.97,Darent Valley,5.97,Queen Elizabeth Woolwich,9.19,Kings College Hospital,18.79
DA14RP,51.453886,0.178697,South,Darent Valley,5.91,Darent Valley,5.91,Queen Elizabeth Woolwich,9.24,Kings College Hospital,18.82
DA14RQ,51.463838,0.186586,South,Darent Valley,5.91,Darent Valley,5.91,Queen Elizabeth Woolwich,9.51,Kings College Hospital,19.3
DA14RR,51.455237,0.184865,South,Darent Valley,5.57,Darent Valley,5.57,Queen Elizabeth Woolwich,9.61,Kings College Hospital,19.23
DA14RS,51.455234,0.18308,South,Darent Valley,5.68,Darent Valley,5.68,Queen Elizabeth Woolwich,9.49,Kings College Hospital,19.11
DA14RT,51.454646,0.182332,South,Darent Valley,5.71,Darent Valley,5.71,Queen Elizabeth Woolwich,9.46,Kings College Hospital,19.06
DA14RU,51.455849,0.183886,South,Darent Valley,5.66,Darent Valley,5.66,Queen Elizabeth Woolwich,9.53,Kings College Hospital,19.16
DA14RW,51.454479,0.177271,South,Darent Valley,6.03,Darent Valley,6.03,Queen Elizabeth Woolwich,9.13,Kings College Hospital,18.71
DA14RX,51.456042,0.189927,South,Darent Valley,5.29,Darent Valley,5.29,Queen Elizabeth Woolwich,9.92,Kings College Hospital,19.57
DA14RY,51.455983,0.181978,South,Darent Valley,5.79,Darent Valley,5.79,Queen Elizabeth Woolwich,9.39,Kings College Hospital,19.02
DA14RZ,51.455544,0.181928,South,Darent Valley,5.77,Darent Valley,5.77,Queen Elizabeth Woolwich,9.4,Kings College Hospital,19.02
DA14SA,51.454278,0.17696,South,Darent Valley,6.04,Darent Valley,6.04,Queen Elizabeth Woolwich,9.12,Kings College Hospital,18.69
DA14SB,51.463741,0.185026,South,Darent Valley,6.0,Darent Valley,6.0,Queen Elizabeth Woolwich,9.41,Kings College Hospital,19.19
DA14SD,51.461549,0.195057,South,Darent Valley,5.28,Darent Valley,5.28,Queen Elizabeth Woolwich,10.13,Kings College Hospital,19.89
DA14SE,51.463092,0.186089,South,Darent Valley,5.9,Darent Valley,5.9,Queen Elizabeth Woolwich,9.49,Kings College Hospital,19.27
DA14SF,51.463092,0.186089,South,Darent Valley,5.9,Darent Valley,5.9,Queen Elizabeth Woolwich,9.49,Kings College Hospital,19.27
DA14SG,51.463092,0.186089,South,Darent Valley,5.9,Darent Valley,5.9,Queen Elizabeth Woolwich,9.49,Kings College Hospital,19.27
DA14SH,51.460621,0.179723,South,Darent Valley,6.15,Darent Valley,6.15,Queen Elizabeth Woolwich,9.12,Kings College Hospital,18.84
DA14SJ,51.456062,0.18499,South,Darent Valley,5.6,Darent Valley,5.6,Queen Elizabeth Woolwich,9.59,Kings College Hospital,19.23
DA14SL,51.463721,0.186148,South,Darent Valley,5.93,Darent Valley,5.93,Queen Elizabeth Woolwich,9.48,Kings College Hospital,19.27
DA14SN,51.460485,0.182639,South,Darent Valley,5.96,Darent Valley,5.96,Queen Elizabeth Woolwich,9.32,Kings College Hospital,19.04
DA14SP,51.461199,0.181018,South,Darent Valley,6.1,Darent Valley,6.1,Queen Elizabeth Woolwich,9.19,Kings College Hospital,18.92
DA14SQ,51.463196,0.184842,South,Darent Valley,5.98,Darent Valley,5.98,Queen Elizabeth Woolwich,9.4,Kings College Hospital,19.18
DA14SR,51.461685,0.180537,South,Darent Valley,6.15,Darent Valley,6.15,Queen Elizabeth Woolwich,9.14,Kings College Hospital,18.89
DA14SS,51.461482,0.182226,South,Darent Valley,6.04,Darent Valley,6.04,Queen Elizabeth Woolwich,9.26,Kings College Hospital,19.0
DA14ST,51.461214,0.182127,South,Darent Valley,6.03,Darent Valley,6.03,Queen Elizabeth Woolwich,9.26,Kings College Hospital,19.0
DA14SU,51.46225,0.187834,South,Darent Valley,5.75,Darent Valley,5.75,Queen Elizabeth Woolwich,9.63,Kings College Hospital,19.39
DA14SW,51.460442,0.181572,South,Darent Valley,6.03,Darent Valley,6.03,Queen Elizabeth Woolwich,9.24,Kings College Hospital,18.96
DA14SX,51.460278,0.181204,South,Darent Valley,6.04,Darent Valley,6.04,Queen Elizabeth Woolwich,9.22,Kings College Hospital,18.94
DA14SY,51.462481,0.185599,South,Darent Valley,5.89,Darent Valley,5.89,Queen Elizabeth Woolwich,9.47,Kings College Hospital,19.23
DA14SZ,51.462537,0.185012,South,Darent Valley,5.93,Darent Valley,5.93,Queen Elizabeth Woolwich,9.43,Kings College Hospital,19.19
DA14TA,51.462268,0.185906,South,Darent Valley,5.86,Darent Valley,5.86,Queen Elizabeth Woolwich,9.5,Kings College Hospital,19.26
DA14TB,51.462834,0.186926,South,Darent Valley,5.83,Darent Valley,5.83,Queen Elizabeth Woolwich,9.55,Kings College Hospital,19.32
DA14TD,51.461982,0.187246,South,Darent Valley,5.77,Darent Valley,5.77,Queen Elizabeth Woolwich,9.59,Kings College Hospital,19.35
DA14TE,51.455214,0.180776,South,Darent Valley,5.83,Darent Valley,5.83,Queen Elizabeth Woolwich,9.34,Kings College Hospital,18.95
DA14TF,51.46393,0.184574,South,Darent Valley,6.04,Darent Valley,6.04,Queen Elizabeth Woolwich,9.37,Kings College Hospital,19.16
DA14TG,51.455342,0.178752,South,Darent Valley,5.97,Darent Valley,5.97,Queen Elizabeth Woolwich,9.2,Kings College Hospital,18.81
DA14TH,51.461739,0.186788,South,Darent Valley,5.78,Darent Valley,5.78,Queen Elizabeth Woolwich,9.57,Kings College Hospital,19.32
DA14TJ,51.461372,0.187188,South,Darent Valley,5.74,Darent Valley,5.74,Queen Elizabeth Woolwich,9.6,Kings College Hospital,19.35
DA14TL,51.462046,0.186255,South,Darent Valley,5.83,Darent Valley,5.83,Queen Elizabeth Woolwich,9.52,Kings College Hospital,19.28
DA14TN,51.455522,0.179192,South,Darent Valley,5.94,Darent Valley,5.94,Queen Elizabeth Woolwich,9.22,Kings College Hospital,18.83
DA14TP,51.455575,0.180231,South,Darent Valley,5.88,Darent Valley,5.88,Queen Elizabeth Woolwich,9.29,Kings College Hospital,18.91
DA14TQ,51.463778,0.18546,South,Darent Valley,5.98,Darent Valley,5.98,Queen Elizabeth Woolwich,9.43,Kings College Hospital,19.22
DA14TR,51.45596,0.179847,South,Darent Valley,5.92,Darent Valley,5.92,Queen Elizabeth Woolwich,9.25,Kings College Hospital,18.88
DA14TS,51.456114,0.186548,South,Darent Valley,5.5,Darent Valley,5.5,Queen Elizabeth Woolwich,9.7,Kings College Hospital,19.34
DA14TT,51.456225,0.187359,South,Darent Valley,5.46,Darent Valley,5.46,Queen Elizabeth Woolwich,9.75,Kings College Hospital,19.39
DA14TU,51.461697,0.185216,South,Darent Valley,5.87,Darent Valley,5.87,Queen Elizabeth Woolwich,9.46,Kings College Hospital,19.21
DA14UA,51.455695,0.182972,South,Darent Valley,5.71,Darent Valley,5.71,Queen Elizabeth Woolwich,9.47,Kings College Hospital,19.09
DA14UD,51.455695,0.182972,South,Darent Valley,5.71,Darent Valley,5.71,Queen Elizabeth Woolwich,9.47,Kings College Hospital,19.09
DA14UG,51.461697,0.185216,South,Darent Valley,5.87,Darent Valley,5.87,Queen Elizabeth Woolwich,9.46,Kings College Hospital,19.21
DA14UJ,51.461697,0.185216,South,Darent Valley,5.87,Darent Valley,5.87,Queen Elizabeth Woolwich,9.46,Kings College Hospital,19.21
DA14UL,51.461697,0.185216,South,Darent Valley,5.87,Darent Valley,5.87,Queen Elizabeth Woolwich,9.46,Kings College Hospital,19.21
DA14UN,51.455767,0.182961,South,Darent Valley,5.71,Darent Valley,5.71,Queen Elizabeth Woolwich,9.47,Kings College Hospital,19.09
DA14UQ,51.455695,0.182972,South,Darent Valley,5.71,Darent Valley,5.71,Queen Elizabeth Woolwich,9.47,Kings College Hospital,19.09
DA14ZS,51.456225,0.187359,South,Darent Valley,5.46,Darent Valley,5.46,Queen Elizabeth Woolwich,9.75,Kings College Hospital,19.39
DA14ZY,51.461697,0.185216,South,Darent Valley,5.87,Darent Valley,5.87,Queen Elizabeth Woolwich,9.46,Kings College Hospital,19.21
DA14ZZ,51.455695,0.182972,South,Darent Valley,5.71,Darent Valley,5.71,Queen Elizabeth Woolwich,9.47,Kings College Hospital,19.09
DA15AA,51.455944,0.201424,South,Darent Valley,4.58,Darent Valley,4.58,Queen Elizabeth Woolwich,10.7,Kings College Hospital,20.37
DA15QH,51.455111,0.200736,South,Darent Valley,4.58,Darent Valley,4.58,Queen Elizabeth Woolwich,10.67,Kings College Hospital,20.33
DA15QJ,51.457129,0.201999,South,Darent Valley,4.61,Darent Valley,4.61,Queen Elizabeth Woolwich,10.71,Kings College Hospital,20.4
DA15QQ,51.457532,0.202076,South,Darent Valley,4.63,Darent Valley,4.63,Queen Elizabeth Woolwich,10.7,Kings College Hospital,20.4
DA145EX,51.428356,0.140568,South,Darent Valley,8.22,Darent Valley,8.22,Queen Elizabeth Woolwich,8.34,Kings College Hospital,16.71
DA145EY,51.426778,0.144248,South,Darent Valley,7.98,Darent Valley,7.98,Queen Elizabeth Woolwich,8.65,Kings College Hospital,17.0
DA145EZ,51.422875,0.14326,South,Darent Valley,8.11,Darent Valley,8.11,Princess Royal (PRUH),8.6,Kings College Hospital,17.06
DA145FF,51.421937,0.147316,South,Darent Valley,7.86,Darent Valley,7.86,Princess Royal (PRUH),8.71,Kings College Hospital,17.36
DA184AD,51.476455,0.195729,South,Darent Valley,6.32,Darent Valley,6.32,Queen Elizabeth Woolwich,10.0,Kings College Hospital,19.94
DA184AS,51.476455,0.195729,South,Darent Valley,6.32,Darent Valley,6.32,Queen Elizabeth Woolwich,10.0,Kings College Hospital,19.94
DA184EJ,51.476455,0.195729,South,Darent Valley,6.32,Darent Valley,6.32,Queen Elizabeth Woolwich,10.0,Kings College Hospital,19.94
DA184EP,51.476455,0.195729,South,Darent Valley,6.32,Darent Valley,6.32,Queen Elizabeth Woolwich,10.0,Kings College Hospital,19.94
DA184EQ,51.476455,0.195729,South,Darent Valley,6.32,Darent Valley,6.32,Queen Elizabeth Woolwich,10.0,Kings College Hospital,19.94
DA184UR,51.476455,0.195729,South,Darent Valley,6.32,Darent Valley,6.32,Queen Elizabeth Woolwich,10.0,Kings College Hospital,19.94
DA184WA,51.476455,0.195729,South,Darent Valley,6.32,Darent Valley,6.32,Queen Elizabeth Woolwich,10.0,Kings College Hospital,19.94
DA184WB,51.476455,0.195729,South,Darent Valley,6.32,Darent Valley,6.32,Queen Elizabeth Woolwich,10.0,Kings College Hospital,19.94
DA184WL,51.476455,0.195729,South,Darent Valley,6.32,Darent Valley,6.32,Queen Elizabeth Woolwich,10.0,Kings College Hospital,19.94
DA184WX,51.476455,0.195729,South,Darent Valley,6.32,Darent Valley,6.32,Queen Elizabeth Woolwich,10.0,Kings College Hospital,19.94
DA184WY,51.476455,0.195729,South,Darent Valley,6.32,Darent Valley,6.32,Queen Elizabeth Woolwich,10.0,Kings College Hospital,19.94
DA184WZ,51.476455,0.195729,South,Darent Valley,6.32,Darent Valley,6.32,Queen Elizabeth Woolwich,10.0,Kings College Hospital,19.94
DA184XZ,51.476455,0.195729,South,Darent Valley,6.32,Darent Valley,6.32,Queen Elizabeth Woolwich,10.0,Kings College Hospital,19.94
DA184YE,51.476455,0.195729,South,Darent Valley,6.32,Darent Valley,6.32,Queen Elizabeth Woolwich,10.0,Kings College Hospital,19.94
DA184YZ,51.476455,0.195729,South,Darent Valley,6.32,Darent Valley,6.32,Queen Elizabeth Woolwich,10.0,Kings College Hospital,19.94
DA184ZW,51.476455,0.195729,South,Darent Valley,6.32,Darent Valley,6.32,Queen Elizabeth Woolwich,10.0,Kings College Hospital,19.94
DA184ZY,51.476455,0.195729,South,Darent Valley,6.32,Darent Valley,6.32,Queen Elizabeth Woolwich,10.0,Kings College Hospital,19.94
DA51AA,51.44178,0.150017,South,Darent Valley,7.56,Darent Valley,7.56,Queen Elizabeth Woolwich,7.98,Kings College Hospital,17.02
DA51AB,51.441538,0.148019,South,Darent Valley,7.7,Darent Valley,7.7,Queen Elizabeth Woolwich,7.87,Kings College Hospital,16.89
DA51AD,51.441553,0.1472,South,Darent Valley,7.75,Darent Valley,7.75,Queen Elizabeth Woolwich,7.82,Kings College Hospital,16.83
DA51AE,51.440823,0.146806,South,Darent Valley,7.77,Darent Valley,7.77,Queen Elizabeth Woolwich,7.84,Kings College Hospital,16.82
DA51AF,51.441525,0.14727,South,Darent Valley,7.75,Darent Valley,7.75,Queen Elizabeth Woolwich,7.83,Kings College Hospital,16.84
DA51AG,51.440823,0.146806,South,Darent Valley,7.77,Darent Valley,7.77,Queen Elizabeth Woolwich,7.84,Kings College Hospital,16.82
DA51AH,51.441382,0.149206,South,Darent Valley,7.61,Darent Valley,7.61,Queen Elizabeth Woolwich,7.95,Kings College Hospital,16.97
DA51AJ,51.441563,0.150093,South,Darent Valley,7.55,Darent Valley,7.55,Queen Elizabeth Woolwich,7.99,Kings College Hospital,17.03
DA51AL,51.442232,0.147448,South,Darent Valley,7.74,Darent Valley,7.74,Queen Elizabeth Woolwich,7.8,Kings College Hospital,16.84
DA51AP,51.442761,0.148552,South,Darent Valley,7.67,Darent Valley,7.67,Queen Elizabeth Woolwich,7.83,Kings College Hospital,16.9
DA51AQ,51.440318,0.147861,South,Darent Valley,7.7,Darent Valley,7.7,Queen Elizabeth Woolwich,7.94,Kings College Hospital,16.9
DA51BF,51.440596,0.150378,South,Darent Valley,7.52,Darent Valley,7.52,Queen Elizabeth Woolwich,8.07,Kings College Hospital,17.07
DA51BH,51.440797,0.148244,South,Darent Valley,7.67,Darent Valley,7.67,Queen Elizabeth Woolwich,7.93,Kings College Hospital,16.92
DA51BJ,51.442055,0.15272,South,Darent Valley,7.38,Darent Valley,7.38,Queen Elizabeth Woolwich,8.12,Kings College Hospital,17.2
DA51BL,51.44094,0.14874,South,Darent Valley,7.64,Darent Valley,7.64,Queen Elizabeth Woolwich,7.95,Kings College Hospital,16.95
DA51BQ,51.442668,0.15308,South,Darent Valley,7.36,Darent Valley,7.36,Queen Elizabeth Woolwich,8.11,Kings College Hospital,17.21
DA51DY,51.440866,0.147383,South,Darent Valley,7.73,Darent Valley,7.73,Queen Elizabeth Woolwich,7.87,Kings College Hospital,16.86
DA51DZ,51.442072,0.151297,South,Darent Valley,7.48,Darent Valley,7.48,Queen Elizabeth Woolwich,8.04,Kings College Hospital,17.1
DA51EB,51.442156,0.151113,South,Darent Valley,7.49,Darent Valley,7.49,Queen Elizabeth Woolwich,8.02,Kings College Hospital,17.09
DA51ED,51.440782,0.14902,South,Darent Valley,7.62,Darent Valley,7.62,Queen Elizabeth Woolwich,7.98,Kings College Hospital,16.97
DA51EE,51.445464,0.155083,South,Darent Valley,7.26,Darent Valley,7.26,Queen Elizabeth Woolwich,8.08,Kings College Hospital,17.3
DA51JR,51.440744,0.151119,South,Darent Valley,7.47,Darent Valley,7.47,Queen Elizabeth Woolwich,8.1,Kings College Hospital,17.12
DA51JS,51.440057,0.151792,South,Darent Valley,7.42,Darent Valley,7.42,Queen Elizabeth Woolwich,8.18,Kings College Hospital,17.17
DA51JT,51.441197,0.151428,South,Darent Valley,7.46,Darent Valley,7.46,Queen Elizabeth Woolwich,8.09,Kings College Hospital,17.13
DA51JU,51.440744,0.151119,South,Darent Valley,7.47,Darent Valley,7.47,Queen Elizabeth Woolwich,8.1,Kings College Hospital,17.12
DA51JX,51.441338,0.151104,South,Darent Valley,7.48,Darent Valley,7.48,Queen Elizabeth Woolwich,8.07,Kings College Hospital,17.1
DA51JY,51.440206,0.152504,South,Darent Valley,7.37,Darent Valley,7.37,Queen Elizabeth Woolwich,8.21,Kings College Hospital,17.22
DA51JZ,51.440826,0.151051,South,Darent Valley,7.48,Darent Valley,7.48,Queen Elizabeth Woolwich,8.09,Kings College Hospital,17.11
DA51LA,51.44102,0.150758,South,Darent Valley,7.5,Darent Valley,7.5,Queen Elizabeth Woolwich,8.06,Kings College Hospital,17.09
DA51LB,51.441474,0.150549,South,Darent Valley,7.52,Darent Valley,7.52,Queen Elizabeth Woolwich,8.03,Kings College Hospital,17.06
DA51LD,51.441827,0.150407,South,Darent Valley,7.53,Darent Valley,7.53,Queen Elizabeth Woolwich,8.0,Kings College Hospital,17.05
DA51LE,51.441474,0.150549,South,Darent Valley,7.52,Darent Valley,7.52,Queen Elizabeth Woolwich,8.03,Kings College Hospital,17.06
DA51LF,51.441616,0.152599,South,Darent Valley,7.38,Darent Valley,7.38,Queen Elizabeth Woolwich,8.14,Kings College Hospital,17.2
DA51LG,51.441733,0.151122,South,Darent Valley,7.48,Darent Valley,7.48,Queen Elizabeth Woolwich,8.04,Kings College Hospital,17.1
DA51LH,51.441642,0.151161,South,Darent Valley,7.48,Darent Valley,7.48,Queen Elizabeth Woolwich,8.05,Kings College Hospital,17.1
DA51LJ,51.44077,0.149681,South,Darent Valley,7.57,Darent Valley,7.57,Queen Elizabeth Woolwich,8.02,Kings College Hospital,17.02
DA51LN,51.441616,0.152599,South,Darent Valley,7.38,Darent Valley,7.38,Queen Elizabeth Woolwich,8.14,Kings College Hospital,17.2
DA51LP,51.442072,0.151297,South,Darent Valley,7.48,Darent Valley,7.48,Queen Elizabeth Woolwich,8.04,Kings College Hospital,17.1
DA51LQ,51.442069,0.150476,South,Darent Valley,7.53,Darent Valley,7.53,Queen Elizabeth Woolwich,7.99,Kings College Hospital,17.05
DA51LR,51.442538,0.151376,South,Darent Valley,7.48,Darent Valley,7.48,Queen Elizabeth Woolwich,8.01,Kings College Hospital,17.1
DA51LT,51.442972,0.152245,South,Darent Valley,7.42,Darent Valley,7.42,Queen Elizabeth Woolwich,8.04,Kings College Hospital,17.15
DA51LU,51.443876,0.151468,South,Darent Valley,7.49,Darent Valley,7.49,Queen Elizabeth Woolwich,7.95,Kings College Hospital,17.08
DA51LW,51.443396,0.151632,South,Darent Valley,7.47,Darent Valley,7.47,Queen Elizabeth Woolwich,7.98,Kings College Hospital,17.1
DA51LX,51.443668,0.152983,South,Darent Valley,7.38,Darent Valley,7.38,Queen Elizabeth Woolwich,8.05,Kings College Hospital,17.19
DA51LY,51.445978,0.152113,South,Darent Valley,7.48,Darent Valley,7.48,Queen Elizabeth Woolwich,7.87,Kings College Hospital,17.09
DA51LZ,51.446705,0.153126,South,Darent Valley,7.42,Darent Valley,7.42,Queen Elizabeth Woolwich,7.9,Kings College Hospital,17.15
DA51NB,51.446757,0.152251,South,Darent Valley,7.48,Darent Valley,7.48,Queen Elizabeth Woolwich,7.84,Kings College Hospital,17.08
DA51ND,51.446381,0.154118,South,Darent Valley,7.35,Darent Valley,7.35,Queen Elizabeth Woolwich,7.98,Kings College Hospital,17.22
DA51NE,51.44656,0.150774,South,Darent Valley,7.58,Darent Valley,7.58,Queen Elizabeth Woolwich,7.76,Kings College Hospital,16.99
DA51NG,51.445572,0.150713,South,Darent Valley,7.56,Darent Valley,7.56,Queen Elizabeth Woolwich,7.81,Kings College Hospital,17.0
DA51NH,51.446438,0.151991,South,Darent Valley,7.49,Darent Valley,7.49,Queen Elizabeth Woolwich,7.84,Kings College Hospital,17.07
DA51NJ,51.447132,0.152412,South,Darent Valley,7.48,Darent Valley,7.48,Queen Elizabeth Woolwich,7.83,Kings College Hospital,17.09
DA51NN,51.443506,0.150054,South,Darent Valley,7.58,Darent Valley,7.58,Queen Elizabeth Woolwich,7.88,Kings College Hospital,16.99
DA51NP,51.444546,0.150722,South,Darent Valley,7.55,Darent Valley,7.55,Queen Elizabeth Woolwich,7.86,Kings College Hospital,17.02
DA51NQ,51.445847,0.150913,South,Darent Valley,7.56,Darent Valley,7.56,Queen Elizabeth Woolwich,7.81,Kings College Hospital,17.01
DA51NR,51.443944,0.148233,South,Darent Valley,7.71,Darent Valley,7.71,Queen Elizabeth Woolwich,7.75,Kings College Hospital,16.86
DA51NS,51.4435,0.148932,South,Darent Valley,7.66,Darent Valley,7.66,Queen Elizabeth Woolwich,7.81,Kings College Hospital,16.91
DA51NT,51.445352,0.14994,South,Darent Valley,7.61,Darent Valley,7.61,Queen Elizabeth Woolwich,7.77,Kings College Hospital,16.95
DA51NU,51.443833,0.150401,South,Darent Valley,7.56,Darent Valley,7.56,Queen Elizabeth Woolwich,7.88,Kings College Hospital,17.01
DA51NW,51.445341,0.149551,South,Darent Valley,7.64,Darent Valley,7.64,Queen Elizabeth Woolwich,7.75,Kings College Hospital,16.92
DA51NX,51.441818,0.151903,South,Darent Valley,7.43,Darent Valley,7.43,Queen Elizabeth Woolwich,8.09,Kings College Hospital,17.15
DA51NY,51.441616,0.152599,South,Darent Valley,7.38,Darent Valley,7.38,Queen Elizabeth Woolwich,8.14,Kings College Hospital,17.2
DA51PA,51.442567,0.149766,South,Darent Valley,7.59,Darent Valley,7.59,Queen Elizabeth Woolwich,7.92,Kings College Hospital,16.99
DA51PD,51.443994,0.16998,South,Darent Valley,6.22,Darent Valley,6.22,Queen Elizabeth Woolwich,9.08,Kings College Hospital,18.35
DA51PE,51.446769,0.165794,South,Darent Valley,6.56,Darent Valley,6.56,Queen Elizabeth Woolwich,8.69,Kings College Hospital,18.01
DA51PF,51.449544,0.161608,South,Darent Valley,6.91,Darent Valley,6.91,Queen Elizabeth Woolwich,8.3,Kings College Hospital,17.69
DA51PG,51.44959,0.162013,South,Darent Valley,6.88,Darent Valley,6.88,Queen Elizabeth Woolwich,8.32,Kings College Hospital,17.71
DA51PJ,51.450699,0.165793,South,Darent Valley,6.66,Darent Valley,6.66,Queen Elizabeth Woolwich,8.52,Kings College Hospital,17.96
DA51PL,51.451709,0.167064,South,Darent Valley,6.6,Darent Valley,6.6,Queen Elizabeth Woolwich,8.56,Kings College Hospital,18.04
DA51PN,51.451685,0.163522,South,Darent Valley,6.84,Darent Valley,6.84,Queen Elizabeth Woolwich,8.33,Kings College Hospital,17.79
DA51PP,51.45114,0.165785,South,Darent Valley,6.67,Darent Valley,6.67,Queen Elizabeth Woolwich,8.5,Kings College Hospital,17.95
DA51PQ,51.447968,0.159302,South,Darent Valley,7.02,Darent Valley,7.02,Queen Elizabeth Woolwich,8.22,Kings College Hospital,17.55
DA51PR,51.451201,0.164421,South,Darent Valley,6.76,Darent Valley,6.76,Queen Elizabeth Woolwich,8.41,Kings College Hospital,17.86
DA51PS,51.45034,0.163804,South,Darent Valley,6.78,Darent Valley,6.78,Queen Elizabeth Woolwich,8.41,Kings College Hospital,17.83
DA51PT,51.450175,0.163005,South,Darent Valley,6.83,Darent Valley,6.83,Queen Elizabeth Woolwich,8.36,Kings College Hospital,17.78
DA51PU,51.448224,0.154162,South,Darent Valley,7.38,Darent Valley,7.38,Queen Elizabeth Woolwich,7.89,Kings College Hospital,17.19
DA51PW,51.451362,0.163953,South,Darent Valley,6.8,Darent Valley,6.8,Queen Elizabeth Woolwich,8.37,Kings College Hospital,17.83
DA51PX,51.449005,0.154228,South,Darent Valley,7.39,Darent Valley,7.39,Queen Elizabeth Woolwich,7.86,Kings College Hospital,17.19
DA51PY,51.448631,0.153044,South,Darent Valley,7.46,Darent Valley,7.46,Queen Elizabeth Woolwich,7.8,Kings College Hospital,17.11
DA51PZ,51.449262,0.152484,South,Darent Valley,7.52,Darent Valley,7.52,Queen Elizabeth Woolwich,7.73,Kings College Hospital,17.06
DA51QA,51.448903,0.151503,South,Darent Valley,7.58,Darent Valley,7.58,Queen Elizabeth Woolwich,7.69,Kings College Hospital,17.0
DA51UA,51.442072,0.151297,South,Darent Valley,7.48,Darent Valley,7.48,Queen Elizabeth Woolwich,8.04,Kings College Hospital,17.1
DA51UB,51.442072,0.151297,South,Darent Valley,7.48,Darent Valley,7.48,Queen Elizabeth Woolwich,8.04,Kings College Hospital,17.1
DA51UD,51.442072,0.151297,South,Darent Valley,7.48,Darent Valley,7.48,Queen Elizabeth Woolwich,8.04,Kings College Hospital,17.1
DA51UF,51.442072,0.151297,South,Darent Valley,7.48,Darent Valley,7.48,Queen Elizabeth Woolwich,8.04,Kings College Hospital,17.1
DA51WA,51.442072,0.151297,South,Darent Valley,7.48,Darent Valley,7.48,Queen Elizabeth Woolwich,8.04,Kings College Hospital,17.1
DA51WB,51.442072,0.151297,South,Darent Valley,7.48,Darent Valley,7.48,Queen Elizabeth Woolwich,8.04,Kings College Hospital,17.1
DA51WD,51.442072,0.151297,South,Darent Valley,7.48,Darent Valley,7.48,Queen Elizabeth Woolwich,8.04,Kings College Hospital,17.1
DA51WE,51.442072,0.151297,South,Darent Valley,7.48,Darent Valley,7.48,Queen Elizabeth Woolwich,8.04,Kings College Hospital,17.1
DA51WF,51.442072,0.151297,South,Darent Valley,7.48,Darent Valley,7.48,Queen Elizabeth Woolwich,8.04,Kings College Hospital,17.1
DA51WG,51.442072,0.151297,South,Darent Valley,7.48,Darent Valley,7.48,Queen Elizabeth Woolwich,8.04,Kings College Hospital,17.1
DA51WN,51.442072,0.151297,South,Darent Valley,7.48,Darent Valley,7.48,Queen Elizabeth Woolwich,8.04,Kings College Hospital,17.1
DA51WP,51.442072,0.151297,South,Darent Valley,7.48,Darent Valley,7.48,Queen Elizabeth Woolwich,8.04,Kings College Hospital,17.1
DA51WQ,51.442072,0.151297,South,Darent Valley,7.48,Darent Valley,7.48,Queen Elizabeth Woolwich,8.04,Kings College Hospital,17.1
DA51WW,51.442072,0.151297,South,Darent Valley,7.48,Darent Valley,7.48,Queen Elizabeth Woolwich,8.04,Kings College Hospital,17.1
DA51WX,51.442072,0.151297,South,Darent Valley,7.48,Darent Valley,7.48,Queen Elizabeth Woolwich,8.04,Kings College Hospital,17.1
DA51WY,51.442072,0.151297,South,Darent Valley,7.48,Darent Valley,7.48,Queen Elizabeth Woolwich,8.04,Kings College Hospital,17.1
DA51WZ,51.442072,0.151297,South,Darent Valley,7.48,Darent Valley,7.48,Queen Elizabeth Woolwich,8.04,Kings College Hospital,17.1
DA51XE,51.442072,0.151297,South,Darent Valley,7.48,Darent Valley,7.48,Queen Elizabeth Woolwich,8.04,Kings College Hospital,17.1
DA51XN,51.442072,0.151297,South,Darent Valley,7.48,Darent Valley,7.48,Queen Elizabeth Woolwich,8.04,Kings College Hospital,17.1
DA51XP,51.442072,0.151297,South,Darent Valley,7.48,Darent Valley,7.48,Queen Elizabeth Woolwich,8.04,Kings College Hospital,17.1
DA51YB,51.442072,0.151297,South,Darent Valley,7.48,Darent Valley,7.48,Queen Elizabeth Woolwich,8.04,Kings College Hospital,17.1
DA51YZ,51.442072,0.151297,South,Darent Valley,7.48,Darent Valley,7.48,Queen Elizabeth Woolwich,8.04,Kings College Hospital,17.1
DA51ZR,51.442072,0.151297,South,Darent Valley,7.48,Darent Valley,7.48,Queen Elizabeth Woolwich,8.04,Kings College Hospital,17.1
DA51ZS,51.442072,0.151297,South,Darent Valley,7.48,Darent Valley,7.48,Queen Elizabeth Woolwich,8.04,Kings College Hospital,17.1
DA51ZT,51.442072,0.151297,South,Darent Valley,7.48,Darent Valley,7.48,Queen Elizabeth Woolwich,8.04,Kings College Hospital,17.1
DA51ZU,51.442072,0.151297,South,Darent Valley,7.48,Darent Valley,7.48,Queen Elizabeth Woolwich,8.04,Kings College Hospital,17.1
DA51ZX,51.442072,0.151297,South,Darent Valley,7.48,Darent Valley,7.48,Queen Elizabeth Woolwich,8.04,Kings College Hospital,17.1
DA52AJ,51.43888,0.153219,South,Darent Valley,7.32,Darent Valley,7.32,Queen Elizabeth Woolwich,8.33,Kings College Hospital,17.3
DA52AL,51.43816,0.153731,South,Darent Valley,7.28,Darent Valley,7.28,Queen Elizabeth Woolwich,8.41,Kings College Hospital,17.35
DA52AN,51.43865,0.153999,South,Darent Valley,7.26,Darent Valley,7.26,Queen Elizabeth Woolwich,8.39,Kings College Hospital,17.35
DA52AP,51.43778,0.154361,South,Darent Valley,7.23,Darent Valley,7.23,Queen Elizabeth Woolwich,8.47,Kings College Hospital,17.4
DA52AR,51.436149,0.158932,South,Darent Valley,6.91,Darent Valley,6.91,Queen Elizabeth Woolwich,8.83,Kings College Hospital,17.74
DA52AS,51.437211,0.16032,South,Darent Valley,6.82,Darent Valley,6.82,Queen Elizabeth Woolwich,8.85,Kings College Hospital,17.82
DA52AT,51.436665,0.164582,South,Darent Valley,6.52,Darent Valley,6.52,Queen Elizabeth Woolwich,9.13,Kings College Hospital,18.12
DA52AU,51.437006,0.164641,South,Darent Valley,6.52,Darent Valley,6.52,Queen Elizabeth Woolwich,9.12,Kings College Hospital,18.11
DA52AW,51.434827,0.152078,South,Darent Valley,7.38,Darent Valley,7.38,Queen Elizabeth Woolwich,8.52,Kings College Hospital,17.31
DA52AX,51.43689,0.165053,South,Darent Valley,6.49,Darent Valley,6.49,Queen Elizabeth Woolwich,9.15,Kings College Hospital,18.14
DA52AY,51.435679,0.165384,South,Darent Valley,6.46,Darent Valley,6.46,Queen Elizabeth Woolwich,9.24,Kings College Hospital,18.19
DA52AZ,51.435655,0.166203,South,Darent Valley,6.4,Darent Valley,6.4,Queen Elizabeth Woolwich,9.29,Kings College Hospital,18.25
DA52BA,51.433167,0.165539,South,Darent Valley,6.46,Darent Valley,6.46,Queen Elizabeth Woolwich,9.4,Kings College Hospital,18.26
DA52BB,51.432031,0.164262,South,Darent Valley,6.55,Darent Valley,6.55,Queen Elizabeth Woolwich,9.39,Kings College Hospital,18.2
DA52BE,51.433057,0.166123,South,Darent Valley,6.42,Darent Valley,6.42,Queen Elizabeth Woolwich,9.44,Kings College Hospital,18.3
DA52BH,51.434852,0.166352,South,Darent Valley,6.39,Darent Valley,6.39,Queen Elizabeth Woolwich,9.34,Kings College Hospital,18.28
DA52BQ,51.432112,0.163244,South,Darent Valley,6.62,Darent Valley,6.62,Queen Elizabeth Woolwich,9.33,Kings College Hospital,18.13
DA52BS,51.431405,0.163571,South,Darent Valley,6.6,Darent Valley,6.6,Queen Elizabeth Woolwich,9.39,Kings College Hospital,18.17
DA52BT,51.437369,0.163982,South,Darent Valley,6.56,Darent Valley,6.56,Queen Elizabeth Woolwich,9.06,Kings College Hospital,18.06
DA52BU,51.431883,0.163018,South,Darent Valley,6.64,Darent Valley,6.64,Queen Elizabeth Woolwich,9.33,Kings College Hospital,18.12
DA52BX,51.432177,0.161708,South,Darent Valley,6.73,Darent Valley,6.73,Queen Elizabeth Woolwich,9.24,Kings College Hospital,18.03
DA52BY,51.430454,0.165842,South,Darent Valley,6.45,Darent Valley,6.45,Queen Elizabeth Woolwich,9.58,Kings College Hospital,18.35
DA52BZ,51.430604,0.165044,South,Darent Valley,6.51,Darent Valley,6.51,Queen Elizabeth Woolwich,9.52,Kings College Hospital,18.29
DA52DA,51.437123,0.158258,South,Darent Valley,6.96,Darent Valley,6.96,Queen Elizabeth Woolwich,8.73,Kings College Hospital,17.68
DA52DB,51.436785,0.158544,South,Darent Valley,6.94,Darent Valley,6.94,Queen Elizabeth Woolwich,8.77,Kings College Hospital,17.7
DA52DD,51.437773,0.161541,South,Darent Valley,6.73,Darent Valley,6.73,Queen Elizabeth Woolwich,8.89,Kings College Hospital,17.89
DA52DE,51.438049,0.159741,South,Darent Valley,6.86,Darent Valley,6.86,Queen Elizabeth Woolwich,8.77,Kings College Hospital,17.76
DA52DF,51.438565,0.160528,South,Darent Valley,6.81,Darent Valley,6.81,Queen Elizabeth Woolwich,8.79,Kings College Hospital,17.8
DA52DH,51.440588,0.16399,South,Darent Valley,6.58,Darent Valley,6.58,Queen Elizabeth Woolwich,8.88,Kings College Hospital,18.0
DA52DJ,51.439447,0.164397,South,Darent Valley,6.55,Darent Valley,6.55,Queen Elizabeth Woolwich,8.97,Kings College Hospital,18.05
DA52DL,51.44107,0.162229,South,Darent Valley,6.71,Darent Valley,6.71,Queen Elizabeth Woolwich,8.75,Kings College Hospital,17.87
DA52DN,51.437912,0.162799,South,Darent Valley,6.65,Darent Valley,6.65,Queen Elizabeth Woolwich,8.96,Kings College Hospital,17.97
DA52DP,51.438948,0.164661,South,Darent Valley,6.52,Darent Valley,6.52,Queen Elizabeth Woolwich,9.01,Kings College Hospital,18.07
DA52DQ,51.440034,0.16182,South,Darent Valley,6.73,Darent Valley,6.73,Queen Elizabeth Woolwich,8.78,Kings College Hospital,17.86
DA52DR,51.43813,0.165601,South,Darent Valley,6.45,Darent Valley,6.45,Queen Elizabeth Woolwich,9.11,Kings College Hospital,18.16
DA52DS,51.438121,0.166118,South,Darent Valley,6.42,Darent Valley,6.42,Queen Elizabeth Woolwich,9.15,Kings College Hospital,18.19
DA52DT,51.438335,0.161812,South,Darent Valley,6.72,Darent Valley,6.72,Queen Elizabeth Woolwich,8.87,Kings College Hospital,17.89
DA52DU,51.43897,0.160043,South,Darent Valley,6.84,Darent Valley,6.84,Queen Elizabeth Woolwich,8.73,Kings College Hospital,17.76
DA52DW,51.438771,0.162566,South,Darent Valley,6.67,Darent Valley,6.67,Queen Elizabeth Woolwich,8.9,Kings College Hospital,17.94
DA52DY,51.438788,0.159661,South,Darent Valley,6.87,Darent Valley,6.87,Queen Elizabeth Woolwich,8.72,Kings College Hospital,17.74
DA52DZ,51.438788,0.159661,South,Darent Valley,6.87,Darent Valley,6.87,Queen Elizabeth Woolwich,8.72,Kings College Hospital,17.74
DA52FA,51.431724,0.16137,South,Darent Valley,6.75,Darent Valley,6.75,Queen Elizabeth Woolwich,9.24,Kings College Hospital,18.02
DA52FD,51.438386,0.152692,South,Darent Valley,7.35,Darent Valley,7.35,Queen Elizabeth Woolwich,8.33,Kings College Hospital,17.27
DA52JX,51.436637,0.162667,South,Darent Valley,6.65,Darent Valley,6.65,Queen Elizabeth Woolwich,9.02,Kings College Hospital,17.99
DA52JY,51.442072,0.151297,South,Darent Valley,7.48,Darent Valley,7.48,Queen Elizabeth Woolwich,8.04,Kings College Hospital,17.1
DA52LB,51.442072,0.151297,South,Darent Valley,7.48,Darent Valley,7.48,Queen Elizabeth Woolwich,8.04,Kings College Hospital,17.1
DA52LF,51.438517,0.158756,South,Darent Valley,6.93,Darent Valley,6.93,Queen Elizabeth Woolwich,8.68,Kings College Hospital,17.68
DA52WA,51.442072,0.151297,South,Darent Valley,7.48,Darent Valley,7.48,Queen Elizabeth Woolwich,8.04,Kings College Hospital,17.1
DA52WB,51.442072,0.151297,South,Darent Valley,7.48,Darent Valley,7.48,Queen Elizabeth Woolwich,8.04,Kings College Hospital,17.1
DA52WD,51.442072,0.151297,South,Darent Valley,7.48,Darent Valley,7.48,Queen Elizabeth Woolwich,8.04,Kings College Hospital,17.1
DA52WE,51.442072,0.151297,South,Darent Valley,7.48,Darent Valley,7.48,Queen Elizabeth Woolwich,8.04,Kings College Hospital,17.1
DA52WP,51.442072,0.151297,South,Darent Valley,7.48,Darent Valley,7.48,Queen Elizabeth Woolwich,8.04,Kings College Hospital,17.1
DA52WQ,51.442072,0.151297,South,Darent Valley,7.48,Darent Valley,7.48,Queen Elizabeth Woolwich,8.04,Kings College Hospital,17.1
DA52WY,51.442072,0.151297,South,Darent Valley,7.48,Darent Valley,7.48,Queen Elizabeth Woolwich,8.04,Kings College Hospital,17.1
DA52WZ,51.442072,0.151297,South,Darent Valley,7.48,Darent Valley,7.48,Queen Elizabeth Woolwich,8.04,Kings College Hospital,17.1
DA52ZR,51.442072,0.151297,South,Darent Valley,7.48,Darent Valley,7.48,Queen Elizabeth Woolwich,8.04,Kings College Hospital,17.1
DA52ZS,51.442072,0.151297,South,Darent Valley,7.48,Darent Valley,7.48,Queen Elizabeth Woolwich,8.04,Kings College Hospital,17.1
DA52ZT,51.442072,0.151297,South,Darent Valley,7.48,Darent Valley,7.48,Queen Elizabeth Woolwich,8.04,Kings College Hospital,17.1
DA52ZU,51.442072,0.151297,South,Darent Valley,7.48,Darent Valley,7.48,Queen Elizabeth Woolwich,8.04,Kings College Hospital,17.1
DA52ZW,51.442072,0.151297,South,Darent Valley,7.48,Darent Valley,7.48,Queen Elizabeth Woolwich,8.04,Kings College Hospital,17.1
DA52ZX,51.442072,0.151297,South,Darent Valley,7.48,Darent Valley,7.48,Queen Elizabeth Woolwich,8.04,Kings College Hospital,17.1
DA52ZZ,51.442072,0.151297,South,Darent Valley,7.48,Darent Valley,7.48,Queen Elizabeth Woolwich,8.04,Kings College Hospital,17.1
DA53AE,51.442072,0.151297,South,Darent Valley,7.48,Darent Valley,7.48,Queen Elizabeth Woolwich,8.04,Kings College Hospital,17.1
DA53DP,51.442072,0.151297,South,Darent Valley,7.48,Darent Valley,7.48,Queen Elizabeth Woolwich,8.04,Kings College Hospital,17.1
DA53EX,51.442072,0.151297,South,Darent Valley,7.48,Darent Valley,7.48,Queen Elizabeth Woolwich,8.04,Kings College Hospital,17.1
DA53LU,51.440611,0.154437,South,Darent Valley,7.24,Darent Valley,7.24,Queen Elizabeth Woolwich,8.31,Kings College Hospital,17.34
DA53LX,51.440313,0.154984,South,Darent Valley,7.2,Darent Valley,7.2,Queen Elizabeth Woolwich,8.36,Kings College Hospital,17.39
DA53LY,51.439393,0.153171,South,Darent Valley,7.32,Darent Valley,7.32,Queen Elizabeth Woolwich,8.3,Kings College Hospital,17.28
DA53LZ,51.438956,0.152517,South,Darent Valley,7.36,Darent Valley,7.36,Queen Elizabeth Woolwich,8.29,Kings College Hospital,17.25
DA53NA,51.437087,0.14994,South,Darent Valley,7.53,Darent Valley,7.53,Queen Elizabeth Woolwich,8.25,Kings College Hospital,17.11
DA53NB,51.434313,0.145263,South,Darent Valley,7.86,Darent Valley,7.86,Queen Elizabeth Woolwich,8.17,Kings College Hospital,16.86
DA53ND,51.434556,0.146728,South,Darent Valley,7.76,Darent Valley,7.76,Queen Elizabeth Woolwich,8.24,Kings College Hospital,16.96
DA53NE,51.438429,0.152291,South,Darent Valley,7.38,Darent Valley,7.38,Queen Elizabeth Woolwich,8.31,Kings College Hospital,17.24
DA53NF,51.432382,0.146151,South,Darent Valley,7.8,Darent Valley,7.8,Queen Elizabeth Woolwich,8.35,Kings College Hospital,16.97
DA53NH,51.431657,0.146405,South,Darent Valley,7.79,Darent Valley,7.79,Queen Elizabeth Woolwich,8.41,Kings College Hospital,17.01
DA53RD,51.442072,0.151297,South,Darent Valley,7.48,Darent Valley,7.48,Queen Elizabeth Woolwich,8.04,Kings College Hospital,17.1
DA53RH,51.442072,0.151297,South,Darent Valley,7.48,Darent Valley,7.48,Queen Elizabeth Woolwich,8.04,Kings College Hospital,17.1
DA53RQ,51.442072,0.151297,South,Darent Valley,7.48,Darent Valley,7.48,Queen Elizabeth Woolwich,8.04,Kings College Hospital,17.1
DA53WA,51.442072,0.151297,South,Darent Valley,7.48,Darent Valley,7.48,Queen Elizabeth Woolwich,8.04,Kings College Hospital,17.1
DA53WB,51.442072,0.151297,South,Darent Valley,7.48,Darent Valley,7.48,Queen Elizabeth Woolwich,8.04,Kings College Hospital,17.1
DA53WD,51.442072,0.151297,South,Darent Valley,7.48,Darent Valley,7.48,Queen Elizabeth Woolwich,8.04,Kings College Hospital,17.1
DA53WE,51.442072,0.151297,South,Darent Valley,7.48,Darent Valley,7.48,Queen Elizabeth Woolwich,8.04,Kings College Hospital,17.1
DA53WF,51.442072,0.151297,South,Darent Valley,7.48,Darent Valley,7.48,Queen Elizabeth Woolwich,8.04,Kings College Hospital,17.1
DA53WQ,51.442072,0.151297,South,Darent Valley,7.48,Darent Valley,7.48,Queen Elizabeth Woolwich,8.04,Kings College Hospital,17.1
DA53WT,51.442072,0.151297,South,Darent Valley,7.48,Darent Valley,7.48,Queen Elizabeth Woolwich,8.04,Kings College Hospital,17.1
DA53WY,51.442072,0.151297,South,Darent Valley,7.48,Darent Valley,7.48,Queen Elizabeth Woolwich,8.04,Kings College Hospital,17.1
DA53WZ,51.442072,0.151297,South,Darent Valley,7.48,Darent Valley,7.48,Queen Elizabeth Woolwich,8.04,Kings College Hospital,17.1
DA53YA,51.442072,0.151297,South,Darent Valley,7.48,Darent Valley,7.48,Queen Elizabeth Woolwich,8.04,Kings College Hospital,17.1
DA53YQ,51.442072,0.151297,South,Darent Valley,7.48,Darent Valley,7.48,Queen Elizabeth Woolwich,8.04,Kings College Hospital,17.1
DA53ZP,51.442072,0.151297,South,Darent Valley,7.48,Darent Valley,7.48,Queen Elizabeth Woolwich,8.04,Kings College Hospital,17.1
DA53ZQ,51.442072,0.151297,South,Darent Valley,7.48,Darent Valley,7.48,Queen Elizabeth Woolwich,8.04,Kings College Hospital,17.1
DA53ZR,51.442072,0.151297,South,Darent Valley,7.48,Darent Valley,7.48,Queen Elizabeth Woolwich,8.04,Kings College Hospital,17.1
DA53ZS,51.442072,0.151297,South,Darent Valley,7.48,Darent Valley,7.48,Queen Elizabeth Woolwich,8.04,Kings College Hospital,17.1
DA53ZW,51.442072,0.151297,South,Darent Valley,7.48,Darent Valley,7.48,Queen Elizabeth Woolwich,8.04,Kings College Hospital,17.1
DA59AD,51.442072,0.151297,South,Darent Valley,7.48,Darent Valley,7.48,Queen Elizabeth Woolwich,8.04,Kings College Hospital,17.1
DA59AE,51.442072,0.151297,South,Darent Valley,7.48,Darent Valley,7.48,Queen Elizabeth Woolwich,8.04,Kings College Hospital,17.1
DA59AF,51.442072,0.151297,South,Darent Valley,7.48,Darent Valley,7.48,Queen Elizabeth Woolwich,8.04,Kings College Hospital,17.1
DA59AG,51.442072,0.151297,South,Darent Valley,7.48,Darent Valley,7.48,Queen Elizabeth Woolwich,8.04,Kings College Hospital,17.1
DA59AH,51.442072,0.151297,South,Darent Valley,7.48,Darent Valley,7.48,Queen Elizabeth Woolwich,8.04,Kings College Hospital,17.1
DA59AJ,51.442072,0.151297,South,Darent Valley,7.48,Darent Valley,7.48,Queen Elizabeth Woolwich,8.04,Kings College Hospital,17.1
DA59AL,51.442072,0.151297,South,Darent Valley,7.48,Darent Valley,7.48,Queen Elizabeth Woolwich,8.04,Kings College Hospital,17.1
DA59AN,51.442072,0.151297,South,Darent Valley,7.48,Darent Valley,7.48,Queen Elizabeth Woolwich,8.04,Kings College Hospital,17.1
DA59AP,51.442072,0.151297,South,Darent Valley,7.48,Darent Valley,7.48,Queen Elizabeth Woolwich,8.04,Kings College Hospital,17.1
DA59AQ,51.442072,0.151297,South,Darent Valley,7.48,Darent Valley,7.48,Queen Elizabeth Woolwich,8.04,Kings College Hospital,17.1
DA59AR,51.442072,0.151297,South,Darent Valley,7.48,Darent Valley,7.48,Queen Elizabeth Woolwich,8.04,Kings College Hospital,17.1
DA59AT,51.442072,0.151297,South,Darent Valley,7.48,Darent Valley,7.48,Queen Elizabeth Woolwich,8.04,Kings College Hospital,17.1
DA59AX,51.442072,0.151297,South,Darent Valley,7.48,Darent Valley,7.48,Queen Elizabeth Woolwich,8.04,Kings College Hospital,17.1
DA59AY,51.442072,0.151297,South,Darent Valley,7.48,Darent Valley,7.48,Queen Elizabeth Woolwich,8.04,Kings College Hospital,17.1
DA59AZ,51.442072,0.151297,South,Darent Valley,7.48,Darent Valley,7.48,Queen Elizabeth Woolwich,8.04,Kings College Hospital,17.1
DA59BA,51.442072,0.151297,South,Darent Valley,7.48,Darent Valley,7.48,Queen Elizabeth Woolwich,8.04,Kings College Hospital,17.1
DA59BB,51.442072,0.151297,South,Darent Valley,7.48,Darent Valley,7.48,Queen Elizabeth Woolwich,8.04,Kings College Hospital,17.1
DA59BD,51.442072,0.151297,South,Darent Valley,7.48,Darent Valley,7.48,Queen Elizabeth Woolwich,8.04,Kings College Hospital,17.1
DA59BE,51.442072,0.151297,South,Darent Valley,7.48,Darent Valley,7.48,Queen Elizabeth Woolwich,8.04,Kings College Hospital,17.1
DA59BF,51.442072,0.151297,South,Darent Valley,7.48,Darent Valley,7.48,Queen Elizabeth Woolwich,8.04,Kings College Hospital,17.1
DA59BG,51.442072,0.151297,South,Darent Valley,7.48,Darent Valley,7.48,Queen Elizabeth Woolwich,8.04,Kings College Hospital,17.1
DA59BH,51.442072,0.151297,South,Darent Valley,7.48,Darent Valley,7.48,Queen Elizabeth Woolwich,8.04,Kings College Hospital,17.1
DA59BN,51.442072,0.151297,South,Darent Valley,7.48,Darent Valley,7.48,Queen Elizabeth Woolwich,8.04,Kings College Hospital,17.1
DA59BP,51.442072,0.151297,South,Darent Valley,7.48,Darent Valley,7.48,Queen Elizabeth Woolwich,8.04,Kings College Hospital,17.1
DA59BQ,51.442072,0.151297,South,Darent Valley,7.48,Darent Valley,7.48,Queen Elizabeth Woolwich,8.04,Kings College Hospital,17.1
DA59BR,51.442072,0.151297,South,Darent Valley,7.48,Darent Valley,7.48,Queen Elizabeth Woolwich,8.04,Kings College Hospital,17.1
DA59BT,51.442072,0.151297,South,Darent Valley,7.48,Darent Valley,7.48,Queen Elizabeth Woolwich,8.04,Kings College Hospital,17.1
DA59BU,51.442072,0.151297,South,Darent Valley,7.48,Darent Valley,7.48,Queen Elizabeth Woolwich,8.04,Kings College Hospital,17.1
DA59BW,51.442072,0.151297,South,Darent Valley,7.48,Darent Valley,7.48,Queen Elizabeth Woolwich,8.04,Kings College Hospital,17.1
DA59BX,51.442072,0.151297,South,Darent Valley,7.48,Darent Valley,7.48,Queen Elizabeth Woolwich,8.04,Kings College Hospital,17.1
DA59BY,51.442072,0.151297,South,Darent Valley,7.48,Darent Valley,7.48,Queen Elizabeth Woolwich,8.04,Kings College Hospital,17.1
DA59DF,51.442072,0.151297,South,Darent Valley,7.48,Darent Valley,7.48,Queen Elizabeth Woolwich,8.04,Kings College Hospital,17.1
DA59DL,51.442072,0.151297,South,Darent Valley,7.48,Darent Valley,7.48,Queen Elizabeth Woolwich,8.04,Kings College Hospital,17.1
DA59DN,51.442072,0.151297,South,Darent Valley,7.48,Darent Valley,7.48,Queen Elizabeth Woolwich,8.04,Kings College Hospital,17.1
DA59DR,51.442106,0.151385,South,Darent Valley,7.47,Darent Valley,7.47,Queen Elizabeth Woolwich,8.04,Kings College Hospital,17.11
DA67AZ,51.454811,0.153925,South,Darent Valley,7.57,Darent Valley,7.57,Queen Elizabeth Woolwich,7.59,Kings College Hospital,17.1
DA67NT,51.450109,0.154827,South,Darent Valley,7.38,Darent Valley,7.38,Queen Elizabeth Woolwich,7.84,Kings College Hospital,17.21
DA67PE,51.450703,0.15189,South,Darent Valley,7.59,Darent Valley,7.59,Queen Elizabeth Woolwich,7.63,Kings College Hospital,17.0
DA67PF,51.450696,0.152292,South,Darent Valley,7.56,Darent Valley,7.56,Queen Elizabeth Woolwich,7.66,Kings College Hospital,17.03
DA67PH,51.450617,0.153123,South,Darent Valley,7.51,Darent Valley,7.51,Queen Elizabeth Woolwich,7.71,Kings College Hospital,17.09
DA67PU,51.450616,0.15416,South,Darent Valley,7.44,Darent Valley,7.44,Queen Elizabeth Woolwich,7.78,Kings College Hospital,17.16
DA67PX,51.450319,0.154189,South,Darent Valley,7.43,Darent Valley,7.43,Queen Elizabeth Woolwich,7.79,Kings College Hospital,17.17
DA67PY,51.448898,0.155173,South,Darent Valley,7.33,Darent Valley,7.33,Queen Elizabeth Woolwich,7.92,Kings College Hospital,17.25
DA67QA,51.45297,0.159668,South,Darent Valley,7.13,Darent Valley,7.13,Queen Elizabeth Woolwich,8.03,Kings College Hospital,17.51
DA67QB,51.452692,0.155222,South,Darent Valley,7.42,Darent Valley,7.42,Queen Elizabeth Woolwich,7.76,Kings College Hospital,17.21
DA67QD,51.452271,0.160009,South,Darent Valley,7.09,Darent Valley,7.09,Queen Elizabeth Woolwich,8.08,Kings College Hospital,17.54
DA67QE,51.453178,0.155216,South,Darent Valley,7.44,Darent Valley,7.44,Queen Elizabeth Woolwich,7.74,Kings College Hospital,17.2
DA67QF,51.452496,0.163417,South,Darent Valley,6.87,Darent Valley,6.87,Queen Elizabeth Woolwich,8.29,Kings College Hospital,17.78
DA67QG,51.455057,0.154729,South,Darent Valley,7.53,Darent Valley,7.53,Queen Elizabeth Woolwich,7.63,Kings College Hospital,17.15
DA67QH,51.45378,0.161606,South,Darent Valley,7.03,Darent Valley,7.03,Queen Elizabeth Woolwich,8.13,Kings College Hospital,17.64
DA67QJ,51.454731,0.154382,South,Darent Valley,7.54,Darent Valley,7.54,Queen Elizabeth Woolwich,7.62,Kings College Hospital,17.13
DA67QL,51.453415,0.160394,South,Darent Valley,7.1,Darent Valley,7.1,Queen Elizabeth Woolwich,8.06,Kings College Hospital,17.56
DA67QN,51.454661,0.156725,South,Darent Valley,7.38,Darent Valley,7.38,Queen Elizabeth Woolwich,7.77,Kings College Hospital,17.29
DA67QQ,51.454885,0.157268,South,Darent Valley,7.35,Darent Valley,7.35,Queen Elizabeth Woolwich,7.8,Kings College Hospital,17.33
DA67YA,51.453191,0.158901,South,Darent Valley,7.19,Darent Valley,7.19,Queen Elizabeth Woolwich,7.97,Kings College Hospital,17.46
DA76AA,51.455248,0.159502,South,Darent Valley,7.22,Darent Valley,7.22,Queen Elizabeth Woolwich,7.93,Kings College Hospital,17.48
DA76AB,51.456234,0.158224,South,Darent Valley,7.34,Darent Valley,7.34,Queen Elizabeth Woolwich,7.81,Kings College Hospital,17.38
DA76AD,51.455342,0.158312,South,Darent Valley,7.3,Darent Valley,7.3,Queen Elizabeth Woolwich,7.85,Kings College Hospital,17.39
DA76AE,51.457939,0.156002,South,Darent Valley,7.54,Darent Valley,7.54,Queen Elizabeth Woolwich,7.61,Kings College Hospital,17.21
DA76AF,51.455712,0.1563,South,Darent Valley,7.44,Darent Valley,7.44,Queen Elizabeth Woolwich,7.71,Kings College Hospital,17.25
DA76AG,51.457706,0.156437,South,Darent Valley,7.51,Darent Valley,7.51,Queen Elizabeth Woolwich,7.64,Kings College Hospital,17.24
DA76AL,51.456034,0.157351,South,Darent Valley,7.39,Darent Valley,7.39,Queen Elizabeth Woolwich,7.76,Kings College Hospital,17.32
DA76AN,51.456212,0.160872,South,Darent Valley,7.16,Darent Valley,7.16,Queen Elizabeth Woolwich,7.99,Kings College Hospital,17.56
DA76AP,51.456622,0.157192,South,Darent Valley,7.42,Darent Valley,7.42,Queen Elizabeth Woolwich,7.73,Kings College Hospital,17.31
DA76AQ,51.455811,0.155801,South,Darent Valley,7.48,Darent Valley,7.48,Queen Elizabeth Woolwich,7.67,Kings College Hospital,17.22
DA76AR,51.457722,0.157042,South,Darent Valley,7.47,Darent Valley,7.47,Queen Elizabeth Woolwich,7.68,Kings College Hospital,17.29
DA76AS,51.455309,0.161592,South,Darent Valley,7.08,Darent Valley,7.08,Queen Elizabeth Woolwich,8.07,Kings College Hospital,17.62
DA76AT,51.454783,0.160373,South,Darent Valley,7.14,Darent Valley,7.14,Queen Elizabeth Woolwich,8.01,Kings College Hospital,17.54
DA76AU,51.45491,0.163229,South,Darent Valley,6.96,Darent Valley,6.96,Queen Elizabeth Woolwich,8.19,Kings College Hospital,17.74
DA76AW,51.455897,0.160915,South,Darent Valley,7.15,Darent Valley,7.15,Queen Elizabeth Woolwich,8.0,Kings College Hospital,17.57
DA76AX,51.455432,0.162246,South,Darent Valley,7.04,Darent Valley,7.04,Queen Elizabeth Woolwich,8.11,Kings College Hospital,17.66
DA76AY,51.454468,0.162805,South,Darent Valley,6.97,Darent Valley,6.97,Queen Elizabeth Woolwich,8.18,Kings College Hospital,17.71
DA76AZ,51.454188,0.161885,South,Darent Valley,7.02,Darent Valley,7.02,Queen Elizabeth Woolwich,8.13,Kings College Hospital,17.65
DA76BA,51.453808,0.163968,South,Darent Valley,6.87,Darent Valley,6.87,Queen Elizabeth Woolwich,8.28,Kings College Hospital,17.8
DA76BB,51.455131,0.16393,South,Darent Valley,6.92,Darent Valley,6.92,Queen Elizabeth Woolwich,8.23,Kings College Hospital,17.78
DA76BD,51.455129,0.16452,South,Darent Valley,6.88,Darent Valley,6.88,Queen Elizabeth Woolwich,8.27,Kings College Hospital,17.82
DA76BE,51.46287,0.165607,South,Darent Valley,7.14,Darent Valley,7.14,Queen Elizabeth Woolwich,8.11,Kings College Hospital,17.85
DA76DE,51.460611,0.159338,South,Darent Valley,7.43,Darent Valley,7.43,Queen Elizabeth Woolwich,7.75,Kings College Hospital,17.43
DA76DJ,51.458506,0.156935,South,Darent Valley,7.5,Darent Valley,7.5,Queen Elizabeth Woolwich,7.65,Kings College Hospital,17.27
DA76DL,51.461251,0.158792,South,Darent Valley,7.49,Darent Valley,7.49,Queen Elizabeth Woolwich,7.69,Kings College Hospital,17.38
DA76DZ,51.45971,0.156503,South,Darent Valley,7.58,Darent Valley,7.58,Queen Elizabeth Woolwich,7.58,Kings College Hospital,17.23
DA76EA,51.459712,0.158864,South,Darent Valley,7.43,Darent Valley,7.43,Queen Elizabeth Woolwich,7.74,Kings College Hospital,17.4
DA76EB,51.45902,0.156845,South,Darent Valley,7.53,Darent Valley,7.53,Queen Elizabeth Woolwich,7.63,Kings College Hospital,17.26
DA76ED,51.458704,0.164733,South,Darent Valley,7.01,Darent Valley,7.01,Queen Elizabeth Woolwich,8.16,Kings College Hospital,17.81
DA76EE,51.458927,0.162872,South,Darent Valley,7.14,Darent Valley,7.14,Queen Elizabeth Woolwich,8.03,Kings College Hospital,17.68
DA76EF,51.458495,0.162909,South,Darent Valley,7.12,Darent Valley,7.12,Queen Elizabeth Woolwich,8.05,Kings College Hospital,17.69
DA76EG,51.457728,0.164499,South,Darent Valley,6.98,Darent Valley,6.98,Queen Elizabeth Woolwich,8.18,Kings College Hospital,17.8
DA76EH,51.459425,0.159296,South,Darent Valley,7.39,Darent Valley,7.39,Queen Elizabeth Woolwich,7.78,Kings College Hospital,17.43
DA76EJ,51.459704,0.162707,South,Darent Valley,7.18,Darent Valley,7.18,Queen Elizabeth Woolwich,8.0,Kings College Hospital,17.66
DA76EL,51.457884,0.162894,South,Darent Valley,7.09,Darent Valley,7.09,Queen Elizabeth Woolwich,8.07,Kings College Hospital,17.69
DA76EN,51.459454,0.160637,South,Darent Valley,7.3,Darent Valley,7.3,Queen Elizabeth Woolwich,7.87,Kings College Hospital,17.52
DA76EP,51.458498,0.167127,South,Darent Valley,6.84,Darent Valley,6.84,Queen Elizabeth Woolwich,8.33,Kings College Hospital,17.98
DA76EQ,51.456878,0.166719,South,Darent Valley,6.8,Darent Valley,6.8,Queen Elizabeth Woolwich,8.35,Kings College Hospital,17.96
DA76ER,51.459716,0.164003,South,Darent Valley,7.1,Darent Valley,7.1,Queen Elizabeth Woolwich,8.08,Kings College Hospital,17.75
DA76ES,51.459921,0.158226,South,Darent Valley,7.48,Darent Valley,7.48,Queen Elizabeth Woolwich,7.69,Kings College Hospital,17.35
DA76ET,51.456056,0.155208,South,Darent Valley,7.53,Darent Valley,7.53,Queen Elizabeth Woolwich,7.62,Kings College Hospital,17.17
DA76EW,51.458812,0.166667,South,Darent Valley,6.89,Darent Valley,6.89,Queen Elizabeth Woolwich,8.29,Kings College Hospital,17.94
DA76EX,51.460537,0.160457,South,Darent Valley,7.36,Darent Valley,7.36,Queen Elizabeth Woolwich,7.82,Kings College Hospital,17.5
DA76EY,51.461672,0.159835,South,Darent Valley,7.45,Darent Valley,7.45,Queen Elizabeth Woolwich,7.75,Kings College Hospital,17.45
DA76EZ,51.461842,0.160361,South,Darent Valley,7.42,Darent Valley,7.42,Queen Elizabeth Woolwich,7.78,Kings College Hospital,17.49
DA76FA,51.460964,0.159686,South,Darent Valley,7.42,Darent Valley,7.42,Queen Elizabeth Woolwich,7.76,Kings College Hospital,17.45
DA76FE,51.455841,0.154665,South,Darent Valley,7.56,Darent Valley,7.56,Queen Elizabeth Woolwich,7.6,Kings College Hospital,17.14
DA76FF,51.454907,0.155557,South,Darent Valley,7.47,Darent Valley,7.47,Queen Elizabeth Woolwich,7.69,Kings College Hospital,17.21
DA76FG,51.455033,0.155059,South,Darent Valley,7.5,Darent Valley,7.5,Queen Elizabeth Woolwich,7.65,Kings College Hospital,17.17
DA76HB,51.46415,0.159117,South,Darent Valley,7.6,Darent Valley,7.6,Queen Elizabeth Woolwich,7.64,Kings College Hospital,17.39
DA76HL,51.458609,0.157718,South,Darent Valley,7.46,Darent Valley,7.46,Queen Elizabeth Woolwich,7.7,Kings College Hospital,17.33
DA76HQ,51.464807,0.159551,South,Darent Valley,7.61,Darent Valley,7.61,Queen Elizabeth Woolwich,7.65,Kings College Hospital,17.42
DA76HY,51.461934,0.159271,South,Darent Valley,7.49,Darent Valley,7.49,Queen Elizabeth Woolwich,7.7,Kings College Hospital,17.41
DA76JA,51.463867,0.165164,South,Darent Valley,7.21,Darent Valley,7.21,Queen Elizabeth Woolwich,8.05,Kings College Hospital,17.81
DA76JB,51.46432,0.165013,South,Darent Valley,7.24,Darent Valley,7.24,Queen Elizabeth Woolwich,8.03,Kings College Hospital,17.8
DA76JD,51.46432,0.165013,South,Darent Valley,7.24,Darent Valley,7.24,Queen Elizabeth Woolwich,8.03,Kings College Hospital,17.8
DA76JE,51.464569,0.161253,South,Darent Valley,7.49,Darent Valley,7.49,Queen Elizabeth Woolwich,7.77,Kings College Hospital,17.54
DA76JF,51.464103,0.163102,South,Darent Valley,7.35,Darent Valley,7.35,Queen Elizabeth Woolwich,7.91,Kings College Hospital,17.67
DA76JG,51.463559,0.163365,South,Darent Valley,7.31,Darent Valley,7.31,Queen Elizabeth Woolwich,7.94,Kings College Hospital,17.69
DA76JH,51.463109,0.16484,South,Darent Valley,7.2,Darent Valley,7.2,Queen Elizabeth Woolwich,8.05,Kings College Hospital,17.79
DA76JJ,51.463595,0.165756,South,Darent Valley,7.16,Darent Valley,7.16,Queen Elizabeth Woolwich,8.1,Kings College Hospital,17.86
DA76JL,51.459966,0.166549,South,Darent Valley,6.94,Darent Valley,6.94,Queen Elizabeth Woolwich,8.25,Kings College Hospital,17.93
DA76JN,51.462303,0.166602,South,Darent Valley,7.05,Darent Valley,7.05,Queen Elizabeth Woolwich,8.19,Kings College Hospital,17.92
DA76JP,51.460128,0.166009,South,Darent Valley,6.99,Darent Valley,6.99,Queen Elizabeth Woolwich,8.21,Kings College Hospital,17.89
DA76JQ,51.463472,0.161705,South,Darent Valley,7.41,Darent Valley,7.41,Queen Elizabeth Woolwich,7.83,Kings College Hospital,17.58
DA76JR,51.457789,0.167554,South,Darent Valley,6.79,Darent Valley,6.79,Queen Elizabeth Woolwich,8.38,Kings College Hospital,18.01
DA76JS,51.458087,0.167007,South,Darent Valley,6.83,Darent Valley,6.83,Queen Elizabeth Woolwich,8.33,Kings College Hospital,17.97
DA76JT,51.45794,0.171045,South,Darent Valley,6.57,Darent Valley,6.57,Queen Elizabeth Woolwich,8.61,Kings College Hospital,18.25
DA76JU,51.460347,0.169244,South,Darent Valley,6.79,Darent Valley,6.79,Queen Elizabeth Woolwich,8.42,Kings College Hospital,18.11
DA76JW,51.462205,0.16605,South,Darent Valley,7.08,Darent Valley,7.08,Queen Elizabeth Woolwich,8.15,Kings College Hospital,17.88
DA76JX,51.457526,0.169571,South,Darent Valley,6.65,Darent Valley,6.65,Queen Elizabeth Woolwich,8.52,Kings College Hospital,18.15
DA76JY,51.457663,0.17047,South,Darent Valley,6.59,Darent Valley,6.59,Queen Elizabeth Woolwich,8.58,Kings College Hospital,18.21
DA76JZ,51.455478,0.168495,South,Darent Valley,6.64,Darent Valley,6.64,Queen Elizabeth Woolwich,8.52,Kings College Hospital,18.1
DA76LA,51.457176,0.168604,South,Darent Valley,6.69,Darent Valley,6.69,Queen Elizabeth Woolwich,8.47,Kings College Hospital,18.09
DA76LB,51.455254,0.167952,South,Darent Valley,6.66,Darent Valley,6.66,Queen Elizabeth Woolwich,8.49,Kings College Hospital,18.06
DA76LH,51.462048,0.157966,South,Darent Valley,7.58,Darent Valley,7.58,Queen Elizabeth Woolwich,7.61,Kings College Hospital,17.32
DA76LJ,51.462942,0.158296,South,Darent Valley,7.6,Darent Valley,7.6,Queen Elizabeth Woolwich,7.61,Kings College Hospital,17.34
DA76LL,51.462606,0.161376,South,Darent Valley,7.39,Darent Valley,7.39,Queen Elizabeth Woolwich,7.83,Kings College Hospital,17.56
DA76LN,51.462244,0.161028,South,Darent Valley,7.4,Darent Valley,7.4,Queen Elizabeth Woolwich,7.81,Kings College Hospital,17.53
DA76LP,51.460242,0.164215,South,Darent Valley,7.1,Darent Valley,7.1,Queen Elizabeth Woolwich,8.08,Kings College Hospital,17.76
DA76LR,51.462644,0.162256,South,Darent Valley,7.34,Darent Valley,7.34,Queen Elizabeth Woolwich,7.89,Kings College Hospital,17.62
DA76LS,51.461126,0.164574,South,Darent Valley,7.12,Darent Valley,7.12,Queen Elizabeth Woolwich,8.08,Kings College Hospital,17.78
DA76LT,51.462122,0.164693,South,Darent Valley,7.16,Darent Valley,7.16,Queen Elizabeth Woolwich,8.06,Kings College Hospital,17.79
DA76LU,51.462408,0.164822,South,Darent Valley,7.16,Darent Valley,7.16,Queen Elizabeth Woolwich,8.06,Kings College Hospital,17.8
DA76LW,51.46062,0.164248,South,Darent Valley,7.12,Darent Valley,7.12,Queen Elizabeth Woolwich,8.07,Kings College Hospital,17.77
DA76LX,51.462186,0.163645,South,Darent Valley,7.23,Darent Valley,7.23,Queen Elizabeth Woolwich,7.99,Kings College Hospital,17.72
DA76LY,51.461544,0.16242,South,Darent Valley,7.28,Darent Valley,7.28,Queen Elizabeth Woolwich,7.93,Kings College Hospital,17.63
DA76LZ,51.460792,0.161722,South,Darent Valley,7.29,Darent Valley,7.29,Queen Elizabeth Woolwich,7.9,Kings College Hospital,17.59
DA76NA,51.460449,0.161288,South,Darent Valley,7.3,Darent Valley,7.3,Queen Elizabeth Woolwich,7.88,Kings College Hospital,17.56
DA76NB,51.460445,0.162022,South,Darent Valley,7.25,Darent Valley,7.25,Queen Elizabeth Woolwich,7.93,Kings College Hospital,17.61
DA76ND,51.464616,0.172787,South,Darent Valley,6.78,Darent Valley,6.78,Queen Elizabeth Woolwich,8.55,Kings College Hospital,18.34
DA76NF,51.460502,0.161348,South,Darent Valley,7.3,Darent Valley,7.3,Queen Elizabeth Woolwich,7.88,Kings College Hospital,17.57
DA76NG,51.463465,0.166974,South,Darent Valley,7.08,Darent Valley,7.08,Queen Elizabeth Woolwich,8.18,Kings College Hospital,17.94
DA76NH,51.463857,0.171052,South,Darent Valley,6.85,Darent Valley,6.85,Queen Elizabeth Woolwich,8.45,Kings College Hospital,18.22
DA76NJ,51.463602,0.168333,South,Darent Valley,7.0,Darent Valley,7.0,Queen Elizabeth Woolwich,8.27,Kings College Hospital,18.03
DA76NL,51.463542,0.171052,South,Darent Valley,6.83,Darent Valley,6.83,Queen Elizabeth Woolwich,8.46,Kings College Hospital,18.22
DA76NN,51.463113,0.170902,South,Darent Valley,6.82,Darent Valley,6.82,Queen Elizabeth Woolwich,8.46,Kings College Hospital,18.21
DA76NP,51.46379,0.173727,South,Darent Valley,6.68,Darent Valley,6.68,Queen Elizabeth Woolwich,8.64,Kings College Hospital,18.41
DA76NQ,51.463894,0.168592,South,Darent Valley,7.0,Darent Valley,7.0,Queen Elizabeth Woolwich,8.28,Kings College Hospital,18.05
DA76NR,51.46379,0.176146,South,Darent Valley,6.53,Darent Valley,6.53,Queen Elizabeth Woolwich,8.8,Kings College Hospital,18.57
DA76NS,51.463767,0.179283,South,Darent Valley,6.34,Darent Valley,6.34,Queen Elizabeth Woolwich,9.01,Kings College Hospital,18.79
DA76NT,51.463458,0.177066,South,Darent Valley,6.46,Darent Valley,6.46,Queen Elizabeth Woolwich,8.87,Kings College Hospital,18.64
DA76NU,51.463432,0.179929,South,Darent Valley,6.29,Darent Valley,6.29,Queen Elizabeth Woolwich,9.06,Kings College Hospital,18.84
DA76NW,51.463472,0.17387,South,Darent Valley,6.65,Darent Valley,6.65,Queen Elizabeth Woolwich,8.65,Kings College Hospital,18.42
DA76NX,51.462786,0.175939,South,Darent Valley,6.49,Darent Valley,6.49,Queen Elizabeth Woolwich,8.81,Kings College Hospital,18.56
DA76NY,51.462225,0.178087,South,Darent Valley,6.33,Darent Valley,6.33,Queen Elizabeth Woolwich,8.97,Kings College Hospital,18.72
DA76NZ,51.463078,0.176227,South,Darent Valley,6.49,Darent Valley,6.49,Queen Elizabeth Woolwich,8.82,Kings College Hospital,18.58
DA76PA,51.46249,0.17833,South,Darent Valley,6.33,Darent Valley,6.33,Queen Elizabeth Woolwich,8.98,Kings College Hospital,18.73
DA76PF,51.466008,0.160774,South,Darent Valley,7.59,Darent Valley,7.59,Queen Elizabeth Woolwich,7.71,Kings College Hospital,17.5
DA76PG,51.465613,0.161201,South,Darent Valley,7.54,Darent Valley,7.54,Queen Elizabeth Woolwich,7.75,Kings College Hospital,17.54
DA76PH,51.465345,0.166933,South,Darent Valley,7.18,Darent Valley,7.18,Queen Elizabeth Woolwich,8.14,Kings College Hospital,17.93
DA76PJ,51.465522,0.165142,South,Darent Valley,7.3,Darent Valley,7.3,Queen Elizabeth Woolwich,8.02,Kings College Hospital,17.81
DA76PL,51.466326,0.163035,South,Darent Valley,7.47,Darent Valley,7.47,Queen Elizabeth Woolwich,7.86,Kings College Hospital,17.66
DA76PP,51.466237,0.162498,South,Darent Valley,7.5,Darent Valley,7.5,Queen Elizabeth Woolwich,7.82,Kings College Hospital,17.62
DA76PQ,51.465148,0.165455,South,Darent Valley,7.26,Darent Valley,7.26,Queen Elizabeth Woolwich,8.04,Kings College Hospital,17.83
DA76PR,51.467461,0.165335,South,Darent Valley,7.39,Darent Valley,7.39,Queen Elizabeth Woolwich,7.99,Kings College Hospital,17.82
DA76PU,51.467832,0.161825,South,Darent Valley,7.62,Darent Valley,7.62,Queen Elizabeth Woolwich,7.74,Kings College Hospital,17.58
DA76PX,51.468452,0.161364,South,Darent Valley,7.68,Darent Valley,7.68,Queen Elizabeth Woolwich,7.7,Kings College Hospital,17.54
DA76PY,51.468756,0.16194,South,Darent Valley,7.66,Darent Valley,7.66,Queen Elizabeth Woolwich,7.74,Kings College Hospital,17.58
DA76PZ,51.468089,0.162974,South,Darent Valley,7.56,Darent Valley,7.56,Queen Elizabeth Woolwich,7.82,Kings College Hospital,17.65
DA76QA,51.468983,0.163737,South,Darent Valley,7.57,Darent Valley,7.57,Queen Elizabeth Woolwich,7.86,Kings College Hospital,17.71
DA76QB,51.46686,0.165249,South,Darent Valley,7.36,Darent Valley,7.36,Queen Elizabeth Woolwich,8.0,Kings College Hospital,17.81
DA76QD,51.466981,0.164563,South,Darent Valley,7.41,Darent Valley,7.41,Queen Elizabeth Woolwich,7.95,Kings College Hospital,17.77
DA76QH,51.466884,0.166877,South,Darent Valley,7.26,Darent Valley,7.26,Queen Elizabeth Woolwich,8.11,Kings College Hospital,17.93
DA76QJ,51.467106,0.166038,South,Darent Valley,7.32,Darent Valley,7.32,Queen Elizabeth Woolwich,8.05,Kings College Hospital,17.87
DA76QL,51.468636,0.166485,South,Darent Valley,7.38,Darent Valley,7.38,Queen Elizabeth Woolwich,8.05,Kings College Hospital,17.9
DA76QN,51.468958,0.166082,South,Darent Valley,7.42,Darent Valley,7.42,Queen Elizabeth Woolwich,8.02,Kings College Hospital,17.87
DA76QP,51.468945,0.172158,South,Darent Valley,7.06,Darent Valley,7.06,Queen Elizabeth Woolwich,8.44,Kings College Hospital,18.29
DA76QQ,51.468253,0.171132,South,Darent Valley,7.08,Darent Valley,7.08,Queen Elizabeth Woolwich,8.38,Kings College Hospital,18.22
DA76QR,51.466807,0.167665,South,Darent Valley,7.21,Darent Valley,7.21,Queen Elizabeth Woolwich,8.16,Kings College Hospital,17.98
DA76QS,51.466885,0.168259,South,Darent Valley,7.18,Darent Valley,7.18,Queen Elizabeth Woolwich,8.2,Kings College Hospital,18.02
DA76QT,51.466915,0.169081,South,Darent Valley,7.13,Darent Valley,7.13,Queen Elizabeth Woolwich,8.26,Kings College Hospital,18.08
DA76QU,51.466921,0.169715,South,Darent Valley,7.09,Darent Valley,7.09,Queen Elizabeth Woolwich,8.3,Kings College Hospital,18.12
DA76QW,51.469045,0.169168,South,Darent Valley,7.24,Darent Valley,7.24,Queen Elizabeth Woolwich,8.23,Kings College Hospital,18.08
DA76RA,51.465246,0.168411,South,Darent Valley,7.08,Darent Valley,7.08,Queen Elizabeth Woolwich,8.24,Kings College Hospital,18.04
DA76RB,51.464848,0.169976,South,Darent Valley,6.96,Darent Valley,6.96,Queen Elizabeth Woolwich,8.36,Kings College Hospital,18.14
DA76RD,51.465203,0.170252,South,Darent Valley,6.97,Darent Valley,6.97,Queen Elizabeth Woolwich,8.37,Kings College Hospital,18.16
DA76RE,51.465145,0.172409,South,Darent Valley,6.83,Darent Valley,6.83,Queen Elizabeth Woolwich,8.52,Kings College Hospital,18.31
DA76RF,51.464776,0.173875,South,Darent Valley,6.72,Darent Valley,6.72,Queen Elizabeth Woolwich,8.63,Kings College Hospital,18.41
DA76RG,51.464733,0.176205,South,Darent Valley,6.58,Darent Valley,6.58,Queen Elizabeth Woolwich,8.78,Kings College Hospital,18.58
DA76RH,51.466423,0.172326,South,Darent Valley,6.91,Darent Valley,6.91,Queen Elizabeth Woolwich,8.49,Kings College Hospital,18.3
DA76RJ,51.467919,0.171202,South,Darent Valley,7.06,Darent Valley,7.06,Queen Elizabeth Woolwich,8.39,Kings College Hospital,18.22
DA76RL,51.469323,0.170693,South,Darent Valley,7.17,Darent Valley,7.17,Queen Elizabeth Woolwich,8.33,Kings College Hospital,18.19
DA76RN,51.468183,0.171531,South,Darent Valley,7.05,Darent Valley,7.05,Queen Elizabeth Woolwich,8.4,Kings College Hospital,18.25
DA76RP,51.466139,0.17165,South,Darent Valley,6.93,Darent Valley,6.93,Queen Elizabeth Woolwich,8.45,Kings College Hospital,18.26
DA76RQ,51.465117,0.174899,South,Darent Valley,6.68,Darent Valley,6.68,Queen Elizabeth Woolwich,8.69,Kings College Hospital,18.48
DA76RR,51.46769,0.170471,South,Darent Valley,7.09,Darent Valley,7.09,Queen Elizabeth Woolwich,8.34,Kings College Hospital,18.17
DA76RS,51.466104,0.17113,South,Darent Valley,6.96,Darent Valley,6.96,Queen Elizabeth Woolwich,8.41,Kings College Hospital,18.22
DA76RT,51.467436,0.170099,South,Darent Valley,7.1,Darent Valley,7.1,Queen Elizabeth Woolwich,8.32,Kings College Hospital,18.15
DA76RU,51.464086,0.177153,South,Darent Valley,6.49,Darent Valley,6.49,Queen Elizabeth Woolwich,8.86,Kings College Hospital,18.64
DA76RW,51.466549,0.172807,South,Darent Valley,6.89,Darent Valley,6.89,Queen Elizabeth Woolwich,8.52,Kings College Hospital,18.34
DA76SA,51.467844,0.175734,South,Darent Valley,6.79,Darent Valley,6.79,Queen Elizabeth Woolwich,8.7,Kings College Hospital,18.54
DA76SB,51.468795,0.174886,South,Darent Valley,6.89,Darent Valley,6.89,Queen Elizabeth Woolwich,8.62,Kings College Hospital,18.48
DA76SD,51.466978,0.176873,South,Darent Valley,6.67,Darent Valley,6.67,Queen Elizabeth Woolwich,8.79,Kings College Hospital,18.62
DA76SE,51.465798,0.176932,South,Darent Valley,6.6,Darent Valley,6.6,Queen Elizabeth Woolwich,8.81,Kings College Hospital,18.62
DA76SF,51.465509,0.175594,South,Darent Valley,6.66,Darent Valley,6.66,Queen Elizabeth Woolwich,8.73,Kings College Hospital,18.53
DA76SG,51.468086,0.177243,South,Darent Valley,6.71,Darent Valley,6.71,Queen Elizabeth Woolwich,8.8,Kings College Hospital,18.64
DA76SH,51.468314,0.174619,South,Darent Valley,6.88,Darent Valley,6.88,Queen Elizabeth Woolwich,8.61,Kings College Hospital,18.46
DA76SJ,51.468462,0.176872,South,Darent Valley,6.76,Darent Valley,6.76,Queen Elizabeth Woolwich,8.77,Kings College Hospital,18.62
DA76SL,51.467961,0.176733,South,Darent Valley,6.74,Darent Valley,6.74,Queen Elizabeth Woolwich,8.76,Kings College Hospital,18.61
DA76SN,51.465019,0.178709,South,Darent Valley,6.45,Darent Valley,6.45,Queen Elizabeth Woolwich,8.95,Kings College Hospital,18.75
DA76SP,51.46686,0.174463,South,Darent Valley,6.8,Darent Valley,6.8,Queen Elizabeth Woolwich,8.63,Kings College Hospital,18.45
DA76SQ,51.466306,0.177705,South,Darent Valley,6.58,Darent Valley,6.58,Queen Elizabeth Woolwich,8.86,Kings College Hospital,18.68
DA76SR,51.468111,0.174912,South,Darent Valley,6.85,Darent Valley,6.85,Queen Elizabeth Woolwich,8.64,Kings College Hospital,18.48
DA76SS,51.467284,0.175866,South,Darent Valley,6.75,Darent Valley,6.75,Queen Elizabeth Woolwich,8.72,Kings College Hospital,18.55
DA76ST,51.466922,0.175517,South,Darent Valley,6.75,Darent Valley,6.75,Queen Elizabeth Woolwich,8.7,Kings College Hospital,18.52
DA76SU,51.466538,0.176334,South,Darent Valley,6.68,Darent Valley,6.68,Queen Elizabeth Woolwich,8.76,Kings College Hospital,18.58
DA76SW,51.46467,0.179124,South,Darent Valley,6.4,Darent Valley,6.4,Queen Elizabeth Woolwich,8.99,Kings College Hospital,18.78
DA76SX,51.465478,0.175319,South,Darent Valley,6.68,Darent Valley,6.68,Queen Elizabeth Woolwich,8.71,Kings College Hospital,18.51
DA76SY,51.467844,0.175734,South,Darent Valley,6.79,Darent Valley,6.79,Queen Elizabeth Woolwich,8.7,Kings College Hospital,18.54
DA76SZ,51.465478,0.175319,South,Darent Valley,6.68,Darent Valley,6.68,Queen Elizabeth Woolwich,8.71,Kings College Hospital,18.51
DA76TA,51.464552,0.176715,South,Darent Valley,6.54,Darent Valley,6.54,Queen Elizabeth Woolwich,8.82,Kings College Hospital,18.61
DA76TB,51.462861,0.165592,South,Darent Valley,7.14,Darent Valley,7.14,Queen Elizabeth Woolwich,8.11,Kings College Hospital,17.85
DA76TD,51.464552,0.176715,South,Darent Valley,6.54,Darent Valley,6.54,Queen Elizabeth Woolwich,8.82,Kings College Hospital,18.61
DA76TQ,51.464552,0.176715,South,Darent Valley,6.54,Darent Valley,6.54,Queen Elizabeth Woolwich,8.82,Kings College Hospital,18.61
DA76TR,51.462861,0.165592,South,Darent Valley,7.14,Darent Valley,7.14,Queen Elizabeth Woolwich,8.11,Kings College Hospital,17.85
DA76TW,51.46287,0.165607,South,Darent Valley,7.14,Darent Valley,7.14,Queen Elizabeth Woolwich,8.11,Kings College Hospital,17.85
DA76UA,51.462861,0.165592,South,Darent Valley,7.14,Darent Valley,7.14,Queen Elizabeth Woolwich,8.11,Kings College Hospital,17.85
DA76ZS,51.46287,0.165607,South,Darent Valley,7.14,Darent Valley,7.14,Queen Elizabeth Woolwich,8.11,Kings College Hospital,17.85
DA76ZT,51.46287,0.165607,South,Darent Valley,7.14,Darent Valley,7.14,Queen Elizabeth Woolwich,8.11,Kings College Hospital,17.85
DA76ZU,51.46287,0.165607,South,Darent Valley,7.14,Darent Valley,7.14,Queen Elizabeth Woolwich,8.11,Kings College Hospital,17.85
DA76ZW,51.464552,0.176715,South,Darent Valley,6.54,Darent Valley,6.54,Queen Elizabeth Woolwich,8.82,Kings College Hospital,18.61
DA76ZX,51.46287,0.165607,South,Darent Valley,7.14,Darent Valley,7.14,Queen Elizabeth Woolwich,8.11,Kings College Hospital,17.85
DA76ZY,51.464552,0.176715,South,Darent Valley,6.54,Darent Valley,6.54,Queen Elizabeth Woolwich,8.82,Kings College Hospital,18.61
DA76ZZ,51.46287,0.165607,South,Darent Valley,7.14,Darent Valley,7.14,Queen Elizabeth Woolwich,8.11,Kings College Hospital,17.85
DA81AB,51.482681,0.176282,South,Darent Valley,7.76,Darent Valley,7.76,Queen Elizabeth Woolwich,8.66,Kings College Hospital,18.64
DA81AD,51.483086,0.176258,South,Darent Valley,7.8,Darent Valley,7.8,Queen Elizabeth Woolwich,8.66,Kings College Hospital,18.64
DA81AE,51.482819,0.177124,South,Darent Valley,7.73,Darent Valley,7.73,Queen Elizabeth Woolwich,8.72,Kings College Hospital,18.7
DA81AF,51.483757,0.175526,South,Darent Valley,7.88,Darent Valley,7.88,Queen Elizabeth Woolwich,8.61,Kings College Hospital,18.6
DA81AG,51.484646,0.174633,South,Darent Valley,8.0,Darent Valley,8.0,Queen Elizabeth Woolwich,8.56,Kings College Hospital,18.55
DA81AH,51.483256,0.174883,South,Darent Valley,7.88,Darent Valley,7.88,Queen Elizabeth Woolwich,8.57,Kings College Hospital,18.55
DA81AJ,51.483852,0.173774,South,Darent Valley,7.98,Darent Valley,7.98,Queen Elizabeth Woolwich,8.49,Kings College Hospital,18.48
DA81AL,51.484282,0.173377,South,Darent Valley,8.03,Darent Valley,8.03,Queen Elizabeth Woolwich,8.47,Kings College Hospital,18.46
DA81AN,51.485694,0.171931,South,Darent Valley,8.21,Darent Valley,8.21,Queen Elizabeth Woolwich,8.38,Kings College Hospital,18.37
DA81AP,51.486823,0.172129,South,Darent Valley,8.29,Darent Valley,8.29,Queen Elizabeth Woolwich,8.41,Kings College Hospital,18.4
DA81AQ,51.484582,0.174154,South,Darent Valley,8.02,Darent Valley,8.02,Queen Elizabeth Woolwich,8.52,Kings College Hospital,18.51
DA81AR,51.486146,0.171334,South,Darent Valley,8.28,Darent Valley,8.28,Queen Elizabeth Woolwich,8.35,Kings College Hospital,18.34
DA81AS,51.485909,0.170991,South,Darent Valley,8.28,Darent Valley,8.28,Queen Elizabeth Woolwich,8.32,Kings College Hospital,18.31
DA81AT,51.484952,0.172184,South,Darent Valley,8.14,Darent Valley,8.14,Queen Elizabeth Woolwich,8.39,Kings College Hospital,18.38
DA81AW,51.486009,0.172379,South,Darent Valley,8.21,Darent Valley,8.21,Queen Elizabeth Woolwich,8.42,Kings College Hospital,18.41
DA81AZ,51.476455,0.195729,South,Darent Valley,6.32,Darent Valley,6.32,Queen Elizabeth Woolwich,10.0,Kings College Hospital,19.94
DA81BA,51.479695,0.182131,South,Darent Valley,7.24,Darent Valley,7.24,Queen Elizabeth Woolwich,9.05,Kings College Hospital,19.02
DA81BB,51.484062,0.176492,South,Darent Valley,7.86,Darent Valley,7.86,Queen Elizabeth Woolwich,8.68,Kings College Hospital,18.67
DA81BE,51.484355,0.176722,South,Darent Valley,7.87,Darent Valley,7.87,Queen Elizabeth Woolwich,8.7,Kings College Hospital,18.69
DA81BF,51.48384,0.177331,South,Darent Valley,7.8,Darent Valley,7.8,Queen Elizabeth Woolwich,8.74,Kings College Hospital,18.73
DA81BG,51.483592,0.177636,South,Darent Valley,7.77,Darent Valley,7.77,Queen Elizabeth Woolwich,8.76,Kings College Hospital,18.74
DA81BL,51.484983,0.17534,South,Darent Valley,7.99,Darent Valley,7.99,Queen Elizabeth Woolwich,8.61,Kings College Hospital,18.6
DA81BQ,51.485026,0.175961,South,Darent Valley,7.96,Darent Valley,7.96,Queen Elizabeth Woolwich,8.65,Kings College Hospital,18.64
DA81DD,51.487537,0.172466,South,Darent Valley,8.33,Darent Valley,8.33,Queen Elizabeth Woolwich,8.44,Kings College Hospital,18.43
DA81DJ,51.476455,0.195729,South,Darent Valley,6.32,Darent Valley,6.32,Queen Elizabeth Woolwich,10.0,Kings College Hospital,19.94
DA81DQ,51.484497,0.17585,South,Darent Valley,7.92,Darent Valley,7.92,Queen Elizabeth Woolwich,8.64,Kings College Hospital,18.63
DA81FA,51.485356,0.173168,South,Darent Valley,8.12,Darent Valley,8.12,Queen Elizabeth Woolwich,8.46,Kings College Hospital,18.46
DA81FB,51.479384,0.179034,South,Darent Valley,7.38,Darent Valley,7.38,Queen Elizabeth Woolwich,8.84,Kings College Hospital,18.81
DA81FD,51.47906,0.181956,South,Darent Valley,7.2,Darent Valley,7.2,Queen Elizabeth Woolwich,9.04,Kings College Hospital,19.01
DA81FE,51.482316,0.178526,South,Darent Valley,7.62,Darent Valley,7.62,Queen Elizabeth Woolwich,8.81,Kings College Hospital,18.79
DA81FF,51.482089,0.178659,South,Darent Valley,7.6,Darent Valley,7.6,Queen Elizabeth Woolwich,8.82,Kings College Hospital,18.8
DA81FG,51.480956,0.181528,South,Darent Valley,7.37,Darent Valley,7.37,Queen Elizabeth Woolwich,9.01,Kings College Hospital,18.99
DA81FW,51.48089,0.182173,South,Darent Valley,7.33,Darent Valley,7.33,Queen Elizabeth Woolwich,9.06,Kings College Hospital,19.03
DA81GL,51.479279,0.181751,South,Darent Valley,7.23,Darent Valley,7.23,Queen Elizabeth Woolwich,9.03,Kings College Hospital,18.99
DA81GP,51.484108,0.175471,South,Darent Valley,7.91,Darent Valley,7.91,Queen Elizabeth Woolwich,8.61,Kings College Hospital,18.6
DA81GU,51.482711,0.177594,South,Darent Valley,7.7,Darent Valley,7.7,Queen Elizabeth Woolwich,8.75,Kings College Hospital,18.73
DA81GX,51.482712,0.177551,South,Darent Valley,7.7,Darent Valley,7.7,Queen Elizabeth Woolwich,8.75,Kings College Hospital,18.73
DA81GZ,51.482332,0.176712,South,Darent Valley,7.72,Darent Valley,7.72,Queen Elizabeth Woolwich,8.69,Kings College Hospital,18.67
DA81LH,51.476455,0.195729,South,Darent Valley,6.32,Darent Valley,6.32,Queen Elizabeth Woolwich,10.0,Kings College Hospital,19.94
DA81LL,51.486169,0.173466,South,Darent Valley,8.17,Darent Valley,8.17,Queen Elizabeth Woolwich,8.49,Kings College Hospital,18.49
DA81LN,51.486445,0.174099,South,Darent Valley,8.16,Darent Valley,8.16,Queen Elizabeth Woolwich,8.54,Kings College Hospital,18.53
DA81LW,51.485799,0.174039,South,Darent Valley,8.11,Darent Valley,8.11,Queen Elizabeth Woolwich,8.53,Kings College Hospital,18.52
DA81NB,51.484357,0.171277,South,Darent Valley,8.15,Darent Valley,8.15,Queen Elizabeth Woolwich,8.32,Kings College Hospital,18.31
DA81NR,51.484578,0.171,South,Darent Valley,8.18,Darent Valley,8.18,Queen Elizabeth Woolwich,8.31,Kings College Hospital,18.3
DA81NS,51.486624,0.172682,South,Darent Valley,8.25,Darent Valley,8.25,Queen Elizabeth Woolwich,8.44,Kings College Hospital,18.44
DA81NT,51.486484,0.172977,South,Darent Valley,8.22,Darent Valley,8.22,Queen Elizabeth Woolwich,8.46,Kings College Hospital,18.46
DA81NX,51.484994,0.170386,South,Darent Valley,8.24,Darent Valley,8.24,Queen Elizabeth Woolwich,8.27,Kings College Hospital,18.26
DA81NY,51.48417,0.169727,South,Darent Valley,8.21,Darent Valley,8.21,Queen Elizabeth Woolwich,8.22,Kings College Hospital,18.21
DA81PF,51.482862,0.172358,South,Darent Valley,7.98,Darent Valley,7.98,Queen Elizabeth Woolwich,8.39,Kings College Hospital,18.37
DA81PW,51.483661,0.17002,South,Darent Valley,8.16,Darent Valley,8.16,Queen Elizabeth Woolwich,8.23,Kings College Hospital,18.22
DA81QJ,51.481158,0.17065,South,Darent Valley,7.95,Darent Valley,7.95,Queen Elizabeth Woolwich,8.26,Kings College Hospital,18.24
DA81QL,51.481936,0.170874,South,Darent Valley,7.99,Darent Valley,7.99,Queen Elizabeth Woolwich,8.28,Kings College Hospital,18.26
DA81QR,51.480652,0.184812,South,Darent Valley,7.18,Darent Valley,7.18,Queen Elizabeth Woolwich,9.24,Kings College Hospital,19.21
DA81QW,51.481219,0.182391,South,Darent Valley,7.35,Darent Valley,7.35,Queen Elizabeth Woolwich,9.08,Kings College Hospital,19.05
DA81QY,51.481658,0.181029,South,Darent Valley,7.45,Darent Valley,7.45,Queen Elizabeth Woolwich,8.98,Kings College Hospital,18.96
DA81QZ,51.479611,0.180355,South,Darent Valley,7.33,Darent Valley,7.33,Queen Elizabeth Woolwich,8.93,Kings College Hospital,18.9
DA81RA,51.481367,0.177832,South,Darent Valley,7.59,Darent Valley,7.59,Queen Elizabeth Woolwich,8.76,Kings College Hospital,18.74
DA81RB,51.480139,0.179027,South,Darent Valley,7.43,Darent Valley,7.43,Queen Elizabeth Woolwich,8.84,Kings College Hospital,18.81
DA81RD,51.480564,0.180876,South,Darent Valley,7.37,Darent Valley,7.37,Queen Elizabeth Woolwich,8.97,Kings College Hospital,18.94
DA81RE,51.480354,0.180045,South,Darent Valley,7.4,Darent Valley,7.4,Queen Elizabeth Woolwich,8.91,Kings College Hospital,18.88
DA81RF,51.480164,0.181577,South,Darent Valley,7.31,Darent Valley,7.31,Queen Elizabeth Woolwich,9.02,Kings College Hospital,18.99
DA81RG,51.48014,0.180928,South,Darent Valley,7.34,Darent Valley,7.34,Queen Elizabeth Woolwich,8.97,Kings College Hospital,18.94
DA81RH,51.481571,0.180406,South,Darent Valley,7.47,Darent Valley,7.47,Queen Elizabeth Woolwich,8.94,Kings College Hospital,18.92
DA81RJ,51.480646,0.180794,South,Darent Valley,7.38,Darent Valley,7.38,Queen Elizabeth Woolwich,8.96,Kings College Hospital,18.94
DA81RL,51.479773,0.18032,South,Darent Valley,7.34,Darent Valley,7.34,Queen Elizabeth Woolwich,8.93,Kings College Hospital,18.9
DA81RN,51.478415,0.180831,South,Darent Valley,7.21,Darent Valley,7.21,Queen Elizabeth Woolwich,8.96,Kings College Hospital,18.92
DA81RP,51.478955,0.180353,South,Darent Valley,7.28,Darent Valley,7.28,Queen Elizabeth Woolwich,8.93,Kings College Hospital,18.89
DA81RQ,51.479649,0.180746,South,Darent Valley,7.31,Darent Valley,7.31,Queen Elizabeth Woolwich,8.96,Kings College Hospital,18.93
DA81RR,51.477051,0.18163,South,Darent Valley,7.07,Darent Valley,7.07,Queen Elizabeth Woolwich,9.02,Kings College Hospital,18.97
DA81RS,51.481367,0.177832,South,Darent Valley,7.59,Darent Valley,7.59,Queen Elizabeth Woolwich,8.76,Kings College Hospital,18.74
DA81RT,51.4797,0.181368,South,Darent Valley,7.28,Darent Valley,7.28,Queen Elizabeth Woolwich,9.0,Kings College Hospital,18.97
DA81RU,51.478857,0.179772,South,Darent Valley,7.3,Darent Valley,7.3,Queen Elizabeth Woolwich,8.89,Kings College Hospital,18.85
DA81RW,51.479084,0.182073,South,Darent Valley,7.2,Darent Valley,7.2,Queen Elizabeth Woolwich,9.05,Kings College Hospital,19.01
DA81RX,51.481611,0.181617,South,Darent Valley,7.41,Darent Valley,7.41,Queen Elizabeth Woolwich,9.02,Kings College Hospital,19.0
DA81RY,51.477496,0.181867,South,Darent Valley,7.09,Darent Valley,7.09,Queen Elizabeth Woolwich,9.04,Kings College Hospital,18.99
DA81RZ,51.47746,0.180944,South,Darent Valley,7.14,Darent Valley,7.14,Queen Elizabeth Woolwich,8.97,Kings College Hospital,18.93
DA81SA,51.481447,0.178844,South,Darent Valley,7.54,Darent Valley,7.54,Queen Elizabeth Woolwich,8.83,Kings College Hospital,18.81
DA81SB,51.481279,0.180147,South,Darent Valley,7.46,Darent Valley,7.46,Queen Elizabeth Woolwich,8.92,Kings College Hospital,18.9
DA81SD,51.483778,0.176334,South,Darent Valley,7.84,Darent Valley,7.84,Queen Elizabeth Woolwich,8.67,Kings College Hospital,18.66
DA81SE,51.480348,0.180362,South,Darent Valley,7.38,Darent Valley,7.38,Queen Elizabeth Woolwich,8.93,Kings College Hospital,18.9
DA81SF,51.483336,0.17735,South,Darent Valley,7.76,Darent Valley,7.76,Queen Elizabeth Woolwich,8.74,Kings College Hospital,18.72
DA81SG,51.483256,0.177274,South,Darent Valley,7.76,Darent Valley,7.76,Queen Elizabeth Woolwich,8.73,Kings College Hospital,18.72
DA81SH,51.480579,0.178572,South,Darent Valley,7.49,Darent Valley,7.49,Queen Elizabeth Woolwich,8.81,Kings College Hospital,18.78
DA81SJ,51.480564,0.180876,South,Darent Valley,7.37,Darent Valley,7.37,Queen Elizabeth Woolwich,8.97,Kings College Hospital,18.94
DA81SL,51.47943,0.181384,South,Darent Valley,7.26,Darent Valley,7.26,Queen Elizabeth Woolwich,9.0,Kings College Hospital,18.97
DA81SN,51.479025,0.181407,South,Darent Valley,7.23,Darent Valley,7.23,Queen Elizabeth Woolwich,9.0,Kings College Hospital,18.97
DA81SP,51.481081,0.179172,South,Darent Valley,7.5,Darent Valley,7.5,Queen Elizabeth Woolwich,8.85,Kings College Hospital,18.83
DA81SQ,51.478199,0.180346,South,Darent Valley,7.22,Darent Valley,7.22,Queen Elizabeth Woolwich,8.93,Kings College Hospital,18.89
DA81SR,51.479773,0.18032,South,Darent Valley,7.34,Darent Valley,7.34,Queen Elizabeth Woolwich,8.93,Kings College Hospital,18.9
DA81TA,51.480119,0.179127,South,Darent Valley,7.43,Darent Valley,7.43,Queen Elizabeth Woolwich,8.85,Kings College Hospital,18.82
DA81TB,51.480293,0.180892,South,Darent Valley,7.35,Darent Valley,7.35,Queen Elizabeth Woolwich,8.97,Kings College Hospital,18.94
DA81TD,51.4798,0.178881,South,Darent Valley,7.42,Darent Valley,7.42,Queen Elizabeth Woolwich,8.83,Kings College Hospital,18.8
DA81TG,51.477945,0.180492,South,Darent Valley,7.2,Darent Valley,7.2,Queen Elizabeth Woolwich,8.94,Kings College Hospital,18.9
DA81TH,51.4798,0.178881,South,Darent Valley,7.42,Darent Valley,7.42,Queen Elizabeth Woolwich,8.83,Kings College Hospital,18.8
DA81TJ,51.479827,0.177442,South,Darent Valley,7.49,Darent Valley,7.49,Queen Elizabeth Woolwich,8.73,Kings College Hospital,18.7
DA81TL,51.480971,0.177828,South,Darent Valley,7.56,Darent Valley,7.56,Queen Elizabeth Woolwich,8.76,Kings College Hospital,18.73
DA81TP,51.479854,0.176003,South,Darent Valley,7.57,Darent Valley,7.57,Queen Elizabeth Woolwich,8.63,Kings College Hospital,18.6
DA81TR,51.480301,0.17951,South,Darent Valley,7.42,Darent Valley,7.42,Queen Elizabeth Woolwich,8.87,Kings College Hospital,18.85
DA81TS,51.4798,0.178881,South,Darent Valley,7.42,Darent Valley,7.42,Queen Elizabeth Woolwich,8.83,Kings College Hospital,18.8
DA81TT,51.479338,0.180515,South,Darent Valley,7.3,Darent Valley,7.3,Queen Elizabeth Woolwich,8.94,Kings College Hospital,18.91
DA81TU,51.482311,0.175386,South,Darent Valley,7.78,Darent Valley,7.78,Queen Elizabeth Woolwich,8.59,Kings College Hospital,18.58
DA81TW,51.479469,0.178822,South,Darent Valley,7.39,Darent Valley,7.39,Queen Elizabeth Woolwich,8.82,Kings College Hospital,18.79
DA81TX,51.482592,0.175773,South,Darent Valley,7.78,Darent Valley,7.78,Queen Elizabeth Woolwich,8.62,Kings College Hospital,18.61
DA81TY,51.481637,0.175368,South,Darent Valley,7.73,Darent Valley,7.73,Queen Elizabeth Woolwich,8.59,Kings College Hospital,18.57
DA81TZ,51.481651,0.176089,South,Darent Valley,7.7,Darent Valley,7.7,Queen Elizabeth Woolwich,8.64,Kings College Hospital,18.62
DA81UA,51.476455,0.195729,South,Darent Valley,6.32,Darent Valley,6.32,Queen Elizabeth Woolwich,10.0,Kings College Hospital,19.94
DA81UB,51.476455,0.195729,South,Darent Valley,6.32,Darent Valley,6.32,Queen Elizabeth Woolwich,10.0,Kings College Hospital,19.94
DA81UD,51.476455,0.195729,South,Darent Valley,6.32,Darent Valley,6.32,Queen Elizabeth Woolwich,10.0,Kings College Hospital,19.94
DA81UE,51.481651,0.176089,South,Darent Valley,7.7,Darent Valley,7.7,Queen Elizabeth Woolwich,8.64,Kings College Hospital,18.62
DA81UF,51.476455,0.195729,South,Darent Valley,6.32,Darent Valley,6.32,Queen Elizabeth Woolwich,10.0,Kings College Hospital,19.94
DA81UG,51.476455,0.195729,South,Darent Valley,6.32,Darent Valley,6.32,Queen Elizabeth Woolwich,10.0,Kings College Hospital,19.94
DA81UH,51.481651,0.176089,South,Darent Valley,7.7,Darent Valley,7.7,Queen Elizabeth Woolwich,8.64,Kings College Hospital,18.62
DA81UN,51.476455,0.195729,South,Darent Valley,6.32,Darent Valley,6.32,Queen Elizabeth Woolwich,10.0,Kings College Hospital,19.94
DA81UQ,51.481651,0.176089,South,Darent Valley,7.7,Darent Valley,7.7,Queen Elizabeth Woolwich,8.64,Kings College Hospital,18.62
DA81WA,51.476455,0.195729,South,Darent Valley,6.32,Darent Valley,6.32,Queen Elizabeth Woolwich,10.0,Kings College Hospital,19.94
DA81WB,51.476455,0.195729,South,Darent Valley,6.32,Darent Valley,6.32,Queen Elizabeth Woolwich,10.0,Kings College Hospital,19.94
DA81WD,51.476455,0.195729,South,Darent Valley,6.32,Darent Valley,6.32,Queen Elizabeth Woolwich,10.0,Kings College Hospital,19.94
DA81WE,51.476455,0.195729,South,Darent Valley,6.32,Darent Valley,6.32,Queen Elizabeth Woolwich,10.0,Kings College Hospital,19.94
DA81WG,51.476455,0.195729,South,Darent Valley,6.32,Darent Valley,6.32,Queen Elizabeth Woolwich,10.0,Kings College Hospital,19.94
DA81WH,51.476455,0.195729,South,Darent Valley,6.32,Darent Valley,6.32,Queen Elizabeth Woolwich,10.0,Kings College Hospital,19.94
DA81WJ,51.476455,0.195729,South,Darent Valley,6.32,Darent Valley,6.32,Queen Elizabeth Woolwich,10.0,Kings College Hospital,19.94
DA81WQ,51.476455,0.195729,South,Darent Valley,6.32,Darent Valley,6.32,Queen Elizabeth Woolwich,10.0,Kings College Hospital,19.94
DA81WT,51.476455,0.195729,South,Darent Valley,6.32,Darent Valley,6.32,Queen Elizabeth Woolwich,10.0,Kings College Hospital,19.94
DA81WW,51.476455,0.195729,South,Darent Valley,6.32,Darent Valley,6.32,Queen Elizabeth Woolwich,10.0,Kings College Hospital,19.94
DA81WX,51.476455,0.195729,South,Darent Valley,6.32,Darent Valley,6.32,Queen Elizabeth Woolwich,10.0,Kings College Hospital,19.94
DA81WY,51.476455,0.195729,South,Darent Valley,6.32,Darent Valley,6.32,Queen Elizabeth Woolwich,10.0,Kings College Hospital,19.94
DA81WZ,51.476455,0.195729,South,Darent Valley,6.32,Darent Valley,6.32,Queen Elizabeth Woolwich,10.0,Kings College Hospital,19.94
DA81XA,51.476455,0.195729,South,Darent Valley,6.32,Darent Valley,6.32,Queen Elizabeth Woolwich,10.0,Kings College Hospital,19.94
DA81XE,51.476455,0.195729,South,Darent Valley,6.32,Darent Valley,6.32,Queen Elizabeth Woolwich,10.0,Kings College Hospital,19.94
DA81XF,51.476455,0.195729,South,Darent Valley,6.32,Darent Valley,6.32,Queen Elizabeth Woolwich,10.0,Kings College Hospital,19.94
DA81XQ,51.476455,0.195729,South,Darent Valley,6.32,Darent Valley,6.32,Queen Elizabeth Woolwich,10.0,Kings College Hospital,19.94
DA81XT,51.476455,0.195729,South,Darent Valley,6.32,Darent Valley,6.32,Queen Elizabeth Woolwich,10.0,Kings College Hospital,19.94
DA81XW,51.476455,0.195729,South,Darent Valley,6.32,Darent Valley,6.32,Queen Elizabeth Woolwich,10.0,Kings College Hospital,19.94
DA81XZ,51.476455,0.195729,South,Darent Valley,6.32,Darent Valley,6.32,Queen Elizabeth Woolwich,10.0,Kings College Hospital,19.94
DA81YP,51.476455,0.195729,South,Darent Valley,6.32,Darent Valley,6.32,Queen Elizabeth Woolwich,10.0,Kings College Hospital,19.94
DA81YQ,51.476455,0.195729,South,Darent Valley,6.32,Darent Valley,6.32,Queen Elizabeth Woolwich,10.0,Kings College Hospital,19.94
DA81YT,51.476455,0.195729,South,Darent Valley,6.32,Darent Valley,6.32,Queen Elizabeth Woolwich,10.0,Kings College Hospital,19.94
DA81YZ,51.476455,0.195729,South,Darent Valley,6.32,Darent Valley,6.32,Queen Elizabeth Woolwich,10.0,Kings College Hospital,19.94
DA81ZD,51.476455,0.195729,South,Darent Valley,6.32,Darent Valley,6.32,Queen Elizabeth Woolwich,10.0,Kings College Hospital,19.94
DA81ZF,51.476455,0.195729,South,Darent Valley,6.32,Darent Valley,6.32,Queen Elizabeth Woolwich,10.0,Kings College Hospital,19.94
DA81ZG,51.476455,0.195729,South,Darent Valley,6.32,Darent Valley,6.32,Queen Elizabeth Woolwich,10.0,Kings College Hospital,19.94
DA81ZH,51.476455,0.195729,South,Darent Valley,6.32,Darent Valley,6.32,Queen Elizabeth Woolwich,10.0,Kings College Hospital,19.94
DA81ZJ,51.476455,0.195729,South,Darent Valley,6.32,Darent Valley,6.32,Queen Elizabeth Woolwich,10.0,Kings College Hospital,19.94
DA81ZL,51.476455,0.195729,South,Darent Valley,6.32,Darent Valley,6.32,Queen Elizabeth Woolwich,10.0,Kings College Hospital,19.94
DA81ZP,51.476455,0.195729,South,Darent Valley,6.32,Darent Valley,6.32,Queen Elizabeth Woolwich,10.0,Kings College Hospital,19.94
DA81ZR,51.476455,0.195729,South,Darent Valley,6.32,Darent Valley,6.32,Queen Elizabeth Woolwich,10.0,Kings College Hospital,19.94
DA81ZS,51.476455,0.195729,South,Darent Valley,6.32,Darent Valley,6.32,Queen Elizabeth Woolwich,10.0,Kings College Hospital,19.94
DA81ZT,51.476455,0.195729,South,Darent Valley,6.32,Darent Valley,6.32,Queen Elizabeth Woolwich,10.0,Kings College Hospital,19.94
DA81ZX,51.476455,0.195729,South,Darent Valley,6.32,Darent Valley,6.32,Queen Elizabeth Woolwich,10.0,Kings College Hospital,19.94
DA82AA,51.476455,0.195729,South,Darent Valley,6.32,Darent Valley,6.32,Queen Elizabeth Woolwich,10.0,Kings College Hospital,19.94
DA82AB,51.478253,0.182796,South,Darent Valley,7.1,Darent Valley,7.1,Queen Elizabeth Woolwich,9.1,Kings College Hospital,19.06
DA82AD,51.477023,0.193726,South,Darent Valley,6.46,Darent Valley,6.46,Queen Elizabeth Woolwich,9.86,Kings College Hospital,19.81
DA82AE,51.478503,0.184292,South,Darent Valley,7.04,Darent Valley,7.04,Queen Elizabeth Woolwich,9.2,Kings College Hospital,19.16
DA82AF,51.478241,0.183905,South,Darent Valley,7.04,Darent Valley,7.04,Queen Elizabeth Woolwich,9.18,Kings College Hospital,19.13
DA82AG,51.478214,0.185344,South,Darent Valley,6.97,Darent Valley,6.97,Queen Elizabeth Woolwich,9.28,Kings College Hospital,19.23
DA82AH,51.479435,0.18448,South,Darent Valley,7.1,Darent Valley,7.1,Queen Elizabeth Woolwich,9.22,Kings College Hospital,19.18
DA82AJ,51.477581,0.195639,South,Darent Valley,6.41,Darent Valley,6.41,Queen Elizabeth Woolwich,9.99,Kings College Hospital,19.94
DA82AL,51.478576,0.186196,South,Darent Valley,6.95,Darent Valley,6.95,Queen Elizabeth Woolwich,9.34,Kings College Hospital,19.3
DA82AN,51.475995,0.192913,South,Darent Valley,6.42,Darent Valley,6.42,Queen Elizabeth Woolwich,9.81,Kings College Hospital,19.75
DA82AP,51.479198,0.187076,South,Darent Valley,6.96,Darent Valley,6.96,Queen Elizabeth Woolwich,9.4,Kings College Hospital,19.36
DA82AQ,51.478353,0.187035,South,Darent Valley,6.89,Darent Valley,6.89,Queen Elizabeth Woolwich,9.39,Kings College Hospital,19.35
DA82AR,51.478781,0.184377,South,Darent Valley,7.06,Darent Valley,7.06,Queen Elizabeth Woolwich,9.21,Kings College Hospital,19.17
DA82AS,51.479454,0.187333,South,Darent Valley,6.96,Darent Valley,6.96,Queen Elizabeth Woolwich,9.41,Kings College Hospital,19.38
DA82AT,51.477718,0.18833,South,Darent Valley,6.78,Darent Valley,6.78,Queen Elizabeth Woolwich,9.48,Kings College Hospital,19.44
DA82AU,51.479124,0.184307,South,Darent Valley,7.09,Darent Valley,7.09,Queen Elizabeth Woolwich,9.2,Kings College Hospital,19.17
DA82AW,51.478008,0.190144,South,Darent Valley,6.71,Darent Valley,6.71,Queen Elizabeth Woolwich,9.61,Kings College Hospital,19.56
DA82AX,51.477232,0.183036,South,Darent Valley,7.01,Darent Valley,7.01,Queen Elizabeth Woolwich,9.12,Kings College Hospital,19.07
DA82AY,51.476423,0.184005,South,Darent Valley,6.9,Darent Valley,6.9,Queen Elizabeth Woolwich,9.19,Kings College Hospital,19.13
DA82AZ,51.476338,0.185643,South,Darent Valley,6.81,Darent Valley,6.81,Queen Elizabeth Woolwich,9.3,Kings College Hospital,19.24
DA82BA,51.477206,0.183452,South,Darent Valley,6.99,Darent Valley,6.99,Queen Elizabeth Woolwich,9.15,Kings College Hospital,19.1
DA82BB,51.476609,0.185094,South,Darent Valley,6.86,Darent Valley,6.86,Queen Elizabeth Woolwich,9.26,Kings College Hospital,19.21
DA82BD,51.477353,0.185706,South,Darent Valley,6.88,Darent Valley,6.88,Queen Elizabeth Woolwich,9.3,Kings College Hospital,19.25
DA82BE,51.477408,0.184182,South,Darent Valley,6.96,Darent Valley,6.96,Queen Elizabeth Woolwich,9.2,Kings College Hospital,19.15
DA82BF,51.475855,0.182149,South,Darent Valley,6.96,Darent Valley,6.96,Queen Elizabeth Woolwich,9.06,Kings College Hospital,19.0
DA82BG,51.475424,0.184505,South,Darent Valley,6.8,Darent Valley,6.8,Queen Elizabeth Woolwich,9.23,Kings College Hospital,19.16
DA82BH,51.474491,0.183409,South,Darent Valley,6.79,Darent Valley,6.79,Queen Elizabeth Woolwich,9.15,Kings College Hospital,19.08
DA82BJ,51.47618,0.180148,South,Darent Valley,7.09,Darent Valley,7.09,Queen Elizabeth Woolwich,8.92,Kings College Hospital,18.86
DA82BL,51.476455,0.195729,South,Darent Valley,6.32,Darent Valley,6.32,Queen Elizabeth Woolwich,10.0,Kings College Hospital,19.94
DA82BN,51.473296,0.190091,South,Darent Valley,6.35,Darent Valley,6.35,Queen Elizabeth Woolwich,9.62,Kings College Hospital,19.54
DA82BP,51.477206,0.183452,South,Darent Valley,6.99,Darent Valley,6.99,Queen Elizabeth Woolwich,9.15,Kings College Hospital,19.1
DA82BQ,51.475675,0.183077,South,Darent Valley,6.89,Darent Valley,6.89,Queen Elizabeth Woolwich,9.13,Kings College Hospital,19.06
DA82BS,51.467195,0.182139,South,Darent Valley,6.38,Darent Valley,6.38,Queen Elizabeth Woolwich,9.15,Kings College Hospital,18.98
DA82BT,51.474002,0.192746,South,Darent Valley,6.27,Darent Valley,6.27,Queen Elizabeth Woolwich,9.8,Kings College Hospital,19.73
DA82BU,51.47612,0.184336,South,Darent Valley,6.86,Darent Valley,6.86,Queen Elizabeth Woolwich,9.21,Kings College Hospital,19.15
DA82BW,51.477125,0.193083,South,Darent Valley,6.5,Darent Valley,6.5,Queen Elizabeth Woolwich,9.81,Kings College Hospital,19.76
DA82BX,51.467141,0.181618,South,Darent Valley,6.4,Darent Valley,6.4,Queen Elizabeth Woolwich,9.11,Kings College Hospital,18.95
DA82BY,51.469856,0.18313,South,Darent Valley,6.49,Darent Valley,6.49,Queen Elizabeth Woolwich,9.18,Kings College Hospital,19.05
DA82BZ,51.46946,0.183644,South,Darent Valley,6.43,Darent Valley,6.43,Queen Elizabeth Woolwich,9.22,Kings College Hospital,19.09
DA82DA,51.468845,0.18239,South,Darent Valley,6.47,Darent Valley,6.47,Queen Elizabeth Woolwich,9.14,Kings College Hospital,19.0
DA82DB,51.468201,0.184131,South,Darent Valley,6.33,Darent Valley,6.33,Queen Elizabeth Woolwich,9.27,Kings College Hospital,19.12
DA82DD,51.468273,0.182665,South,Darent Valley,6.41,Darent Valley,6.41,Queen Elizabeth Woolwich,9.17,Kings College Hospital,19.02
DA82DE,51.467978,0.184494,South,Darent Valley,6.29,Darent Valley,6.29,Queen Elizabeth Woolwich,9.3,Kings College Hospital,19.15
DA82DF,51.468589,0.186438,South,Darent Valley,6.22,Darent Valley,6.22,Queen Elizabeth Woolwich,9.42,Kings College Hospital,19.28
DA82DG,51.467998,0.186338,South,Darent Valley,6.19,Darent Valley,6.19,Queen Elizabeth Woolwich,9.42,Kings College Hospital,19.27
DA82DH,51.466493,0.184063,South,Darent Valley,6.22,Darent Valley,6.22,Queen Elizabeth Woolwich,9.29,Kings College Hospital,19.12
DA82DJ,51.466571,0.186184,South,Darent Valley,6.11,Darent Valley,6.11,Queen Elizabeth Woolwich,9.43,Kings College Hospital,19.26
DA82DL,51.466253,0.186802,South,Darent Valley,6.05,Darent Valley,6.05,Queen Elizabeth Woolwich,9.48,Kings College Hospital,19.31
DA82DN,51.466975,0.188147,South,Darent Valley,6.02,Darent Valley,6.02,Queen Elizabeth Woolwich,9.56,Kings College Hospital,19.4
DA82DP,51.466992,0.190091,South,Darent Valley,5.91,Darent Valley,5.91,Queen Elizabeth Woolwich,9.7,Kings College Hospital,19.53
DA82DQ,51.467623,0.184708,South,Darent Valley,6.26,Darent Valley,6.26,Queen Elizabeth Woolwich,9.32,Kings College Hospital,19.16
DA82DR,51.465403,0.189958,South,Darent Valley,5.82,Darent Valley,5.82,Queen Elizabeth Woolwich,9.71,Kings College Hospital,19.53
DA82DS,51.465112,0.188691,South,Darent Valley,5.87,Darent Valley,5.87,Queen Elizabeth Woolwich,9.63,Kings College Hospital,19.44
DA82DT,51.464472,0.185882,South,Darent Valley,5.99,Darent Valley,5.99,Queen Elizabeth Woolwich,9.45,Kings College Hospital,19.25
DA82DU,51.464736,0.187133,South,Darent Valley,5.94,Darent Valley,5.94,Queen Elizabeth Woolwich,9.53,Kings College Hospital,19.33
DA82DW,51.475965,0.191659,South,Darent Valley,6.48,Darent Valley,6.48,Queen Elizabeth Woolwich,9.72,Kings College Hospital,19.66
DA82DX,51.465396,0.185494,South,Darent Valley,6.07,Darent Valley,6.07,Queen Elizabeth Woolwich,9.41,Kings College Hospital,19.22
DA82DY,51.465101,0.186416,South,Darent Valley,6.0,Darent Valley,6.0,Queen Elizabeth Woolwich,9.47,Kings College Hospital,19.28
DA82DZ,51.465478,0.186894,South,Darent Valley,6.0,Darent Valley,6.0,Queen Elizabeth Woolwich,9.5,Kings College Hospital,19.31
DA82EA,51.464418,0.183489,South,Darent Valley,6.13,Darent Valley,6.13,Queen Elizabeth Woolwich,9.29,Kings College Hospital,19.08
DA82EB,51.465682,0.182729,South,Darent Valley,6.25,Darent Valley,6.25,Queen Elizabeth Woolwich,9.21,Kings College Hospital,19.03
DA82ED,51.474673,0.193412,South,Darent Valley,6.29,Darent Valley,6.29,Queen Elizabeth Woolwich,9.85,Kings College Hospital,19.77
DA82EE,51.465547,0.185112,South,Darent Valley,6.1,Darent Valley,6.1,Queen Elizabeth Woolwich,9.38,Kings College Hospital,19.19
DA82EF,51.465422,0.183148,South,Darent Valley,6.21,Darent Valley,6.21,Queen Elizabeth Woolwich,9.25,Kings College Hospital,19.06
DA82EG,51.466617,0.182745,South,Darent Valley,6.31,Darent Valley,6.31,Queen Elizabeth Woolwich,9.2,Kings College Hospital,19.03
DA82EH,51.47417,0.191947,South,Darent Valley,6.33,Darent Valley,6.33,Queen Elizabeth Woolwich,9.75,Kings College Hospital,19.67
DA82EL,51.473114,0.190701,South,Darent Valley,6.31,Darent Valley,6.31,Queen Elizabeth Woolwich,9.67,Kings College Hospital,19.58
DA82EN,51.472559,0.181416,South,Darent Valley,6.77,Darent Valley,6.77,Queen Elizabeth Woolwich,9.03,Kings College Hospital,18.94
DA82EP,51.473214,0.182469,South,Darent Valley,6.75,Darent Valley,6.75,Queen Elizabeth Woolwich,9.1,Kings College Hospital,19.01
DA82EQ,51.473888,0.18973,South,Darent Valley,6.42,Darent Valley,6.42,Queen Elizabeth Woolwich,9.6,Kings College Hospital,19.52
DA82ER,51.473556,0.182932,South,Darent Valley,6.75,Darent Valley,6.75,Queen Elizabeth Woolwich,9.13,Kings College Hospital,19.05
DA82ES,51.473492,0.183462,South,Darent Valley,6.72,Darent Valley,6.72,Queen Elizabeth Woolwich,9.17,Kings College Hospital,19.08
DA82ET,51.473174,0.183663,South,Darent Valley,6.69,Darent Valley,6.69,Queen Elizabeth Woolwich,9.18,Kings College Hospital,19.09
DA82EU,51.472934,0.183968,South,Darent Valley,6.65,Darent Valley,6.65,Queen Elizabeth Woolwich,9.2,Kings College Hospital,19.11
DA82EW,51.47267,0.182688,South,Darent Valley,6.7,Darent Valley,6.7,Queen Elizabeth Woolwich,9.12,Kings College Hospital,19.03
DA82EX,51.471548,0.182102,South,Darent Valley,6.66,Darent Valley,6.66,Queen Elizabeth Woolwich,9.09,Kings College Hospital,18.98
DA82EY,51.472222,0.18307,South,Darent Valley,6.65,Darent Valley,6.65,Queen Elizabeth Woolwich,9.15,Kings College Hospital,19.05
DA82EZ,51.4723,0.182296,South,Darent Valley,6.7,Darent Valley,6.7,Queen Elizabeth Woolwich,9.09,Kings College Hospital,19.0
DA82FA,51.47424,0.190136,South,Darent Valley,6.42,Darent Valley,6.42,Queen Elizabeth Woolwich,9.62,Kings College Hospital,19.55
DA82FB,51.473855,0.190492,South,Darent Valley,6.38,Darent Valley,6.38,Queen Elizabeth Woolwich,9.65,Kings College Hospital,19.57
DA82FD,51.473534,0.189397,South,Darent Valley,6.41,Darent Valley,6.41,Queen Elizabeth Woolwich,9.58,Kings College Hospital,19.49
DA82FE,51.474121,0.189266,South,Darent Valley,6.46,Darent Valley,6.46,Queen Elizabeth Woolwich,9.56,Kings College Hospital,19.49
DA82FF,51.473589,0.190292,South,Darent Valley,6.37,Darent Valley,6.37,Queen Elizabeth Woolwich,9.64,Kings College Hospital,19.55
DA82FG,51.472705,0.189515,South,Darent Valley,6.34,Darent Valley,6.34,Queen Elizabeth Woolwich,9.59,Kings College Hospital,19.5
DA82FH,51.472559,0.181416,South,Darent Valley,6.77,Darent Valley,6.77,Queen Elizabeth Woolwich,9.03,Kings College Hospital,18.94
DA82FJ,51.472437,0.189402,South,Darent Valley,6.33,Darent Valley,6.33,Queen Elizabeth Woolwich,9.58,Kings College Hospital,19.49
DA82FL,51.472937,0.186718,South,Darent Valley,6.51,Darent Valley,6.51,Queen Elizabeth Woolwich,9.39,Kings College Hospital,19.31
DA82FN,51.473161,0.186268,South,Darent Valley,6.55,Darent Valley,6.55,Queen Elizabeth Woolwich,9.36,Kings College Hospital,19.27
DA82FP,51.472133,0.186925,South,Darent Valley,6.44,Darent Valley,6.44,Queen Elizabeth Woolwich,9.42,Kings College Hospital,19.32
DA82FQ,51.473623,0.186593,South,Darent Valley,6.56,Darent Valley,6.56,Queen Elizabeth Woolwich,9.38,Kings College Hospital,19.3
DA82FR,51.472455,0.186969,South,Darent Valley,6.46,Darent Valley,6.46,Queen Elizabeth Woolwich,9.42,Kings College Hospital,19.32
DA82FS,51.473428,0.184956,South,Darent Valley,6.63,Darent Valley,6.63,Queen Elizabeth Woolwich,9.27,Kings College Hospital,19.18
DA82FT,51.473938,0.186061,South,Darent Valley,6.61,Darent Valley,6.61,Queen Elizabeth Woolwich,9.34,Kings College Hospital,19.26
DA82FU,51.474039,0.18549,South,Darent Valley,6.65,Darent Valley,6.65,Queen Elizabeth Woolwich,9.3,Kings College Hospital,19.22
DA82FW,51.473717,0.184913,South,Darent Valley,6.66,Darent Valley,6.66,Queen Elizabeth Woolwich,9.26,Kings College Hospital,19.18
DA82FX,51.476455,0.195729,South,Darent Valley,6.32,Darent Valley,6.32,Queen Elizabeth Woolwich,10.0,Kings College Hospital,19.94
DA82FY,51.474022,0.186396,South,Darent Valley,6.6,Darent Valley,6.6,Queen Elizabeth Woolwich,9.36,Kings College Hospital,19.29
DA82FZ,51.474327,0.187879,South,Darent Valley,6.55,Darent Valley,6.55,Queen Elizabeth Woolwich,9.47,Kings College Hospital,19.39
DA82GA,51.473712,0.188052,South,Darent Valley,6.49,Darent Valley,6.49,Queen Elizabeth Woolwich,9.48,Kings College Hospital,19.4
DA82GB,51.474183,0.188837,South,Darent Valley,6.49,Darent Valley,6.49,Queen Elizabeth Woolwich,9.53,Kings College Hospital,19.46
DA82GD,51.474232,0.187198,South,Darent Valley,6.57,Darent Valley,6.57,Queen Elizabeth Woolwich,9.42,Kings College Hospital,19.34
DA82GE,51.473852,0.184386,South,Darent Valley,6.69,Darent Valley,6.69,Queen Elizabeth Woolwich,9.23,Kings College Hospital,19.15
DA82GF,51.472763,0.182059,South,Darent Valley,6.74,Darent Valley,6.74,Queen Elizabeth Woolwich,9.07,Kings College Hospital,18.98
DA82GJ,51.472767,0.183758,South,Darent Valley,6.65,Darent Valley,6.65,Queen Elizabeth Woolwich,9.19,Kings College Hospital,19.1
DA82GL,51.473581,0.183034,South,Darent Valley,6.75,Darent Valley,6.75,Queen Elizabeth Woolwich,9.13,Kings College Hospital,19.05
DA82GN,51.47338,0.183658,South,Darent Valley,6.7,Darent Valley,6.7,Queen Elizabeth Woolwich,9.18,Kings College Hospital,19.09
DA82GP,51.473011,0.182229,South,Darent Valley,6.75,Darent Valley,6.75,Queen Elizabeth Woolwich,9.08,Kings College Hospital,18.99
DA82GQ,51.47726,0.18249,South,Darent Valley,7.04,Darent Valley,7.04,Queen Elizabeth Woolwich,9.08,Kings College Hospital,19.03
DA82GR,51.476455,0.195729,South,Darent Valley,6.32,Darent Valley,6.32,Queen Elizabeth Woolwich,10.0,Kings College Hospital,19.94
DA82GS,51.473021,0.183166,South,Darent Valley,6.7,Darent Valley,6.7,Queen Elizabeth Woolwich,9.15,Kings College Hospital,19.06
DA82GT,51.473008,0.182388,South,Darent Valley,6.74,Darent Valley,6.74,Queen Elizabeth Woolwich,9.09,Kings College Hospital,19.01
DA82GU,51.473359,0.182376,South,Darent Valley,6.77,Darent Valley,6.77,Queen Elizabeth Woolwich,9.09,Kings College Hospital,19.01
DA82GX,51.474884,0.183096,South,Darent Valley,6.84,Darent Valley,6.84,Queen Elizabeth Woolwich,9.13,Kings College Hospital,19.06
DA82HA,51.469396,0.186578,South,Darent Valley,6.27,Darent Valley,6.27,Queen Elizabeth Woolwich,9.42,Kings College Hospital,19.29
DA82HB,51.474508,0.195506,South,Darent Valley,6.17,Darent Valley,6.17,Queen Elizabeth Woolwich,9.99,Kings College Hospital,19.92
DA82HD,51.474538,0.196314,South,Darent Valley,6.14,Darent Valley,6.14,Queen Elizabeth Woolwich,10.05,Kings College Hospital,19.97
DA82HE,51.47551,0.196721,South,Darent Valley,6.19,Darent Valley,6.19,Queen Elizabeth Woolwich,10.07,Kings College Hospital,20.01
DA82HF,51.476167,0.197199,South,Darent Valley,6.22,Darent Valley,6.22,Queen Elizabeth Woolwich,10.1,Kings College Hospital,20.04
DA82HG,51.474829,0.198517,South,Darent Valley,6.05,Darent Valley,6.05,Queen Elizabeth Woolwich,10.2,Kings College Hospital,20.13
DA82HH,51.4715,0.181768,South,Darent Valley,6.67,Darent Valley,6.67,Queen Elizabeth Woolwich,9.07,Kings College Hospital,18.96
DA82HJ,51.472179,0.18445,South,Darent Valley,6.57,Darent Valley,6.57,Queen Elizabeth Woolwich,9.24,Kings College Hospital,19.15
DA82HL,51.471565,0.185054,South,Darent Valley,6.5,Darent Valley,6.5,Queen Elizabeth Woolwich,9.29,Kings College Hospital,19.19
DA82HN,51.472646,0.187338,South,Darent Valley,6.45,Darent Valley,6.45,Queen Elizabeth Woolwich,9.44,Kings College Hospital,19.35
DA82HP,51.471259,0.185054,South,Darent Valley,6.48,Darent Valley,6.48,Queen Elizabeth Woolwich,9.29,Kings College Hospital,19.19
DA82HQ,51.474756,0.197635,South,Darent Valley,6.09,Darent Valley,6.09,Queen Elizabeth Woolwich,10.14,Kings College Hospital,20.07
DA82HR,51.470254,0.185885,South,Darent Valley,6.36,Darent Valley,6.36,Queen Elizabeth Woolwich,9.36,Kings College Hospital,19.24
DA82HS,51.470505,0.189813,South,Darent Valley,6.17,Darent Valley,6.17,Queen Elizabeth Woolwich,9.63,Kings College Hospital,19.51
DA82HT,51.470574,0.187066,South,Darent Valley,6.32,Darent Valley,6.32,Queen Elizabeth Woolwich,9.44,Kings College Hospital,19.32
DA82HU,51.470727,0.188038,South,Darent Valley,6.28,Darent Valley,6.28,Queen Elizabeth Woolwich,9.51,Kings College Hospital,19.39
DA82HW,51.475711,0.196082,South,Darent Valley,6.24,Darent Valley,6.24,Queen Elizabeth Woolwich,10.03,Kings College Hospital,19.96
DA82HX,51.4723,0.186126,South,Darent Valley,6.49,Darent Valley,6.49,Queen Elizabeth Woolwich,9.36,Kings College Hospital,19.26
DA82HY,51.470847,0.188807,South,Darent Valley,6.25,Darent Valley,6.25,Queen Elizabeth Woolwich,9.56,Kings College Hospital,19.45
DA82HZ,51.475559,0.198437,South,Darent Valley,6.12,Darent Valley,6.12,Queen Elizabeth Woolwich,10.19,Kings College Hospital,20.13
DA82JA,51.472366,0.187929,South,Darent Valley,6.4,Darent Valley,6.4,Queen Elizabeth Woolwich,9.48,Kings College Hospital,19.39
DA82JB,51.470974,0.189245,South,Darent Valley,6.23,Darent Valley,6.23,Queen Elizabeth Woolwich,9.59,Kings College Hospital,19.48
DA82JD,51.472783,0.194473,South,Darent Valley,6.09,Darent Valley,6.09,Queen Elizabeth Woolwich,9.93,Kings College Hospital,19.84
DA82JE,51.47152,0.189847,South,Darent Valley,6.24,Darent Valley,6.24,Queen Elizabeth Woolwich,9.62,Kings College Hospital,19.52
DA82JF,51.471502,0.190811,South,Darent Valley,6.19,Darent Valley,6.19,Queen Elizabeth Woolwich,9.69,Kings College Hospital,19.59
DA82JG,51.471301,0.192443,South,Darent Valley,6.09,Darent Valley,6.09,Queen Elizabeth Woolwich,9.8,Kings College Hospital,19.7
DA82JH,51.472673,0.194064,South,Darent Valley,6.1,Darent Valley,6.1,Queen Elizabeth Woolwich,9.9,Kings College Hospital,19.81
DA82JJ,51.473615,0.197062,South,Darent Valley,6.03,Darent Valley,6.03,Queen Elizabeth Woolwich,10.1,Kings College Hospital,20.02
DA82JL,51.473962,0.196344,South,Darent Valley,6.09,Darent Valley,6.09,Queen Elizabeth Woolwich,10.05,Kings College Hospital,19.97
DA82JN,51.472925,0.195516,South,Darent Valley,6.05,Darent Valley,6.05,Queen Elizabeth Woolwich,10.0,Kings College Hospital,19.91
DA82JP,51.474116,0.197201,South,Darent Valley,6.06,Darent Valley,6.06,Queen Elizabeth Woolwich,10.11,Kings College Hospital,20.03
DA82JQ,51.471275,0.194328,South,Darent Valley,5.99,Darent Valley,5.99,Queen Elizabeth Woolwich,9.93,Kings College Hospital,19.83
DA82JR,51.473637,0.198287,South,Darent Valley,5.97,Darent Valley,5.97,Queen Elizabeth Woolwich,10.19,Kings College Hospital,20.11
DA82JS,51.473,0.196802,South,Darent Valley,5.99,Darent Valley,5.99,Queen Elizabeth Woolwich,10.09,Kings College Hospital,20.0
DA82JT,51.473005,0.198919,South,Darent Valley,5.89,Darent Valley,5.89,Queen Elizabeth Woolwich,10.24,Kings College Hospital,20.15
DA82JU,51.472387,0.198803,South,Darent Valley,5.85,Darent Valley,5.85,Queen Elizabeth Woolwich,10.23,Kings College Hospital,20.14
DA82JW,51.473178,0.194953,South,Darent Valley,6.1,Darent Valley,6.1,Queen Elizabeth Woolwich,9.96,Kings College Hospital,19.88
DA82JX,51.472881,0.195946,South,Darent Valley,6.03,Darent Valley,6.03,Queen Elizabeth Woolwich,10.03,Kings College Hospital,19.94
DA82JY,51.473001,0.20105,South,Darent Valley,5.79,Darent Valley,5.79,Queen Elizabeth Woolwich,10.38,Kings College Hospital,20.3
DA82JZ,51.477953,0.213142,South,Darent Valley,5.69,Darent Valley,5.69,Queen Elizabeth Woolwich,11.2,Kings College Hospital,21.15
DA82LA,51.475896,0.20875,South,Darent Valley,5.68,Darent Valley,5.68,Queen Elizabeth Woolwich,10.9,Kings College Hospital,20.84
DA82LB,51.476165,0.209757,South,Darent Valley,5.67,Darent Valley,5.67,Queen Elizabeth Woolwich,10.97,Kings College Hospital,20.91
DA82LD,51.477234,0.212171,South,Darent Valley,5.66,Darent Valley,5.66,Queen Elizabeth Woolwich,11.14,Kings College Hospital,21.08
DA82LE,51.479532,0.210971,South,Darent Valley,5.92,Darent Valley,5.92,Queen Elizabeth Woolwich,11.05,Kings College Hospital,21.01
DA82LF,51.48054,0.212835,South,Darent Valley,5.95,Darent Valley,5.95,Queen Elizabeth Woolwich,11.18,Kings College Hospital,21.15
DA82LG,51.47976,0.212236,South,Darent Valley,5.9,Darent Valley,5.9,Queen Elizabeth Woolwich,11.14,Kings College Hospital,21.1
DA82LH,51.470448,0.192359,South,Darent Valley,6.03,Darent Valley,6.03,Queen Elizabeth Woolwich,9.81,Kings College Hospital,19.69
DA82LJ,51.476297,0.1912,South,Darent Valley,6.53,Darent Valley,6.53,Queen Elizabeth Woolwich,9.69,Kings College Hospital,19.63
DA82LL,51.472896,0.199922,South,Darent Valley,5.83,Darent Valley,5.83,Queen Elizabeth Woolwich,10.31,Kings College Hospital,20.22
DA82LN,51.469379,0.192769,South,Darent Valley,5.93,Darent Valley,5.93,Queen Elizabeth Woolwich,9.85,Kings College Hospital,19.72
DA82LP,51.471727,0.196596,South,Darent Valley,5.9,Darent Valley,5.9,Queen Elizabeth Woolwich,10.09,Kings College Hospital,19.99
DA82LQ,51.471226,0.188278,South,Darent Valley,6.3,Darent Valley,6.3,Queen Elizabeth Woolwich,9.52,Kings College Hospital,19.41
DA82LR,51.472018,0.19831,South,Darent Valley,5.84,Darent Valley,5.84,Queen Elizabeth Woolwich,10.2,Kings College Hospital,20.11
DA82LS,51.47049,0.193484,South,Darent Valley,5.97,Darent Valley,5.97,Queen Elizabeth Woolwich,9.88,Kings College Hospital,19.77
DA82LT,51.470779,0.192965,South,Darent Valley,6.02,Darent Valley,6.02,Queen Elizabeth Woolwich,9.85,Kings College Hospital,19.73
DA82LU,51.470226,0.195099,South,Darent Valley,5.87,Darent Valley,5.87,Queen Elizabeth Woolwich,10.0,Kings College Hospital,19.88
DA82LW,51.472204,0.189333,South,Darent Valley,6.31,Darent Valley,6.31,Queen Elizabeth Woolwich,9.58,Kings College Hospital,19.48
DA82LX,51.469896,0.193053,South,Darent Valley,5.95,Darent Valley,5.95,Queen Elizabeth Woolwich,9.86,Kings College Hospital,19.74
DA82LY,51.470325,0.197019,South,Darent Valley,5.78,Darent Valley,5.78,Queen Elizabeth Woolwich,10.13,Kings College Hospital,20.01
DA82LZ,51.469772,0.194371,South,Darent Valley,5.87,Darent Valley,5.87,Queen Elizabeth Woolwich,9.95,Kings College Hospital,19.83
DA82NA,51.46869,0.193542,South,Darent Valley,5.84,Darent Valley,5.84,Queen Elizabeth Woolwich,9.91,Kings College Hospital,19.77
DA82NB,51.468375,0.193109,South,Darent Valley,5.84,Darent Valley,5.84,Queen Elizabeth Woolwich,9.88,Kings College Hospital,19.74
DA82ND,51.467813,0.196236,South,Darent Valley,5.63,Darent Valley,5.63,Queen Elizabeth Woolwich,10.11,Kings College Hospital,19.96
DA82NE,51.463976,0.197491,South,Darent Valley,5.3,Darent Valley,5.3,Queen Elizabeth Woolwich,10.25,Kings College Hospital,20.05
DA82NF,51.468142,0.197375,South,Darent Valley,5.6,Darent Valley,5.6,Queen Elizabeth Woolwich,10.18,Kings College Hospital,20.04
DA82NG,51.467566,0.192106,South,Darent Valley,5.84,Darent Valley,5.84,Queen Elizabeth Woolwich,9.83,Kings College Hospital,19.67
DA82NH,51.473791,0.200181,South,Darent Valley,5.89,Darent Valley,5.89,Queen Elizabeth Woolwich,10.32,Kings College Hospital,20.24
DA82NJ,51.46483,0.193674,South,Darent Valley,5.57,Darent Valley,5.57,Queen Elizabeth Woolwich,9.98,Kings College Hospital,19.79
DA82NL,51.466798,0.192314,South,Darent Valley,5.78,Darent Valley,5.78,Queen Elizabeth Woolwich,9.85,Kings College Hospital,19.69
DA82NN,51.470033,0.191475,South,Darent Valley,6.05,Darent Valley,6.05,Queen Elizabeth Woolwich,9.75,Kings College Hospital,19.63
DA82NP,51.468333,0.191998,South,Darent Valley,5.9,Darent Valley,5.9,Queen Elizabeth Woolwich,9.81,Kings College Hospital,19.67
DA82NQ,51.467324,0.192584,South,Darent Valley,5.8,Darent Valley,5.8,Queen Elizabeth Woolwich,9.86,Kings College Hospital,19.71
DA82NR,51.4689,0.191968,South,Darent Valley,5.94,Darent Valley,5.94,Queen Elizabeth Woolwich,9.8,Kings College Hospital,19.66
DA82NS,51.469605,0.190778,South,Darent Valley,6.05,Darent Valley,6.05,Queen Elizabeth Woolwich,9.71,Kings College Hospital,19.58
DA82NT,51.469652,0.189758,South,Darent Valley,6.11,Darent Valley,6.11,Queen Elizabeth Woolwich,9.64,Kings College Hospital,19.51
DA82NU,51.468348,0.190703,South,Darent Valley,5.97,Darent Valley,5.97,Queen Elizabeth Woolwich,9.72,Kings College Hospital,19.58
DA82NW,51.470161,0.191856,South,Darent Valley,6.03,Darent Valley,6.03,Queen Elizabeth Woolwich,9.78,Kings College Hospital,19.66
DA82NX,51.468322,0.190141,South,Darent Valley,6.0,Darent Valley,6.0,Queen Elizabeth Woolwich,9.68,Kings College Hospital,19.54
DA82NY,51.473827,0.198714,South,Darent Valley,5.96,Darent Valley,5.96,Queen Elizabeth Woolwich,10.22,Kings College Hospital,20.14
DA82NZ,51.471285,0.197151,South,Darent Valley,5.84,Darent Valley,5.84,Queen Elizabeth Woolwich,10.13,Kings College Hospital,20.02
DA82PA,51.469545,0.194951,South,Darent Valley,5.83,Darent Valley,5.83,Queen Elizabeth Woolwich,10.0,Kings College Hospital,19.87
DA82PB,51.468681,0.190187,South,Darent Valley,6.02,Darent Valley,6.02,Queen Elizabeth Woolwich,9.68,Kings College Hospital,19.54
DA82PD,51.473243,0.192968,South,Darent Valley,6.2,Darent Valley,6.2,Queen Elizabeth Woolwich,9.82,Kings College Hospital,19.74
DA82PE,51.477919,0.187159,South,Darent Valley,6.85,Darent Valley,6.85,Queen Elizabeth Woolwich,9.4,Kings College Hospital,19.36
DA82PF,51.47762,0.187288,South,Darent Valley,6.82,Darent Valley,6.82,Queen Elizabeth Woolwich,9.41,Kings College Hospital,19.36
DA82PG,51.476426,0.187173,South,Darent Valley,6.74,Darent Valley,6.74,Queen Elizabeth Woolwich,9.41,Kings College Hospital,19.35
DA82PH,51.471272,0.195423,South,Darent Valley,5.93,Darent Valley,5.93,Queen Elizabeth Woolwich,10.01,Kings College Hospital,19.9
DA82PJ,51.476506,0.186299,South,Darent Valley,6.79,Darent Valley,6.79,Queen Elizabeth Woolwich,9.35,Kings College Hospital,19.29
DA82PL,51.475865,0.186902,South,Darent Valley,6.71,Darent Valley,6.71,Queen Elizabeth Woolwich,9.39,Kings College Hospital,19.33
DA82PN,51.476902,0.18675,South,Darent Valley,6.8,Darent Valley,6.8,Queen Elizabeth Woolwich,9.38,Kings College Hospital,19.32
DA82PP,51.473256,0.183119,South,Darent Valley,6.72,Darent Valley,6.72,Queen Elizabeth Woolwich,9.14,Kings College Hospital,19.06
DA82PQ,51.477001,0.187719,South,Darent Valley,6.75,Darent Valley,6.75,Queen Elizabeth Woolwich,9.44,Kings College Hospital,19.39
DA82PR,51.474133,0.18283,South,Darent Valley,6.8,Darent Valley,6.8,Queen Elizabeth Woolwich,9.12,Kings College Hospital,19.04
DA82PS,51.474436,0.182009,South,Darent Valley,6.86,Darent Valley,6.86,Queen Elizabeth Woolwich,9.06,Kings College Hospital,18.98
DA82PT,51.475278,0.187018,South,Darent Valley,6.66,Darent Valley,6.66,Queen Elizabeth Woolwich,9.4,Kings College Hospital,19.33
DA82PU,51.474453,0.185452,South,Darent Valley,6.68,Darent Valley,6.68,Queen Elizabeth Woolwich,9.3,Kings College Hospital,19.22
DA82PW,51.475786,0.187762,South,Darent Valley,6.66,Darent Valley,6.66,Queen Elizabeth Woolwich,9.45,Kings College Hospital,19.39
DA82PX,51.474708,0.184816,South,Darent Valley,6.73,Darent Valley,6.73,Queen Elizabeth Woolwich,9.25,Kings College Hospital,19.18
DA82PY,51.471012,0.195381,South,Darent Valley,5.91,Darent Valley,5.91,Queen Elizabeth Woolwich,10.01,Kings College Hospital,19.9
DA82PZ,51.471409,0.19625,South,Darent Valley,5.9,Darent Valley,5.9,Queen Elizabeth Woolwich,10.07,Kings College Hospital,19.96
DA82QA,51.476709,0.19181,South,Darent Valley,6.53,Darent Valley,6.53,Queen Elizabeth Woolwich,9.73,Kings College Hospital,19.67
DA82QB,51.470639,0.197048,South,Darent Valley,5.8,Darent Valley,5.8,Queen Elizabeth Woolwich,10.13,Kings College Hospital,20.02
DA82QD,51.471337,0.19773,South,Darent Valley,5.82,Darent Valley,5.82,Queen Elizabeth Woolwich,10.17,Kings College Hospital,20.06
DA82QE,51.470743,0.197716,South,Darent Valley,5.77,Darent Valley,5.77,Queen Elizabeth Woolwich,10.17,Kings College Hospital,20.06
DA82QF,51.476863,0.191702,South,Darent Valley,6.55,Darent Valley,6.55,Queen Elizabeth Woolwich,9.72,Kings College Hospital,19.67
DA82QG,51.476863,0.191702,South,Darent Valley,6.55,Darent Valley,6.55,Queen Elizabeth Woolwich,9.72,Kings College Hospital,19.67
DA82QH,51.476863,0.191702,South,Darent Valley,6.55,Darent Valley,6.55,Queen Elizabeth Woolwich,9.72,Kings College Hospital,19.67
DA82QQ,51.476455,0.195729,South,Darent Valley,6.32,Darent Valley,6.32,Queen Elizabeth Woolwich,10.0,Kings College Hospital,19.94
DA82SP,51.476165,0.209757,South,Darent Valley,5.67,Darent Valley,5.67,Queen Elizabeth Woolwich,10.97,Kings College Hospital,20.91
DA82UA,51.476455,0.195729,South,Darent Valley,6.32,Darent Valley,6.32,Queen Elizabeth Woolwich,10.0,Kings College Hospital,19.94
DA82UD,51.472297,0.188704,South,Darent Valley,6.35,Darent Valley,6.35,Queen Elizabeth Woolwich,9.54,Kings College Hospital,19.44
DA82UE,51.476455,0.195729,South,Darent Valley,6.32,Darent Valley,6.32,Queen Elizabeth Woolwich,10.0,Kings College Hospital,19.94
DA82WA,51.476455,0.195729,South,Darent Valley,6.32,Darent Valley,6.32,Queen Elizabeth Woolwich,10.0,Kings College Hospital,19.94
DA82WB,51.476455,0.195729,South,Darent Valley,6.32,Darent Valley,6.32,Queen Elizabeth Woolwich,10.0,Kings College Hospital,19.94
DA82WD,51.476455,0.195729,South,Darent Valley,6.32,Darent Valley,6.32,Queen Elizabeth Woolwich,10.0,Kings College Hospital,19.94
DA82WE,51.476455,0.195729,South,Darent Valley,6.32,Darent Valley,6.32,Queen Elizabeth Woolwich,10.0,Kings College Hospital,19.94
DA82WF,51.476455,0.195729,South,Darent Valley,6.32,Darent Valley,6.32,Queen Elizabeth Woolwich,10.0,Kings College Hospital,19.94
DA82WJ,51.476455,0.195729,South,Darent Valley,6.32,Darent Valley,6.32,Queen Elizabeth Woolwich,10.0,Kings College Hospital,19.94
DA82WN,51.476455,0.195729,South,Darent Valley,6.32,Darent Valley,6.32,Queen Elizabeth Woolwich,10.0,Kings College Hospital,19.94
DA82WP,51.476455,0.195729,South,Darent Valley,6.32,Darent Valley,6.32,Queen Elizabeth Woolwich,10.0,Kings College Hospital,19.94
DA82WT,51.476455,0.195729,South,Darent Valley,6.32,Darent Valley,6.32,Queen Elizabeth Woolwich,10.0,Kings College Hospital,19.94
DA82WW,51.476455,0.195729,South,Darent Valley,6.32,Darent Valley,6.32,Queen Elizabeth Woolwich,10.0,Kings College Hospital,19.94
DA82WX,51.476455,0.195729,South,Darent Valley,6.32,Darent Valley,6.32,Queen Elizabeth Woolwich,10.0,Kings College Hospital,19.94
DA82WY,51.476455,0.195729,South,Darent Valley,6.32,Darent Valley,6.32,Queen Elizabeth Woolwich,10.0,Kings College Hospital,19.94
DA82WZ,51.476455,0.195729,South,Darent Valley,6.32,Darent Valley,6.32,Queen Elizabeth Woolwich,10.0,Kings College Hospital,19.94
DA82XA,51.476455,0.195729,South,Darent Valley,6.32,Darent Valley,6.32,Queen Elizabeth Woolwich,10.0,Kings College Hospital,19.94
DA82YB,51.476455,0.195729,South,Darent Valley,6.32,Darent Valley,6.32,Queen Elizabeth Woolwich,10.0,Kings College Hospital,19.94
DA82ZG,51.476455,0.195729,South,Darent Valley,6.32,Darent Valley,6.32,Queen Elizabeth Woolwich,10.0,Kings College Hospital,19.94
DA82ZH,51.476455,0.195729,South,Darent Valley,6.32,Darent Valley,6.32,Queen Elizabeth Woolwich,10.0,Kings College Hospital,19.94
DA82ZJ,51.476455,0.195729,South,Darent Valley,6.32,Darent Valley,6.32,Queen Elizabeth Woolwich,10.0,Kings College Hospital,19.94
DA82ZL,51.473457,0.181459,South,Darent Valley,6.82,Darent Valley,6.82,Queen Elizabeth Woolwich,9.03,Kings College Hospital,18.94
DA82ZN,51.476455,0.195729,South,Darent Valley,6.32,Darent Valley,6.32,Queen Elizabeth Woolwich,10.0,Kings College Hospital,19.94
DA82ZP,51.476455,0.195729,South,Darent Valley,6.32,Darent Valley,6.32,Queen Elizabeth Woolwich,10.0,Kings College Hospital,19.94
DA82ZQ,51.476455,0.195729,South,Darent Valley,6.32,Darent Valley,6.32,Queen Elizabeth Woolwich,10.0,Kings College Hospital,19.94
DA82ZR,51.476455,0.195729,South,Darent Valley,6.32,Darent Valley,6.32,Queen Elizabeth Woolwich,10.0,Kings College Hospital,19.94
DA82ZS,51.47179,0.189399,South,Darent Valley,6.28,Darent Valley,6.28,Queen Elizabeth Woolwich,9.59,Kings College Hospital,19.49
DA82ZT,51.47179,0.189399,South,Darent Valley,6.28,Darent Valley,6.28,Queen Elizabeth Woolwich,9.59,Kings College Hospital,19.49
DA82ZU,51.476455,0.195729,South,Darent Valley,6.32,Darent Valley,6.32,Queen Elizabeth Woolwich,10.0,Kings College Hospital,19.94
DA82ZW,51.47179,0.189399,South,Darent Valley,6.28,Darent Valley,6.28,Queen Elizabeth Woolwich,9.59,Kings College Hospital,19.49
DA82ZX,51.47179,0.189399,South,Darent Valley,6.28,Darent Valley,6.28,Queen Elizabeth Woolwich,9.59,Kings College Hospital,19.49
DA82ZY,51.471537,0.18848,South,Darent Valley,6.31,Darent Valley,6.31,Queen Elizabeth Woolwich,9.53,Kings College Hospital,19.42
DA82ZZ,51.472297,0.188704,South,Darent Valley,6.35,Darent Valley,6.35,Queen Elizabeth Woolwich,9.54,Kings College Hospital,19.44
DA83AA,51.465907,0.179327,South,Darent Valley,6.46,Darent Valley,6.46,Queen Elizabeth Woolwich,8.98,Kings College Hospital,18.79
DA83AB,51.466748,0.179569,South,Darent Valley,6.5,Darent Valley,6.5,Queen Elizabeth Woolwich,8.98,Kings College Hospital,18.81
DA83AD,51.465674,0.178784,South,Darent Valley,6.48,Darent Valley,6.48,Queen Elizabeth Woolwich,8.94,Kings College Hospital,18.75
DA83AE,51.467519,0.178252,South,Darent Valley,6.62,Darent Valley,6.62,Queen Elizabeth Woolwich,8.88,Kings College Hospital,18.71
DA83AF,51.466922,0.17988,South,Darent Valley,6.49,Darent Valley,6.49,Queen Elizabeth Woolwich,9.0,Kings College Hospital,18.83
DA83AG,51.466799,0.180176,South,Darent Valley,6.47,Darent Valley,6.47,Queen Elizabeth Woolwich,9.02,Kings College Hospital,18.85
DA83AH,51.466677,0.180473,South,Darent Valley,6.44,Darent Valley,6.44,Queen Elizabeth Woolwich,9.04,Kings College Hospital,18.87
DA83AJ,51.468847,0.181282,South,Darent Valley,6.53,Darent Valley,6.53,Queen Elizabeth Woolwich,9.06,Kings College Hospital,18.92
DA83AN,51.479103,0.176241,South,Darent Valley,7.5,Darent Valley,7.5,Queen Elizabeth Woolwich,8.65,Kings College Hospital,18.61
DA83AP,51.479819,0.173999,South,Darent Valley,7.67,Darent Valley,7.67,Queen Elizabeth Woolwich,8.49,Kings College Hospital,18.46
DA83AQ,51.473385,0.178575,South,Darent Valley,6.98,Darent Valley,6.98,Queen Elizabeth Woolwich,8.83,Kings College Hospital,18.74
DA83AR,51.477849,0.17742,South,Darent Valley,7.35,Darent Valley,7.35,Queen Elizabeth Woolwich,8.73,Kings College Hospital,18.68
DA83AS,51.476827,0.175773,South,Darent Valley,7.37,Darent Valley,7.37,Queen Elizabeth Woolwich,8.62,Kings College Hospital,18.56
DA83AT,51.476968,0.174469,South,Darent Valley,7.45,Darent Valley,7.45,Queen Elizabeth Woolwich,8.53,Kings College Hospital,18.47
DA83AU,51.47637,0.171805,South,Darent Valley,7.55,Darent Valley,7.55,Queen Elizabeth Woolwich,8.34,Kings College Hospital,18.29
DA83AW,51.477944,0.176632,South,Darent Valley,7.4,Darent Valley,7.4,Queen Elizabeth Woolwich,8.67,Kings College Hospital,18.63
DA83AX,51.477393,0.174863,South,Darent Valley,7.45,Darent Valley,7.45,Queen Elizabeth Woolwich,8.55,Kings College Hospital,18.5
DA83AY,51.475951,0.172606,South,Darent Valley,7.48,Darent Valley,7.48,Queen Elizabeth Woolwich,8.4,Kings College Hospital,18.34
DA83AZ,51.475144,0.170048,South,Darent Valley,7.57,Darent Valley,7.57,Queen Elizabeth Woolwich,8.23,Kings College Hospital,18.16
DA83BA,51.476004,0.171168,South,Darent Valley,7.56,Darent Valley,7.56,Queen Elizabeth Woolwich,8.3,Kings College Hospital,18.24
DA83BB,51.475319,0.173224,South,Darent Valley,7.4,Darent Valley,7.4,Queen Elizabeth Woolwich,8.45,Kings College Hospital,18.38
DA83BD,51.47577,0.174613,South,Darent Valley,7.36,Darent Valley,7.36,Queen Elizabeth Woolwich,8.54,Kings College Hospital,18.48
DA83BE,51.475091,0.171428,South,Darent Valley,7.49,Darent Valley,7.49,Queen Elizabeth Woolwich,8.32,Kings College Hospital,18.25
DA83BF,51.472646,0.179159,South,Darent Valley,6.9,Darent Valley,6.9,Queen Elizabeth Woolwich,8.87,Kings College Hospital,18.78
DA83BG,51.475727,0.166216,South,Darent Valley,7.82,Darent Valley,7.82,Queen Elizabeth Woolwich,7.96,Kings College Hospital,17.9
DA83BH,51.475373,0.169353,South,Darent Valley,7.62,Darent Valley,7.62,Queen Elizabeth Woolwich,8.18,Kings College Hospital,18.11
DA83BJ,51.475636,0.167292,South,Darent Valley,7.76,Darent Valley,7.76,Queen Elizabeth Woolwich,8.03,Kings College Hospital,17.97
DA83BL,51.475941,0.168761,South,Darent Valley,7.69,Darent Valley,7.69,Queen Elizabeth Woolwich,8.13,Kings College Hospital,18.07
DA83BN,51.474235,0.166188,South,Darent Valley,7.73,Darent Valley,7.73,Queen Elizabeth Woolwich,7.97,Kings College Hospital,17.89
DA83BP,51.47575,0.165454,South,Darent Valley,7.87,Darent Valley,7.87,Queen Elizabeth Woolwich,7.91,Kings College Hospital,17.84
DA83BU,51.472917,0.167926,South,Darent Valley,7.55,Darent Valley,7.55,Queen Elizabeth Woolwich,8.1,Kings College Hospital,18.0
DA83BW,51.474916,0.164867,South,Darent Valley,7.85,Darent Valley,7.85,Queen Elizabeth Woolwich,7.87,Kings College Hospital,17.8
DA83BX,51.474969,0.167332,South,Darent Valley,7.71,Darent Valley,7.71,Queen Elizabeth Woolwich,8.04,Kings College Hospital,17.97
DA83BY,51.477781,0.179145,South,Darent Valley,7.25,Darent Valley,7.25,Queen Elizabeth Woolwich,8.85,Kings College Hospital,18.8
DA83BZ,51.477638,0.178634,South,Darent Valley,7.27,Darent Valley,7.27,Queen Elizabeth Woolwich,8.81,Kings College Hospital,18.77
DA83DA,51.475267,0.165316,South,Darent Valley,7.84,Darent Valley,7.84,Queen Elizabeth Woolwich,7.9,Kings College Hospital,17.83
DA83DB,51.476927,0.166028,South,Darent Valley,7.91,Darent Valley,7.91,Queen Elizabeth Woolwich,7.94,Kings College Hospital,17.89
DA83DD,51.472368,0.179088,South,Darent Valley,6.88,Darent Valley,6.88,Queen Elizabeth Woolwich,8.87,Kings College Hospital,18.78
DA83DE,51.478581,0.177699,South,Darent Valley,7.39,Darent Valley,7.39,Queen Elizabeth Woolwich,8.75,Kings College Hospital,18.71
DA83DF,51.478235,0.177467,South,Darent Valley,7.38,Darent Valley,7.38,Queen Elizabeth Woolwich,8.73,Kings College Hospital,18.69
DA83DG,51.478054,0.172677,South,Darent Valley,7.62,Darent Valley,7.62,Queen Elizabeth Woolwich,8.4,Kings College Hospital,18.36
DA83DH,51.479059,0.177146,South,Darent Valley,7.45,Darent Valley,7.45,Queen Elizabeth Woolwich,8.71,Kings College Hospital,18.67
DA83DJ,51.47693,0.172638,South,Darent Valley,7.54,Darent Valley,7.54,Queen Elizabeth Woolwich,8.4,Kings College Hospital,18.35
DA83DL,51.477257,0.169572,South,Darent Valley,7.73,Darent Valley,7.73,Queen Elizabeth Woolwich,8.19,Kings College Hospital,18.14
DA83DN,51.476243,0.170402,South,Darent Valley,7.62,Darent Valley,7.62,Queen Elizabeth Woolwich,8.25,Kings College Hospital,18.19
DA83DP,51.476403,0.16956,South,Darent Valley,7.68,Darent Valley,7.68,Queen Elizabeth Woolwich,8.19,Kings College Hospital,18.13
DA83DQ,51.477786,0.173557,South,Darent Valley,7.55,Darent Valley,7.55,Queen Elizabeth Woolwich,8.46,Kings College Hospital,18.42
DA83DR,51.476706,0.16825,South,Darent Valley,7.77,Darent Valley,7.77,Queen Elizabeth Woolwich,8.1,Kings College Hospital,18.04
DA83DS,51.477534,0.168707,South,Darent Valley,7.8,Darent Valley,7.8,Queen Elizabeth Woolwich,8.13,Kings College Hospital,18.08
DA83DT,51.479184,0.167489,South,Darent Valley,7.98,Darent Valley,7.98,Queen Elizabeth Woolwich,8.04,Kings College Hospital,18.01
DA83DU,51.479272,0.168069,South,Darent Valley,7.95,Darent Valley,7.95,Queen Elizabeth Woolwich,8.08,Kings College Hospital,18.05
DA83DW,51.47592,0.169897,South,Darent Valley,7.63,Darent Valley,7.63,Queen Elizabeth Woolwich,8.21,Kings College Hospital,18.15
DA83DX,51.479872,0.171597,South,Darent Valley,7.8,Darent Valley,7.8,Queen Elizabeth Woolwich,8.32,Kings College Hospital,18.3
DA83DY,51.478949,0.170012,South,Darent Valley,7.82,Darent Valley,7.82,Queen Elizabeth Woolwich,8.21,Kings College Hospital,18.18
DA83DZ,51.479153,0.173997,South,Darent Valley,7.62,Darent Valley,7.62,Queen Elizabeth Woolwich,8.49,Kings College Hospital,18.46
DA83EA,51.478742,0.172897,South,Darent Valley,7.65,Darent Valley,7.65,Queen Elizabeth Woolwich,8.41,Kings College Hospital,18.38
DA83EB,51.477529,0.167986,South,Darent Valley,7.84,Darent Valley,7.84,Queen Elizabeth Woolwich,8.08,Kings College Hospital,18.03
DA83ED,51.478051,0.166989,South,Darent Valley,7.93,Darent Valley,7.93,Queen Elizabeth Woolwich,8.01,Kings College Hospital,17.96
DA83EE,51.477113,0.16667,South,Darent Valley,7.89,Darent Valley,7.89,Queen Elizabeth Woolwich,7.99,Kings College Hospital,17.94
DA83EH,51.478327,0.166685,South,Darent Valley,7.97,Darent Valley,7.97,Queen Elizabeth Woolwich,7.98,Kings College Hospital,17.94
DA83ES,51.479496,0.168598,South,Darent Valley,7.94,Darent Valley,7.94,Queen Elizabeth Woolwich,8.12,Kings College Hospital,18.09
DA83ET,51.472191,0.180419,South,Darent Valley,6.8,Darent Valley,6.8,Queen Elizabeth Woolwich,8.97,Kings College Hospital,18.87
DA83EW,51.473153,0.163934,South,Darent Valley,7.79,Darent Valley,7.79,Queen Elizabeth Woolwich,7.82,Kings College Hospital,17.73
DA83EY,51.472703,0.180458,South,Darent Valley,6.83,Darent Valley,6.83,Queen Elizabeth Woolwich,8.96,Kings College Hospital,18.87
DA83FA,51.474181,0.180283,South,Darent Valley,6.94,Darent Valley,6.94,Queen Elizabeth Woolwich,8.94,Kings College Hospital,18.86
DA83FB,51.478742,0.172897,South,Darent Valley,7.65,Darent Valley,7.65,Queen Elizabeth Woolwich,8.41,Kings College Hospital,18.38
DA83FD,51.472974,0.180384,South,Darent Valley,6.85,Darent Valley,6.85,Queen Elizabeth Woolwich,8.96,Kings College Hospital,18.87
DA83FE,51.473425,0.180319,South,Darent Valley,6.88,Darent Valley,6.88,Queen Elizabeth Woolwich,8.95,Kings College Hospital,18.86
DA83FF,51.473696,0.178273,South,Darent Valley,7.01,Darent Valley,7.01,Queen Elizabeth Woolwich,8.81,Kings College Hospital,18.72
DA83FG,51.47394,0.179192,South,Darent Valley,6.98,Darent Valley,6.98,Queen Elizabeth Woolwich,8.87,Kings College Hospital,18.79
DA83FH,51.473864,0.177014,South,Darent Valley,7.1,Darent Valley,7.1,Queen Elizabeth Woolwich,8.72,Kings College Hospital,18.64
DA83FJ,51.474308,0.176819,South,Darent Valley,7.14,Darent Valley,7.14,Queen Elizabeth Woolwich,8.7,Kings College Hospital,18.62
DA83FL,51.47448,0.177259,South,Darent Valley,7.12,Darent Valley,7.12,Queen Elizabeth Woolwich,8.73,Kings College Hospital,18.66
DA83FN,51.47448,0.177259,South,Darent Valley,7.12,Darent Valley,7.12,Queen Elizabeth Woolwich,8.73,Kings College Hospital,18.66
DA83FP,51.474196,0.180918,South,Darent Valley,6.9,Darent Valley,6.9,Queen Elizabeth Woolwich,8.98,Kings College Hospital,18.91
DA83FQ,51.473697,0.179699,South,Darent Valley,6.94,Darent Valley,6.94,Queen Elizabeth Woolwich,8.9,Kings College Hospital,18.82
DA83FR,51.472808,0.17525,South,Darent Valley,7.12,Darent Valley,7.12,Queen Elizabeth Woolwich,8.6,Kings College Hospital,18.51
DA83FS,51.465399,0.180066,South,Darent Valley,6.39,Darent Valley,6.39,Queen Elizabeth Woolwich,9.04,Kings College Hospital,18.84
DA83FU,51.471008,0.166626,South,Darent Valley,7.51,Darent Valley,7.51,Queen Elizabeth Woolwich,8.03,Kings College Hospital,17.91
DA83HJ,51.47642,0.167199,South,Darent Valley,7.81,Darent Valley,7.81,Queen Elizabeth Woolwich,8.02,Kings College Hospital,17.97
DA83HL,51.473591,0.174265,South,Darent Valley,7.23,Darent Valley,7.23,Queen Elizabeth Woolwich,8.53,Kings College Hospital,18.45
DA83HR,51.471162,0.177706,South,Darent Valley,6.88,Darent Valley,6.88,Queen Elizabeth Woolwich,8.79,Kings College Hospital,18.68
DA83HS,51.471069,0.176881,South,Darent Valley,6.92,Darent Valley,6.92,Queen Elizabeth Woolwich,8.73,Kings College Hospital,18.62
DA83HT,51.472235,0.177541,South,Darent Valley,6.96,Darent Valley,6.96,Queen Elizabeth Woolwich,8.77,Kings College Hospital,18.67
DA83HU,51.472365,0.175877,South,Darent Valley,7.06,Darent Valley,7.06,Queen Elizabeth Woolwich,8.65,Kings College Hospital,18.55
DA83HX,51.471114,0.175918,South,Darent Valley,6.98,Darent Valley,6.98,Queen Elizabeth Woolwich,8.67,Kings College Hospital,18.55
DA83HY,51.471955,0.175699,South,Darent Valley,7.04,Darent Valley,7.04,Queen Elizabeth Woolwich,8.64,Kings College Hospital,18.54
DA83HZ,51.471378,0.174779,South,Darent Valley,7.06,Darent Valley,7.06,Queen Elizabeth Woolwich,8.58,Kings College Hospital,18.48
DA83JA,51.471003,0.175136,South,Darent Valley,7.01,Darent Valley,7.01,Queen Elizabeth Woolwich,8.61,Kings College Hospital,18.5
DA83JB,51.471112,0.174104,South,Darent Valley,7.08,Darent Valley,7.08,Queen Elizabeth Woolwich,8.54,Kings College Hospital,18.43
DA83JD,51.471936,0.174302,South,Darent Valley,7.12,Darent Valley,7.12,Queen Elizabeth Woolwich,8.55,Kings College Hospital,18.44
DA83JE,51.4718,0.173359,South,Darent Valley,7.17,Darent Valley,7.17,Queen Elizabeth Woolwich,8.48,Kings College Hospital,18.38
DA83JF,51.471958,0.169666,South,Darent Valley,7.39,Darent Valley,7.39,Queen Elizabeth Woolwich,8.23,Kings College Hospital,18.12
DA83JG,51.471624,0.172688,South,Darent Valley,7.19,Darent Valley,7.19,Queen Elizabeth Woolwich,8.44,Kings College Hospital,18.33
DA83JH,51.472634,0.170101,South,Darent Valley,7.41,Darent Valley,7.41,Queen Elizabeth Woolwich,8.25,Kings College Hospital,18.15
DA83JJ,51.47249,0.171088,South,Darent Valley,7.34,Darent Valley,7.34,Queen Elizabeth Woolwich,8.32,Kings College Hospital,18.22
DA83JL,51.473876,0.172479,South,Darent Valley,7.35,Darent Valley,7.35,Queen Elizabeth Woolwich,8.4,Kings College Hospital,18.32
DA83JN,51.473154,0.171134,South,Darent Valley,7.38,Darent Valley,7.38,Queen Elizabeth Woolwich,8.32,Kings College Hospital,18.23
DA83JP,51.473009,0.172164,South,Darent Valley,7.31,Darent Valley,7.31,Queen Elizabeth Woolwich,8.39,Kings College Hospital,18.3
DA83JQ,51.472223,0.169938,South,Darent Valley,7.39,Darent Valley,7.39,Queen Elizabeth Woolwich,8.24,Kings College Hospital,18.14
DA83JR,51.473429,0.172313,South,Darent Valley,7.33,Darent Valley,7.33,Queen Elizabeth Woolwich,8.4,Kings College Hospital,18.31
DA83JS,51.473197,0.17177,South,Darent Valley,7.35,Darent Valley,7.35,Queen Elizabeth Woolwich,8.36,Kings College Hospital,18.27
DA83JT,51.473552,0.170548,South,Darent Valley,7.44,Darent Valley,7.44,Queen Elizabeth Woolwich,8.27,Kings College Hospital,18.19
DA83JU,51.474106,0.168818,South,Darent Valley,7.57,Darent Valley,7.57,Queen Elizabeth Woolwich,8.15,Kings College Hospital,18.07
DA83JW,51.472883,0.171683,South,Darent Valley,7.33,Darent Valley,7.33,Queen Elizabeth Woolwich,8.36,Kings College Hospital,18.26
DA83JX,51.474139,0.170389,South,Darent Valley,7.48,Darent Valley,7.48,Queen Elizabeth Woolwich,8.26,Kings College Hospital,18.18
DA83JY,51.474181,0.172997,South,Darent Valley,7.34,Darent Valley,7.34,Queen Elizabeth Woolwich,8.44,Kings College Hospital,18.36
DA83JZ,51.474593,0.172095,South,Darent Valley,7.42,Darent Valley,7.42,Queen Elizabeth Woolwich,8.37,Kings College Hospital,18.3
DA83LA,51.472436,0.173505,South,Darent Valley,7.2,Darent Valley,7.2,Queen Elizabeth Woolwich,8.49,Kings College Hospital,18.39
DA83LB,51.472507,0.174502,South,Darent Valley,7.15,Darent Valley,7.15,Queen Elizabeth Woolwich,8.55,Kings College Hospital,18.46
DA83LD,51.473391,0.175364,South,Darent Valley,7.16,Darent Valley,7.16,Queen Elizabeth Woolwich,8.61,Kings College Hospital,18.52
DA83LE,51.474066,0.17387,South,Darent Valley,7.28,Darent Valley,7.28,Queen Elizabeth Woolwich,8.5,Kings College Hospital,18.42
DA83LF,51.472753,0.174844,South,Darent Valley,7.14,Darent Valley,7.14,Queen Elizabeth Woolwich,8.58,Kings College Hospital,18.48
DA83LG,51.472555,0.171912,South,Darent Valley,7.3,Darent Valley,7.3,Queen Elizabeth Woolwich,8.38,Kings College Hospital,18.28
DA83LQ,51.472713,0.1731,South,Darent Valley,7.24,Darent Valley,7.24,Queen Elizabeth Woolwich,8.46,Kings College Hospital,18.36
DA83LY,51.470497,0.165522,South,Darent Valley,7.54,Darent Valley,7.54,Queen Elizabeth Woolwich,7.96,Kings College Hospital,17.83
DA83LZ,51.47018,0.166155,South,Darent Valley,7.49,Darent Valley,7.49,Queen Elizabeth Woolwich,8.01,Kings College Hospital,17.88
DA83NF,51.469535,0.1631,South,Darent Valley,7.63,Darent Valley,7.63,Queen Elizabeth Woolwich,7.8,Kings College Hospital,17.66
DA83NG,51.470926,0.164736,South,Darent Valley,7.62,Darent Valley,7.62,Queen Elizabeth Woolwich,7.9,Kings College Hospital,17.78
DA83NN,51.46975,0.165544,South,Darent Valley,7.5,Darent Valley,7.5,Queen Elizabeth Woolwich,7.97,Kings College Hospital,17.83
DA83NP,51.471657,0.164108,South,Darent Valley,7.69,Darent Valley,7.69,Queen Elizabeth Woolwich,7.85,Kings College Hospital,17.74
DA83NR,51.470899,0.166189,South,Darent Valley,7.53,Darent Valley,7.53,Queen Elizabeth Woolwich,8.0,Kings College Hospital,17.88
DA83NS,51.470811,0.16365,South,Darent Valley,7.67,Darent Valley,7.67,Queen Elizabeth Woolwich,7.82,Kings College Hospital,17.7
DA83NT,51.469415,0.166176,South,Darent Valley,7.44,Darent Valley,7.44,Queen Elizabeth Woolwich,8.02,Kings College Hospital,17.88
DA83NU,51.46938,0.16904,South,Darent Valley,7.27,Darent Valley,7.27,Queen Elizabeth Woolwich,8.21,Kings College Hospital,18.08
DA83NW,51.470415,0.169017,South,Darent Valley,7.33,Darent Valley,7.33,Queen Elizabeth Woolwich,8.2,Kings College Hospital,18.07
DA83NX,51.470532,0.169498,South,Darent Valley,7.31,Darent Valley,7.31,Queen Elizabeth Woolwich,8.23,Kings College Hospital,18.11
DA83NY,51.47137,0.167939,South,Darent Valley,7.45,Darent Valley,7.45,Queen Elizabeth Woolwich,8.11,Kings College Hospital,18.0
DA83NZ,51.471756,0.170909,South,Darent Valley,7.3,Darent Valley,7.3,Queen Elizabeth Woolwich,8.31,Kings College Hospital,18.21
DA83PA,51.47097,0.168165,South,Darent Valley,7.42,Darent Valley,7.42,Queen Elizabeth Woolwich,8.13,Kings College Hospital,18.02
DA83PB,51.471451,0.170362,South,Darent Valley,7.32,Darent Valley,7.32,Queen Elizabeth Woolwich,8.28,Kings College Hospital,18.17
DA83PD,51.469855,0.173972,South,Darent Valley,7.01,Darent Valley,7.01,Queen Elizabeth Woolwich,8.55,Kings College Hospital,18.42
DA83PE,51.471398,0.168876,South,Darent Valley,7.4,Darent Valley,7.4,Queen Elizabeth Woolwich,8.18,Kings College Hospital,18.07
DA83PL,51.473383,0.181585,South,Darent Valley,6.81,Darent Valley,6.81,Queen Elizabeth Woolwich,9.04,Kings College Hospital,18.95
DA83PP,51.471398,0.180496,South,Darent Valley,6.74,Darent Valley,6.74,Queen Elizabeth Woolwich,8.98,Kings College Hospital,18.87
DA83PQ,51.471943,0.180695,South,Darent Valley,6.76,Darent Valley,6.76,Queen Elizabeth Woolwich,8.99,Kings College Hospital,18.89
DA83PR,51.470988,0.182205,South,Darent Valley,6.62,Darent Valley,6.62,Queen Elizabeth Woolwich,9.1,Kings College Hospital,18.99
DA83PS,51.470547,0.179361,South,Darent Valley,6.75,Darent Valley,6.75,Queen Elizabeth Woolwich,8.91,Kings College Hospital,18.79
DA83PT,51.471418,0.178928,South,Darent Valley,6.83,Darent Valley,6.83,Queen Elizabeth Woolwich,8.87,Kings College Hospital,18.76
DA83PU,51.470281,0.175735,South,Darent Valley,6.94,Darent Valley,6.94,Queen Elizabeth Woolwich,8.66,Kings College Hospital,18.54
DA83PW,51.471922,0.181342,South,Darent Valley,6.73,Darent Valley,6.73,Queen Elizabeth Woolwich,9.03,Kings College Hospital,18.93
DA83PX,51.469505,0.17541,South,Darent Valley,6.91,Darent Valley,6.91,Queen Elizabeth Woolwich,8.65,Kings College Hospital,18.52
DA83PY,51.470275,0.181393,South,Darent Valley,6.61,Darent Valley,6.61,Queen Elizabeth Woolwich,9.05,Kings College Hospital,18.93
DA83PZ,51.46864,0.181315,South,Darent Valley,6.51,Darent Valley,6.51,Queen Elizabeth Woolwich,9.07,Kings College Hospital,18.93
DA83QA,51.469672,0.177045,South,Darent Valley,6.82,Darent Valley,6.82,Queen Elizabeth Woolwich,8.76,Kings College Hospital,18.63
DA83QB,51.469876,0.175787,South,Darent Valley,6.91,Darent Valley,6.91,Queen Elizabeth Woolwich,8.67,Kings College Hospital,18.54
DA83QD,51.470271,0.178211,South,Darent Valley,6.79,Darent Valley,6.79,Queen Elizabeth Woolwich,8.83,Kings College Hospital,18.71
DA83QE,51.468292,0.180679,South,Darent Valley,6.53,Darent Valley,6.53,Queen Elizabeth Woolwich,9.03,Kings College Hospital,18.88
DA83QF,51.466755,0.181614,South,Darent Valley,6.38,Darent Valley,6.38,Queen Elizabeth Woolwich,9.12,Kings College Hospital,18.95
DA83QH,51.465249,0.180865,South,Darent Valley,6.33,Darent Valley,6.33,Queen Elizabeth Woolwich,9.09,Kings College Hospital,18.9
DA83QP,51.470298,0.180156,South,Darent Valley,6.69,Darent Valley,6.69,Queen Elizabeth Woolwich,8.97,Kings College Hospital,18.85
DA83QR,51.469363,0.179651,South,Darent Valley,6.65,Darent Valley,6.65,Queen Elizabeth Woolwich,8.94,Kings College Hospital,18.81
DA83QS,51.469315,0.178367,South,Darent Valley,6.72,Darent Valley,6.72,Queen Elizabeth Woolwich,8.86,Kings College Hospital,18.72
DA83QT,51.469719,0.178429,South,Darent Valley,6.75,Darent Valley,6.75,Queen Elizabeth Woolwich,8.86,Kings College Hospital,18.73
DA83QU,51.469772,0.180404,South,Darent Valley,6.64,Darent Valley,6.64,Queen Elizabeth Woolwich,8.99,Kings College Hospital,18.86
DA83QX,51.469538,0.179429,South,Darent Valley,6.68,Darent Valley,6.68,Queen Elizabeth Woolwich,8.93,Kings College Hospital,18.79
DA83RA,51.475109,0.181149,South,Darent Valley,6.96,Darent Valley,6.96,Queen Elizabeth Woolwich,9.0,Kings College Hospital,18.93
DA83RB,51.475029,0.180137,South,Darent Valley,7.01,Darent Valley,7.01,Queen Elizabeth Woolwich,8.93,Kings College Hospital,18.86
DA83RD,51.474509,0.1786,South,Darent Valley,7.05,Darent Valley,7.05,Queen Elizabeth Woolwich,8.82,Kings College Hospital,18.75
DA83RE,51.474484,0.177043,South,Darent Valley,7.14,Darent Valley,7.14,Queen Elizabeth Woolwich,8.71,Kings College Hospital,18.64
DA83RF,51.474484,0.177043,South,Darent Valley,7.14,Darent Valley,7.14,Queen Elizabeth Woolwich,8.71,Kings College Hospital,18.64
DA83RG,51.473963,0.177004,South,Darent Valley,7.1,Darent Valley,7.1,Queen Elizabeth Woolwich,8.72,Kings College Hospital,18.64
DA83RH,51.473863,0.177993,South,Darent Valley,7.04,Darent Valley,7.04,Queen Elizabeth Woolwich,8.78,Kings College Hospital,18.7
DA83RJ,51.474,0.180332,South,Darent Valley,6.92,Darent Valley,6.92,Queen Elizabeth Woolwich,8.95,Kings College Hospital,18.87
DA83RL,51.474,0.180332,South,Darent Valley,6.92,Darent Valley,6.92,Queen Elizabeth Woolwich,8.95,Kings College Hospital,18.87
DA83RN,51.473308,0.177376,South,Darent Valley,7.04,Darent Valley,7.04,Queen Elizabeth Woolwich,8.75,Kings College Hospital,18.66
DA83RP,51.473186,0.178623,South,Darent Valley,6.96,Darent Valley,6.96,Queen Elizabeth Woolwich,8.83,Kings College Hospital,18.75
DA83RQ,51.473963,0.177004,South,Darent Valley,7.1,Darent Valley,7.1,Queen Elizabeth Woolwich,8.72,Kings College Hospital,18.64
DA83RR,51.473186,0.178623,South,Darent Valley,6.96,Darent Valley,6.96,Queen Elizabeth Woolwich,8.83,Kings College Hospital,18.75
DA83RS,51.473232,0.179561,South,Darent Valley,6.91,Darent Valley,6.91,Queen Elizabeth Woolwich,8.9,Kings College Hospital,18.81
DA83RT,51.473232,0.179561,South,Darent Valley,6.91,Darent Valley,6.91,Queen Elizabeth Woolwich,8.9,Kings College Hospital,18.81
DA83RU,51.473343,0.180373,South,Darent Valley,6.88,Darent Valley,6.88,Queen Elizabeth Woolwich,8.95,Kings College Hospital,18.87
DA83RW,51.473308,0.177376,South,Darent Valley,7.04,Darent Valley,7.04,Queen Elizabeth Woolwich,8.75,Kings College Hospital,18.66
DA83RX,51.473343,0.180373,South,Darent Valley,6.88,Darent Valley,6.88,Queen Elizabeth Woolwich,8.95,Kings College Hospital,18.87
DA83RY,51.472586,0.179977,South,Darent Valley,6.85,Darent Valley,6.85,Queen Elizabeth Woolwich,8.93,Kings College Hospital,18.84
DA83RZ,51.475288,0.181157,South,Darent Valley,6.97,Darent Valley,6.97,Queen Elizabeth Woolwich,8.99,Kings College Hospital,18.93
DA83SA,51.473593,0.176108,South,Darent Valley,7.13,Darent Valley,7.13,Queen Elizabeth Woolwich,8.66,Kings College Hospital,18.57
DA83SH,51.480458,0.173987,South,Darent Valley,7.72,Darent Valley,7.72,Queen Elizabeth Woolwich,8.49,Kings College Hospital,18.46
DA83SL,51.479944,0.169699,South,Darent Valley,7.91,Darent Valley,7.91,Queen Elizabeth Woolwich,8.19,Kings College Hospital,18.16
DA83SW,51.480315,0.170019,South,Darent Valley,7.92,Darent Valley,7.92,Queen Elizabeth Woolwich,8.22,Kings College Hospital,18.19
DA83TA,51.47996,0.170247,South,Darent Valley,7.88,Darent Valley,7.88,Queen Elizabeth Woolwich,8.23,Kings College Hospital,18.2
DA83TB,51.47996,0.170247,South,Darent Valley,7.88,Darent Valley,7.88,Queen Elizabeth Woolwich,8.23,Kings College Hospital,18.2
DA83TD,51.476455,0.195729,South,Darent Valley,6.32,Darent Valley,6.32,Queen Elizabeth Woolwich,10.0,Kings College Hospital,19.94
DA83TE,51.473429,0.172313,South,Darent Valley,7.33,Darent Valley,7.33,Queen Elizabeth Woolwich,8.4,Kings College Hospital,18.31
DA83TF,51.473429,0.172313,South,Darent Valley,7.33,Darent Valley,7.33,Queen Elizabeth Woolwich,8.4,Kings College Hospital,18.31
DA83TG,51.473429,0.172313,South,Darent Valley,7.33,Darent Valley,7.33,Queen Elizabeth Woolwich,8.4,Kings College Hospital,18.31
DA83TH,51.476455,0.195729,South,Darent Valley,6.32,Darent Valley,6.32,Queen Elizabeth Woolwich,10.0,Kings College Hospital,19.94
DA83UA,51.476455,0.195729,South,Darent Valley,6.32,Darent Valley,6.32,Queen Elizabeth Woolwich,10.0,Kings College Hospital,19.94
DA83UG,51.476455,0.195729,South,Darent Valley,6.32,Darent Valley,6.32,Queen Elizabeth Woolwich,10.0,Kings College Hospital,19.94
DA83WA,51.476455,0.195729,South,Darent Valley,6.32,Darent Valley,6.32,Queen Elizabeth Woolwich,10.0,Kings College Hospital,19.94
DA83WB,51.476455,0.195729,South,Darent Valley,6.32,Darent Valley,6.32,Queen Elizabeth Woolwich,10.0,Kings College Hospital,19.94
DA83WD,51.476455,0.195729,South,Darent Valley,6.32,Darent Valley,6.32,Queen Elizabeth Woolwich,10.0,Kings College Hospital,19.94
DA83WE,51.476455,0.195729,South,Darent Valley,6.32,Darent Valley,6.32,Queen Elizabeth Woolwich,10.0,Kings College Hospital,19.94
DA83WY,51.476455,0.195729,South,Darent Valley,6.32,Darent Valley,6.32,Queen Elizabeth Woolwich,10.0,Kings College Hospital,19.94
DA83WZ,51.476455,0.195729,South,Darent Valley,6.32,Darent Valley,6.32,Queen Elizabeth Woolwich,10.0,Kings College Hospital,19.94
DA83XF,51.476455,0.195729,South,Darent Valley,6.32,Darent Valley,6.32,Queen Elizabeth Woolwich,10.0,Kings College Hospital,19.94
DA83ZA,51.476455,0.195729,South,Darent Valley,6.32,Darent Valley,6.32,Queen Elizabeth Woolwich,10.0,Kings College Hospital,19.94
DA83ZB,51.476455,0.195729,South,Darent Valley,6.32,Darent Valley,6.32,Queen Elizabeth Woolwich,10.0,Kings College Hospital,19.94
DA83ZF,51.476455,0.195729,South,Darent Valley,6.32,Darent Valley,6.32,Queen Elizabeth Woolwich,10.0,Kings College Hospital,19.94
DA83ZP,51.476455,0.195729,South,Darent Valley,6.32,Darent Valley,6.32,Queen Elizabeth Woolwich,10.0,Kings College Hospital,19.94
DA83ZQ,51.476455,0.195729,South,Darent Valley,6.32,Darent Valley,6.32,Queen Elizabeth Woolwich,10.0,Kings College Hospital,19.94
DA83ZR,51.473429,0.172313,South,Darent Valley,7.33,Darent Valley,7.33,Queen Elizabeth Woolwich,8.4,Kings College Hospital,18.31
DA83ZS,51.476455,0.195729,South,Darent Valley,6.32,Darent Valley,6.32,Queen Elizabeth Woolwich,10.0,Kings College Hospital,19.94
DA83ZT,51.47996,0.170247,South,Darent Valley,7.88,Darent Valley,7.88,Queen Elizabeth Woolwich,8.23,Kings College Hospital,18.2
DA83ZU,51.47996,0.170247,South,Darent Valley,7.88,Darent Valley,7.88,Queen Elizabeth Woolwich,8.23,Kings College Hospital,18.2
DA83ZW,51.476455,0.195729,South,Darent Valley,6.32,Darent Valley,6.32,Queen Elizabeth Woolwich,10.0,Kings College Hospital,19.94
DA83ZY,51.473429,0.172313,South,Darent Valley,7.33,Darent Valley,7.33,Queen Elizabeth Woolwich,8.4,Kings College Hospital,18.31
DA83ZZ,51.473429,0.172313,South,Darent Valley,7.33,Darent Valley,7.33,Queen Elizabeth Woolwich,8.4,Kings College Hospital,18.31
DA89AA,51.476455,0.195729,South,Darent Valley,6.32,Darent Valley,6.32,Queen Elizabeth Woolwich,10.0,Kings College Hospital,19.94
DA89AB,51.476455,0.195729,South,Darent Valley,6.32,Darent Valley,6.32,Queen Elizabeth Woolwich,10.0,Kings College Hospital,19.94
DA89AD,51.476455,0.195729,South,Darent Valley,6.32,Darent Valley,6.32,Queen Elizabeth Woolwich,10.0,Kings College Hospital,19.94
DA89AE,51.476455,0.195729,South,Darent Valley,6.32,Darent Valley,6.32,Queen Elizabeth Woolwich,10.0,Kings College Hospital,19.94
DA89AF,51.476455,0.195729,South,Darent Valley,6.32,Darent Valley,6.32,Queen Elizabeth Woolwich,10.0,Kings College Hospital,19.94
DA89AG,51.476455,0.195729,South,Darent Valley,6.32,Darent Valley,6.32,Queen Elizabeth Woolwich,10.0,Kings College Hospital,19.94
DA89AH,51.476455,0.195729,South,Darent Valley,6.32,Darent Valley,6.32,Queen Elizabeth Woolwich,10.0,Kings College Hospital,19.94
DA89AJ,51.476455,0.195729,South,Darent Valley,6.32,Darent Valley,6.32,Queen Elizabeth Woolwich,10.0,Kings College Hospital,19.94
DA89AL,51.476455,0.195729,South,Darent Valley,6.32,Darent Valley,6.32,Queen Elizabeth Woolwich,10.0,Kings College Hospital,19.94
DA89AN,51.476455,0.195729,South,Darent Valley,6.32,Darent Valley,6.32,Queen Elizabeth Woolwich,10.0,Kings College Hospital,19.94
DA89AP,51.476455,0.195729,South,Darent Valley,6.32,Darent Valley,6.32,Queen Elizabeth Woolwich,10.0,Kings College Hospital,19.94
DA89AQ,51.476455,0.195729,South,Darent Valley,6.32,Darent Valley,6.32,Queen Elizabeth Woolwich,10.0,Kings College Hospital,19.94
DA89AR,51.476455,0.195729,South,Darent Valley,6.32,Darent Valley,6.32,Queen Elizabeth Woolwich,10.0,Kings College Hospital,19.94
DA89AS,51.476455,0.195729,South,Darent Valley,6.32,Darent Valley,6.32,Queen Elizabeth Woolwich,10.0,Kings College Hospital,19.94
DA89AT,51.476455,0.195729,South,Darent Valley,6.32,Darent Valley,6.32,Queen Elizabeth Woolwich,10.0,Kings College Hospital,19.94
DA89AU,51.476455,0.195729,South,Darent Valley,6.32,Darent Valley,6.32,Queen Elizabeth Woolwich,10.0,Kings College Hospital,19.94
DA89AW,51.476455,0.195729,South,Darent Valley,6.32,Darent Valley,6.32,Queen Elizabeth Woolwich,10.0,Kings College Hospital,19.94
DA89AY,51.476455,0.195729,South,Darent Valley,6.32,Darent Valley,6.32,Queen Elizabeth Woolwich,10.0,Kings College Hospital,19.94
DA89AZ,51.476455,0.195729,South,Darent Valley,6.32,Darent Valley,6.32,Queen Elizabeth Woolwich,10.0,Kings College Hospital,19.94
DA89BA,51.476455,0.195729,South,Darent Valley,6.32,Darent Valley,6.32,Queen Elizabeth Woolwich,10.0,Kings College Hospital,19.94
DA89BB,51.476455,0.195729,South,Darent Valley,6.32,Darent Valley,6.32,Queen Elizabeth Woolwich,10.0,Kings College Hospital,19.94
DA89BD,51.476455,0.195729,South,Darent Valley,6.32,Darent Valley,6.32,Queen Elizabeth Woolwich,10.0,Kings College Hospital,19.94
DA89BE,51.476455,0.195729,South,Darent Valley,6.32,Darent Valley,6.32,Queen Elizabeth Woolwich,10.0,Kings College Hospital,19.94
DA89BF,51.476455,0.195729,South,Darent Valley,6.32,Darent Valley,6.32,Queen Elizabeth Woolwich,10.0,Kings College Hospital,19.94
DA89BG,51.476455,0.195729,South,Darent Valley,6.32,Darent Valley,6.32,Queen Elizabeth Woolwich,10.0,Kings College Hospital,19.94
DA89BH,51.476455,0.195729,South,Darent Valley,6.32,Darent Valley,6.32,Queen Elizabeth Woolwich,10.0,Kings College Hospital,19.94
DA89BJ,51.476455,0.195729,South,Darent Valley,6.32,Darent Valley,6.32,Queen Elizabeth Woolwich,10.0,Kings College Hospital,19.94
DA89BL,51.476455,0.195729,South,Darent Valley,6.32,Darent Valley,6.32,Queen Elizabeth Woolwich,10.0,Kings College Hospital,19.94
DA89BN,51.476455,0.195729,South,Darent Valley,6.32,Darent Valley,6.32,Queen Elizabeth Woolwich,10.0,Kings College Hospital,19.94
DA89BP,51.476455,0.195729,South,Darent Valley,6.32,Darent Valley,6.32,Queen Elizabeth Woolwich,10.0,Kings College Hospital,19.94
DA89BQ,51.476455,0.195729,South,Darent Valley,6.32,Darent Valley,6.32,Queen Elizabeth Woolwich,10.0,Kings College Hospital,19.94
DA89BR,51.476455,0.195729,South,Darent Valley,6.32,Darent Valley,6.32,Queen Elizabeth Woolwich,10.0,Kings College Hospital,19.94
DA89BS,51.476455,0.195729,South,Darent Valley,6.32,Darent Valley,6.32,Queen Elizabeth Woolwich,10.0,Kings College Hospital,19.94
DA89BT,51.476455,0.195729,South,Darent Valley,6.32,Darent Valley,6.32,Queen Elizabeth Woolwich,10.0,Kings College Hospital,19.94
DA89BU,51.476455,0.195729,South,Darent Valley,6.32,Darent Valley,6.32,Queen Elizabeth Woolwich,10.0,Kings College Hospital,19.94
DA89BW,51.476455,0.195729,South,Darent Valley,6.32,Darent Valley,6.32,Queen Elizabeth Woolwich,10.0,Kings College Hospital,19.94
DA89BX,51.476455,0.195729,South,Darent Valley,6.32,Darent Valley,6.32,Queen Elizabeth Woolwich,10.0,Kings College Hospital,19.94
DA89BY,51.476455,0.195729,South,Darent Valley,6.32,Darent Valley,6.32,Queen Elizabeth Woolwich,10.0,Kings College Hospital,19.94
DA89BZ,51.476455,0.195729,South,Darent Valley,6.32,Darent Valley,6.32,Queen Elizabeth Woolwich,10.0,Kings College Hospital,19.94
DA89DA,51.476455,0.195729,South,Darent Valley,6.32,Darent Valley,6.32,Queen Elizabeth Woolwich,10.0,Kings College Hospital,19.94
DA89DB,51.476455,0.195729,South,Darent Valley,6.32,Darent Valley,6.32,Queen Elizabeth Woolwich,10.0,Kings College Hospital,19.94
DA89DD,51.476455,0.195729,South,Darent Valley,6.32,Darent Valley,6.32,Queen Elizabeth Woolwich,10.0,Kings College Hospital,19.94
DA89DE,51.476455,0.195729,South,Darent Valley,6.32,Darent Valley,6.32,Queen Elizabeth Woolwich,10.0,Kings College Hospital,19.94
DA89DF,51.476455,0.195729,South,Darent Valley,6.32,Darent Valley,6.32,Queen Elizabeth Woolwich,10.0,Kings College Hospital,19.94
DA89DG,51.476455,0.195729,South,Darent Valley,6.32,Darent Valley,6.32,Queen Elizabeth Woolwich,10.0,Kings College Hospital,19.94
DA89DH,51.476455,0.195729,South,Darent Valley,6.32,Darent Valley,6.32,Queen Elizabeth Woolwich,10.0,Kings College Hospital,19.94
DA89DJ,51.476455,0.195729,South,Darent Valley,6.32,Darent Valley,6.32,Queen Elizabeth Woolwich,10.0,Kings College Hospital,19.94
DA89DL,51.476455,0.195729,South,Darent Valley,6.32,Darent Valley,6.32,Queen Elizabeth Woolwich,10.0,Kings College Hospital,19.94
DA89DN,51.476455,0.195729,South,Darent Valley,6.32,Darent Valley,6.32,Queen Elizabeth Woolwich,10.0,Kings College Hospital,19.94
DA89DP,51.476455,0.195729,South,Darent Valley,6.32,Darent Valley,6.32,Queen Elizabeth Woolwich,10.0,Kings College Hospital,19.94
DA89DQ,51.476455,0.195729,South,Darent Valley,6.32,Darent Valley,6.32,Queen Elizabeth Woolwich,10.0,Kings College Hospital,19.94
DA89DR,51.476455,0.195729,South,Darent Valley,6.32,Darent Valley,6.32,Queen Elizabeth Woolwich,10.0,Kings College Hospital,19.94
DA89DS,51.476455,0.195729,South,Darent Valley,6.32,Darent Valley,6.32,Queen Elizabeth Woolwich,10.0,Kings College Hospital,19.94
DA89DT,51.476455,0.195729,South,Darent Valley,6.32,Darent Valley,6.32,Queen Elizabeth Woolwich,10.0,Kings College Hospital,19.94
DA89DU,51.476455,0.195729,South,Darent Valley,6.32,Darent Valley,6.32,Queen Elizabeth Woolwich,10.0,Kings College Hospital,19.94
DA89DW,51.476455,0.195729,South,Darent Valley,6.32,Darent Valley,6.32,Queen Elizabeth Woolwich,10.0,Kings College Hospital,19.94
DA89DX,51.476455,0.195729,South,Darent Valley,6.32,Darent Valley,6.32,Queen Elizabeth Woolwich,10.0,Kings College Hospital,19.94
DA89DY,51.476455,0.195729,South,Darent Valley,6.32,Darent Valley,6.32,Queen Elizabeth Woolwich,10.0,Kings College Hospital,19.94
DA89DZ,51.476455,0.195729,South,Darent Valley,6.32,Darent Valley,6.32,Queen Elizabeth Woolwich,10.0,Kings College Hospital,19.94
DA89EA,51.476455,0.195729,South,Darent Valley,6.32,Darent Valley,6.32,Queen Elizabeth Woolwich,10.0,Kings College Hospital,19.94
DA89ED,51.476455,0.195729,South,Darent Valley,6.32,Darent Valley,6.32,Queen Elizabeth Woolwich,10.0,Kings College Hospital,19.94
DA89EE,51.476455,0.195729,South,Darent Valley,6.32,Darent Valley,6.32,Queen Elizabeth Woolwich,10.0,Kings College Hospital,19.94
DA89EF,51.476455,0.195729,South,Darent Valley,6.32,Darent Valley,6.32,Queen Elizabeth Woolwich,10.0,Kings College Hospital,19.94
DA89EG,51.476455,0.195729,South,Darent Valley,6.32,Darent Valley,6.32,Queen Elizabeth Woolwich,10.0,Kings College Hospital,19.94
DA89EH,51.476455,0.195729,South,Darent Valley,6.32,Darent Valley,6.32,Queen Elizabeth Woolwich,10.0,Kings College Hospital,19.94
DA89EJ,51.476455,0.195729,South,Darent Valley,6.32,Darent Valley,6.32,Queen Elizabeth Woolwich,10.0,Kings College Hospital,19.94
DA89EL,51.476455,0.195729,South,Darent Valley,6.32,Darent Valley,6.32,Queen Elizabeth Woolwich,10.0,Kings College Hospital,19.94
DA89EN,51.476455,0.195729,South,Darent Valley,6.32,Darent Valley,6.32,Queen Elizabeth Woolwich,10.0,Kings College Hospital,19.94
DA89EP,51.476455,0.195729,South,Darent Valley,6.32,Darent Valley,6.32,Queen Elizabeth Woolwich,10.0,Kings College Hospital,19.94
DA89EQ,51.476455,0.195729,South,Darent Valley,6.32,Darent Valley,6.32,Queen Elizabeth Woolwich,10.0,Kings College Hospital,19.94
DA89ER,51.476455,0.195729,South,Darent Valley,6.32,Darent Valley,6.32,Queen Elizabeth Woolwich,10.0,Kings College Hospital,19.94
DA89ES,51.476455,0.195729,South,Darent Valley,6.32,Darent Valley,6.32,Queen Elizabeth Woolwich,10.0,Kings College Hospital,19.94
DA89ET,51.476455,0.195729,South,Darent Valley,6.32,Darent Valley,6.32,Queen Elizabeth Woolwich,10.0,Kings College Hospital,19.94
DA89EU,51.476455,0.195729,South,Darent Valley,6.32,Darent Valley,6.32,Queen Elizabeth Woolwich,10.0,Kings College Hospital,19.94
DA89EW,51.476455,0.195729,South,Darent Valley,6.32,Darent Valley,6.32,Queen Elizabeth Woolwich,10.0,Kings College Hospital,19.94
DA89EX,51.476455,0.195729,South,Darent Valley,6.32,Darent Valley,6.32,Queen Elizabeth Woolwich,10.0,Kings College Hospital,19.94
DA89EY,51.476455,0.195729,South,Darent Valley,6.32,Darent Valley,6.32,Queen Elizabeth Woolwich,10.0,Kings College Hospital,19.94
DA89EZ,51.476455,0.195729,South,Darent Valley,6.32,Darent Valley,6.32,Queen Elizabeth Woolwich,10.0,Kings College Hospital,19.94
DA89FA,51.476455,0.195729,South,Darent Valley,6.32,Darent Valley,6.32,Queen Elizabeth Woolwich,10.0,Kings College Hospital,19.94
DA89FB,51.476455,0.195729,South,Darent Valley,6.32,Darent Valley,6.32,Queen Elizabeth Woolwich,10.0,Kings College Hospital,19.94
DA89FD,51.476455,0.195729,South,Darent Valley,6.32,Darent Valley,6.32,Queen Elizabeth Woolwich,10.0,Kings College Hospital,19.94
DA89FE,51.476455,0.195729,South,Darent Valley,6.32,Darent Valley,6.32,Queen Elizabeth Woolwich,10.0,Kings College Hospital,19.94
DA89FF,51.476455,0.195729,South,Darent Valley,6.32,Darent Valley,6.32,Queen Elizabeth Woolwich,10.0,Kings College Hospital,19.94
DA89FG,51.476455,0.195729,South,Darent Valley,6.32,Darent Valley,6.32,Queen Elizabeth Woolwich,10.0,Kings College Hospital,19.94
DA89FH,51.476455,0.195729,South,Darent Valley,6.32,Darent Valley,6.32,Queen Elizabeth Woolwich,10.0,Kings College Hospital,19.94
DA89FJ,51.476455,0.195729,South,Darent Valley,6.32,Darent Valley,6.32,Queen Elizabeth Woolwich,10.0,Kings College Hospital,19.94
DA89FL,51.476455,0.195729,South,Darent Valley,6.32,Darent Valley,6.32,Queen Elizabeth Woolwich,10.0,Kings College Hospital,19.94
DA89FN,51.476455,0.195729,South,Darent Valley,6.32,Darent Valley,6.32,Queen Elizabeth Woolwich,10.0,Kings College Hospital,19.94
DA89FP,51.476455,0.195729,South,Darent Valley,6.32,Darent Valley,6.32,Queen Elizabeth Woolwich,10.0,Kings College Hospital,19.94
DA89FQ,51.476455,0.195729,South,Darent Valley,6.32,Darent Valley,6.32,Queen Elizabeth Woolwich,10.0,Kings College Hospital,19.94
DA89FR,51.476455,0.195729,South,Darent Valley,6.32,Darent Valley,6.32,Queen Elizabeth Woolwich,10.0,Kings College Hospital,19.94
DA89FS,51.476455,0.195729,South,Darent Valley,6.32,Darent Valley,6.32,Queen Elizabeth Woolwich,10.0,Kings College Hospital,19.94
DA89FT,51.476455,0.195729,South,Darent Valley,6.32,Darent Valley,6.32,Queen Elizabeth Woolwich,10.0,Kings College Hospital,19.94
DA89FU,51.476455,0.195729,South,Darent Valley,6.32,Darent Valley,6.32,Queen Elizabeth Woolwich,10.0,Kings College Hospital,19.94
DA89FW,51.476455,0.195729,South,Darent Valley,6.32,Darent Valley,6.32,Queen Elizabeth Woolwich,10.0,Kings College Hospital,19.94
DA89FX,51.476455,0.195729,South,Darent Valley,6.32,Darent Valley,6.32,Queen Elizabeth Woolwich,10.0,Kings College Hospital,19.94
DA89FY,51.476455,0.195729,South,Darent Valley,6.32,Darent Valley,6.32,Queen Elizabeth Woolwich,10.0,Kings College Hospital,19.94
DA89FZ,51.476455,0.195729,South,Darent Valley,6.32,Darent Valley,6.32,Queen Elizabeth Woolwich,10.0,Kings College Hospital,19.94
DA89GA,51.476455,0.195729,South,Darent Valley,6.32,Darent Valley,6.32,Queen Elizabeth Woolwich,10.0,Kings College Hospital,19.94
DA89GB,51.476455,0.195729,South,Darent Valley,6.32,Darent Valley,6.32,Queen Elizabeth Woolwich,10.0,Kings College Hospital,19.94
DA89GD,51.476455,0.195729,South,Darent Valley,6.32,Darent Valley,6.32,Queen Elizabeth Woolwich,10.0,Kings College Hospital,19.94
DA89GE,51.476455,0.195729,South,Darent Valley,6.32,Darent Valley,6.32,Queen Elizabeth Woolwich,10.0,Kings College Hospital,19.94
DA89GF,51.476455,0.195729,South,Darent Valley,6.32,Darent Valley,6.32,Queen Elizabeth Woolwich,10.0,Kings College Hospital,19.94
DA89GG,51.476455,0.195729,South,Darent Valley,6.32,Darent Valley,6.32,Queen Elizabeth Woolwich,10.0,Kings College Hospital,19.94
DA89GJ,51.476455,0.195729,South,Darent Valley,6.32,Darent Valley,6.32,Queen Elizabeth Woolwich,10.0,Kings College Hospital,19.94
DA89GL,51.476455,0.195729,South,Darent Valley,6.32,Darent Valley,6.32,Queen Elizabeth Woolwich,10.0,Kings College Hospital,19.94
DA89GN,51.476455,0.195729,South,Darent Valley,6.32,Darent Valley,6.32,Queen Elizabeth Woolwich,10.0,Kings College Hospital,19.94
DA89GP,51.476455,0.195729,South,Darent Valley,6.32,Darent Valley,6.32,Queen Elizabeth Woolwich,10.0,Kings College Hospital,19.94
DA89GQ,51.476455,0.195729,South,Darent Valley,6.32,Darent Valley,6.32,Queen Elizabeth Woolwich,10.0,Kings College Hospital,19.94
DA89GR,51.476455,0.195729,South,Darent Valley,6.32,Darent Valley,6.32,Queen Elizabeth Woolwich,10.0,Kings College Hospital,19.94
DA89GS,51.476455,0.195729,South,Darent Valley,6.32,Darent Valley,6.32,Queen Elizabeth Woolwich,10.0,Kings College Hospital,19.94
DA89GT,51.476455,0.195729,South,Darent Valley,6.32,Darent Valley,6.32,Queen Elizabeth Woolwich,10.0,Kings College Hospital,19.94
DA89GU,51.476455,0.195729,South,Darent Valley,6.32,Darent Valley,6.32,Queen Elizabeth Woolwich,10.0,Kings College Hospital,19.94
DA89GW,51.476455,0.195729,South,Darent Valley,6.32,Darent Valley,6.32,Queen Elizabeth Woolwich,10.0,Kings College Hospital,19.94
DA89GX,51.476455,0.195729,South,Darent Valley,6.32,Darent Valley,6.32,Queen Elizabeth Woolwich,10.0,Kings College Hospital,19.94
DA89GY,51.476455,0.195729,South,Darent Valley,6.32,Darent Valley,6.32,Queen Elizabeth Woolwich,10.0,Kings College Hospital,19.94
DA89GZ,51.476455,0.195729,South,Darent Valley,6.32,Darent Valley,6.32,Queen Elizabeth Woolwich,10.0,Kings College Hospital,19.94
DA89HA,51.476455,0.195729,South,Darent Valley,6.32,Darent Valley,6.32,Queen Elizabeth Woolwich,10.0,Kings College Hospital,19.94
DA89HB,51.476455,0.195729,South,Darent Valley,6.32,Darent Valley,6.32,Queen Elizabeth Woolwich,10.0,Kings College Hospital,19.94
DA89HD,51.476455,0.195729,South,Darent Valley,6.32,Darent Valley,6.32,Queen Elizabeth Woolwich,10.0,Kings College Hospital,19.94
DA89HE,51.476455,0.195729,South,Darent Valley,6.32,Darent Valley,6.32,Queen Elizabeth Woolwich,10.0,Kings College Hospital,19.94
DA89HF,51.476455,0.195729,South,Darent Valley,6.32,Darent Valley,6.32,Queen Elizabeth Woolwich,10.0,Kings College Hospital,19.94
DA89HG,51.476455,0.195729,South,Darent Valley,6.32,Darent Valley,6.32,Queen Elizabeth Woolwich,10.0,Kings College Hospital,19.94
DA89HH,51.476455,0.195729,South,Darent Valley,6.32,Darent Valley,6.32,Queen Elizabeth Woolwich,10.0,Kings College Hospital,19.94
DA89HJ,51.476455,0.195729,South,Darent Valley,6.32,Darent Valley,6.32,Queen Elizabeth Woolwich,10.0,Kings College Hospital,19.94
DA89HL,51.476455,0.195729,South,Darent Valley,6.32,Darent Valley,6.32,Queen Elizabeth Woolwich,10.0,Kings College Hospital,19.94
DA89HN,51.476455,0.195729,South,Darent Valley,6.32,Darent Valley,6.32,Queen Elizabeth Woolwich,10.0,Kings College Hospital,19.94
DA89HP,51.476455,0.195729,South,Darent Valley,6.32,Darent Valley,6.32,Queen Elizabeth Woolwich,10.0,Kings College Hospital,19.94
DA89HQ,51.476455,0.195729,South,Darent Valley,6.32,Darent Valley,6.32,Queen Elizabeth Woolwich,10.0,Kings College Hospital,19.94
DA89HR,51.476455,0.195729,South,Darent Valley,6.32,Darent Valley,6.32,Queen Elizabeth Woolwich,10.0,Kings College Hospital,19.94
