Postcode,Latitude,Longitude,Side,Closest_Any,Distance_Any_km,Closest_L1,Distance_L1_km,Closest_L2,Distance_L2_km,Closest_L3,Distance_L3_km
E18PQ,51.534599,-0.03678,North,Homerton University,1.92,Royal Free Hospital,9.13,Newham General,5.15,Homerton University,1.92
E105BY,51.558998,-0.016023,North,Homerton University,2.28,Royal Free Hospital,10.35,Whipps Cross,2.5,Homerton University,2.28
E105FA,51.557288,-0.011668,North,Homerton University,2.49,Royal Free Hospital,10.64,Whipps Cross,2.54,Homerton University,2.49
E105HL,51.563344,-0.021475,North,Homerton University,2.21,Royal Free Hospital,10.01,Whipps Cross,2.34,Homerton University,2.21
E105LA,51.561527,-0.017759,North,Homerton University,2.3,Royal Free Hospital,10.25,Whipps Cross,2.33,Homerton University,2.3
E105LB,51.561527,-0.017759,North,Homerton University,2.3,Royal Free Hospital,10.25,Whipps Cross,2.33,Homerton University,2.3
E105NB,51.559334,-0.015157,North,Homerton University,2.35,Royal Free Hospital,10.41,Whipps Cross,2.44,Homerton University,2.35
E105NL,51.557619,-0.013183,North,Homerton University,2.41,Royal Free Hospital,10.54,Whipps Cross,2.55,Homerton University,2.41
E105NT,51.556748,-0.010595,North,Homerton University,2.55,Royal Free Hospital,10.71,Whipps Cross,2.57,Homerton University,2.55
E105NX,51.556511,-0.012524,North,Homerton University,2.41,Royal Free Hospital,10.58,Whipps Cross,2.64,Homerton University,2.41
E105PA,51.555213,-0.016591,North,Homerton University,2.11,Royal Free Hospital,10.29,Whipps Cross,2.89,Homerton University,2.11
E105PB,51.555687,-0.014839,North,Homerton University,2.24,Royal Free Hospital,10.41,Whipps Cross,2.79,Homerton University,2.24
E105PD,51.557329,-0.011955,North,Homerton University,2.48,Royal Free Hospital,10.62,Whipps Cross,2.54,Homerton University,2.48
E105PF,51.55823,-0.013142,North,Homerton University,2.43,Royal Free Hospital,10.54,Whipps Cross,2.49,Homerton University,2.43
E105PG,51.557447,-0.011502,North,Homerton University,2.51,Royal Free Hospital,10.65,Whipps Cross,2.52,Homerton University,2.51
E105PH,51.556038,-0.012227,North,Homerton University,2.42,Royal Free Hospital,10.59,Whipps Cross,2.68,Homerton University,2.42
E105PJ,51.556366,-0.01142,North,Homerton University,2.48,Royal Free Hospital,10.65,Whipps Cross,2.63,Homerton University,2.48
E105PL,51.556366,-0.01142,North,Homerton University,2.48,Royal Free Hospital,10.65,Whipps Cross,2.63,Homerton University,2.48
E105PQ,51.556038,-0.012227,North,Homerton University,2.42,Royal Free Hospital,10.59,Whipps Cross,2.68,Homerton University,2.42
E105RZ,51.557707,-0.011982,North,Homerton University,2.49,Royal Free Hospital,10.62,Whipps Cross,2.51,Homerton University,2.49
E105SD,51.560062,-0.016178,North,Homerton University,2.32,Royal Free Hospital,10.34,Whipps Cross,2.4,Homerton University,2.32
E105SE,51.559624,-0.015837,North,Homerton University,2.32,Royal Free Hospital,10.36,Whipps Cross,2.43,Homerton University,2.32
E105SF,51.559624,-0.015837,North,Homerton University,2.32,Royal Free Hospital,10.36,Whipps Cross,2.43,Homerton University,2.32
E105SG,51.557247,-0.02096,North,Homerton University,1.89,Royal Free Hospital,10.0,Whipps Cross,2.85,Homerton University,1.89
E105SH,51.557095,-0.020476,North,Homerton University,1.91,Royal Free Hospital,10.03,Whipps Cross,2.84,Homerton University,1.91
E105SJ,51.55698,-0.020092,North,Homerton University,1.93,Royal Free Hospital,10.05,Whipps Cross,2.84,Homerton University,1.93
E105SL,51.556815,-0.019897,North,Homerton University,1.94,Royal Free Hospital,10.07,Whipps Cross,2.85,Homerton University,1.94
E105SN,51.563422,-0.023448,North,Homerton University,2.11,Royal Free Hospital,9.88,Whipps Cross,2.43,Homerton University,2.11
E105SP,51.563422,-0.023448,North,Homerton University,2.11,Royal Free Hospital,9.88,Whipps Cross,2.43,Homerton University,2.11
E105SQ,51.555668,-0.017466,North,Homerton University,2.06,Royal Free Hospital,10.23,Whipps Cross,2.87,Homerton University,2.06
E105SR,51.563422,-0.023448,North,Homerton University,2.11,Royal Free Hospital,9.88,Whipps Cross,2.43,Homerton University,2.11
E105ST,51.563422,-0.023448,North,Homerton University,2.11,Royal Free Hospital,9.88,Whipps Cross,2.43,Homerton University,2.11
E105SW,51.557324,-0.014321,North,Homerton University,2.32,Royal Free Hospital,10.46,Whipps Cross,2.61,Homerton University,2.32
E105SX,51.563422,-0.023448,North,Homerton University,2.11,Royal Free Hospital,9.88,Whipps Cross,2.43,Homerton University,2.11
E105TA,51.563422,-0.023448,North,Homerton University,2.11,Royal Free Hospital,9.88,Whipps Cross,2.43,Homerton University,2.11
E105TG,51.562218,-0.018739,North,Homerton University,2.28,Royal Free Hospital,10.19,Whipps Cross,2.31,Homerton University,2.28
E105TH,51.562027,-0.019108,North,Homerton University,2.25,Royal Free Hospital,10.16,Whipps Cross,2.34,Homerton University,2.25
E105TP,51.5604,-0.016524,North,Homerton University,2.31,Royal Free Hospital,10.32,Whipps Cross,2.39,Homerton University,2.31
E105TQ,51.561766,-0.019668,North,Homerton University,2.2,Royal Free Hospital,10.12,Whipps Cross,2.39,Homerton University,2.2
E105UB,51.557259,-0.01154,North,Homerton University,2.5,Royal Free Hospital,10.65,Whipps Cross,2.54,Homerton University,2.5
E105UE,51.561028,-0.02172,North,Homerton University,2.04,Royal Free Hospital,9.97,Whipps Cross,2.54,Homerton University,2.04
E105UL,51.558073,-0.012889,North,Homerton University,2.44,Royal Free Hospital,10.56,Whipps Cross,2.49,Homerton University,2.44
E105YA,51.560859,-0.024497,North,Homerton University,1.87,Royal Free Hospital,9.78,Whipps Cross,2.68,Homerton University,1.87
E105ZA,51.558762,-0.013739,North,Homerton University,2.41,Royal Free Hospital,10.5,Whipps Cross,2.45,Homerton University,2.41
E105ZB,51.558907,-0.013848,North,Homerton University,2.41,Royal Free Hospital,10.5,Whipps Cross,2.44,Homerton University,2.41
E105ZF,51.559468,-0.014574,North,Homerton University,2.39,Royal Free Hospital,10.45,Whipps Cross,2.41,Homerton University,2.39
E105ZG,51.559138,-0.01417,North,Homerton University,2.4,Royal Free Hospital,10.48,Whipps Cross,2.43,Homerton University,2.4
E107AB,51.571515,-0.040069,North,Homerton University,2.34,Royal Free Hospital,8.9,Whipps Cross,3.01,Homerton University,2.34
E107AG,51.566309,-0.036324,North,Homerton University,1.85,Royal Free Hospital,9.04,Whipps Cross,2.98,Homerton University,1.85
E107AS,51.572019,-0.037925,North,Homerton University,2.43,Royal Free Hospital,9.06,Whipps Cross,2.85,Homerton University,2.43
E107BJ,51.565219,-0.02337,North,Homerton University,2.25,Royal Free Hospital,9.91,Whipps Cross,2.29,Homerton University,2.25
E107BL,51.564644,-0.023914,North,Homerton University,2.18,Royal Free Hospital,9.86,Whipps Cross,2.36,Homerton University,2.18
E107BT,51.564315,-0.022039,North,Homerton University,2.25,Royal Free Hospital,9.99,Whipps Cross,2.29,Homerton University,2.25
E107BW,51.563398,-0.022006,North,Homerton University,2.18,Royal Free Hospital,9.98,Whipps Cross,2.36,Homerton University,2.18
E107DE,51.56373,-0.021992,North,Homerton University,2.21,Royal Free Hospital,9.98,Whipps Cross,2.33,Homerton University,2.21
E107DQ,51.567998,-0.035732,North,Homerton University,2.04,Royal Free Hospital,9.11,Whipps Cross,2.86,Homerton University,2.04
E107FB,51.572346,-0.041361,North,Homerton University,2.42,Royal Free Hospital,8.83,Whipps Cross,3.07,Homerton University,2.42
E107FD,51.572725,-0.036611,North,Homerton University,2.53,Royal Free Hospital,9.16,Whipps Cross,2.74,Homerton University,2.53
E107FE,51.565967,-0.032587,North,Homerton University,1.93,Royal Free Hospital,9.29,Whipps Cross,2.77,Homerton University,1.93
E107FJ,51.567103,-0.035438,North,Homerton University,1.96,Royal Free Hospital,9.12,Whipps Cross,2.88,Homerton University,1.96
E107FP,51.567428,-0.034414,North,Homerton University,2.02,Royal Free Hospital,9.19,Whipps Cross,2.8,Homerton University,2.02
E107FS,51.564763,-0.035842,North,Homerton University,1.71,Royal Free Hospital,9.05,Whipps Cross,3.03,Homerton University,1.71
E107FT,51.567409,-0.034372,North,Homerton University,2.02,Royal Free Hospital,9.19,Whipps Cross,2.8,Homerton University,2.02
E107FU,51.567096,-0.034458,North,Homerton University,1.99,Royal Free Hospital,9.18,Whipps Cross,2.82,Homerton University,1.99
E107FW,51.56706,-0.034502,North,Homerton University,1.98,Royal Free Hospital,9.18,Whipps Cross,2.83,Homerton University,1.98
E107FX,51.570325,-0.040942,North,Homerton University,2.2,Royal Free Hospital,8.81,Whipps Cross,3.1,Homerton University,2.2
E107FY,51.566879,-0.034943,North,Homerton University,1.95,Royal Free Hospital,9.15,Whipps Cross,2.86,Homerton University,1.95
E107FZ,51.5671,-0.035265,North,Homerton University,1.96,Royal Free Hospital,9.13,Whipps Cross,2.87,Homerton University,1.96
E107GA,51.567276,-0.035532,North,Homerton University,1.97,Royal Free Hospital,9.11,Whipps Cross,2.88,Homerton University,1.97
E107GB,51.567501,-0.035032,North,Homerton University,2.01,Royal Free Hospital,9.15,Whipps Cross,2.84,Homerton University,2.01
E107GE,51.567526,-0.03493,North,Homerton University,2.02,Royal Free Hospital,9.16,Whipps Cross,2.83,Homerton University,2.02
E107LJ,51.567638,-0.029268,North,Homerton University,2.21,Royal Free Hospital,9.55,Whipps Cross,2.48,Homerton University,2.21
E107LL,51.567449,-0.029767,North,Homerton University,2.17,Royal Free Hospital,9.51,Whipps Cross,2.52,Homerton University,2.17
E107LN,51.567853,-0.031366,North,Homerton University,2.16,Royal Free Hospital,9.41,Whipps Cross,2.59,Homerton University,2.16
E107LP,51.567174,-0.030544,North,Homerton University,2.12,Royal Free Hospital,9.45,Whipps Cross,2.58,Homerton University,2.12
E107LR,51.567264,-0.029991,North,Homerton University,2.15,Royal Free Hospital,9.49,Whipps Cross,2.54,Homerton University,2.15
E107LS,51.566454,-0.029998,North,Homerton University,2.07,Royal Free Hospital,9.48,Whipps Cross,2.59,Homerton University,2.07
E107LT,51.566428,-0.028974,North,Homerton University,2.11,Royal Free Hospital,9.55,Whipps Cross,2.53,Homerton University,2.11
E107LU,51.566586,-0.028188,North,Homerton University,2.15,Royal Free Hospital,9.6,Whipps Cross,2.47,Homerton University,2.15
E107LW,51.567346,-0.030046,North,Homerton University,2.15,Royal Free Hospital,9.49,Whipps Cross,2.54,Homerton University,2.15
E107LX,51.565985,-0.025602,North,Homerton University,2.21,Royal Free Hospital,9.77,Whipps Cross,2.36,Homerton University,2.21
E107LY,51.567668,-0.028892,North,Homerton University,2.22,Royal Free Hospital,9.57,Whipps Cross,2.45,Homerton University,2.22
E107LZ,51.567687,-0.0284,North,Homerton University,2.25,Royal Free Hospital,9.61,Whipps Cross,2.42,Homerton University,2.25
E107NA,51.56891,-0.028982,North,Homerton University,2.34,Royal Free Hospital,9.59,Whipps Cross,2.39,Homerton University,2.34
E107NB,51.56655,-0.027093,North,Homerton University,2.19,Royal Free Hospital,9.68,Whipps Cross,2.41,Homerton University,2.19
E107ND,51.566285,-0.026859,North,Homerton University,2.18,Royal Free Hospital,9.69,Whipps Cross,2.41,Homerton University,2.18
E107NF,51.568935,-0.030424,North,Homerton University,2.29,Royal Free Hospital,9.49,Whipps Cross,2.48,Homerton University,2.29
E107NG,51.56806,-0.031905,North,Homerton University,2.16,Royal Free Hospital,9.38,Whipps Cross,2.61,Homerton University,2.16
E107NH,51.569163,-0.032262,North,Homerton University,2.26,Royal Free Hospital,9.37,Whipps Cross,2.59,Homerton University,2.26
E107NJ,51.56806,-0.031905,North,Homerton University,2.16,Royal Free Hospital,9.38,Whipps Cross,2.61,Homerton University,2.16
E107NL,51.570542,-0.032447,North,Homerton University,2.39,Royal Free Hospital,9.39,Whipps Cross,2.54,Homerton University,2.39
E107NN,51.570093,-0.03352,North,Homerton University,2.32,Royal Free Hospital,9.31,Whipps Cross,2.63,Homerton University,2.32
E107NP,51.569005,-0.033033,North,Homerton University,2.22,Royal Free Hospital,9.32,Whipps Cross,2.64,Homerton University,2.22
E107NQ,51.569676,-0.031172,North,Homerton University,2.34,Royal Free Hospital,9.46,Whipps Cross,2.49,Homerton University,2.34
E107NR,51.569857,-0.031828,North,Homerton University,2.34,Royal Free Hospital,9.42,Whipps Cross,2.53,Homerton University,2.34
E107NS,51.566439,-0.034976,North,Homerton University,1.9,Royal Free Hospital,9.14,Whipps Cross,2.89,Homerton University,1.9
E107NT,51.566335,-0.036308,North,Homerton University,1.86,Royal Free Hospital,9.04,Whipps Cross,2.97,Homerton University,1.86
E107NU,51.567168,-0.033401,North,Homerton University,2.02,Royal Free Hospital,9.26,Whipps Cross,2.75,Homerton University,2.02
E107NW,51.568858,-0.033371,North,Homerton University,2.2,Royal Free Hospital,9.29,Whipps Cross,2.67,Homerton University,2.2
E107NX,51.566767,-0.033072,North,Homerton University,1.99,Royal Free Hospital,9.27,Whipps Cross,2.75,Homerton University,1.99
E107PA,51.566832,-0.031597,North,Homerton University,2.05,Royal Free Hospital,9.37,Whipps Cross,2.66,Homerton University,2.05
E107PB,51.566212,-0.031653,North,Homerton University,1.99,Royal Free Hospital,9.36,Whipps Cross,2.7,Homerton University,1.99
E107PD,51.566206,-0.030759,North,Homerton University,2.02,Royal Free Hospital,9.42,Whipps Cross,2.64,Homerton University,2.02
E107PE,51.567063,-0.03088,North,Homerton University,2.1,Royal Free Hospital,9.43,Whipps Cross,2.6,Homerton University,2.1
E107PF,51.566917,-0.031305,North,Homerton University,2.07,Royal Free Hospital,9.39,Whipps Cross,2.64,Homerton University,2.07
E107PG,51.56794,-0.037105,North,Homerton University,2.01,Royal Free Hospital,9.02,Whipps Cross,2.95,Homerton University,2.01
E107PH,51.56806,-0.031905,North,Homerton University,2.16,Royal Free Hospital,9.38,Whipps Cross,2.61,Homerton University,2.16
E107PJ,51.567186,-0.033386,North,Homerton University,2.03,Royal Free Hospital,9.26,Whipps Cross,2.75,Homerton University,2.03
E107PL,51.567186,-0.033386,North,Homerton University,2.03,Royal Free Hospital,9.26,Whipps Cross,2.75,Homerton University,2.03
E107PN,51.567552,-0.033255,North,Homerton University,2.07,Royal Free Hospital,9.27,Whipps Cross,2.72,Homerton University,2.07
E107PP,51.568516,-0.033877,North,Homerton University,2.15,Royal Free Hospital,9.25,Whipps Cross,2.72,Homerton University,2.15
E107PQ,51.569226,-0.03008,North,Homerton University,2.33,Royal Free Hospital,9.52,Whipps Cross,2.45,Homerton University,2.33
E107PR,51.569623,-0.035041,North,Homerton University,2.23,Royal Free Hospital,9.19,Whipps Cross,2.74,Homerton University,2.23
E107PS,51.569036,-0.037044,North,Homerton University,2.12,Royal Free Hospital,9.05,Whipps Cross,2.9,Homerton University,2.12
E107PW,51.568496,-0.034325,North,Homerton University,2.13,Royal Free Hospital,9.22,Whipps Cross,2.75,Homerton University,2.13
E107PX,51.568157,-0.037673,North,Homerton University,2.02,Royal Free Hospital,8.98,Whipps Cross,2.97,Homerton University,2.02
E107PY,51.569714,-0.038862,North,Homerton University,2.16,Royal Free Hospital,8.94,Whipps Cross,2.99,Homerton University,2.16
E107PZ,51.569103,-0.040518,North,Homerton University,2.07,Royal Free Hospital,8.81,Whipps Cross,3.12,Homerton University,2.07
E107QA,51.568623,-0.036008,North,Homerton University,2.1,Royal Free Hospital,9.11,Whipps Cross,2.85,Homerton University,2.1
E107QB,51.564595,-0.033902,North,Homerton University,1.75,Royal Free Hospital,9.18,Whipps Cross,2.92,Homerton University,1.75
E107QD,51.570324,-0.042515,North,Homerton University,2.19,Royal Free Hospital,8.71,Whipps Cross,3.21,Homerton University,2.19
E107QE,51.570192,-0.041078,North,Homerton University,2.19,Royal Free Hospital,8.8,Whipps Cross,3.12,Homerton University,2.19
E107QF,51.568383,-0.036668,North,Homerton University,2.06,Royal Free Hospital,9.06,Whipps Cross,2.9,Homerton University,2.06
E107QG,51.568425,-0.034891,North,Homerton University,2.11,Royal Free Hospital,9.18,Whipps Cross,2.78,Homerton University,2.11
E107QL,51.565512,-0.038725,North,Homerton University,1.72,Royal Free Hospital,8.86,Whipps Cross,3.16,Homerton University,1.72
E107QN,51.566535,-0.039114,North,Homerton University,1.82,Royal Free Hospital,8.86,Whipps Cross,3.14,Homerton University,1.82
E107QP,51.570969,-0.042906,North,Homerton University,2.25,Royal Free Hospital,8.7,Whipps Cross,3.21,Homerton University,2.25
E107QQ,51.568012,-0.034923,North,Homerton University,2.07,Royal Free Hospital,9.17,Whipps Cross,2.81,Homerton University,2.07
E107QR,51.564701,-0.035903,North,Homerton University,1.7,Royal Free Hospital,9.04,Whipps Cross,3.04,Homerton University,1.7
E107QS,51.564777,-0.038872,North,Homerton University,1.63,Royal Free Hospital,8.84,Whipps Cross,3.21,Homerton University,1.63
E107QT,51.565628,-0.035949,North,Homerton University,1.79,Royal Free Hospital,9.06,Whipps Cross,2.99,Homerton University,1.79
E107QU,51.565189,-0.034958,North,Homerton University,1.78,Royal Free Hospital,9.12,Whipps Cross,2.95,Homerton University,1.78
E107QW,51.565755,-0.039277,North,Homerton University,1.73,Royal Free Hospital,8.83,Whipps Cross,3.19,Homerton University,1.73
E107QX,51.569151,-0.039622,North,Homerton University,2.09,Royal Free Hospital,8.87,Whipps Cross,3.06,Homerton University,2.09
E107QY,51.570912,-0.037324,North,Homerton University,2.32,Royal Free Hospital,9.07,Whipps Cross,2.85,Homerton University,2.32
E107QZ,51.569956,-0.037711,North,Homerton University,2.21,Royal Free Hospital,9.02,Whipps Cross,2.9,Homerton University,2.21
E107RS,51.565413,-0.034905,North,Homerton University,1.8,Royal Free Hospital,9.12,Whipps Cross,2.94,Homerton University,1.8
E107RU,51.565413,-0.034905,North,Homerton University,1.8,Royal Free Hospital,9.12,Whipps Cross,2.94,Homerton University,1.8
E107XD,51.565413,-0.034905,North,Homerton University,1.8,Royal Free Hospital,9.12,Whipps Cross,2.94,Homerton University,1.8
E151AB,51.549964,-0.003492,North,Homerton University,2.95,Royal Free Hospital,11.2,Whipps Cross,3.2,Homerton University,2.95
E151AE,51.539668,-0.003034,North,Homerton University,3.23,Royal Free Hospital,11.33,Newham General,3.26,Homerton University,3.23
E151AG,51.544021,0.000647,North,Homerton University,3.33,Royal Free Hospital,11.53,Newham General,3.39,Homerton University,3.33
E151AH,51.539303,-0.003209,North,Homerton University,3.24,Royal Free Hospital,11.32,Newham General,3.25,Homerton University,3.24
E151AQ,51.544282,0.001177,North,Homerton University,3.36,Royal Free Hospital,11.56,Newham General,3.38,Homerton University,3.36
E151AU,51.538963,-0.003844,North,Homerton University,3.21,Royal Free Hospital,11.28,Newham General,3.26,Homerton University,3.21
E151AZ,51.541265,-0.00331,North,Homerton University,3.15,Royal Free Hospital,11.29,Newham General,3.39,Homerton University,3.15
E151BL,51.544021,0.000647,North,Homerton University,3.33,Royal Free Hospital,11.53,Newham General,3.39,Homerton University,3.33
E151BZ,51.546626,-0.00185,North,Homerton University,3.1,Royal Free Hospital,11.33,Whipps Cross,3.55,Homerton University,3.1
E151DB,51.545082,0.000145,North,Homerton University,3.27,Royal Free Hospital,11.48,Newham General,3.5,Homerton University,3.27
E151DE,51.542735,-0.001458,North,Homerton University,3.22,Royal Free Hospital,11.4,Newham General,3.39,Homerton University,3.22
E151DF,51.544185,-0.002649,North,Homerton University,3.1,Royal Free Hospital,11.3,Newham General,3.56,Homerton University,3.1
E151DG,51.547033,-0.001428,North,Homerton University,3.12,Royal Free Hospital,11.36,Whipps Cross,3.51,Homerton University,3.12
E151DH,51.54652,-0.001941,North,Homerton University,3.1,Royal Free Hospital,11.33,Whipps Cross,3.57,Homerton University,3.1
E151DJ,51.542735,-0.001458,North,Homerton University,3.22,Royal Free Hospital,11.4,Newham General,3.39,Homerton University,3.22
E151DN,51.547283,-0.002369,North,Homerton University,3.06,Royal Free Hospital,11.29,Whipps Cross,3.48,Homerton University,3.06
E151DP,51.547934,-0.000985,North,Homerton University,3.14,Royal Free Hospital,11.38,Whipps Cross,3.41,Homerton University,3.14
E151DQ,51.547536,-0.001406,North,Homerton University,3.12,Royal Free Hospital,11.36,Whipps Cross,3.45,Homerton University,3.12
E151DR,51.548463,-0.003038,North,Homerton University,3.0,Royal Free Hospital,11.24,Whipps Cross,3.36,Homerton University,3.0
E151DT,51.54909,-0.00392,North,Homerton University,2.93,Royal Free Hospital,11.17,Whipps Cross,3.3,Homerton University,2.93
E151DY,51.550548,-0.003495,North,Homerton University,2.95,Royal Free Hospital,11.2,Whipps Cross,3.13,Homerton University,2.95
E151EE,51.548888,-0.001577,North,Homerton University,3.09,Royal Free Hospital,11.34,Whipps Cross,3.3,Homerton University,3.09
E151EF,51.548825,-0.002099,North,Homerton University,3.06,Royal Free Hospital,11.3,Whipps Cross,3.31,Homerton University,3.06
E151EH,51.550122,-0.002778,North,Homerton University,3.0,Royal Free Hospital,11.25,Whipps Cross,3.17,Homerton University,3.0
E151EJ,51.547779,-0.002491,North,Homerton University,3.04,Royal Free Hospital,11.28,Whipps Cross,3.43,Homerton University,3.04
E151FF,51.543205,5e-06,North,Homerton University,3.3,Royal Free Hospital,11.49,Newham General,3.36,Homerton University,3.3
E151FQ,51.543205,5e-06,North,Homerton University,3.3,Royal Free Hospital,11.49,Newham General,3.36,Homerton University,3.3
E151FT,51.548712,-0.003907,North,Homerton University,2.93,Royal Free Hospital,11.18,Whipps Cross,3.34,Homerton University,2.93
E151FU,51.548692,-0.003807,North,Homerton University,2.94,Royal Free Hospital,11.18,Whipps Cross,3.34,Homerton University,2.94
E151FX,51.547348,-0.003534,North,Homerton University,2.98,Royal Free Hospital,11.21,Whipps Cross,3.49,Homerton University,2.98
E151FY,51.548491,-0.004119,North,Homerton University,2.92,Royal Free Hospital,11.16,Whipps Cross,3.36,Homerton University,2.92
E151FZ,51.548253,-0.002846,North,Homerton University,3.01,Royal Free Hospital,11.25,Whipps Cross,3.38,Homerton University,3.01
E151GA,51.548537,-0.00315,North,Homerton University,2.99,Royal Free Hospital,11.23,Whipps Cross,3.35,Homerton University,2.99
E151GB,51.548759,-0.003516,North,Homerton University,2.96,Royal Free Hospital,11.2,Whipps Cross,3.33,Homerton University,2.96
E151GD,51.548381,-0.003489,North,Homerton University,2.97,Royal Free Hospital,11.21,Whipps Cross,3.37,Homerton University,2.97
E151GE,51.548142,-0.003211,North,Homerton University,2.99,Royal Free Hospital,11.23,Whipps Cross,3.39,Homerton University,2.99
E151GF,51.545425,-0.001008,North,Homerton University,3.18,Royal Free Hospital,11.4,Newham General,3.58,Homerton University,3.18
E151GG,51.546084,-0.001138,North,Homerton University,3.16,Royal Free Hospital,11.39,Whipps Cross,3.61,Homerton University,3.16
E151GH,51.545303,-0.001778,North,Homerton University,3.13,Royal Free Hospital,11.35,Newham General,3.61,Homerton University,3.13
E151GJ,51.545313,-0.002902,North,Homerton University,3.06,Royal Free Hospital,11.27,Newham General,3.66,Homerton University,3.06
E151GL,51.545951,-0.002831,North,Homerton University,3.05,Royal Free Hospital,11.27,Whipps Cross,3.63,Homerton University,3.05
E151GN,51.545953,-0.001893,North,Homerton University,3.11,Royal Free Hospital,11.33,Whipps Cross,3.63,Homerton University,3.11
E151GP,51.546094,-0.002248,North,Homerton University,3.08,Royal Free Hospital,11.31,Whipps Cross,3.62,Homerton University,3.08
E151GR,51.542917,-0.001089,North,Homerton University,3.24,Royal Free Hospital,11.42,Newham General,3.39,Homerton University,3.24
E151GT,51.546795,-0.003313,North,Homerton University,3.0,Royal Free Hospital,11.23,Whipps Cross,3.54,Homerton University,3.0
E151GU,51.546612,-0.003091,North,Homerton University,3.02,Royal Free Hospital,11.25,Whipps Cross,3.56,Homerton University,3.02
E151GW,51.546364,-0.002784,North,Homerton University,3.04,Royal Free Hospital,11.27,Whipps Cross,3.59,Homerton University,3.04
E151GX,51.546292,-0.003306,North,Homerton University,3.01,Royal Free Hospital,11.23,Whipps Cross,3.6,Homerton University,3.01
E151JE,51.547075,0.00241,North,Homerton University,3.39,Royal Free Hospital,11.62,Whipps Cross,3.49,Homerton University,3.39
E151JH,51.547639,0.002594,North,Homerton University,3.39,Royal Free Hospital,11.63,Whipps Cross,3.43,Homerton University,3.39
E151JL,51.547742,0.001257,North,Homerton University,3.3,Royal Free Hospital,11.54,Whipps Cross,3.42,Homerton University,3.3
E151JN,51.547392,-0.000359,North,Homerton University,3.19,Royal Free Hospital,11.43,Whipps Cross,3.46,Homerton University,3.19
E151JP,51.548843,0.000526,North,Homerton University,3.24,Royal Free Hospital,11.48,Whipps Cross,3.3,Homerton University,3.24
E151JQ,51.547829,0.001953,North,Homerton University,3.35,Royal Free Hospital,11.59,Whipps Cross,3.41,Homerton University,3.35
E151JS,51.548601,-0.002181,North,Homerton University,3.05,Royal Free Hospital,11.3,Whipps Cross,3.34,Homerton University,3.05
E151JT,51.547979,2.7e-05,North,Homerton University,3.21,Royal Free Hospital,11.45,Whipps Cross,3.4,Homerton University,3.21
E151JU,51.54817,-0.001162,North,Homerton University,3.13,Royal Free Hospital,11.37,Whipps Cross,3.38,Homerton University,3.13
E151JX,51.547804,-0.003933,North,Homerton University,2.94,Royal Free Hospital,11.18,Whipps Cross,3.44,Homerton University,2.94
E151JY,51.548404,0.001474,North,Homerton University,3.31,Royal Free Hospital,11.55,Whipps Cross,3.35,Homerton University,3.31
E151LD,51.546649,-0.002123,North,Homerton University,3.08,Royal Free Hospital,11.31,Whipps Cross,3.55,Homerton University,3.08
E151LX,51.5493,-0.000449,North,Homerton University,3.17,Royal Free Hospital,11.41,Whipps Cross,3.25,Homerton University,3.17
E151LY,51.549111,-0.002534,North,Homerton University,3.03,Royal Free Hospital,11.27,Whipps Cross,3.28,Homerton University,3.03
E151LZ,51.54963,-0.000247,North,Homerton University,3.18,Royal Free Hospital,11.43,Whipps Cross,3.21,Homerton University,3.18
E151ND,51.549153,-0.003931,North,Homerton University,2.93,Royal Free Hospital,11.17,Whipps Cross,3.29,Homerton University,2.93
E151PD,51.545027,0.001744,North,Homerton University,3.38,Royal Free Hospital,11.59,Newham General,3.42,Homerton University,3.38
E151PE,51.544833,0.000985,North,Homerton University,3.33,Royal Free Hospital,11.54,Newham General,3.44,Homerton University,3.33
E151PG,51.545229,0.001003,North,Homerton University,3.32,Royal Free Hospital,11.54,Newham General,3.47,Homerton University,3.32
E151PH,51.545846,0.002241,North,Homerton University,3.39,Royal Free Hospital,11.62,Newham General,3.46,Homerton University,3.39
E151PJ,51.546419,0.002944,North,Homerton University,3.43,Royal Free Hospital,11.66,Newham General,3.48,Homerton University,3.43
E151PN,51.544833,0.000985,North,Homerton University,3.33,Royal Free Hospital,11.54,Newham General,3.44,Homerton University,3.33
E151PP,51.546774,0.00319,North,Homerton University,3.44,Royal Free Hospital,11.68,Newham General,3.5,Homerton University,3.44
E151PR,51.547215,0.003152,North,Homerton University,3.44,Royal Free Hospital,11.67,Whipps Cross,3.48,Homerton University,3.44
E151PS,51.545908,0.001753,North,Homerton University,3.36,Royal Free Hospital,11.59,Newham General,3.49,Homerton University,3.36
E151PU,51.547064,0.001472,North,Homerton University,3.32,Royal Free Hospital,11.56,Whipps Cross,3.5,Homerton University,3.32
E151QA,51.546564,0.000239,North,Homerton University,3.25,Royal Free Hospital,11.48,Whipps Cross,3.55,Homerton University,3.25
E151QB,51.54407,-0.001731,North,Homerton University,3.16,Royal Free Hospital,11.36,Newham General,3.51,Homerton University,3.16
E151QE,51.546937,-0.000581,North,Homerton University,3.18,Royal Free Hospital,11.42,Whipps Cross,3.51,Homerton University,3.18
E151QF,51.547061,0.000593,North,Homerton University,3.26,Royal Free Hospital,11.5,Whipps Cross,3.5,Homerton University,3.26
E151QH,51.546093,-0.000113,North,Homerton University,3.23,Royal Free Hospital,11.46,Newham General,3.59,Homerton University,3.23
E151QJ,51.545807,0.000826,North,Homerton University,3.3,Royal Free Hospital,11.52,Newham General,3.52,Homerton University,3.3
E151QL,51.546108,0.001099,North,Homerton University,3.31,Royal Free Hospital,11.54,Newham General,3.54,Homerton University,3.31
E151QN,51.546278,0.001698,North,Homerton University,3.35,Royal Free Hospital,11.58,Newham General,3.52,Homerton University,3.35
E151QW,51.546278,0.001698,North,Homerton University,3.35,Royal Free Hospital,11.58,Newham General,3.52,Homerton University,3.35
E151TB,51.55042,-0.002808,North,Homerton University,3.0,Royal Free Hospital,11.25,Whipps Cross,3.14,Homerton University,3.0
E151TX,51.550194,-0.001679,North,Homerton University,3.08,Royal Free Hospital,11.32,Whipps Cross,3.16,Homerton University,3.08
E152AQ,51.551945,-0.004198,North,Homerton University,2.91,Royal Free Hospital,11.15,Whipps Cross,2.98,Homerton University,2.91
E152BH,51.544236,-0.021568,North,Homerton University,1.85,Royal Free Hospital,10.0,Whipps Cross,4.14,Homerton University,1.85
E152BL,51.544236,-0.021568,North,Homerton University,1.85,Royal Free Hospital,10.0,Whipps Cross,4.14,Homerton University,1.85
E152BP,51.552392,-0.004583,North,Homerton University,2.88,Royal Free Hospital,11.12,Whipps Cross,2.94,Homerton University,2.88
E152DA,51.553667,-0.007599,North,Homerton University,2.69,Royal Free Hospital,10.91,Whipps Cross,2.84,Homerton University,2.69
E152DB,51.553422,-0.006427,North,Homerton University,2.77,Royal Free Hospital,10.99,Whipps Cross,2.85,Homerton University,2.77
E152DD,51.552833,-0.00615,North,Homerton University,2.78,Royal Free Hospital,11.01,Whipps Cross,2.91,Homerton University,2.78
E152DF,51.553845,-0.006438,North,Homerton University,2.77,Royal Free Hospital,10.99,Whipps Cross,2.8,Homerton University,2.77
E152DH,51.531433,-0.01428,North,Homerton University,3.08,Royal Free Hospital,10.73,Newham General,3.56,Homerton University,3.08
E152DJ,51.544236,-0.021568,North,Homerton University,1.85,Royal Free Hospital,10.0,Whipps Cross,4.14,Homerton University,1.85
E152DR,51.549725,-0.011132,North,Homerton University,2.43,Royal Free Hospital,10.67,Whipps Cross,3.33,Homerton University,2.43
E152DS,51.541685,-0.014295,North,Homerton University,2.43,Royal Free Hospital,10.53,Newham General,4.03,Homerton University,2.43
E152DT,51.541293,-0.014514,North,Homerton University,2.43,Royal Free Hospital,10.52,Newham General,4.02,Homerton University,2.43
E152DU,51.542281,-0.01923,North,Homerton University,2.09,Royal Free Hospital,10.18,Whipps Cross,4.29,Homerton University,2.09
E152DW,51.53152,-0.014103,North,Homerton University,3.09,Royal Free Hospital,10.74,Newham General,3.55,Homerton University,3.09
E152DX,51.54995,-0.010618,North,Homerton University,2.46,Royal Free Hospital,10.71,Whipps Cross,3.29,Homerton University,2.46
E152DY,51.54132,-0.015047,North,Homerton University,2.4,Royal Free Hospital,10.48,Newham General,4.06,Homerton University,2.4
E152DZ,51.540747,-0.019441,North,Homerton University,2.16,Royal Free Hospital,10.19,Newham General,4.29,Homerton University,2.16
E152EA,51.545282,-0.007374,North,Homerton University,2.75,Royal Free Hospital,10.96,Whipps Cross,3.75,Homerton University,2.75
E152EB,51.543074,-0.017739,North,Homerton University,2.15,Royal Free Hospital,10.27,Whipps Cross,4.17,Homerton University,2.15
E152ED,51.543174,-0.017259,North,Homerton University,2.17,Royal Free Hospital,10.3,Whipps Cross,4.15,Homerton University,2.17
E152EE,51.547713,-0.020841,North,Homerton University,1.79,Royal Free Hospital,10.01,Whipps Cross,3.77,Homerton University,1.79
E152EF,51.550254,-0.009436,North,Homerton University,2.54,Royal Free Hospital,10.79,Whipps Cross,3.24,Homerton University,2.54
E152EG,51.550052,-0.011363,North,Homerton University,2.41,Royal Free Hospital,10.66,Whipps Cross,3.3,Homerton University,2.41
E152EH,51.531859,-0.014463,North,Homerton University,3.04,Royal Free Hospital,10.7,Newham General,3.58,Homerton University,3.04
E152EJ,51.549946,-0.00932,North,Homerton University,2.55,Royal Free Hospital,10.8,Whipps Cross,3.27,Homerton University,2.55
E152EL,51.549839,-0.009901,North,Homerton University,2.51,Royal Free Hospital,10.76,Whipps Cross,3.29,Homerton University,2.51
E152EN,51.550947,-0.016935,North,Homerton University,2.02,Royal Free Hospital,10.27,Whipps Cross,3.33,Homerton University,2.02
E152EP,51.549788,-0.020173,North,Homerton University,1.8,Royal Free Hospital,10.05,Whipps Cross,3.54,Homerton University,1.8
E152EQ,51.547347,-0.019948,North,Homerton University,1.86,Royal Free Hospital,10.08,Whipps Cross,3.78,Homerton University,1.86
E152ER,51.544918,-0.008732,North,Homerton University,2.67,Royal Free Hospital,10.87,Whipps Cross,3.81,Homerton University,2.67
E152ES,51.549735,-0.008002,North,Homerton University,2.64,Royal Free Hospital,10.89,Whipps Cross,3.27,Homerton University,2.64
E152ET,51.545282,-0.007374,North,Homerton University,2.75,Royal Free Hospital,10.96,Whipps Cross,3.75,Homerton University,2.75
E152EU,51.532496,-0.01122,North,Homerton University,3.16,Royal Free Hospital,10.91,Newham General,3.39,Homerton University,3.16
E152EW,51.54836,-0.01125,North,Homerton University,2.43,Royal Free Hospital,10.67,Whipps Cross,3.47,Homerton University,2.43
E152EZ,51.544236,-0.021568,North,Homerton University,1.85,Royal Free Hospital,10.0,Whipps Cross,4.14,Homerton University,1.85
E152FB,51.553136,-0.018211,North,Homerton University,1.95,Royal Free Hospital,10.18,Whipps Cross,3.15,Homerton University,1.95
E152FH,51.55296,-0.005683,North,Homerton University,2.81,Royal Free Hospital,11.04,Whipps Cross,2.89,Homerton University,2.81
E152GA,51.533819,-0.012316,North,Homerton University,3.01,Royal Free Hospital,10.8,Newham General,3.51,Homerton University,3.01
E152GD,51.535653,-0.006454,North,Homerton University,3.22,Royal Free Hospital,11.16,Newham General,3.23,Homerton University,3.22
E152GE,51.53558,-0.006933,North,Homerton University,3.2,Royal Free Hospital,11.13,Newham General,3.26,Homerton University,3.2
E152GF,51.536046,-0.007389,North,Homerton University,3.15,Royal Free Hospital,11.09,Newham General,3.31,Homerton University,3.15
E152GG,51.536046,-0.007389,North,Homerton University,3.15,Royal Free Hospital,11.09,Newham General,3.31,Homerton University,3.15
E152GJ,51.535922,-0.007481,North,Homerton University,3.15,Royal Free Hospital,11.09,Newham General,3.31,Homerton University,3.15
E152GR,51.530182,-0.0137,North,Homerton University,3.21,Royal Free Hospital,10.8,Newham General,3.48,Homerton University,3.21
E152GT,51.530452,-0.013155,North,Homerton University,3.22,Royal Free Hospital,10.83,Newham General,3.45,Homerton University,3.22
E152GU,51.530452,-0.013155,North,Homerton University,3.22,Royal Free Hospital,10.83,Newham General,3.45,Homerton University,3.22
E152GW,51.546985,-0.023555,North,Homerton University,1.62,Royal Free Hospital,9.83,Whipps Cross,3.92,Homerton University,1.62
E152GX,51.545393,-0.020898,North,Homerton University,1.85,Royal Free Hospital,10.03,Whipps Cross,4.01,Homerton University,1.85
E152GY,51.546279,-0.020614,North,Homerton University,1.84,Royal Free Hospital,10.04,Whipps Cross,3.91,Homerton University,1.84
E152GZ,51.548603,-0.024062,North,Homerton University,1.55,Royal Free Hospital,9.79,Whipps Cross,3.78,Homerton University,1.55
E152HA,51.550265,-0.010128,North,Homerton University,2.49,Royal Free Hospital,10.74,Whipps Cross,3.25,Homerton University,2.49
E152HB,51.548459,-0.022452,North,Homerton University,1.66,Royal Free Hospital,9.9,Whipps Cross,3.74,Homerton University,1.66
E152HD,51.54322,-0.020531,North,Homerton University,1.96,Royal Free Hospital,10.08,Whipps Cross,4.22,Homerton University,1.96
E152HE,51.549355,-0.011581,North,Homerton University,2.4,Royal Free Hospital,10.64,Whipps Cross,3.37,Homerton University,2.4
E152HG,51.543019,-0.020857,North,Homerton University,1.95,Royal Free Hospital,10.06,Whipps Cross,4.25,Homerton University,1.95
E152HJ,51.549121,-0.010524,North,Homerton University,2.47,Royal Free Hospital,10.72,Whipps Cross,3.38,Homerton University,2.47
E152HL,51.550225,-0.010952,North,Homerton University,2.44,Royal Free Hospital,10.68,Whipps Cross,3.27,Homerton University,2.44
E152HN,51.543876,-0.020488,North,Homerton University,1.94,Royal Free Hospital,10.07,Whipps Cross,4.15,Homerton University,1.94
E152HQ,51.549303,-0.012247,North,Homerton University,2.35,Royal Free Hospital,10.6,Whipps Cross,3.39,Homerton University,2.35
E152HU,51.539078,-0.005324,North,Homerton University,3.11,Royal Free Hospital,11.18,Newham General,3.36,Homerton University,3.11
E152HW,51.549303,-0.012247,North,Homerton University,2.35,Royal Free Hospital,10.6,Whipps Cross,3.39,Homerton University,2.35
E152HX,51.537913,-0.007696,North,Homerton University,3.02,Royal Free Hospital,11.04,Newham General,3.43,Homerton University,3.02
E152JD,51.537242,-0.008403,North,Homerton University,3.02,Royal Free Hospital,11.0,Newham General,3.43,Homerton University,3.02
E152JE,51.538621,-0.006469,North,Homerton University,3.06,Royal Free Hospital,11.11,Newham General,3.39,Homerton University,3.06
E152JH,51.53765,-0.005473,North,Homerton University,3.17,Royal Free Hospital,11.19,Newham General,3.28,Homerton University,3.17
E152JJ,51.538224,-0.005361,North,Homerton University,3.15,Royal Free Hospital,11.19,Newham General,3.31,Homerton University,3.15
E152JL,51.537929,-0.004941,North,Homerton University,3.19,Royal Free Hospital,11.23,Newham General,3.26,Homerton University,3.19
E152JN,51.537673,-0.006784,North,Homerton University,3.09,Royal Free Hospital,11.1,Newham General,3.36,Homerton University,3.09
E152JP,51.537673,-0.006784,North,Homerton University,3.09,Royal Free Hospital,11.1,Newham General,3.36,Homerton University,3.09
E152JQ,51.536686,-0.005861,North,Homerton University,3.2,Royal Free Hospital,11.18,Newham General,3.25,Homerton University,3.2
E152JR,51.537214,-0.007338,North,Homerton University,3.08,Royal Free Hospital,11.07,Newham General,3.37,Homerton University,3.08
E152JS,51.536774,-0.007876,North,Homerton University,3.08,Royal Free Hospital,11.05,Newham General,3.37,Homerton University,3.08
E152JT,51.538691,-0.004764,North,Homerton University,3.17,Royal Free Hospital,11.22,Newham General,3.3,Homerton University,3.17
E152JU,51.536379,-0.006869,North,Homerton University,3.16,Royal Free Hospital,11.12,Newham General,3.29,Homerton University,3.16
E152JW,51.537673,-0.006784,North,Homerton University,3.09,Royal Free Hospital,11.1,Newham General,3.36,Homerton University,3.09
E152JY,51.536664,-0.008284,North,Homerton University,3.06,Royal Free Hospital,11.02,Newham General,3.39,Homerton University,3.06
E152JZ,51.535809,-0.008235,North,Homerton University,3.11,Royal Free Hospital,11.04,Newham General,3.35,Homerton University,3.11
E152LA,51.535534,-0.006863,North,Homerton University,3.21,Royal Free Hospital,11.14,Newham General,3.25,Homerton University,3.21
E152LE,51.537242,-0.008403,North,Homerton University,3.02,Royal Free Hospital,11.0,Newham General,3.43,Homerton University,3.02
E152LG,51.536662,-0.007607,North,Homerton University,3.1,Royal Free Hospital,11.07,Newham General,3.35,Homerton University,3.1
E152LL,51.536994,-0.007563,North,Homerton University,3.08,Royal Free Hospital,11.06,Newham General,3.37,Homerton University,3.08
E152LN,51.545282,-0.007374,North,Homerton University,2.75,Royal Free Hospital,10.96,Whipps Cross,3.75,Homerton University,2.75
E152LU,51.536648,-0.006786,North,Homerton University,3.15,Royal Free Hospital,11.12,Newham General,3.3,Homerton University,3.15
E152LW,51.536876,-0.006444,North,Homerton University,3.16,Royal Free Hospital,11.14,Newham General,3.29,Homerton University,3.16
E152LX,51.537103,-0.006088,North,Homerton University,3.16,Royal Free Hospital,11.16,Newham General,3.28,Homerton University,3.16
E152LY,51.53964,-0.004521,North,Homerton University,3.14,Royal Free Hospital,11.23,Newham General,3.35,Homerton University,3.14
E152LZ,51.53964,-0.004521,North,Homerton University,3.14,Royal Free Hospital,11.23,Newham General,3.35,Homerton University,3.14
E152NA,51.529728,-0.01235,North,Homerton University,3.31,Royal Free Hospital,10.9,Newham General,3.38,Homerton University,3.31
E152NB,51.531325,-0.015366,North,Homerton University,3.04,Royal Free Hospital,10.66,Newham General,3.63,Homerton University,3.04
E152NG,51.538789,-0.01533,North,Homerton University,2.52,Royal Free Hospital,10.5,Newham General,3.93,Homerton University,2.52
E152NH,51.532636,-0.010955,North,Homerton University,3.17,Royal Free Hospital,10.92,Newham General,3.38,Homerton University,3.17
E152NJ,51.532636,-0.010955,North,Homerton University,3.17,Royal Free Hospital,10.92,Newham General,3.38,Homerton University,3.17
E152NL,51.533549,-0.011766,North,Homerton University,3.06,Royal Free Hospital,10.85,Newham General,3.47,Homerton University,3.06
E152NN,51.533549,-0.011766,North,Homerton University,3.06,Royal Free Hospital,10.85,Newham General,3.47,Homerton University,3.06
E152NQ,51.532762,-0.011497,North,Homerton University,3.13,Royal Free Hospital,10.88,Newham General,3.42,Homerton University,3.13
E152NR,51.534472,-0.013167,North,Homerton University,2.92,Royal Free Hospital,10.73,Newham General,3.6,Homerton University,2.92
E152NS,51.531754,-0.011483,North,Homerton University,3.2,Royal Free Hospital,10.91,Newham General,3.38,Homerton University,3.2
E152NT,51.53948,-0.016843,North,Homerton University,2.39,Royal Free Hospital,10.39,Newham General,4.06,Homerton University,2.39
E152NW,51.541628,-0.015697,North,Homerton University,2.34,Royal Free Hospital,10.43,Newham General,4.11,Homerton University,2.34
E152NX,51.533622,-0.016088,North,Homerton University,2.83,Royal Free Hospital,10.55,Newham General,3.75,Homerton University,2.83
E152NY,51.531754,-0.011483,North,Homerton University,3.2,Royal Free Hospital,10.91,Newham General,3.38,Homerton University,3.2
E152NZ,51.531754,-0.011483,North,Homerton University,3.2,Royal Free Hospital,10.91,Newham General,3.38,Homerton University,3.2
E152PB,51.535201,-0.016423,North,Homerton University,2.69,Royal Free Hospital,10.49,Newham General,3.84,Homerton University,2.69
E152PD,51.531788,-0.011366,North,Homerton University,3.21,Royal Free Hospital,10.92,Newham General,3.38,Homerton University,3.21
E152PE,51.53217,-0.016396,North,Homerton University,2.92,Royal Free Hospital,10.57,Newham General,3.72,Homerton University,2.92
E152PF,51.531754,-0.011483,North,Homerton University,3.2,Royal Free Hospital,10.91,Newham General,3.38,Homerton University,3.2
E152PG,51.531105,-0.01193,North,Homerton University,3.23,Royal Free Hospital,10.89,Newham General,3.39,Homerton University,3.23
E152PH,51.533793,-0.013428,North,Homerton University,2.95,Royal Free Hospital,10.73,Newham General,3.59,Homerton University,2.95
E152PJ,51.535353,-0.013143,North,Homerton University,2.86,Royal Free Hospital,10.71,Newham General,3.63,Homerton University,2.86
E152PL,51.531337,-0.012323,North,Homerton University,3.19,Royal Free Hospital,10.86,Newham General,3.42,Homerton University,3.19
E152PN,51.531502,-0.013571,North,Homerton University,3.11,Royal Free Hospital,10.77,Newham General,3.51,Homerton University,3.11
E152PP,51.530762,-0.012377,North,Homerton University,3.23,Royal Free Hospital,10.87,Newham General,3.41,Homerton University,3.23
E152PQ,51.537241,-0.014734,North,Homerton University,2.65,Royal Free Hospital,10.57,Newham General,3.82,Homerton University,2.65
E152PR,51.531337,-0.012323,North,Homerton University,3.19,Royal Free Hospital,10.86,Newham General,3.42,Homerton University,3.19
E152PS,51.531061,-0.012494,North,Homerton University,3.2,Royal Free Hospital,10.86,Newham General,3.43,Homerton University,3.2
E152PT,51.534322,-0.009108,North,Homerton University,3.15,Royal Free Hospital,11.01,Newham General,3.33,Homerton University,3.15
E152PW,51.531163,-0.013729,North,Homerton University,3.13,Royal Free Hospital,10.77,Newham General,3.51,Homerton University,3.13
E152PX,51.533976,-0.008863,North,Homerton University,3.19,Royal Free Hospital,11.03,Newham General,3.3,Homerton University,3.19
E152PY,51.533443,-0.009247,North,Homerton University,3.2,Royal Free Hospital,11.02,Newham General,3.3,Homerton University,3.2
E152PZ,51.534186,-0.009604,North,Homerton University,3.13,Royal Free Hospital,10.98,Newham General,3.36,Homerton University,3.13
E152QA,51.52979,-0.012852,North,Homerton University,3.28,Royal Free Hospital,10.87,Newham General,3.41,Homerton University,3.28
E152QB,51.532734,-0.009321,North,Homerton University,3.25,Royal Free Hospital,11.03,Newham General,3.28,Homerton University,3.25
E152QD,51.530739,-0.01098,North,Homerton University,3.3,Royal Free Hospital,10.97,Newham General,3.32,Homerton University,3.3
E152QF,51.532734,-0.009321,North,Homerton University,3.25,Royal Free Hospital,11.03,Newham General,3.28,Homerton University,3.25
E152QG,51.532734,-0.009321,North,Homerton University,3.25,Royal Free Hospital,11.03,Newham General,3.28,Homerton University,3.25
E152QJ,51.531727,-0.010403,North,Homerton University,3.26,Royal Free Hospital,10.98,Newham General,3.31,Homerton University,3.26
E152QQ,51.530219,-0.011651,North,Homerton University,3.31,Royal Free Hospital,10.94,Newham General,3.35,Homerton University,3.31
E152QU,51.531131,-0.013428,North,Homerton University,3.15,Royal Free Hospital,10.79,Newham General,3.49,Homerton University,3.15
E152QW,51.531282,-0.013868,North,Homerton University,3.12,Royal Free Hospital,10.76,Newham General,3.53,Homerton University,3.12
E152RT,51.53083,-0.013701,North,Homerton University,3.16,Royal Free Hospital,10.78,Newham General,3.5,Homerton University,3.16
E152RU,51.533803,-0.012475,North,Homerton University,3.0,Royal Free Hospital,10.79,Newham General,3.52,Homerton University,3.0
E152SJ,51.544647,-0.021406,North,Homerton University,1.85,Royal Free Hospital,10.0,Whipps Cross,4.1,Homerton University,1.85
E152SR,51.53275,-0.010777,North,Homerton University,3.17,Royal Free Hospital,10.93,Newham General,3.37,Homerton University,3.17
E152TA,51.536451,-0.007919,North,Homerton University,3.09,Royal Free Hospital,11.05,Newham General,3.36,Homerton University,3.09
E152TN,51.545282,-0.007374,North,Homerton University,2.75,Royal Free Hospital,10.96,Whipps Cross,3.75,Homerton University,2.75
E152TS,51.545282,-0.007374,North,Homerton University,2.75,Royal Free Hospital,10.96,Whipps Cross,3.75,Homerton University,2.75
E152TT,51.545282,-0.007374,North,Homerton University,2.75,Royal Free Hospital,10.96,Whipps Cross,3.75,Homerton University,2.75
E152TU,51.545282,-0.007374,North,Homerton University,2.75,Royal Free Hospital,10.96,Whipps Cross,3.75,Homerton University,2.75
E152TW,51.545282,-0.007374,North,Homerton University,2.75,Royal Free Hospital,10.96,Whipps Cross,3.75,Homerton University,2.75
E152TX,51.545282,-0.007374,North,Homerton University,2.75,Royal Free Hospital,10.96,Whipps Cross,3.75,Homerton University,2.75
E152TZ,51.545273,-0.007375,North,Homerton University,2.75,Royal Free Hospital,10.96,Whipps Cross,3.75,Homerton University,2.75
E152UD,51.545282,-0.007374,North,Homerton University,2.75,Royal Free Hospital,10.96,Whipps Cross,3.75,Homerton University,2.75
E152UE,51.545282,-0.007374,North,Homerton University,2.75,Royal Free Hospital,10.96,Whipps Cross,3.75,Homerton University,2.75
E152UG,51.549833,-0.012238,North,Homerton University,2.35,Royal Free Hospital,10.6,Whipps Cross,3.34,Homerton University,2.35
E152UH,51.548824,-0.012628,North,Homerton University,2.33,Royal Free Hospital,10.57,Whipps Cross,3.45,Homerton University,2.33
E152UJ,51.548758,-0.01142,North,Homerton University,2.42,Royal Free Hospital,10.66,Whipps Cross,3.43,Homerton University,2.42
E152UL,51.548849,-0.012541,North,Homerton University,2.34,Royal Free Hospital,10.58,Whipps Cross,3.45,Homerton University,2.34
E152UP,51.544286,-0.021379,North,Homerton University,1.86,Royal Free Hospital,10.01,Whipps Cross,4.13,Homerton University,1.86
E152UQ,51.549899,-0.011846,North,Homerton University,2.38,Royal Free Hospital,10.62,Whipps Cross,3.32,Homerton University,2.38
E152UR,51.544286,-0.021379,North,Homerton University,1.86,Royal Free Hospital,10.01,Whipps Cross,4.13,Homerton University,1.86
E152US,51.544286,-0.021379,North,Homerton University,1.86,Royal Free Hospital,10.01,Whipps Cross,4.13,Homerton University,1.86
E152UU,51.545273,-0.007375,North,Homerton University,2.75,Royal Free Hospital,10.96,Whipps Cross,3.75,Homerton University,2.75
E152WF,51.549899,-0.011846,North,Homerton University,2.38,Royal Free Hospital,10.62,Whipps Cross,3.32,Homerton University,2.38
E152XE,51.542828,-0.008015,North,Homerton University,2.79,Royal Free Hospital,10.94,Newham General,3.75,Homerton University,2.79
E152XG,51.533333,-0.010203,North,Homerton University,3.16,Royal Free Hospital,10.96,Newham General,3.36,Homerton University,3.16
E152XH,51.542828,-0.008015,North,Homerton University,2.79,Royal Free Hospital,10.94,Newham General,3.75,Homerton University,2.79
E152XJ,51.542828,-0.008015,North,Homerton University,2.79,Royal Free Hospital,10.94,Newham General,3.75,Homerton University,2.79
E152XL,51.545282,-0.007374,North,Homerton University,2.75,Royal Free Hospital,10.96,Whipps Cross,3.75,Homerton University,2.75
E152XW,51.542828,-0.008015,North,Homerton University,2.79,Royal Free Hospital,10.94,Newham General,3.75,Homerton University,2.79
E152ZD,51.531513,-0.013685,North,Homerton University,3.11,Royal Free Hospital,10.77,Newham General,3.52,Homerton University,3.11
E152ZE,51.53152,-0.013584,North,Homerton University,3.11,Royal Free Hospital,10.77,Newham General,3.51,Homerton University,3.11
E152ZF,51.531723,-0.013373,North,Homerton University,3.11,Royal Free Hospital,10.78,Newham General,3.51,Homerton University,3.11
E152ZG,51.531628,-0.013046,North,Homerton University,3.13,Royal Free Hospital,10.81,Newham General,3.48,Homerton University,3.13
E152ZH,51.53199,-0.013708,North,Homerton University,3.07,Royal Free Hospital,10.75,Newham General,3.54,Homerton University,3.07
E152ZJ,51.531562,-0.012861,North,Homerton University,3.15,Royal Free Hospital,10.82,Newham General,3.47,Homerton University,3.15
E177HG,51.57913,-0.043754,North,Homerton University,3.15,Royal Free Hospital,8.89,Whipps Cross,3.16,Homerton University,3.15
E177HQ,51.578901,-0.047271,North,Homerton University,3.13,Royal Free Hospital,8.65,Whipps Cross,3.4,Homerton University,3.13
E178BA,51.572415,-0.041184,North,Homerton University,2.43,Royal Free Hospital,8.85,Whipps Cross,3.06,Homerton University,2.43
E178HN,51.570475,-0.031108,North,Homerton University,2.42,Royal Free Hospital,9.48,Whipps Cross,2.46,Homerton University,2.42
E178HQ,51.569823,-0.030877,North,Homerton University,2.37,Royal Free Hospital,9.48,Whipps Cross,2.47,Homerton University,2.37
E201AA,51.547898,-0.007361,North,Homerton University,2.7,Royal Free Hospital,10.94,Whipps Cross,3.46,Homerton University,2.7
E201AB,51.548138,-0.007697,North,Homerton University,2.68,Royal Free Hospital,10.92,Whipps Cross,3.44,Homerton University,2.68
E201AD,51.547983,-0.007559,North,Homerton University,2.69,Royal Free Hospital,10.93,Whipps Cross,3.46,Homerton University,2.69
E201AE,51.546846,-0.006845,North,Homerton University,2.76,Royal Free Hospital,10.99,Whipps Cross,3.57,Homerton University,2.76
E201AF,51.547475,-0.006774,North,Homerton University,2.75,Royal Free Hospital,10.99,Whipps Cross,3.5,Homerton University,2.75
E201AG,51.546675,-0.006809,North,Homerton University,2.76,Royal Free Hospital,10.99,Whipps Cross,3.59,Homerton University,2.76
E201AH,51.547803,-0.005995,North,Homerton University,2.8,Royal Free Hospital,11.04,Whipps Cross,3.46,Homerton University,2.8
E201AJ,51.548013,-0.00564,North,Homerton University,2.82,Royal Free Hospital,11.06,Whipps Cross,3.43,Homerton University,2.82
E201AL,51.547813,-0.006052,North,Homerton University,2.8,Royal Free Hospital,11.03,Whipps Cross,3.46,Homerton University,2.8
E201AN,51.547528,-0.00781,North,Homerton University,2.68,Royal Free Hospital,10.91,Whipps Cross,3.51,Homerton University,2.68
E201AP,51.548034,-0.006894,North,Homerton University,2.74,Royal Free Hospital,10.97,Whipps Cross,3.44,Homerton University,2.74
E201AQ,51.54823,-0.005198,North,Homerton University,2.85,Royal Free Hospital,11.09,Whipps Cross,3.4,Homerton University,2.85
E201AR,51.547686,-0.006519,North,Homerton University,2.77,Royal Free Hospital,11.0,Whipps Cross,3.48,Homerton University,2.77
E201AS,51.547818,-0.006369,North,Homerton University,2.77,Royal Free Hospital,11.01,Whipps Cross,3.46,Homerton University,2.77
E201AT,51.549554,-0.006885,North,Homerton University,2.72,Royal Free Hospital,10.97,Whipps Cross,3.28,Homerton University,2.72
E201AW,51.548461,-0.007668,North,Homerton University,2.68,Royal Free Hospital,10.92,Whipps Cross,3.41,Homerton University,2.68
E201AX,51.547015,-0.006693,North,Homerton University,2.76,Royal Free Hospital,11.0,Whipps Cross,3.55,Homerton University,2.76
E201AY,51.547036,-0.006346,North,Homerton University,2.79,Royal Free Hospital,11.02,Whipps Cross,3.55,Homerton University,2.79
E201AZ,51.547003,-0.00603,North,Homerton University,2.81,Royal Free Hospital,11.04,Whipps Cross,3.55,Homerton University,2.81
E201BA,51.548301,-0.006709,North,Homerton University,2.74,Royal Free Hospital,10.99,Whipps Cross,3.41,Homerton University,2.74
E201BB,51.548604,-0.007114,North,Homerton University,2.71,Royal Free Hospital,10.96,Whipps Cross,3.38,Homerton University,2.71
E201BD,51.548595,-0.007071,North,Homerton University,2.72,Royal Free Hospital,10.96,Whipps Cross,3.38,Homerton University,2.72
E201BE,51.547528,-0.004623,North,Homerton University,2.9,Royal Free Hospital,11.13,Whipps Cross,3.47,Homerton University,2.9
E201BF,51.547747,-0.0048,North,Homerton University,2.88,Royal Free Hospital,11.12,Whipps Cross,3.45,Homerton University,2.88
E201BG,51.547765,-0.005348,North,Homerton University,2.84,Royal Free Hospital,11.08,Whipps Cross,3.46,Homerton University,2.84
E201BH,51.546292,-0.005989,North,Homerton University,2.83,Royal Free Hospital,11.05,Whipps Cross,3.62,Homerton University,2.83
E201BJ,51.546281,-0.006408,North,Homerton University,2.8,Royal Free Hospital,11.02,Whipps Cross,3.63,Homerton University,2.8
E201BL,51.546324,-0.00681,North,Homerton University,2.77,Royal Free Hospital,10.99,Whipps Cross,3.63,Homerton University,2.77
E201BN,51.54624,-0.004506,North,Homerton University,2.93,Royal Free Hospital,11.15,Whipps Cross,3.62,Homerton University,2.93
E201BP,51.546293,-0.004979,North,Homerton University,2.89,Royal Free Hospital,11.12,Whipps Cross,3.61,Homerton University,2.89
E201BR,51.547433,-0.005939,North,Homerton University,2.81,Royal Free Hospital,11.04,Whipps Cross,3.5,Homerton University,2.81
E201BS,51.546652,-0.005973,North,Homerton University,2.82,Royal Free Hospital,11.05,Whipps Cross,3.58,Homerton University,2.82
E201BT,51.547075,-0.00496,North,Homerton University,2.88,Royal Free Hospital,11.11,Whipps Cross,3.53,Homerton University,2.88
E201BU,51.547399,-0.00496,North,Homerton University,2.88,Royal Free Hospital,11.11,Whipps Cross,3.49,Homerton University,2.88
E201BW,51.546635,-0.004993,North,Homerton University,2.89,Royal Free Hospital,11.12,Whipps Cross,3.58,Homerton University,2.89
E201BX,51.546975,-0.005959,North,Homerton University,2.81,Royal Free Hospital,11.05,Whipps Cross,3.55,Homerton University,2.81
E201BY,51.546276,-0.004504,North,Homerton University,2.93,Royal Free Hospital,11.15,Whipps Cross,3.61,Homerton University,2.93
E201BZ,51.546734,-0.004484,North,Homerton University,2.92,Royal Free Hospital,11.15,Whipps Cross,3.56,Homerton University,2.92
E201DA,51.547119,-0.004381,North,Homerton University,2.92,Royal Free Hospital,11.15,Whipps Cross,3.52,Homerton University,2.92
E201DB,51.547467,-0.007914,North,Homerton University,2.67,Royal Free Hospital,10.91,Whipps Cross,3.52,Homerton University,2.67
E201DD,51.546631,-0.01007,North,Homerton University,2.54,Royal Free Hospital,10.77,Whipps Cross,3.64,Homerton University,2.54
E201DE,51.546316,-0.01056,North,Homerton University,2.51,Royal Free Hospital,10.73,Whipps Cross,3.68,Homerton University,2.51
E201DF,51.546369,-0.010514,North,Homerton University,2.52,Royal Free Hospital,10.74,Whipps Cross,3.68,Homerton University,2.52
E201DG,51.546842,-0.010292,North,Homerton University,2.52,Royal Free Hospital,10.75,Whipps Cross,3.62,Homerton University,2.52
E201DH,51.547016,-0.010486,North,Homerton University,2.51,Royal Free Hospital,10.73,Whipps Cross,3.61,Homerton University,2.51
E201DJ,51.546765,-0.01106,North,Homerton University,2.47,Royal Free Hospital,10.7,Whipps Cross,3.64,Homerton University,2.47
E201DL,51.546991,-0.010588,North,Homerton University,2.5,Royal Free Hospital,10.73,Whipps Cross,3.61,Homerton University,2.5
E201DN,51.546714,-0.011249,North,Homerton University,2.46,Royal Free Hospital,10.68,Whipps Cross,3.65,Homerton University,2.46
E201DP,51.54617,-0.010956,North,Homerton University,2.49,Royal Free Hospital,10.71,Whipps Cross,3.7,Homerton University,2.49
E201DQ,51.546547,-0.011459,North,Homerton University,2.45,Royal Free Hospital,10.67,Whipps Cross,3.67,Homerton University,2.45
E201DR,51.546318,-0.011223,North,Homerton University,2.47,Royal Free Hospital,10.69,Whipps Cross,3.69,Homerton University,2.47
E201DS,51.549127,-0.009846,North,Homerton University,2.52,Royal Free Hospital,10.76,Whipps Cross,3.37,Homerton University,2.52
E201DT,51.548913,-0.009423,North,Homerton University,2.55,Royal Free Hospital,10.8,Whipps Cross,3.38,Homerton University,2.55
E201DU,51.548941,-0.00945,North,Homerton University,2.55,Royal Free Hospital,10.79,Whipps Cross,3.38,Homerton University,2.55
E201DW,51.547111,-0.013424,North,Homerton University,2.3,Royal Free Hospital,10.53,Whipps Cross,3.65,Homerton University,2.3
E201DX,51.547337,-0.012996,North,Homerton University,2.33,Royal Free Hospital,10.56,Whipps Cross,3.62,Homerton University,2.33
E201DY,51.548001,-0.011813,North,Homerton University,2.4,Royal Free Hospital,10.64,Whipps Cross,3.52,Homerton University,2.4
E201DZ,51.548604,-0.010806,North,Homerton University,2.46,Royal Free Hospital,10.7,Whipps Cross,3.44,Homerton University,2.46
E201EA,51.548355,-0.010457,North,Homerton University,2.49,Royal Free Hospital,10.73,Whipps Cross,3.46,Homerton University,2.49
E201EB,51.548566,-0.010116,North,Homerton University,2.51,Royal Free Hospital,10.75,Whipps Cross,3.43,Homerton University,2.51
E201ED,51.548849,-0.010377,North,Homerton University,2.49,Royal Free Hospital,10.73,Whipps Cross,3.41,Homerton University,2.49
E201EE,51.54412,-0.008867,North,Homerton University,2.69,Royal Free Hospital,10.87,Newham General,3.89,Homerton University,2.69
E201EF,51.548392,-0.010484,North,Homerton University,2.48,Royal Free Hospital,10.72,Whipps Cross,3.46,Homerton University,2.48
E201EG,51.544126,-0.003416,North,Homerton University,3.05,Royal Free Hospital,11.25,Newham General,3.6,Homerton University,3.05
E201EH,51.543596,-0.006612,North,Homerton University,2.85,Royal Free Hospital,11.03,Newham General,3.73,Homerton University,2.85
E201EJ,51.544337,-0.00632,North,Homerton University,2.85,Royal Free Hospital,11.04,Newham General,3.76,Homerton University,2.85
E201EL,51.543732,-0.006692,North,Homerton University,2.84,Royal Free Hospital,11.02,Newham General,3.74,Homerton University,2.84
E201EN,51.542852,-0.006731,North,Homerton University,2.87,Royal Free Hospital,11.03,Newham General,3.68,Homerton University,2.87
E201EP,51.543247,-0.006742,North,Homerton University,2.85,Royal Free Hospital,11.03,Newham General,3.71,Homerton University,2.85
E201EQ,51.543673,-0.006926,North,Homerton University,2.83,Royal Free Hospital,11.01,Newham General,3.75,Homerton University,2.83
E201ER,51.544337,-0.00632,North,Homerton University,2.85,Royal Free Hospital,11.04,Newham General,3.76,Homerton University,2.85
E201ES,51.543267,-0.007376,North,Homerton University,2.81,Royal Free Hospital,10.98,Newham General,3.75,Homerton University,2.81
E201ET,51.54345,-0.007036,North,Homerton University,2.83,Royal Free Hospital,11.0,Newham General,3.74,Homerton University,2.83
E201EU,51.543295,-0.00687,North,Homerton University,2.84,Royal Free Hospital,11.02,Newham General,3.72,Homerton University,2.84
E201EW,51.546664,-0.012535,North,Homerton University,2.37,Royal Free Hospital,10.59,Whipps Cross,3.68,Homerton University,2.37
E201EX,51.54649,-0.01286,North,Homerton University,2.35,Royal Free Hospital,10.57,Whipps Cross,3.7,Homerton University,2.35
E201EY,51.547944,-0.011095,North,Homerton University,2.45,Royal Free Hospital,10.69,Whipps Cross,3.52,Homerton University,2.45
E201EZ,51.547681,-0.01151,North,Homerton University,2.42,Royal Free Hospital,10.66,Whipps Cross,3.55,Homerton University,2.42
E201FA,51.548637,-0.014872,North,Homerton University,2.18,Royal Free Hospital,10.42,Whipps Cross,3.52,Homerton University,2.18
E201FB,51.545259,-0.008154,North,Homerton University,2.7,Royal Free Hospital,10.91,Whipps Cross,3.76,Homerton University,2.7
E201FD,51.545256,-0.00801,North,Homerton University,2.71,Royal Free Hospital,10.92,Whipps Cross,3.76,Homerton University,2.71
E201FE,51.547998,-0.011121,North,Homerton University,2.45,Royal Free Hospital,10.68,Whipps Cross,3.51,Homerton University,2.45
E201FF,51.548273,-0.011441,North,Homerton University,2.42,Royal Free Hospital,10.66,Whipps Cross,3.49,Homerton University,2.42
E201FG,51.547939,-0.011859,North,Homerton University,2.4,Royal Free Hospital,10.63,Whipps Cross,3.53,Homerton University,2.4
E201FH,51.547141,-0.012543,North,Homerton University,2.36,Royal Free Hospital,10.59,Whipps Cross,3.63,Homerton University,2.36
E201FJ,51.547359,-0.01213,North,Homerton University,2.39,Royal Free Hospital,10.62,Whipps Cross,3.6,Homerton University,2.39
E201FL,51.547607,-0.012465,North,Homerton University,2.36,Royal Free Hospital,10.59,Whipps Cross,3.58,Homerton University,2.36
E201FN,51.547178,-0.012585,North,Homerton University,2.36,Royal Free Hospital,10.59,Whipps Cross,3.63,Homerton University,2.36
E201FP,51.546674,-0.013097,North,Homerton University,2.33,Royal Free Hospital,10.56,Whipps Cross,3.69,Homerton University,2.33
E201FQ,51.549238,-0.014788,North,Homerton University,2.18,Royal Free Hospital,10.42,Whipps Cross,3.45,Homerton University,2.18
E201FR,51.546866,-0.013334,North,Homerton University,2.31,Royal Free Hospital,10.54,Whipps Cross,3.67,Homerton University,2.31
E201FS,51.547133,-0.011563,North,Homerton University,2.43,Royal Free Hospital,10.66,Whipps Cross,3.61,Homerton University,2.43
E201FT,51.547462,-0.013957,North,Homerton University,2.26,Royal Free Hospital,10.49,Whipps Cross,3.62,Homerton University,2.26
E201FU,51.550227,-0.012135,North,Homerton University,2.36,Royal Free Hospital,10.6,Whipps Cross,3.29,Homerton University,2.36
E201FX,51.546838,-0.01221,North,Homerton University,2.39,Royal Free Hospital,10.62,Whipps Cross,3.66,Homerton University,2.39
E201FY,51.547405,-0.011133,North,Homerton University,2.45,Royal Free Hospital,10.69,Whipps Cross,3.57,Homerton University,2.45
E201FZ,51.547239,-0.011428,North,Homerton University,2.44,Royal Free Hospital,10.67,Whipps Cross,3.6,Homerton University,2.44
E201GA,51.547082,-0.011752,North,Homerton University,2.42,Royal Free Hospital,10.65,Whipps Cross,3.62,Homerton University,2.42
E201GB,51.548071,-0.010108,North,Homerton University,2.51,Royal Free Hospital,10.75,Whipps Cross,3.49,Homerton University,2.51
E201GD,51.547914,-0.010404,North,Homerton University,2.5,Royal Free Hospital,10.73,Whipps Cross,3.51,Homerton University,2.5
E201GE,51.548629,-0.00906,North,Homerton University,2.58,Royal Free Hospital,10.82,Whipps Cross,3.41,Homerton University,2.58
E201GF,51.547749,-0.010728,North,Homerton University,2.48,Royal Free Hospital,10.71,Whipps Cross,3.53,Homerton University,2.48
E201GG,51.548463,-0.009356,North,Homerton University,2.56,Royal Free Hospital,10.8,Whipps Cross,3.43,Homerton University,2.56
E201GH,51.548297,-0.00968,North,Homerton University,2.54,Royal Free Hospital,10.78,Whipps Cross,3.45,Homerton University,2.54
E201GJ,51.54925,-0.007028,North,Homerton University,2.71,Royal Free Hospital,10.96,Whipps Cross,3.31,Homerton University,2.71
E201GL,51.542604,-0.008039,North,Homerton University,2.79,Royal Free Hospital,10.94,Newham General,3.74,Homerton University,2.79
E201GN,51.543409,-0.006216,North,Homerton University,2.88,Royal Free Hospital,11.06,Newham General,3.69,Homerton University,2.88
E201GP,51.543822,-0.008779,North,Homerton University,2.7,Royal Free Hospital,10.88,Newham General,3.86,Homerton University,2.7
E201GQ,51.545254,-0.007866,North,Homerton University,2.72,Royal Free Hospital,10.93,Whipps Cross,3.76,Homerton University,2.72
E201GR,51.544054,-0.00339,North,Homerton University,3.05,Royal Free Hospital,11.25,Newham General,3.59,Homerton University,3.05
E201GS,51.544325,-0.01193,North,Homerton University,2.48,Royal Free Hospital,10.66,Whipps Cross,3.92,Homerton University,2.48
E201GT,51.547528,-0.00781,North,Homerton University,2.68,Royal Free Hospital,10.91,Whipps Cross,3.51,Homerton University,2.68
E201GU,51.548958,-0.014195,North,Homerton University,2.22,Royal Free Hospital,10.47,Whipps Cross,3.47,Homerton University,2.22
E201GW,51.549225,-0.01189,North,Homerton University,2.38,Royal Free Hospital,10.62,Whipps Cross,3.39,Homerton University,2.38
E201GX,51.548721,-0.014494,North,Homerton University,2.2,Royal Free Hospital,10.45,Whipps Cross,3.5,Homerton University,2.2
E201GY,51.549501,-0.013854,North,Homerton University,2.24,Royal Free Hospital,10.49,Whipps Cross,3.41,Homerton University,2.24
E201GZ,51.549061,-0.013325,North,Homerton University,2.28,Royal Free Hospital,10.52,Whipps Cross,3.44,Homerton University,2.28
E201HA,51.548646,-0.012737,North,Homerton University,2.33,Royal Free Hospital,10.57,Whipps Cross,3.47,Homerton University,2.33
E201HB,51.549124,-0.013365,North,Homerton University,2.28,Royal Free Hospital,10.52,Whipps Cross,3.43,Homerton University,2.28
E201HD,51.548245,-0.013505,North,Homerton University,2.28,Royal Free Hospital,10.52,Whipps Cross,3.53,Homerton University,2.28
E201HE,51.548114,-0.012631,North,Homerton University,2.34,Royal Free Hospital,10.58,Whipps Cross,3.53,Homerton University,2.34
E201HF,51.5483,-0.013012,North,Homerton University,2.31,Royal Free Hospital,10.55,Whipps Cross,3.51,Homerton University,2.31
E201HG,51.544337,-0.00632,North,Homerton University,2.85,Royal Free Hospital,11.04,Newham General,3.76,Homerton University,2.85
E201HH,51.548734,-0.011565,North,Homerton University,2.41,Royal Free Hospital,10.65,Whipps Cross,3.44,Homerton University,2.41
E201HJ,51.54891,-0.012423,North,Homerton University,2.34,Royal Free Hospital,10.59,Whipps Cross,3.44,Homerton University,2.34
E201HL,51.549276,-0.0117,North,Homerton University,2.39,Royal Free Hospital,10.64,Whipps Cross,3.38,Homerton University,2.39
E201HN,51.548901,-0.011875,North,Homerton University,2.38,Royal Free Hospital,10.63,Whipps Cross,3.43,Homerton University,2.38
E201HP,51.549558,-0.012943,North,Homerton University,2.3,Royal Free Hospital,10.55,Whipps Cross,3.38,Homerton University,2.3
E201HQ,51.549904,-0.012134,North,Homerton University,2.36,Royal Free Hospital,10.6,Whipps Cross,3.33,Homerton University,2.36
E201HR,51.540931,-0.007492,North,Homerton University,2.89,Royal Free Hospital,11.0,Newham General,3.6,Homerton University,2.89
E201HS,51.540931,-0.007492,North,Homerton University,2.89,Royal Free Hospital,11.0,Newham General,3.6,Homerton University,2.89
E201HT,51.540931,-0.007492,North,Homerton University,2.89,Royal Free Hospital,11.0,Newham General,3.6,Homerton University,2.89
E201HU,51.541291,-0.008025,North,Homerton University,2.84,Royal Free Hospital,10.96,Newham General,3.65,Homerton University,2.84
E201HW,51.541291,-0.008025,North,Homerton University,2.84,Royal Free Hospital,10.96,Newham General,3.65,Homerton University,2.84
E201HX,51.541291,-0.008025,North,Homerton University,2.84,Royal Free Hospital,10.96,Newham General,3.65,Homerton University,2.84
E201HY,51.541291,-0.008025,North,Homerton University,2.84,Royal Free Hospital,10.96,Newham General,3.65,Homerton University,2.84
E201HZ,51.542808,-0.009977,North,Homerton University,2.66,Royal Free Hospital,10.81,Newham General,3.86,Homerton University,2.66
E201JA,51.547757,-0.009098,North,Homerton University,2.59,Royal Free Hospital,10.82,Whipps Cross,3.5,Homerton University,2.59
E201JB,51.547372,-0.008682,North,Homerton University,2.62,Royal Free Hospital,10.86,Whipps Cross,3.54,Homerton University,2.62
E201JD,51.547965,-0.008656,North,Homerton University,2.62,Royal Free Hospital,10.85,Whipps Cross,3.47,Homerton University,2.62
E201JE,51.547965,-0.008656,North,Homerton University,2.62,Royal Free Hospital,10.85,Whipps Cross,3.47,Homerton University,2.62
E201JF,51.547965,-0.008656,North,Homerton University,2.62,Royal Free Hospital,10.85,Whipps Cross,3.47,Homerton University,2.62
E201JG,51.547372,-0.008682,North,Homerton University,2.62,Royal Free Hospital,10.86,Whipps Cross,3.54,Homerton University,2.62
E201JH,51.547372,-0.008682,North,Homerton University,2.62,Royal Free Hospital,10.86,Whipps Cross,3.54,Homerton University,2.62
E201JJ,51.547827,-0.00898,North,Homerton University,2.59,Royal Free Hospital,10.83,Whipps Cross,3.49,Homerton University,2.59
E201JL,51.54753,-0.008993,North,Homerton University,2.6,Royal Free Hospital,10.83,Whipps Cross,3.53,Homerton University,2.6
E201JN,51.542021,-0.00919,North,Homerton University,2.74,Royal Free Hospital,10.87,Newham General,3.76,Homerton University,2.74
E201JP,51.544325,-0.01193,North,Homerton University,2.48,Royal Free Hospital,10.66,Whipps Cross,3.92,Homerton University,2.48
E201JQ,51.542499,-0.011361,North,Homerton University,2.58,Royal Free Hospital,10.72,Newham General,3.92,Homerton University,2.58
E201JR,51.542193,-0.011374,North,Homerton University,2.59,Royal Free Hospital,10.72,Newham General,3.9,Homerton University,2.59
E201JS,51.546001,-0.012146,North,Homerton University,2.41,Royal Free Hospital,10.63,Whipps Cross,3.74,Homerton University,2.41
E201JT,51.546001,-0.012146,North,Homerton University,2.41,Royal Free Hospital,10.63,Whipps Cross,3.74,Homerton University,2.41
E201JU,51.546001,-0.012146,North,Homerton University,2.41,Royal Free Hospital,10.63,Whipps Cross,3.74,Homerton University,2.41
E201JW,51.545758,-0.012128,North,Homerton University,2.42,Royal Free Hospital,10.63,Whipps Cross,3.77,Homerton University,2.42
E201JX,51.546001,-0.012146,North,Homerton University,2.41,Royal Free Hospital,10.63,Whipps Cross,3.74,Homerton University,2.41
E201JY,51.545954,-0.011484,North,Homerton University,2.46,Royal Free Hospital,10.67,Whipps Cross,3.74,Homerton University,2.46
E201JZ,51.545954,-0.011484,North,Homerton University,2.46,Royal Free Hospital,10.67,Whipps Cross,3.74,Homerton University,2.46
E201LA,51.545954,-0.011484,North,Homerton University,2.46,Royal Free Hospital,10.67,Whipps Cross,3.74,Homerton University,2.46
E201LB,51.545954,-0.011484,North,Homerton University,2.46,Royal Free Hospital,10.67,Whipps Cross,3.74,Homerton University,2.46
E201LD,51.545254,-0.007866,North,Homerton University,2.72,Royal Free Hospital,10.93,Whipps Cross,3.76,Homerton University,2.72
E201LE,51.549404,-0.010252,North,Homerton University,2.49,Royal Free Hospital,10.74,Whipps Cross,3.34,Homerton University,2.49
E201LF,51.549772,-0.009645,North,Homerton University,2.53,Royal Free Hospital,10.78,Whipps Cross,3.29,Homerton University,2.53
E201LG,51.55008,-0.011377,North,Homerton University,2.41,Royal Free Hospital,10.66,Whipps Cross,3.29,Homerton University,2.41
E201LH,51.549402,-0.011161,North,Homerton University,2.43,Royal Free Hospital,10.67,Whipps Cross,3.36,Homerton University,2.43
E201LJ,51.54997,-0.01128,North,Homerton University,2.42,Royal Free Hospital,10.66,Whipps Cross,3.3,Homerton University,2.42
E201LL,51.549369,-0.010311,North,Homerton University,2.49,Royal Free Hospital,10.73,Whipps Cross,3.35,Homerton University,2.49
E201LN,51.550239,-0.00961,North,Homerton University,2.53,Royal Free Hospital,10.78,Whipps Cross,3.24,Homerton University,2.53
E201LP,51.550307,-0.009391,North,Homerton University,2.55,Royal Free Hospital,10.79,Whipps Cross,3.23,Homerton University,2.55
E201LQ,51.550243,-0.010908,North,Homerton University,2.44,Royal Free Hospital,10.69,Whipps Cross,3.27,Homerton University,2.44
E201LR,51.550428,-0.010164,North,Homerton University,2.49,Royal Free Hospital,10.74,Whipps Cross,3.23,Homerton University,2.49
E201LS,51.550651,-0.009563,North,Homerton University,2.53,Royal Free Hospital,10.78,Whipps Cross,3.2,Homerton University,2.53
E201LT,51.549835,-0.009123,North,Homerton University,2.57,Royal Free Hospital,10.81,Whipps Cross,3.28,Homerton University,2.57
E201LU,51.550522,-0.009352,North,Homerton University,2.55,Royal Free Hospital,10.79,Whipps Cross,3.21,Homerton University,2.55
E201LW,51.545254,-0.007866,North,Homerton University,2.72,Royal Free Hospital,10.93,Whipps Cross,3.76,Homerton University,2.72
E201LX,51.550459,-0.009369,North,Homerton University,2.55,Royal Free Hospital,10.79,Whipps Cross,3.22,Homerton University,2.55
E201LY,51.549191,-0.00879,North,Homerton University,2.59,Royal Free Hospital,10.84,Whipps Cross,3.34,Homerton University,2.59
E201LZ,51.541191,-0.006371,North,Homerton University,2.95,Royal Free Hospital,11.08,Newham General,3.55,Homerton University,2.95
E201NA,51.541316,-0.006841,North,Homerton University,2.92,Royal Free Hospital,11.04,Newham General,3.58,Homerton University,2.92
E201NB,51.541645,-0.007173,North,Homerton University,2.88,Royal Free Hospital,11.02,Newham General,3.62,Homerton University,2.88
E201ND,51.541645,-0.007173,North,Homerton University,2.88,Royal Free Hospital,11.02,Newham General,3.62,Homerton University,2.88
E201NE,51.541645,-0.007173,North,Homerton University,2.88,Royal Free Hospital,11.02,Newham General,3.62,Homerton University,2.88
E201NF,51.541645,-0.007173,North,Homerton University,2.88,Royal Free Hospital,11.02,Newham General,3.62,Homerton University,2.88
E201NG,51.541959,-0.007649,North,Homerton University,2.84,Royal Free Hospital,10.98,Newham General,3.67,Homerton University,2.84
E201NH,51.541959,-0.007664,North,Homerton University,2.84,Royal Free Hospital,10.98,Newham General,3.67,Homerton University,2.84
E201NJ,51.541959,-0.007664,North,Homerton University,2.84,Royal Free Hospital,10.98,Newham General,3.67,Homerton University,2.84
E201NL,51.541959,-0.007649,North,Homerton University,2.84,Royal Free Hospital,10.98,Newham General,3.67,Homerton University,2.84
E201NN,51.541868,-0.006024,North,Homerton University,2.95,Royal Free Hospital,11.09,Newham General,3.58,Homerton University,2.95
E201NP,51.541868,-0.006024,North,Homerton University,2.95,Royal Free Hospital,11.09,Newham General,3.58,Homerton University,2.95
E201NQ,51.542152,-0.006285,North,Homerton University,2.92,Royal Free Hospital,11.07,Newham General,3.61,Homerton University,2.92
E201NR,51.542152,-0.006285,North,Homerton University,2.92,Royal Free Hospital,11.07,Newham General,3.61,Homerton University,2.92
E201NS,51.542152,-0.006285,North,Homerton University,2.92,Royal Free Hospital,11.07,Newham General,3.61,Homerton University,2.92
E201NT,51.541433,-0.005783,North,Homerton University,2.98,Royal Free Hospital,11.11,Newham General,3.53,Homerton University,2.98
E201NU,51.541748,-0.005279,North,Homerton University,3.0,Royal Free Hospital,11.15,Newham General,3.53,Homerton University,3.0
E201NW,51.541868,-0.006024,North,Homerton University,2.95,Royal Free Hospital,11.09,Newham General,3.58,Homerton University,2.95
E201NX,51.541868,-0.006024,North,Homerton University,2.95,Royal Free Hospital,11.09,Newham General,3.58,Homerton University,2.95
E201NY,51.547646,-0.014209,North,Homerton University,2.24,Royal Free Hospital,10.47,Whipps Cross,3.61,Homerton University,2.24
E201NZ,51.547955,-0.01444,North,Homerton University,2.22,Royal Free Hospital,10.45,Whipps Cross,3.58,Homerton University,2.22
E201PA,51.547802,-0.013365,North,Homerton University,2.29,Royal Free Hospital,10.53,Whipps Cross,3.57,Homerton University,2.29
E201PB,51.547979,-0.013689,North,Homerton University,2.27,Royal Free Hospital,10.51,Whipps Cross,3.56,Homerton University,2.27
E201PD,51.548181,-0.013969,North,Homerton University,2.25,Royal Free Hospital,10.49,Whipps Cross,3.55,Homerton University,2.25
E201PE,51.547425,-0.013901,North,Homerton University,2.26,Royal Free Hospital,10.49,Whipps Cross,3.63,Homerton University,2.26
E201PF,51.547529,-0.013723,North,Homerton University,2.27,Royal Free Hospital,10.51,Whipps Cross,3.61,Homerton University,2.27
E201PG,51.547529,-0.013723,North,Homerton University,2.27,Royal Free Hospital,10.51,Whipps Cross,3.61,Homerton University,2.27
E201PJ,51.547529,-0.013723,North,Homerton University,2.27,Royal Free Hospital,10.51,Whipps Cross,3.61,Homerton University,2.27
E201PL,51.545397,-0.009432,North,Homerton University,2.61,Royal Free Hospital,10.82,Whipps Cross,3.76,Homerton University,2.61
E201YY,51.544855,-0.008749,North,Homerton University,2.67,Royal Free Hospital,10.87,Whipps Cross,3.81,Homerton University,2.67
E202AA,51.539142,-0.020261,North,Homerton University,2.21,Royal Free Hospital,10.16,Newham General,4.26,Homerton University,2.21
E202AB,51.539729,-0.014553,North,Homerton University,2.51,Royal Free Hospital,10.54,Newham General,3.94,Homerton University,2.51
E202AD,51.538592,-0.012195,North,Homerton University,2.72,Royal Free Hospital,10.72,Newham General,3.73,Homerton University,2.72
E202AE,51.537772,-0.012115,North,Homerton University,2.77,Royal Free Hospital,10.74,Newham General,3.69,Homerton University,2.77
E202AF,51.538485,-0.009632,North,Homerton University,2.88,Royal Free Hospital,10.9,Newham General,3.57,Homerton University,2.88
E202AG,51.540974,-0.014268,North,Homerton University,2.46,Royal Free Hospital,10.54,Newham General,3.99,Homerton University,2.46
E202AH,51.539951,-0.010131,North,Homerton University,2.77,Royal Free Hospital,10.84,Newham General,3.69,Homerton University,2.77
E202AQ,51.539951,-0.010131,North,Homerton University,2.77,Royal Free Hospital,10.84,Newham General,3.69,Homerton University,2.77
E202AR,51.541598,-0.012871,North,Homerton University,2.52,Royal Free Hospital,10.63,Newham General,3.95,Homerton University,2.52
E202AS,51.540951,-0.01238,North,Homerton University,2.58,Royal Free Hospital,10.67,Newham General,3.88,Homerton University,2.58
E202GL,51.549446,-0.007971,North,Homerton University,2.65,Royal Free Hospital,10.89,Whipps Cross,3.3,Homerton University,2.65
E202SS,51.539526,-0.015846,North,Homerton University,2.44,Royal Free Hospital,10.45,Newham General,4.0,Homerton University,2.44
E202ST,51.538636,-0.016404,North,Homerton University,2.46,Royal Free Hospital,10.43,Newham General,3.99,Homerton University,2.46
E202WS,51.539803,-0.019453,North,Homerton University,2.22,Royal Free Hospital,10.2,Newham General,4.24,Homerton University,2.22
E203AB,51.550397,-0.015228,North,Homerton University,2.14,Royal Free Hospital,10.39,Whipps Cross,3.34,Homerton University,2.14
E203AD,51.552887,-0.015711,North,Homerton University,2.12,Royal Free Hospital,10.35,Whipps Cross,3.1,Homerton University,2.12
E203AF,51.552887,-0.015711,North,Homerton University,2.12,Royal Free Hospital,10.35,Whipps Cross,3.1,Homerton University,2.12
E203AG,51.546173,-0.020749,North,Homerton University,1.83,Royal Free Hospital,10.03,Whipps Cross,3.92,Homerton University,1.83
E203AH,51.545837,-0.021585,North,Homerton University,1.79,Royal Free Hospital,9.98,Whipps Cross,3.98,Homerton University,1.79
E203AJ,51.545753,-0.020882,North,Homerton University,1.84,Royal Free Hospital,10.03,Whipps Cross,3.97,Homerton University,1.84
E203AL,51.545701,-0.019933,North,Homerton University,1.9,Royal Free Hospital,10.09,Whipps Cross,3.95,Homerton University,1.9
E203AN,51.545708,-0.019803,North,Homerton University,1.91,Royal Free Hospital,10.1,Whipps Cross,3.95,Homerton University,1.91
E203AP,51.545352,-0.01953,North,Homerton University,1.94,Royal Free Hospital,10.12,Whipps Cross,3.98,Homerton University,1.94
E203AQ,51.545974,-0.020152,North,Homerton University,1.88,Royal Free Hospital,10.08,Whipps Cross,3.93,Homerton University,1.88
E203AR,51.545489,-0.021211,North,Homerton University,1.83,Royal Free Hospital,10.01,Whipps Cross,4.01,Homerton University,1.83
E203AS,51.545586,-0.021106,North,Homerton University,1.83,Royal Free Hospital,10.01,Whipps Cross,3.99,Homerton University,1.83
E203AT,51.545164,-0.0201,North,Homerton University,1.91,Royal Free Hospital,10.09,Whipps Cross,4.01,Homerton University,1.91
E203AU,51.545164,-0.0201,North,Homerton University,1.91,Royal Free Hospital,10.09,Whipps Cross,4.01,Homerton University,1.91
E203AW,51.545164,-0.0201,North,Homerton University,1.91,Royal Free Hospital,10.09,Whipps Cross,4.01,Homerton University,1.91
E203AX,51.545392,-0.020826,North,Homerton University,1.85,Royal Free Hospital,10.03,Whipps Cross,4.01,Homerton University,1.85
E203AY,51.546985,-0.023555,North,Homerton University,1.62,Royal Free Hospital,9.83,Whipps Cross,3.92,Homerton University,1.62
E203AZ,51.545372,-0.020149,North,Homerton University,1.9,Royal Free Hospital,10.08,Whipps Cross,3.99,Homerton University,1.9
E203BA,51.546009,-0.018996,North,Homerton University,1.96,Royal Free Hospital,10.15,Whipps Cross,3.89,Homerton University,1.96
E203BB,51.548431,-0.013843,North,Homerton University,2.25,Royal Free Hospital,10.49,Whipps Cross,3.52,Homerton University,2.25
E203BD,51.546009,-0.018996,North,Homerton University,1.96,Royal Free Hospital,10.15,Whipps Cross,3.89,Homerton University,1.96
E203BE,51.547521,-0.022262,North,Homerton University,1.69,Royal Free Hospital,9.92,Whipps Cross,3.83,Homerton University,1.69
E203BF,51.547521,-0.022262,North,Homerton University,1.69,Royal Free Hospital,9.92,Whipps Cross,3.83,Homerton University,1.69
E203BG,51.546009,-0.018996,North,Homerton University,1.96,Royal Free Hospital,10.15,Whipps Cross,3.89,Homerton University,1.96
E203BS,51.547645,-0.024305,North,Homerton University,1.55,Royal Free Hospital,9.78,Whipps Cross,3.88,Homerton University,1.55
E203EL,51.550494,-0.015123,North,Homerton University,2.15,Royal Free Hospital,10.39,Whipps Cross,3.33,Homerton University,2.15
E203ET,51.552887,-0.015711,North,Homerton University,2.12,Royal Free Hospital,10.35,Whipps Cross,3.1,Homerton University,2.12
E203HB,51.544217,-0.019925,North,Homerton University,1.96,Royal Free Hospital,10.11,Whipps Cross,4.1,Homerton University,1.96
E203HY,51.549197,-0.020372,North,Homerton University,1.79,Royal Free Hospital,10.04,Whipps Cross,3.61,Homerton University,1.79
E203LS,51.549197,-0.020372,North,Homerton University,1.79,Royal Free Hospital,10.04,Whipps Cross,3.61,Homerton University,1.79
E203PS,51.547283,-0.024162,North,Homerton University,1.57,Royal Free Hospital,9.79,Whipps Cross,3.91,Homerton University,1.57
E32AL,51.536756,-0.023277,North,Homerton University,2.23,Royal Free Hospital,10.0,Newham General,4.34,Homerton University,2.23
E32AW,51.535611,-0.026311,North,Homerton University,2.18,Royal Free Hospital,9.82,Newham General,4.49,Homerton University,2.18
E32BF,51.53263,-0.022865,North,Homerton University,2.59,Royal Free Hospital,10.12,Newham General,4.16,Homerton University,2.59
E32BT,51.535649,-0.025935,North,Homerton University,2.19,Royal Free Hospital,9.84,Newham General,4.47,Homerton University,2.19
E32BU,51.535622,-0.025403,North,Homerton University,2.22,Royal Free Hospital,9.88,Newham General,4.43,Homerton University,2.22
E32BW,51.535404,-0.025816,North,Homerton University,2.22,Royal Free Hospital,9.85,Newham General,4.45,Homerton University,2.22
E32BX,51.537089,-0.023868,North,Homerton University,2.17,Royal Free Hospital,9.95,Newham General,4.39,Homerton University,2.17
E32DE,51.535222,-0.025665,North,Homerton University,2.24,Royal Free Hospital,9.87,Newham General,4.44,Homerton University,2.24
E32DF,51.535102,-0.025497,North,Homerton University,2.26,Royal Free Hospital,9.88,Newham General,4.42,Homerton University,2.26
E32DH,51.535112,-0.024992,North,Homerton University,2.28,Royal Free Hospital,9.92,Newham General,4.39,Homerton University,2.28
E32DJ,51.531522,-0.024369,North,Homerton University,2.62,Royal Free Hospital,10.05,Newham General,4.23,Homerton University,2.62
E32DS,51.530588,-0.027105,North,Homerton University,2.61,Royal Free Hospital,9.89,Newham General,4.39,Homerton University,2.61
E32DU,51.530812,-0.024919,North,Homerton University,2.67,Royal Free Hospital,10.03,Newham General,4.25,Homerton University,2.67
E32DZ,51.530449,-0.02368,North,Homerton University,2.75,Royal Free Hospital,10.12,Newham General,4.16,Homerton University,2.75
E32EA,51.53677,-0.023089,North,Homerton University,2.23,Royal Free Hospital,10.01,Newham General,4.33,Homerton University,2.23
E32ED,51.539918,-0.024697,North,Homerton University,1.92,Royal Free Hospital,9.84,Newham General,4.57,Homerton University,1.92
E32EF,51.540045,-0.024778,North,Homerton University,1.9,Royal Free Hospital,9.83,Newham General,4.58,Homerton University,1.9
E32EG,51.540202,-0.024498,North,Homerton University,1.91,Royal Free Hospital,9.85,Newham General,4.57,Homerton University,1.91
E32EP,51.530791,-0.027962,North,Homerton University,2.56,Royal Free Hospital,9.83,Newham General,4.46,Homerton University,2.56
E32EQ,51.538592,-0.023414,North,Homerton University,2.08,Royal Free Hospital,9.95,Newham General,4.43,Homerton University,2.08
E32ER,51.535018,-0.028486,North,Homerton University,2.14,Royal Free Hospital,9.68,Newham General,4.61,Homerton University,2.14
E32ET,51.531038,-0.027115,North,Homerton University,2.56,Royal Free Hospital,9.88,Newham General,4.41,Homerton University,2.56
E32EU,51.531672,-0.026886,North,Homerton University,2.51,Royal Free Hospital,9.87,Newham General,4.41,Homerton University,2.51
E32EW,51.534912,-0.025419,North,Homerton University,2.28,Royal Free Hospital,9.89,Newham General,4.41,Homerton University,2.28
E32EX,51.532401,-0.024749,North,Homerton University,2.53,Royal Free Hospital,10.0,Newham General,4.28,Homerton University,2.53
E32EY,51.534741,-0.025383,North,Homerton University,2.29,Royal Free Hospital,9.9,Newham General,4.4,Homerton University,2.29
E32EZ,51.539702,-0.024664,North,Homerton University,1.93,Royal Free Hospital,9.85,Newham General,4.56,Homerton University,1.93
E32FA,51.53415,-0.027716,North,Homerton University,2.25,Royal Free Hospital,9.75,Newham General,4.53,Homerton University,2.25
E32FB,51.534558,-0.025232,North,Homerton University,2.32,Royal Free Hospital,9.91,Newham General,4.38,Homerton University,2.32
E32FD,51.534673,-0.024578,North,Homerton University,2.33,Royal Free Hospital,9.95,Newham General,4.35,Homerton University,2.33
E32FE,51.534376,-0.025096,North,Homerton University,2.34,Royal Free Hospital,9.93,Newham General,4.37,Homerton University,2.34
E32FF,51.533742,-0.024835,North,Homerton University,2.4,Royal Free Hospital,9.96,Newham General,4.33,Homerton University,2.4
E32FG,51.534039,-0.024808,North,Homerton University,2.38,Royal Free Hospital,9.95,Newham General,4.34,Homerton University,2.38
E32FH,51.534274,-0.024351,North,Homerton University,2.38,Royal Free Hospital,9.98,Newham General,4.32,Homerton University,2.38
E32FJ,51.533875,-0.024685,North,Homerton University,2.4,Royal Free Hospital,9.97,Newham General,4.32,Homerton University,2.4
E32FL,51.531954,-0.025994,North,Homerton University,2.52,Royal Free Hospital,9.93,Newham General,4.35,Homerton University,2.52
E32FS,51.533381,-0.029537,North,Homerton University,2.25,Royal Free Hospital,9.65,Newham General,4.63,Homerton University,2.25
E32FW,51.536977,-0.023599,North,Homerton University,2.19,Royal Free Hospital,9.97,Newham General,4.37,Homerton University,2.19
E32FX,51.530218,-0.015832,North,Homerton University,3.11,Royal Free Hospital,10.65,Newham General,3.63,Homerton University,3.11
E32FY,51.530117,-0.016255,North,Homerton University,3.09,Royal Free Hospital,10.63,Newham General,3.65,Homerton University,3.09
E32FZ,51.529803,-0.016269,North,Homerton University,3.12,Royal Free Hospital,10.64,Newham General,3.64,Homerton University,3.12
E32GA,51.531952,-0.024278,North,Homerton University,2.59,Royal Free Hospital,10.04,Newham General,4.24,Homerton University,2.59
E32GB,51.531556,-0.023704,North,Homerton University,2.65,Royal Free Hospital,10.09,Newham General,4.19,Homerton University,2.65
E32GD,51.531338,-0.024089,North,Homerton University,2.65,Royal Free Hospital,10.07,Newham General,4.21,Homerton University,2.65
E32GE,51.530681,-0.023021,North,Homerton University,2.75,Royal Free Hospital,10.16,Newham General,4.12,Homerton University,2.75
E32GF,51.530888,-0.023546,North,Homerton University,2.71,Royal Free Hospital,10.12,Newham General,4.16,Homerton University,2.71
E32GN,51.531581,-0.026241,North,Homerton University,2.54,Royal Free Hospital,9.92,Newham General,4.36,Homerton University,2.54
E32GP,51.531662,-0.026252,North,Homerton University,2.54,Royal Free Hospital,9.92,Newham General,4.36,Homerton University,2.54
E32GQ,51.531951,-0.025778,North,Homerton University,2.53,Royal Free Hospital,9.94,Newham General,4.34,Homerton University,2.53
E32GR,51.531131,-0.025698,North,Homerton University,2.61,Royal Free Hospital,9.97,Newham General,4.31,Homerton University,2.61
E32GS,51.531409,-0.025124,North,Homerton University,2.6,Royal Free Hospital,10.0,Newham General,4.28,Homerton University,2.6
E32GT,51.531308,-0.026094,North,Homerton University,2.58,Royal Free Hospital,9.94,Newham General,4.34,Homerton University,2.58
E32GU,51.530845,-0.024182,North,Homerton University,2.69,Royal Free Hospital,10.08,Newham General,4.2,Homerton University,2.69
E32GW,51.531596,-0.025534,North,Homerton University,2.57,Royal Free Hospital,9.97,Newham General,4.31,Homerton University,2.57
E32GX,51.5317,-0.025298,North,Homerton University,2.57,Royal Free Hospital,9.98,Newham General,4.3,Homerton University,2.57
E32GY,51.540696,-0.021232,North,Homerton University,2.06,Royal Free Hospital,10.07,Newham General,4.39,Homerton University,2.06
E32GZ,51.540696,-0.021232,North,Homerton University,2.06,Royal Free Hospital,10.07,Newham General,4.39,Homerton University,2.06
E32HA,51.532914,-0.026904,North,Homerton University,2.4,Royal Free Hospital,9.84,Newham General,4.44,Homerton University,2.4
E32HB,51.53316,-0.026591,North,Homerton University,2.38,Royal Free Hospital,9.85,Newham General,4.43,Homerton University,2.38
E32HD,51.533798,-0.029245,North,Homerton University,2.22,Royal Free Hospital,9.66,Newham General,4.62,Homerton University,2.22
E32HE,51.535553,-0.029861,North,Homerton University,2.04,Royal Free Hospital,9.58,Newham General,4.72,Homerton University,2.04
E32HF,51.530652,-0.026627,North,Homerton University,2.62,Royal Free Hospital,9.92,Newham General,4.36,Homerton University,2.62
E32HH,51.533565,-0.028765,North,Homerton University,2.26,Royal Free Hospital,9.7,Newham General,4.59,Homerton University,2.26
E32HJ,51.5336,-0.028691,North,Homerton University,2.26,Royal Free Hospital,9.7,Newham General,4.58,Homerton University,2.26
E32HP,51.533571,-0.029601,North,Homerton University,2.23,Royal Free Hospital,9.64,Newham General,4.64,Homerton University,2.23
E32HQ,51.531345,-0.02775,North,Homerton University,2.51,Royal Free Hospital,9.82,Newham General,4.46,Homerton University,2.51
E32HR,51.533342,-0.02938,North,Homerton University,2.26,Royal Free Hospital,9.66,Newham General,4.62,Homerton University,2.26
E32HS,51.534124,-0.027746,North,Homerton University,2.25,Royal Free Hospital,9.75,Newham General,4.54,Homerton University,2.25
E32HT,51.534288,-0.028387,North,Homerton University,2.21,Royal Free Hospital,9.71,Newham General,4.58,Homerton University,2.21
E32HU,51.534077,-0.029247,North,Homerton University,2.2,Royal Free Hospital,9.65,Newham General,4.63,Homerton University,2.2
E32HW,51.530914,-0.026154,North,Homerton University,2.61,Royal Free Hospital,9.94,Newham General,4.34,Homerton University,2.61
E32HX,51.53443,-0.029376,North,Homerton University,2.16,Royal Free Hospital,9.64,Newham General,4.65,Homerton University,2.16
E32HY,51.53252,-0.027541,North,Homerton University,2.41,Royal Free Hospital,9.81,Newham General,4.47,Homerton University,2.41
E32HZ,51.532767,-0.027271,North,Homerton University,2.39,Royal Free Hospital,9.82,Newham General,4.46,Homerton University,2.39
E32JA,51.536636,-0.029526,North,Homerton University,1.95,Royal Free Hospital,9.57,Newham General,4.74,Homerton University,1.95
E32JB,51.537379,-0.029869,North,Homerton University,1.87,Royal Free Hospital,9.54,Newham General,4.79,Homerton University,1.87
E32JD,51.536233,-0.028577,North,Homerton University,2.03,Royal Free Hospital,9.65,Newham General,4.66,Homerton University,2.03
E32JE,51.53539,-0.023351,North,Homerton University,2.33,Royal Free Hospital,10.02,Newham General,4.29,Homerton University,2.33
E32JF,51.536193,-0.028334,North,Homerton University,2.04,Royal Free Hospital,9.67,Newham General,4.65,Homerton University,2.04
E32JG,51.53624,-0.022016,North,Homerton University,2.33,Royal Free Hospital,10.09,Newham General,4.24,Homerton University,2.33
E32JH,51.53575,-0.02446,North,Homerton University,2.25,Royal Free Hospital,9.94,Newham General,4.38,Homerton University,2.25
E32JJ,51.536257,-0.021986,North,Homerton University,2.33,Royal Free Hospital,10.09,Newham General,4.24,Homerton University,2.33
E32JL,51.539895,-0.02229,North,Homerton University,2.05,Royal Free Hospital,10.01,Newham General,4.42,Homerton University,2.05
E32JN,51.537506,-0.029431,North,Homerton University,1.88,Royal Free Hospital,9.56,Newham General,4.77,Homerton University,1.88
E32JP,51.535796,-0.020738,North,Homerton University,2.43,Royal Free Hospital,10.19,Newham General,4.14,Homerton University,2.43
E32JQ,51.53598,-0.024205,North,Homerton University,2.24,Royal Free Hospital,9.95,Newham General,4.37,Homerton University,2.24
E32JR,51.53618,-0.026503,North,Homerton University,2.12,Royal Free Hospital,9.79,Newham General,4.53,Homerton University,2.12
E32JT,51.529353,-0.01623,North,Homerton University,3.16,Royal Free Hospital,10.65,Newham General,3.63,Homerton University,3.16
E32JU,51.538197,-0.029877,North,Homerton University,1.8,Royal Free Hospital,9.52,Newham General,4.82,Homerton University,1.8
E32JW,51.537411,-0.029118,North,Homerton University,1.9,Royal Free Hospital,9.59,Newham General,4.74,Homerton University,1.9
E32JX,51.538286,-0.029801,North,Homerton University,1.8,Royal Free Hospital,9.52,Newham General,4.82,Homerton University,1.8
E32JY,51.536104,-0.027833,North,Homerton University,2.07,Royal Free Hospital,9.7,Newham General,4.61,Homerton University,2.07
E32JZ,51.537986,-0.029597,North,Homerton University,1.83,Royal Free Hospital,9.54,Newham General,4.8,Homerton University,1.83
E32LA,51.538696,-0.027995,North,Homerton University,1.84,Royal Free Hospital,9.64,Newham General,4.72,Homerton University,1.84
E32LB,51.538211,-0.026934,North,Homerton University,1.93,Royal Free Hospital,9.72,Newham General,4.64,Homerton University,1.93
E32LD,51.535709,-0.02413,North,Homerton University,2.27,Royal Free Hospital,9.96,Newham General,4.35,Homerton University,2.27
E32LE,51.538286,-0.027667,North,Homerton University,1.89,Royal Free Hospital,9.67,Newham General,4.69,Homerton University,1.89
E32LF,51.538286,-0.027667,North,Homerton University,1.89,Royal Free Hospital,9.67,Newham General,4.69,Homerton University,1.89
E32LG,51.537894,-0.028419,North,Homerton University,1.89,Royal Free Hospital,9.62,Newham General,4.72,Homerton University,1.89
E32LH,51.537438,-0.027487,North,Homerton University,1.97,Royal Free Hospital,9.7,Newham General,4.64,Homerton University,1.97
E32LJ,51.537096,-0.028006,North,Homerton University,1.98,Royal Free Hospital,9.67,Newham General,4.66,Homerton University,1.98
E32LN,51.537061,-0.026984,North,Homerton University,2.02,Royal Free Hospital,9.74,Newham General,4.59,Homerton University,2.02
E32LP,51.536617,-0.027335,North,Homerton University,2.05,Royal Free Hospital,9.72,Newham General,4.6,Homerton University,2.05
E32LQ,51.537894,-0.028419,North,Homerton University,1.89,Royal Free Hospital,9.62,Newham General,4.72,Homerton University,1.89
E32LR,51.536265,-0.027278,North,Homerton University,2.08,Royal Free Hospital,9.74,Newham General,4.58,Homerton University,2.08
E32LT,51.540018,-0.022069,North,Homerton University,2.05,Royal Free Hospital,10.02,Newham General,4.41,Homerton University,2.05
E32LU,51.536118,-0.027054,North,Homerton University,2.1,Royal Free Hospital,9.75,Newham General,4.56,Homerton University,2.1
E32LW,51.537026,-0.02651,North,Homerton University,2.05,Royal Free Hospital,9.77,Newham General,4.56,Homerton University,2.05
E32LX,51.540696,-0.021232,North,Homerton University,2.06,Royal Free Hospital,10.07,Newham General,4.39,Homerton University,2.06
E32LY,51.535619,-0.028979,North,Homerton University,2.07,Royal Free Hospital,9.63,Newham General,4.67,Homerton University,2.07
E32LZ,51.535943,-0.026283,North,Homerton University,2.15,Royal Free Hospital,9.81,Newham General,4.5,Homerton University,2.15
E32NA,51.539206,-0.026776,North,Homerton University,1.86,Royal Free Hospital,9.71,Newham General,4.67,Homerton University,1.86
E32NB,51.53935,-0.027303,North,Homerton University,1.82,Royal Free Hospital,9.67,Newham General,4.71,Homerton University,1.82
E32ND,51.538175,-0.024268,North,Homerton University,2.07,Royal Free Hospital,9.9,Newham General,4.46,Homerton University,2.07
E32NE,51.539266,-0.024423,North,Homerton University,1.98,Royal Free Hospital,9.87,Newham General,4.52,Homerton University,1.98
E32NF,51.539305,-0.024594,North,Homerton University,1.97,Royal Free Hospital,9.86,Newham General,4.54,Homerton University,1.97
E32NG,51.538044,-0.02289,North,Homerton University,2.15,Royal Free Hospital,10.0,Newham General,4.37,Homerton University,2.15
E32NH,51.538835,-0.022307,North,Homerton University,2.12,Royal Free Hospital,10.02,Newham General,4.37,Homerton University,2.12
E32NJ,51.53869,-0.021189,North,Homerton University,2.19,Royal Free Hospital,10.1,Newham General,4.29,Homerton University,2.19
E32NL,51.537209,-0.021916,North,Homerton University,2.26,Royal Free Hospital,10.08,Newham General,4.27,Homerton University,2.26
E32NN,51.538326,-0.020397,North,Homerton University,2.26,Royal Free Hospital,10.16,Newham General,4.23,Homerton University,2.26
E32NP,51.53877,-0.024343,North,Homerton University,2.02,Royal Free Hospital,9.89,Newham General,4.49,Homerton University,2.02
E32NQ,51.538061,-0.024965,North,Homerton University,2.04,Royal Free Hospital,9.86,Newham General,4.5,Homerton University,2.04
E32NR,51.538243,-0.022953,North,Homerton University,2.13,Royal Free Hospital,9.99,Newham General,4.38,Homerton University,2.13
E32NS,51.539468,-0.02202,North,Homerton University,2.09,Royal Free Hospital,10.03,Newham General,4.38,Homerton University,2.09
E32NT,51.539294,-0.021307,North,Homerton University,2.14,Royal Free Hospital,10.08,Newham General,4.33,Homerton University,2.14
E32NU,51.540768,-0.02231,North,Homerton University,1.99,Royal Free Hospital,9.99,Newham General,4.46,Homerton University,1.99
E32NW,51.537105,-0.020551,North,Homerton University,2.34,Royal Free Hospital,10.18,Newham General,4.18,Homerton University,2.34
E32NX,51.537139,-0.02202,North,Homerton University,2.26,Royal Free Hospital,10.07,Newham General,4.28,Homerton University,2.26
E32NY,51.540696,-0.021232,North,Homerton University,2.06,Royal Free Hospital,10.07,Newham General,4.39,Homerton University,2.06
E32NZ,51.540696,-0.021232,North,Homerton University,2.06,Royal Free Hospital,10.07,Newham General,4.39,Homerton University,2.06
E32PA,51.540404,-0.021013,North,Homerton University,2.09,Royal Free Hospital,10.09,Newham General,4.37,Homerton University,2.09
E32PB,51.536612,-0.022735,North,Homerton University,2.26,Royal Free Hospital,10.04,Newham General,4.3,Homerton University,2.26
E32PD,51.541564,-0.021497,North,Homerton University,1.99,Royal Free Hospital,10.03,Whipps Cross,4.42,Homerton University,1.99
E32PE,51.538493,-0.023894,North,Homerton University,2.06,Royal Free Hospital,9.92,Newham General,4.45,Homerton University,2.06
E32PF,51.54127,-0.022187,North,Homerton University,1.97,Royal Free Hospital,9.99,Whipps Cross,4.46,Homerton University,1.97
E32PG,51.540696,-0.021232,North,Homerton University,2.06,Royal Free Hospital,10.07,Newham General,4.39,Homerton University,2.06
E32PH,51.540696,-0.021232,North,Homerton University,2.06,Royal Free Hospital,10.07,Newham General,4.39,Homerton University,2.06
E32PJ,51.529849,-0.015805,North,Homerton University,3.14,Royal Free Hospital,10.67,Newham General,3.61,Homerton University,3.14
E32PL,51.540317,-0.023829,North,Homerton University,1.94,Royal Free Hospital,9.89,Newham General,4.54,Homerton University,1.94
E32PN,51.53885,-0.022162,North,Homerton University,2.13,Royal Free Hospital,10.03,Newham General,4.36,Homerton University,2.13
E32PP,51.529981,-0.015626,North,Homerton University,3.14,Royal Free Hospital,10.67,Newham General,3.6,Homerton University,3.14
E32PQ,51.530123,-0.016067,North,Homerton University,3.1,Royal Free Hospital,10.64,Newham General,3.64,Homerton University,3.1
E32PR,51.539087,-0.024503,North,Homerton University,1.99,Royal Free Hospital,9.87,Newham General,4.52,Homerton University,1.99
E32PS,51.539947,-0.022663,North,Homerton University,2.03,Royal Free Hospital,9.98,Newham General,4.45,Homerton University,2.03
E32PT,51.529812,-0.016283,North,Homerton University,3.12,Royal Free Hospital,10.64,Newham General,3.64,Homerton University,3.12
E32PU,51.53288,-0.022248,North,Homerton University,2.59,Royal Free Hospital,10.15,Newham General,4.13,Homerton University,2.59
E32PW,51.535887,-0.021382,North,Homerton University,2.39,Royal Free Hospital,10.14,Newham General,4.18,Homerton University,2.39
E32PX,51.535685,-0.02168,North,Homerton University,2.39,Royal Free Hospital,10.13,Newham General,4.19,Homerton University,2.39
E32PY,51.533191,-0.023071,North,Homerton University,2.53,Royal Free Hospital,10.09,Newham General,4.2,Homerton University,2.53
E32PZ,51.53322,-0.022652,North,Homerton University,2.54,Royal Free Hospital,10.12,Newham General,4.17,Homerton University,2.54
E32QA,51.530044,-0.02152,North,Homerton University,2.87,Royal Free Hospital,10.28,Newham General,4.0,Homerton University,2.87
E32QF,51.530853,-0.022567,North,Homerton University,2.76,Royal Free Hospital,10.19,Newham General,4.09,Homerton University,2.76
E32QG,51.535352,-0.027534,North,Homerton University,2.15,Royal Free Hospital,9.74,Newham General,4.56,Homerton University,2.15
E32QH,51.532248,-0.023126,North,Homerton University,2.61,Royal Free Hospital,10.11,Newham General,4.17,Homerton University,2.61
E32QJ,51.531192,-0.022927,North,Homerton University,2.71,Royal Free Hospital,10.15,Newham General,4.13,Homerton University,2.71
E32QL,51.535553,-0.027194,North,Homerton University,2.15,Royal Free Hospital,9.76,Newham General,4.55,Homerton University,2.15
E32QN,51.531181,-0.022279,North,Homerton University,2.74,Royal Free Hospital,10.2,Newham General,4.08,Homerton University,2.74
E32QP,51.53235,-0.023324,North,Homerton University,2.59,Royal Free Hospital,10.1,Newham General,4.19,Homerton University,2.59
E32QQ,51.535688,-0.027721,North,Homerton University,2.11,Royal Free Hospital,9.72,Newham General,4.59,Homerton University,2.11
E32QR,51.531857,-0.023417,North,Homerton University,2.63,Royal Free Hospital,10.1,Newham General,4.18,Homerton University,2.63
E32QU,51.532203,-0.023705,North,Homerton University,2.59,Royal Free Hospital,10.07,Newham General,4.21,Homerton University,2.59
E32QW,51.538178,-0.02447,North,Homerton University,2.06,Royal Free Hospital,9.89,Newham General,4.48,Homerton University,2.06
E32QX,51.535784,-0.027011,North,Homerton University,2.13,Royal Free Hospital,9.76,Newham General,4.54,Homerton University,2.13
E32QY,51.534911,-0.026399,North,Homerton University,2.24,Royal Free Hospital,9.83,Newham General,4.47,Homerton University,2.24
E32QZ,51.53512,-0.026563,North,Homerton University,2.21,Royal Free Hospital,9.81,Newham General,4.49,Homerton University,2.21
E32RA,51.533599,-0.026499,North,Homerton University,2.35,Royal Free Hospital,9.85,Newham General,4.44,Homerton University,2.35
E32RB,51.533034,-0.025515,North,Homerton University,2.44,Royal Free Hospital,9.93,Newham General,4.35,Homerton University,2.44
E32RD,51.53262,-0.024956,North,Homerton University,2.5,Royal Free Hospital,9.98,Newham General,4.3,Homerton University,2.5
E32RE,51.538236,-0.022002,North,Homerton University,2.18,Royal Free Hospital,10.05,Newham General,4.32,Homerton University,2.18
E32RF,51.538081,-0.021893,North,Homerton University,2.2,Royal Free Hospital,10.07,Newham General,4.31,Homerton University,2.2
E32RG,51.537895,-0.024165,North,Homerton University,2.09,Royal Free Hospital,9.91,Newham General,4.44,Homerton University,2.09
E32RH,51.53811,-0.023579,North,Homerton University,2.11,Royal Free Hospital,9.95,Newham General,4.42,Homerton University,2.11
E32RJ,51.529655,-0.016578,North,Homerton University,3.12,Royal Free Hospital,10.62,Newham General,3.66,Homerton University,3.12
E32RL,51.533516,-0.025277,North,Homerton University,2.41,Royal Free Hospital,9.93,Newham General,4.35,Homerton University,2.41
E32RN,51.533986,-0.027593,North,Homerton University,2.27,Royal Free Hospital,9.77,Newham General,4.52,Homerton University,2.27
E32RP,51.538725,-0.021692,North,Homerton University,2.16,Royal Free Hospital,10.07,Newham General,4.33,Homerton University,2.16
E32RQ,51.534447,-0.025583,North,Homerton University,2.31,Royal Free Hospital,9.89,Newham General,4.4,Homerton University,2.31
E32RR,51.53391,-0.02787,North,Homerton University,2.27,Royal Free Hospital,9.75,Newham General,4.54,Homerton University,2.27
E32RS,51.532887,-0.025838,North,Homerton University,2.44,Royal Free Hospital,9.91,Newham General,4.37,Homerton University,2.44
E32RT,51.534914,-0.027654,North,Homerton University,2.18,Royal Free Hospital,9.74,Newham General,4.56,Homerton University,2.18
E32RU,51.533948,-0.026398,North,Homerton University,2.32,Royal Free Hospital,9.85,Newham General,4.44,Homerton University,2.32
E32RW,51.533749,-0.027358,North,Homerton University,2.3,Royal Free Hospital,9.79,Newham General,4.5,Homerton University,2.3
E32RX,51.540482,-0.020837,North,Homerton University,2.1,Royal Free Hospital,10.1,Newham General,4.36,Homerton University,2.1
E32RY,51.534767,-0.026968,North,Homerton University,2.22,Royal Free Hospital,9.79,Newham General,4.51,Homerton University,2.22
E32RZ,51.534432,-0.026305,North,Homerton University,2.28,Royal Free Hospital,9.84,Newham General,4.45,Homerton University,2.28
E32SB,51.534305,-0.028372,North,Homerton University,2.21,Royal Free Hospital,9.71,Newham General,4.58,Homerton University,2.21
E32SD,51.533538,-0.022854,North,Homerton University,2.51,Royal Free Hospital,10.1,Newham General,4.19,Homerton University,2.51
E32SJ,51.529189,-0.01667,North,Homerton University,3.15,Royal Free Hospital,10.63,Newham General,3.66,Homerton University,3.15
E32SL,51.533777,-0.023175,North,Homerton University,2.47,Royal Free Hospital,10.07,Newham General,4.22,Homerton University,2.47
E32SN,51.533954,-0.023499,North,Homerton University,2.44,Royal Free Hospital,10.04,Newham General,4.25,Homerton University,2.44
E32SP,51.529591,-0.015946,North,Homerton University,3.15,Royal Free Hospital,10.66,Newham General,3.62,Homerton University,3.15
E32SQ,51.533497,-0.024687,North,Homerton University,2.43,Royal Free Hospital,9.97,Newham General,4.31,Homerton University,2.43
E32SR,51.533422,-0.023465,North,Homerton University,2.49,Royal Free Hospital,10.06,Newham General,4.23,Homerton University,2.49
E32SS,51.533499,-0.023764,North,Homerton University,2.47,Royal Free Hospital,10.04,Newham General,4.25,Homerton University,2.47
E32ST,51.533327,-0.02419,North,Homerton University,2.47,Royal Free Hospital,10.01,Newham General,4.27,Homerton University,2.47
E32SU,51.53307,-0.02446,North,Homerton University,2.48,Royal Free Hospital,10.0,Newham General,4.28,Homerton University,2.48
E32SX,51.530819,-0.019454,North,Homerton University,2.89,Royal Free Hospital,10.4,Newham General,3.88,Homerton University,2.89
E32SY,51.530819,-0.019454,North,Homerton University,2.89,Royal Free Hospital,10.4,Newham General,3.88,Homerton University,2.89
E32SZ,51.538968,-0.021148,North,Homerton University,2.18,Royal Free Hospital,10.1,Newham General,4.3,Homerton University,2.18
E32TA,51.536577,-0.022838,North,Homerton University,2.26,Royal Free Hospital,10.03,Newham General,4.3,Homerton University,2.26
E32TB,51.534581,-0.021266,North,Homerton University,2.5,Royal Free Hospital,10.18,Newham General,4.12,Homerton University,2.5
E32TE,51.531076,-0.019774,North,Homerton University,2.85,Royal Free Hospital,10.37,Newham General,3.91,Homerton University,2.85
E32TF,51.53957,-0.023775,North,Homerton University,1.99,Royal Free Hospital,9.91,Newham General,4.5,Homerton University,1.99
E32TG,51.538398,-0.02149,North,Homerton University,2.2,Royal Free Hospital,10.09,Newham General,4.3,Homerton University,2.2
E32TH,51.539857,-0.0232,North,Homerton University,2.0,Royal Free Hospital,9.94,Newham General,4.47,Homerton University,2.0
E32TJ,51.530484,-0.018805,North,Homerton University,2.95,Royal Free Hospital,10.45,Newham General,3.83,Homerton University,2.95
E32TL,51.529674,-0.01985,North,Homerton University,2.97,Royal Free Hospital,10.4,Newham General,3.88,Homerton University,2.97
E32TN,51.530214,-0.018759,North,Homerton University,2.97,Royal Free Hospital,10.46,Newham General,3.82,Homerton University,2.97
E32TP,51.530537,-0.017145,North,Homerton University,3.02,Royal Free Hospital,10.56,Newham General,3.72,Homerton University,3.02
E32TQ,51.529878,-0.017001,North,Homerton University,3.08,Royal Free Hospital,10.59,Newham General,3.69,Homerton University,3.08
E32TR,51.532295,-0.022187,North,Homerton University,2.64,Royal Free Hospital,10.17,Newham General,4.11,Homerton University,2.64
E32TS,51.532894,-0.023041,North,Homerton University,2.56,Royal Free Hospital,10.1,Newham General,4.18,Homerton University,2.56
E32TT,51.535305,-0.019922,North,Homerton University,2.5,Royal Free Hospital,10.26,Newham General,4.07,Homerton University,2.5
E32TW,51.530039,-0.018507,North,Homerton University,3.0,Royal Free Hospital,10.48,Newham General,3.8,Homerton University,3.0
E32TY,51.53189,-0.019537,North,Homerton University,2.8,Royal Free Hospital,10.36,Newham General,3.92,Homerton University,2.8
E32UA,51.531643,-0.022475,North,Homerton University,2.69,Royal Free Hospital,10.17,Newham General,4.11,Homerton University,2.69
E32UB,51.531174,-0.021875,North,Homerton University,2.76,Royal Free Hospital,10.22,Newham General,4.06,Homerton University,2.76
E32UD,51.531796,-0.020868,North,Homerton University,2.74,Royal Free Hospital,10.27,Newham General,4.01,Homerton University,2.74
E32UE,51.531321,-0.020975,North,Homerton University,2.78,Royal Free Hospital,10.28,Newham General,4.0,Homerton University,2.78
E32UF,51.531321,-0.020975,North,Homerton University,2.78,Royal Free Hospital,10.28,Newham General,4.0,Homerton University,2.78
E32UG,51.531609,-0.020443,North,Homerton University,2.78,Royal Free Hospital,10.31,Newham General,3.97,Homerton University,2.78
E32UH,51.531321,-0.020975,North,Homerton University,2.78,Royal Free Hospital,10.28,Newham General,4.0,Homerton University,2.78
E32UJ,51.531609,-0.020443,North,Homerton University,2.78,Royal Free Hospital,10.31,Newham General,3.97,Homerton University,2.78
E32UL,51.531609,-0.020443,North,Homerton University,2.78,Royal Free Hospital,10.31,Newham General,3.97,Homerton University,2.78
E32UP,51.531609,-0.020443,North,Homerton University,2.78,Royal Free Hospital,10.31,Newham General,3.97,Homerton University,2.78
E32UQ,51.531609,-0.020443,North,Homerton University,2.78,Royal Free Hospital,10.31,Newham General,3.97,Homerton University,2.78
E32UR,51.531784,-0.021777,North,Homerton University,2.71,Royal Free Hospital,10.21,Newham General,4.07,Homerton University,2.71
E32US,51.532075,-0.021389,North,Homerton University,2.7,Royal Free Hospital,10.23,Newham General,4.05,Homerton University,2.7
E32UT,51.532355,-0.020959,North,Homerton University,2.69,Royal Free Hospital,10.25,Newham General,4.03,Homerton University,2.69
E32UU,51.532365,-0.022617,North,Homerton University,2.62,Royal Free Hospital,10.14,Newham General,4.14,Homerton University,2.62
E32UX,51.532732,-0.022009,North,Homerton University,2.61,Royal Free Hospital,10.17,Newham General,4.11,Homerton University,2.61
E32UY,51.538092,-0.021474,North,Homerton University,2.22,Royal Free Hospital,10.09,Newham General,4.28,Homerton University,2.22
E32WB,51.530016,-0.016634,North,Homerton University,3.09,Royal Free Hospital,10.61,Newham General,3.67,Homerton University,3.09
E32WR,51.539998,-0.025199,North,Homerton University,1.88,Royal Free Hospital,9.81,Newham General,4.61,Homerton University,1.88
E32WS,51.539834,-0.025581,North,Homerton University,1.88,Royal Free Hospital,9.78,Newham General,4.62,Homerton University,1.88
E32WT,51.539655,-0.02455,North,Homerton University,1.94,Royal Free Hospital,9.86,Newham General,4.55,Homerton University,1.94
E32XA,51.538144,-0.021371,North,Homerton University,2.22,Royal Free Hospital,10.1,Newham General,4.28,Homerton University,2.22
E32XB,51.540069,-0.023494,North,Homerton University,1.97,Royal Free Hospital,9.92,Newham General,4.5,Homerton University,1.97
E32XD,51.540451,-0.022699,North,Homerton University,1.99,Royal Free Hospital,9.97,Newham General,4.47,Homerton University,1.99
E32XE,51.538406,-0.021937,North,Homerton University,2.17,Royal Free Hospital,10.06,Newham General,4.33,Homerton University,2.17
E32XF,51.540326,-0.024391,North,Homerton University,1.91,Royal Free Hospital,9.86,Newham General,4.57,Homerton University,1.91
E32XG,51.540962,-0.023152,North,Homerton University,1.93,Royal Free Hospital,9.93,Whipps Cross,4.52,Homerton University,1.93
E32XN,51.540495,-0.022668,North,Homerton University,1.99,Royal Free Hospital,9.97,Newham General,4.47,Homerton University,1.99
E32XP,51.540555,-0.023026,North,Homerton University,1.97,Royal Free Hospital,9.94,Newham General,4.5,Homerton University,1.97
E32XT,51.540492,-0.024053,North,Homerton University,1.91,Royal Free Hospital,9.88,Newham General,4.56,Homerton University,1.91
E32XU,51.539487,-0.023159,North,Homerton University,2.03,Royal Free Hospital,9.95,Newham General,4.45,Homerton University,2.03
E32XW,51.540294,-0.023023,North,Homerton University,1.98,Royal Free Hospital,9.95,Newham General,4.48,Homerton University,1.98
E32XX,51.539644,-0.022835,North,Homerton University,2.04,Royal Free Hospital,9.97,Newham General,4.44,Homerton University,2.04
E32YA,51.532065,-0.024547,North,Homerton University,2.57,Royal Free Hospital,10.02,Newham General,4.26,Homerton University,2.57
E32YB,51.532315,-0.024969,North,Homerton University,2.53,Royal Free Hospital,9.99,Newham General,4.3,Homerton University,2.53
E32YD,51.532583,-0.024352,North,Homerton University,2.53,Royal Free Hospital,10.02,Newham General,4.26,Homerton University,2.53
E32YH,51.533738,-0.02831,North,Homerton University,2.26,Royal Free Hospital,9.72,Newham General,4.56,Homerton University,2.26
E32YJ,51.530329,-0.022373,North,Homerton University,2.81,Royal Free Hospital,10.21,Newham General,4.07,Homerton University,2.81
E32YL,51.532583,-0.024352,North,Homerton University,2.53,Royal Free Hospital,10.02,Newham General,4.26,Homerton University,2.53
E32YQ,51.537599,-0.021553,North,Homerton University,2.25,Royal Free Hospital,10.1,Newham General,4.27,Homerton University,2.25
E32YY,51.54079,-0.023593,North,Homerton University,1.92,Royal Free Hospital,9.9,Newham General,4.54,Homerton University,1.92
E32YZ,51.540946,-0.02324,North,Homerton University,1.93,Royal Free Hospital,9.92,Whipps Cross,4.53,Homerton University,1.93
E32ZA,51.530059,-0.022414,North,Homerton University,2.83,Royal Free Hospital,10.22,Newham General,4.06,Homerton University,2.83
E32ZB,51.531501,-0.023087,North,Homerton University,2.68,Royal Free Hospital,10.13,Newham General,4.15,Homerton University,2.68
E32ZD,51.531248,-0.019306,North,Homerton University,2.86,Royal Free Hospital,10.39,Newham General,3.89,Homerton University,2.86
E32ZE,51.532732,-0.023076,North,Homerton University,2.57,Royal Free Hospital,10.1,Newham General,4.18,Homerton University,2.57
E32ZF,51.531066,-0.019732,North,Homerton University,2.86,Royal Free Hospital,10.37,Newham General,3.91,Homerton University,2.86
E32ZG,51.530859,-0.020216,North,Homerton University,2.85,Royal Free Hospital,10.34,Newham General,3.94,Homerton University,2.85
E32ZH,51.530607,-0.020732,North,Homerton University,2.85,Royal Free Hospital,10.32,Newham General,3.96,Homerton University,2.85
E32ZJ,51.530504,-0.021025,North,Homerton University,2.85,Royal Free Hospital,10.3,Newham General,3.98,Homerton University,2.85
E32ZL,51.530372,-0.021189,North,Homerton University,2.86,Royal Free Hospital,10.29,Newham General,3.99,Homerton University,2.86
E32ZN,51.529588,-0.016869,North,Homerton University,3.11,Royal Free Hospital,10.6,Newham General,3.68,Homerton University,3.11
E32ZP,51.531793,-0.023348,North,Homerton University,2.64,Royal Free Hospital,10.11,Newham General,4.17,Homerton University,2.64
E32ZQ,51.540421,-0.021993,North,Homerton University,2.03,Royal Free Hospital,10.02,Newham General,4.43,Homerton University,2.03
E32ZR,51.540044,-0.023077,North,Homerton University,2.0,Royal Free Hospital,9.95,Newham General,4.48,Homerton University,2.0
E33AP,51.529153,-0.014552,North,Homerton University,3.25,Royal Free Hospital,10.77,Newham General,3.51,Homerton University,3.25
E33AX,51.52907,-0.01496,North,Homerton University,3.24,Royal Free Hospital,10.74,Newham General,3.54,Homerton University,3.24
E33BA,51.529305,-0.01394,North,Homerton University,3.27,Royal Free Hospital,10.81,Newham General,3.47,Homerton University,3.27
E33BB,51.529001,-0.013535,North,Homerton University,3.31,Royal Free Hospital,10.84,Newham General,3.44,Homerton University,3.31
E33BD,51.528803,-0.014063,North,Homerton University,3.3,Royal Free Hospital,10.81,Newham General,3.47,Homerton University,3.3
E33BW,51.529186,-0.012777,North,Homerton University,3.33,Royal Free Hospital,10.89,Newham General,3.39,Homerton University,3.33
E33DS,51.528599,-0.014216,North,Homerton University,3.31,Royal Free Hospital,10.81,Newham General,3.48,Homerton University,3.31
E35BA,51.535851,-0.03155,North,Homerton University,1.95,Royal Free Hospital,9.45,Newham General,4.84,Homerton University,1.95
E35BB,51.535916,-0.031114,North,Homerton University,1.96,Royal Free Hospital,9.48,Newham General,4.82,Homerton University,1.96
E35BF,51.536037,-0.032407,North,Homerton University,1.9,Royal Free Hospital,9.39,Newham General,4.91,Homerton University,1.9
E35BG,51.535755,-0.031179,North,Homerton University,1.97,Royal Free Hospital,9.48,Newham General,4.82,Homerton University,1.97
E35BL,51.535619,-0.031646,North,Homerton University,1.97,Royal Free Hospital,9.45,Newham General,4.84,Homerton University,1.97
E35DG,51.53552,-0.03217,North,Homerton University,1.96,Royal Free Hospital,9.42,Newham General,4.87,Homerton University,1.96
E35DH,51.535992,-0.030808,North,Homerton University,1.96,Royal Free Hospital,9.5,Newham General,4.8,Homerton University,1.96
E35ED,51.532455,-0.031163,North,Homerton University,2.29,Royal Free Hospital,9.57,Newham General,4.71,Homerton University,2.29
E35EE,51.531706,-0.033156,North,Homerton University,2.31,Royal Free Hospital,9.45,Newham General,4.83,Homerton University,2.31
E35EH,51.533258,-0.02973,North,Homerton University,2.26,Royal Free Hospital,9.64,Newham General,4.64,Homerton University,2.26
E35EJ,51.531839,-0.033597,North,Homerton University,2.28,Royal Free Hospital,9.42,Newham General,4.86,Homerton University,2.28
E35EL,51.533125,-0.029865,North,Homerton University,2.27,Royal Free Hospital,9.64,Newham General,4.65,Homerton University,2.27
E35EQ,51.532448,-0.030212,North,Homerton University,2.32,Royal Free Hospital,9.63,Newham General,4.65,Homerton University,2.32
E35ER,51.533015,-0.030288,North,Homerton University,2.26,Royal Free Hospital,9.61,Newham General,4.67,Homerton University,2.26
E35ES,51.532709,-0.030272,North,Homerton University,2.29,Royal Free Hospital,9.62,Newham General,4.66,Homerton University,2.29
E35EU,51.532865,-0.029372,North,Homerton University,2.31,Royal Free Hospital,9.67,Newham General,4.61,Homerton University,2.31
E35EW,51.533024,-0.029206,North,Homerton University,2.3,Royal Free Hospital,9.68,Newham General,4.6,Homerton University,2.3
E35EX,51.53114,-0.030528,North,Homerton University,2.44,Royal Free Hospital,9.64,Newham General,4.64,Homerton University,2.44
E35FA,51.532461,-0.034738,North,Homerton University,2.19,Royal Free Hospital,9.33,Newham General,4.95,Homerton University,2.19
E35FB,51.532167,-0.034376,North,Homerton University,2.23,Royal Free Hospital,9.36,Newham General,4.92,Homerton University,2.23
E35FD,51.532167,-0.034376,North,Homerton University,2.23,Royal Free Hospital,9.36,Newham General,4.92,Homerton University,2.23
E35FF,51.532166,-0.031622,North,Homerton University,2.3,Royal Free Hospital,9.54,Newham General,4.74,Homerton University,2.3
E35FH,51.532167,-0.034376,North,Homerton University,2.23,Royal Free Hospital,9.36,Newham General,4.92,Homerton University,2.23
E35FQ,51.532307,-0.028805,North,Homerton University,2.38,Royal Free Hospital,9.73,Newham General,4.55,Homerton University,2.38
E35FX,51.532326,-0.031558,North,Homerton University,2.29,Royal Free Hospital,9.54,Newham General,4.74,Homerton University,2.29
E35FY,51.53245,-0.030356,North,Homerton University,2.32,Royal Free Hospital,9.62,Newham General,4.66,Homerton University,2.32
E35FZ,51.5324,-0.02844,North,Homerton University,2.39,Royal Free Hospital,9.75,Newham General,4.53,Homerton University,2.39
E35GB,51.532062,-0.032434,North,Homerton University,2.29,Royal Free Hospital,9.49,Newham General,4.79,Homerton University,2.29
E35GF,51.535202,-0.034664,North,Homerton University,1.91,Royal Free Hospital,9.26,Newham General,5.03,Homerton University,1.91
E35GG,51.535611,-0.034372,North,Homerton University,1.88,Royal Free Hospital,9.27,Newham General,5.02,Homerton University,1.88
E35GH,51.532795,-0.028913,North,Homerton University,2.33,Royal Free Hospital,9.71,Newham General,4.57,Homerton University,2.33
E35GJ,51.53232,-0.029597,North,Homerton University,2.35,Royal Free Hospital,9.67,Newham General,4.61,Homerton University,2.35
E35GL,51.532216,-0.029789,North,Homerton University,2.36,Royal Free Hospital,9.66,Newham General,4.62,Homerton University,2.36
E35GN,51.536733,-0.032103,North,Homerton University,1.84,Royal Free Hospital,9.4,Newham General,4.91,Homerton University,1.84
E35GP,51.536587,-0.03146,North,Homerton University,1.88,Royal Free Hospital,9.44,Newham General,4.86,Homerton University,1.88
E35GQ,51.532627,-0.029079,North,Homerton University,2.34,Royal Free Hospital,9.7,Newham General,4.58,Homerton University,2.34
E35GR,51.532218,-0.029933,North,Homerton University,2.35,Royal Free Hospital,9.65,Newham General,4.63,Homerton University,2.35
E35GS,51.532484,-0.029143,North,Homerton University,2.35,Royal Free Hospital,9.7,Newham General,4.58,Homerton University,2.35
E35GT,51.532366,-0.029624,North,Homerton University,2.35,Royal Free Hospital,9.67,Newham General,4.61,Homerton University,2.35
E35GU,51.535085,-0.034106,North,Homerton University,1.94,Royal Free Hospital,9.3,Newham General,4.99,Homerton University,1.94
E35GX,51.535083,-0.029708,North,Homerton University,2.09,Royal Free Hospital,9.6,Newham General,4.7,Homerton University,2.09
E35HA,51.531462,-0.029865,North,Homerton University,2.43,Royal Free Hospital,9.68,Newham General,4.6,Homerton University,2.43
E35HB,51.531051,-0.028989,North,Homerton University,2.5,Royal Free Hospital,9.75,Newham General,4.53,Homerton University,2.5
E35HD,51.532144,-0.028177,North,Homerton University,2.42,Royal Free Hospital,9.77,Newham General,4.51,Homerton University,2.42
E35HE,51.531754,-0.029088,North,Homerton University,2.43,Royal Free Hospital,9.72,Newham General,4.56,Homerton University,2.43
E35HF,51.531226,-0.028145,North,Homerton University,2.51,Royal Free Hospital,9.8,Newham General,4.48,Homerton University,2.51
E35HG,51.531542,-0.030928,North,Homerton University,2.39,Royal Free Hospital,9.61,Newham General,4.68,Homerton University,2.39
E35HH,51.5319,-0.030235,North,Homerton University,2.37,Royal Free Hospital,9.64,Newham General,4.64,Homerton University,2.37
E35HJ,51.5319,-0.030235,North,Homerton University,2.37,Royal Free Hospital,9.64,Newham General,4.64,Homerton University,2.37
E35HL,51.531113,-0.029447,North,Homerton University,2.48,Royal Free Hospital,9.72,Newham General,4.56,Homerton University,2.48
E35HQ,51.53138,-0.028744,North,Homerton University,2.47,Royal Free Hospital,9.76,Newham General,4.52,Homerton University,2.47
E35HR,51.531701,-0.028081,North,Homerton University,2.47,Royal Free Hospital,9.79,Newham General,4.49,Homerton University,2.47
E35HS,51.532048,-0.028354,North,Homerton University,2.42,Royal Free Hospital,9.76,Newham General,4.51,Homerton University,2.42
E35HT,51.532766,-0.028309,North,Homerton University,2.36,Royal Free Hospital,9.75,Newham General,4.53,Homerton University,2.36
E35HU,51.532052,-0.027532,North,Homerton University,2.45,Royal Free Hospital,9.82,Newham General,4.46,Homerton University,2.45
E35HX,51.53112,-0.027731,North,Homerton University,2.53,Royal Free Hospital,9.83,Newham General,4.45,Homerton University,2.53
E35HY,51.531651,-0.027737,North,Homerton University,2.48,Royal Free Hospital,9.82,Newham General,4.46,Homerton University,2.48
E35HZ,51.534652,-0.030823,North,Homerton University,2.09,Royal Free Hospital,9.53,Newham General,4.76,Homerton University,2.09
E35JA,51.534905,-0.031446,North,Homerton University,2.04,Royal Free Hospital,9.48,Newham General,4.81,Homerton University,2.04
E35JB,51.534137,-0.031206,North,Homerton University,2.12,Royal Free Hospital,9.52,Newham General,4.77,Homerton University,2.12
E35JH,51.531596,-0.031459,North,Homerton University,2.37,Royal Free Hospital,9.57,Newham General,4.71,Homerton University,2.37
E35JJ,51.535304,-0.031083,North,Homerton University,2.02,Royal Free Hospital,9.5,Newham General,4.79,Homerton University,2.02
E35JL,51.53267,-0.032192,North,Homerton University,2.24,Royal Free Hospital,9.49,Newham General,4.79,Homerton University,2.24
E35JN,51.532695,-0.033171,North,Homerton University,2.21,Royal Free Hospital,9.42,Newham General,4.86,Homerton University,2.21
E35JP,51.535004,-0.033043,North,Homerton University,1.98,Royal Free Hospital,9.37,Newham General,4.91,Homerton University,1.98
E35JQ,51.533898,-0.033047,North,Homerton University,2.09,Royal Free Hospital,9.4,Newham General,4.88,Homerton University,2.09
E35JR,51.533032,-0.036084,North,Homerton University,2.1,Royal Free Hospital,9.22,Newham General,5.06,Homerton University,2.1
E35JS,51.534506,-0.033381,North,Homerton University,2.02,Royal Free Hospital,9.36,Newham General,4.92,Homerton University,2.02
E35JT,51.534506,-0.033381,North,Homerton University,2.02,Royal Free Hospital,9.36,Newham General,4.92,Homerton University,2.02
E35JU,51.534506,-0.033381,North,Homerton University,2.02,Royal Free Hospital,9.36,Newham General,4.92,Homerton University,2.02
E35JW,51.533208,-0.033163,North,Homerton University,2.15,Royal Free Hospital,9.41,Newham General,4.87,Homerton University,2.15
E35JX,51.534294,-0.03254,North,Homerton University,2.06,Royal Free Hospital,9.43,Newham General,4.86,Homerton University,2.06
E35JY,51.534032,-0.032436,North,Homerton University,2.09,Royal Free Hospital,9.44,Newham General,4.84,Homerton University,2.09
E35JZ,51.534099,-0.031625,North,Homerton University,2.11,Royal Free Hospital,9.49,Newham General,4.79,Homerton University,2.11
E35LA,51.53442,-0.031482,North,Homerton University,2.09,Royal Free Hospital,9.49,Newham General,4.79,Homerton University,2.09
E35LB,51.534276,-0.030407,North,Homerton University,2.14,Royal Free Hospital,9.57,Newham General,4.72,Homerton University,2.14
E35LD,51.533593,-0.030941,North,Homerton University,2.19,Royal Free Hospital,9.55,Newham General,4.73,Homerton University,2.19
E35LE,51.53352,-0.030872,North,Homerton University,2.19,Royal Free Hospital,9.56,Newham General,4.72,Homerton University,2.19
E35LF,51.533787,-0.030183,North,Homerton University,2.19,Royal Free Hospital,9.6,Newham General,4.69,Homerton University,2.19
E35LG,51.533621,-0.030478,North,Homerton University,2.2,Royal Free Hospital,9.58,Newham General,4.7,Homerton University,2.2
E35LH,51.533125,-0.029865,North,Homerton University,2.27,Royal Free Hospital,9.64,Newham General,4.65,Homerton University,2.27
E35LJ,51.534636,-0.029872,North,Homerton University,2.12,Royal Free Hospital,9.6,Newham General,4.69,Homerton University,2.12
E35LL,51.53342,-0.030833,North,Homerton University,2.21,Royal Free Hospital,9.56,Newham General,4.72,Homerton University,2.21
E35LN,51.534683,-0.032148,North,Homerton University,2.04,Royal Free Hospital,9.44,Newham General,4.84,Homerton University,2.04
E35LP,51.535217,-0.030193,North,Homerton University,2.06,Royal Free Hospital,9.56,Newham General,4.73,Homerton University,2.06
E35LQ,51.534921,-0.031864,North,Homerton University,2.02,Royal Free Hospital,9.46,Newham General,4.83,Homerton University,2.02
E35LR,51.532159,-0.032848,North,Homerton University,2.27,Royal Free Hospital,9.46,Newham General,4.82,Homerton University,2.27
E35LS,51.533373,-0.03392,North,Homerton University,2.12,Royal Free Hospital,9.36,Newham General,4.92,Homerton University,2.12
E35LT,51.533633,-0.034919,North,Homerton University,2.06,Royal Free Hospital,9.28,Newham General,5.0,Homerton University,2.06
E35LU,51.531954,-0.03401,North,Homerton University,2.26,Royal Free Hospital,9.39,Newham General,4.89,Homerton University,2.26
E35LW,51.535109,-0.032332,North,Homerton University,1.99,Royal Free Hospital,9.42,Newham General,4.87,Homerton University,1.99
E35LX,51.532158,-0.03442,North,Homerton University,2.23,Royal Free Hospital,9.36,Newham General,4.93,Homerton University,2.23
E35LY,51.532398,-0.033155,North,Homerton University,2.24,Royal Free Hospital,9.43,Newham General,4.85,Homerton University,2.24
E35LZ,51.532174,-0.034275,North,Homerton University,2.23,Royal Free Hospital,9.36,Newham General,4.92,Homerton University,2.23
E35NA,51.532495,-0.035703,North,Homerton University,2.16,Royal Free Hospital,9.26,Newham General,5.02,Homerton University,2.16
E35NB,51.533422,-0.035793,North,Homerton University,2.06,Royal Free Hospital,9.23,Newham General,5.05,Homerton University,2.06
E35ND,51.533422,-0.035793,North,Homerton University,2.06,Royal Free Hospital,9.23,Newham General,5.05,Homerton University,2.06
E35NE,51.532837,-0.036784,North,Homerton University,2.1,Royal Free Hospital,9.18,Newham General,5.1,Homerton University,2.1
E35NF,51.532565,-0.036161,North,Homerton University,2.14,Royal Free Hospital,9.23,Newham General,5.05,Homerton University,2.14
E35NH,51.533854,-0.037375,North,Homerton University,1.98,Royal Free Hospital,9.11,Newham General,5.17,Homerton University,1.98
E35NJ,51.534031,-0.036718,North,Homerton University,1.98,Royal Free Hospital,9.15,Newham General,5.13,Homerton University,1.98
E35NL,51.534031,-0.036718,North,Homerton University,1.98,Royal Free Hospital,9.15,Newham General,5.13,Homerton University,1.98
E35NN,51.533435,-0.036556,North,Homerton University,2.04,Royal Free Hospital,9.18,Newham General,5.1,Homerton University,2.04
E35NP,51.534309,-0.037182,North,Homerton University,1.94,Royal Free Hospital,9.11,Newham General,5.17,Homerton University,1.94
E35NQ,51.535256,-0.035195,North,Homerton University,1.89,Royal Free Hospital,9.22,Newham General,5.07,Homerton University,1.89
E35NR,51.534412,-0.035793,North,Homerton University,1.96,Royal Free Hospital,9.2,Newham General,5.08,Homerton University,1.96
E35NS,51.532462,-0.03321,North,Homerton University,2.23,Royal Free Hospital,9.43,Newham General,4.85,Homerton University,2.23
E35NT,51.536066,-0.029363,North,Homerton University,2.01,Royal Free Hospital,9.6,Newham General,4.71,Homerton University,2.01
E35NU,51.533794,-0.035416,North,Homerton University,2.03,Royal Free Hospital,9.24,Newham General,5.04,Homerton University,2.03
E35NW,51.533435,-0.036556,North,Homerton University,2.04,Royal Free Hospital,9.18,Newham General,5.1,Homerton University,2.04
E35NX,51.533121,-0.034984,North,Homerton University,2.11,Royal Free Hospital,9.29,Newham General,4.99,Homerton University,2.11
E35NY,51.534632,-0.03662,North,Homerton University,1.92,Royal Free Hospital,9.14,Newham General,5.14,Homerton University,1.92
E35NZ,51.534936,-0.035958,North,Homerton University,1.9,Royal Free Hospital,9.18,Newham General,5.11,Homerton University,1.9
E35PA,51.536307,-0.032987,North,Homerton University,1.85,Royal Free Hospital,9.35,Newham General,4.95,Homerton University,1.85
E35PB,51.536082,-0.033501,North,Homerton University,1.86,Royal Free Hospital,9.32,Newham General,4.98,Homerton University,1.86
E35PD,51.53595,-0.033708,North,Homerton University,1.86,Royal Free Hospital,9.31,Newham General,4.99,Homerton University,1.86
E35PE,51.535839,-0.034045,North,Homerton University,1.86,Royal Free Hospital,9.29,Newham General,5.01,Homerton University,1.86
E35PF,51.536108,-0.032894,North,Homerton University,1.87,Royal Free Hospital,9.36,Newham General,4.94,Homerton University,1.87
E35PG,51.532938,-0.033737,North,Homerton University,2.17,Royal Free Hospital,9.38,Newham General,4.9,Homerton University,2.17
E35PH,51.535857,-0.032977,North,Homerton University,1.9,Royal Free Hospital,9.36,Newham General,4.94,Homerton University,1.9
E35PJ,51.536093,-0.033082,North,Homerton University,1.87,Royal Free Hospital,9.35,Newham General,4.95,Homerton University,1.87
E35PL,51.536198,-0.030771,North,Homerton University,1.94,Royal Free Hospital,9.5,Newham General,4.81,Homerton University,1.94
E35PN,51.536805,-0.030485,North,Homerton University,1.9,Royal Free Hospital,9.51,Newham General,4.81,Homerton University,1.9
E35PP,51.535412,-0.034294,North,Homerton University,1.9,Royal Free Hospital,9.28,Newham General,5.01,Homerton University,1.9
E35PQ,51.534339,-0.034701,North,Homerton University,2.0,Royal Free Hospital,9.28,Newham General,5.0,Homerton University,2.0
E35PR,51.535814,-0.030383,North,Homerton University,1.99,Royal Free Hospital,9.53,Newham General,4.77,Homerton University,1.99
E35PS,51.535321,-0.033188,North,Homerton University,1.94,Royal Free Hospital,9.36,Newham General,4.93,Homerton University,1.94
E35PT,51.535453,-0.032447,North,Homerton University,1.95,Royal Free Hospital,9.4,Newham General,4.89,Homerton University,1.95
E35PU,51.535839,-0.034045,North,Homerton University,1.86,Royal Free Hospital,9.29,Newham General,5.01,Homerton University,1.86
E35PW,51.536705,-0.029927,North,Homerton University,1.93,Royal Free Hospital,9.55,Newham General,4.77,Homerton University,1.93
E35PX,51.535639,-0.033895,North,Homerton University,1.89,Royal Free Hospital,9.3,Newham General,4.99,Homerton University,1.89
E35PY,51.536575,-0.030711,North,Homerton University,1.91,Royal Free Hospital,9.5,Newham General,4.81,Homerton University,1.91
E35PZ,51.536575,-0.030711,North,Homerton University,1.91,Royal Free Hospital,9.5,Newham General,4.81,Homerton University,1.91
E35QA,51.535639,-0.033895,North,Homerton University,1.89,Royal Free Hospital,9.3,Newham General,4.99,Homerton University,1.89
E35QB,51.535406,-0.034496,North,Homerton University,1.89,Royal Free Hospital,9.27,Newham General,5.02,Homerton University,1.89
E35QD,51.532821,-0.035343,North,Homerton University,2.14,Royal Free Hospital,9.28,Newham General,5.0,Homerton University,2.14
E35QE,51.532979,-0.034572,North,Homerton University,2.14,Royal Free Hospital,9.32,Newham General,4.96,Homerton University,2.14
E35QF,51.532712,-0.034194,North,Homerton University,2.18,Royal Free Hospital,9.36,Newham General,4.92,Homerton University,2.18
E35QU,51.532616,-0.037587,North,Homerton University,2.11,Royal Free Hospital,9.13,Newham General,5.15,Homerton University,2.11
E35QX,51.532736,-0.037221,North,Homerton University,2.1,Royal Free Hospital,9.15,Newham General,5.13,Homerton University,2.1
E35QY,51.53327,-0.038481,North,Homerton University,2.02,Royal Free Hospital,9.05,Newham General,5.23,Homerton University,2.02
E35QZ,51.533629,-0.038451,North,Homerton University,1.98,Royal Free Hospital,9.04,Newham General,5.24,Homerton University,1.98
E35RB,51.532471,-0.03804,North,Homerton University,2.11,Royal Free Hospital,9.1,Newham General,5.18,Homerton University,2.11
E35RG,51.532811,-0.039539,North,Homerton University,2.05,Royal Free Hospital,8.99,Newham General,5.29,Homerton University,2.05
E35RN,51.533241,-0.039449,North,Homerton University,2.01,Royal Free Hospital,8.99,Newham General,5.29,Homerton University,2.01
E35RT,51.532776,-0.040694,North,Homerton University,2.04,Royal Free Hospital,8.92,Newham General,5.36,Homerton University,2.04
E35RY,51.537213,-0.031217,North,Homerton University,1.83,Royal Free Hospital,9.45,Newham General,4.87,Homerton University,1.83
E35RZ,51.53724,-0.030697,North,Homerton University,1.85,Royal Free Hospital,9.48,Newham General,4.84,Homerton University,1.85
E35SB,51.535499,-0.033627,North,Homerton University,1.91,Royal Free Hospital,9.32,Newham General,4.97,Homerton University,1.91
E35SF,51.532861,-0.030713,North,Homerton University,2.26,Royal Free Hospital,9.58,Newham General,4.7,Homerton University,2.26
E35SQ,51.532957,-0.028935,North,Homerton University,2.32,Royal Free Hospital,9.7,Newham General,4.58,Homerton University,2.32
E35TA,51.533735,-0.039456,North,Homerton University,1.95,Royal Free Hospital,8.97,Newham General,5.31,Homerton University,1.95
E35TB,51.533252,-0.040674,North,Homerton University,1.99,Royal Free Hospital,8.91,Newham General,5.37,Homerton University,1.99
E35UA,51.531932,-0.0343,North,Homerton University,2.25,Royal Free Hospital,9.37,Newham General,4.91,Homerton University,2.25
E35UB,51.532193,-0.034303,North,Homerton University,2.23,Royal Free Hospital,9.36,Newham General,4.92,Homerton University,2.23
E35UF,51.532167,-0.034376,North,Homerton University,2.23,Royal Free Hospital,9.36,Newham General,4.92,Homerton University,2.23
E35UH,51.532158,-0.03442,North,Homerton University,2.23,Royal Free Hospital,9.36,Newham General,4.93,Homerton University,2.23
E35UP,51.532193,-0.034303,North,Homerton University,2.23,Royal Free Hospital,9.36,Newham General,4.92,Homerton University,2.23
E35US,51.532167,-0.034376,North,Homerton University,2.23,Royal Free Hospital,9.36,Newham General,4.92,Homerton University,2.23
E35UT,51.532193,-0.034303,North,Homerton University,2.23,Royal Free Hospital,9.36,Newham General,4.92,Homerton University,2.23
E35UW,51.532193,-0.034303,North,Homerton University,2.23,Royal Free Hospital,9.36,Newham General,4.92,Homerton University,2.23
E50AA,51.557188,-0.049138,North,Homerton University,0.74,Royal Free Hospital,8.05,Whipps Cross,4.26,Homerton University,0.74
E50AB,51.557056,-0.047701,North,Homerton University,0.7,Royal Free Hospital,8.15,Whipps Cross,4.18,Homerton University,0.7
E50AD,51.556556,-0.049021,North,Homerton University,0.67,Royal Free Hospital,8.05,Whipps Cross,4.29,Homerton University,0.67
E50AE,51.556738,-0.047513,North,Homerton University,0.67,Royal Free Hospital,8.16,Whipps Cross,4.19,Homerton University,0.67
E50AF,51.558236,-0.04136,North,Homerton University,0.89,Royal Free Hospital,8.59,Whipps Cross,3.75,Homerton University,0.89
E50AG,51.556853,-0.042545,North,Homerton University,0.72,Royal Free Hospital,8.5,Whipps Cross,3.91,Homerton University,0.72
E50AH,51.557111,-0.041279,North,Homerton University,0.78,Royal Free Hospital,8.59,Whipps Cross,3.82,Homerton University,0.78
E50AJ,51.555082,-0.040976,North,Homerton University,0.6,Royal Free Hospital,8.6,Whipps Cross,3.95,Homerton University,0.6
E50AL,51.558056,-0.040805,North,Homerton University,0.89,Royal Free Hospital,8.63,Whipps Cross,3.73,Homerton University,0.89
E50AN,51.554629,-0.041255,North,Homerton University,0.55,Royal Free Hospital,8.58,Whipps Cross,4.0,Homerton University,0.55
E50AP,51.555292,-0.043809,North,Homerton University,0.53,Royal Free Hospital,8.41,Whipps Cross,4.08,Homerton University,0.53
E50AQ,51.557272,-0.042296,North,Homerton University,0.77,Royal Free Hospital,8.52,Whipps Cross,3.87,Homerton University,0.77
E50AR,51.557104,-0.044107,North,Homerton University,0.72,Royal Free Hospital,8.4,Whipps Cross,3.98,Homerton University,0.72
E50AS,51.552711,-0.042189,North,Homerton University,0.35,Royal Free Hospital,8.52,Whipps Cross,4.19,Homerton University,0.35
E50AT,51.557572,-0.041432,North,Homerton University,0.82,Royal Free Hospital,8.58,Whipps Cross,3.8,Homerton University,0.82
E50AU,51.556238,-0.052079,North,Homerton University,0.73,Royal Free Hospital,7.84,Whipps Cross,4.48,Homerton University,0.73
E50AW,51.556227,-0.042182,North,Homerton University,0.66,Royal Free Hospital,8.53,Whipps Cross,3.93,Homerton University,0.66
E50AX,51.556479,-0.044884,North,Homerton University,0.64,Royal Free Hospital,8.34,Whipps Cross,4.06,Homerton University,0.64
E50AY,51.556089,-0.044713,North,Homerton University,0.6,Royal Free Hospital,8.35,Whipps Cross,4.08,Homerton University,0.6
E50AZ,51.555958,-0.043896,North,Homerton University,0.6,Royal Free Hospital,8.41,Whipps Cross,4.04,Homerton University,0.6
E50BA,51.555388,-0.044757,North,Homerton University,0.52,Royal Free Hospital,8.34,Whipps Cross,4.13,Homerton University,0.52
E50BB,51.556587,-0.044389,North,Homerton University,0.66,Royal Free Hospital,8.37,Whipps Cross,4.03,Homerton University,0.66
E50BD,51.555543,-0.040538,North,Homerton University,0.66,Royal Free Hospital,8.64,Whipps Cross,3.89,Homerton University,0.66
E50BE,51.555097,-0.040211,North,Homerton University,0.63,Royal Free Hospital,8.66,Whipps Cross,3.91,Homerton University,0.63
E50BF,51.555902,-0.054055,North,Homerton University,0.79,Royal Free Hospital,7.7,Whipps Cross,4.62,Homerton University,0.79
E50BG,51.556134,-0.041494,North,Homerton University,0.68,Royal Free Hospital,8.57,Whipps Cross,3.9,Homerton University,0.68
E50BH,51.555906,-0.040753,North,Homerton University,0.68,Royal Free Hospital,8.62,Whipps Cross,3.88,Homerton University,0.68
E50BJ,51.556523,-0.041059,North,Homerton University,0.73,Royal Free Hospital,8.6,Whipps Cross,3.85,Homerton University,0.73
E50BL,51.556523,-0.041059,North,Homerton University,0.73,Royal Free Hospital,8.6,Whipps Cross,3.85,Homerton University,0.73
E50BN,51.556766,-0.040529,North,Homerton University,0.77,Royal Free Hospital,8.64,Whipps Cross,3.81,Homerton University,0.77
E50BP,51.555547,-0.037581,North,Homerton University,0.8,Royal Free Hospital,8.84,Whipps Cross,3.74,Homerton University,0.8
E50BQ,51.556185,-0.040222,North,Homerton University,0.73,Royal Free Hospital,8.66,Whipps Cross,3.83,Homerton University,0.73
E50BS,51.556673,-0.038758,North,Homerton University,0.83,Royal Free Hospital,8.76,Whipps Cross,3.72,Homerton University,0.83
E50BT,51.55714,-0.040325,North,Homerton University,0.81,Royal Free Hospital,8.66,Whipps Cross,3.77,Homerton University,0.81
E50BU,51.558501,-0.04321,North,Homerton University,0.88,Royal Free Hospital,8.47,Whipps Cross,3.84,Homerton University,0.88
E50BW,51.557244,-0.040638,North,Homerton University,0.81,Royal Free Hospital,8.64,Whipps Cross,3.78,Homerton University,0.81
E50BX,51.558656,-0.042785,North,Homerton University,0.9,Royal Free Hospital,8.5,Whipps Cross,3.8,Homerton University,0.9
E50BY,51.558416,-0.042406,North,Homerton University,0.89,Royal Free Hospital,8.52,Whipps Cross,3.8,Homerton University,0.89
E50BZ,51.558352,-0.042928,North,Homerton University,0.87,Royal Free Hospital,8.49,Whipps Cross,3.83,Homerton University,0.87
E50DA,51.558062,-0.043835,North,Homerton University,0.82,Royal Free Hospital,8.42,Whipps Cross,3.9,Homerton University,0.82
E50DB,51.558439,-0.044367,North,Homerton University,0.86,Royal Free Hospital,8.39,Whipps Cross,3.9,Homerton University,0.86
E50DD,51.555902,-0.054055,North,Homerton University,0.79,Royal Free Hospital,7.7,Whipps Cross,4.62,Homerton University,0.79
E50DE,51.555576,-0.038214,North,Homerton University,0.77,Royal Free Hospital,8.8,Whipps Cross,3.77,Homerton University,0.77
E50DF,51.555576,-0.038214,North,Homerton University,0.77,Royal Free Hospital,8.8,Whipps Cross,3.77,Homerton University,0.77
E50DG,51.556254,-0.039512,North,Homerton University,0.76,Royal Free Hospital,8.71,Whipps Cross,3.79,Homerton University,0.76
E50DH,51.555901,-0.038835,North,Homerton University,0.76,Royal Free Hospital,8.76,Whipps Cross,3.78,Homerton University,0.76
E50DJ,51.558106,-0.042736,North,Homerton University,0.85,Royal Free Hospital,8.5,Whipps Cross,3.83,Homerton University,0.85
E50DL,51.557757,-0.042275,North,Homerton University,0.82,Royal Free Hospital,8.53,Whipps Cross,3.83,Homerton University,0.82
E50DN,51.550147,-0.039429,North,Homerton University,0.47,Royal Free Hospital,8.72,Whipps Cross,4.26,Homerton University,0.47
E50DP,51.551475,-0.039299,North,Homerton University,0.48,Royal Free Hospital,8.72,Whipps Cross,4.14,Homerton University,0.48
E50DQ,51.557625,-0.039194,North,Homerton University,0.9,Royal Free Hospital,8.74,Whipps Cross,3.67,Homerton University,0.9
E50DR,51.552657,-0.040042,North,Homerton University,0.47,Royal Free Hospital,8.67,Whipps Cross,4.09,Homerton University,0.47
E50DS,51.552388,-0.039549,North,Homerton University,0.49,Royal Free Hospital,8.7,Whipps Cross,4.08,Homerton University,0.49
E50DT,51.551452,-0.036257,North,Homerton University,0.69,Royal Free Hospital,8.93,Whipps Cross,4.0,Homerton University,0.69
E50DU,51.55205,-0.037068,North,Homerton University,0.65,Royal Free Hospital,8.87,Whipps Cross,3.99,Homerton University,0.65
E50DW,51.550193,-0.038965,North,Homerton University,0.5,Royal Free Hospital,8.75,Whipps Cross,4.23,Homerton University,0.5
E50DX,51.549792,-0.037021,North,Homerton University,0.64,Royal Free Hospital,8.88,Whipps Cross,4.18,Homerton University,0.64
E50DY,51.550849,-0.035201,North,Homerton University,0.76,Royal Free Hospital,9.01,Whipps Cross,4.01,Homerton University,0.76
E50DZ,51.551912,-0.035299,North,Homerton University,0.76,Royal Free Hospital,9.0,Whipps Cross,3.92,Homerton University,0.76
E50EA,51.552403,-0.036144,North,Homerton University,0.72,Royal Free Hospital,8.94,Whipps Cross,3.92,Homerton University,0.72
E50EB,51.550695,-0.036159,North,Homerton University,0.69,Royal Free Hospital,8.94,Whipps Cross,4.06,Homerton University,0.69
E50ED,51.554927,-0.036497,North,Homerton University,0.81,Royal Free Hospital,8.91,Whipps Cross,3.74,Homerton University,0.81
E50EE,51.550753,-0.037513,North,Homerton University,0.6,Royal Free Hospital,8.85,Whipps Cross,4.12,Homerton University,0.6
E50EF,51.550574,-0.037001,North,Homerton University,0.64,Royal Free Hospital,8.88,Whipps Cross,4.11,Homerton University,0.64
E50EG,51.552359,-0.037848,North,Homerton University,0.6,Royal Free Hospital,8.82,Whipps Cross,4.0,Homerton University,0.6
E50EH,51.554655,-0.037475,North,Homerton University,0.74,Royal Free Hospital,8.85,Whipps Cross,3.8,Homerton University,0.74
E50EJ,51.555287,-0.038169,North,Homerton University,0.75,Royal Free Hospital,8.8,Whipps Cross,3.79,Homerton University,0.75
E50EL,51.55039,-0.037846,North,Homerton University,0.58,Royal Free Hospital,8.82,Whipps Cross,4.17,Homerton University,0.58
E50EN,51.554234,-0.037002,North,Homerton University,0.74,Royal Free Hospital,8.88,Whipps Cross,3.81,Homerton University,0.74
E50EP,51.555361,-0.036622,North,Homerton University,0.83,Royal Free Hospital,8.91,Whipps Cross,3.71,Homerton University,0.83
E50EQ,51.553038,-0.03753,North,Homerton University,0.65,Royal Free Hospital,8.84,Whipps Cross,3.93,Homerton University,0.65
E50ER,51.554677,-0.038253,North,Homerton University,0.7,Royal Free Hospital,8.79,Whipps Cross,3.84,Homerton University,0.7
E50ES,51.55178,-0.038147,North,Homerton University,0.57,Royal Free Hospital,8.8,Whipps Cross,4.07,Homerton University,0.57
E50ET,51.555351,-0.052275,North,Homerton University,0.66,Royal Free Hospital,7.82,Whipps Cross,4.55,Homerton University,0.66
E50EU,51.554839,-0.046339,North,Homerton University,0.45,Royal Free Hospital,8.23,Whipps Cross,4.25,Homerton University,0.45
E50EW,51.554234,-0.037002,North,Homerton University,0.74,Royal Free Hospital,8.88,Whipps Cross,3.81,Homerton University,0.74
E50EX,51.554501,-0.049267,North,Homerton University,0.46,Royal Free Hospital,8.03,Whipps Cross,4.44,Homerton University,0.46
E50EY,51.554419,-0.046501,North,Homerton University,0.4,Royal Free Hospital,8.22,Whipps Cross,4.29,Homerton University,0.4
E50EZ,51.555011,-0.051799,North,Homerton University,0.61,Royal Free Hospital,7.86,Whipps Cross,4.54,Homerton University,0.61
E50FA,51.557922,-0.036526,North,Homerton University,1.04,Royal Free Hospital,8.93,Whipps Cross,3.51,Homerton University,1.04
E50FB,51.560016,-0.057529,North,Homerton University,1.29,Royal Free Hospital,7.5,Whipps Cross,4.6,Homerton University,1.29
E50FD,51.554917,-0.052669,North,Homerton University,0.64,Royal Free Hospital,7.8,Whipps Cross,4.6,Homerton University,0.64
E50FE,51.560016,-0.057529,North,Homerton University,1.29,Royal Free Hospital,7.5,Whipps Cross,4.6,Homerton University,1.29
E50FF,51.55309,-0.044986,North,Homerton University,0.27,Royal Free Hospital,8.33,Whipps Cross,4.3,Homerton University,0.27
E50FG,51.554521,-0.043958,North,Homerton University,0.44,Royal Free Hospital,8.4,Whipps Cross,4.15,Homerton University,0.44
E50FH,51.560016,-0.057529,North,Homerton University,1.29,Royal Free Hospital,7.5,Whipps Cross,4.6,Homerton University,1.29
E50FJ,51.560016,-0.057529,North,Homerton University,1.29,Royal Free Hospital,7.5,Whipps Cross,4.6,Homerton University,1.29
E50FL,51.560016,-0.057529,North,Homerton University,1.29,Royal Free Hospital,7.5,Whipps Cross,4.6,Homerton University,1.29
E50FN,51.560016,-0.057529,North,Homerton University,1.29,Royal Free Hospital,7.5,Whipps Cross,4.6,Homerton University,1.29
E50FP,51.560016,-0.057529,North,Homerton University,1.29,Royal Free Hospital,7.5,Whipps Cross,4.6,Homerton University,1.29
E50FQ,51.556782,-0.03936,North,Homerton University,0.82,Royal Free Hospital,8.72,Whipps Cross,3.74,Homerton University,0.82
E50FR,51.560016,-0.057529,North,Homerton University,1.29,Royal Free Hospital,7.5,Whipps Cross,4.6,Homerton University,1.29
E50FS,51.560016,-0.057529,North,Homerton University,1.29,Royal Free Hospital,7.5,Whipps Cross,4.6,Homerton University,1.29
E50FT,51.560016,-0.057529,North,Homerton University,1.29,Royal Free Hospital,7.5,Whipps Cross,4.6,Homerton University,1.29
E50FU,51.555218,-0.040466,North,Homerton University,0.63,Royal Free Hospital,8.64,Whipps Cross,3.91,Homerton University,0.63
E50FW,51.556734,-0.039722,North,Homerton University,0.8,Royal Free Hospital,8.7,Whipps Cross,3.76,Homerton University,0.8
E50FX,51.560016,-0.057529,North,Homerton University,1.29,Royal Free Hospital,7.5,Whipps Cross,4.6,Homerton University,1.29
E50FY,51.560016,-0.057529,North,Homerton University,1.29,Royal Free Hospital,7.5,Whipps Cross,4.6,Homerton University,1.29
E50FZ,51.553744,-0.038379,North,Homerton University,0.63,Royal Free Hospital,8.78,Whipps Cross,3.92,Homerton University,0.63
E50GZ,51.560016,-0.057529,North,Homerton University,1.29,Royal Free Hospital,7.5,Whipps Cross,4.6,Homerton University,1.29
E50HA,51.554887,-0.043798,North,Homerton University,0.48,Royal Free Hospital,8.41,Whipps Cross,4.11,Homerton University,0.48
E50HB,51.554554,-0.043783,North,Homerton University,0.45,Royal Free Hospital,8.41,Whipps Cross,4.14,Homerton University,0.45
E50HD,51.55508,-0.041366,North,Homerton University,0.58,Royal Free Hospital,8.58,Whipps Cross,3.97,Homerton University,0.58
E50HE,51.554701,-0.039694,North,Homerton University,0.62,Royal Free Hospital,8.69,Whipps Cross,3.91,Homerton University,0.62
E50HF,51.554496,-0.044074,North,Homerton University,0.44,Royal Free Hospital,8.39,Whipps Cross,4.16,Homerton University,0.44
E50HG,51.560016,-0.057529,North,Homerton University,1.29,Royal Free Hospital,7.5,Whipps Cross,4.6,Homerton University,1.29
E50HH,51.555223,-0.03859,North,Homerton University,0.72,Royal Free Hospital,8.77,Whipps Cross,3.82,Homerton University,0.72
E50HJ,51.555336,-0.038931,North,Homerton University,0.71,Royal Free Hospital,8.75,Whipps Cross,3.83,Homerton University,0.71
E50HL,51.555219,-0.039456,North,Homerton University,0.68,Royal Free Hospital,8.71,Whipps Cross,3.86,Homerton University,0.68
E50HP,51.55579,-0.039186,North,Homerton University,0.74,Royal Free Hospital,8.73,Whipps Cross,3.81,Homerton University,0.74
E50HR,51.553396,-0.039072,North,Homerton University,0.57,Royal Free Hospital,8.73,Whipps Cross,3.98,Homerton University,0.57
E50HS,51.552215,-0.038892,North,Homerton University,0.53,Royal Free Hospital,8.75,Whipps Cross,4.07,Homerton University,0.53
E50HT,51.551083,-0.038407,North,Homerton University,0.54,Royal Free Hospital,8.78,Whipps Cross,4.13,Homerton University,0.54
E50HX,51.550368,-0.03815,North,Homerton University,0.56,Royal Free Hospital,8.8,Whipps Cross,4.18,Homerton University,0.56
E50JA,51.551863,-0.040942,North,Homerton University,0.38,Royal Free Hospital,8.61,Whipps Cross,4.19,Homerton University,0.38
E50JB,51.549947,-0.040389,North,Homerton University,0.41,Royal Free Hospital,8.65,Whipps Cross,4.32,Homerton University,0.41
E50JD,51.550184,-0.040062,North,Homerton University,0.43,Royal Free Hospital,8.67,Whipps Cross,4.29,Homerton University,0.43
E50JE,51.552334,-0.040633,North,Homerton University,0.42,Royal Free Hospital,8.63,Whipps Cross,4.14,Homerton University,0.42
E50JF,51.553721,-0.041309,North,Homerton University,0.47,Royal Free Hospital,8.58,Whipps Cross,4.07,Homerton University,0.47
E50JG,51.553536,-0.040466,North,Homerton University,0.5,Royal Free Hospital,8.64,Whipps Cross,4.04,Homerton University,0.5
E50JH,51.554035,-0.039665,North,Homerton University,0.58,Royal Free Hospital,8.69,Whipps Cross,3.96,Homerton University,0.58
E50JJ,51.554648,-0.039163,North,Homerton University,0.65,Royal Free Hospital,8.73,Whipps Cross,3.89,Homerton University,0.65
E50JL,51.554893,-0.038763,North,Homerton University,0.69,Royal Free Hospital,8.76,Whipps Cross,3.85,Homerton University,0.69
E50JN,51.554725,-0.041136,North,Homerton University,0.56,Royal Free Hospital,8.59,Whipps Cross,3.98,Homerton University,0.56
E50JP,51.556144,-0.043138,North,Homerton University,0.63,Royal Free Hospital,8.46,Whipps Cross,3.99,Homerton University,0.63
E50JQ,51.55386,-0.038836,North,Homerton University,0.61,Royal Free Hospital,8.75,Whipps Cross,3.93,Homerton University,0.61
E50JR,51.554656,-0.04238,North,Homerton University,0.5,Royal Free Hospital,8.51,Whipps Cross,4.05,Homerton University,0.5
E50JS,51.554103,-0.0421,North,Homerton University,0.46,Royal Free Hospital,8.53,Whipps Cross,4.08,Homerton University,0.46
E50JT,51.553287,-0.041674,North,Homerton University,0.42,Royal Free Hospital,8.55,Whipps Cross,4.12,Homerton University,0.42
E50JU,51.556556,-0.049555,North,Homerton University,0.68,Royal Free Hospital,8.02,Whipps Cross,4.32,Homerton University,0.68
E50JW,51.560016,-0.057529,North,Homerton University,1.29,Royal Free Hospital,7.5,Whipps Cross,4.6,Homerton University,1.29
E50JX,51.556571,-0.043942,North,Homerton University,0.66,Royal Free Hospital,8.41,Whipps Cross,4.0,Homerton University,0.66
E50LA,51.556524,-0.046512,North,Homerton University,0.64,Royal Free Hospital,8.23,Whipps Cross,4.15,Homerton University,0.64
E50LB,51.55572,-0.046864,North,Homerton University,0.55,Royal Free Hospital,8.2,Whipps Cross,4.22,Homerton University,0.55
E50LD,51.55576,-0.046574,North,Homerton University,0.55,Royal Free Hospital,8.22,Whipps Cross,4.2,Homerton University,0.55
E50LE,51.555282,-0.046464,North,Homerton University,0.5,Royal Free Hospital,8.23,Whipps Cross,4.23,Homerton University,0.5
E50LF,51.553684,-0.046619,North,Homerton University,0.32,Royal Free Hospital,8.21,Whipps Cross,4.35,Homerton University,0.32
E50LG,51.552507,-0.04615,North,Homerton University,0.19,Royal Free Hospital,8.25,Whipps Cross,4.41,Homerton University,0.19
E50LH,51.553287,-0.044963,North,Homerton University,0.29,Royal Free Hospital,8.33,Whipps Cross,4.29,Homerton University,0.29
E50LJ,51.552007,-0.045292,North,Homerton University,0.15,Royal Free Hospital,8.31,Whipps Cross,4.4,Homerton University,0.15
E50LL,51.551777,-0.047682,North,Homerton University,0.15,Royal Free Hospital,8.14,Whipps Cross,4.54,Homerton University,0.15
E50LN,51.552134,-0.04269,North,Homerton University,0.28,Royal Free Hospital,8.49,Whipps Cross,4.26,Homerton University,0.28
E50LP,51.552499,-0.04403,North,Homerton University,0.24,Royal Free Hospital,8.39,Whipps Cross,4.3,Homerton University,0.24
E50LQ,51.551463,-0.048258,North,Homerton University,0.16,Royal Free Hospital,8.1,Whipps Cross,4.59,Homerton University,0.16
E50LR,51.551801,-0.042098,North,Homerton University,0.3,Royal Free Hospital,8.53,Whipps Cross,4.25,Homerton University,0.3
E50LS,51.554229,-0.044821,North,Homerton University,0.39,Royal Free Hospital,8.34,Whipps Cross,4.21,Homerton University,0.39
E50LT,51.55638,-0.04597,North,Homerton University,0.62,Royal Free Hospital,8.26,Whipps Cross,4.13,Homerton University,0.62
E50LU,51.551371,-0.047598,North,Homerton University,0.12,Royal Free Hospital,8.15,Whipps Cross,4.57,Homerton University,0.12
E50LW,51.552438,-0.042532,North,Homerton University,0.31,Royal Free Hospital,8.5,Whipps Cross,4.23,Homerton University,0.31
E50LX,51.552589,-0.046233,North,Homerton University,0.2,Royal Free Hospital,8.24,Whipps Cross,4.41,Homerton University,0.2
E50LY,51.552738,-0.049776,North,Homerton University,0.33,Royal Free Hospital,7.99,Whipps Cross,4.58,Homerton University,0.33
E50LZ,51.552442,-0.049846,North,Homerton University,0.31,Royal Free Hospital,7.99,Whipps Cross,4.61,Homerton University,0.31
E50NA,51.553278,-0.045497,North,Homerton University,0.28,Royal Free Hospital,8.29,Whipps Cross,4.32,Homerton University,0.28
E50NB,51.553392,-0.043141,North,Homerton University,0.36,Royal Free Hospital,8.45,Whipps Cross,4.19,Homerton University,0.36
E50ND,51.553128,-0.04295,North,Homerton University,0.34,Royal Free Hospital,8.47,Whipps Cross,4.2,Homerton University,0.34
E50NE,51.552475,-0.046931,North,Homerton University,0.19,Royal Free Hospital,8.19,Whipps Cross,4.45,Homerton University,0.19
E50NF,51.552205,-0.046942,North,Homerton University,0.16,Royal Free Hospital,8.19,Whipps Cross,4.47,Homerton University,0.16
E50NG,51.552767,-0.04285,North,Homerton University,0.32,Royal Free Hospital,8.47,Whipps Cross,4.22,Homerton University,0.32
E50NH,51.554287,-0.04342,North,Homerton University,0.43,Royal Free Hospital,8.43,Whipps Cross,4.14,Homerton University,0.43
E50NJ,51.553833,-0.045877,North,Homerton University,0.34,Royal Free Hospital,8.26,Whipps Cross,4.3,Homerton University,0.34
E50NL,51.553307,-0.048294,North,Homerton University,0.31,Royal Free Hospital,8.1,Whipps Cross,4.46,Homerton University,0.31
E50NN,51.553305,-0.048208,North,Homerton University,0.31,Royal Free Hospital,8.1,Whipps Cross,4.46,Homerton University,0.31
E50NP,51.552037,-0.052532,North,Homerton University,0.46,Royal Free Hospital,7.8,Whipps Cross,4.78,Homerton University,0.46
E50NQ,51.552976,-0.044096,North,Homerton University,0.28,Royal Free Hospital,8.39,Whipps Cross,4.27,Homerton University,0.28
E50NR,51.552157,-0.052671,North,Homerton University,0.47,Royal Free Hospital,7.79,Whipps Cross,4.78,Homerton University,0.47
E50NS,51.55089,-0.052754,North,Homerton University,0.45,Royal Free Hospital,7.79,Whipps Cross,4.87,Homerton University,0.45
E50NT,51.550424,-0.05286,North,Homerton University,0.46,Royal Free Hospital,7.79,Whipps Cross,4.91,Homerton University,0.46
E50NU,51.551066,-0.052516,North,Homerton University,0.44,Royal Free Hospital,7.81,Whipps Cross,4.85,Homerton University,0.44
E50NW,51.553649,-0.047804,North,Homerton University,0.34,Royal Free Hospital,8.13,Whipps Cross,4.41,Homerton University,0.34
E50NX,51.550424,-0.05286,North,Homerton University,0.46,Royal Free Hospital,7.79,Whipps Cross,4.91,Homerton University,0.46
E50PA,51.55049,-0.053016,North,Homerton University,0.47,Royal Free Hospital,7.78,Whipps Cross,4.92,Homerton University,0.47
E50PB,51.550424,-0.05286,North,Homerton University,0.46,Royal Free Hospital,7.79,Whipps Cross,4.91,Homerton University,0.46
E50PD,51.550593,-0.052204,North,Homerton University,0.42,Royal Free Hospital,7.83,Whipps Cross,4.86,Homerton University,0.42
E50PE,51.550542,-0.051846,North,Homerton University,0.39,Royal Free Hospital,7.86,Whipps Cross,4.85,Homerton University,0.39
E50PF,51.55144,-0.050697,North,Homerton University,0.32,Royal Free Hospital,7.93,Whipps Cross,4.72,Homerton University,0.32
E50PH,51.551299,-0.051381,North,Homerton University,0.36,Royal Free Hospital,7.89,Whipps Cross,4.77,Homerton University,0.36
E50PJ,51.55224,-0.049003,North,Homerton University,0.25,Royal Free Hospital,8.05,Whipps Cross,4.58,Homerton University,0.25
E50PL,51.551881,-0.050158,North,Homerton University,0.3,Royal Free Hospital,7.97,Whipps Cross,4.66,Homerton University,0.3
E50PN,51.553015,-0.049648,North,Homerton University,0.34,Royal Free Hospital,8.0,Whipps Cross,4.56,Homerton University,0.34
E50PP,51.554611,-0.048296,North,Homerton University,0.45,Royal Free Hospital,8.1,Whipps Cross,4.38,Homerton University,0.45
E50PQ,51.550923,-0.050964,North,Homerton University,0.33,Royal Free Hospital,7.92,Whipps Cross,4.78,Homerton University,0.33
E50PR,51.556471,-0.047149,North,Homerton University,0.63,Royal Free Hospital,8.18,Whipps Cross,4.19,Homerton University,0.63
E50PS,51.556534,-0.046569,North,Homerton University,0.64,Royal Free Hospital,8.22,Whipps Cross,4.15,Homerton University,0.64
E50PT,51.554673,-0.048784,North,Homerton University,0.47,Royal Free Hospital,8.06,Whipps Cross,4.4,Homerton University,0.47
E50PU,51.553048,-0.05109,North,Homerton University,0.42,Royal Free Hospital,7.9,Whipps Cross,4.63,Homerton University,0.42
E50PX,51.552221,-0.052784,North,Homerton University,0.48,Royal Free Hospital,7.79,Whipps Cross,4.78,Homerton University,0.48
E50QA,51.557028,-0.055204,North,Homerton University,0.93,Royal Free Hospital,7.63,Whipps Cross,4.62,Homerton University,0.93
E50QB,51.554504,-0.044059,North,Homerton University,0.44,Royal Free Hospital,8.39,Whipps Cross,4.15,Homerton University,0.44
E50QD,51.554998,-0.054281,North,Homerton University,0.73,Royal Free Hospital,7.69,Whipps Cross,4.69,Homerton University,0.73
E50QF,51.556762,-0.055475,North,Homerton University,0.92,Royal Free Hospital,7.61,Whipps Cross,4.65,Homerton University,0.92
E50QG,51.55806,-0.054035,North,Homerton University,0.97,Royal Free Hospital,7.72,Whipps Cross,4.49,Homerton University,0.97
E50QH,51.556487,-0.054607,North,Homerton University,0.86,Royal Free Hospital,7.67,Whipps Cross,4.62,Homerton University,0.86
E50QJ,51.555304,-0.054326,North,Homerton University,0.75,Royal Free Hospital,7.68,Whipps Cross,4.67,Homerton University,0.75
E50QL,51.554965,-0.055552,North,Homerton University,0.8,Royal Free Hospital,7.6,Whipps Cross,4.76,Homerton University,0.8
E50QN,51.554941,-0.05411,North,Homerton University,0.71,Royal Free Hospital,7.7,Whipps Cross,4.68,Homerton University,0.71
E50QP,51.554945,-0.05323,North,Homerton University,0.67,Royal Free Hospital,7.76,Whipps Cross,4.63,Homerton University,0.67
E50QQ,51.55772,-0.054107,North,Homerton University,0.94,Royal Free Hospital,7.71,Whipps Cross,4.51,Homerton University,0.94
E50QR,51.553714,-0.053297,North,Homerton University,0.59,Royal Free Hospital,7.75,Whipps Cross,4.71,Homerton University,0.59
E50QS,51.553657,-0.053155,North,Homerton University,0.58,Royal Free Hospital,7.76,Whipps Cross,4.71,Homerton University,0.58
E50QT,51.553849,-0.05332,North,Homerton University,0.6,Royal Free Hospital,7.75,Whipps Cross,4.7,Homerton University,0.6
E50QX,51.553924,-0.053504,North,Homerton University,0.61,Royal Free Hospital,7.74,Whipps Cross,4.71,Homerton University,0.61
E50QY,51.554744,-0.053037,North,Homerton University,0.64,Royal Free Hospital,7.77,Whipps Cross,4.63,Homerton University,0.64
E50QZ,51.554689,-0.053544,North,Homerton University,0.67,Royal Free Hospital,7.74,Whipps Cross,4.66,Homerton University,0.67
E50RA,51.554043,-0.054149,North,Homerton University,0.66,Royal Free Hospital,7.69,Whipps Cross,4.74,Homerton University,0.66
E50RB,51.554717,-0.051956,North,Homerton University,0.59,Royal Free Hospital,7.85,Whipps Cross,4.57,Homerton University,0.59
E50RD,51.553375,-0.052388,North,Homerton University,0.51,Royal Free Hospital,7.81,Whipps Cross,4.68,Homerton University,0.51
E50RE,51.554604,-0.051124,North,Homerton University,0.54,Royal Free Hospital,7.9,Whipps Cross,4.53,Homerton University,0.54
E50RF,51.555365,-0.049851,North,Homerton University,0.57,Royal Free Hospital,7.99,Whipps Cross,4.41,Homerton University,0.57
E50RG,51.555969,-0.048281,North,Homerton University,0.59,Royal Free Hospital,8.1,Whipps Cross,4.28,Homerton University,0.59
E50RH,51.554454,-0.050784,North,Homerton University,0.52,Royal Free Hospital,7.93,Whipps Cross,4.52,Homerton University,0.52
E50RJ,51.554878,-0.049222,North,Homerton University,0.5,Royal Free Hospital,8.03,Whipps Cross,4.41,Homerton University,0.5
E50RL,51.554034,-0.050355,North,Homerton University,0.46,Royal Free Hospital,7.95,Whipps Cross,4.53,Homerton University,0.46
E50RN,51.552227,-0.052048,North,Homerton University,0.43,Royal Free Hospital,7.84,Whipps Cross,4.74,Homerton University,0.43
E50RP,51.557334,-0.053619,North,Homerton University,0.89,Royal Free Hospital,7.74,Whipps Cross,4.51,Homerton University,0.89
E50RQ,51.55551,-0.048835,North,Homerton University,0.55,Royal Free Hospital,8.06,Whipps Cross,4.35,Homerton University,0.55
E50RR,51.556988,-0.053331,North,Homerton University,0.85,Royal Free Hospital,7.76,Whipps Cross,4.51,Homerton University,0.85
E50RS,51.558592,-0.053017,North,Homerton University,0.99,Royal Free Hospital,7.79,Whipps Cross,4.4,Homerton University,0.99
E50RT,51.55687,-0.052225,North,Homerton University,0.79,Royal Free Hospital,7.84,Whipps Cross,4.45,Homerton University,0.79
E50RU,51.556448,-0.052228,North,Homerton University,0.75,Royal Free Hospital,7.83,Whipps Cross,4.48,Homerton University,0.75
E50RW,51.554521,-0.043958,North,Homerton University,0.44,Royal Free Hospital,8.4,Whipps Cross,4.15,Homerton University,0.44
E50RX,51.557614,-0.04987,North,Homerton University,0.8,Royal Free Hospital,8.0,Whipps Cross,4.27,Homerton University,0.8
E50RY,51.557613,-0.048197,North,Homerton University,0.77,Royal Free Hospital,8.12,Whipps Cross,4.18,Homerton University,0.77
E50RZ,51.557292,-0.047821,North,Homerton University,0.73,Royal Free Hospital,8.14,Whipps Cross,4.17,Homerton University,0.73
E50SA,51.556672,-0.050545,North,Homerton University,0.72,Royal Free Hospital,7.95,Whipps Cross,4.37,Homerton University,0.72
E50SB,51.555996,-0.052089,North,Homerton University,0.71,Royal Free Hospital,7.84,Whipps Cross,4.5,Homerton University,0.71
E50SD,51.556072,-0.051826,North,Homerton University,0.7,Royal Free Hospital,7.86,Whipps Cross,4.48,Homerton University,0.7
E50SE,51.555369,-0.053342,North,Homerton University,0.71,Royal Free Hospital,7.75,Whipps Cross,4.61,Homerton University,0.71
E50SF,51.554917,-0.052669,North,Homerton University,0.64,Royal Free Hospital,7.8,Whipps Cross,4.6,Homerton University,0.64
E50SG,51.55611,-0.051363,North,Homerton University,0.69,Royal Free Hospital,7.89,Whipps Cross,4.45,Homerton University,0.69
E50SH,51.555869,-0.05094,North,Homerton University,0.65,Royal Free Hospital,7.92,Whipps Cross,4.44,Homerton University,0.65
E50SJ,51.556127,-0.049688,North,Homerton University,0.64,Royal Free Hospital,8.01,Whipps Cross,4.35,Homerton University,0.64
E50SL,51.556267,-0.048398,North,Homerton University,0.63,Royal Free Hospital,8.1,Whipps Cross,4.27,Homerton University,0.63
E50SN,51.554521,-0.043958,North,Homerton University,0.44,Royal Free Hospital,8.4,Whipps Cross,4.15,Homerton University,0.44
E50SP,51.5556,-0.039656,North,Homerton University,0.7,Royal Free Hospital,8.7,Whipps Cross,3.84,Homerton University,0.7
E50SQ,51.555643,-0.050315,North,Homerton University,0.61,Royal Free Hospital,7.96,Whipps Cross,4.42,Homerton University,0.61
E50SR,51.555564,-0.036988,North,Homerton University,0.83,Royal Free Hospital,8.88,Whipps Cross,3.71,Homerton University,0.83
E50SS,51.556129,-0.037426,North,Homerton University,0.85,Royal Free Hospital,8.85,Whipps Cross,3.69,Homerton University,0.85
E50ST,51.556269,-0.037708,North,Homerton University,0.85,Royal Free Hospital,8.83,Whipps Cross,3.69,Homerton University,0.85
E50SU,51.5556,-0.039656,North,Homerton University,0.7,Royal Free Hospital,8.7,Whipps Cross,3.84,Homerton University,0.7
E50SW,51.5569,-0.03833,North,Homerton University,0.87,Royal Free Hospital,8.79,Whipps Cross,3.68,Homerton University,0.87
E50SX,51.5556,-0.039656,North,Homerton University,0.7,Royal Free Hospital,8.7,Whipps Cross,3.84,Homerton University,0.7
E50SY,51.555576,-0.038214,North,Homerton University,0.77,Royal Free Hospital,8.8,Whipps Cross,3.77,Homerton University,0.77
E50SZ,51.555576,-0.038214,North,Homerton University,0.77,Royal Free Hospital,8.8,Whipps Cross,3.77,Homerton University,0.77
E50TA,51.55434,-0.039594,North,Homerton University,0.6,Royal Free Hospital,8.7,Whipps Cross,3.93,Homerton University,0.6
E50TB,51.554448,-0.041754,North,Homerton University,0.51,Royal Free Hospital,8.55,Whipps Cross,4.04,Homerton University,0.51
E50TD,51.555251,-0.041907,North,Homerton University,0.58,Royal Free Hospital,8.54,Whipps Cross,3.99,Homerton University,0.58
E50TE,51.55451,-0.04064,North,Homerton University,0.56,Royal Free Hospital,8.63,Whipps Cross,3.98,Homerton University,0.56
E50TF,51.554783,-0.039749,North,Homerton University,0.63,Royal Free Hospital,8.69,Whipps Cross,3.91,Homerton University,0.63
E50TG,51.555844,-0.042444,North,Homerton University,0.62,Royal Free Hospital,8.51,Whipps Cross,3.97,Homerton University,0.62
E50TH,51.560016,-0.057529,North,Homerton University,1.29,Royal Free Hospital,7.5,Whipps Cross,4.6,Homerton University,1.29
E50TJ,51.553851,-0.042616,North,Homerton University,0.42,Royal Free Hospital,8.49,Whipps Cross,4.13,Homerton University,0.42
E50TL,51.560016,-0.057529,North,Homerton University,1.29,Royal Free Hospital,7.5,Whipps Cross,4.6,Homerton University,1.29
E50TN,51.560016,-0.057529,North,Homerton University,1.29,Royal Free Hospital,7.5,Whipps Cross,4.6,Homerton University,1.29
E50TP,51.560016,-0.057529,North,Homerton University,1.29,Royal Free Hospital,7.5,Whipps Cross,4.6,Homerton University,1.29
E50TR,51.551083,-0.038407,North,Homerton University,0.54,Royal Free Hospital,8.78,Whipps Cross,4.13,Homerton University,0.54
E50TS,51.551083,-0.038407,North,Homerton University,0.54,Royal Free Hospital,8.78,Whipps Cross,4.13,Homerton University,0.54
E50TT,51.560016,-0.057529,North,Homerton University,1.29,Royal Free Hospital,7.5,Whipps Cross,4.6,Homerton University,1.29
E50TU,51.551014,-0.03805,North,Homerton University,0.56,Royal Free Hospital,8.81,Whipps Cross,4.12,Homerton University,0.56
E50TW,51.560016,-0.057529,North,Homerton University,1.29,Royal Free Hospital,7.5,Whipps Cross,4.6,Homerton University,1.29
E50TX,51.550997,-0.038656,North,Homerton University,0.52,Royal Free Hospital,8.77,Whipps Cross,4.15,Homerton University,0.52
E50TY,51.549682,-0.037472,North,Homerton University,0.62,Royal Free Hospital,8.85,Whipps Cross,4.21,Homerton University,0.62
E50TZ,51.54972,-0.038134,North,Homerton University,0.57,Royal Free Hospital,8.81,Whipps Cross,4.24,Homerton University,0.57
E50UA,51.549286,-0.038485,North,Homerton University,0.56,Royal Free Hospital,8.79,Whipps Cross,4.29,Homerton University,0.56
E50UB,51.560016,-0.057529,North,Homerton University,1.29,Royal Free Hospital,7.5,Whipps Cross,4.6,Homerton University,1.29
E50UD,51.560016,-0.057529,North,Homerton University,1.29,Royal Free Hospital,7.5,Whipps Cross,4.6,Homerton University,1.29
E50UE,51.560016,-0.057529,North,Homerton University,1.29,Royal Free Hospital,7.5,Whipps Cross,4.6,Homerton University,1.29
E50UF,51.560016,-0.057529,North,Homerton University,1.29,Royal Free Hospital,7.5,Whipps Cross,4.6,Homerton University,1.29
E50UG,51.560016,-0.057529,North,Homerton University,1.29,Royal Free Hospital,7.5,Whipps Cross,4.6,Homerton University,1.29
E50UH,51.549286,-0.038485,North,Homerton University,0.56,Royal Free Hospital,8.79,Whipps Cross,4.29,Homerton University,0.56
E50UJ,51.549286,-0.038485,North,Homerton University,0.56,Royal Free Hospital,8.79,Whipps Cross,4.29,Homerton University,0.56
E50UL,51.549286,-0.038485,North,Homerton University,0.56,Royal Free Hospital,8.79,Whipps Cross,4.29,Homerton University,0.56
E50UN,51.549286,-0.038485,North,Homerton University,0.56,Royal Free Hospital,8.79,Whipps Cross,4.29,Homerton University,0.56
E50UP,51.549286,-0.038485,North,Homerton University,0.56,Royal Free Hospital,8.79,Whipps Cross,4.29,Homerton University,0.56
E50UQ,51.560016,-0.057529,North,Homerton University,1.29,Royal Free Hospital,7.5,Whipps Cross,4.6,Homerton University,1.29
E50UR,51.549286,-0.038485,North,Homerton University,0.56,Royal Free Hospital,8.79,Whipps Cross,4.29,Homerton University,0.56
E50US,51.560016,-0.057529,North,Homerton University,1.29,Royal Free Hospital,7.5,Whipps Cross,4.6,Homerton University,1.29
E50UT,51.560016,-0.057529,North,Homerton University,1.29,Royal Free Hospital,7.5,Whipps Cross,4.6,Homerton University,1.29
E50UU,51.560016,-0.057529,North,Homerton University,1.29,Royal Free Hospital,7.5,Whipps Cross,4.6,Homerton University,1.29
E50UW,51.560016,-0.057529,North,Homerton University,1.29,Royal Free Hospital,7.5,Whipps Cross,4.6,Homerton University,1.29
E50UX,51.560016,-0.057529,North,Homerton University,1.29,Royal Free Hospital,7.5,Whipps Cross,4.6,Homerton University,1.29
E50UY,51.560016,-0.057529,North,Homerton University,1.29,Royal Free Hospital,7.5,Whipps Cross,4.6,Homerton University,1.29
E50UZ,51.560016,-0.057529,North,Homerton University,1.29,Royal Free Hospital,7.5,Whipps Cross,4.6,Homerton University,1.29
E50WA,51.560016,-0.057529,North,Homerton University,1.29,Royal Free Hospital,7.5,Whipps Cross,4.6,Homerton University,1.29
E50WB,51.560016,-0.057529,North,Homerton University,1.29,Royal Free Hospital,7.5,Whipps Cross,4.6,Homerton University,1.29
E50WD,51.560016,-0.057529,North,Homerton University,1.29,Royal Free Hospital,7.5,Whipps Cross,4.6,Homerton University,1.29
E50WE,51.560016,-0.057529,North,Homerton University,1.29,Royal Free Hospital,7.5,Whipps Cross,4.6,Homerton University,1.29
E50WF,51.560016,-0.057529,North,Homerton University,1.29,Royal Free Hospital,7.5,Whipps Cross,4.6,Homerton University,1.29
E50WG,51.560016,-0.057529,North,Homerton University,1.29,Royal Free Hospital,7.5,Whipps Cross,4.6,Homerton University,1.29
E50WH,51.560016,-0.057529,North,Homerton University,1.29,Royal Free Hospital,7.5,Whipps Cross,4.6,Homerton University,1.29
E50WJ,51.55998,-0.057531,North,Homerton University,1.29,Royal Free Hospital,7.5,Whipps Cross,4.6,Homerton University,1.29
E50WL,51.560016,-0.057529,North,Homerton University,1.29,Royal Free Hospital,7.5,Whipps Cross,4.6,Homerton University,1.29
E50WN,51.560016,-0.057529,North,Homerton University,1.29,Royal Free Hospital,7.5,Whipps Cross,4.6,Homerton University,1.29
E50WP,51.560016,-0.057529,North,Homerton University,1.29,Royal Free Hospital,7.5,Whipps Cross,4.6,Homerton University,1.29
E50WQ,51.560016,-0.057529,North,Homerton University,1.29,Royal Free Hospital,7.5,Whipps Cross,4.6,Homerton University,1.29
E50WR,51.560016,-0.057529,North,Homerton University,1.29,Royal Free Hospital,7.5,Whipps Cross,4.6,Homerton University,1.29
E50WS,51.560016,-0.057529,North,Homerton University,1.29,Royal Free Hospital,7.5,Whipps Cross,4.6,Homerton University,1.29
E50WT,51.55998,-0.057531,North,Homerton University,1.29,Royal Free Hospital,7.5,Whipps Cross,4.6,Homerton University,1.29
E50WU,51.55998,-0.057531,North,Homerton University,1.29,Royal Free Hospital,7.5,Whipps Cross,4.6,Homerton University,1.29
E50WW,51.560016,-0.057529,North,Homerton University,1.29,Royal Free Hospital,7.5,Whipps Cross,4.6,Homerton University,1.29
E50WX,51.560016,-0.057529,North,Homerton University,1.29,Royal Free Hospital,7.5,Whipps Cross,4.6,Homerton University,1.29
E50WY,51.560016,-0.057529,North,Homerton University,1.29,Royal Free Hospital,7.5,Whipps Cross,4.6,Homerton University,1.29
E50WZ,51.560016,-0.057529,North,Homerton University,1.29,Royal Free Hospital,7.5,Whipps Cross,4.6,Homerton University,1.29
E50XA,51.560016,-0.057529,North,Homerton University,1.29,Royal Free Hospital,7.5,Whipps Cross,4.6,Homerton University,1.29
E50XB,51.560016,-0.057529,North,Homerton University,1.29,Royal Free Hospital,7.5,Whipps Cross,4.6,Homerton University,1.29
E50XD,51.55998,-0.057531,North,Homerton University,1.29,Royal Free Hospital,7.5,Whipps Cross,4.6,Homerton University,1.29
E50XE,51.55998,-0.057531,North,Homerton University,1.29,Royal Free Hospital,7.5,Whipps Cross,4.6,Homerton University,1.29
E50XF,51.560016,-0.057529,North,Homerton University,1.29,Royal Free Hospital,7.5,Whipps Cross,4.6,Homerton University,1.29
E50XG,51.560016,-0.057529,North,Homerton University,1.29,Royal Free Hospital,7.5,Whipps Cross,4.6,Homerton University,1.29
E50XH,51.560016,-0.057529,North,Homerton University,1.29,Royal Free Hospital,7.5,Whipps Cross,4.6,Homerton University,1.29
E50XJ,51.560016,-0.057529,North,Homerton University,1.29,Royal Free Hospital,7.5,Whipps Cross,4.6,Homerton University,1.29
E50XL,51.554521,-0.043958,North,Homerton University,0.44,Royal Free Hospital,8.4,Whipps Cross,4.15,Homerton University,0.44
E50XN,51.549286,-0.038485,North,Homerton University,0.56,Royal Free Hospital,8.79,Whipps Cross,4.29,Homerton University,0.56
E50XP,51.549286,-0.038485,North,Homerton University,0.56,Royal Free Hospital,8.79,Whipps Cross,4.29,Homerton University,0.56
E50XQ,51.560016,-0.057529,North,Homerton University,1.29,Royal Free Hospital,7.5,Whipps Cross,4.6,Homerton University,1.29
E50XR,51.560016,-0.057529,North,Homerton University,1.29,Royal Free Hospital,7.5,Whipps Cross,4.6,Homerton University,1.29
E50XS,51.560016,-0.057529,North,Homerton University,1.29,Royal Free Hospital,7.5,Whipps Cross,4.6,Homerton University,1.29
E50XT,51.560016,-0.057529,North,Homerton University,1.29,Royal Free Hospital,7.5,Whipps Cross,4.6,Homerton University,1.29
E50XU,51.560016,-0.057529,North,Homerton University,1.29,Royal Free Hospital,7.5,Whipps Cross,4.6,Homerton University,1.29
E50XW,51.560016,-0.057529,North,Homerton University,1.29,Royal Free Hospital,7.5,Whipps Cross,4.6,Homerton University,1.29
E50XX,51.560016,-0.057529,North,Homerton University,1.29,Royal Free Hospital,7.5,Whipps Cross,4.6,Homerton University,1.29
E50XY,51.560016,-0.057529,North,Homerton University,1.29,Royal Free Hospital,7.5,Whipps Cross,4.6,Homerton University,1.29
E50XZ,51.560016,-0.057529,North,Homerton University,1.29,Royal Free Hospital,7.5,Whipps Cross,4.6,Homerton University,1.29
E50YA,51.560016,-0.057529,North,Homerton University,1.29,Royal Free Hospital,7.5,Whipps Cross,4.6,Homerton University,1.29
E50YB,51.560016,-0.057529,North,Homerton University,1.29,Royal Free Hospital,7.5,Whipps Cross,4.6,Homerton University,1.29
E50YD,51.554504,-0.044059,North,Homerton University,0.44,Royal Free Hospital,8.39,Whipps Cross,4.15,Homerton University,0.44
E50YE,51.560016,-0.057529,North,Homerton University,1.29,Royal Free Hospital,7.5,Whipps Cross,4.6,Homerton University,1.29
E50YF,51.560016,-0.057529,North,Homerton University,1.29,Royal Free Hospital,7.5,Whipps Cross,4.6,Homerton University,1.29
E50YG,51.554521,-0.043958,North,Homerton University,0.44,Royal Free Hospital,8.4,Whipps Cross,4.15,Homerton University,0.44
E50YH,51.560016,-0.057529,North,Homerton University,1.29,Royal Free Hospital,7.5,Whipps Cross,4.6,Homerton University,1.29
E50YJ,51.554521,-0.043958,North,Homerton University,0.44,Royal Free Hospital,8.4,Whipps Cross,4.15,Homerton University,0.44
E50YL,51.560016,-0.057529,North,Homerton University,1.29,Royal Free Hospital,7.5,Whipps Cross,4.6,Homerton University,1.29
E50YN,51.55998,-0.057531,North,Homerton University,1.29,Royal Free Hospital,7.5,Whipps Cross,4.6,Homerton University,1.29
E50YP,51.560016,-0.057529,North,Homerton University,1.29,Royal Free Hospital,7.5,Whipps Cross,4.6,Homerton University,1.29
E50YQ,51.560016,-0.057529,North,Homerton University,1.29,Royal Free Hospital,7.5,Whipps Cross,4.6,Homerton University,1.29
E50YR,51.560016,-0.057529,North,Homerton University,1.29,Royal Free Hospital,7.5,Whipps Cross,4.6,Homerton University,1.29
E50YS,51.554521,-0.043958,North,Homerton University,0.44,Royal Free Hospital,8.4,Whipps Cross,4.15,Homerton University,0.44
E50YT,51.560016,-0.057529,North,Homerton University,1.29,Royal Free Hospital,7.5,Whipps Cross,4.6,Homerton University,1.29
E50YU,51.560016,-0.057529,North,Homerton University,1.29,Royal Free Hospital,7.5,Whipps Cross,4.6,Homerton University,1.29
E50YW,51.560016,-0.057529,North,Homerton University,1.29,Royal Free Hospital,7.5,Whipps Cross,4.6,Homerton University,1.29
E50YX,51.560016,-0.057529,North,Homerton University,1.29,Royal Free Hospital,7.5,Whipps Cross,4.6,Homerton University,1.29
E50YY,51.554529,-0.043929,North,Homerton University,0.44,Royal Free Hospital,8.4,Whipps Cross,4.15,Homerton University,0.44
E50YZ,51.560016,-0.057529,North,Homerton University,1.29,Royal Free Hospital,7.5,Whipps Cross,4.6,Homerton University,1.29
E50ZA,51.560016,-0.057529,North,Homerton University,1.29,Royal Free Hospital,7.5,Whipps Cross,4.6,Homerton University,1.29
E50ZB,51.560016,-0.057529,North,Homerton University,1.29,Royal Free Hospital,7.5,Whipps Cross,4.6,Homerton University,1.29
E50ZD,51.560016,-0.057529,North,Homerton University,1.29,Royal Free Hospital,7.5,Whipps Cross,4.6,Homerton University,1.29
E50ZE,51.560016,-0.057529,North,Homerton University,1.29,Royal Free Hospital,7.5,Whipps Cross,4.6,Homerton University,1.29
E50ZF,51.560016,-0.057529,North,Homerton University,1.29,Royal Free Hospital,7.5,Whipps Cross,4.6,Homerton University,1.29
E50ZG,51.560016,-0.057529,North,Homerton University,1.29,Royal Free Hospital,7.5,Whipps Cross,4.6,Homerton University,1.29
E50ZH,51.560016,-0.057529,North,Homerton University,1.29,Royal Free Hospital,7.5,Whipps Cross,4.6,Homerton University,1.29
E50ZJ,51.560016,-0.057529,North,Homerton University,1.29,Royal Free Hospital,7.5,Whipps Cross,4.6,Homerton University,1.29
E50ZN,51.560016,-0.057529,North,Homerton University,1.29,Royal Free Hospital,7.5,Whipps Cross,4.6,Homerton University,1.29
E50ZP,51.560016,-0.057529,North,Homerton University,1.29,Royal Free Hospital,7.5,Whipps Cross,4.6,Homerton University,1.29
E50ZQ,51.560016,-0.057529,North,Homerton University,1.29,Royal Free Hospital,7.5,Whipps Cross,4.6,Homerton University,1.29
E50ZR,51.560016,-0.057529,North,Homerton University,1.29,Royal Free Hospital,7.5,Whipps Cross,4.6,Homerton University,1.29
E50ZS,51.560016,-0.057529,North,Homerton University,1.29,Royal Free Hospital,7.5,Whipps Cross,4.6,Homerton University,1.29
E50ZT,51.560016,-0.057529,North,Homerton University,1.29,Royal Free Hospital,7.5,Whipps Cross,4.6,Homerton University,1.29
E50ZU,51.560016,-0.057529,North,Homerton University,1.29,Royal Free Hospital,7.5,Whipps Cross,4.6,Homerton University,1.29
E50ZZ,51.560016,-0.057529,North,Homerton University,1.29,Royal Free Hospital,7.5,Whipps Cross,4.6,Homerton University,1.29
E55AE,51.560016,-0.057529,North,Homerton University,1.29,Royal Free Hospital,7.5,Whipps Cross,4.6,Homerton University,1.29
E55AH,51.560016,-0.057529,North,Homerton University,1.29,Royal Free Hospital,7.5,Whipps Cross,4.6,Homerton University,1.29
E55AJ,51.560016,-0.057529,North,Homerton University,1.29,Royal Free Hospital,7.5,Whipps Cross,4.6,Homerton University,1.29
E55AL,51.55998,-0.057531,North,Homerton University,1.29,Royal Free Hospital,7.5,Whipps Cross,4.6,Homerton University,1.29
E55AN,51.55998,-0.057531,North,Homerton University,1.29,Royal Free Hospital,7.5,Whipps Cross,4.6,Homerton University,1.29
E55AP,51.55998,-0.057531,North,Homerton University,1.29,Royal Free Hospital,7.5,Whipps Cross,4.6,Homerton University,1.29
E55AQ,51.560016,-0.057529,North,Homerton University,1.29,Royal Free Hospital,7.5,Whipps Cross,4.6,Homerton University,1.29
E55AT,51.560016,-0.057529,North,Homerton University,1.29,Royal Free Hospital,7.5,Whipps Cross,4.6,Homerton University,1.29
E55AZ,51.55998,-0.057531,North,Homerton University,1.29,Royal Free Hospital,7.5,Whipps Cross,4.6,Homerton University,1.29
E55BA,51.560016,-0.057529,North,Homerton University,1.29,Royal Free Hospital,7.5,Whipps Cross,4.6,Homerton University,1.29
E55BF,51.560016,-0.057529,North,Homerton University,1.29,Royal Free Hospital,7.5,Whipps Cross,4.6,Homerton University,1.29
E55BG,51.560016,-0.057529,North,Homerton University,1.29,Royal Free Hospital,7.5,Whipps Cross,4.6,Homerton University,1.29
E55BN,51.55998,-0.057531,North,Homerton University,1.29,Royal Free Hospital,7.5,Whipps Cross,4.6,Homerton University,1.29
E55BP,51.560016,-0.057529,North,Homerton University,1.29,Royal Free Hospital,7.5,Whipps Cross,4.6,Homerton University,1.29
E55BQ,51.560016,-0.057529,North,Homerton University,1.29,Royal Free Hospital,7.5,Whipps Cross,4.6,Homerton University,1.29
E55BS,51.560016,-0.057529,North,Homerton University,1.29,Royal Free Hospital,7.5,Whipps Cross,4.6,Homerton University,1.29
E55BT,51.560016,-0.057529,North,Homerton University,1.29,Royal Free Hospital,7.5,Whipps Cross,4.6,Homerton University,1.29
E55BU,51.55998,-0.057531,North,Homerton University,1.29,Royal Free Hospital,7.5,Whipps Cross,4.6,Homerton University,1.29
E55BW,51.560016,-0.057529,North,Homerton University,1.29,Royal Free Hospital,7.5,Whipps Cross,4.6,Homerton University,1.29
E55BX,51.560016,-0.057529,North,Homerton University,1.29,Royal Free Hospital,7.5,Whipps Cross,4.6,Homerton University,1.29
E55BY,51.560016,-0.057529,North,Homerton University,1.29,Royal Free Hospital,7.5,Whipps Cross,4.6,Homerton University,1.29
E55BZ,51.560016,-0.057529,North,Homerton University,1.29,Royal Free Hospital,7.5,Whipps Cross,4.6,Homerton University,1.29
E55DA,51.55998,-0.057531,North,Homerton University,1.29,Royal Free Hospital,7.5,Whipps Cross,4.6,Homerton University,1.29
E55DB,51.560016,-0.057529,North,Homerton University,1.29,Royal Free Hospital,7.5,Whipps Cross,4.6,Homerton University,1.29
E55DD,51.560016,-0.057529,North,Homerton University,1.29,Royal Free Hospital,7.5,Whipps Cross,4.6,Homerton University,1.29
E55DE,51.560016,-0.057529,North,Homerton University,1.29,Royal Free Hospital,7.5,Whipps Cross,4.6,Homerton University,1.29
E55DF,51.560016,-0.057529,North,Homerton University,1.29,Royal Free Hospital,7.5,Whipps Cross,4.6,Homerton University,1.29
E55DG,51.560016,-0.057529,North,Homerton University,1.29,Royal Free Hospital,7.5,Whipps Cross,4.6,Homerton University,1.29
E55DH,51.560016,-0.057529,North,Homerton University,1.29,Royal Free Hospital,7.5,Whipps Cross,4.6,Homerton University,1.29
E55DJ,51.55998,-0.057531,North,Homerton University,1.29,Royal Free Hospital,7.5,Whipps Cross,4.6,Homerton University,1.29
E55DL,51.560016,-0.057529,North,Homerton University,1.29,Royal Free Hospital,7.5,Whipps Cross,4.6,Homerton University,1.29
E55DN,51.55998,-0.057531,North,Homerton University,1.29,Royal Free Hospital,7.5,Whipps Cross,4.6,Homerton University,1.29
E55DP,51.560016,-0.057529,North,Homerton University,1.29,Royal Free Hospital,7.5,Whipps Cross,4.6,Homerton University,1.29
E55DQ,51.560016,-0.057529,North,Homerton University,1.29,Royal Free Hospital,7.5,Whipps Cross,4.6,Homerton University,1.29
E55DR,51.55998,-0.057531,North,Homerton University,1.29,Royal Free Hospital,7.5,Whipps Cross,4.6,Homerton University,1.29
E55DS,51.55998,-0.057531,North,Homerton University,1.29,Royal Free Hospital,7.5,Whipps Cross,4.6,Homerton University,1.29
E55DT,51.55998,-0.057531,North,Homerton University,1.29,Royal Free Hospital,7.5,Whipps Cross,4.6,Homerton University,1.29
E55DU,51.55998,-0.057531,North,Homerton University,1.29,Royal Free Hospital,7.5,Whipps Cross,4.6,Homerton University,1.29
E55DW,51.55998,-0.057531,North,Homerton University,1.29,Royal Free Hospital,7.5,Whipps Cross,4.6,Homerton University,1.29
E55DY,51.55998,-0.057531,North,Homerton University,1.29,Royal Free Hospital,7.5,Whipps Cross,4.6,Homerton University,1.29
E55DZ,51.55998,-0.057531,North,Homerton University,1.29,Royal Free Hospital,7.5,Whipps Cross,4.6,Homerton University,1.29
E55EA,51.55998,-0.057531,North,Homerton University,1.29,Royal Free Hospital,7.5,Whipps Cross,4.6,Homerton University,1.29
E55EB,51.55998,-0.057531,North,Homerton University,1.29,Royal Free Hospital,7.5,Whipps Cross,4.6,Homerton University,1.29
E55ED,51.55998,-0.057531,North,Homerton University,1.29,Royal Free Hospital,7.5,Whipps Cross,4.6,Homerton University,1.29
E55EE,51.55998,-0.057531,North,Homerton University,1.29,Royal Free Hospital,7.5,Whipps Cross,4.6,Homerton University,1.29
E55EF,51.55998,-0.057531,North,Homerton University,1.29,Royal Free Hospital,7.5,Whipps Cross,4.6,Homerton University,1.29
E55EG,51.55998,-0.057531,North,Homerton University,1.29,Royal Free Hospital,7.5,Whipps Cross,4.6,Homerton University,1.29
E55EH,51.55998,-0.057531,North,Homerton University,1.29,Royal Free Hospital,7.5,Whipps Cross,4.6,Homerton University,1.29
E55EJ,51.55998,-0.057531,North,Homerton University,1.29,Royal Free Hospital,7.5,Whipps Cross,4.6,Homerton University,1.29
E55EL,51.55998,-0.057531,North,Homerton University,1.29,Royal Free Hospital,7.5,Whipps Cross,4.6,Homerton University,1.29
E55EN,51.55998,-0.057531,North,Homerton University,1.29,Royal Free Hospital,7.5,Whipps Cross,4.6,Homerton University,1.29
E55EP,51.55998,-0.057531,North,Homerton University,1.29,Royal Free Hospital,7.5,Whipps Cross,4.6,Homerton University,1.29
E55EQ,51.55998,-0.057531,North,Homerton University,1.29,Royal Free Hospital,7.5,Whipps Cross,4.6,Homerton University,1.29
E55ER,51.55998,-0.057531,North,Homerton University,1.29,Royal Free Hospital,7.5,Whipps Cross,4.6,Homerton University,1.29
E55ES,51.55998,-0.057531,North,Homerton University,1.29,Royal Free Hospital,7.5,Whipps Cross,4.6,Homerton University,1.29
E55ET,51.55998,-0.057531,North,Homerton University,1.29,Royal Free Hospital,7.5,Whipps Cross,4.6,Homerton University,1.29
E55EU,51.55998,-0.057531,North,Homerton University,1.29,Royal Free Hospital,7.5,Whipps Cross,4.6,Homerton University,1.29
E55EW,51.55998,-0.057531,North,Homerton University,1.29,Royal Free Hospital,7.5,Whipps Cross,4.6,Homerton University,1.29
E55EX,51.55998,-0.057531,North,Homerton University,1.29,Royal Free Hospital,7.5,Whipps Cross,4.6,Homerton University,1.29
E55EY,51.55998,-0.057531,North,Homerton University,1.29,Royal Free Hospital,7.5,Whipps Cross,4.6,Homerton University,1.29
E55EZ,51.55998,-0.057531,North,Homerton University,1.29,Royal Free Hospital,7.5,Whipps Cross,4.6,Homerton University,1.29
E55FA,51.55998,-0.057531,North,Homerton University,1.29,Royal Free Hospital,7.5,Whipps Cross,4.6,Homerton University,1.29
E55FB,51.55998,-0.057531,North,Homerton University,1.29,Royal Free Hospital,7.5,Whipps Cross,4.6,Homerton University,1.29
E55FD,51.55998,-0.057531,North,Homerton University,1.29,Royal Free Hospital,7.5,Whipps Cross,4.6,Homerton University,1.29
E55FE,51.55998,-0.057531,North,Homerton University,1.29,Royal Free Hospital,7.5,Whipps Cross,4.6,Homerton University,1.29
E55FF,51.55998,-0.057531,North,Homerton University,1.29,Royal Free Hospital,7.5,Whipps Cross,4.6,Homerton University,1.29
E55FG,51.55998,-0.057531,North,Homerton University,1.29,Royal Free Hospital,7.5,Whipps Cross,4.6,Homerton University,1.29
E55FH,51.55998,-0.057531,North,Homerton University,1.29,Royal Free Hospital,7.5,Whipps Cross,4.6,Homerton University,1.29
E55FJ,51.55998,-0.057531,North,Homerton University,1.29,Royal Free Hospital,7.5,Whipps Cross,4.6,Homerton University,1.29
E55FL,51.55998,-0.057531,North,Homerton University,1.29,Royal Free Hospital,7.5,Whipps Cross,4.6,Homerton University,1.29
E55FN,51.55998,-0.057531,North,Homerton University,1.29,Royal Free Hospital,7.5,Whipps Cross,4.6,Homerton University,1.29
E55FP,51.55998,-0.057531,North,Homerton University,1.29,Royal Free Hospital,7.5,Whipps Cross,4.6,Homerton University,1.29
E55FQ,51.55998,-0.057531,North,Homerton University,1.29,Royal Free Hospital,7.5,Whipps Cross,4.6,Homerton University,1.29
E55FR,51.55998,-0.057531,North,Homerton University,1.29,Royal Free Hospital,7.5,Whipps Cross,4.6,Homerton University,1.29
E55FS,51.55998,-0.057531,North,Homerton University,1.29,Royal Free Hospital,7.5,Whipps Cross,4.6,Homerton University,1.29
E55FT,51.55998,-0.057531,North,Homerton University,1.29,Royal Free Hospital,7.5,Whipps Cross,4.6,Homerton University,1.29
E55FU,51.55998,-0.057531,North,Homerton University,1.29,Royal Free Hospital,7.5,Whipps Cross,4.6,Homerton University,1.29
E55FW,51.55998,-0.057531,North,Homerton University,1.29,Royal Free Hospital,7.5,Whipps Cross,4.6,Homerton University,1.29
E55FX,51.55998,-0.057531,North,Homerton University,1.29,Royal Free Hospital,7.5,Whipps Cross,4.6,Homerton University,1.29
E55FY,51.55998,-0.057531,North,Homerton University,1.29,Royal Free Hospital,7.5,Whipps Cross,4.6,Homerton University,1.29
E55FZ,51.55998,-0.057531,North,Homerton University,1.29,Royal Free Hospital,7.5,Whipps Cross,4.6,Homerton University,1.29
E55GD,51.55998,-0.057531,North,Homerton University,1.29,Royal Free Hospital,7.5,Whipps Cross,4.6,Homerton University,1.29
E55GE,51.55998,-0.057531,North,Homerton University,1.29,Royal Free Hospital,7.5,Whipps Cross,4.6,Homerton University,1.29
E55GF,51.55998,-0.057531,North,Homerton University,1.29,Royal Free Hospital,7.5,Whipps Cross,4.6,Homerton University,1.29
E55GG,51.55998,-0.057531,North,Homerton University,1.29,Royal Free Hospital,7.5,Whipps Cross,4.6,Homerton University,1.29
E55GH,51.55998,-0.057531,North,Homerton University,1.29,Royal Free Hospital,7.5,Whipps Cross,4.6,Homerton University,1.29
E55GJ,51.55998,-0.057531,North,Homerton University,1.29,Royal Free Hospital,7.5,Whipps Cross,4.6,Homerton University,1.29
E55GL,51.55998,-0.057531,North,Homerton University,1.29,Royal Free Hospital,7.5,Whipps Cross,4.6,Homerton University,1.29
E55GN,51.55998,-0.057531,North,Homerton University,1.29,Royal Free Hospital,7.5,Whipps Cross,4.6,Homerton University,1.29
E55GP,51.55998,-0.057531,North,Homerton University,1.29,Royal Free Hospital,7.5,Whipps Cross,4.6,Homerton University,1.29
E55GQ,51.55998,-0.057531,North,Homerton University,1.29,Royal Free Hospital,7.5,Whipps Cross,4.6,Homerton University,1.29
E55GR,51.55998,-0.057531,North,Homerton University,1.29,Royal Free Hospital,7.5,Whipps Cross,4.6,Homerton University,1.29
E55GS,51.55998,-0.057531,North,Homerton University,1.29,Royal Free Hospital,7.5,Whipps Cross,4.6,Homerton University,1.29
E55GT,51.55998,-0.057531,North,Homerton University,1.29,Royal Free Hospital,7.5,Whipps Cross,4.6,Homerton University,1.29
E55GU,51.55998,-0.057531,North,Homerton University,1.29,Royal Free Hospital,7.5,Whipps Cross,4.6,Homerton University,1.29
E55GW,51.55998,-0.057531,North,Homerton University,1.29,Royal Free Hospital,7.5,Whipps Cross,4.6,Homerton University,1.29
E55GX,51.55998,-0.057531,North,Homerton University,1.29,Royal Free Hospital,7.5,Whipps Cross,4.6,Homerton University,1.29
E55GY,51.55998,-0.057531,North,Homerton University,1.29,Royal Free Hospital,7.5,Whipps Cross,4.6,Homerton University,1.29
E55GZ,51.55998,-0.057531,North,Homerton University,1.29,Royal Free Hospital,7.5,Whipps Cross,4.6,Homerton University,1.29
E55HA,51.55998,-0.057531,North,Homerton University,1.29,Royal Free Hospital,7.5,Whipps Cross,4.6,Homerton University,1.29
E58AA,51.560016,-0.057529,North,Homerton University,1.29,Royal Free Hospital,7.5,Whipps Cross,4.6,Homerton University,1.29
E58AB,51.559898,-0.058573,North,Homerton University,1.32,Royal Free Hospital,7.42,Whipps Cross,4.67,Homerton University,1.32
E58AD,51.560736,-0.059187,North,Homerton University,1.42,Royal Free Hospital,7.39,Whipps Cross,4.67,Homerton University,1.42
E58AE,51.561805,-0.05803,North,Homerton University,1.47,Royal Free Hospital,7.48,Whipps Cross,4.55,Homerton University,1.47
E58AF,51.560835,-0.059774,North,Homerton University,1.46,Royal Free Hospital,7.35,Whipps Cross,4.7,Homerton University,1.46
E58AG,51.560018,-0.061454,North,Homerton University,1.47,Royal Free Hospital,7.23,Whipps Cross,4.84,Homerton University,1.47
E58AH,51.560348,-0.061872,North,Homerton University,1.52,Royal Free Hospital,7.2,Whipps Cross,4.85,Homerton University,1.52
E58AJ,51.561386,-0.059909,North,Homerton University,1.51,Royal Free Hospital,7.35,Whipps Cross,4.68,Homerton University,1.51
E58AL,51.561446,-0.060801,North,Homerton University,1.56,Royal Free Hospital,7.29,Whipps Cross,4.74,Homerton University,1.56
E58AN,51.560575,-0.062526,North,Homerton University,1.57,Royal Free Hospital,7.16,Whipps Cross,4.88,Homerton University,1.57
E58AP,51.5597,-0.061294,North,Homerton University,1.44,Royal Free Hospital,7.23,Whipps Cross,4.85,Homerton University,1.44
E58AQ,51.55625,-0.06584,North,Homerton University,1.49,Royal Free Hospital,6.89,Whittington Hospital,5.27,Homerton University,1.49
E58AR,51.55953,-0.059685,North,Homerton University,1.35,Royal Free Hospital,7.34,Whipps Cross,4.76,Homerton University,1.35
E58AS,51.559135,-0.058649,North,Homerton University,1.26,Royal Free Hospital,7.41,Whipps Cross,4.71,Homerton University,1.26
E58AT,51.559165,-0.058273,North,Homerton University,1.25,Royal Free Hospital,7.44,Whipps Cross,4.69,Homerton University,1.25
E58AU,51.559585,-0.058096,North,Homerton University,1.28,Royal Free Hospital,7.45,Whipps Cross,4.66,Homerton University,1.28
E58AW,51.559384,-0.057931,North,Homerton University,1.25,Royal Free Hospital,7.46,Whipps Cross,4.66,Homerton University,1.25
E58AX,51.559184,-0.057781,North,Homerton University,1.23,Royal Free Hospital,7.47,Whipps Cross,4.66,Homerton University,1.23
E58AY,51.560902,-0.057304,North,Homerton University,1.36,Royal Free Hospital,7.52,Whipps Cross,4.54,Homerton University,1.36
E58AZ,51.560367,-0.057587,North,Homerton University,1.32,Royal Free Hospital,7.5,Whipps Cross,4.59,Homerton University,1.32
E58BA,51.560722,-0.057254,North,Homerton University,1.34,Royal Free Hospital,7.52,Whipps Cross,4.55,Homerton University,1.34
E58BB,51.562562,-0.058171,North,Homerton University,1.55,Royal Free Hospital,7.49,Whipps Cross,4.52,Homerton University,1.55
E58BD,51.560362,-0.056187,North,Homerton University,1.27,Royal Free Hospital,7.59,Whipps Cross,4.5,Homerton University,1.27
E58BE,51.557509,-0.064748,North,Homerton University,1.48,Royal Free Hospital,6.98,Whipps Cross,5.17,Homerton University,1.48
E58BF,51.558814,-0.063698,North,Homerton University,1.5,Royal Free Hospital,7.06,Whipps Cross,5.04,Homerton University,1.5
E58BG,51.560362,-0.056187,North,Homerton University,1.27,Royal Free Hospital,7.59,Whipps Cross,4.5,Homerton University,1.27
E58BH,51.559482,-0.056802,North,Homerton University,1.21,Royal Free Hospital,7.54,Whipps Cross,4.58,Homerton University,1.21
E58BJ,51.557509,-0.064748,North,Homerton University,1.48,Royal Free Hospital,6.98,Whipps Cross,5.17,Homerton University,1.48
E58BL,51.560016,-0.057529,North,Homerton University,1.29,Royal Free Hospital,7.5,Whipps Cross,4.6,Homerton University,1.29
E58BN,51.562643,-0.062525,North,Homerton University,1.73,Royal Free Hospital,7.19,Whipps Cross,4.8,Homerton University,1.73
E58BP,51.559301,-0.056752,North,Homerton University,1.19,Royal Free Hospital,7.54,Whipps Cross,4.59,Homerton University,1.19
E58BQ,51.559919,-0.055499,North,Homerton University,1.2,Royal Free Hospital,7.63,Whipps Cross,4.48,Homerton University,1.2
E58BS,51.558536,-0.059944,North,Homerton University,1.28,Royal Free Hospital,7.31,Whipps Cross,4.82,Homerton University,1.28
E58BT,51.558573,-0.060577,North,Homerton University,1.32,Royal Free Hospital,7.27,Whipps Cross,4.86,Homerton University,1.32
E58BU,51.558306,-0.062897,North,Homerton University,1.42,Royal Free Hospital,7.11,Whipps Cross,5.02,Homerton University,1.42
E58BW,51.563447,-0.059981,North,Homerton University,1.7,Royal Free Hospital,7.38,Whipps Cross,4.6,Homerton University,1.7
E58BX,51.563561,-0.059831,North,Homerton University,1.7,Royal Free Hospital,7.39,Whipps Cross,4.58,Homerton University,1.7
E58BY,51.558262,-0.062408,North,Homerton University,1.39,Royal Free Hospital,7.14,Whipps Cross,4.99,Homerton University,1.39
E58BZ,51.553126,-0.055832,North,Homerton University,0.71,Royal Free Hospital,7.58,Whipps Cross,4.89,Homerton University,0.71
E58DA,51.556029,-0.056242,North,Homerton University,0.91,Royal Free Hospital,7.55,Whipps Cross,4.74,Homerton University,0.91
E58DB,51.555895,-0.055801,North,Homerton University,0.87,Royal Free Hospital,7.58,Whipps Cross,4.72,Homerton University,0.87
E58DD,51.55559,-0.057458,North,Homerton University,0.94,Royal Free Hospital,7.47,Whipps Cross,4.84,Homerton University,0.94
E58DE,51.555792,-0.059888,North,Homerton University,1.1,Royal Free Hospital,7.3,Whipps Cross,4.97,Homerton University,1.1
E58DF,51.558715,-0.058782,North,Homerton University,1.24,Royal Free Hospital,7.4,Whipps Cross,4.74,Homerton University,1.24
E58DG,51.558112,-0.057134,North,Homerton University,1.11,Royal Free Hospital,7.5,Whipps Cross,4.67,Homerton University,1.11
E58DH,51.557936,-0.057921,North,Homerton University,1.13,Royal Free Hospital,7.45,Whipps Cross,4.73,Homerton University,1.13
E58DJ,51.556694,-0.056791,North,Homerton University,0.98,Royal Free Hospital,7.52,Whipps Cross,4.73,Homerton University,0.98
E58DL,51.557206,-0.056726,North,Homerton University,1.02,Royal Free Hospital,7.53,Whipps Cross,4.7,Homerton University,1.02
E58DN,51.557773,-0.05839,North,Homerton University,1.15,Royal Free Hospital,7.42,Whipps Cross,4.77,Homerton University,1.15
E58DP,51.556941,-0.058136,North,Homerton University,1.07,Royal Free Hospital,7.43,Whipps Cross,4.8,Homerton University,1.07
E58DQ,51.558112,-0.057134,North,Homerton University,1.11,Royal Free Hospital,7.5,Whipps Cross,4.67,Homerton University,1.11
E58DR,51.556598,-0.058007,North,Homerton University,1.04,Royal Free Hospital,7.43,Whipps Cross,4.81,Homerton University,1.04
E58DS,51.555891,-0.057719,North,Homerton University,0.98,Royal Free Hospital,7.45,Whipps Cross,4.83,Homerton University,0.98
E58DT,51.554381,-0.055562,North,Homerton University,0.76,Royal Free Hospital,7.6,Whipps Cross,4.8,Homerton University,0.76
E58DU,51.554336,-0.05503,North,Homerton University,0.73,Royal Free Hospital,7.63,Whipps Cross,4.77,Homerton University,0.73
E58DW,51.555159,-0.055861,North,Homerton University,0.83,Royal Free Hospital,7.58,Whipps Cross,4.77,Homerton University,0.83
E58DX,51.554473,-0.054621,North,Homerton University,0.71,Royal Free Hospital,7.66,Whipps Cross,4.74,Homerton University,0.71
E58DY,51.554466,-0.055833,North,Homerton University,0.78,Royal Free Hospital,7.58,Whipps Cross,4.81,Homerton University,0.78
E58DZ,51.553626,-0.054527,North,Homerton University,0.66,Royal Free Hospital,7.67,Whipps Cross,4.79,Homerton University,0.66
E58EA,51.553703,-0.055894,North,Homerton University,0.74,Royal Free Hospital,7.57,Whipps Cross,4.86,Homerton University,0.74
E58EB,51.554089,-0.054752,North,Homerton University,0.7,Royal Free Hospital,7.65,Whipps Cross,4.77,Homerton University,0.7
E58ED,51.553863,-0.054733,North,Homerton University,0.68,Royal Free Hospital,7.65,Whipps Cross,4.78,Homerton University,0.68
E58EE,51.5546,-0.056289,North,Homerton University,0.82,Royal Free Hospital,7.55,Whipps Cross,4.83,Homerton University,0.82
E58EF,51.554224,-0.055843,North,Homerton University,0.77,Royal Free Hospital,7.58,Whipps Cross,4.82,Homerton University,0.77
E58EG,51.556718,-0.056069,North,Homerton University,0.95,Royal Free Hospital,7.57,Whipps Cross,4.69,Homerton University,0.95
E58EH,51.557057,-0.056415,North,Homerton University,0.99,Royal Free Hospital,7.55,Whipps Cross,4.69,Homerton University,0.99
E58EJ,51.560016,-0.057529,North,Homerton University,1.29,Royal Free Hospital,7.5,Whipps Cross,4.6,Homerton University,1.29
E58EL,51.553703,-0.055894,North,Homerton University,0.74,Royal Free Hospital,7.57,Whipps Cross,4.86,Homerton University,0.74
E58EN,51.553168,-0.055628,North,Homerton University,0.7,Royal Free Hospital,7.59,Whipps Cross,4.88,Homerton University,0.7
E58EP,51.553168,-0.055628,North,Homerton University,0.7,Royal Free Hospital,7.59,Whipps Cross,4.88,Homerton University,0.7
E58EQ,51.555155,-0.055082,North,Homerton University,0.78,Royal Free Hospital,7.63,Whipps Cross,4.72,Homerton University,0.78
E58ER,51.554734,-0.056283,North,Homerton University,0.82,Royal Free Hospital,7.55,Whipps Cross,4.82,Homerton University,0.82
E58ES,51.563051,-0.059449,North,Homerton University,1.64,Royal Free Hospital,7.41,Whipps Cross,4.58,Homerton University,1.64
E58ET,51.556669,-0.05633,North,Homerton University,0.96,Royal Free Hospital,7.55,Whipps Cross,4.71,Homerton University,0.96
E58EU,51.560016,-0.057529,North,Homerton University,1.29,Royal Free Hospital,7.5,Whipps Cross,4.6,Homerton University,1.29
E58EW,51.552245,-0.054225,North,Homerton University,0.58,Royal Free Hospital,7.69,Whipps Cross,4.86,Homerton University,0.58
E58EX,51.554235,-0.054342,North,Homerton University,0.68,Royal Free Hospital,7.68,Whipps Cross,4.74,Homerton University,0.68
E58EY,51.556898,-0.056061,North,Homerton University,0.96,Royal Free Hospital,7.57,Whipps Cross,4.68,Homerton University,0.96
E58EZ,51.560016,-0.057529,North,Homerton University,1.29,Royal Free Hospital,7.5,Whipps Cross,4.6,Homerton University,1.29
E58FA,51.551387,-0.055055,North,Homerton University,0.62,Royal Free Hospital,7.63,Whipps Cross,4.96,Homerton University,0.62
E58FB,51.555641,-0.06653,North,Homerton University,1.51,Royal Free Hospital,6.84,Whittington Hospital,5.24,Homerton University,1.51
E58FD,51.555799,-0.066307,North,Homerton University,1.5,Royal Free Hospital,6.86,Whittington Hospital,5.25,Homerton University,1.5
E58FE,51.556143,-0.066408,North,Homerton University,1.52,Royal Free Hospital,6.85,Whittington Hospital,5.24,Homerton University,1.52
E58FF,51.556175,-0.066724,North,Homerton University,1.54,Royal Free Hospital,6.83,Whittington Hospital,5.21,Homerton University,1.54
E58FG,51.551515,-0.056838,North,Homerton University,0.74,Royal Free Hospital,7.51,Whipps Cross,5.05,Homerton University,0.74
E58FP,51.560016,-0.057529,North,Homerton University,1.29,Royal Free Hospital,7.5,Whipps Cross,4.6,Homerton University,1.29
E58FR,51.560016,-0.057529,North,Homerton University,1.29,Royal Free Hospital,7.5,Whipps Cross,4.6,Homerton University,1.29
E58FS,51.560016,-0.057529,North,Homerton University,1.29,Royal Free Hospital,7.5,Whipps Cross,4.6,Homerton University,1.29
E58FT,51.560016,-0.057529,North,Homerton University,1.29,Royal Free Hospital,7.5,Whipps Cross,4.6,Homerton University,1.29
E58FX,51.560016,-0.057529,North,Homerton University,1.29,Royal Free Hospital,7.5,Whipps Cross,4.6,Homerton University,1.29
E58FY,51.560016,-0.057529,North,Homerton University,1.29,Royal Free Hospital,7.5,Whipps Cross,4.6,Homerton University,1.29
E58FZ,51.560016,-0.057529,North,Homerton University,1.29,Royal Free Hospital,7.5,Whipps Cross,4.6,Homerton University,1.29
E58GF,51.552995,-0.05441,North,Homerton University,0.62,Royal Free Hospital,7.67,Whipps Cross,4.82,Homerton University,0.62
E58GH,51.562781,-0.059966,North,Homerton University,1.64,Royal Free Hospital,7.37,Whipps Cross,4.63,Homerton University,1.64
E58GX,51.560016,-0.057529,North,Homerton University,1.29,Royal Free Hospital,7.5,Whipps Cross,4.6,Homerton University,1.29
E58GY,51.560016,-0.057529,North,Homerton University,1.29,Royal Free Hospital,7.5,Whipps Cross,4.6,Homerton University,1.29
E58GZ,51.550074,-0.059972,North,Homerton University,0.96,Royal Free Hospital,7.3,Whipps Cross,5.32,Homerton University,0.96
E58HA,51.552635,-0.054396,North,Homerton University,0.6,Royal Free Hospital,7.68,Whipps Cross,4.84,Homerton University,0.6
E58HB,51.550824,-0.055267,North,Homerton University,0.63,Royal Free Hospital,7.62,Whipps Cross,5.01,Homerton University,0.63
E58HD,51.551892,-0.055697,North,Homerton University,0.67,Royal Free Hospital,7.59,Whipps Cross,4.97,Homerton University,0.67
E58HE,51.551412,-0.053309,North,Homerton University,0.5,Royal Free Hospital,7.75,Whipps Cross,4.87,Homerton University,0.5
E58HF,51.549645,-0.060106,North,Homerton University,0.97,Royal Free Hospital,7.29,Whipps Cross,5.36,Homerton University,0.97
E58HG,51.550707,-0.056353,North,Homerton University,0.7,Royal Free Hospital,7.54,Whipps Cross,5.08,Homerton University,0.7
E58HH,51.550264,-0.056214,North,Homerton University,0.69,Royal Free Hospital,7.56,Whipps Cross,5.1,Homerton University,0.69
E58HJ,51.550114,-0.05746,North,Homerton University,0.78,Royal Free Hospital,7.47,Whipps Cross,5.18,Homerton University,0.78
E58HL,51.550837,-0.054963,North,Homerton University,0.61,Royal Free Hospital,7.64,Whipps Cross,5.0,Homerton University,0.61
E58HN,51.551719,-0.055055,North,Homerton University,0.62,Royal Free Hospital,7.63,Whipps Cross,4.94,Homerton University,0.62
E58HP,51.551216,-0.054543,North,Homerton University,0.58,Royal Free Hospital,7.67,Whipps Cross,4.95,Homerton University,0.58
E58HQ,51.550527,-0.058005,North,Homerton University,0.82,Royal Free Hospital,7.43,Whipps Cross,5.18,Homerton University,0.82
E58HR,51.552126,-0.054072,North,Homerton University,0.56,Royal Free Hospital,7.7,Whipps Cross,4.86,Homerton University,0.56
E58HS,51.552168,-0.053363,North,Homerton University,0.52,Royal Free Hospital,7.75,Whipps Cross,4.82,Homerton University,0.52
E58HT,51.551851,-0.053218,North,Homerton University,0.5,Royal Free Hospital,7.76,Whipps Cross,4.83,Homerton University,0.5
E58HU,51.550438,-0.054216,North,Homerton University,0.56,Royal Free Hospital,7.69,Whipps Cross,4.98,Homerton University,0.56
E58HW,51.55087,-0.053188,North,Homerton University,0.48,Royal Free Hospital,7.76,Whipps Cross,4.9,Homerton University,0.48
E58HX,51.550448,-0.054302,North,Homerton University,0.56,Royal Free Hospital,7.69,Whipps Cross,4.99,Homerton University,0.56
E58HY,51.551574,-0.055494,North,Homerton University,0.65,Royal Free Hospital,7.6,Whipps Cross,4.98,Homerton University,0.65
E58HZ,51.551526,-0.053131,North,Homerton University,0.49,Royal Free Hospital,7.76,Whipps Cross,4.85,Homerton University,0.49
E58JA,51.552966,-0.055954,North,Homerton University,0.72,Royal Free Hospital,7.57,Whipps Cross,4.91,Homerton University,0.72
E58JB,51.552861,-0.055555,North,Homerton University,0.69,Royal Free Hospital,7.59,Whipps Cross,4.89,Homerton University,0.69
E58JD,51.552293,-0.057108,North,Homerton University,0.77,Royal Free Hospital,7.49,Whipps Cross,5.02,Homerton University,0.77
E58JE,51.55305,-0.056658,North,Homerton University,0.77,Royal Free Hospital,7.52,Whipps Cross,4.94,Homerton University,0.77
E58JF,51.557772,-0.063237,North,Homerton University,1.41,Royal Free Hospital,7.08,Whipps Cross,5.06,Homerton University,1.41
E58JG,51.551921,-0.058004,North,Homerton University,0.83,Royal Free Hospital,7.43,Whipps Cross,5.09,Homerton University,0.83
E58JH,51.552452,-0.056899,North,Homerton University,0.76,Royal Free Hospital,7.5,Whipps Cross,5.0,Homerton University,0.76
E58JJ,51.552559,-0.056347,North,Homerton University,0.73,Royal Free Hospital,7.54,Whipps Cross,4.96,Homerton University,0.73
E58JL,51.552107,-0.056207,North,Homerton University,0.71,Royal Free Hospital,7.55,Whipps Cross,4.98,Homerton University,0.71
E58JN,51.551701,-0.056095,North,Homerton University,0.69,Royal Free Hospital,7.56,Whipps Cross,5.0,Homerton University,0.69
E58JP,51.552149,-0.057085,North,Homerton University,0.77,Royal Free Hospital,7.49,Whipps Cross,5.03,Homerton University,0.77
E58JQ,51.552466,-0.057779,North,Homerton University,0.82,Royal Free Hospital,7.44,Whipps Cross,5.05,Homerton University,0.82
E58JR,51.55154,-0.057256,North,Homerton University,0.77,Royal Free Hospital,7.48,Whipps Cross,5.08,Homerton University,0.77
E58JS,51.551576,-0.057773,North,Homerton University,0.8,Royal Free Hospital,7.44,Whipps Cross,5.1,Homerton University,0.8
E58JT,51.550958,-0.057929,North,Homerton University,0.81,Royal Free Hospital,7.43,Whipps Cross,5.15,Homerton University,0.81
E58JU,51.55106,-0.056497,North,Homerton University,0.71,Royal Free Hospital,7.53,Whipps Cross,5.07,Homerton University,0.71
E58JW,51.551708,-0.056513,North,Homerton University,0.72,Royal Free Hospital,7.53,Whipps Cross,5.02,Homerton University,0.72
E58JX,51.557487,-0.062845,North,Homerton University,1.37,Royal Free Hospital,7.11,Whipps Cross,5.05,Homerton University,1.37
E58JY,51.551486,-0.062653,North,Homerton University,1.14,Royal Free Hospital,7.11,Whipps Cross,5.38,Homerton University,1.14
E58JZ,51.560016,-0.057529,North,Homerton University,1.29,Royal Free Hospital,7.5,Whipps Cross,4.6,Homerton University,1.29
E58LA,51.556522,-0.060491,North,Homerton University,1.18,Royal Free Hospital,7.26,Whipps Cross,4.96,Homerton University,1.18
E58LB,51.556235,-0.060561,North,Homerton University,1.16,Royal Free Hospital,7.26,Whipps Cross,4.98,Homerton University,1.16
E58LD,51.55239,-0.059152,North,Homerton University,0.91,Royal Free Hospital,7.35,Whipps Cross,5.13,Homerton University,0.91
E58LE,51.55239,-0.059152,North,Homerton University,0.91,Royal Free Hospital,7.35,Whipps Cross,5.13,Homerton University,0.91
E58LF,51.556181,-0.061083,North,Homerton University,1.19,Royal Free Hospital,7.22,Whipps Cross,5.02,Homerton University,1.19
E58LG,51.551843,-0.059248,North,Homerton University,0.91,Royal Free Hospital,7.34,Whipps Cross,5.17,Homerton University,0.91
E58LH,51.551793,-0.060058,North,Homerton University,0.96,Royal Free Hospital,7.29,Whipps Cross,5.22,Homerton University,0.96
E58LJ,51.551566,-0.058841,North,Homerton University,0.88,Royal Free Hospital,7.37,Whipps Cross,5.16,Homerton University,0.88
E58LL,51.551317,-0.059501,North,Homerton University,0.92,Royal Free Hospital,7.32,Whipps Cross,5.22,Homerton University,0.92
E58LN,51.551139,-0.05909,North,Homerton University,0.89,Royal Free Hospital,7.35,Whipps Cross,5.2,Homerton University,0.89
E58LP,51.550745,-0.059208,North,Homerton University,0.9,Royal Free Hospital,7.35,Whipps Cross,5.24,Homerton University,0.9
E58LQ,51.551976,-0.05966,North,Homerton University,0.94,Royal Free Hospital,7.31,Whipps Cross,5.18,Homerton University,0.94
E58LR,51.55049,-0.059522,North,Homerton University,0.92,Royal Free Hospital,7.33,Whipps Cross,5.27,Homerton University,0.92
E58LS,51.550505,-0.059925,North,Homerton University,0.95,Royal Free Hospital,7.3,Whipps Cross,5.29,Homerton University,0.95
E58LT,51.550102,-0.059495,North,Homerton University,0.92,Royal Free Hospital,7.33,Whipps Cross,5.3,Homerton University,0.92
E58LU,51.550749,-0.059958,North,Homerton University,0.95,Royal Free Hospital,7.3,Whipps Cross,5.28,Homerton University,0.95
E58LW,51.55104,-0.059628,North,Homerton University,0.93,Royal Free Hospital,7.32,Whipps Cross,5.24,Homerton University,0.93
E58LX,51.549969,-0.060669,North,Homerton University,1.0,Royal Free Hospital,7.25,Whipps Cross,5.37,Homerton University,1.0
E58LY,51.550966,-0.058419,North,Homerton University,0.85,Royal Free Hospital,7.4,Whipps Cross,5.18,Homerton University,0.85
E58LZ,51.55143,-0.058227,North,Homerton University,0.83,Royal Free Hospital,7.41,Whipps Cross,5.14,Homerton University,0.83
E58NA,51.555978,-0.060774,North,Homerton University,1.16,Royal Free Hospital,7.24,Whipps Cross,5.01,Homerton University,1.16
E58NB,51.559212,-0.059497,North,Homerton University,1.31,Royal Free Hospital,7.35,Whipps Cross,4.76,Homerton University,1.31
E58ND,51.557646,-0.061049,North,Homerton University,1.28,Royal Free Hospital,7.23,Whipps Cross,4.94,Homerton University,1.28
E58NE,51.559318,-0.061007,North,Homerton University,1.39,Royal Free Hospital,7.25,Whipps Cross,4.85,Homerton University,1.39
E58NF,51.559035,-0.060745,North,Homerton University,1.36,Royal Free Hospital,7.26,Whipps Cross,4.85,Homerton University,1.36
E58NG,51.555964,-0.061597,North,Homerton University,1.21,Royal Free Hospital,7.18,Whipps Cross,5.06,Homerton University,1.21
E58NH,51.556178,-0.060895,North,Homerton University,1.18,Royal Free Hospital,7.23,Whipps Cross,5.01,Homerton University,1.18
E58NJ,51.556178,-0.060895,North,Homerton University,1.18,Royal Free Hospital,7.23,Whipps Cross,5.01,Homerton University,1.18
E58NL,51.557071,-0.059992,North,Homerton University,1.18,Royal Free Hospital,7.3,Whipps Cross,4.9,Homerton University,1.18
E58NN,51.554286,-0.05799,North,Homerton University,0.9,Royal Free Hospital,7.43,Whipps Cross,4.94,Homerton University,0.9
E58NP,51.552754,-0.059411,North,Homerton University,0.94,Royal Free Hospital,7.33,Whipps Cross,5.12,Homerton University,0.94
E58NQ,51.555964,-0.061597,North,Homerton University,1.21,Royal Free Hospital,7.18,Whipps Cross,5.06,Homerton University,1.21
E58NR,51.554301,-0.057268,North,Homerton University,0.86,Royal Free Hospital,7.48,Whipps Cross,4.9,Homerton University,0.86
E58NS,51.554303,-0.056835,North,Homerton University,0.83,Royal Free Hospital,7.51,Whipps Cross,4.88,Homerton University,0.83
E58NT,51.555091,-0.057205,North,Homerton University,0.9,Royal Free Hospital,7.48,Whipps Cross,4.85,Homerton University,0.9
E58NU,51.556498,-0.06016,North,Homerton University,1.15,Royal Free Hospital,7.29,Whipps Cross,4.94,Homerton University,1.15
E58NW,51.55398,-0.057945,North,Homerton University,0.89,Royal Free Hospital,7.43,Whipps Cross,4.96,Homerton University,0.89
E58NX,51.556498,-0.06016,North,Homerton University,1.15,Royal Free Hospital,7.29,Whipps Cross,4.94,Homerton University,1.15
E58NY,51.55593,-0.061714,North,Homerton University,1.21,Royal Free Hospital,7.18,Whipps Cross,5.07,Homerton University,1.21
E58NZ,51.55572,-0.060958,North,Homerton University,1.16,Royal Free Hospital,7.23,Whipps Cross,5.04,Homerton University,1.16
E58PA,51.558831,-0.063091,North,Homerton University,1.47,Royal Free Hospital,7.1,Whipps Cross,5.0,Homerton University,1.47
E58PB,51.558834,-0.063812,North,Homerton University,1.51,Royal Free Hospital,7.05,Whipps Cross,5.05,Homerton University,1.51
E58PD,51.557761,-0.063656,North,Homerton University,1.43,Royal Free Hospital,7.05,Whipps Cross,5.09,Homerton University,1.43
E58PE,51.55604,-0.063469,North,Homerton University,1.33,Royal Free Hospital,7.05,Whipps Cross,5.17,Homerton University,1.33
E58PF,51.55604,-0.063469,North,Homerton University,1.33,Royal Free Hospital,7.05,Whipps Cross,5.17,Homerton University,1.33
E58PG,51.556938,-0.062854,North,Homerton University,1.34,Royal Free Hospital,7.1,Whipps Cross,5.08,Homerton University,1.34
E58PH,51.558079,-0.063282,North,Homerton University,1.43,Royal Free Hospital,7.08,Whipps Cross,5.05,Homerton University,1.43
E58PJ,51.557875,-0.06456,North,Homerton University,1.49,Royal Free Hospital,6.99,Whipps Cross,5.14,Homerton University,1.49
E58PL,51.5573,-0.061309,North,Homerton University,1.27,Royal Free Hospital,7.21,Whipps Cross,4.97,Homerton University,1.27
E58PN,51.55629,-0.062766,North,Homerton University,1.3,Royal Free Hospital,7.1,Whipps Cross,5.11,Homerton University,1.3
E58PP,51.556792,-0.065399,North,Homerton University,1.49,Royal Free Hospital,6.93,Whipps Cross,5.25,Homerton University,1.49
E58PQ,51.556954,-0.063805,North,Homerton University,1.4,Royal Free Hospital,7.04,Whipps Cross,5.14,Homerton University,1.4
E58PR,51.555993,-0.062216,North,Homerton University,1.25,Royal Free Hospital,7.14,Whipps Cross,5.1,Homerton University,1.25
E58PS,51.555803,-0.062715,North,Homerton University,1.27,Royal Free Hospital,7.11,Whipps Cross,5.14,Homerton University,1.27
E58PT,51.55998,-0.057531,North,Homerton University,1.29,Royal Free Hospital,7.5,Whipps Cross,4.6,Homerton University,1.29
E58PU,51.555983,-0.062721,North,Homerton University,1.28,Royal Free Hospital,7.11,Whipps Cross,5.13,Homerton University,1.28
E58PW,51.55629,-0.062766,North,Homerton University,1.3,Royal Free Hospital,7.1,Whipps Cross,5.11,Homerton University,1.3
E58PX,51.557846,-0.065008,North,Homerton University,1.52,Royal Free Hospital,6.96,Whipps Cross,5.17,Homerton University,1.52
E58PY,51.556591,-0.061974,North,Homerton University,1.27,Royal Free Hospital,7.16,Whipps Cross,5.05,Homerton University,1.27
E58PZ,51.556591,-0.061974,North,Homerton University,1.27,Royal Free Hospital,7.16,Whipps Cross,5.05,Homerton University,1.27
E58QA,51.560016,-0.057529,North,Homerton University,1.29,Royal Free Hospital,7.5,Whipps Cross,4.6,Homerton University,1.29
E58QB,51.555818,-0.065772,North,Homerton University,1.46,Royal Free Hospital,6.89,Whittington Hospital,5.29,Homerton University,1.46
E58QD,51.556067,-0.059111,North,Homerton University,1.07,Royal Free Hospital,7.36,Whipps Cross,4.91,Homerton University,1.07
E58QE,51.555836,-0.064733,North,Homerton University,1.4,Royal Free Hospital,6.97,Whipps Cross,5.26,Homerton University,1.4
E58QF,51.560016,-0.057529,North,Homerton University,1.29,Royal Free Hospital,7.5,Whipps Cross,4.6,Homerton University,1.29
E58QG,51.555132,-0.065643,North,Homerton University,1.43,Royal Free Hospital,6.9,Whittington Hospital,5.31,Homerton University,1.43
E58QH,51.555583,-0.065176,North,Homerton University,1.42,Royal Free Hospital,6.93,Whipps Cross,5.3,Homerton University,1.42
E58QJ,51.555661,-0.066067,North,Homerton University,1.48,Royal Free Hospital,6.87,Whittington Hospital,5.27,Homerton University,1.48
E58QL,51.557407,-0.065099,North,Homerton University,1.5,Royal Free Hospital,6.95,Whipps Cross,5.2,Homerton University,1.5
E58QN,51.557163,-0.066076,North,Homerton University,1.55,Royal Free Hospital,6.88,Whittington Hospital,5.23,Homerton University,1.55
E58QP,51.555701,-0.061969,North,Homerton University,1.22,Royal Free Hospital,7.16,Whipps Cross,5.1,Homerton University,1.22
E58QQ,51.556892,-0.065496,North,Homerton University,1.5,Royal Free Hospital,6.92,Whipps Cross,5.25,Homerton University,1.5
E58QR,51.557927,-0.060648,North,Homerton University,1.28,Royal Free Hospital,7.26,Whipps Cross,4.9,Homerton University,1.28
E58QS,51.55789,-0.061126,North,Homerton University,1.3,Royal Free Hospital,7.23,Whipps Cross,4.93,Homerton University,1.3
E58QT,51.55789,-0.061126,North,Homerton University,1.3,Royal Free Hospital,7.23,Whipps Cross,4.93,Homerton University,1.3
E58QU,51.55789,-0.061126,North,Homerton University,1.3,Royal Free Hospital,7.23,Whipps Cross,4.93,Homerton University,1.3
E58QW,51.556925,-0.066418,North,Homerton University,1.55,Royal Free Hospital,6.86,Whittington Hospital,5.22,Homerton University,1.55
E58QX,51.557927,-0.060648,North,Homerton University,1.28,Royal Free Hospital,7.26,Whipps Cross,4.9,Homerton University,1.28
E58QY,51.556827,-0.066985,North,Homerton University,1.59,Royal Free Hospital,6.82,Whittington Hospital,5.18,Homerton University,1.59
E58QZ,51.557722,-0.066716,North,Homerton University,1.61,Royal Free Hospital,6.84,Whittington Hospital,5.18,Homerton University,1.61
E58RA,51.56263,-0.060102,North,Homerton University,1.63,Royal Free Hospital,7.35,Whipps Cross,4.64,Homerton University,1.63
E58RB,51.563119,-0.061394,North,Homerton University,1.73,Royal Free Hospital,7.27,Whipps Cross,4.7,Homerton University,1.73
E58RD,51.561736,-0.062607,North,Homerton University,1.66,Royal Free Hospital,7.17,Whipps Cross,4.84,Homerton University,1.66
E58RE,51.563061,-0.063864,North,Homerton University,1.83,Royal Free Hospital,7.1,Whipps Cross,4.87,Homerton University,1.83
E58RF,51.5637,-0.06388,North,Homerton University,1.88,Royal Free Hospital,7.11,Whipps Cross,4.84,Homerton University,1.88
E58RG,51.562104,-0.064712,North,Homerton University,1.79,Royal Free Hospital,7.03,Whipps Cross,4.96,Homerton University,1.79
E58RH,51.561712,-0.064916,North,Homerton University,1.77,Royal Free Hospital,7.01,Whipps Cross,4.99,Homerton University,1.77
E58RJ,51.561974,-0.062828,North,Homerton University,1.69,Royal Free Hospital,7.16,Whipps Cross,4.84,Homerton University,1.69
E58RL,51.562669,-0.062437,North,Homerton University,1.73,Royal Free Hospital,7.2,Whipps Cross,4.79,Homerton University,1.73
E58RN,51.562658,-0.065035,North,Homerton University,1.85,Royal Free Hospital,7.02,Whipps Cross,4.96,Homerton University,1.85
E58RP,51.564018,-0.064645,North,Homerton University,1.95,Royal Free Hospital,7.07,Whipps Cross,4.88,Homerton University,1.95
E58RQ,51.562127,-0.063413,North,Homerton University,1.73,Royal Free Hospital,7.12,Whipps Cross,4.87,Homerton University,1.73
E58RR,51.563806,-0.064323,North,Homerton University,1.91,Royal Free Hospital,7.09,Whipps Cross,4.87,Homerton University,1.91
E58RS,51.565068,-0.062841,North,Homerton University,1.96,Royal Free Hospital,7.21,Whipps Cross,4.72,Homerton University,1.96
E58RT,51.564494,-0.062432,North,Homerton University,1.89,Royal Free Hospital,7.23,Whipps Cross,4.72,Homerton University,1.89
E58RU,51.564675,-0.061919,North,Homerton University,1.89,Royal Free Hospital,7.27,Whipps Cross,4.68,Homerton University,1.89
E58RW,51.563727,-0.063316,North,Homerton University,1.86,Royal Free Hospital,7.15,Whipps Cross,4.8,Homerton University,1.86
E58RX,51.56455,-0.061434,North,Homerton University,1.86,Royal Free Hospital,7.3,Whipps Cross,4.65,Homerton University,1.86
E58RY,51.56387,-0.061679,North,Homerton University,1.8,Royal Free Hospital,7.27,Whipps Cross,4.69,Homerton University,1.8
E58RZ,51.563943,-0.062282,North,Homerton University,1.84,Royal Free Hospital,7.23,Whipps Cross,4.73,Homerton University,1.84
E58SA,51.564003,-0.062641,North,Homerton University,1.86,Royal Free Hospital,7.2,Whipps Cross,4.75,Homerton University,1.86
E58SB,51.56345,-0.062895,North,Homerton University,1.82,Royal Free Hospital,7.18,Whipps Cross,4.79,Homerton University,1.82
E58SD,51.564153,-0.062995,North,Homerton University,1.88,Royal Free Hospital,7.18,Whipps Cross,4.77,Homerton University,1.88
E58SE,51.560016,-0.057529,North,Homerton University,1.29,Royal Free Hospital,7.5,Whipps Cross,4.6,Homerton University,1.29
E58SF,51.563377,-0.062292,North,Homerton University,1.79,Royal Free Hospital,7.22,Whipps Cross,4.75,Homerton University,1.79
E58SG,51.561599,-0.061372,North,Homerton University,1.59,Royal Free Hospital,7.25,Whipps Cross,4.77,Homerton University,1.59
E58SH,51.56275,-0.060284,North,Homerton University,1.65,Royal Free Hospital,7.34,Whipps Cross,4.65,Homerton University,1.65
E58SJ,51.562764,-0.060601,North,Homerton University,1.66,Royal Free Hospital,7.32,Whipps Cross,4.67,Homerton University,1.66
E58SL,51.562827,-0.061147,North,Homerton University,1.69,Royal Free Hospital,7.29,Whipps Cross,4.7,Homerton University,1.69
E58SN,51.563183,-0.060915,North,Homerton University,1.71,Royal Free Hospital,7.31,Whipps Cross,4.67,Homerton University,1.71
E58SP,51.563731,-0.061382,North,Homerton University,1.78,Royal Free Hospital,7.29,Whipps Cross,4.68,Homerton University,1.78
E58SQ,51.561541,-0.062182,North,Homerton University,1.63,Royal Free Hospital,7.2,Whipps Cross,4.82,Homerton University,1.63
E58SR,51.564347,-0.060592,North,Homerton University,1.81,Royal Free Hospital,7.35,Whipps Cross,4.6,Homerton University,1.81
E58SS,51.564445,-0.061078,North,Homerton University,1.83,Royal Free Hospital,7.32,Whipps Cross,4.63,Homerton University,1.83
E58ST,51.565276,-0.061331,North,Homerton University,1.92,Royal Free Hospital,7.32,Whipps Cross,4.62,Homerton University,1.92
E58SU,51.564592,-0.060192,North,Homerton University,1.81,Royal Free Hospital,7.38,Whipps Cross,4.57,Homerton University,1.81
E58SW,51.563405,-0.061252,North,Homerton University,1.75,Royal Free Hospital,7.29,Whipps Cross,4.68,Homerton University,1.75
E58SX,51.563731,-0.060329,North,Homerton University,1.74,Royal Free Hospital,7.36,Whipps Cross,4.61,Homerton University,1.74
E58SY,51.563657,-0.060751,North,Homerton University,1.75,Royal Free Hospital,7.33,Whipps Cross,4.64,Homerton University,1.75
E58SZ,51.562993,-0.060288,North,Homerton University,1.67,Royal Free Hospital,7.35,Whipps Cross,4.64,Homerton University,1.67
E58TA,51.563026,-0.059551,North,Homerton University,1.64,Royal Free Hospital,7.4,Whipps Cross,4.59,Homerton University,1.64
E58TB,51.563869,-0.059991,North,Homerton University,1.74,Royal Free Hospital,7.38,Whipps Cross,4.58,Homerton University,1.74
E58TD,51.562839,-0.060237,North,Homerton University,1.65,Royal Free Hospital,7.35,Whipps Cross,4.64,Homerton University,1.65
E58TE,51.556704,-0.059531,North,Homerton University,1.13,Royal Free Hospital,7.33,Whipps Cross,4.89,Homerton University,1.13
E58TF,51.557299,-0.059636,North,Homerton University,1.18,Royal Free Hospital,7.33,Whipps Cross,4.87,Homerton University,1.18
E58TG,51.55998,-0.057531,North,Homerton University,1.29,Royal Free Hospital,7.5,Whipps Cross,4.6,Homerton University,1.29
E58TH,51.55409,-0.057032,North,Homerton University,0.83,Royal Free Hospital,7.49,Whipps Cross,4.9,Homerton University,0.83
E58TJ,51.55409,-0.057032,North,Homerton University,0.83,Royal Free Hospital,7.49,Whipps Cross,4.9,Homerton University,0.83
E58TL,51.560016,-0.057529,North,Homerton University,1.29,Royal Free Hospital,7.5,Whipps Cross,4.6,Homerton University,1.29
E58TN,51.55569,-0.055362,North,Homerton University,0.83,Royal Free Hospital,7.61,Whipps Cross,4.71,Homerton University,0.83
E58TP,51.55409,-0.057032,North,Homerton University,0.83,Royal Free Hospital,7.49,Whipps Cross,4.9,Homerton University,0.83
E58TQ,51.560016,-0.057529,North,Homerton University,1.29,Royal Free Hospital,7.5,Whipps Cross,4.6,Homerton University,1.29
E58TR,51.553597,-0.053879,North,Homerton University,0.62,Royal Free Hospital,7.71,Whipps Cross,4.75,Homerton University,0.62
E58TS,51.563218,-0.061938,North,Homerton University,1.76,Royal Free Hospital,7.24,Whipps Cross,4.73,Homerton University,1.76
E58TT,51.553574,-0.055164,North,Homerton University,0.69,Royal Free Hospital,7.62,Whipps Cross,4.83,Homerton University,0.69
E58TU,51.553198,-0.054762,North,Homerton University,0.65,Royal Free Hospital,7.65,Whipps Cross,4.83,Homerton University,0.65
E58TW,51.554739,-0.055489,North,Homerton University,0.78,Royal Free Hospital,7.6,Whipps Cross,4.77,Homerton University,0.78
E58TX,51.557615,-0.059724,North,Homerton University,1.2,Royal Free Hospital,7.32,Whipps Cross,4.86,Homerton University,1.2
E58TY,51.553168,-0.055628,North,Homerton University,0.7,Royal Free Hospital,7.59,Whipps Cross,4.88,Homerton University,0.7
E58TZ,51.560016,-0.057529,North,Homerton University,1.29,Royal Free Hospital,7.5,Whipps Cross,4.6,Homerton University,1.29
E58UA,51.560016,-0.057529,North,Homerton University,1.29,Royal Free Hospital,7.5,Whipps Cross,4.6,Homerton University,1.29
E58UB,51.560016,-0.057529,North,Homerton University,1.29,Royal Free Hospital,7.5,Whipps Cross,4.6,Homerton University,1.29
E58UD,51.561375,-0.062492,North,Homerton University,1.63,Royal Free Hospital,7.17,Whipps Cross,4.85,Homerton University,1.63
E58UE,51.561375,-0.062492,North,Homerton University,1.63,Royal Free Hospital,7.17,Whipps Cross,4.85,Homerton University,1.63
E58UF,51.561375,-0.062492,North,Homerton University,1.63,Royal Free Hospital,7.17,Whipps Cross,4.85,Homerton University,1.63
E58UG,51.560016,-0.057529,North,Homerton University,1.29,Royal Free Hospital,7.5,Whipps Cross,4.6,Homerton University,1.29
E58UH,51.560016,-0.057529,North,Homerton University,1.29,Royal Free Hospital,7.5,Whipps Cross,4.6,Homerton University,1.29
E58UJ,51.560016,-0.057529,North,Homerton University,1.29,Royal Free Hospital,7.5,Whipps Cross,4.6,Homerton University,1.29
E58UL,51.55998,-0.057531,North,Homerton University,1.29,Royal Free Hospital,7.5,Whipps Cross,4.6,Homerton University,1.29
E58UN,51.55998,-0.057531,North,Homerton University,1.29,Royal Free Hospital,7.5,Whipps Cross,4.6,Homerton University,1.29
E58UP,51.55998,-0.057531,North,Homerton University,1.29,Royal Free Hospital,7.5,Whipps Cross,4.6,Homerton University,1.29
E58UQ,51.560016,-0.057529,North,Homerton University,1.29,Royal Free Hospital,7.5,Whipps Cross,4.6,Homerton University,1.29
E58UR,51.556938,-0.05955,North,Homerton University,1.15,Royal Free Hospital,7.33,Whipps Cross,4.88,Homerton University,1.15
E58US,51.560016,-0.057529,North,Homerton University,1.29,Royal Free Hospital,7.5,Whipps Cross,4.6,Homerton University,1.29
E58UT,51.561375,-0.062492,North,Homerton University,1.63,Royal Free Hospital,7.17,Whipps Cross,4.85,Homerton University,1.63
E58UU,51.560016,-0.057529,North,Homerton University,1.29,Royal Free Hospital,7.5,Whipps Cross,4.6,Homerton University,1.29
E58UW,51.560016,-0.057529,North,Homerton University,1.29,Royal Free Hospital,7.5,Whipps Cross,4.6,Homerton University,1.29
E58UX,51.560016,-0.057529,North,Homerton University,1.29,Royal Free Hospital,7.5,Whipps Cross,4.6,Homerton University,1.29
E58UY,51.560016,-0.057529,North,Homerton University,1.29,Royal Free Hospital,7.5,Whipps Cross,4.6,Homerton University,1.29
E58UZ,51.560016,-0.057529,North,Homerton University,1.29,Royal Free Hospital,7.5,Whipps Cross,4.6,Homerton University,1.29
E58WA,51.560016,-0.057529,North,Homerton University,1.29,Royal Free Hospital,7.5,Whipps Cross,4.6,Homerton University,1.29
E58WB,51.560016,-0.057529,North,Homerton University,1.29,Royal Free Hospital,7.5,Whipps Cross,4.6,Homerton University,1.29
E58WD,51.560016,-0.057529,North,Homerton University,1.29,Royal Free Hospital,7.5,Whipps Cross,4.6,Homerton University,1.29
E58WE,51.560016,-0.057529,North,Homerton University,1.29,Royal Free Hospital,7.5,Whipps Cross,4.6,Homerton University,1.29
E58WF,51.560016,-0.057529,North,Homerton University,1.29,Royal Free Hospital,7.5,Whipps Cross,4.6,Homerton University,1.29
E58WG,51.560016,-0.057529,North,Homerton University,1.29,Royal Free Hospital,7.5,Whipps Cross,4.6,Homerton University,1.29
E58WH,51.560016,-0.057529,North,Homerton University,1.29,Royal Free Hospital,7.5,Whipps Cross,4.6,Homerton University,1.29
E58WJ,51.560016,-0.057529,North,Homerton University,1.29,Royal Free Hospital,7.5,Whipps Cross,4.6,Homerton University,1.29
E58WL,51.560016,-0.057529,North,Homerton University,1.29,Royal Free Hospital,7.5,Whipps Cross,4.6,Homerton University,1.29
E58WN,51.560016,-0.057529,North,Homerton University,1.29,Royal Free Hospital,7.5,Whipps Cross,4.6,Homerton University,1.29
E58WP,51.55998,-0.057531,North,Homerton University,1.29,Royal Free Hospital,7.5,Whipps Cross,4.6,Homerton University,1.29
E58WQ,51.55998,-0.057531,North,Homerton University,1.29,Royal Free Hospital,7.5,Whipps Cross,4.6,Homerton University,1.29
E58WR,51.55998,-0.057531,North,Homerton University,1.29,Royal Free Hospital,7.5,Whipps Cross,4.6,Homerton University,1.29
E58WS,51.560016,-0.057529,North,Homerton University,1.29,Royal Free Hospital,7.5,Whipps Cross,4.6,Homerton University,1.29
E58WT,51.55998,-0.057531,North,Homerton University,1.29,Royal Free Hospital,7.5,Whipps Cross,4.6,Homerton University,1.29
E58WU,51.560016,-0.057529,North,Homerton University,1.29,Royal Free Hospital,7.5,Whipps Cross,4.6,Homerton University,1.29
E58WW,51.560016,-0.057529,North,Homerton University,1.29,Royal Free Hospital,7.5,Whipps Cross,4.6,Homerton University,1.29
E58WX,51.55998,-0.057531,North,Homerton University,1.29,Royal Free Hospital,7.5,Whipps Cross,4.6,Homerton University,1.29
E58WY,51.55998,-0.057531,North,Homerton University,1.29,Royal Free Hospital,7.5,Whipps Cross,4.6,Homerton University,1.29
E58WZ,51.560016,-0.057529,North,Homerton University,1.29,Royal Free Hospital,7.5,Whipps Cross,4.6,Homerton University,1.29
E58XA,51.560016,-0.057529,North,Homerton University,1.29,Royal Free Hospital,7.5,Whipps Cross,4.6,Homerton University,1.29
E58XB,51.55998,-0.057531,North,Homerton University,1.29,Royal Free Hospital,7.5,Whipps Cross,4.6,Homerton University,1.29
E58XD,51.560016,-0.057529,North,Homerton University,1.29,Royal Free Hospital,7.5,Whipps Cross,4.6,Homerton University,1.29
E58XE,51.560016,-0.057529,North,Homerton University,1.29,Royal Free Hospital,7.5,Whipps Cross,4.6,Homerton University,1.29
E58XF,51.560016,-0.057529,North,Homerton University,1.29,Royal Free Hospital,7.5,Whipps Cross,4.6,Homerton University,1.29
E58XG,51.560016,-0.057529,North,Homerton University,1.29,Royal Free Hospital,7.5,Whipps Cross,4.6,Homerton University,1.29
E58XJ,51.561375,-0.062492,North,Homerton University,1.63,Royal Free Hospital,7.17,Whipps Cross,4.85,Homerton University,1.63
E58XL,51.560016,-0.057529,North,Homerton University,1.29,Royal Free Hospital,7.5,Whipps Cross,4.6,Homerton University,1.29
E58XN,51.560016,-0.057529,North,Homerton University,1.29,Royal Free Hospital,7.5,Whipps Cross,4.6,Homerton University,1.29
E58XP,51.560016,-0.057529,North,Homerton University,1.29,Royal Free Hospital,7.5,Whipps Cross,4.6,Homerton University,1.29
E58XQ,51.560016,-0.057529,North,Homerton University,1.29,Royal Free Hospital,7.5,Whipps Cross,4.6,Homerton University,1.29
E58XR,51.556938,-0.05955,North,Homerton University,1.15,Royal Free Hospital,7.33,Whipps Cross,4.88,Homerton University,1.15
E58XS,51.560016,-0.057529,North,Homerton University,1.29,Royal Free Hospital,7.5,Whipps Cross,4.6,Homerton University,1.29
E58XT,51.560016,-0.057529,North,Homerton University,1.29,Royal Free Hospital,7.5,Whipps Cross,4.6,Homerton University,1.29
E58XU,51.560016,-0.057529,North,Homerton University,1.29,Royal Free Hospital,7.5,Whipps Cross,4.6,Homerton University,1.29
E58XW,51.560016,-0.057529,North,Homerton University,1.29,Royal Free Hospital,7.5,Whipps Cross,4.6,Homerton University,1.29
E58XY,51.560016,-0.057529,North,Homerton University,1.29,Royal Free Hospital,7.5,Whipps Cross,4.6,Homerton University,1.29
E58XZ,51.560016,-0.057529,North,Homerton University,1.29,Royal Free Hospital,7.5,Whipps Cross,4.6,Homerton University,1.29
E58YA,51.560016,-0.057529,North,Homerton University,1.29,Royal Free Hospital,7.5,Whipps Cross,4.6,Homerton University,1.29
E58YB,51.560016,-0.057529,North,Homerton University,1.29,Royal Free Hospital,7.5,Whipps Cross,4.6,Homerton University,1.29
E58YD,51.556938,-0.05955,North,Homerton University,1.15,Royal Free Hospital,7.33,Whipps Cross,4.88,Homerton University,1.15
E58YE,51.560016,-0.057529,North,Homerton University,1.29,Royal Free Hospital,7.5,Whipps Cross,4.6,Homerton University,1.29
E58YF,51.560016,-0.057529,North,Homerton University,1.29,Royal Free Hospital,7.5,Whipps Cross,4.6,Homerton University,1.29
E58YG,51.560016,-0.057529,North,Homerton University,1.29,Royal Free Hospital,7.5,Whipps Cross,4.6,Homerton University,1.29
E58YH,51.560016,-0.057529,North,Homerton University,1.29,Royal Free Hospital,7.5,Whipps Cross,4.6,Homerton University,1.29
E58YJ,51.556938,-0.05955,North,Homerton University,1.15,Royal Free Hospital,7.33,Whipps Cross,4.88,Homerton University,1.15
E58YL,51.560016,-0.057529,North,Homerton University,1.29,Royal Free Hospital,7.5,Whipps Cross,4.6,Homerton University,1.29
E58YN,51.561375,-0.062492,North,Homerton University,1.63,Royal Free Hospital,7.17,Whipps Cross,4.85,Homerton University,1.63
E58YP,51.560016,-0.057529,North,Homerton University,1.29,Royal Free Hospital,7.5,Whipps Cross,4.6,Homerton University,1.29
E58YQ,51.55998,-0.057531,North,Homerton University,1.29,Royal Free Hospital,7.5,Whipps Cross,4.6,Homerton University,1.29
E58YR,51.560016,-0.057529,North,Homerton University,1.29,Royal Free Hospital,7.5,Whipps Cross,4.6,Homerton University,1.29
E58YS,51.560016,-0.057529,North,Homerton University,1.29,Royal Free Hospital,7.5,Whipps Cross,4.6,Homerton University,1.29
E58YT,51.560016,-0.057529,North,Homerton University,1.29,Royal Free Hospital,7.5,Whipps Cross,4.6,Homerton University,1.29
E58YU,51.560016,-0.057529,North,Homerton University,1.29,Royal Free Hospital,7.5,Whipps Cross,4.6,Homerton University,1.29
E58YW,51.55998,-0.057531,North,Homerton University,1.29,Royal Free Hospital,7.5,Whipps Cross,4.6,Homerton University,1.29
E58YX,51.560016,-0.057529,North,Homerton University,1.29,Royal Free Hospital,7.5,Whipps Cross,4.6,Homerton University,1.29
E58YY,51.556938,-0.05955,North,Homerton University,1.15,Royal Free Hospital,7.33,Whipps Cross,4.88,Homerton University,1.15
E58YZ,51.560016,-0.057529,North,Homerton University,1.29,Royal Free Hospital,7.5,Whipps Cross,4.6,Homerton University,1.29
E58ZA,51.560016,-0.057529,North,Homerton University,1.29,Royal Free Hospital,7.5,Whipps Cross,4.6,Homerton University,1.29
E58ZB,51.560016,-0.057529,North,Homerton University,1.29,Royal Free Hospital,7.5,Whipps Cross,4.6,Homerton University,1.29
E58ZD,51.560016,-0.057529,North,Homerton University,1.29,Royal Free Hospital,7.5,Whipps Cross,4.6,Homerton University,1.29
E58ZE,51.560016,-0.057529,North,Homerton University,1.29,Royal Free Hospital,7.5,Whipps Cross,4.6,Homerton University,1.29
E58ZF,51.560016,-0.057529,North,Homerton University,1.29,Royal Free Hospital,7.5,Whipps Cross,4.6,Homerton University,1.29
E58ZG,51.560016,-0.057529,North,Homerton University,1.29,Royal Free Hospital,7.5,Whipps Cross,4.6,Homerton University,1.29
E58ZJ,51.560016,-0.057529,North,Homerton University,1.29,Royal Free Hospital,7.5,Whipps Cross,4.6,Homerton University,1.29
E58ZS,51.560016,-0.057529,North,Homerton University,1.29,Royal Free Hospital,7.5,Whipps Cross,4.6,Homerton University,1.29
E58ZU,51.560016,-0.057529,North,Homerton University,1.29,Royal Free Hospital,7.5,Whipps Cross,4.6,Homerton University,1.29
E58ZZ,51.55998,-0.057531,North,Homerton University,1.29,Royal Free Hospital,7.5,Whipps Cross,4.6,Homerton University,1.29
E59AA,51.569048,-0.062614,North,Homerton University,2.32,Royal Free Hospital,7.32,Whipps Cross,4.59,Homerton University,2.32
E59AB,51.572224,-0.069276,North,Homerton University,2.87,Royal Free Hospital,6.97,North Middlesex,4.57,Homerton University,2.87
E59AD,51.571663,-0.069054,North,Homerton University,2.81,Royal Free Hospital,6.97,North Middlesex,4.64,Homerton University,2.81
E59AE,51.572788,-0.071301,North,Homerton University,3.0,Royal Free Hospital,6.86,North Middlesex,4.51,Homerton University,3.0
E59AF,51.572629,-0.072001,North,Homerton University,3.01,Royal Free Hospital,6.81,North Middlesex,4.52,Homerton University,3.01
E59AG,51.573155,-0.07068,North,Homerton University,3.01,Royal Free Hospital,6.91,North Middlesex,4.47,Homerton University,3.01
E59AH,51.573218,-0.071197,North,Homerton University,3.03,Royal Free Hospital,6.88,North Middlesex,4.46,Homerton University,3.03
E59AJ,51.572845,-0.068745,North,Homerton University,2.9,Royal Free Hospital,7.03,North Middlesex,4.51,Homerton University,2.9
E59AL,51.57158,-0.064022,North,Homerton University,2.62,Royal Free Hospital,7.3,Whipps Cross,4.63,Homerton University,2.62
E59AN,51.572973,-0.068364,North,Homerton University,2.9,Royal Free Hospital,7.06,North Middlesex,4.5,Homerton University,2.9
E59AP,51.573047,-0.067928,North,Homerton University,2.89,Royal Free Hospital,7.09,North Middlesex,4.49,Homerton University,2.89
E59AQ,51.573431,-0.071577,North,Homerton University,3.07,Royal Free Hospital,6.86,North Middlesex,4.43,Homerton University,3.07
E59AR,51.572867,-0.069523,North,Homerton University,2.94,Royal Free Hospital,6.98,North Middlesex,4.5,Homerton University,2.94
E59AS,51.573167,-0.067548,North,Homerton University,2.89,Royal Free Hospital,7.12,North Middlesex,4.48,Homerton University,2.89
E59AT,51.567885,-0.060802,North,Homerton University,2.15,Royal Free Hospital,7.41,Whipps Cross,4.5,Homerton University,2.15
E59AU,51.569585,-0.061927,North,Homerton University,2.35,Royal Free Hospital,7.38,Whipps Cross,4.53,Homerton University,2.35
E59AW,51.571729,-0.064347,North,Homerton University,2.64,Royal Free Hospital,7.28,Whipps Cross,4.65,Homerton University,2.64
E59AX,51.569903,-0.061062,North,Homerton University,2.36,Royal Free Hospital,7.45,Whipps Cross,4.46,Homerton University,2.36
E59AY,51.560016,-0.057529,North,Homerton University,1.29,Royal Free Hospital,7.5,Whipps Cross,4.6,Homerton University,1.29
E59AZ,51.571753,-0.069094,North,Homerton University,2.82,Royal Free Hospital,6.97,North Middlesex,4.63,Homerton University,2.82
E59BA,51.570791,-0.063103,North,Homerton University,2.51,Royal Free Hospital,7.34,Whipps Cross,4.58,Homerton University,2.51
E59BB,51.570618,-0.062388,North,Homerton University,2.47,Royal Free Hospital,7.38,Whipps Cross,4.54,Homerton University,2.47
E59BD,51.570462,-0.061674,North,Homerton University,2.43,Royal Free Hospital,7.42,Whipps Cross,4.49,Homerton University,2.43
E59BE,51.571504,-0.062668,North,Homerton University,2.57,Royal Free Hospital,7.39,Whipps Cross,4.54,Homerton University,2.57
E59BF,51.571728,-0.063207,North,Homerton University,2.61,Royal Free Hospital,7.36,Whipps Cross,4.57,Homerton University,2.61
E59BG,51.571981,-0.063817,North,Homerton University,2.65,Royal Free Hospital,7.33,Whipps Cross,4.61,Homerton University,2.65
E59BH,51.572554,-0.063086,North,Homerton University,2.69,Royal Free Hospital,7.39,Whipps Cross,4.55,Homerton University,2.69
E59BJ,51.572681,-0.062618,North,Homerton University,2.68,Royal Free Hospital,7.43,Whipps Cross,4.51,Homerton University,2.68
E59BL,51.573235,-0.05916,North,Homerton University,2.65,Royal Free Hospital,7.67,Whipps Cross,4.27,Homerton University,2.65
E59BN,51.572982,-0.062346,North,Homerton University,2.71,Royal Free Hospital,7.46,Whipps Cross,4.49,Homerton University,2.71
E59BP,51.565582,-0.056441,North,Homerton University,1.79,Royal Free Hospital,7.66,Whipps Cross,4.29,Homerton University,1.79
E59BQ,51.565297,-0.051201,North,Homerton University,1.65,Royal Free Hospital,8.01,Whipps Cross,3.96,Homerton University,1.65
E59BS,51.562372,-0.058641,North,Homerton University,1.55,Royal Free Hospital,7.45,Whipps Cross,4.56,Homerton University,1.55
E59BT,51.562457,-0.059431,North,Homerton University,1.59,Royal Free Hospital,7.4,Whipps Cross,4.61,Homerton University,1.59
E59BU,51.563621,-0.059122,North,Homerton University,1.68,Royal Free Hospital,7.44,Whipps Cross,4.54,Homerton University,1.68
E59BW,51.570283,-0.065015,North,Homerton University,2.53,Royal Free Hospital,7.19,Whipps Cross,4.72,Homerton University,2.53
E59BX,51.56365,-0.059207,North,Homerton University,1.69,Royal Free Hospital,7.43,Whipps Cross,4.54,Homerton University,1.69
E59BY,51.565261,-0.060928,North,Homerton University,1.9,Royal Free Hospital,7.35,Whipps Cross,4.59,Homerton University,1.9
E59BZ,51.565261,-0.060928,North,Homerton University,1.9,Royal Free Hospital,7.35,Whipps Cross,4.59,Homerton University,1.9
E59DA,51.565687,-0.060621,North,Homerton University,1.93,Royal Free Hospital,7.38,Whipps Cross,4.56,Homerton University,1.93
E59DB,51.567162,-0.061164,North,Homerton University,2.09,Royal Free Hospital,7.37,Whipps Cross,4.54,Homerton University,2.09
E59DD,51.563603,-0.058026,North,Homerton University,1.64,Royal Free Hospital,7.51,Whipps Cross,4.47,Homerton University,1.64
E59DE,51.56582,-0.059418,North,Homerton University,1.9,Royal Free Hospital,7.46,Whipps Cross,4.47,Homerton University,1.9
E59DF,51.567931,-0.057063,North,Homerton University,2.05,Royal Free Hospital,7.67,Whipps Cross,4.25,Homerton University,2.05
E59DG,51.568748,-0.061342,North,Homerton University,2.25,Royal Free Hospital,7.4,Whipps Cross,4.51,Homerton University,2.25
E59DH,51.567018,-0.060031,North,Homerton University,2.04,Royal Free Hospital,7.44,Whipps Cross,4.47,Homerton University,2.04
E59DJ,51.565844,-0.06086,North,Homerton University,1.96,Royal Free Hospital,7.36,Whipps Cross,4.57,Homerton University,1.96
E59DL,51.562838,-0.050368,North,Homerton University,1.37,Royal Free Hospital,8.02,Whipps Cross,4.02,Homerton University,1.37
E59DN,51.564018,-0.05645,North,Homerton University,1.63,Royal Free Hospital,7.63,Whipps Cross,4.35,Homerton University,1.63
E59DP,51.563616,-0.057694,North,Homerton University,1.63,Royal Free Hospital,7.54,Whipps Cross,4.45,Homerton University,1.63
E59DQ,51.568869,-0.060486,North,Homerton University,2.24,Royal Free Hospital,7.46,Whipps Cross,4.45,Homerton University,2.24
E59DR,51.563123,-0.057296,North,Homerton University,1.57,Royal Free Hospital,7.55,Whipps Cross,4.44,Homerton University,1.57
E59DS,51.566581,-0.060814,North,Homerton University,2.02,Royal Free Hospital,7.38,Whipps Cross,4.54,Homerton University,2.02
E59DT,51.562894,-0.049962,North,Homerton University,1.37,Royal Free Hospital,8.05,Whipps Cross,3.99,Homerton University,1.37
E59DU,51.567393,-0.058283,North,Homerton University,2.03,Royal Free Hospital,7.57,Whipps Cross,4.35,Homerton University,2.03
E59DW,51.56377,-0.056143,North,Homerton University,1.6,Royal Free Hospital,7.64,Whipps Cross,4.34,Homerton University,1.6
E59DX,51.568251,-0.057944,North,Homerton University,2.1,Royal Free Hospital,7.61,Whipps Cross,4.3,Homerton University,2.1
E59DY,51.568129,-0.057083,North,Homerton University,2.07,Royal Free Hospital,7.67,Whipps Cross,4.24,Homerton University,2.07
E59DZ,51.567832,-0.058163,North,Homerton University,2.07,Royal Free Hospital,7.59,Whipps Cross,4.32,Homerton University,2.07
E59EA,51.567975,-0.059745,North,Homerton University,2.13,Royal Free Hospital,7.49,Whipps Cross,4.42,Homerton University,2.13
E59EB,51.568189,-0.059101,North,Homerton University,2.13,Royal Free Hospital,7.53,Whipps Cross,4.38,Homerton University,2.13
E59ED,51.567618,-0.059341,North,Homerton University,2.08,Royal Free Hospital,7.5,Whipps Cross,4.41,Homerton University,2.08
E59EE,51.56822,-0.056632,North,Homerton University,2.07,Royal Free Hospital,7.7,Whipps Cross,4.21,Homerton University,2.07
E59EF,51.568651,-0.057119,North,Homerton University,2.12,Royal Free Hospital,7.68,Whipps Cross,4.23,Homerton University,2.12
E59EG,51.568858,-0.055479,North,Homerton University,2.11,Royal Free Hospital,7.8,Whipps Cross,4.11,Homerton University,2.11
E59EH,51.56826,-0.060685,North,Homerton University,2.18,Royal Free Hospital,7.43,Whipps Cross,4.48,Homerton University,2.18
E59EJ,51.568007,-0.05843,North,Homerton University,2.09,Royal Free Hospital,7.58,Whipps Cross,4.34,Homerton University,2.09
E59EL,51.566671,-0.056496,North,Homerton University,1.9,Royal Free Hospital,7.68,Whipps Cross,4.25,Homerton University,1.9
E59EN,51.56522,-0.054682,North,Homerton University,1.71,Royal Free Hospital,7.77,Whipps Cross,4.19,Homerton University,1.71
E59EP,51.565581,-0.053628,North,Homerton University,1.72,Royal Free Hospital,7.85,Whipps Cross,4.1,Homerton University,1.72
E59EQ,51.568924,-0.056761,North,Homerton University,2.14,Royal Free Hospital,7.71,Whipps Cross,4.2,Homerton University,2.14
E59ER,51.567662,-0.056078,North,Homerton University,2.0,Royal Free Hospital,7.73,Whipps Cross,4.19,Homerton University,2.0
E59ES,51.567666,-0.05465,North,Homerton University,1.96,Royal Free Hospital,7.82,Whipps Cross,4.1,Homerton University,1.96
E59ET,51.562908,-0.049745,North,Homerton University,1.37,Royal Free Hospital,8.07,Whipps Cross,3.97,Homerton University,1.37
E59EU,51.567804,-0.059752,North,Homerton University,2.11,Royal Free Hospital,7.48,Whipps Cross,4.43,Homerton University,2.11
E59EW,51.564668,-0.05446,North,Homerton University,1.64,Royal Free Hospital,7.77,Whipps Cross,4.19,Homerton University,1.64
E59EX,51.568187,-0.054656,North,Homerton University,2.02,Royal Free Hospital,7.83,Whipps Cross,4.08,Homerton University,2.02
E59EY,51.567644,-0.053338,North,Homerton University,1.94,Royal Free Hospital,7.91,Whipps Cross,4.01,Homerton University,1.94
E59EZ,51.564012,-0.054474,North,Homerton University,1.58,Royal Free Hospital,7.76,Whipps Cross,4.22,Homerton University,1.58
E59FA,51.571884,-0.06447,North,Homerton University,2.66,Royal Free Hospital,7.28,North Middlesex,4.64,Homerton University,2.66
E59FB,51.565582,-0.056441,North,Homerton University,1.79,Royal Free Hospital,7.66,Whipps Cross,4.29,Homerton University,1.79
E59FD,51.565582,-0.056441,North,Homerton University,1.79,Royal Free Hospital,7.66,Whipps Cross,4.29,Homerton University,1.79
E59FE,51.565582,-0.056441,North,Homerton University,1.79,Royal Free Hospital,7.66,Whipps Cross,4.29,Homerton University,1.79
E59FF,51.565841,-0.054713,North,Homerton University,1.77,Royal Free Hospital,7.78,Whipps Cross,4.16,Homerton University,1.77
E59FG,51.565582,-0.056441,North,Homerton University,1.79,Royal Free Hospital,7.66,Whipps Cross,4.29,Homerton University,1.79
E59FH,51.565582,-0.056441,North,Homerton University,1.79,Royal Free Hospital,7.66,Whipps Cross,4.29,Homerton University,1.79
E59FJ,51.55998,-0.057531,North,Homerton University,1.29,Royal Free Hospital,7.5,Whipps Cross,4.6,Homerton University,1.29
E59FL,51.560016,-0.057529,North,Homerton University,1.29,Royal Free Hospital,7.5,Whipps Cross,4.6,Homerton University,1.29
E59FN,51.560016,-0.057529,North,Homerton University,1.29,Royal Free Hospital,7.5,Whipps Cross,4.6,Homerton University,1.29
E59FP,51.560016,-0.057529,North,Homerton University,1.29,Royal Free Hospital,7.5,Whipps Cross,4.6,Homerton University,1.29
E59FQ,51.557165,-0.052126,North,Homerton University,0.82,Royal Free Hospital,7.84,Whipps Cross,4.43,Homerton University,0.82
E59FR,51.560016,-0.057529,North,Homerton University,1.29,Royal Free Hospital,7.5,Whipps Cross,4.6,Homerton University,1.29
E59FS,51.560016,-0.057529,North,Homerton University,1.29,Royal Free Hospital,7.5,Whipps Cross,4.6,Homerton University,1.29
E59FT,51.560016,-0.057529,North,Homerton University,1.29,Royal Free Hospital,7.5,Whipps Cross,4.6,Homerton University,1.29
E59FU,51.572097,-0.064851,North,Homerton University,2.7,Royal Free Hospital,7.26,North Middlesex,4.62,Homerton University,2.7
E59FW,51.560016,-0.057529,North,Homerton University,1.29,Royal Free Hospital,7.5,Whipps Cross,4.6,Homerton University,1.29
E59FX,51.560016,-0.057529,North,Homerton University,1.29,Royal Free Hospital,7.5,Whipps Cross,4.6,Homerton University,1.29
E59FY,51.560016,-0.057529,North,Homerton University,1.29,Royal Free Hospital,7.5,Whipps Cross,4.6,Homerton University,1.29
E59FZ,51.560016,-0.057529,North,Homerton University,1.29,Royal Free Hospital,7.5,Whipps Cross,4.6,Homerton University,1.29
E59GA,51.564544,-0.05132,North,Homerton University,1.57,Royal Free Hospital,7.99,Whipps Cross,4.0,Homerton University,1.57
E59GB,51.56421,-0.051262,North,Homerton University,1.53,Royal Free Hospital,7.98,Whipps Cross,4.01,Homerton University,1.53
E59GD,51.564598,-0.050784,North,Homerton University,1.57,Royal Free Hospital,8.02,Whipps Cross,3.96,Homerton University,1.57
E59GE,51.564806,-0.050861,North,Homerton University,1.59,Royal Free Hospital,8.02,Whipps Cross,3.96,Homerton University,1.59
E59GF,51.565005,-0.050406,North,Homerton University,1.61,Royal Free Hospital,8.06,Whipps Cross,3.92,Homerton University,1.61
E59GG,51.564823,-0.050255,North,Homerton University,1.58,Royal Free Hospital,8.06,Whipps Cross,3.92,Homerton University,1.58
E59GH,51.564624,-0.050177,North,Homerton University,1.56,Royal Free Hospital,8.07,Whipps Cross,3.92,Homerton University,1.56
E59GJ,51.564366,-0.050317,North,Homerton University,1.54,Royal Free Hospital,8.05,Whipps Cross,3.94,Homerton University,1.54
E59GL,51.565396,-0.050115,North,Homerton University,1.65,Royal Free Hospital,8.08,Whipps Cross,3.89,Homerton University,1.65
E59GN,51.565636,-0.049917,North,Homerton University,1.67,Royal Free Hospital,8.1,Whipps Cross,3.86,Homerton University,1.67
E59GP,51.565478,-0.049635,North,Homerton University,1.65,Royal Free Hospital,8.12,Whipps Cross,3.85,Homerton University,1.65
E59GQ,51.564959,-0.049801,North,Homerton University,1.59,Royal Free Hospital,8.1,Whipps Cross,3.88,Homerton University,1.59
E59GR,51.565232,-0.049415,North,Homerton University,1.62,Royal Free Hospital,8.13,Whipps Cross,3.85,Homerton University,1.62
E59GS,51.564979,-0.049382,North,Homerton University,1.59,Royal Free Hospital,8.13,Whipps Cross,3.86,Homerton University,1.59
E59GT,51.565662,-0.050435,North,Homerton University,1.68,Royal Free Hospital,8.07,Whipps Cross,3.89,Homerton University,1.68
E59GU,51.564597,-0.049644,North,Homerton University,1.55,Royal Free Hospital,8.1,Whipps Cross,3.89,Homerton University,1.55
E59GW,51.564708,-0.049264,North,Homerton University,1.56,Royal Free Hospital,8.13,Whipps Cross,3.86,Homerton University,1.56
E59GX,51.564324,-0.049425,North,Homerton University,1.52,Royal Free Hospital,8.11,Whipps Cross,3.89,Homerton University,1.52
E59GZ,51.565945,-0.05012,North,Homerton University,1.71,Royal Free Hospital,8.09,Whipps Cross,3.86,Homerton University,1.71
E59HA,51.567414,-0.053549,North,Homerton University,1.92,Royal Free Hospital,7.89,Whipps Cross,4.03,Homerton University,1.92
E59HB,51.567707,-0.053883,North,Homerton University,1.95,Royal Free Hospital,7.88,Whipps Cross,4.04,Homerton University,1.95
E59HD,51.568126,-0.053144,North,Homerton University,1.99,Royal Free Hospital,7.94,Whipps Cross,3.98,Homerton University,1.99
E59HE,51.56788,-0.052909,North,Homerton University,1.96,Royal Free Hospital,7.95,Whipps Cross,3.97,Homerton University,1.96
E59HF,51.5679,-0.052504,North,Homerton University,1.95,Royal Free Hospital,7.97,Whipps Cross,3.95,Homerton University,1.95
E59HG,51.56786,-0.052261,North,Homerton University,1.94,Royal Free Hospital,7.99,Whipps Cross,3.93,Homerton University,1.94
E59HH,51.568622,-0.054306,North,Homerton University,2.06,Royal Free Hospital,7.87,Whipps Cross,4.04,Homerton University,2.06
E59HJ,51.568225,-0.054222,North,Homerton University,2.02,Royal Free Hospital,7.87,Whipps Cross,4.05,Homerton University,2.02
E59HL,51.567136,-0.052508,North,Homerton University,1.87,Royal Free Hospital,7.96,Whipps Cross,3.97,Homerton University,1.87
E59HN,51.560016,-0.057529,North,Homerton University,1.29,Royal Free Hospital,7.5,Whipps Cross,4.6,Homerton University,1.29
E59HP,51.562579,-0.045618,North,Homerton University,1.31,Royal Free Hospital,8.35,Whipps Cross,3.74,Homerton University,1.31
E59HQ,51.569678,-0.054535,North,Homerton University,2.18,Royal Free Hospital,7.88,Whipps Cross,4.03,Homerton University,2.18
E59HR,51.564287,-0.058588,North,Homerton University,1.73,Royal Free Hospital,7.49,Whipps Cross,4.48,Homerton University,1.73
E59HS,51.564785,-0.058235,North,Homerton University,1.76,Royal Free Hospital,7.52,Whipps Cross,4.43,Homerton University,1.76
E59HT,51.565713,-0.058889,North,Homerton University,1.88,Royal Free Hospital,7.49,Whipps Cross,4.44,Homerton University,1.88
E59HU,51.56573,-0.057748,North,Homerton University,1.84,Royal Free Hospital,7.57,Whipps Cross,4.37,Homerton University,1.84
E59HW,51.564023,-0.059494,North,Homerton University,1.73,Royal Free Hospital,7.42,Whipps Cross,4.54,Homerton University,1.73
E59HX,51.566251,-0.057192,North,Homerton University,1.88,Royal Free Hospital,7.62,Whipps Cross,4.31,Homerton University,1.88
E59HY,51.565792,-0.057154,North,Homerton University,1.83,Royal Free Hospital,7.61,Whipps Cross,4.33,Homerton University,1.83
E59HZ,51.566364,-0.054777,North,Homerton University,1.83,Royal Free Hospital,7.79,Whipps Cross,4.15,Homerton University,1.83
E59JA,51.566223,-0.059271,North,Homerton University,1.94,Royal Free Hospital,7.48,Whipps Cross,4.45,Homerton University,1.94
E59JB,51.566311,-0.058084,North,Homerton University,1.91,Royal Free Hospital,7.56,Whipps Cross,4.37,Homerton University,1.91
E59JD,51.56633,-0.055457,North,Homerton University,1.84,Royal Free Hospital,7.74,Whipps Cross,4.2,Homerton University,1.84
E59JE,51.566862,-0.056055,North,Homerton University,1.91,Royal Free Hospital,7.71,Whipps Cross,4.22,Homerton University,1.91
E59JF,51.566252,-0.05673,North,Homerton University,1.87,Royal Free Hospital,7.65,Whipps Cross,4.28,Homerton University,1.87
E59JG,51.566673,-0.054418,North,Homerton University,1.85,Royal Free Hospital,7.82,Whipps Cross,4.11,Homerton University,1.85
E59JH,51.566647,-0.055054,North,Homerton University,1.87,Royal Free Hospital,7.77,Whipps Cross,4.16,Homerton University,1.87
E59JJ,51.560381,-0.056764,North,Homerton University,1.29,Royal Free Hospital,7.55,Whipps Cross,4.53,Homerton University,1.29
E59JL,51.560381,-0.056764,North,Homerton University,1.29,Royal Free Hospital,7.55,Whipps Cross,4.53,Homerton University,1.29
E59JN,51.560885,-0.054088,North,Homerton University,1.25,Royal Free Hospital,7.74,Whipps Cross,4.34,Homerton University,1.25
E59JP,51.561247,-0.056914,North,Homerton University,1.38,Royal Free Hospital,7.55,Whipps Cross,4.5,Homerton University,1.38
E59JQ,51.563951,-0.055169,North,Homerton University,1.59,Royal Free Hospital,7.71,Whipps Cross,4.27,Homerton University,1.59
E59JR,51.561279,-0.056725,North,Homerton University,1.37,Royal Free Hospital,7.57,Whipps Cross,4.49,Homerton University,1.37
E59JS,51.561459,-0.054568,North,Homerton University,1.32,Royal Free Hospital,7.72,Whipps Cross,4.34,Homerton University,1.32
E59JT,51.561686,-0.054688,North,Homerton University,1.35,Royal Free Hospital,7.71,Whipps Cross,4.34,Homerton University,1.35
E59JU,51.562656,-0.057316,North,Homerton University,1.53,Royal Free Hospital,7.55,Whipps Cross,4.46,Homerton University,1.53
E59JW,51.561114,-0.054338,North,Homerton University,1.28,Royal Free Hospital,7.73,Whipps Cross,4.35,Homerton University,1.28
E59JX,51.562202,-0.058129,North,Homerton University,1.51,Royal Free Hospital,7.48,Whipps Cross,4.53,Homerton University,1.51
E59JY,51.563107,-0.057946,North,Homerton University,1.59,Royal Free Hospital,7.51,Whipps Cross,4.48,Homerton University,1.59
E59JZ,51.564268,-0.059094,North,Homerton University,1.74,Royal Free Hospital,7.45,Whipps Cross,4.51,Homerton University,1.74
E59LA,51.565042,-0.059667,North,Homerton University,1.84,Royal Free Hospital,7.43,Whipps Cross,4.52,Homerton University,1.84
E59LB,51.565574,-0.059731,North,Homerton University,1.89,Royal Free Hospital,7.43,Whipps Cross,4.5,Homerton University,1.89
E59LD,51.567227,-0.056414,North,Homerton University,1.96,Royal Free Hospital,7.69,Whipps Cross,4.23,Homerton University,1.96
E59LE,51.566763,-0.058209,North,Homerton University,1.96,Royal Free Hospital,7.56,Whipps Cross,4.36,Homerton University,1.96
E59LF,51.567107,-0.058382,North,Homerton University,2.0,Royal Free Hospital,7.56,Whipps Cross,4.36,Homerton University,2.0
E59LG,51.560016,-0.057529,North,Homerton University,1.29,Royal Free Hospital,7.5,Whipps Cross,4.6,Homerton University,1.29
E59LH,51.564254,-0.057695,North,Homerton University,1.69,Royal Free Hospital,7.55,Whipps Cross,4.42,Homerton University,1.69
E59LJ,51.564529,-0.056399,North,Homerton University,1.68,Royal Free Hospital,7.64,Whipps Cross,4.32,Homerton University,1.68
E59LL,51.565877,-0.055765,North,Homerton University,1.8,Royal Free Hospital,7.71,Whipps Cross,4.23,Homerton University,1.8
E59LN,51.565329,-0.055254,North,Homerton University,1.73,Royal Free Hospital,7.73,Whipps Cross,4.22,Homerton University,1.73
E59LP,51.56484,-0.057238,North,Homerton University,1.74,Royal Free Hospital,7.59,Whipps Cross,4.37,Homerton University,1.74
E59LQ,51.560016,-0.057529,North,Homerton University,1.29,Royal Free Hospital,7.5,Whipps Cross,4.6,Homerton University,1.29
E59LR,51.565144,-0.057672,North,Homerton University,1.78,Royal Free Hospital,7.56,Whipps Cross,4.38,Homerton University,1.78
E59LS,51.565249,-0.056383,North,Homerton University,1.75,Royal Free Hospital,7.65,Whipps Cross,4.3,Homerton University,1.75
E59LT,51.565582,-0.056441,North,Homerton University,1.79,Royal Free Hospital,7.66,Whipps Cross,4.29,Homerton University,1.79
E59LU,51.566844,-0.052289,North,Homerton University,1.83,Royal Free Hospital,7.97,Whipps Cross,3.97,Homerton University,1.83
E59LW,51.564947,-0.055574,North,Homerton University,1.7,Royal Free Hospital,7.7,Whipps Cross,4.25,Homerton University,1.7
E59LX,51.566385,-0.051732,North,Homerton University,1.77,Royal Free Hospital,7.99,Whipps Cross,3.95,Homerton University,1.77
E59LY,51.565725,-0.05365,North,Homerton University,1.74,Royal Free Hospital,7.85,Whipps Cross,4.1,Homerton University,1.74
E59LZ,51.565725,-0.05365,North,Homerton University,1.74,Royal Free Hospital,7.85,Whipps Cross,4.1,Homerton University,1.74
E59NA,51.565203,-0.051984,North,Homerton University,1.65,Royal Free Hospital,7.95,Whipps Cross,4.01,Homerton University,1.65
E59NB,51.564281,-0.052817,North,Homerton University,1.57,Royal Free Hospital,7.88,Whipps Cross,4.11,Homerton University,1.57
E59ND,51.565844,-0.051596,North,Homerton University,1.71,Royal Free Hospital,7.99,Whipps Cross,3.96,Homerton University,1.71
E59NE,51.564414,-0.053244,North,Homerton University,1.59,Royal Free Hospital,7.85,Whipps Cross,4.13,Homerton University,1.59
E59NF,51.563812,-0.051654,North,Homerton University,1.5,Royal Free Hospital,7.95,Whipps Cross,4.05,Homerton University,1.5
E59NG,51.55998,-0.057531,North,Homerton University,1.29,Royal Free Hospital,7.5,Whipps Cross,4.6,Homerton University,1.29
E59NH,51.563169,-0.052461,North,Homerton University,1.44,Royal Free Hospital,7.89,Whipps Cross,4.13,Homerton University,1.44
E59NJ,51.56287,-0.053945,North,Homerton University,1.44,Royal Free Hospital,7.78,Whipps Cross,4.24,Homerton University,1.44
E59NL,51.56344,-0.053603,North,Homerton University,1.5,Royal Free Hospital,7.81,Whipps Cross,4.19,Homerton University,1.5
E59NN,51.563147,-0.054381,North,Homerton University,1.48,Royal Free Hospital,7.75,Whipps Cross,4.25,Homerton University,1.48
E59NP,51.559607,-0.055657,North,Homerton University,1.18,Royal Free Hospital,7.62,Whipps Cross,4.5,Homerton University,1.18
E59NQ,51.563241,-0.051938,North,Homerton University,1.44,Royal Free Hospital,7.92,Whipps Cross,4.1,Homerton University,1.44
E59NR,51.560021,-0.054038,North,Homerton University,1.16,Royal Free Hospital,7.74,Whipps Cross,4.38,Homerton University,1.16
E59NS,51.559379,-0.053849,North,Homerton University,1.09,Royal Free Hospital,7.74,Whipps Cross,4.41,Homerton University,1.09
E59NT,51.5595,-0.054608,North,Homerton University,1.13,Royal Free Hospital,7.69,Whipps Cross,4.45,Homerton University,1.13
E59NU,51.560653,-0.053665,North,Homerton University,1.21,Royal Free Hospital,7.77,Whipps Cross,4.33,Homerton University,1.21
E59NW,51.563398,-0.052696,North,Homerton University,1.47,Royal Free Hospital,7.87,Whipps Cross,4.14,Homerton University,1.47
E59NX,51.561842,-0.052171,North,Homerton University,1.3,Royal Free Hospital,7.89,Whipps Cross,4.18,Homerton University,1.3
E59NY,51.564901,-0.052214,North,Homerton University,1.62,Royal Free Hospital,7.93,Whipps Cross,4.04,Homerton University,1.62
E59NZ,51.564014,-0.05241,North,Homerton University,1.53,Royal Free Hospital,7.9,Whipps Cross,4.09,Homerton University,1.53
E59PA,51.562665,-0.051371,North,Homerton University,1.37,Royal Free Hospital,7.95,Whipps Cross,4.09,Homerton University,1.37
E59PB,51.562941,-0.049036,North,Homerton University,1.36,Royal Free Hospital,8.12,Whipps Cross,3.93,Homerton University,1.36
E59PD,51.56521,-0.050786,North,Homerton University,1.63,Royal Free Hospital,8.04,Whipps Cross,3.94,Homerton University,1.63
E59PE,51.562825,-0.050124,North,Homerton University,1.36,Royal Free Hospital,8.04,Whipps Cross,4.0,Homerton University,1.36
E59PF,51.562886,-0.049515,North,Homerton University,1.36,Royal Free Hospital,8.08,Whipps Cross,3.96,Homerton University,1.36
E59PG,51.562957,-0.048906,North,Homerton University,1.36,Royal Free Hospital,8.13,Whipps Cross,3.92,Homerton University,1.36
E59PH,51.56323,-0.049616,North,Homerton University,1.4,Royal Free Hospital,8.08,Whipps Cross,3.95,Homerton University,1.4
E59PJ,51.562606,-0.054303,North,Homerton University,1.43,Royal Free Hospital,7.75,Whipps Cross,4.27,Homerton University,1.43
E59PL,51.56337,-0.050475,North,Homerton University,1.43,Royal Free Hospital,8.03,Whipps Cross,4.0,Homerton University,1.43
E59PN,51.563418,-0.049564,North,Homerton University,1.42,Royal Free Hospital,8.09,Whipps Cross,3.94,Homerton University,1.42
E59PP,51.563341,-0.051458,North,Homerton University,1.44,Royal Free Hospital,7.96,Whipps Cross,4.06,Homerton University,1.44
E59PQ,51.563262,-0.051,North,Homerton University,1.42,Royal Free Hospital,7.99,Whipps Cross,4.04,Homerton University,1.42
E59PR,51.562619,-0.053465,North,Homerton University,1.41,Royal Free Hospital,7.81,Whipps Cross,4.22,Homerton University,1.41
E59PS,51.562408,-0.052681,North,Homerton University,1.37,Royal Free Hospital,7.86,Whipps Cross,4.18,Homerton University,1.37
E59PT,51.562023,-0.054919,North,Homerton University,1.39,Royal Free Hospital,7.7,Whipps Cross,4.34,Homerton University,1.39
E59PU,51.563364,-0.05606,North,Homerton University,1.55,Royal Free Hospital,7.64,Whipps Cross,4.35,Homerton University,1.55
E59PW,51.562907,-0.052371,North,Homerton University,1.41,Royal Free Hospital,7.89,Whipps Cross,4.14,Homerton University,1.41
E59PX,51.563324,-0.056393,North,Homerton University,1.56,Royal Free Hospital,7.62,Whipps Cross,4.37,Homerton University,1.56
E59PY,51.561743,-0.057009,North,Homerton University,1.43,Royal Free Hospital,7.55,Whipps Cross,4.48,Homerton University,1.43
E59PZ,51.562572,-0.054982,North,Homerton University,1.44,Royal Free Hospital,7.7,Whipps Cross,4.32,Homerton University,1.44
E59QA,51.560016,-0.057529,North,Homerton University,1.29,Royal Free Hospital,7.5,Whipps Cross,4.6,Homerton University,1.29
E59QB,51.55885,-0.054448,North,Homerton University,1.06,Royal Free Hospital,7.7,Whipps Cross,4.47,Homerton University,1.06
E59QD,51.558921,-0.052815,North,Homerton University,1.01,Royal Free Hospital,7.81,Whipps Cross,4.37,Homerton University,1.01
E59QE,51.559203,-0.053539,North,Homerton University,1.06,Royal Free Hospital,7.76,Whipps Cross,4.4,Homerton University,1.06
E59QF,51.566945,-0.05077,North,Homerton University,1.82,Royal Free Hospital,8.07,Whipps Cross,3.87,Homerton University,1.82
E59QG,51.562641,-0.04612,North,Homerton University,1.32,Royal Free Hospital,8.31,Whipps Cross,3.76,Homerton University,1.32
E59QH,51.559016,-0.050387,North,Homerton University,0.96,Royal Free Hospital,7.98,Whipps Cross,4.22,Homerton University,0.96
E59QJ,51.558879,-0.051908,North,Homerton University,0.98,Royal Free Hospital,7.87,Whipps Cross,4.32,Homerton University,0.98
E59QL,51.55835,-0.051426,North,Homerton University,0.91,Royal Free Hospital,7.9,Whipps Cross,4.32,Homerton University,0.91
E59QN,51.558272,-0.050001,North,Homerton University,0.87,Royal Free Hospital,8.0,Whipps Cross,4.24,Homerton University,0.87
E59QP,51.557812,-0.051016,North,Homerton University,0.85,Royal Free Hospital,7.92,Whipps Cross,4.33,Homerton University,0.85
E59QQ,51.562864,-0.046558,North,Homerton University,1.34,Royal Free Hospital,8.29,Whipps Cross,3.78,Homerton University,1.34
E59QR,51.557843,-0.048519,North,Homerton University,0.8,Royal Free Hospital,8.1,Whipps Cross,4.18,Homerton University,0.8
E59QS,51.55844,-0.04819,North,Homerton University,0.86,Royal Free Hospital,8.12,Whipps Cross,4.12,Homerton University,0.86
E59QT,51.56014,-0.047685,North,Homerton University,1.04,Royal Free Hospital,8.17,Whipps Cross,4.0,Homerton University,1.04
E59QU,51.55998,-0.057531,North,Homerton University,1.29,Royal Free Hospital,7.5,Whipps Cross,4.6,Homerton University,1.29
E59QW,51.557589,-0.051112,North,Homerton University,0.83,Royal Free Hospital,7.92,Whipps Cross,4.35,Homerton University,0.83
E59QX,51.560589,-0.047665,North,Homerton University,1.09,Royal Free Hospital,8.18,Whipps Cross,3.97,Homerton University,1.09
E59QY,51.560834,-0.046674,North,Homerton University,1.12,Royal Free Hospital,8.25,Whipps Cross,3.9,Homerton University,1.12
E59QZ,51.560213,-0.046671,North,Homerton University,1.05,Royal Free Hospital,8.25,Whipps Cross,3.93,Homerton University,1.05
E59RA,51.560514,-0.04852,North,Homerton University,1.09,Royal Free Hospital,8.12,Whipps Cross,4.02,Homerton University,1.09
E59RB,51.561222,-0.046253,North,Homerton University,1.16,Royal Free Hospital,8.29,Whipps Cross,3.85,Homerton University,1.16
E59RD,51.562219,-0.055387,North,Homerton University,1.42,Royal Free Hospital,7.67,Whipps Cross,4.36,Homerton University,1.42
E59RE,51.563745,-0.04867,North,Homerton University,1.45,Royal Free Hospital,8.15,Whipps Cross,3.87,Homerton University,1.45
E59RF,51.561574,-0.045748,North,Homerton University,1.2,Royal Free Hospital,8.32,Whipps Cross,3.8,Homerton University,1.2
E59RG,51.560973,-0.046423,North,Homerton University,1.13,Royal Free Hospital,8.27,Whipps Cross,3.87,Homerton University,1.13
E59RH,51.560819,-0.044149,North,Homerton University,1.12,Royal Free Hospital,8.43,Whipps Cross,3.75,Homerton University,1.12
E59RJ,51.560819,-0.044149,North,Homerton University,1.12,Royal Free Hospital,8.43,Whipps Cross,3.75,Homerton University,1.12
E59RL,51.562854,-0.046501,North,Homerton University,1.34,Royal Free Hospital,8.29,Whipps Cross,3.78,Homerton University,1.34
E59RN,51.563374,-0.048542,North,Homerton University,1.41,Royal Free Hospital,8.16,Whipps Cross,3.88,Homerton University,1.41
E59RP,51.563979,-0.048184,North,Homerton University,1.47,Royal Free Hospital,8.19,Whipps Cross,3.83,Homerton University,1.47
E59RQ,51.563803,-0.047326,North,Homerton University,1.45,Royal Free Hospital,8.25,Whipps Cross,3.78,Homerton University,1.45
E59RR,51.564178,-0.047165,North,Homerton University,1.49,Royal Free Hospital,8.26,Whipps Cross,3.75,Homerton University,1.49
E59RS,51.560237,-0.048113,North,Homerton University,1.06,Royal Free Hospital,8.15,Whipps Cross,4.02,Homerton University,1.06
E59RT,51.563329,-0.055614,North,Homerton University,1.54,Royal Free Hospital,7.67,Whipps Cross,4.32,Homerton University,1.54
E59RU,51.560016,-0.057529,North,Homerton University,1.29,Royal Free Hospital,7.5,Whipps Cross,4.6,Homerton University,1.29
E59RW,51.564217,-0.047871,North,Homerton University,1.5,Royal Free Hospital,8.22,Whipps Cross,3.79,Homerton University,1.5
E59RX,51.560237,-0.048113,North,Homerton University,1.06,Royal Free Hospital,8.15,Whipps Cross,4.02,Homerton University,1.06
E59RY,51.561088,-0.047384,North,Homerton University,1.15,Royal Free Hospital,8.21,Whipps Cross,3.92,Homerton University,1.15
E59RZ,51.563067,-0.046838,North,Homerton University,1.36,Royal Free Hospital,8.27,Whipps Cross,3.79,Homerton University,1.36
E59SA,51.565443,-0.060516,North,Homerton University,1.91,Royal Free Hospital,7.38,Whipps Cross,4.56,Homerton University,1.91
E59SB,51.560016,-0.057529,North,Homerton University,1.29,Royal Free Hospital,7.5,Whipps Cross,4.6,Homerton University,1.29
E59SD,51.560658,-0.048023,North,Homerton University,1.1,Royal Free Hospital,8.16,Whipps Cross,3.99,Homerton University,1.1
E59SE,51.566457,-0.050084,North,Homerton University,1.76,Royal Free Hospital,8.11,Whipps Cross,3.84,Homerton University,1.76
E59SF,51.566301,-0.049888,North,Homerton University,1.74,Royal Free Hospital,8.12,Whipps Cross,3.83,Homerton University,1.74
E59SG,51.569529,-0.061266,North,Homerton University,2.33,Royal Free Hospital,7.42,Whipps Cross,4.48,Homerton University,2.33
E59SH,51.560016,-0.057529,North,Homerton University,1.29,Royal Free Hospital,7.5,Whipps Cross,4.6,Homerton University,1.29
E59SJ,51.563856,-0.049401,North,Homerton University,1.47,Royal Free Hospital,8.11,Whipps Cross,3.91,Homerton University,1.47
E59SL,51.563856,-0.049401,North,Homerton University,1.47,Royal Free Hospital,8.11,Whipps Cross,3.91,Homerton University,1.47
E59SN,51.572357,-0.065345,North,Homerton University,2.74,Royal Free Hospital,7.24,North Middlesex,4.58,Homerton University,2.74
E59SP,51.565362,-0.049149,North,Homerton University,1.63,Royal Free Hospital,8.15,Whipps Cross,3.82,Homerton University,1.63
E59SQ,51.559148,-0.053455,North,Homerton University,1.06,Royal Free Hospital,7.77,Whipps Cross,4.4,Homerton University,1.06
E59SR,51.565808,-0.048928,North,Homerton University,1.68,Royal Free Hospital,8.17,Whipps Cross,3.79,Homerton University,1.68
E59SS,51.565262,-0.048519,North,Homerton University,1.62,Royal Free Hospital,8.19,Whipps Cross,3.79,Homerton University,1.62
E59ST,51.564823,-0.048061,North,Homerton University,1.56,Royal Free Hospital,8.21,Whipps Cross,3.78,Homerton University,1.56
E59SU,51.564619,-0.047695,North,Homerton University,1.54,Royal Free Hospital,8.24,Whipps Cross,3.77,Homerton University,1.54
E59SW,51.559919,-0.055499,North,Homerton University,1.2,Royal Free Hospital,7.63,Whipps Cross,4.48,Homerton University,1.2
E59SX,51.563856,-0.049401,North,Homerton University,1.47,Royal Free Hospital,8.11,Whipps Cross,3.91,Homerton University,1.47
E59SY,51.563856,-0.049401,North,Homerton University,1.47,Royal Free Hospital,8.11,Whipps Cross,3.91,Homerton University,1.47
E59SZ,51.563856,-0.049401,North,Homerton University,1.47,Royal Free Hospital,8.11,Whipps Cross,3.91,Homerton University,1.47
E59TA,51.565582,-0.056441,North,Homerton University,1.79,Royal Free Hospital,7.66,Whipps Cross,4.29,Homerton University,1.79
E59TB,51.562226,-0.059571,North,Homerton University,1.57,Royal Free Hospital,7.38,Whipps Cross,4.62,Homerton University,1.57
E59TD,51.563856,-0.049401,North,Homerton University,1.47,Royal Free Hospital,8.11,Whipps Cross,3.91,Homerton University,1.47
E59TE,51.565582,-0.056441,North,Homerton University,1.79,Royal Free Hospital,7.66,Whipps Cross,4.29,Homerton University,1.79
E59TF,51.565582,-0.056441,North,Homerton University,1.79,Royal Free Hospital,7.66,Whipps Cross,4.29,Homerton University,1.79
E59TG,51.55998,-0.057531,North,Homerton University,1.29,Royal Free Hospital,7.5,Whipps Cross,4.6,Homerton University,1.29
E59TH,51.565582,-0.056441,North,Homerton University,1.79,Royal Free Hospital,7.66,Whipps Cross,4.29,Homerton University,1.79
E59TJ,51.565582,-0.056441,North,Homerton University,1.79,Royal Free Hospital,7.66,Whipps Cross,4.29,Homerton University,1.79
E59TL,51.565582,-0.056441,North,Homerton University,1.79,Royal Free Hospital,7.66,Whipps Cross,4.29,Homerton University,1.79
E59TN,51.565582,-0.056441,North,Homerton University,1.79,Royal Free Hospital,7.66,Whipps Cross,4.29,Homerton University,1.79
E59TP,51.563856,-0.049401,North,Homerton University,1.47,Royal Free Hospital,8.11,Whipps Cross,3.91,Homerton University,1.47
E59TQ,51.563856,-0.049401,North,Homerton University,1.47,Royal Free Hospital,8.11,Whipps Cross,3.91,Homerton University,1.47
E59TR,51.563856,-0.049401,North,Homerton University,1.47,Royal Free Hospital,8.11,Whipps Cross,3.91,Homerton University,1.47
E59TS,51.560016,-0.057529,North,Homerton University,1.29,Royal Free Hospital,7.5,Whipps Cross,4.6,Homerton University,1.29
E59TT,51.565582,-0.056441,North,Homerton University,1.79,Royal Free Hospital,7.66,Whipps Cross,4.29,Homerton University,1.79
E59TU,51.563856,-0.049401,North,Homerton University,1.47,Royal Free Hospital,8.11,Whipps Cross,3.91,Homerton University,1.47
E59TW,51.560016,-0.057529,North,Homerton University,1.29,Royal Free Hospital,7.5,Whipps Cross,4.6,Homerton University,1.29
E59TX,51.560016,-0.057529,North,Homerton University,1.29,Royal Free Hospital,7.5,Whipps Cross,4.6,Homerton University,1.29
E59TY,51.565582,-0.056441,North,Homerton University,1.79,Royal Free Hospital,7.66,Whipps Cross,4.29,Homerton University,1.79
E59TZ,51.55998,-0.057531,North,Homerton University,1.29,Royal Free Hospital,7.5,Whipps Cross,4.6,Homerton University,1.29
E59UA,51.569426,-0.061573,North,Homerton University,2.33,Royal Free Hospital,7.4,Whipps Cross,4.51,Homerton University,2.33
E59UB,51.561353,-0.045425,North,Homerton University,1.17,Royal Free Hospital,8.34,Whipps Cross,3.79,Homerton University,1.17
E59UE,51.567194,-0.051163,North,Homerton University,1.85,Royal Free Hospital,8.05,Whipps Cross,3.88,Homerton University,1.85
E59UF,51.563129,-0.059273,North,Homerton University,1.64,Royal Free Hospital,7.42,Whipps Cross,4.57,Homerton University,1.64
E59UG,51.571808,-0.062569,North,Homerton University,2.6,Royal Free Hospital,7.4,Whipps Cross,4.52,Homerton University,2.6
E59UH,51.571305,-0.063716,North,Homerton University,2.58,Royal Free Hospital,7.31,Whipps Cross,4.61,Homerton University,2.58
E59UJ,51.560361,-0.047459,North,Homerton University,1.07,Royal Free Hospital,8.19,Whipps Cross,3.97,Homerton University,1.07
E59UL,51.560361,-0.047459,North,Homerton University,1.07,Royal Free Hospital,8.19,Whipps Cross,3.97,Homerton University,1.07
E59UN,51.560361,-0.047459,North,Homerton University,1.07,Royal Free Hospital,8.19,Whipps Cross,3.97,Homerton University,1.07
E59UP,51.564706,-0.052972,North,Homerton University,1.62,Royal Free Hospital,7.88,Whipps Cross,4.1,Homerton University,1.62
E59UQ,51.564706,-0.052972,North,Homerton University,1.62,Royal Free Hospital,7.88,Whipps Cross,4.1,Homerton University,1.62
E59US,51.560016,-0.057529,North,Homerton University,1.29,Royal Free Hospital,7.5,Whipps Cross,4.6,Homerton University,1.29
E59UT,51.560016,-0.057529,North,Homerton University,1.29,Royal Free Hospital,7.5,Whipps Cross,4.6,Homerton University,1.29
E59UU,51.560016,-0.057529,North,Homerton University,1.29,Royal Free Hospital,7.5,Whipps Cross,4.6,Homerton University,1.29
E59UW,51.55998,-0.057531,North,Homerton University,1.29,Royal Free Hospital,7.5,Whipps Cross,4.6,Homerton University,1.29
E59UX,51.560016,-0.057529,North,Homerton University,1.29,Royal Free Hospital,7.5,Whipps Cross,4.6,Homerton University,1.29
E59UY,51.560016,-0.057529,North,Homerton University,1.29,Royal Free Hospital,7.5,Whipps Cross,4.6,Homerton University,1.29
E59UZ,51.560016,-0.057529,North,Homerton University,1.29,Royal Free Hospital,7.5,Whipps Cross,4.6,Homerton University,1.29
E59WA,51.55998,-0.057531,North,Homerton University,1.29,Royal Free Hospital,7.5,Whipps Cross,4.6,Homerton University,1.29
E59WB,51.560016,-0.057529,North,Homerton University,1.29,Royal Free Hospital,7.5,Whipps Cross,4.6,Homerton University,1.29
E59WD,51.55998,-0.057531,North,Homerton University,1.29,Royal Free Hospital,7.5,Whipps Cross,4.6,Homerton University,1.29
E59WE,51.569426,-0.061573,North,Homerton University,2.33,Royal Free Hospital,7.4,Whipps Cross,4.51,Homerton University,2.33
E59WF,51.55998,-0.057531,North,Homerton University,1.29,Royal Free Hospital,7.5,Whipps Cross,4.6,Homerton University,1.29
E59WG,51.560016,-0.057529,North,Homerton University,1.29,Royal Free Hospital,7.5,Whipps Cross,4.6,Homerton University,1.29
E59WH,51.560016,-0.057529,North,Homerton University,1.29,Royal Free Hospital,7.5,Whipps Cross,4.6,Homerton University,1.29
E59WJ,51.560016,-0.057529,North,Homerton University,1.29,Royal Free Hospital,7.5,Whipps Cross,4.6,Homerton University,1.29
E59WL,51.569426,-0.061573,North,Homerton University,2.33,Royal Free Hospital,7.4,Whipps Cross,4.51,Homerton University,2.33
E59WN,51.569426,-0.061573,North,Homerton University,2.33,Royal Free Hospital,7.4,Whipps Cross,4.51,Homerton University,2.33
E59WP,51.560016,-0.057529,North,Homerton University,1.29,Royal Free Hospital,7.5,Whipps Cross,4.6,Homerton University,1.29
E59WQ,51.560016,-0.057529,North,Homerton University,1.29,Royal Free Hospital,7.5,Whipps Cross,4.6,Homerton University,1.29
E59WR,51.55998,-0.057531,North,Homerton University,1.29,Royal Free Hospital,7.5,Whipps Cross,4.6,Homerton University,1.29
E59WS,51.560016,-0.057529,North,Homerton University,1.29,Royal Free Hospital,7.5,Whipps Cross,4.6,Homerton University,1.29
E59WT,51.560016,-0.057529,North,Homerton University,1.29,Royal Free Hospital,7.5,Whipps Cross,4.6,Homerton University,1.29
E59WU,51.560016,-0.057529,North,Homerton University,1.29,Royal Free Hospital,7.5,Whipps Cross,4.6,Homerton University,1.29
E59WW,51.560016,-0.057529,North,Homerton University,1.29,Royal Free Hospital,7.5,Whipps Cross,4.6,Homerton University,1.29
E59WX,51.560016,-0.057529,North,Homerton University,1.29,Royal Free Hospital,7.5,Whipps Cross,4.6,Homerton University,1.29
E59WY,51.55998,-0.057531,North,Homerton University,1.29,Royal Free Hospital,7.5,Whipps Cross,4.6,Homerton University,1.29
E59WZ,51.55998,-0.057531,North,Homerton University,1.29,Royal Free Hospital,7.5,Whipps Cross,4.6,Homerton University,1.29
E59XA,51.55998,-0.057531,North,Homerton University,1.29,Royal Free Hospital,7.5,Whipps Cross,4.6,Homerton University,1.29
E59XB,51.560016,-0.057529,North,Homerton University,1.29,Royal Free Hospital,7.5,Whipps Cross,4.6,Homerton University,1.29
E59XD,51.560016,-0.057529,North,Homerton University,1.29,Royal Free Hospital,7.5,Whipps Cross,4.6,Homerton University,1.29
E59XE,51.564044,-0.053722,North,Homerton University,1.56,Royal Free Hospital,7.81,Whipps Cross,4.17,Homerton University,1.56
E59XT,51.560016,-0.057529,North,Homerton University,1.29,Royal Free Hospital,7.5,Whipps Cross,4.6,Homerton University,1.29
E59XU,51.560016,-0.057529,North,Homerton University,1.29,Royal Free Hospital,7.5,Whipps Cross,4.6,Homerton University,1.29
E59XW,51.560016,-0.057529,North,Homerton University,1.29,Royal Free Hospital,7.5,Whipps Cross,4.6,Homerton University,1.29
E59XX,51.560016,-0.057529,North,Homerton University,1.29,Royal Free Hospital,7.5,Whipps Cross,4.6,Homerton University,1.29
E59XY,51.560016,-0.057529,North,Homerton University,1.29,Royal Free Hospital,7.5,Whipps Cross,4.6,Homerton University,1.29
E59XZ,51.560016,-0.057529,North,Homerton University,1.29,Royal Free Hospital,7.5,Whipps Cross,4.6,Homerton University,1.29
E59YA,51.560016,-0.057529,North,Homerton University,1.29,Royal Free Hospital,7.5,Whipps Cross,4.6,Homerton University,1.29
E59YB,51.560016,-0.057529,North,Homerton University,1.29,Royal Free Hospital,7.5,Whipps Cross,4.6,Homerton University,1.29
E59YD,51.560016,-0.057529,North,Homerton University,1.29,Royal Free Hospital,7.5,Whipps Cross,4.6,Homerton University,1.29
E59YE,51.560016,-0.057529,North,Homerton University,1.29,Royal Free Hospital,7.5,Whipps Cross,4.6,Homerton University,1.29
E59YF,51.55998,-0.057531,North,Homerton University,1.29,Royal Free Hospital,7.5,Whipps Cross,4.6,Homerton University,1.29
E59YP,51.560016,-0.057529,North,Homerton University,1.29,Royal Free Hospital,7.5,Whipps Cross,4.6,Homerton University,1.29
E59YQ,51.569426,-0.061573,North,Homerton University,2.33,Royal Free Hospital,7.4,Whipps Cross,4.51,Homerton University,2.33
E59YT,51.569426,-0.061573,North,Homerton University,2.33,Royal Free Hospital,7.4,Whipps Cross,4.51,Homerton University,2.33
E59YZ,51.560016,-0.057529,North,Homerton University,1.29,Royal Free Hospital,7.5,Whipps Cross,4.6,Homerton University,1.29
E81AA,51.547998,-0.061661,North,Homerton University,1.11,Royal Free Hospital,7.2,Whipps Cross,5.56,Homerton University,1.11
E81AB,51.544518,-0.062761,North,Homerton University,1.34,Royal Free Hospital,7.16,Whipps Cross,5.86,Homerton University,1.34
E81AD,51.544729,-0.06193,North,Homerton University,1.28,Royal Free Hospital,7.22,Whipps Cross,5.8,Homerton University,1.28
E81AE,51.543514,-0.062948,North,Homerton University,1.41,Royal Free Hospital,7.17,Whittington Hospital,5.93,Homerton University,1.41
E81AF,51.545163,-0.061522,North,Homerton University,1.23,Royal Free Hospital,7.24,Whipps Cross,5.75,Homerton University,1.23
E81AG,51.54702,-0.063433,North,Homerton University,1.26,Royal Free Hospital,7.08,Whipps Cross,5.72,Homerton University,1.26
E81AH,51.546551,-0.062242,North,Homerton University,1.21,Royal Free Hospital,7.17,Whipps Cross,5.69,Homerton University,1.21
E81AJ,51.546677,-0.061703,North,Homerton University,1.17,Royal Free Hospital,7.21,Whipps Cross,5.65,Homerton University,1.17
E81AL,51.549005,-0.061647,North,Homerton University,1.09,Royal Free Hospital,7.19,Whipps Cross,5.49,Homerton University,1.09
E81AN,51.549325,-0.061446,North,Homerton University,1.07,Royal Free Hospital,7.2,Whipps Cross,5.46,Homerton University,1.07
E81AP,51.54954,-0.062995,North,Homerton University,1.17,Royal Free Hospital,7.09,Whipps Cross,5.53,Homerton University,1.17
E81AQ,51.546802,-0.06275,North,Homerton University,1.23,Royal Free Hospital,7.13,Whipps Cross,5.7,Homerton University,1.23
E81AR,51.549216,-0.061898,North,Homerton University,1.1,Royal Free Hospital,7.17,Whipps Cross,5.49,Homerton University,1.1
E81AS,51.548766,-0.062451,North,Homerton University,1.15,Royal Free Hospital,7.14,Whipps Cross,5.55,Homerton University,1.15
E81AT,51.549721,-0.060362,North,Homerton University,0.99,Royal Free Hospital,7.27,Whipps Cross,5.37,Homerton University,0.99
E81AU,51.549721,-0.060362,North,Homerton University,0.99,Royal Free Hospital,7.27,Whipps Cross,5.37,Homerton University,0.99
E81AW,51.549257,-0.061665,North,Homerton University,1.08,Royal Free Hospital,7.19,Whipps Cross,5.47,Homerton University,1.08
E81AX,51.545932,-0.060739,North,Homerton University,1.14,Royal Free Hospital,7.28,Whipps Cross,5.65,Homerton University,1.14
E81AY,51.550499,-0.060661,North,Homerton University,1.0,Royal Free Hospital,7.25,Whipps Cross,5.33,Homerton University,1.0
E81AZ,51.55114,-0.06023,North,Homerton University,0.97,Royal Free Hospital,7.28,Whipps Cross,5.27,Homerton University,0.97
E81BA,51.546718,-0.061499,North,Homerton University,1.15,Royal Free Hospital,7.22,Whipps Cross,5.64,Homerton University,1.15
E81BB,51.543426,-0.064696,North,Homerton University,1.52,Royal Free Hospital,7.05,Whittington Hospital,5.82,Homerton University,1.52
E81BD,51.544544,-0.064332,North,Homerton University,1.43,Royal Free Hospital,7.05,Whittington Hospital,5.79,Homerton University,1.43
E81BE,51.545035,-0.06359,North,Homerton University,1.36,Royal Free Hospital,7.1,Whittington Hospital,5.82,Homerton University,1.36
E81BF,51.54692,-0.066077,North,Homerton University,1.44,Royal Free Hospital,6.9,Whittington Hospital,5.57,Homerton University,1.44
E81BG,51.545704,-0.061586,North,Homerton University,1.21,Royal Free Hospital,7.23,Whipps Cross,5.71,Homerton University,1.21
E81BH,51.545718,-0.057575,North,Homerton University,0.97,Royal Free Hospital,7.5,Whipps Cross,5.5,Homerton University,0.97
E81BJ,51.545535,-0.057367,North,Homerton University,0.97,Royal Free Hospital,7.52,Whipps Cross,5.5,Homerton University,0.97
E81BL,51.545594,-0.059283,North,Homerton University,1.07,Royal Free Hospital,7.39,Whipps Cross,5.6,Homerton University,1.07
E81BN,51.545525,-0.057872,North,Homerton University,1.0,Royal Free Hospital,7.48,Whipps Cross,5.53,Homerton University,1.0
E81BP,51.546537,-0.055997,North,Homerton University,0.83,Royal Free Hospital,7.6,Whipps Cross,5.36,Homerton University,0.83
E81BQ,51.5455,-0.061262,North,Homerton University,1.2,Royal Free Hospital,7.25,Whipps Cross,5.71,Homerton University,1.2
E81BS,51.546096,-0.060833,North,Homerton University,1.14,Royal Free Hospital,7.27,Whipps Cross,5.64,Homerton University,1.14
E81BT,51.546105,-0.060314,North,Homerton University,1.11,Royal Free Hospital,7.31,Whipps Cross,5.62,Homerton University,1.11
E81BU,51.546087,-0.059738,North,Homerton University,1.07,Royal Free Hospital,7.35,Whipps Cross,5.59,Homerton University,1.07
E81BW,51.547393,-0.060432,North,Homerton University,1.05,Royal Free Hospital,7.29,Whipps Cross,5.53,Homerton University,1.05
E81BX,51.545643,-0.063896,North,Homerton University,1.35,Royal Free Hospital,7.07,Whittington Hospital,5.77,Homerton University,1.35
E81BY,51.545688,-0.066057,North,Homerton University,1.49,Royal Free Hospital,6.92,Whittington Hospital,5.63,Homerton University,1.49
E81BZ,51.545918,-0.067475,North,Homerton University,1.57,Royal Free Hospital,6.82,Whittington Hospital,5.53,Homerton University,1.57
E81DA,51.546211,-0.06729,North,Homerton University,1.55,Royal Free Hospital,6.83,Whittington Hospital,5.53,Homerton University,1.55
E81DB,51.546701,-0.068077,North,Homerton University,1.58,Royal Free Hospital,6.77,Whittington Hospital,5.46,Homerton University,1.58
E81DD,51.54454,-0.05702,North,Homerton University,1.02,Royal Free Hospital,7.56,Whipps Cross,5.56,Homerton University,1.02
E81DE,51.547303,-0.068066,North,Homerton University,1.56,Royal Free Hospital,6.76,Whittington Hospital,5.43,Homerton University,1.56
E81DF,51.544413,-0.056967,North,Homerton University,1.03,Royal Free Hospital,7.56,Whipps Cross,5.57,Homerton University,1.03
E81DG,51.546506,-0.066599,North,Homerton University,1.49,Royal Free Hospital,6.87,Whittington Hospital,5.56,Homerton University,1.49
E81DJ,51.546647,-0.067531,North,Homerton University,1.55,Royal Free Hospital,6.81,Whittington Hospital,5.49,Homerton University,1.55
E81DL,51.546978,-0.066868,North,Homerton University,1.49,Royal Free Hospital,6.85,Whittington Hospital,5.52,Homerton University,1.49
E81DN,51.544872,-0.060222,North,Homerton University,1.17,Royal Free Hospital,7.33,Whipps Cross,5.7,Homerton University,1.17
E81DP,51.545182,-0.05943,North,Homerton University,1.11,Royal Free Hospital,7.38,Whipps Cross,5.64,Homerton University,1.11
E81DQ,51.546855,-0.065431,North,Homerton University,1.4,Royal Free Hospital,6.95,Whittington Hospital,5.62,Homerton University,1.4
E81DR,51.544422,-0.058568,North,Homerton University,1.11,Royal Free Hospital,7.45,Whipps Cross,5.65,Homerton University,1.11
E81DS,51.544195,-0.058477,North,Homerton University,1.12,Royal Free Hospital,7.46,Whipps Cross,5.66,Homerton University,1.12
E81DT,51.544518,-0.057352,North,Homerton University,1.04,Royal Free Hospital,7.53,Whipps Cross,5.58,Homerton University,1.04
E81DU,51.547327,-0.05318,North,Homerton University,0.62,Royal Free Hospital,7.79,Whipps Cross,5.15,Homerton University,0.62
E81DW,51.54454,-0.05702,North,Homerton University,1.02,Royal Free Hospital,7.56,Whipps Cross,5.56,Homerton University,1.02
E81DX,51.544329,-0.056798,North,Homerton University,1.03,Royal Free Hospital,7.57,Whipps Cross,5.56,Homerton University,1.03
E81DY,51.54532,-0.057953,North,Homerton University,1.02,Royal Free Hospital,7.48,Whipps Cross,5.55,Homerton University,1.02
E81DZ,51.546103,-0.056362,North,Homerton University,0.88,Royal Free Hospital,7.58,Whipps Cross,5.41,Homerton University,0.88
E81EA,51.545033,-0.056407,North,Homerton University,0.95,Royal Free Hospital,7.59,Whipps Cross,5.49,Homerton University,0.95
E81EB,51.544446,-0.056793,North,Homerton University,1.02,Royal Free Hospital,7.57,Whipps Cross,5.55,Homerton University,1.02
E81ED,51.547393,-0.060432,North,Homerton University,1.05,Royal Free Hospital,7.29,Whipps Cross,5.53,Homerton University,1.05
E81EE,51.543916,-0.055748,North,Homerton University,1.01,Royal Free Hospital,7.65,Whipps Cross,5.54,Homerton University,1.01
E81EG,51.544203,-0.055678,North,Homerton University,0.98,Royal Free Hospital,7.65,Whipps Cross,5.52,Homerton University,0.98
E81EH,51.54508,-0.055973,North,Homerton University,0.93,Royal Free Hospital,7.62,Whipps Cross,5.47,Homerton University,0.93
E81EJ,51.54607,-0.055469,North,Homerton University,0.83,Royal Free Hospital,7.64,Whipps Cross,5.37,Homerton University,0.83
E81EL,51.545764,-0.055453,North,Homerton University,0.85,Royal Free Hospital,7.65,Whipps Cross,5.39,Homerton University,0.85
E81EN,51.545908,-0.056024,North,Homerton University,0.87,Royal Free Hospital,7.61,Whipps Cross,5.41,Homerton University,0.87
E81EP,51.546347,-0.056467,North,Homerton University,0.87,Royal Free Hospital,7.57,Whipps Cross,5.4,Homerton University,0.87
E81ES,51.545785,-0.056722,North,Homerton University,0.92,Royal Free Hospital,7.56,Whipps Cross,5.45,Homerton University,0.92
E81ET,51.545754,-0.057026,North,Homerton University,0.94,Royal Free Hospital,7.54,Whipps Cross,5.47,Homerton University,0.94
E81EU,51.54628,-0.057277,North,Homerton University,0.92,Royal Free Hospital,7.52,Whipps Cross,5.44,Homerton University,0.92
E81EW,51.545979,-0.055935,North,Homerton University,0.86,Royal Free Hospital,7.61,Whipps Cross,5.4,Homerton University,0.86
E81EX,51.546047,-0.058398,North,Homerton University,1.0,Royal Free Hospital,7.44,Whipps Cross,5.52,Homerton University,1.0
E81EY,51.546478,-0.057298,North,Homerton University,0.91,Royal Free Hospital,7.51,Whipps Cross,5.43,Homerton University,0.91
E81FA,51.549883,-0.058177,North,Homerton University,0.83,Royal Free Hospital,7.42,Whipps Cross,5.24,Homerton University,0.83
E81FB,51.54532,-0.057953,North,Homerton University,1.02,Royal Free Hospital,7.48,Whipps Cross,5.55,Homerton University,1.02
E81FD,51.548606,-0.061462,North,Homerton University,1.08,Royal Free Hospital,7.2,Whipps Cross,5.5,Homerton University,1.08
E81FE,51.548239,-0.06155,North,Homerton University,1.1,Royal Free Hospital,7.2,Whipps Cross,5.53,Homerton University,1.1
E81FF,51.545163,-0.061522,North,Homerton University,1.23,Royal Free Hospital,7.24,Whipps Cross,5.75,Homerton University,1.23
E81FG,51.547763,-0.068695,North,Homerton University,1.59,Royal Free Hospital,6.71,Whittington Hospital,5.37,Homerton University,1.59
E81FH,51.545202,-0.062775,North,Homerton University,1.3,Royal Free Hospital,7.15,Whipps Cross,5.81,Homerton University,1.3
E81FJ,51.547394,-0.056134,North,Homerton University,0.78,Royal Free Hospital,7.58,Whipps Cross,5.3,Homerton University,0.78
E81FL,51.549714,-0.057203,North,Homerton University,0.77,Royal Free Hospital,7.49,Whipps Cross,5.2,Homerton University,0.77
E81FN,51.5502,-0.058322,North,Homerton University,0.84,Royal Free Hospital,7.41,Whipps Cross,5.22,Homerton University,0.84
E81FP,51.54992,-0.05881,North,Homerton University,0.88,Royal Free Hospital,7.38,Whipps Cross,5.27,Homerton University,0.88
E81FQ,51.550191,-0.058351,North,Homerton University,0.84,Royal Free Hospital,7.41,Whipps Cross,5.23,Homerton University,0.84
E81FR,51.544422,-0.058568,North,Homerton University,1.11,Royal Free Hospital,7.45,Whipps Cross,5.65,Homerton University,1.11
E81FT,51.548969,-0.054596,North,Homerton University,0.62,Royal Free Hospital,7.68,Whipps Cross,5.11,Homerton University,0.62
E81FU,51.548341,-0.054146,North,Homerton University,0.61,Royal Free Hospital,7.71,Whipps Cross,5.13,Homerton University,0.61
E81FW,51.548752,-0.053999,North,Homerton University,0.59,Royal Free Hospital,7.72,Whipps Cross,5.09,Homerton University,0.59
E81FX,51.549043,-0.05416,North,Homerton University,0.58,Royal Free Hospital,7.71,Whipps Cross,5.08,Homerton University,0.58
E81FZ,51.547006,-0.062064,North,Homerton University,1.18,Royal Free Hospital,7.18,Whipps Cross,5.65,Homerton University,1.18
E81GA,51.549786,-0.061023,North,Homerton University,1.03,Royal Free Hospital,7.23,Whipps Cross,5.4,Homerton University,1.03
E81GP,51.547989,-0.06821,North,Homerton University,1.55,Royal Free Hospital,6.75,Whittington Hospital,5.39,Homerton University,1.55
E81GQ,51.544479,-0.05607,North,Homerton University,0.98,Royal Free Hospital,7.62,Whipps Cross,5.52,Homerton University,0.98
E81GR,51.544355,-0.055643,North,Homerton University,0.97,Royal Free Hospital,7.65,Whipps Cross,5.5,Homerton University,0.97
E81GY,51.54923,-0.05408,North,Homerton University,0.57,Royal Free Hospital,7.71,Whipps Cross,5.06,Homerton University,0.57
E81GZ,51.54923,-0.05408,North,Homerton University,0.57,Royal Free Hospital,7.71,Whipps Cross,5.06,Homerton University,0.57
E81HA,51.546527,-0.054858,North,Homerton University,0.76,Royal Free Hospital,7.68,Whipps Cross,5.3,Homerton University,0.76
E81HB,51.544125,-0.056388,North,Homerton University,1.02,Royal Free Hospital,7.61,Whipps Cross,5.56,Homerton University,1.02
E81HD,51.544181,-0.056011,North,Homerton University,1.0,Royal Free Hospital,7.63,Whipps Cross,5.54,Homerton University,1.0
E81HE,51.545306,-0.054939,North,Homerton University,0.86,Royal Free Hospital,7.69,Whipps Cross,5.4,Homerton University,0.86
E81HF,51.54508,-0.055973,North,Homerton University,0.93,Royal Free Hospital,7.62,Whipps Cross,5.47,Homerton University,0.93
E81HG,51.544624,-0.055055,North,Homerton University,0.92,Royal Free Hospital,7.69,Whipps Cross,5.45,Homerton University,0.92
E81HH,51.544252,-0.05758,North,Homerton University,1.07,Royal Free Hospital,7.52,Whipps Cross,5.61,Homerton University,1.07
E81HJ,51.545069,-0.058021,North,Homerton University,1.04,Royal Free Hospital,7.48,Whipps Cross,5.57,Homerton University,1.04
E81HL,51.549776,-0.056047,North,Homerton University,0.69,Royal Free Hospital,7.57,Whipps Cross,5.13,Homerton University,0.69
E81HN,51.549126,-0.054834,North,Homerton University,0.63,Royal Free Hospital,7.66,Whipps Cross,5.11,Homerton University,0.63
E81HP,51.549233,-0.054772,North,Homerton University,0.62,Royal Free Hospital,7.66,Whipps Cross,5.1,Homerton University,0.62
E81HQ,51.541486,-0.056126,North,Homerton University,1.24,Royal Free Hospital,7.67,Whipps Cross,5.75,Homerton University,1.24
E81HR,51.548244,-0.0548,North,Homerton University,0.66,Royal Free Hospital,7.67,Whipps Cross,5.17,Homerton University,0.66
E81HS,51.548479,-0.054876,North,Homerton University,0.65,Royal Free Hospital,7.66,Whipps Cross,5.16,Homerton University,0.65
E81HT,51.548145,-0.054761,North,Homerton University,0.66,Royal Free Hospital,7.67,Whipps Cross,5.18,Homerton University,0.66
E81HU,51.547739,-0.054691,North,Homerton University,0.68,Royal Free Hospital,7.68,Whipps Cross,5.2,Homerton University,0.68
E81HX,51.548722,-0.058702,North,Homerton University,0.89,Royal Free Hospital,7.39,Whipps Cross,5.35,Homerton University,0.89
E81HY,51.548559,-0.055334,North,Homerton University,0.68,Royal Free Hospital,7.63,Whipps Cross,5.18,Homerton University,0.68
E81JA,51.547647,-0.065441,North,Homerton University,1.38,Royal Free Hospital,6.94,Whittington Hospital,5.58,Homerton University,1.38
E81JB,51.547613,-0.055216,North,Homerton University,0.72,Royal Free Hospital,7.64,Whipps Cross,5.24,Homerton University,0.72
E81JD,51.549084,-0.058831,North,Homerton University,0.89,Royal Free Hospital,7.38,Whipps Cross,5.33,Homerton University,0.89
E81JE,51.54856,-0.060325,North,Homerton University,1.01,Royal Free Hospital,7.28,Whipps Cross,5.44,Homerton University,1.01
E81JF,51.549222,-0.055219,North,Homerton University,0.65,Royal Free Hospital,7.63,Whipps Cross,5.12,Homerton University,0.65
E81JG,51.549372,-0.057175,North,Homerton University,0.78,Royal Free Hospital,7.5,Whipps Cross,5.22,Homerton University,0.78
E81JH,51.548821,-0.058121,North,Homerton University,0.85,Royal Free Hospital,7.43,Whipps Cross,5.31,Homerton University,0.85
E81JJ,51.548722,-0.058702,North,Homerton University,0.89,Royal Free Hospital,7.39,Whipps Cross,5.35,Homerton University,0.89
E81JL,51.5478,-0.057299,North,Homerton University,0.84,Royal Free Hospital,7.5,Whipps Cross,5.33,Homerton University,0.84
E81JN,51.548123,-0.056723,North,Homerton University,0.79,Royal Free Hospital,7.54,Whipps Cross,5.28,Homerton University,0.79
E81JP,51.548233,-0.056271,North,Homerton University,0.75,Royal Free Hospital,7.57,Whipps Cross,5.25,Homerton University,0.75
E81JR,51.548227,-0.056502,North,Homerton University,0.77,Royal Free Hospital,7.55,Whipps Cross,5.26,Homerton University,0.77
E81JS,51.548316,-0.055878,North,Homerton University,0.72,Royal Free Hospital,7.59,Whipps Cross,5.22,Homerton University,0.72
E81JT,51.548648,-0.055821,North,Homerton University,0.71,Royal Free Hospital,7.59,Whipps Cross,5.2,Homerton University,0.71
E81JU,51.548872,-0.056302,North,Homerton University,0.73,Royal Free Hospital,7.56,Whipps Cross,5.21,Homerton University,0.73
E81JW,51.547881,-0.056229,North,Homerton University,0.77,Royal Free Hospital,7.57,Whipps Cross,5.27,Homerton University,0.77
E81JX,51.548356,-0.055559,North,Homerton University,0.7,Royal Free Hospital,7.61,Whipps Cross,5.2,Homerton University,0.7
E81JY,51.549003,-0.057176,North,Homerton University,0.78,Royal Free Hospital,7.5,Whipps Cross,5.24,Homerton University,0.78
E81JZ,51.548869,-0.059951,North,Homerton University,0.97,Royal Free Hospital,7.31,Whipps Cross,5.4,Homerton University,0.97
E81LA,51.548521,-0.06174,North,Homerton University,1.1,Royal Free Hospital,7.19,Whipps Cross,5.52,Homerton University,1.1
E81LB,51.547731,-0.063475,North,Homerton University,1.24,Royal Free Hospital,7.07,Whipps Cross,5.67,Homerton University,1.24
E81LD,51.547715,-0.063043,North,Homerton University,1.21,Royal Free Hospital,7.1,Whipps Cross,5.65,Homerton University,1.21
E81LE,51.547736,-0.062653,North,Homerton University,1.19,Royal Free Hospital,7.13,Whipps Cross,5.63,Homerton University,1.19
E81LF,51.547694,-0.062294,North,Homerton University,1.17,Royal Free Hospital,7.16,Whipps Cross,5.61,Homerton University,1.17
E81LG,51.548049,-0.062553,North,Homerton University,1.17,Royal Free Hospital,7.13,Whipps Cross,5.6,Homerton University,1.17
E81LH,51.547872,-0.061623,North,Homerton University,1.12,Royal Free Hospital,7.2,Whipps Cross,5.56,Homerton University,1.12
E81LJ,51.548746,-0.060144,North,Homerton University,0.99,Royal Free Hospital,7.29,Whipps Cross,5.42,Homerton University,0.99
E81LL,51.547843,-0.057196,North,Homerton University,0.83,Royal Free Hospital,7.51,Whipps Cross,5.33,Homerton University,0.83
E81LN,51.548321,-0.058344,North,Homerton University,0.88,Royal Free Hospital,7.42,Whipps Cross,5.35,Homerton University,0.88
E81LP,51.548081,-0.060706,North,Homerton University,1.05,Royal Free Hospital,7.26,Whipps Cross,5.5,Homerton University,1.05
E81LQ,51.549361,-0.059223,North,Homerton University,0.91,Royal Free Hospital,7.35,Whipps Cross,5.33,Homerton University,0.91
E81LR,51.547259,-0.055563,North,Homerton University,0.76,Royal Free Hospital,7.62,Whipps Cross,5.28,Homerton University,0.76
E81LS,51.547316,-0.060104,North,Homerton University,1.04,Royal Free Hospital,7.31,Whipps Cross,5.52,Homerton University,1.04
E81LT,51.548397,-0.061298,North,Homerton University,1.08,Royal Free Hospital,7.22,Whipps Cross,5.51,Homerton University,1.08
E81LU,51.546997,-0.063103,North,Homerton University,1.24,Royal Free Hospital,7.11,Whipps Cross,5.7,Homerton University,1.24
E81LW,51.548738,-0.05912,North,Homerton University,0.92,Royal Free Hospital,7.37,Whipps Cross,5.37,Homerton University,0.92
E81LX,51.549016,-0.060147,North,Homerton University,0.98,Royal Free Hospital,7.29,Whipps Cross,5.4,Homerton University,0.98
E81LY,51.548342,-0.061243,North,Homerton University,1.08,Royal Free Hospital,7.22,Whipps Cross,5.51,Homerton University,1.08
E81LZ,51.547982,-0.061763,North,Homerton University,1.12,Royal Free Hospital,7.19,Whipps Cross,5.56,Homerton University,1.12
E81NA,51.547519,-0.058263,North,Homerton University,0.91,Royal Free Hospital,7.43,Whipps Cross,5.41,Homerton University,0.91
E81NB,51.547508,-0.059244,North,Homerton University,0.97,Royal Free Hospital,7.37,Whipps Cross,5.46,Homerton University,0.97
E81ND,51.548077,-0.059393,North,Homerton University,0.96,Royal Free Hospital,7.35,Whipps Cross,5.43,Homerton University,0.96
E81NE,51.546904,-0.064001,North,Homerton University,1.3,Royal Free Hospital,7.05,Whittington Hospital,5.71,Homerton University,1.3
E81NF,51.548094,-0.066374,North,Homerton University,1.43,Royal Free Hospital,6.87,Whittington Hospital,5.51,Homerton University,1.43
E81NG,51.54814,-0.067554,North,Homerton University,1.51,Royal Free Hospital,6.79,Whittington Hospital,5.43,Homerton University,1.51
E81NH,51.548389,-0.067904,North,Homerton University,1.52,Royal Free Hospital,6.76,Whittington Hospital,5.39,Homerton University,1.52
E81NJ,51.547943,-0.065947,North,Homerton University,1.4,Royal Free Hospital,6.9,Whittington Hospital,5.54,Homerton University,1.4
E81NL,51.548139,-0.067497,North,Homerton University,1.5,Royal Free Hospital,6.79,Whittington Hospital,5.43,Homerton University,1.5
E81NN,51.547943,-0.065947,North,Homerton University,1.4,Royal Free Hospital,6.9,Whittington Hospital,5.54,Homerton University,1.4
E81NP,51.547943,-0.065947,North,Homerton University,1.4,Royal Free Hospital,6.9,Whittington Hospital,5.54,Homerton University,1.4
E81NQ,51.547393,-0.060432,North,Homerton University,1.05,Royal Free Hospital,7.29,Whipps Cross,5.53,Homerton University,1.05
E81NR,51.547943,-0.065947,North,Homerton University,1.4,Royal Free Hospital,6.9,Whittington Hospital,5.54,Homerton University,1.4
E81NS,51.547943,-0.065947,North,Homerton University,1.4,Royal Free Hospital,6.9,Whittington Hospital,5.54,Homerton University,1.4
E81NT,51.547076,-0.064614,North,Homerton University,1.34,Royal Free Hospital,7.0,Whittington Hospital,5.66,Homerton University,1.34
E81NU,51.548597,-0.066367,North,Homerton University,1.42,Royal Free Hospital,6.87,Whittington Hospital,5.49,Homerton University,1.42
E81NW,51.547943,-0.065947,North,Homerton University,1.4,Royal Free Hospital,6.9,Whittington Hospital,5.54,Homerton University,1.4
E81NX,51.547895,-0.063065,North,Homerton University,1.21,Royal Free Hospital,7.1,Whipps Cross,5.64,Homerton University,1.21
E81NY,51.547831,-0.061351,North,Homerton University,1.1,Royal Free Hospital,7.22,Whipps Cross,5.55,Homerton University,1.1
E81NZ,51.548585,-0.064507,North,Homerton University,1.29,Royal Free Hospital,6.99,Whittington Hospital,5.61,Homerton University,1.29
E81PA,51.546352,-0.06489,North,Homerton University,1.38,Royal Free Hospital,6.99,Whittington Hospital,5.67,Homerton University,1.38
E81PB,51.545962,-0.064185,North,Homerton University,1.35,Royal Free Hospital,7.04,Whittington Hospital,5.74,Homerton University,1.35
E81PD,51.54651,-0.060888,North,Homerton University,1.12,Royal Free Hospital,7.26,Whipps Cross,5.62,Homerton University,1.12
E81PE,51.546744,-0.056537,North,Homerton University,0.85,Royal Free Hospital,7.56,Whipps Cross,5.37,Homerton University,0.85
E81PF,51.54714,-0.06689,North,Homerton University,1.49,Royal Free Hospital,6.84,Whittington Hospital,5.51,Homerton University,1.49
E81PG,51.547774,-0.06718,North,Homerton University,1.49,Royal Free Hospital,6.82,Whittington Hospital,5.47,Homerton University,1.49
E81PH,51.547978,-0.065888,North,Homerton University,1.4,Royal Free Hospital,6.91,Whittington Hospital,5.54,Homerton University,1.4
E81PJ,51.544472,-0.055624,North,Homerton University,0.96,Royal Free Hospital,7.65,Whipps Cross,5.49,Homerton University,0.96
E81PP,51.547577,-0.061737,North,Homerton University,1.13,Royal Free Hospital,7.19,Whipps Cross,5.59,Homerton University,1.13
E81PQ,51.548619,-0.065529,North,Homerton University,1.36,Royal Free Hospital,6.92,Whittington Hospital,5.54,Homerton University,1.36
E81PR,51.546352,-0.06489,North,Homerton University,1.38,Royal Free Hospital,6.99,Whittington Hospital,5.67,Homerton University,1.38
E81PS,51.546027,-0.058817,North,Homerton University,1.02,Royal Free Hospital,7.41,Whipps Cross,5.54,Homerton University,1.02
E81PU,51.547393,-0.060418,North,Homerton University,1.05,Royal Free Hospital,7.29,Whipps Cross,5.53,Homerton University,1.05
E81PW,51.547393,-0.060418,North,Homerton University,1.05,Royal Free Hospital,7.29,Whipps Cross,5.53,Homerton University,1.05
E81PY,51.547393,-0.060418,North,Homerton University,1.05,Royal Free Hospital,7.29,Whipps Cross,5.53,Homerton University,1.05
E81QA,51.547393,-0.060418,North,Homerton University,1.05,Royal Free Hospital,7.29,Whipps Cross,5.53,Homerton University,1.05
E81QB,51.547393,-0.060418,North,Homerton University,1.05,Royal Free Hospital,7.29,Whipps Cross,5.53,Homerton University,1.05
E81QE,51.547393,-0.060418,North,Homerton University,1.05,Royal Free Hospital,7.29,Whipps Cross,5.53,Homerton University,1.05
E81QF,51.547457,-0.060473,North,Homerton University,1.05,Royal Free Hospital,7.28,Whipps Cross,5.53,Homerton University,1.05
E81QG,51.547457,-0.060473,North,Homerton University,1.05,Royal Free Hospital,7.28,Whipps Cross,5.53,Homerton University,1.05
E81QH,51.547457,-0.060473,North,Homerton University,1.05,Royal Free Hospital,7.28,Whipps Cross,5.53,Homerton University,1.05
E81QJ,51.546718,-0.061499,North,Homerton University,1.15,Royal Free Hospital,7.22,Whipps Cross,5.64,Homerton University,1.15
E81QL,51.547393,-0.060418,North,Homerton University,1.05,Royal Free Hospital,7.29,Whipps Cross,5.53,Homerton University,1.05
E81QN,51.546718,-0.061499,North,Homerton University,1.15,Royal Free Hospital,7.22,Whipps Cross,5.64,Homerton University,1.15
E81QQ,51.547457,-0.060473,North,Homerton University,1.05,Royal Free Hospital,7.28,Whipps Cross,5.53,Homerton University,1.05
E81QS,51.547393,-0.060418,North,Homerton University,1.05,Royal Free Hospital,7.29,Whipps Cross,5.53,Homerton University,1.05
E81QX,51.546718,-0.061499,North,Homerton University,1.15,Royal Free Hospital,7.22,Whipps Cross,5.64,Homerton University,1.15
E81QY,51.546718,-0.061499,North,Homerton University,1.15,Royal Free Hospital,7.22,Whipps Cross,5.64,Homerton University,1.15
E81QZ,51.547917,-0.056213,North,Homerton University,0.76,Royal Free Hospital,7.57,Whipps Cross,5.27,Homerton University,0.76
E81UX,51.546718,-0.061499,North,Homerton University,1.15,Royal Free Hospital,7.22,Whipps Cross,5.64,Homerton University,1.15
E81UZ,51.546718,-0.061499,North,Homerton University,1.15,Royal Free Hospital,7.22,Whipps Cross,5.64,Homerton University,1.15
E81WA,51.547577,-0.061737,North,Homerton University,1.13,Royal Free Hospital,7.19,Whipps Cross,5.59,Homerton University,1.13
E81WD,51.547457,-0.060473,North,Homerton University,1.05,Royal Free Hospital,7.28,Whipps Cross,5.53,Homerton University,1.05
E81ZZ,51.545033,-0.056407,North,Homerton University,0.95,Royal Free Hospital,7.59,Whipps Cross,5.49,Homerton University,0.95
E82AA,51.550717,-0.062382,North,Homerton University,1.12,Royal Free Hospital,7.13,Whipps Cross,5.42,Homerton University,1.12
E82AB,51.547052,-0.069735,North,Homerton University,1.68,Royal Free Hospital,6.65,Whittington Hospital,5.34,Homerton University,1.68
E82AD,51.551102,-0.06339,North,Homerton University,1.19,Royal Free Hospital,7.06,Whipps Cross,5.45,Homerton University,1.19
E82AF,51.550221,-0.063932,North,Homerton University,1.23,Royal Free Hospital,7.02,Whipps Cross,5.54,Homerton University,1.23
E82AG,51.550125,-0.062508,North,Homerton University,1.13,Royal Free Hospital,7.12,Whipps Cross,5.46,Homerton University,1.13
E82AH,51.549429,-0.060663,North,Homerton University,1.01,Royal Free Hospital,7.25,Whipps Cross,5.4,Homerton University,1.01
E82AJ,51.54953,-0.061308,North,Homerton University,1.05,Royal Free Hospital,7.21,Whipps Cross,5.43,Homerton University,1.05
E82AL,51.549693,-0.062988,North,Homerton University,1.17,Royal Free Hospital,7.09,Whipps Cross,5.52,Homerton University,1.17
E82AN,51.54975,-0.06264,North,Homerton University,1.14,Royal Free Hospital,7.12,Whipps Cross,5.49,Homerton University,1.14
E82AP,51.55196,-0.064695,North,Homerton University,1.29,Royal Free Hospital,6.96,Whittington Hospital,5.47,Homerton University,1.29
E82AQ,51.549721,-0.060362,North,Homerton University,0.99,Royal Free Hospital,7.27,Whipps Cross,5.37,Homerton University,0.99
E82AR,51.552139,-0.065712,North,Homerton University,1.36,Royal Free Hospital,6.89,Whittington Hospital,5.4,Homerton University,1.36
E82AS,51.552301,-0.065186,North,Homerton University,1.32,Royal Free Hospital,6.93,Whittington Hospital,5.43,Homerton University,1.32
E82AT,51.552644,-0.065272,North,Homerton University,1.33,Royal Free Hospital,6.92,Whittington Hospital,5.41,Homerton University,1.33
E82AU,51.552604,-0.06611,North,Homerton University,1.39,Royal Free Hospital,6.87,Whittington Hospital,5.36,Homerton University,1.39
E82AW,51.550863,-0.065247,North,Homerton University,1.32,Royal Free Hospital,6.93,Whittington Hospital,5.47,Homerton University,1.32
E82AX,51.551561,-0.067236,North,Homerton University,1.46,Royal Free Hospital,6.79,Whittington Hospital,5.32,Homerton University,1.46
E82AY,51.551573,-0.065231,North,Homerton University,1.32,Royal Free Hospital,6.93,Whittington Hospital,5.45,Homerton University,1.32
E82AZ,51.551077,-0.064588,North,Homerton University,1.27,Royal Free Hospital,6.97,Whittington Hospital,5.51,Homerton University,1.27
E82BA,51.546182,-0.076449,North,Homerton University,2.15,Royal Free Hospital,6.2,Whittington Hospital,4.96,Homerton University,2.15
E82BB,51.546321,-0.076689,North,Homerton University,2.17,Royal Free Hospital,6.18,Whittington Hospital,4.94,Homerton University,2.17
E82BD,51.553015,-0.065963,North,Homerton University,1.39,Royal Free Hospital,6.88,Whittington Hospital,5.35,Homerton University,1.39
E82BE,51.553241,-0.066026,North,Homerton University,1.4,Royal Free Hospital,6.87,Whittington Hospital,5.34,Homerton University,1.4
E82BF,51.546994,-0.069507,North,Homerton University,1.67,Royal Free Hospital,6.67,Whittington Hospital,5.35,Homerton University,1.67
E82BG,51.553423,-0.066177,North,Homerton University,1.41,Royal Free Hospital,6.86,Whittington Hospital,5.33,Homerton University,1.41
E82BH,51.553261,-0.066717,North,Homerton University,1.44,Royal Free Hospital,6.82,Whittington Hospital,5.3,Homerton University,1.44
E82BJ,51.553834,-0.06652,North,Homerton University,1.44,Royal Free Hospital,6.84,Whittington Hospital,5.29,Homerton University,1.44
E82BL,51.554016,-0.0667,North,Homerton University,1.46,Royal Free Hospital,6.82,Whittington Hospital,5.27,Homerton University,1.46
E82BN,51.554199,-0.066851,North,Homerton University,1.48,Royal Free Hospital,6.81,Whittington Hospital,5.26,Homerton University,1.48
E82BP,51.554347,-0.06709,North,Homerton University,1.5,Royal Free Hospital,6.8,Whittington Hospital,5.24,Homerton University,1.5
E82BQ,51.553606,-0.066328,North,Homerton University,1.43,Royal Free Hospital,6.85,Whittington Hospital,5.31,Homerton University,1.43
E82BS,51.554058,-0.06814,North,Homerton University,1.56,Royal Free Hospital,6.73,Whittington Hospital,5.18,Homerton University,1.56
E82BT,51.554764,-0.066755,North,Homerton University,1.49,Royal Free Hospital,6.82,Whittington Hospital,5.25,Homerton University,1.49
E82BU,51.554281,-0.068564,North,Homerton University,1.59,Royal Free Hospital,6.7,Whittington Hospital,5.14,Homerton University,1.59
E82BW,51.553809,-0.067213,North,Homerton University,1.49,Royal Free Hospital,6.79,Whittington Hospital,5.25,Homerton University,1.49
E82BX,51.553148,-0.067501,North,Homerton University,1.5,Royal Free Hospital,6.77,Whittington Hospital,5.25,Homerton University,1.5
E82BY,51.551028,-0.073634,North,Homerton University,1.9,Royal Free Hospital,6.35,Whittington Hospital,4.92,Homerton University,1.9
E82BZ,51.551421,-0.071281,North,Homerton University,1.74,Royal Free Hospital,6.51,Whittington Hospital,5.06,Homerton University,1.74
E82DA,51.55123,-0.073337,North,Homerton University,1.88,Royal Free Hospital,6.37,Whittington Hospital,4.93,Homerton University,1.88
E82DB,51.55182,-0.073111,North,Homerton University,1.86,Royal Free Hospital,6.38,Whittington Hospital,4.92,Homerton University,1.86
E82DD,51.551538,-0.074002,North,Homerton University,1.92,Royal Free Hospital,6.32,Whittington Hospital,4.88,Homerton University,1.92
E82DE,51.55119,-0.074724,North,Homerton University,1.97,Royal Free Hospital,6.27,Whittington Hospital,4.84,Homerton University,1.97
E82DF,51.551272,-0.072614,North,Homerton University,1.83,Royal Free Hospital,6.42,Whittington Hospital,4.98,Homerton University,1.83
E82DG,51.551481,-0.073298,North,Homerton University,1.88,Royal Free Hospital,6.37,Whittington Hospital,4.92,Homerton University,1.88
E82DH,51.551649,-0.073118,North,Homerton University,1.86,Royal Free Hospital,6.38,Whittington Hospital,4.93,Homerton University,1.86
E82DJ,51.552092,-0.07382,North,Homerton University,1.92,Royal Free Hospital,6.33,Whittington Hospital,4.87,Homerton University,1.92
E82DL,51.551781,-0.072362,North,Homerton University,1.81,Royal Free Hospital,6.43,Whittington Hospital,4.97,Homerton University,1.81
E82DN,51.552107,-0.07418,North,Homerton University,1.94,Royal Free Hospital,6.31,Whittington Hospital,4.84,Homerton University,1.94
E82DP,51.551501,-0.074494,North,Homerton University,1.96,Royal Free Hospital,6.29,Whittington Hospital,4.85,Homerton University,1.96
E82DQ,51.551465,-0.073977,North,Homerton University,1.92,Royal Free Hospital,6.32,Whittington Hospital,4.88,Homerton University,1.92
E82DR,51.550781,-0.074481,North,Homerton University,1.96,Royal Free Hospital,6.29,Whittington Hospital,4.87,Homerton University,1.96
E82DS,51.552445,-0.074469,North,Homerton University,1.96,Royal Free Hospital,6.29,Whittington Hospital,4.81,Homerton University,1.96
E82DT,51.551445,-0.068366,North,Homerton University,1.53,Royal Free Hospital,6.71,Whittington Hospital,5.25,Homerton University,1.53
E82DU,51.552682,-0.072483,North,Homerton University,1.83,Royal Free Hospital,6.42,Whittington Hospital,4.93,Homerton University,1.83
E82DW,51.550805,-0.075923,North,Homerton University,2.06,Royal Free Hospital,6.19,Whittington Hospital,4.78,Homerton University,2.06
E82DX,51.552682,-0.072483,North,Homerton University,1.83,Royal Free Hospital,6.42,Whittington Hospital,4.93,Homerton University,1.83
E82DY,51.552664,-0.073017,North,Homerton University,1.87,Royal Free Hospital,6.39,Whittington Hospital,4.9,Homerton University,1.87
E82DZ,51.552664,-0.073017,North,Homerton University,1.87,Royal Free Hospital,6.39,Whittington Hospital,4.9,Homerton University,1.87
E82EA,51.552827,-0.071496,North,Homerton University,1.76,Royal Free Hospital,6.49,Whittington Hospital,4.99,Homerton University,1.76
E82EB,51.55289,-0.070354,North,Homerton University,1.69,Royal Free Hospital,6.57,Whittington Hospital,5.07,Homerton University,1.69
E82ED,51.552531,-0.071523,North,Homerton University,1.76,Royal Free Hospital,6.49,Whittington Hospital,5.0,Homerton University,1.76
E82EE,51.553146,-0.071165,North,Homerton University,1.75,Royal Free Hospital,6.52,Whittington Hospital,5.0,Homerton University,1.75
E82EF,51.553549,-0.07109,North,Homerton University,1.75,Royal Free Hospital,6.52,Whittington Hospital,5.0,Homerton University,1.75
E82EG,51.553634,-0.070221,North,Homerton University,1.69,Royal Free Hospital,6.58,Whittington Hospital,5.05,Homerton University,1.69
E82EH,51.553664,-0.068763,North,Homerton University,1.59,Royal Free Hospital,6.68,Whittington Hospital,5.15,Homerton University,1.59
E82EJ,51.553242,-0.068824,North,Homerton University,1.59,Royal Free Hospital,6.68,Whittington Hospital,5.16,Homerton University,1.59
E82EL,51.550686,-0.068716,North,Homerton University,1.56,Royal Free Hospital,6.69,Whittington Hospital,5.25,Homerton University,1.56
E82EN,51.54799,-0.06883,North,Homerton University,1.6,Royal Free Hospital,6.7,Whittington Hospital,5.35,Homerton University,1.6
E82EP,51.548658,-0.068412,North,Homerton University,1.55,Royal Free Hospital,6.73,Whittington Hospital,5.35,Homerton University,1.55
E82EQ,51.553892,-0.069503,North,Homerton University,1.65,Royal Free Hospital,6.63,Whittington Hospital,5.09,Homerton University,1.65
E82ER,51.549523,-0.06852,North,Homerton University,1.55,Royal Free Hospital,6.71,Whittington Hospital,5.31,Homerton University,1.55
E82ES,51.550559,-0.068649,North,Homerton University,1.55,Royal Free Hospital,6.7,Whittington Hospital,5.26,Homerton University,1.55
E82ET,51.552058,-0.06847,North,Homerton University,1.55,Royal Free Hospital,6.7,Whittington Hospital,5.22,Homerton University,1.55
E82EU,51.551633,-0.071561,North,Homerton University,1.76,Royal Free Hospital,6.49,Whittington Hospital,5.03,Homerton University,1.76
E82EW,51.551436,-0.068381,North,Homerton University,1.54,Royal Free Hospital,6.71,Whittington Hospital,5.25,Homerton University,1.54
E82EX,51.552702,-0.068789,North,Homerton University,1.58,Royal Free Hospital,6.68,Whittington Hospital,5.18,Homerton University,1.58
E82EY,51.551707,-0.071716,North,Homerton University,1.77,Royal Free Hospital,6.48,Whittington Hospital,5.02,Homerton University,1.77
E82EZ,51.550851,-0.07269,North,Homerton University,1.83,Royal Free Hospital,6.42,Whittington Hospital,4.99,Homerton University,1.83
E82FA,51.547941,-0.075654,North,Homerton University,2.06,Royal Free Hospital,6.23,Whittington Hospital,4.92,Homerton University,2.06
E82FB,51.552982,-0.070508,North,Homerton University,1.7,Royal Free Hospital,6.56,Whittington Hospital,5.05,Homerton University,1.7
E82FD,51.546865,-0.071488,North,Homerton University,1.8,Royal Free Hospital,6.53,Whittington Hospital,5.23,Homerton University,1.8
E82FE,51.547217,-0.071531,North,Homerton University,1.8,Royal Free Hospital,6.52,Whittington Hospital,5.22,Homerton University,1.8
E82FF,51.551403,-0.073979,North,Homerton University,1.92,Royal Free Hospital,6.32,Whittington Hospital,4.88,Homerton University,1.92
E82FG,51.553399,-0.0685,North,Homerton University,1.57,Royal Free Hospital,6.7,Whittington Hospital,5.17,Homerton University,1.57
E82FH,51.546722,-0.071523,North,Homerton University,1.81,Royal Free Hospital,6.53,Whittington Hospital,5.24,Homerton University,1.81
E82FJ,51.546773,-0.071867,North,Homerton University,1.83,Royal Free Hospital,6.51,Whittington Hospital,5.21,Homerton University,1.83
E82FL,51.551392,-0.063508,North,Homerton University,1.2,Royal Free Hospital,7.05,Whipps Cross,5.44,Homerton University,1.2
E82FN,51.551392,-0.063508,North,Homerton University,1.2,Royal Free Hospital,7.05,Whipps Cross,5.44,Homerton University,1.2
E82FP,51.551246,-0.068851,North,Homerton University,1.57,Royal Free Hospital,6.68,Whittington Hospital,5.22,Homerton University,1.57
E82FQ,51.547403,-0.070283,North,Homerton University,1.71,Royal Free Hospital,6.61,Whittington Hospital,5.29,Homerton University,1.71
E82FR,51.547322,-0.070272,North,Homerton University,1.71,Royal Free Hospital,6.61,Whittington Hospital,5.29,Homerton University,1.71
E82FS,51.547322,-0.070272,North,Homerton University,1.71,Royal Free Hospital,6.61,Whittington Hospital,5.29,Homerton University,1.71
E82FT,51.547322,-0.070272,North,Homerton University,1.71,Royal Free Hospital,6.61,Whittington Hospital,5.29,Homerton University,1.71
E82HA,51.548873,-0.064552,North,Homerton University,1.29,Royal Free Hospital,6.99,Whittington Hospital,5.59,Homerton University,1.29
E82HB,51.549158,-0.064929,North,Homerton University,1.31,Royal Free Hospital,6.96,Whittington Hospital,5.56,Homerton University,1.31
E82HD,51.550679,-0.069913,North,Homerton University,1.64,Royal Free Hospital,6.61,Whittington Hospital,5.17,Homerton University,1.64
E82HE,51.55165,-0.071012,North,Homerton University,1.72,Royal Free Hospital,6.53,Whittington Hospital,5.07,Homerton University,1.72
E82HF,51.549788,-0.068754,North,Homerton University,1.56,Royal Free Hospital,6.69,Whittington Hospital,5.28,Homerton University,1.56
E82HG,51.550431,-0.066303,North,Homerton University,1.39,Royal Free Hospital,6.86,Whittington Hospital,5.42,Homerton University,1.39
E82HH,51.548754,-0.063894,North,Homerton University,1.24,Royal Free Hospital,7.04,Whipps Cross,5.63,Homerton University,1.24
E82HJ,51.549806,-0.066618,North,Homerton University,1.42,Royal Free Hospital,6.84,Whittington Hospital,5.42,Homerton University,1.42
E82HL,51.550547,-0.0679,North,Homerton University,1.5,Royal Free Hospital,6.75,Whittington Hospital,5.31,Homerton University,1.5
E82HN,51.549392,-0.066549,North,Homerton University,1.42,Royal Free Hospital,6.85,Whittington Hospital,5.44,Homerton University,1.42
E82HP,51.549376,-0.064516,North,Homerton University,1.28,Royal Free Hospital,6.99,Whittington Hospital,5.57,Homerton University,1.28
E82HQ,51.550104,-0.067183,North,Homerton University,1.45,Royal Free Hospital,6.8,Whittington Hospital,5.37,Homerton University,1.45
E82HR,51.548835,-0.063328,North,Homerton University,1.2,Royal Free Hospital,7.07,Whipps Cross,5.59,Homerton University,1.2
E82HS,51.549919,-0.06419,North,Homerton University,1.25,Royal Free Hospital,7.01,Whipps Cross,5.57,Homerton University,1.25
E82HU,51.550663,-0.067274,North,Homerton University,1.46,Royal Free Hospital,6.79,Whittington Hospital,5.35,Homerton University,1.46
E82HW,51.549228,-0.065893,North,Homerton University,1.37,Royal Free Hospital,6.89,Whittington Hospital,5.49,Homerton University,1.37
E82HX,51.550851,-0.066704,North,Homerton University,1.42,Royal Free Hospital,6.83,Whittington Hospital,5.38,Homerton University,1.42
E82HY,51.551562,-0.067828,North,Homerton University,1.5,Royal Free Hospital,6.75,Whittington Hospital,5.28,Homerton University,1.5
E82HZ,51.551617,-0.064623,North,Homerton University,1.28,Royal Free Hospital,6.97,Whittington Hospital,5.49,Homerton University,1.28
E82JA,51.551585,-0.068678,North,Homerton University,1.56,Royal Free Hospital,6.69,Whittington Hospital,5.22,Homerton University,1.56
E82JB,51.551754,-0.066392,North,Homerton University,1.4,Royal Free Hospital,6.85,Whittington Hospital,5.37,Homerton University,1.4
E82JD,51.552289,-0.066672,North,Homerton University,1.43,Royal Free Hospital,6.83,Whittington Hospital,5.33,Homerton University,1.43
E82JE,51.552195,-0.066979,North,Homerton University,1.45,Royal Free Hospital,6.81,Whittington Hospital,5.31,Homerton University,1.45
E82JF,51.552093,-0.067315,North,Homerton University,1.47,Royal Free Hospital,6.78,Whittington Hospital,5.29,Homerton University,1.47
E82JG,51.552809,-0.067083,North,Homerton University,1.46,Royal Free Hospital,6.8,Whittington Hospital,5.29,Homerton University,1.46
E82JH,51.552586,-0.06777,North,Homerton University,1.5,Royal Free Hospital,6.75,Whittington Hospital,5.25,Homerton University,1.5
E82JJ,51.552683,-0.068155,North,Homerton University,1.53,Royal Free Hospital,6.72,Whittington Hospital,5.22,Homerton University,1.53
E82JL,51.550405,-0.06528,North,Homerton University,1.32,Royal Free Hospital,6.93,Whittington Hospital,5.49,Homerton University,1.32
E82JN,51.550806,-0.067254,North,Homerton University,1.46,Royal Free Hospital,6.79,Whittington Hospital,5.34,Homerton University,1.46
E82JP,51.546814,-0.075485,North,Homerton University,2.07,Royal Free Hospital,6.26,Whittington Hospital,4.99,Homerton University,2.07
E82JQ,51.552688,-0.067405,North,Homerton University,1.48,Royal Free Hospital,6.78,Whittington Hospital,5.27,Homerton University,1.48
E82JR,51.54721,-0.076074,North,Homerton University,2.1,Royal Free Hospital,6.21,Whittington Hospital,4.93,Homerton University,2.1
E82JS,51.547278,-0.075783,North,Homerton University,2.08,Royal Free Hospital,6.23,Whittington Hospital,4.95,Homerton University,2.08
E82JT,51.54657,-0.075986,North,Homerton University,2.11,Royal Free Hospital,6.23,Whittington Hospital,4.97,Homerton University,2.11
E82JU,51.545413,-0.07615,North,Homerton University,2.16,Royal Free Hospital,6.23,Whittington Hospital,5.02,Homerton University,2.16
E82JW,51.550985,-0.066107,North,Homerton University,1.38,Royal Free Hospital,6.87,Whittington Hospital,5.41,Homerton University,1.38
E82JY,51.545437,-0.077591,North,Homerton University,2.25,Royal Free Hospital,6.13,Whittington Hospital,4.93,Homerton University,2.25
E82JZ,51.546844,-0.076191,North,Homerton University,2.12,Royal Free Hospital,6.21,Whittington Hospital,4.94,Homerton University,2.12
E82LA,51.546707,-0.076644,North,Homerton University,2.15,Royal Free Hospital,6.18,Whittington Hospital,4.92,Homerton University,2.15
E82LB,51.54778,-0.075719,North,Homerton University,2.07,Royal Free Hospital,6.23,Whittington Hospital,4.93,Homerton University,2.07
E82LD,51.549599,-0.074228,North,Homerton University,1.94,Royal Free Hospital,6.32,Whittington Hospital,4.94,Homerton University,1.94
E82LE,51.549179,-0.07491,North,Homerton University,1.99,Royal Free Hospital,6.27,Whittington Hospital,4.91,Homerton University,1.99
E82LF,51.549374,-0.074772,North,Homerton University,1.98,Royal Free Hospital,6.28,Whittington Hospital,4.91,Homerton University,1.98
E82LG,51.549122,-0.072547,North,Homerton University,1.83,Royal Free Hospital,6.44,Whittington Hospital,5.07,Homerton University,1.83
E82LH,51.548777,-0.072374,North,Homerton University,1.82,Royal Free Hospital,6.45,Whittington Hospital,5.09,Homerton University,1.82
E82LJ,51.548919,-0.069512,North,Homerton University,1.63,Royal Free Hospital,6.65,Whittington Hospital,5.27,Homerton University,1.63
E82LL,51.55,-0.069625,North,Homerton University,1.62,Royal Free Hospital,6.63,Whittington Hospital,5.22,Homerton University,1.62
E82LN,51.550524,-0.069213,North,Homerton University,1.59,Royal Free Hospital,6.66,Whittington Hospital,5.23,Homerton University,1.59
E82LP,51.549588,-0.073003,North,Homerton University,1.86,Royal Free Hospital,6.4,Whittington Hospital,5.02,Homerton University,1.86
E82LQ,51.54969,-0.074816,North,Homerton University,1.98,Royal Free Hospital,6.28,Whittington Hospital,4.9,Homerton University,1.98
E82LR,51.549933,-0.072671,North,Homerton University,1.83,Royal Free Hospital,6.42,Whittington Hospital,5.03,Homerton University,1.83
E82LS,51.548984,-0.074557,North,Homerton University,1.97,Royal Free Hospital,6.3,Whittington Hospital,4.94,Homerton University,1.97
E82LT,51.549217,-0.073394,North,Homerton University,1.89,Royal Free Hospital,6.38,Whittington Hospital,5.01,Homerton University,1.89
E82LU,51.549416,-0.074005,North,Homerton University,1.93,Royal Free Hospital,6.33,Whittington Hospital,4.96,Homerton University,1.93
E82LW,51.549835,-0.071637,North,Homerton University,1.76,Royal Free Hospital,6.49,Whittington Hospital,5.1,Homerton University,1.76
E82LX,51.547711,-0.074265,North,Homerton University,1.97,Royal Free Hospital,6.33,Whittington Hospital,5.02,Homerton University,1.97
E82LY,51.546925,-0.072409,North,Homerton University,1.86,Royal Free Hospital,6.47,Whittington Hospital,5.17,Homerton University,1.86
E82LZ,51.546925,-0.072409,North,Homerton University,1.86,Royal Free Hospital,6.47,Whittington Hospital,5.17,Homerton University,1.86
E82NA,51.547331,-0.070848,North,Homerton University,1.75,Royal Free Hospital,6.57,Whittington Hospital,5.25,Homerton University,1.75
E82NB,51.548984,-0.075653,North,Homerton University,2.05,Royal Free Hospital,6.22,Whittington Hospital,4.88,Homerton University,2.05
E82ND,51.546987,-0.071786,North,Homerton University,1.82,Royal Free Hospital,6.51,Whittington Hospital,5.21,Homerton University,1.82
E82NE,51.546854,-0.070796,North,Homerton University,1.76,Royal Free Hospital,6.58,Whittington Hospital,5.28,Homerton University,1.76
E82NF,51.546264,-0.07323,North,Homerton University,1.94,Royal Free Hospital,6.42,Whittington Hospital,5.15,Homerton University,1.94
E82NG,51.546808,-0.070192,North,Homerton University,1.72,Royal Free Hospital,6.62,Whittington Hospital,5.32,Homerton University,1.72
E82NH,51.548234,-0.069973,North,Homerton University,1.67,Royal Free Hospital,6.62,Whittington Hospital,5.27,Homerton University,1.67
E82NJ,51.549191,-0.071289,North,Homerton University,1.74,Royal Free Hospital,6.52,Whittington Hospital,5.14,Homerton University,1.74
E82NL,51.550653,-0.071068,North,Homerton University,1.72,Royal Free Hospital,6.53,Whittington Hospital,5.1,Homerton University,1.72
E82NN,51.55019,-0.07354,North,Homerton University,1.89,Royal Free Hospital,6.36,Whittington Hospital,4.96,Homerton University,1.89
E82NP,51.548346,-0.07294,North,Homerton University,1.87,Royal Free Hospital,6.42,Whittington Hospital,5.08,Homerton University,1.87
E82NQ,51.550228,-0.071995,North,Homerton University,1.78,Royal Free Hospital,6.47,Whittington Hospital,5.06,Homerton University,1.78
E82NR,51.548037,-0.072722,North,Homerton University,1.86,Royal Free Hospital,6.43,Whittington Hospital,5.1,Homerton University,1.86
E82NS,51.549351,-0.074989,North,Homerton University,2.0,Royal Free Hospital,6.27,Whittington Hospital,4.9,Homerton University,2.0
E82NT,51.548327,-0.07509,North,Homerton University,2.02,Royal Free Hospital,6.27,Whittington Hospital,4.94,Homerton University,2.02
E82NU,51.547963,-0.069913,North,Homerton University,1.67,Royal Free Hospital,6.63,Whittington Hospital,5.28,Homerton University,1.67
E82NW,51.550484,-0.073369,North,Homerton University,1.88,Royal Free Hospital,6.37,Whittington Hospital,4.96,Homerton University,1.88
E82NX,51.549459,-0.074984,North,Homerton University,2.0,Royal Free Hospital,6.27,Whittington Hospital,4.9,Homerton University,2.0
E82NY,51.546679,-0.070025,North,Homerton University,1.71,Royal Free Hospital,6.63,Whittington Hospital,5.33,Homerton University,1.71
E82NZ,51.546629,-0.069724,North,Homerton University,1.69,Royal Free Hospital,6.66,Whittington Hospital,5.36,Homerton University,1.69
E82PA,51.548336,-0.075089,North,Homerton University,2.02,Royal Free Hospital,6.27,Whittington Hospital,4.94,Homerton University,2.02
E82PB,51.549468,-0.075546,North,Homerton University,2.03,Royal Free Hospital,6.23,Whittington Hospital,4.86,Homerton University,2.03
E82PD,51.548415,-0.071148,North,Homerton University,1.75,Royal Free Hospital,6.54,Whittington Hospital,5.19,Homerton University,1.75
E82PE,51.546557,-0.071876,North,Homerton University,1.84,Royal Free Hospital,6.51,Whittington Hospital,5.22,Homerton University,1.84
E82PF,51.546557,-0.071876,North,Homerton University,1.84,Royal Free Hospital,6.51,Whittington Hospital,5.22,Homerton University,1.84
E82PG,51.548686,-0.075003,North,Homerton University,2.01,Royal Free Hospital,6.27,Whittington Hospital,4.93,Homerton University,2.01
E82PH,51.548594,-0.069439,North,Homerton University,1.63,Royal Free Hospital,6.65,Whittington Hospital,5.29,Homerton University,1.63
E82PJ,51.548365,-0.07467,North,Homerton University,1.99,Royal Free Hospital,6.3,Whittington Hospital,4.97,Homerton University,1.99
E82PN,51.551561,-0.067236,North,Homerton University,1.46,Royal Free Hospital,6.79,Whittington Hospital,5.32,Homerton University,1.46
E82PQ,51.548633,-0.075654,North,Homerton University,2.05,Royal Free Hospital,6.23,Whittington Hospital,4.89,Homerton University,2.05
E82PU,51.550869,-0.06891,North,Homerton University,1.57,Royal Free Hospital,6.68,Whittington Hospital,5.23,Homerton University,1.57
E82PY,51.548342,-0.074873,North,Homerton University,2.0,Royal Free Hospital,6.28,Whittington Hospital,4.95,Homerton University,2.0
E82PZ,51.550869,-0.06891,North,Homerton University,1.57,Royal Free Hospital,6.68,Whittington Hospital,5.23,Homerton University,1.57
E82QA,51.551445,-0.068366,North,Homerton University,1.53,Royal Free Hospital,6.71,Whittington Hospital,5.25,Homerton University,1.53
E82QB,51.550869,-0.06891,North,Homerton University,1.57,Royal Free Hospital,6.68,Whittington Hospital,5.23,Homerton University,1.57
E82QD,51.550869,-0.06891,North,Homerton University,1.57,Royal Free Hospital,6.68,Whittington Hospital,5.23,Homerton University,1.57
E82QF,51.550869,-0.06891,North,Homerton University,1.57,Royal Free Hospital,6.68,Whittington Hospital,5.23,Homerton University,1.57
E82QG,51.551445,-0.068366,North,Homerton University,1.53,Royal Free Hospital,6.71,Whittington Hospital,5.25,Homerton University,1.53
E82QJ,51.551561,-0.067236,North,Homerton University,1.46,Royal Free Hospital,6.79,Whittington Hospital,5.32,Homerton University,1.46
E82QL,51.551445,-0.068366,North,Homerton University,1.53,Royal Free Hospital,6.71,Whittington Hospital,5.25,Homerton University,1.53
E82QN,51.551445,-0.068366,North,Homerton University,1.53,Royal Free Hospital,6.71,Whittington Hospital,5.25,Homerton University,1.53
E82QQ,51.551561,-0.067236,North,Homerton University,1.46,Royal Free Hospital,6.79,Whittington Hospital,5.32,Homerton University,1.46
E82QR,51.551561,-0.067236,North,Homerton University,1.46,Royal Free Hospital,6.79,Whittington Hospital,5.32,Homerton University,1.46
E82QT,51.551561,-0.067236,North,Homerton University,1.46,Royal Free Hospital,6.79,Whittington Hospital,5.32,Homerton University,1.46
E82QW,51.550869,-0.06891,North,Homerton University,1.57,Royal Free Hospital,6.68,Whittington Hospital,5.23,Homerton University,1.57
E82QX,51.550869,-0.06891,North,Homerton University,1.57,Royal Free Hospital,6.68,Whittington Hospital,5.23,Homerton University,1.57
E82QY,51.550869,-0.06891,North,Homerton University,1.57,Royal Free Hospital,6.68,Whittington Hospital,5.23,Homerton University,1.57
E82QZ,51.551445,-0.068366,North,Homerton University,1.53,Royal Free Hospital,6.71,Whittington Hospital,5.25,Homerton University,1.53
E82RA,51.551946,-0.067638,North,Homerton University,1.49,Royal Free Hospital,6.76,Whittington Hospital,5.28,Homerton University,1.49
E82RB,51.551663,-0.06742,North,Homerton University,1.47,Royal Free Hospital,6.78,Whittington Hospital,5.3,Homerton University,1.47
E82RD,51.551898,-0.066948,North,Homerton University,1.44,Royal Free Hospital,6.81,Whittington Hospital,5.32,Homerton University,1.44
E82RE,51.552447,-0.067502,North,Homerton University,1.48,Royal Free Hospital,6.77,Whittington Hospital,5.27,Homerton University,1.48
E82RF,51.552784,-0.067762,North,Homerton University,1.51,Royal Free Hospital,6.75,Whittington Hospital,5.24,Homerton University,1.51
E82RH,51.551804,-0.06613,North,Homerton University,1.38,Royal Free Hospital,6.87,Whittington Hospital,5.38,Homerton University,1.38
E82RJ,51.552105,-0.066406,North,Homerton University,1.4,Royal Free Hospital,6.85,Whittington Hospital,5.35,Homerton University,1.4
E82RL,51.552333,-0.066583,North,Homerton University,1.42,Royal Free Hospital,6.83,Whittington Hospital,5.33,Homerton University,1.42
E82RN,51.552534,-0.066777,North,Homerton University,1.44,Royal Free Hospital,6.82,Whittington Hospital,5.31,Homerton University,1.44
E82RP,51.55299,-0.067176,North,Homerton University,1.47,Royal Free Hospital,6.79,Whittington Hospital,5.27,Homerton University,1.47
E82RR,51.552246,-0.066789,North,Homerton University,1.43,Royal Free Hospital,6.82,Whittington Hospital,5.32,Homerton University,1.43
E82RS,51.552457,-0.06704,North,Homerton University,1.45,Royal Free Hospital,6.8,Whittington Hospital,5.3,Homerton University,1.45
E82RW,51.552762,-0.066969,North,Homerton University,1.45,Royal Free Hospital,6.81,Whittington Hospital,5.29,Homerton University,1.45
E82XF,51.550869,-0.06891,North,Homerton University,1.57,Royal Free Hospital,6.68,Whittington Hospital,5.23,Homerton University,1.57
E82XG,51.550869,-0.06891,North,Homerton University,1.57,Royal Free Hospital,6.68,Whittington Hospital,5.23,Homerton University,1.57
E82XN,51.550869,-0.06891,North,Homerton University,1.57,Royal Free Hospital,6.68,Whittington Hospital,5.23,Homerton University,1.57
E82XQ,51.550869,-0.06891,North,Homerton University,1.57,Royal Free Hospital,6.68,Whittington Hospital,5.23,Homerton University,1.57
E82YD,51.548634,-0.075668,North,Homerton University,2.05,Royal Free Hospital,6.23,Whittington Hospital,4.89,Homerton University,2.05
E82ZZ,51.551561,-0.067236,North,Homerton University,1.46,Royal Free Hospital,6.79,Whittington Hospital,5.32,Homerton University,1.46
E83AA,51.54333,-0.066532,North,Homerton University,1.63,Royal Free Hospital,6.92,Whittington Hospital,5.71,Homerton University,1.63
E83AB,51.543371,-0.067886,North,Homerton University,1.71,Royal Free Hospital,6.83,Whittington Hospital,5.63,Homerton University,1.71
E83AD,51.543542,-0.06847,North,Homerton University,1.74,Royal Free Hospital,6.79,Whittington Hospital,5.58,Homerton University,1.74
E83AE,51.543388,-0.063458,North,Homerton University,1.45,Royal Free Hospital,7.13,Whittington Hospital,5.9,Homerton University,1.45
E83AF,51.545776,-0.070899,North,Homerton University,1.8,Royal Free Hospital,6.59,Whittington Hospital,5.32,Homerton University,1.8
E83AG,51.544624,-0.068626,North,Homerton University,1.7,Royal Free Hospital,6.76,Whittington Hospital,5.52,Homerton University,1.7
E83AH,51.546087,-0.070656,North,Homerton University,1.77,Royal Free Hospital,6.6,Whittington Hospital,5.32,Homerton University,1.77
E83AJ,51.540662,-0.07051,North,Homerton University,2.02,Royal Free Hospital,6.71,Whittington Hospital,5.62,Homerton University,2.02
E83AL,51.538948,-0.057647,North,Homerton University,1.54,Royal Free Hospital,7.62,Whipps Cross,6.03,Homerton University,1.54
E83AN,51.540813,-0.070403,North,Homerton University,2.01,Royal Free Hospital,6.71,Whittington Hospital,5.61,Homerton University,2.01
E83AP,51.54093,-0.070412,North,Homerton University,2.0,Royal Free Hospital,6.71,Whittington Hospital,5.61,Homerton University,2.0
E83AQ,51.54548,-0.068763,North,Homerton University,1.67,Royal Free Hospital,6.74,Whittington Hospital,5.47,Homerton University,1.67
E83AR,51.544801,-0.069542,North,Homerton University,1.75,Royal Free Hospital,6.69,Whittington Hospital,5.45,Homerton University,1.75
E83AS,51.544794,-0.070205,North,Homerton University,1.79,Royal Free Hospital,6.65,Whittington Hospital,5.41,Homerton University,1.79
E83AT,51.543454,-0.069152,North,Homerton University,1.78,Royal Free Hospital,6.74,Whittington Hospital,5.55,Homerton University,1.78
E83AU,51.546074,-0.07256,North,Homerton University,1.9,Royal Free Hospital,6.47,Whittington Hospital,5.2,Homerton University,1.9
E83AW,51.540854,-0.070689,North,Homerton University,2.02,Royal Free Hospital,6.69,Whittington Hospital,5.59,Homerton University,2.02
E83AY,51.545504,-0.071257,North,Homerton University,1.83,Royal Free Hospital,6.57,Whittington Hospital,5.31,Homerton University,1.83
E83AZ,51.546096,-0.072804,North,Homerton University,1.91,Royal Free Hospital,6.45,Whittington Hospital,5.19,Homerton University,1.91
E83BA,51.540884,-0.070875,North,Homerton University,2.03,Royal Free Hospital,6.68,Whittington Hospital,5.58,Homerton University,2.03
E83BB,51.540879,-0.071135,North,Homerton University,2.05,Royal Free Hospital,6.66,Whittington Hospital,5.57,Homerton University,2.05
E83BD,51.544624,-0.069174,North,Homerton University,1.73,Royal Free Hospital,6.72,Whittington Hospital,5.49,Homerton University,1.73
E83BE,51.543322,-0.056235,North,Homerton University,1.08,Royal Free Hospital,7.63,Whipps Cross,5.61,Homerton University,1.08
E83BF,51.543137,-0.070593,North,Homerton University,1.89,Royal Free Hospital,6.65,Whittington Hospital,5.47,Homerton University,1.89
E83BG,51.546051,-0.073931,North,Homerton University,1.99,Royal Free Hospital,6.37,Whittington Hospital,5.12,Homerton University,1.99
E83BH,51.543912,-0.064748,North,Homerton University,1.49,Royal Free Hospital,7.04,Whittington Hospital,5.8,Homerton University,1.49
E83BJ,51.54469,-0.066071,North,Homerton University,1.53,Royal Free Hospital,6.93,Whittington Hospital,5.68,Homerton University,1.53
E83BL,51.543849,-0.070173,North,Homerton University,1.83,Royal Free Hospital,6.67,Whittington Hospital,5.46,Homerton University,1.83
E83BN,51.543596,-0.070112,North,Homerton University,1.84,Royal Free Hospital,6.67,Whittington Hospital,5.48,Homerton University,1.84
E83BP,51.544279,-0.066795,North,Homerton University,1.6,Royal Free Hospital,6.89,Whittington Hospital,5.65,Homerton University,1.6
E83BQ,51.545726,-0.073829,North,Homerton University,1.99,Royal Free Hospital,6.39,Whittington Hospital,5.14,Homerton University,1.99
E83BS,51.543828,-0.067275,North,Homerton University,1.65,Royal Free Hospital,6.86,Whittington Hospital,5.64,Homerton University,1.65
E83BT,51.54418,-0.068977,North,Homerton University,1.74,Royal Free Hospital,6.74,Whittington Hospital,5.52,Homerton University,1.74
E83BU,51.543354,-0.069617,North,Homerton University,1.82,Royal Free Hospital,6.71,Whittington Hospital,5.52,Homerton University,1.82
E83BW,51.543849,-0.071269,North,Homerton University,1.9,Royal Free Hospital,6.59,Whittington Hospital,5.4,Homerton University,1.9
E83BX,51.544129,-0.072411,North,Homerton University,1.96,Royal Free Hospital,6.51,Whittington Hospital,5.31,Homerton University,1.96
E83BY,51.543982,-0.075504,North,Homerton University,2.16,Royal Free Hospital,6.3,Whittington Hospital,5.13,Homerton University,2.16
E83BZ,51.543845,-0.068832,North,Homerton University,1.75,Royal Free Hospital,6.76,Whittington Hospital,5.55,Homerton University,1.75
E83DA,51.543298,-0.073831,North,Homerton University,2.08,Royal Free Hospital,6.43,Whittington Hospital,5.27,Homerton University,2.08
E83DB,51.543826,-0.074227,North,Homerton University,2.09,Royal Free Hospital,6.39,Whittington Hospital,5.22,Homerton University,2.09
E83DD,51.544555,-0.074816,North,Homerton University,2.1,Royal Free Hospital,6.34,Whittington Hospital,5.14,Homerton University,2.1
E83DE,51.546125,-0.075154,North,Homerton University,2.07,Royal Free Hospital,6.29,Whittington Hospital,5.04,Homerton University,2.07
E83DF,51.546382,-0.073297,North,Homerton University,1.94,Royal Free Hospital,6.41,Whittington Hospital,5.14,Homerton University,1.94
E83DG,51.545409,-0.073713,North,Homerton University,1.99,Royal Free Hospital,6.4,Whittington Hospital,5.17,Homerton University,1.99
E83DH,51.542565,-0.066464,North,Homerton University,1.67,Royal Free Hospital,6.94,Whittington Hospital,5.76,Homerton University,1.67
E83DJ,51.546312,-0.076112,North,Homerton University,2.13,Royal Free Hospital,6.22,Whittington Hospital,4.97,Homerton University,2.13
E83DL,51.546913,-0.074947,North,Homerton University,2.03,Royal Free Hospital,6.29,Whittington Hospital,5.02,Homerton University,2.03
E83DN,51.546288,-0.074671,North,Homerton University,2.03,Royal Free Hospital,6.32,Whittington Hospital,5.06,Homerton University,2.03
E83DP,51.547129,-0.074982,North,Homerton University,2.03,Royal Free Hospital,6.29,Whittington Hospital,5.0,Homerton University,2.03
E83DQ,51.539507,-0.057768,North,Homerton University,1.49,Royal Free Hospital,7.6,Whipps Cross,5.99,Homerton University,1.49
E83DR,51.543874,-0.066249,North,Homerton University,1.59,Royal Free Hospital,6.93,Whittington Hospital,5.7,Homerton University,1.59
E83DS,51.544491,-0.074747,North,Homerton University,2.09,Royal Free Hospital,6.34,Whittington Hospital,5.15,Homerton University,2.09
E83DT,51.545466,-0.073912,North,Homerton University,2.01,Royal Free Hospital,6.38,Whittington Hospital,5.15,Homerton University,2.01
E83DU,51.546677,-0.073155,North,Homerton University,1.92,Royal Free Hospital,6.42,Whittington Hospital,5.14,Homerton University,1.92
E83DW,51.545736,-0.072834,North,Homerton University,1.93,Royal Free Hospital,6.45,Whittington Hospital,5.2,Homerton University,1.93
E83DX,51.545489,-0.073089,North,Homerton University,1.95,Royal Free Hospital,6.44,Whittington Hospital,5.2,Homerton University,1.95
E83DY,51.544685,-0.074003,North,Homerton University,2.04,Royal Free Hospital,6.39,Whittington Hospital,5.19,Homerton University,2.04
E83DZ,51.544956,-0.074049,North,Homerton University,2.03,Royal Free Hospital,6.38,Whittington Hospital,5.17,Homerton University,2.03
E83EA,51.546288,-0.074671,North,Homerton University,2.03,Royal Free Hospital,6.32,Whittington Hospital,5.06,Homerton University,2.03
E83EB,51.544911,-0.064778,North,Homerton University,1.44,Royal Free Hospital,7.02,Whittington Hospital,5.75,Homerton University,1.44
E83ED,51.545422,-0.065246,North,Homerton University,1.45,Royal Free Hospital,6.98,Whittington Hospital,5.69,Homerton University,1.45
E83EE,51.545319,-0.067183,North,Homerton University,1.57,Royal Free Hospital,6.85,Whittington Hospital,5.58,Homerton University,1.57
E83EF,51.544348,-0.0661,North,Homerton University,1.55,Royal Free Hospital,6.94,Whittington Hospital,5.69,Homerton University,1.55
E83EG,51.543677,-0.064671,North,Homerton University,1.5,Royal Free Hospital,7.05,Whittington Hospital,5.81,Homerton University,1.5
E83EH,51.542576,-0.066045,North,Homerton University,1.65,Royal Free Hospital,6.97,Whittington Hospital,5.78,Homerton University,1.65
E83EJ,51.542652,-0.063575,North,Homerton University,1.5,Royal Free Hospital,7.14,Whittington Hospital,5.93,Homerton University,1.5
E83EL,51.542431,-0.063268,North,Homerton University,1.5,Royal Free Hospital,7.16,Whittington Hospital,5.96,Homerton University,1.5
E83EN,51.542366,-0.062578,North,Homerton University,1.47,Royal Free Hospital,7.21,Whipps Cross,6.01,Homerton University,1.47
E83EP,51.541611,-0.063677,North,Homerton University,1.58,Royal Free Hospital,7.15,Whittington Hospital,5.98,Homerton University,1.58
E83EQ,51.542957,-0.064082,North,Homerton University,1.51,Royal Free Hospital,7.1,Whittington Hospital,5.88,Homerton University,1.51
E83ER,51.541355,-0.063991,North,Homerton University,1.62,Royal Free Hospital,7.13,Whittington Hospital,5.97,Homerton University,1.62
E83ES,51.541693,-0.062679,North,Homerton University,1.52,Royal Free Hospital,7.22,Whittington Hospital,6.03,Homerton University,1.52
E83ET,51.541943,-0.063115,North,Homerton University,1.53,Royal Free Hospital,7.18,Whittington Hospital,5.99,Homerton University,1.53
E83EU,51.543057,-0.062491,North,Homerton University,1.42,Royal Free Hospital,7.2,Whipps Cross,5.95,Homerton University,1.42
E83EW,51.541629,-0.064773,North,Homerton University,1.64,Royal Free Hospital,7.08,Whittington Hospital,5.91,Homerton University,1.64
E83EX,51.545529,-0.067348,North,Homerton University,1.58,Royal Free Hospital,6.83,Whittington Hospital,5.56,Homerton University,1.58
E83EY,51.542777,-0.062416,North,Homerton University,1.43,Royal Free Hospital,7.21,Whipps Cross,5.97,Homerton University,1.43
E83EZ,51.545162,-0.065257,North,Homerton University,1.46,Royal Free Hospital,6.98,Whittington Hospital,5.7,Homerton University,1.46
E83FA,51.537356,-0.059272,North,Homerton University,1.75,Royal Free Hospital,7.55,Whipps Cross,6.23,Homerton University,1.75
E83FD,51.542549,-0.066623,North,Homerton University,1.68,Royal Free Hospital,6.93,Whittington Hospital,5.75,Homerton University,1.68
E83FF,51.5436,-0.057262,North,Homerton University,1.11,Royal Free Hospital,7.55,Whipps Cross,5.64,Homerton University,1.11
E83FG,51.538331,-0.056779,North,Homerton University,1.57,Royal Free Hospital,7.69,Whipps Cross,6.04,Homerton University,1.57
E83FL,51.539529,-0.070529,North,Homerton University,2.1,Royal Free Hospital,6.73,Whittington Hospital,5.68,Homerton University,2.1
E83FN,51.538948,-0.057647,North,Homerton University,1.54,Royal Free Hospital,7.62,Whipps Cross,6.03,Homerton University,1.54
E83FP,51.53734,-0.058855,North,Homerton University,1.73,Royal Free Hospital,7.58,Whipps Cross,6.22,Homerton University,1.73
E83FQ,51.544237,-0.074051,North,Homerton University,2.06,Royal Free Hospital,6.39,Whittington Hospital,5.21,Homerton University,2.06
E83FR,51.540438,-0.062934,North,Homerton University,1.63,Royal Free Hospital,7.23,Whittington Hospital,6.08,Homerton University,1.63
E83FS,51.545904,-0.074846,North,Homerton University,2.05,Royal Free Hospital,6.31,Whittington Hospital,5.07,Homerton University,2.05
E83FT,51.546039,-0.074855,North,Homerton University,2.05,Royal Free Hospital,6.31,Whittington Hospital,5.06,Homerton University,2.05
E83FU,51.542037,-0.056852,North,Homerton University,1.22,Royal Free Hospital,7.61,Whipps Cross,5.74,Homerton University,1.22
E83FW,51.539115,-0.05689,North,Homerton University,1.49,Royal Free Hospital,7.67,Whipps Cross,5.98,Homerton University,1.49
E83FX,51.539268,-0.056898,North,Homerton University,1.48,Royal Free Hospital,7.66,Whipps Cross,5.97,Homerton University,1.48
E83FY,51.538841,-0.05719,North,Homerton University,1.53,Royal Free Hospital,7.65,Whipps Cross,6.02,Homerton University,1.53
E83FZ,51.541839,-0.056284,North,Homerton University,1.22,Royal Free Hospital,7.65,Whipps Cross,5.73,Homerton University,1.22
E83GA,51.544205,-0.074845,North,Homerton University,2.11,Royal Free Hospital,6.34,Whittington Hospital,5.16,Homerton University,2.11
E83GB,51.544366,-0.074839,North,Homerton University,2.11,Royal Free Hospital,6.34,Whittington Hospital,5.15,Homerton University,2.11
E83GD,51.544762,-0.074851,North,Homerton University,2.09,Royal Free Hospital,6.33,Whittington Hospital,5.13,Homerton University,2.09
E83GE,51.541886,-0.073862,North,Homerton University,2.15,Royal Free Hospital,6.45,Whittington Hospital,5.35,Homerton University,2.15
E83GF,51.542072,-0.073104,North,Homerton University,2.1,Royal Free Hospital,6.5,Whittington Hospital,5.38,Homerton University,2.1
E83GG,51.540983,-0.071405,North,Homerton University,2.06,Royal Free Hospital,6.64,Whittington Hospital,5.54,Homerton University,2.06
E83GH,51.540902,-0.071423,North,Homerton University,2.06,Royal Free Hospital,6.64,Whittington Hospital,5.55,Homerton University,2.06
E83GJ,51.544588,-0.064806,North,Homerton University,1.46,Royal Free Hospital,7.02,Whittington Hospital,5.76,Homerton University,1.46
E83GL,51.537152,-0.058877,North,Homerton University,1.75,Royal Free Hospital,7.58,Whipps Cross,6.23,Homerton University,1.75
E83GN,51.545277,-0.073863,North,Homerton University,2.01,Royal Free Hospital,6.39,Whittington Hospital,5.16,Homerton University,2.01
E83GP,51.545061,-0.073901,North,Homerton University,2.02,Royal Free Hospital,6.39,Whittington Hospital,5.17,Homerton University,2.02
E83GQ,51.544951,-0.074872,North,Homerton University,2.09,Royal Free Hospital,6.33,Whittington Hospital,5.12,Homerton University,2.09
E83GR,51.544951,-0.074872,North,Homerton University,2.09,Royal Free Hospital,6.33,Whittington Hospital,5.12,Homerton University,2.09
E83GS,51.545644,-0.074857,North,Homerton University,2.06,Royal Free Hospital,6.32,Whittington Hospital,5.08,Homerton University,2.06
E83GT,51.545122,-0.074864,North,Homerton University,2.08,Royal Free Hospital,6.32,Whittington Hospital,5.11,Homerton University,2.08
E83GU,51.545644,-0.074857,North,Homerton University,2.06,Royal Free Hospital,6.32,Whittington Hospital,5.08,Homerton University,2.06
E83GW,51.545536,-0.074847,North,Homerton University,2.07,Royal Free Hospital,6.32,Whittington Hospital,5.09,Homerton University,2.07
E83GX,51.543396,-0.070495,North,Homerton University,1.87,Royal Free Hospital,6.65,Whittington Hospital,5.47,Homerton University,1.87
E83GZ,51.54275,-0.070624,North,Homerton University,1.91,Royal Free Hospital,6.66,Whittington Hospital,5.49,Homerton University,1.91
E83HA,51.541164,-0.063321,North,Homerton University,1.6,Royal Free Hospital,7.18,Whittington Hospital,6.02,Homerton University,1.6
E83HB,51.540776,-0.062703,North,Homerton University,1.6,Royal Free Hospital,7.23,Whittington Hospital,6.08,Homerton University,1.6
E83HD,51.540478,-0.062601,North,Homerton University,1.61,Royal Free Hospital,7.25,Whittington Hospital,6.1,Homerton University,1.61
E83HE,51.54119,-0.062715,North,Homerton University,1.56,Royal Free Hospital,7.23,Whittington Hospital,6.06,Homerton University,1.56
E83HF,51.541222,-0.062497,North,Homerton University,1.55,Royal Free Hospital,7.24,Whittington Hospital,6.07,Homerton University,1.55
E83HG,51.541289,-0.062191,North,Homerton University,1.53,Royal Free Hospital,7.26,Whipps Cross,6.07,Homerton University,1.53
E83HH,51.540492,-0.063999,North,Homerton University,1.68,Royal Free Hospital,7.15,Whittington Hospital,6.02,Homerton University,1.68
E83HJ,51.540168,-0.064013,North,Homerton University,1.71,Royal Free Hospital,7.16,Whittington Hospital,6.03,Homerton University,1.71
E83HL,51.543142,-0.063295,North,Homerton University,1.46,Royal Free Hospital,7.15,Whittington Hospital,5.92,Homerton University,1.46
E83HN,51.543053,-0.065505,North,Homerton University,1.59,Royal Free Hospital,7.0,Whittington Hospital,5.79,Homerton University,1.59
E83HP,51.54267,-0.073381,North,Homerton University,2.09,Royal Free Hospital,6.47,Whittington Hospital,5.33,Homerton University,2.09
E83HQ,51.540747,-0.062027,North,Homerton University,1.56,Royal Free Hospital,7.28,Whipps Cross,6.1,Homerton University,1.56
E83HR,51.542837,-0.070952,North,Homerton University,1.93,Royal Free Hospital,6.63,Whittington Hospital,5.47,Homerton University,1.93
E83HS,51.543492,-0.071962,North,Homerton University,1.96,Royal Free Hospital,6.55,Whittington Hospital,5.37,Homerton University,1.96
E83HT,51.543356,-0.056133,North,Homerton University,1.08,Royal Free Hospital,7.63,Whipps Cross,5.61,Homerton University,1.08
E83HU,51.541795,-0.074861,North,Homerton University,2.22,Royal Free Hospital,6.39,Whittington Hospital,5.29,Homerton University,2.22
E83HW,51.542921,-0.06841,North,Homerton University,1.77,Royal Free Hospital,6.8,Whittington Hospital,5.62,Homerton University,1.77
E83HX,51.543497,-0.072842,North,Homerton University,2.01,Royal Free Hospital,6.49,Whittington Hospital,5.32,Homerton University,2.01
E83HY,51.542745,-0.074143,North,Homerton University,2.13,Royal Free Hospital,6.42,Whittington Hospital,5.28,Homerton University,2.13
E83HZ,51.541771,-0.073419,North,Homerton University,2.13,Royal Free Hospital,6.49,Whittington Hospital,5.38,Homerton University,2.13
E83JA,51.541251,-0.071869,North,Homerton University,2.07,Royal Free Hospital,6.6,Whittington Hospital,5.5,Homerton University,2.07
E83JB,51.542236,-0.070544,North,Homerton University,1.93,Royal Free Hospital,6.67,Whittington Hospital,5.53,Homerton University,1.93
E83JD,51.542236,-0.070544,North,Homerton University,1.93,Royal Free Hospital,6.67,Whittington Hospital,5.53,Homerton University,1.93
E83JE,51.542742,-0.070667,North,Homerton University,1.91,Royal Free Hospital,6.65,Whittington Hospital,5.49,Homerton University,1.91
E83JF,51.542742,-0.070667,North,Homerton University,1.91,Royal Free Hospital,6.65,Whittington Hospital,5.49,Homerton University,1.91
E83JG,51.541748,-0.071978,North,Homerton University,2.05,Royal Free Hospital,6.58,Whittington Hospital,5.47,Homerton University,2.05
E83JH,51.540873,-0.073457,North,Homerton University,2.18,Royal Free Hospital,6.5,Whittington Hospital,5.43,Homerton University,2.18
E83JJ,51.540873,-0.073457,North,Homerton University,2.18,Royal Free Hospital,6.5,Whittington Hospital,5.43,Homerton University,2.18
E83JL,51.541771,-0.073419,North,Homerton University,2.13,Royal Free Hospital,6.49,Whittington Hospital,5.38,Homerton University,2.13
E83JN,51.542637,-0.068653,North,Homerton University,1.8,Royal Free Hospital,6.79,Whittington Hospital,5.62,Homerton University,1.8
E83JP,51.543131,-0.071372,North,Homerton University,1.94,Royal Free Hospital,6.6,Whittington Hospital,5.43,Homerton University,1.94
E83JQ,51.541748,-0.071978,North,Homerton University,2.05,Royal Free Hospital,6.58,Whittington Hospital,5.47,Homerton University,2.05
E83JR,51.542507,-0.073345,North,Homerton University,2.09,Royal Free Hospital,6.48,Whittington Hospital,5.34,Homerton University,2.09
E83JS,51.541179,-0.055548,North,Homerton University,1.25,Royal Free Hospital,7.71,Whipps Cross,5.75,Homerton University,1.25
E83JT,51.542178,-0.074109,North,Homerton University,2.15,Royal Free Hospital,6.43,Whittington Hospital,5.32,Homerton University,2.15
E83JU,51.540849,-0.072016,North,Homerton University,2.1,Royal Free Hospital,6.6,Whittington Hospital,5.52,Homerton University,2.1
E83JW,51.541559,-0.068713,North,Homerton University,1.87,Royal Free Hospital,6.81,Whittington Hospital,5.67,Homerton University,1.87
E83JX,51.541035,-0.071879,North,Homerton University,2.08,Royal Free Hospital,6.61,Whittington Hospital,5.51,Homerton University,2.08
E83JY,51.540867,-0.071467,North,Homerton University,2.07,Royal Free Hospital,6.64,Whittington Hospital,5.55,Homerton University,2.07
E83JZ,51.541748,-0.071978,North,Homerton University,2.05,Royal Free Hospital,6.58,Whittington Hospital,5.47,Homerton University,2.05
E83LA,51.541326,-0.070439,North,Homerton University,1.98,Royal Free Hospital,6.7,Whittington Hospital,5.58,Homerton University,1.98
E83LB,51.542575,-0.067617,North,Homerton University,1.74,Royal Free Hospital,6.86,Whittington Hospital,5.69,Homerton University,1.74
E83LD,51.541194,-0.073862,North,Homerton University,2.19,Royal Free Hospital,6.47,Whittington Hospital,5.39,Homerton University,2.19
E83LE,51.541326,-0.070439,North,Homerton University,1.98,Royal Free Hospital,6.7,Whittington Hospital,5.58,Homerton University,1.98
E83LF,51.541876,-0.071064,North,Homerton University,1.99,Royal Free Hospital,6.64,Whittington Hospital,5.51,Homerton University,1.99
E83LG,51.541854,-0.070258,North,Homerton University,1.94,Royal Free Hospital,6.7,Whittington Hospital,5.56,Homerton University,1.94
E83LH,51.543192,-0.070115,North,Homerton University,1.86,Royal Free Hospital,6.68,Whittington Hospital,5.5,Homerton University,1.86
E83LJ,51.542349,-0.067569,North,Homerton University,1.75,Royal Free Hospital,6.87,Whittington Hospital,5.7,Homerton University,1.75
E83LL,51.541635,-0.065681,North,Homerton University,1.69,Royal Free Hospital,7.01,Whittington Hospital,5.85,Homerton University,1.69
E83LN,51.541997,-0.064743,North,Homerton University,1.61,Royal Free Hospital,7.07,Whittington Hospital,5.89,Homerton University,1.61
E83LP,51.541138,-0.067173,North,Homerton University,1.8,Royal Free Hospital,6.92,Whittington Hospital,5.79,Homerton University,1.8
E83LQ,51.542563,-0.070184,North,Homerton University,1.89,Royal Free Hospital,6.69,Whittington Hospital,5.53,Homerton University,1.89
E83LR,51.541138,-0.065543,North,Homerton University,1.72,Royal Free Hospital,7.03,Whittington Hospital,5.89,Homerton University,1.72
E83LS,51.540894,-0.065496,North,Homerton University,1.73,Royal Free Hospital,7.04,Whittington Hospital,5.9,Homerton University,1.73
E83LT,51.540112,-0.067692,North,Homerton University,1.9,Royal Free Hospital,6.91,Whittington Hospital,5.81,Homerton University,1.9
E83LU,51.540928,-0.068638,North,Homerton University,1.9,Royal Free Hospital,6.83,Whittington Hospital,5.71,Homerton University,1.9
E83LW,51.540754,-0.066252,North,Homerton University,1.78,Royal Free Hospital,6.99,Whittington Hospital,5.87,Homerton University,1.78
E83LX,51.540311,-0.070453,North,Homerton University,2.04,Royal Free Hospital,6.72,Whittington Hospital,5.64,Homerton University,2.04
E83LY,51.541179,-0.055548,North,Homerton University,1.25,Royal Free Hospital,7.71,Whipps Cross,5.75,Homerton University,1.25
E83NA,51.539028,-0.070651,North,Homerton University,2.14,Royal Free Hospital,6.74,Whittington Hospital,5.7,Homerton University,2.14
E83NB,51.53977,-0.06987,North,Homerton University,2.05,Royal Free Hospital,6.77,Whittington Hospital,5.7,Homerton University,2.05
E83ND,51.540106,-0.070591,North,Homerton University,2.06,Royal Free Hospital,6.72,Whittington Hospital,5.64,Homerton University,2.06
E83NE,51.540728,-0.070666,North,Homerton University,2.03,Royal Free Hospital,6.7,Whittington Hospital,5.6,Homerton University,2.03
E83NF,51.540728,-0.070666,North,Homerton University,2.03,Royal Free Hospital,6.7,Whittington Hospital,5.6,Homerton University,2.03
E83NG,51.540849,-0.072016,North,Homerton University,2.1,Royal Free Hospital,6.6,Whittington Hospital,5.52,Homerton University,2.1
E83NH,51.542042,-0.069673,North,Homerton University,1.89,Royal Free Hospital,6.73,Whittington Hospital,5.59,Homerton University,1.89
E83NJ,51.543664,-0.058946,North,Homerton University,1.19,Royal Free Hospital,7.44,Whipps Cross,5.72,Homerton University,1.19
E83NL,51.543732,-0.06089,North,Homerton University,1.28,Royal Free Hospital,7.3,Whipps Cross,5.82,Homerton University,1.28
E83NN,51.543876,-0.059832,North,Homerton University,1.22,Royal Free Hospital,7.37,Whipps Cross,5.75,Homerton University,1.22
E83NP,51.543331,-0.058932,North,Homerton University,1.21,Royal Free Hospital,7.44,Whipps Cross,5.75,Homerton University,1.21
E83NQ,51.540849,-0.072016,North,Homerton University,2.1,Royal Free Hospital,6.6,Whittington Hospital,5.52,Homerton University,2.1
E83NR,51.544084,-0.056635,North,Homerton University,1.04,Royal Free Hospital,7.59,Whipps Cross,5.57,Homerton University,1.04
E83NS,51.542727,-0.055583,North,Homerton University,1.11,Royal Free Hospital,7.68,Whipps Cross,5.63,Homerton University,1.11
E83NT,51.545353,-0.06923,North,Homerton University,1.7,Royal Free Hospital,6.71,Whittington Hospital,5.45,Homerton University,1.7
E83NU,51.543051,-0.055598,North,Homerton University,1.08,Royal Free Hospital,7.68,Whipps Cross,5.6,Homerton University,1.08
E83NW,51.543876,-0.059832,North,Homerton University,1.22,Royal Free Hospital,7.37,Whipps Cross,5.75,Homerton University,1.22
E83NX,51.543809,-0.056344,North,Homerton University,1.05,Royal Free Hospital,7.61,Whipps Cross,5.58,Homerton University,1.05
E83PA,51.54248,-0.056458,North,Homerton University,1.17,Royal Free Hospital,7.63,Whipps Cross,5.69,Homerton University,1.17
E83PD,51.541486,-0.056126,North,Homerton University,1.24,Royal Free Hospital,7.67,Whipps Cross,5.75,Homerton University,1.24
E83PE,51.541797,-0.058117,North,Homerton University,1.3,Royal Free Hospital,7.53,Whipps Cross,5.82,Homerton University,1.3
E83PF,51.540627,-0.0586,North,Homerton University,1.42,Royal Free Hospital,7.52,Whipps Cross,5.94,Homerton University,1.42
E83PG,51.54082,-0.058274,North,Homerton University,1.39,Royal Free Hospital,7.53,Whipps Cross,5.91,Homerton University,1.39
E83PH,51.540989,-0.057661,North,Homerton University,1.35,Royal Free Hospital,7.57,Whipps Cross,5.87,Homerton University,1.35
E83PJ,51.5403,-0.058902,North,Homerton University,1.46,Royal Free Hospital,7.5,Whipps Cross,5.98,Homerton University,1.46
E83PL,51.540498,-0.057322,North,Homerton University,1.38,Royal Free Hospital,7.61,Whipps Cross,5.89,Homerton University,1.38
E83PN,51.540599,-0.057461,North,Homerton University,1.38,Royal Free Hospital,7.59,Whipps Cross,5.89,Homerton University,1.38
E83PP,51.541994,-0.057503,North,Homerton University,1.25,Royal Free Hospital,7.56,Whipps Cross,5.78,Homerton University,1.25
E83PQ,51.542743,-0.056591,North,Homerton University,1.15,Royal Free Hospital,7.61,Whipps Cross,5.68,Homerton University,1.15
E83PR,51.541839,-0.056284,North,Homerton University,1.22,Royal Free Hospital,7.65,Whipps Cross,5.73,Homerton University,1.22
E83PS,51.542408,-0.057529,North,Homerton University,1.22,Royal Free Hospital,7.55,Whipps Cross,5.75,Homerton University,1.22
E83PT,51.542084,-0.056446,North,Homerton University,1.2,Royal Free Hospital,7.63,Whipps Cross,5.72,Homerton University,1.2
E83PU,51.541509,-0.057567,North,Homerton University,1.3,Royal Free Hospital,7.57,Whipps Cross,5.82,Homerton University,1.3
E83PX,51.541445,-0.055839,North,Homerton University,1.24,Royal Free Hospital,7.69,Whipps Cross,5.74,Homerton University,1.24
E83PZ,51.541486,-0.056126,North,Homerton University,1.24,Royal Free Hospital,7.67,Whipps Cross,5.75,Homerton University,1.24
E83QA,51.540864,-0.056628,North,Homerton University,1.32,Royal Free Hospital,7.65,Whipps Cross,5.83,Homerton University,1.32
E83QB,51.540598,-0.057389,North,Homerton University,1.37,Royal Free Hospital,7.6,Whipps Cross,5.88,Homerton University,1.37
E83QD,51.542159,-0.05552,North,Homerton University,1.16,Royal Free Hospital,7.7,Whipps Cross,5.67,Homerton University,1.16
E83QE,51.540962,-0.05547,North,Homerton University,1.27,Royal Free Hospital,7.72,Whipps Cross,5.76,Homerton University,1.27
E83QF,51.540899,-0.055473,North,Homerton University,1.27,Royal Free Hospital,7.72,Whipps Cross,5.77,Homerton University,1.27
E83QH,51.541799,-0.055478,North,Homerton University,1.19,Royal Free Hospital,7.71,Whipps Cross,5.7,Homerton University,1.19
E83QJ,51.541853,-0.055519,North,Homerton University,1.19,Royal Free Hospital,7.7,Whipps Cross,5.69,Homerton University,1.19
E83QL,51.541533,-0.059008,North,Homerton University,1.36,Royal Free Hospital,7.47,Whipps Cross,5.89,Homerton University,1.36
E83QN,51.543271,-0.061833,North,Homerton University,1.37,Royal Free Hospital,7.25,Whipps Cross,5.9,Homerton University,1.37
E83QP,51.543148,-0.057122,North,Homerton University,1.14,Royal Free Hospital,7.57,Whipps Cross,5.67,Homerton University,1.14
E83QQ,51.543014,-0.0572,North,Homerton University,1.15,Royal Free Hospital,7.57,Whipps Cross,5.68,Homerton University,1.15
E83QR,51.543322,-0.056235,North,Homerton University,1.08,Royal Free Hospital,7.63,Whipps Cross,5.61,Homerton University,1.08
E83QS,51.543266,-0.056641,North,Homerton University,1.11,Royal Free Hospital,7.6,Whipps Cross,5.64,Homerton University,1.11
E83QT,51.543307,-0.057491,North,Homerton University,1.14,Royal Free Hospital,7.54,Whipps Cross,5.68,Homerton University,1.14
E83QU,51.543307,-0.057491,North,Homerton University,1.14,Royal Free Hospital,7.54,Whipps Cross,5.68,Homerton University,1.14
E83QW,51.543262,-0.058069,North,Homerton University,1.17,Royal Free Hospital,7.5,Whipps Cross,5.71,Homerton University,1.17
E83QY,51.543013,-0.056032,North,Homerton University,1.1,Royal Free Hospital,7.65,Whipps Cross,5.63,Homerton University,1.1
E83QZ,51.543283,-0.056049,North,Homerton University,1.08,Royal Free Hospital,7.64,Whipps Cross,5.61,Homerton University,1.08
E83RA,51.543813,-0.054945,North,Homerton University,0.98,Royal Free Hospital,7.71,Whipps Cross,5.51,Homerton University,0.98
E83RB,51.543813,-0.054945,North,Homerton University,0.98,Royal Free Hospital,7.71,Whipps Cross,5.51,Homerton University,0.98
E83RD,51.541853,-0.055519,North,Homerton University,1.19,Royal Free Hospital,7.7,Whipps Cross,5.69,Homerton University,1.19
E83RE,51.541123,-0.054872,North,Homerton University,1.23,Royal Free Hospital,7.76,Whipps Cross,5.72,Homerton University,1.23
E83RF,51.540376,-0.054818,North,Homerton University,1.3,Royal Free Hospital,7.78,Whipps Cross,5.78,Homerton University,1.3
E83RG,51.540271,-0.054995,North,Homerton University,1.32,Royal Free Hospital,7.77,Whipps Cross,5.8,Homerton University,1.32
E83RH,51.539399,-0.056647,North,Homerton University,1.46,Royal Free Hospital,7.68,Whipps Cross,5.94,Homerton University,1.46
E83RJ,51.538814,-0.057682,North,Homerton University,1.55,Royal Free Hospital,7.62,Whipps Cross,6.04,Homerton University,1.55
E83RL,51.537505,-0.059006,North,Homerton University,1.72,Royal Free Hospital,7.56,Whipps Cross,6.21,Homerton University,1.72
E83RN,51.537988,-0.057789,North,Homerton University,1.63,Royal Free Hospital,7.63,Whipps Cross,6.11,Homerton University,1.63
E83RP,51.538161,-0.05843,North,Homerton University,1.64,Royal Free Hospital,7.58,Whipps Cross,6.13,Homerton University,1.64
E83RQ,51.538814,-0.057682,North,Homerton University,1.55,Royal Free Hospital,7.62,Whipps Cross,6.04,Homerton University,1.55
E83RR,51.538447,-0.058375,North,Homerton University,1.61,Royal Free Hospital,7.58,Whipps Cross,6.1,Homerton University,1.61
E83RS,51.538727,-0.058969,North,Homerton University,1.61,Royal Free Hospital,7.53,Whipps Cross,6.11,Homerton University,1.61
E83RT,51.538512,-0.057925,North,Homerton University,1.59,Royal Free Hospital,7.61,Whipps Cross,6.08,Homerton University,1.59
E83RU,51.537374,-0.058738,North,Homerton University,1.73,Royal Free Hospital,7.58,Whipps Cross,6.21,Homerton University,1.73
E83RW,51.539111,-0.058794,North,Homerton University,1.56,Royal Free Hospital,7.54,Whipps Cross,6.07,Homerton University,1.56
E83RX,51.537064,-0.06064,North,Homerton University,1.82,Royal Free Hospital,7.46,Whipps Cross,6.32,Homerton University,1.82
E83RY,51.538642,-0.059823,North,Homerton University,1.65,Royal Free Hospital,7.48,Whipps Cross,6.16,Homerton University,1.65
E83RZ,51.537963,-0.060602,North,Homerton University,1.74,Royal Free Hospital,7.44,Whipps Cross,6.25,Homerton University,1.74
E83SA,51.53945,-0.059198,North,Homerton University,1.55,Royal Free Hospital,7.5,Whipps Cross,6.06,Homerton University,1.55
E83SB,51.539435,-0.058794,North,Homerton University,1.53,Royal Free Hospital,7.53,Whipps Cross,6.04,Homerton University,1.53
E83SD,51.539366,-0.057355,North,Homerton University,1.49,Royal Free Hospital,7.63,Whipps Cross,5.98,Homerton University,1.49
E83SE,51.539809,-0.056976,North,Homerton University,1.43,Royal Free Hospital,7.64,Whipps Cross,5.93,Homerton University,1.43
E83SF,51.539532,-0.05706,North,Homerton University,1.46,Royal Free Hospital,7.64,Whipps Cross,5.95,Homerton University,1.46
E83SG,51.538378,-0.056388,North,Homerton University,1.55,Royal Free Hospital,7.72,Whipps Cross,6.02,Homerton University,1.55
E83SH,51.539618,-0.055787,North,Homerton University,1.41,Royal Free Hospital,7.73,Whipps Cross,5.89,Homerton University,1.41
E83SJ,51.538564,-0.056712,North,Homerton University,1.54,Royal Free Hospital,7.69,Whipps Cross,6.02,Homerton University,1.54
E83SL,51.537915,-0.05772,North,Homerton University,1.64,Royal Free Hospital,7.64,Whipps Cross,6.12,Homerton University,1.64
E83SN,51.542565,-0.066464,North,Homerton University,1.67,Royal Free Hospital,6.94,Whittington Hospital,5.76,Homerton University,1.67
E83SP,51.537848,-0.058588,North,Homerton University,1.68,Royal Free Hospital,7.58,Whipps Cross,6.16,Homerton University,1.68
E83SQ,51.53879,-0.056241,North,Homerton University,1.51,Royal Free Hospital,7.72,Whipps Cross,5.98,Homerton University,1.51
E83SS,51.544467,-0.073306,North,Homerton University,2.0,Royal Free Hospital,6.44,Whittington Hospital,5.24,Homerton University,2.0
E83SU,51.544736,-0.073237,North,Homerton University,1.99,Royal Free Hospital,6.44,Whittington Hospital,5.23,Homerton University,1.99
E83SX,51.544988,-0.072692,North,Homerton University,1.94,Royal Free Hospital,6.48,Whittington Hospital,5.25,Homerton University,1.94
E83SY,51.545434,-0.072472,North,Homerton University,1.91,Royal Free Hospital,6.48,Whittington Hospital,5.24,Homerton University,1.91
E83SZ,51.545103,-0.073163,North,Homerton University,1.97,Royal Free Hospital,6.44,Whittington Hospital,5.22,Homerton University,1.97
E83TA,51.544743,-0.071477,North,Homerton University,1.87,Royal Free Hospital,6.56,Whittington Hospital,5.34,Homerton University,1.87
E83TB,51.544955,-0.070718,North,Homerton University,1.82,Royal Free Hospital,6.61,Whittington Hospital,5.37,Homerton University,1.82
E83TD,51.544156,-0.070795,North,Homerton University,1.85,Royal Free Hospital,6.62,Whittington Hospital,5.41,Homerton University,1.85
E83TE,51.544412,-0.072125,North,Homerton University,1.93,Royal Free Hospital,6.52,Whittington Hospital,5.31,Homerton University,1.93
E83TF,51.544387,-0.072833,North,Homerton University,1.97,Royal Free Hospital,6.48,Whittington Hospital,5.27,Homerton University,1.97
E83TG,51.544144,-0.071718,North,Homerton University,1.91,Royal Free Hospital,6.56,Whittington Hospital,5.35,Homerton University,1.91
E83TH,51.544952,-0.071627,North,Homerton University,1.87,Royal Free Hospital,6.55,Whittington Hospital,5.32,Homerton University,1.87
E83TJ,51.544771,-0.072081,North,Homerton University,1.91,Royal Free Hospital,6.52,Whittington Hospital,5.3,Homerton University,1.91
E83TL,51.544743,-0.071477,North,Homerton University,1.87,Royal Free Hospital,6.56,Whittington Hospital,5.34,Homerton University,1.87
E83TP,51.542556,-0.066478,North,Homerton University,1.68,Royal Free Hospital,6.94,Whittington Hospital,5.76,Homerton University,1.68
E83TQ,51.544597,-0.070805,North,Homerton University,1.84,Royal Free Hospital,6.61,Whittington Hospital,5.39,Homerton University,1.84
E83TR,51.544443,-0.071864,North,Homerton University,1.91,Royal Free Hospital,6.54,Whittington Hospital,5.33,Homerton University,1.91
E83TS,51.542565,-0.066464,North,Homerton University,1.67,Royal Free Hospital,6.94,Whittington Hospital,5.76,Homerton University,1.67
E83TT,51.542565,-0.066464,North,Homerton University,1.67,Royal Free Hospital,6.94,Whittington Hospital,5.76,Homerton University,1.67
E83TZ,51.542549,-0.066623,North,Homerton University,1.68,Royal Free Hospital,6.93,Whittington Hospital,5.75,Homerton University,1.68
E83UF,51.542565,-0.066464,North,Homerton University,1.67,Royal Free Hospital,6.94,Whittington Hospital,5.76,Homerton University,1.67
E83UN,51.542549,-0.066623,North,Homerton University,1.68,Royal Free Hospital,6.93,Whittington Hospital,5.75,Homerton University,1.68
E83UP,51.542549,-0.066623,North,Homerton University,1.68,Royal Free Hospital,6.93,Whittington Hospital,5.75,Homerton University,1.68
E83US,51.542549,-0.066623,North,Homerton University,1.68,Royal Free Hospital,6.93,Whittington Hospital,5.75,Homerton University,1.68
E83UT,51.542549,-0.066623,North,Homerton University,1.68,Royal Free Hospital,6.93,Whittington Hospital,5.75,Homerton University,1.68
E83UW,51.542549,-0.066623,North,Homerton University,1.68,Royal Free Hospital,6.93,Whittington Hospital,5.75,Homerton University,1.68
E83UY,51.542549,-0.066623,North,Homerton University,1.68,Royal Free Hospital,6.93,Whittington Hospital,5.75,Homerton University,1.68
E83WG,51.542564,-0.066391,North,Homerton University,1.67,Royal Free Hospital,6.95,Whittington Hospital,5.76,Homerton University,1.67
E83XA,51.542301,-0.07282,North,Homerton University,2.07,Royal Free Hospital,6.52,Whittington Hospital,5.39,Homerton University,2.07
E83XB,51.54187,-0.072319,North,Homerton University,2.06,Royal Free Hospital,6.56,Whittington Hospital,5.44,Homerton University,2.06
E83XD,51.541443,-0.073116,North,Homerton University,2.13,Royal Free Hospital,6.51,Whittington Hospital,5.42,Homerton University,2.13
E83XE,51.541403,-0.072325,North,Homerton University,2.09,Royal Free Hospital,6.57,Whittington Hospital,5.47,Homerton University,2.09
E83XF,51.541025,-0.072312,North,Homerton University,2.11,Royal Free Hospital,6.58,Whittington Hospital,5.49,Homerton University,2.11
E83XG,51.541105,-0.072799,North,Homerton University,2.13,Royal Free Hospital,6.54,Whittington Hospital,5.45,Homerton University,2.13
E83XH,51.541581,-0.073875,North,Homerton University,2.17,Royal Free Hospital,6.46,Whittington Hospital,5.36,Homerton University,2.17
E83XJ,51.541279,-0.071392,North,Homerton University,2.04,Royal Free Hospital,6.63,Whittington Hospital,5.53,Homerton University,2.04
E83XL,51.542763,-0.071964,North,Homerton University,1.99,Royal Free Hospital,6.56,Whittington Hospital,5.41,Homerton University,1.99
E83XN,51.542027,-0.071995,North,Homerton University,2.03,Royal Free Hospital,6.58,Whittington Hospital,5.45,Homerton University,2.03
E83XP,51.541469,-0.071456,North,Homerton University,2.03,Royal Free Hospital,6.63,Whittington Hospital,5.51,Homerton University,2.03
E83XQ,51.54098,-0.07289,North,Homerton University,2.14,Royal Free Hospital,6.54,Whittington Hospital,5.46,Homerton University,2.14
E83XR,51.541405,-0.071949,North,Homerton University,2.06,Royal Free Hospital,6.59,Whittington Hospital,5.49,Homerton University,2.06
E83XS,51.542799,-0.071415,North,Homerton University,1.96,Royal Free Hospital,6.6,Whittington Hospital,5.44,Homerton University,1.96
E83XT,51.540911,-0.071985,North,Homerton University,2.09,Royal Free Hospital,6.6,Whittington Hospital,5.51,Homerton University,2.09
E83XW,51.542565,-0.071396,North,Homerton University,1.97,Royal Free Hospital,6.61,Whittington Hospital,5.46,Homerton University,1.97
E83XZ,51.540911,-0.071985,North,Homerton University,2.09,Royal Free Hospital,6.6,Whittington Hospital,5.51,Homerton University,2.09
E83YH,51.542565,-0.071396,North,Homerton University,1.97,Royal Free Hospital,6.61,Whittington Hospital,5.46,Homerton University,1.97
E83YQ,51.542565,-0.071396,North,Homerton University,1.97,Royal Free Hospital,6.61,Whittington Hospital,5.46,Homerton University,1.97
E83YT,51.542565,-0.071396,North,Homerton University,1.97,Royal Free Hospital,6.61,Whittington Hospital,5.46,Homerton University,1.97
E83ZD,51.537435,-0.057524,North,Homerton University,1.68,Royal Free Hospital,7.66,Whipps Cross,6.15,Homerton University,1.68
E83ZE,51.537435,-0.057524,North,Homerton University,1.68,Royal Free Hospital,7.66,Whipps Cross,6.15,Homerton University,1.68
E84AA,51.541525,-0.075939,North,Homerton University,2.3,Royal Free Hospital,6.32,Whittington Hospital,5.25,Homerton University,2.3
E84AB,51.544096,-0.076451,North,Homerton University,2.22,Royal Free Hospital,6.23,Whittington Hospital,5.07,Homerton University,2.22
E84AD,51.536368,-0.056647,North,Homerton University,1.76,Royal Free Hospital,7.75,Whipps Cross,6.2,Homerton University,1.76
E84AE,51.543331,-0.075849,North,Homerton University,2.21,Royal Free Hospital,6.29,Whittington Hospital,5.15,Homerton University,2.21
E84AF,51.541819,-0.076302,North,Homerton University,2.31,Royal Free Hospital,6.29,Whittington Hospital,5.21,Homerton University,2.31
E84AG,51.542717,-0.076264,North,Homerton University,2.26,Royal Free Hospital,6.27,Whittington Hospital,5.16,Homerton University,2.26
E84AH,51.545214,-0.07551,North,Homerton University,2.12,Royal Free Hospital,6.28,Whittington Hospital,5.07,Homerton University,2.12
E84AJ,51.544515,-0.076188,North,Homerton University,2.19,Royal Free Hospital,6.24,Whittington Hospital,5.06,Homerton University,2.19
E84AL,51.54465,-0.075706,North,Homerton University,2.15,Royal Free Hospital,6.27,Whittington Hospital,5.08,Homerton University,2.15
E84AN,51.542783,-0.075872,North,Homerton University,2.24,Royal Free Hospital,6.3,Whittington Hospital,5.18,Homerton University,2.24
E84AP,51.545519,-0.075453,North,Homerton University,2.11,Royal Free Hospital,6.28,Whittington Hospital,5.05,Homerton University,2.11
E84AQ,51.541819,-0.076302,North,Homerton University,2.31,Royal Free Hospital,6.29,Whittington Hospital,5.21,Homerton University,2.31
E84AR,51.545708,-0.076051,North,Homerton University,2.14,Royal Free Hospital,6.23,Whittington Hospital,5.01,Homerton University,2.14
E84AS,51.544515,-0.076188,North,Homerton University,2.19,Royal Free Hospital,6.24,Whittington Hospital,5.06,Homerton University,2.19
E84AT,51.544515,-0.076188,North,Homerton University,2.19,Royal Free Hospital,6.24,Whittington Hospital,5.06,Homerton University,2.19
E84AU,51.543611,-0.076457,North,Homerton University,2.24,Royal Free Hospital,6.24,Whittington Hospital,5.1,Homerton University,2.24
E84AW,51.538102,-0.06847,North,Homerton University,2.09,Royal Free Hospital,6.91,Whittington Hospital,5.89,Homerton University,2.09
E84AX,51.538099,-0.068297,North,Homerton University,2.08,Royal Free Hospital,6.92,Whittington Hospital,5.9,Homerton University,2.08
E84AY,51.54364,-0.077667,North,Homerton University,2.32,Royal Free Hospital,6.16,Whittington Hospital,5.02,Homerton University,2.32
E84AZ,51.538099,-0.068297,North,Homerton University,2.08,Royal Free Hospital,6.92,Whittington Hospital,5.9,Homerton University,2.08
E84BA,51.541842,-0.077743,North,Homerton University,2.4,Royal Free Hospital,6.19,Whittington Hospital,5.12,Homerton University,2.4
E84BB,51.540245,-0.074118,North,Homerton University,2.26,Royal Free Hospital,6.47,Whittington Hospital,5.43,Homerton University,2.26
E84BD,51.541342,-0.075731,North,Homerton University,2.3,Royal Free Hospital,6.34,Whittington Hospital,5.27,Homerton University,2.3
E84BE,51.54092,-0.07634,North,Homerton University,2.36,Royal Free Hospital,6.31,Whittington Hospital,5.26,Homerton University,2.36
E84BF,51.540501,-0.063479,North,Homerton University,1.66,Royal Free Hospital,7.19,Whittington Hospital,6.05,Homerton University,1.66
E84BG,51.541337,-0.074923,North,Homerton University,2.25,Royal Free Hospital,6.39,Whittington Hospital,5.32,Homerton University,2.25
E84BJ,51.540724,-0.072094,North,Homerton University,2.11,Royal Free Hospital,6.6,Whittington Hospital,5.52,Homerton University,2.11
E84BL,51.540832,-0.074829,North,Homerton University,2.27,Royal Free Hospital,6.41,Whittington Hospital,5.35,Homerton University,2.27
E84BN,51.540721,-0.072973,North,Homerton University,2.16,Royal Free Hospital,6.54,Whittington Hospital,5.47,Homerton University,2.16
E84BP,51.540297,-0.071275,North,Homerton University,2.09,Royal Free Hospital,6.66,Whittington Hospital,5.59,Homerton University,2.09
E84BQ,51.541392,-0.074416,North,Homerton University,2.21,Royal Free Hospital,6.43,Whittington Hospital,5.34,Homerton University,2.21
E84BS,51.540422,-0.072871,North,Homerton University,2.18,Royal Free Hospital,6.55,Whittington Hospital,5.49,Homerton University,2.18
E84BT,51.540712,-0.071878,North,Homerton University,2.1,Royal Free Hospital,6.61,Whittington Hospital,5.53,Homerton University,2.1
E84BU,51.544283,-0.075765,North,Homerton University,2.17,Royal Free Hospital,6.28,Whittington Hospital,5.1,Homerton University,2.17
E84BW,51.540707,-0.072138,North,Homerton University,2.12,Royal Free Hospital,6.6,Whittington Hospital,5.52,Homerton University,2.12
E84BY,51.539998,-0.074936,North,Homerton University,2.32,Royal Free Hospital,6.43,Whittington Hospital,5.4,Homerton University,2.32
E84DA,51.5401,-0.076259,North,Homerton University,2.4,Royal Free Hospital,6.33,Whittington Hospital,5.31,Homerton University,2.4
E84DB,51.539247,-0.076309,North,Homerton University,2.45,Royal Free Hospital,6.35,Whittington Hospital,5.36,Homerton University,2.45
E84DE,51.539417,-0.076288,North,Homerton University,2.44,Royal Free Hospital,6.35,Whittington Hospital,5.35,Homerton University,2.44
E84DL,51.538629,-0.076984,North,Homerton University,2.52,Royal Free Hospital,6.33,Whittington Hospital,5.36,Homerton University,2.52
E84DR,51.540443,-0.076879,North,Homerton University,2.41,Royal Free Hospital,6.28,Whittington Hospital,5.26,Homerton University,2.41
E84DT,51.539025,-0.075944,North,Homerton University,2.44,Royal Free Hospital,6.38,Whittington Hospital,5.4,Homerton University,2.44
E84DW,51.540662,-0.07051,North,Homerton University,2.02,Royal Free Hospital,6.71,Whittington Hospital,5.62,Homerton University,2.02
E84DX,51.540668,-0.071433,North,Homerton University,2.08,Royal Free Hospital,6.65,Whittington Hospital,5.56,Homerton University,2.08
E84DY,51.5386,-0.075817,North,Homerton University,2.46,Royal Free Hospital,6.4,Whittington Hospital,5.43,Homerton University,2.46
E84EE,51.540678,-0.070942,North,Homerton University,2.05,Royal Free Hospital,6.68,Whittington Hospital,5.59,Homerton University,2.05
E84EJ,51.540439,-0.0761,North,Homerton University,2.37,Royal Free Hospital,6.34,Whittington Hospital,5.3,Homerton University,2.37
E84EL,51.538111,-0.074526,North,Homerton University,2.41,Royal Free Hospital,6.5,Whittington Hospital,5.54,Homerton University,2.41
E84EN,51.540375,-0.075988,North,Homerton University,2.36,Royal Free Hospital,6.35,Whittington Hospital,5.31,Homerton University,2.36
E84EP,51.540163,-0.074598,North,Homerton University,2.29,Royal Free Hospital,6.44,Whittington Hospital,5.4,Homerton University,2.29
E84ER,51.540068,-0.073722,North,Homerton University,2.25,Royal Free Hospital,6.51,Whittington Hospital,5.46,Homerton University,2.25
E84ES,51.539928,-0.072315,North,Homerton University,2.17,Royal Free Hospital,6.6,Whittington Hospital,5.55,Homerton University,2.17
E84ET,51.539288,-0.071722,North,Homerton University,2.18,Royal Free Hospital,6.66,Whittington Hospital,5.62,Homerton University,2.18
E84EU,51.539233,-0.070541,North,Homerton University,2.12,Royal Free Hospital,6.74,Whittington Hospital,5.7,Homerton University,2.12
E84EW,51.540057,-0.075814,North,Homerton University,2.37,Royal Free Hospital,6.36,Whittington Hospital,5.34,Homerton University,2.37
E84EX,51.539506,-0.074034,North,Homerton University,2.3,Royal Free Hospital,6.5,Whittington Hospital,5.48,Homerton University,2.3
E84EZ,51.538628,-0.070928,North,Homerton University,2.18,Royal Free Hospital,6.73,Whittington Hospital,5.71,Homerton University,2.18
E84FB,51.538342,-0.073247,North,Homerton University,2.33,Royal Free Hospital,6.58,Whittington Hospital,5.59,Homerton University,2.33
E84FD,51.539282,-0.07736,North,Homerton University,2.51,Royal Free Hospital,6.28,Whittington Hospital,5.3,Homerton University,2.51
E84FE,51.538182,-0.072778,North,Homerton University,2.31,Royal Free Hospital,6.62,Whittington Hospital,5.63,Homerton University,2.31
E84HQ,51.538324,-0.0743,North,Homerton University,2.39,Royal Free Hospital,6.51,Whittington Hospital,5.54,Homerton University,2.39
E84HR,51.538061,-0.072552,North,Homerton University,2.31,Royal Free Hospital,6.64,Whittington Hospital,5.65,Homerton University,2.31
E84HS,51.5382,-0.073339,North,Homerton University,2.34,Royal Free Hospital,6.58,Whittington Hospital,5.6,Homerton University,2.34
E84HT,51.538608,-0.072457,North,Homerton University,2.27,Royal Free Hospital,6.63,Whittington Hospital,5.62,Homerton University,2.27
E84HX,51.537978,-0.071344,North,Homerton University,2.25,Royal Free Hospital,6.72,Whittington Hospital,5.73,Homerton University,2.25
E84HY,51.537873,-0.070988,North,Homerton University,2.24,Royal Free Hospital,6.75,Whittington Hospital,5.75,Homerton University,2.24
E84JP,51.537859,-0.066288,North,Homerton University,2.0,Royal Free Hospital,7.06,Whittington Hospital,6.03,Homerton University,2.0
E84JS,51.53705,-0.066337,North,Homerton University,2.07,Royal Free Hospital,7.08,Whittington Hospital,6.07,Homerton University,2.07
E84JT,51.537204,-0.064744,North,Homerton University,1.98,Royal Free Hospital,7.18,Whittington Hospital,6.16,Homerton University,1.98
E84JU,51.537159,-0.066404,North,Homerton University,2.06,Royal Free Hospital,7.07,Whittington Hospital,6.06,Homerton University,2.06
E84JX,51.537159,-0.066404,North,Homerton University,2.06,Royal Free Hospital,7.07,Whittington Hospital,6.06,Homerton University,2.06
E84JY,51.536727,-0.065298,North,Homerton University,2.05,Royal Free Hospital,7.16,Whittington Hospital,6.15,Homerton University,2.05
E84LB,51.538389,-0.07062,North,Homerton University,2.18,Royal Free Hospital,6.76,Whittington Hospital,5.74,Homerton University,2.18
E84LD,51.538545,-0.071364,North,Homerton University,2.21,Royal Free Hospital,6.7,Whittington Hospital,5.69,Homerton University,2.21
E84LE,51.538545,-0.071364,North,Homerton University,2.21,Royal Free Hospital,6.7,Whittington Hospital,5.69,Homerton University,2.21
E84LF,51.536941,-0.065736,North,Homerton University,2.05,Royal Free Hospital,7.13,Whittington Hospital,6.11,Homerton University,2.05
E84LG,51.538947,-0.072313,North,Homerton University,2.24,Royal Free Hospital,6.63,Whittington Hospital,5.61,Homerton University,2.24
E84LH,51.536859,-0.065105,North,Homerton University,2.03,Royal Free Hospital,7.17,Whittington Hospital,6.16,Homerton University,2.03
E84LJ,51.53689,-0.064267,North,Homerton University,1.99,Royal Free Hospital,7.22,Whittington Hospital,6.2,Homerton University,1.99
E84LL,51.540503,-0.065787,North,Homerton University,1.77,Royal Free Hospital,7.03,Whittington Hospital,5.91,Homerton University,1.77
E84LN,51.540545,-0.068842,North,Homerton University,1.94,Royal Free Hospital,6.82,Whittington Hospital,5.72,Homerton University,1.94
E84LP,51.540208,-0.0659,North,Homerton University,1.8,Royal Free Hospital,7.03,Whittington Hospital,5.92,Homerton University,1.8
E84LQ,51.538902,-0.071176,North,Homerton University,2.18,Royal Free Hospital,6.71,Whittington Hospital,5.68,Homerton University,2.18
E84LR,51.540148,-0.066566,North,Homerton University,1.84,Royal Free Hospital,6.99,Whittington Hospital,5.88,Homerton University,1.84
E84LS,51.539739,-0.063079,North,Homerton University,1.7,Royal Free Hospital,7.23,Whittington Hospital,6.11,Homerton University,1.7
E84LT,51.539671,-0.065505,North,Homerton University,1.82,Royal Free Hospital,7.07,Whittington Hospital,5.97,Homerton University,1.82
E84LU,51.539604,-0.064123,North,Homerton University,1.76,Royal Free Hospital,7.16,Whittington Hospital,6.06,Homerton University,1.76
E84LW,51.540103,-0.069856,North,Homerton University,2.02,Royal Free Hospital,6.77,Whittington Hospital,5.69,Homerton University,2.02
E84LX,51.539272,-0.06855,North,Homerton University,2.01,Royal Free Hospital,6.87,Whittington Hospital,5.81,Homerton University,2.01
E84LY,51.539372,-0.065863,North,Homerton University,1.86,Royal Free Hospital,7.05,Whittington Hospital,5.97,Homerton University,1.86
E84LZ,51.539577,-0.063576,North,Homerton University,1.73,Royal Free Hospital,7.2,Whittington Hospital,6.09,Homerton University,1.73
E84NA,51.538448,-0.062211,North,Homerton University,1.76,Royal Free Hospital,7.32,Whittington Hospital,6.24,Homerton University,1.76
E84NB,51.537537,-0.062596,North,Homerton University,1.86,Royal Free Hospital,7.32,Whittington Hospital,6.26,Homerton University,1.86
E84ND,51.537987,-0.062043,North,Homerton University,1.8,Royal Free Hospital,7.34,Whittington Hospital,6.27,Homerton University,1.8
E84NE,51.538139,-0.061503,North,Homerton University,1.76,Royal Free Hospital,7.38,Whipps Cross,6.28,Homerton University,1.76
E84NF,51.539011,-0.062562,North,Homerton University,1.73,Royal Free Hospital,7.28,Whittington Hospital,6.18,Homerton University,1.73
E84NG,51.538933,-0.064887,North,Homerton University,1.85,Royal Free Hospital,7.13,Whittington Hospital,6.05,Homerton University,1.85
E84NH,51.539059,-0.064377,North,Homerton University,1.81,Royal Free Hospital,7.16,Whittington Hospital,6.07,Homerton University,1.81
E84NJ,51.538563,-0.066474,North,Homerton University,1.95,Royal Free Hospital,7.03,Whittington Hospital,5.98,Homerton University,1.95
E84NL,51.538935,-0.067756,North,Homerton University,1.99,Royal Free Hospital,6.94,Whittington Hospital,5.88,Homerton University,1.99
E84NN,51.538589,-0.068016,North,Homerton University,2.03,Royal Free Hospital,6.93,Whittington Hospital,5.88,Homerton University,2.03
E84NP,51.537651,-0.068416,North,Homerton University,2.12,Royal Free Hospital,6.93,Whittington Hospital,5.92,Homerton University,2.12
E84NQ,51.538058,-0.066366,North,Homerton University,1.99,Royal Free Hospital,7.05,Whittington Hospital,6.01,Homerton University,1.99
E84NR,51.537802,-0.06828,North,Homerton University,2.1,Royal Free Hospital,6.93,Whittington Hospital,5.91,Homerton University,2.1
E84NS,51.538099,-0.068297,North,Homerton University,2.08,Royal Free Hospital,6.92,Whittington Hospital,5.9,Homerton University,2.08
E84NT,51.537623,-0.067798,North,Homerton University,2.09,Royal Free Hospital,6.97,Whittington Hospital,5.95,Homerton University,2.09
E84NU,51.537961,-0.065418,North,Homerton University,1.95,Royal Free Hospital,7.12,Whittington Hospital,6.07,Homerton University,1.95
E84NW,51.537504,-0.069879,North,Homerton University,2.21,Royal Free Hospital,6.83,Whittington Hospital,5.84,Homerton University,2.21
E84NX,51.536677,-0.06282,North,Homerton University,1.95,Royal Free Hospital,7.33,Whittington Hospital,6.3,Homerton University,1.95
E84PA,51.538249,-0.064844,North,Homerton University,1.9,Royal Free Hospital,7.15,Whittington Hospital,6.09,Homerton University,1.9
E84PB,51.537869,-0.064701,North,Homerton University,1.92,Royal Free Hospital,7.17,Whittington Hospital,6.12,Homerton University,1.92
E84PD,51.537026,-0.063237,North,Homerton University,1.93,Royal Free Hospital,7.29,Whittington Hospital,6.26,Homerton University,1.93
E84PE,51.536995,-0.062474,North,Homerton University,1.9,Royal Free Hospital,7.34,Whittington Hospital,6.3,Homerton University,1.9
E84PF,51.537212,-0.061946,North,Homerton University,1.86,Royal Free Hospital,7.37,Whittington Hospital,6.32,Homerton University,1.86
E84PG,51.537462,-0.061863,North,Homerton University,1.84,Royal Free Hospital,7.37,Whittington Hospital,6.31,Homerton University,1.84
E84PH,51.536752,-0.061879,North,Homerton University,1.9,Royal Free Hospital,7.39,Whittington Hospital,6.35,Homerton University,1.9
E84PJ,51.537565,-0.066459,North,Homerton University,2.03,Royal Free Hospital,7.06,Whittington Hospital,6.03,Homerton University,2.03
E84PL,51.538444,-0.065268,North,Homerton University,1.9,Royal Free Hospital,7.12,Whittington Hospital,6.05,Homerton University,1.9
E84PQ,51.537885,-0.062408,North,Homerton University,1.82,Royal Free Hospital,7.32,Whittington Hospital,6.26,Homerton University,1.82
E84QE,51.538332,-0.069916,North,Homerton University,2.15,Royal Free Hospital,6.81,Whittington Hospital,5.79,Homerton University,2.15
E84QJ,51.536585,-0.061583,North,Homerton University,1.91,Royal Free Hospital,7.41,Whittington Hospital,6.38,Homerton University,1.91
E84QX,51.536397,-0.061072,North,Homerton University,1.9,Royal Free Hospital,7.45,Whipps Cross,6.4,Homerton University,1.9
E84QY,51.536083,-0.06061,North,Homerton University,1.92,Royal Free Hospital,7.49,Whipps Cross,6.4,Homerton University,1.92
E84QZ,51.536201,-0.061715,North,Homerton University,1.95,Royal Free Hospital,7.42,Whittington Hospital,6.39,Homerton University,1.95
E84RA,51.53691,-0.060589,North,Homerton University,1.84,Royal Free Hospital,7.47,Whipps Cross,6.33,Homerton University,1.84
E84RD,51.536704,-0.060064,North,Homerton University,1.84,Royal Free Hospital,7.51,Whipps Cross,6.33,Homerton University,1.84
E84RE,51.536928,-0.058425,North,Homerton University,1.76,Royal Free Hospital,7.62,Whipps Cross,6.23,Homerton University,1.76
E84RF,51.536118,-0.057796,North,Homerton University,1.82,Royal Free Hospital,7.68,Whipps Cross,6.27,Homerton University,1.82
E84RG,51.536765,-0.057221,North,Homerton University,1.74,Royal Free Hospital,7.7,Whipps Cross,6.19,Homerton University,1.74
E84RJ,51.535689,-0.057973,North,Homerton University,1.87,Royal Free Hospital,7.68,Whipps Cross,6.31,Homerton University,1.87
E84RQ,51.537646,-0.057255,North,Homerton University,1.65,Royal Free Hospital,7.68,Whipps Cross,6.12,Homerton University,1.65
E84RT,51.535788,-0.056888,North,Homerton University,1.83,Royal Free Hospital,7.75,Whipps Cross,6.26,Homerton University,1.83
E84RU,51.537825,-0.057205,North,Homerton University,1.63,Royal Free Hospital,7.67,Whipps Cross,6.1,Homerton University,1.63
E84RX,51.535636,-0.057485,North,Homerton University,1.86,Royal Free Hospital,7.71,Whipps Cross,6.3,Homerton University,1.86
E84SA,51.537054,-0.056228,North,Homerton University,1.68,Royal Free Hospital,7.76,Whipps Cross,6.12,Homerton University,1.68
E84SD,51.537016,-0.057758,North,Homerton University,1.73,Royal Free Hospital,7.66,Whipps Cross,6.19,Homerton University,1.73
E84SH,51.53739,-0.068384,North,Homerton University,2.14,Royal Free Hospital,6.94,Whittington Hospital,5.93,Homerton University,2.14
E84SL,51.537297,-0.067134,North,Homerton University,2.09,Royal Free Hospital,7.02,Whittington Hospital,6.01,Homerton University,2.09
E84SP,51.537136,-0.064963,North,Homerton University,2.0,Royal Free Hospital,7.17,Whittington Hospital,6.15,Homerton University,2.0
E84SR,51.537183,-0.067845,North,Homerton University,2.13,Royal Free Hospital,6.98,Whittington Hospital,5.98,Homerton University,2.13
E84SS,51.537183,-0.067845,North,Homerton University,2.13,Royal Free Hospital,6.98,Whittington Hospital,5.98,Homerton University,2.13
E84TP,51.538159,-0.063232,North,Homerton University,1.83,Royal Free Hospital,7.26,Whittington Hospital,6.19,Homerton University,1.83
E84TR,51.538852,-0.063809,North,Homerton University,1.8,Royal Free Hospital,7.2,Whittington Hospital,6.12,Homerton University,1.8
E84TS,51.536194,-0.062408,North,Homerton University,1.97,Royal Free Hospital,7.37,Whittington Hospital,6.35,Homerton University,1.97
E84UA,51.538102,-0.06847,North,Homerton University,2.09,Royal Free Hospital,6.91,Whittington Hospital,5.89,Homerton University,2.09
E84UB,51.538102,-0.06847,North,Homerton University,2.09,Royal Free Hospital,6.91,Whittington Hospital,5.89,Homerton University,2.09
E84UE,51.538099,-0.068297,North,Homerton University,2.08,Royal Free Hospital,6.92,Whittington Hospital,5.9,Homerton University,2.08
E84UG,51.538102,-0.06847,North,Homerton University,2.09,Royal Free Hospital,6.91,Whittington Hospital,5.89,Homerton University,2.09
E84UQ,51.538099,-0.068297,North,Homerton University,2.08,Royal Free Hospital,6.92,Whittington Hospital,5.9,Homerton University,2.08
E84UR,51.538099,-0.068297,North,Homerton University,2.08,Royal Free Hospital,6.92,Whittington Hospital,5.9,Homerton University,2.08
E84US,51.538099,-0.068297,North,Homerton University,2.08,Royal Free Hospital,6.92,Whittington Hospital,5.9,Homerton University,2.08
E84UW,51.538099,-0.068297,North,Homerton University,2.08,Royal Free Hospital,6.92,Whittington Hospital,5.9,Homerton University,2.08
E84WS,51.538111,-0.068469,North,Homerton University,2.09,Royal Free Hospital,6.91,Whittington Hospital,5.88,Homerton University,2.09
E84XD,51.538118,-0.068397,North,Homerton University,2.08,Royal Free Hospital,6.91,Whittington Hospital,5.89,Homerton University,2.08
E84XG,51.536318,-0.062287,North,Homerton University,1.96,Royal Free Hospital,7.37,Whittington Hospital,6.35,Homerton University,1.96
E89AQ,51.545033,-0.056407,North,Homerton University,0.95,Royal Free Hospital,7.59,Whipps Cross,5.49,Homerton University,0.95
E89BR,51.545033,-0.056407,North,Homerton University,0.95,Royal Free Hospital,7.59,Whipps Cross,5.49,Homerton University,0.95
E89SA,51.545033,-0.056407,North,Homerton University,0.95,Royal Free Hospital,7.59,Whipps Cross,5.49,Homerton University,0.95
E89SB,51.545033,-0.056407,North,Homerton University,0.95,Royal Free Hospital,7.59,Whipps Cross,5.49,Homerton University,0.95
E95AA,51.541822,-0.022437,North,Homerton University,1.92,Royal Free Hospital,9.97,Whipps Cross,4.41,Homerton University,1.92
E95AB,51.545422,-0.041925,North,Homerton University,0.67,Royal Free Hospital,8.58,Whipps Cross,4.77,Homerton University,0.67
E95AD,51.545146,-0.044749,North,Homerton University,0.64,Royal Free Hospital,8.39,Whipps Cross,4.92,Homerton University,0.64
E95AE,51.545385,-0.040239,North,Homerton University,0.73,Royal Free Hospital,8.7,Whipps Cross,4.7,Homerton University,0.73
E95AF,51.54534,-0.038597,North,Homerton University,0.8,Royal Free Hospital,8.81,Whipps Cross,4.63,Homerton University,0.8
E95AG,51.544304,-0.035815,North,Homerton University,1.02,Royal Free Hospital,9.01,Whipps Cross,4.61,Homerton University,1.02
E95AH,51.544341,-0.035351,North,Homerton University,1.04,Royal Free Hospital,9.05,Whipps Cross,4.59,Homerton University,1.04
E95AJ,51.544447,-0.036299,North,Homerton University,0.98,Royal Free Hospital,8.98,Whipps Cross,4.62,Homerton University,0.98
E95AL,51.544743,-0.03682,North,Homerton University,0.94,Royal Free Hospital,8.94,Whipps Cross,4.61,Homerton University,0.94
E95AN,51.544895,-0.03889,North,Homerton University,0.83,Royal Free Hospital,8.8,Whipps Cross,4.69,Homerton University,0.83
E95AP,51.544852,-0.037377,North,Homerton University,0.9,Royal Free Hospital,8.9,Whipps Cross,4.63,Homerton University,0.9
E95AQ,51.545117,-0.045212,North,Homerton University,0.64,Royal Free Hospital,8.36,Whipps Cross,4.94,Homerton University,0.64
E95AR,51.544954,-0.039753,North,Homerton University,0.79,Royal Free Hospital,8.74,Whipps Cross,4.72,Homerton University,0.79
E95AS,51.544971,-0.040185,North,Homerton University,0.77,Royal Free Hospital,8.71,Whipps Cross,4.73,Homerton University,0.77
E95AT,51.544978,-0.040646,North,Homerton University,0.75,Royal Free Hospital,8.67,Whipps Cross,4.75,Homerton University,0.75
E95AU,51.544987,-0.041165,North,Homerton University,0.73,Royal Free Hospital,8.64,Whipps Cross,4.77,Homerton University,0.73
E95AW,51.552596,-0.035342,North,Homerton University,0.78,Royal Free Hospital,8.99,Whipps Cross,3.87,Homerton University,0.78
E95AX,51.544588,-0.043677,North,Homerton University,0.71,Royal Free Hospital,8.47,Whipps Cross,4.92,Homerton University,0.71
E95AY,51.544721,-0.045171,North,Homerton University,0.68,Royal Free Hospital,8.37,Whipps Cross,4.97,Homerton University,0.68
E95AZ,51.544967,-0.042694,North,Homerton University,0.69,Royal Free Hospital,8.53,Whipps Cross,4.84,Homerton University,0.69
E95BA,51.544432,-0.044578,North,Homerton University,0.72,Royal Free Hospital,8.41,Whipps Cross,4.97,Homerton University,0.72
E95BB,51.544234,-0.043447,North,Homerton University,0.75,Royal Free Hospital,8.49,Whipps Cross,4.94,Homerton University,0.75
E95BD,51.543952,-0.042738,North,Homerton University,0.8,Royal Free Hospital,8.54,Whipps Cross,4.93,Homerton University,0.8
E95BE,51.544645,-0.04278,North,Homerton University,0.72,Royal Free Hospital,8.53,Whipps Cross,4.87,Homerton University,0.72
E95BF,51.543551,-0.041875,North,Homerton University,0.86,Royal Free Hospital,8.61,Whipps Cross,4.93,Homerton University,0.86
E95BG,51.544772,-0.04178,North,Homerton University,0.74,Royal Free Hospital,8.6,Whipps Cross,4.82,Homerton University,0.74
E95BH,51.544169,-0.042282,North,Homerton University,0.79,Royal Free Hospital,8.57,Whipps Cross,4.89,Homerton University,0.79
E95BJ,51.54385,-0.041488,North,Homerton University,0.84,Royal Free Hospital,8.63,Whipps Cross,4.89,Homerton University,0.84
E95BL,51.544015,-0.040572,North,Homerton University,0.85,Royal Free Hospital,8.69,Whipps Cross,4.83,Homerton University,0.85
E95BN,51.544419,-0.041103,North,Homerton University,0.79,Royal Free Hospital,8.65,Whipps Cross,4.82,Homerton University,0.79
E95BP,51.543908,-0.041197,North,Homerton University,0.84,Royal Free Hospital,8.65,Whipps Cross,4.87,Homerton University,0.84
E95BQ,51.543553,-0.037664,North,Homerton University,1.0,Royal Free Hospital,8.9,Whipps Cross,4.76,Homerton University,1.0
E95BS,51.544181,-0.039771,North,Homerton University,0.86,Royal Free Hospital,8.74,Whipps Cross,4.79,Homerton University,0.86
E95BT,51.544454,-0.038346,North,Homerton University,0.89,Royal Free Hospital,8.84,Whipps Cross,4.7,Homerton University,0.89
E95BU,51.544454,-0.038346,North,Homerton University,0.89,Royal Free Hospital,8.84,Whipps Cross,4.7,Homerton University,0.89
E95BW,51.544419,-0.041103,North,Homerton University,0.79,Royal Free Hospital,8.65,Whipps Cross,4.82,Homerton University,0.79
E95BX,51.543253,-0.04183,North,Homerton University,0.89,Royal Free Hospital,8.62,Whipps Cross,4.95,Homerton University,0.89
E95BY,51.543255,-0.041398,North,Homerton University,0.9,Royal Free Hospital,8.65,Whipps Cross,4.94,Homerton University,0.9
E95BZ,51.54377,-0.042082,North,Homerton University,0.83,Royal Free Hospital,8.59,Whipps Cross,4.92,Homerton University,0.83
E95DA,51.543952,-0.038426,North,Homerton University,0.93,Royal Free Hospital,8.84,Whipps Cross,4.75,Homerton University,0.93
E95DB,51.543962,-0.036363,North,Homerton University,1.02,Royal Free Hospital,8.98,Whipps Cross,4.67,Homerton University,1.02
E95DD,51.543234,-0.037418,North,Homerton University,1.04,Royal Free Hospital,8.92,Whipps Cross,4.78,Homerton University,1.04
E95DE,51.54335,-0.036331,North,Homerton University,1.07,Royal Free Hospital,8.99,Whipps Cross,4.72,Homerton University,1.07
E95DF,51.543742,-0.042531,North,Homerton University,0.82,Royal Free Hospital,8.56,Whipps Cross,4.94,Homerton University,0.82
E95DG,51.545292,-0.035209,North,Homerton University,0.98,Royal Free Hospital,9.04,Whipps Cross,4.5,Homerton University,0.98
E95DH,51.544926,-0.03162,North,Homerton University,1.2,Royal Free Hospital,9.3,Whipps Cross,4.4,Homerton University,1.2
E95DJ,51.544966,-0.036695,North,Homerton University,0.92,Royal Free Hospital,8.95,Whipps Cross,4.59,Homerton University,0.92
E95DL,51.544997,-0.041784,North,Homerton University,0.71,Royal Free Hospital,8.6,Whipps Cross,4.8,Homerton University,0.71
E95DN,51.544229,-0.036178,North,Homerton University,1.01,Royal Free Hospital,8.99,Whipps Cross,4.64,Homerton University,1.01
E95DP,51.544122,-0.027126,North,Homerton University,1.51,Royal Free Hospital,9.61,Whipps Cross,4.32,Homerton University,1.51
E95DQ,51.544832,-0.034061,North,Homerton University,1.07,Royal Free Hospital,9.13,Whipps Cross,4.5,Homerton University,1.07
E95DR,51.544915,-0.036307,North,Homerton University,0.95,Royal Free Hospital,8.97,Whipps Cross,4.58,Homerton University,0.95
E95DS,51.543997,-0.027679,North,Homerton University,1.49,Royal Free Hospital,9.58,Whipps Cross,4.35,Homerton University,1.49
E95DT,51.543997,-0.027679,North,Homerton University,1.49,Royal Free Hospital,9.58,Whipps Cross,4.35,Homerton University,1.49
E95DU,51.543529,-0.033555,North,Homerton University,1.19,Royal Free Hospital,9.18,Whipps Cross,4.6,Homerton University,1.19
E95DW,51.543225,-0.027237,North,Homerton University,1.56,Royal Free Hospital,9.62,Whipps Cross,4.41,Homerton University,1.56
E95DX,51.544058,-0.034527,North,Homerton University,1.1,Royal Free Hospital,9.11,Whipps Cross,4.59,Homerton University,1.1
E95DY,51.542475,-0.03722,North,Homerton University,1.11,Royal Free Hospital,8.94,Whipps Cross,4.84,Homerton University,1.11
E95DZ,51.544744,-0.035796,North,Homerton University,0.99,Royal Free Hospital,9.01,Whipps Cross,4.57,Homerton University,0.99
E95EA,51.543072,-0.038536,North,Homerton University,1.01,Royal Free Hospital,8.84,Whipps Cross,4.83,Homerton University,1.01
E95EB,51.542702,-0.039489,North,Homerton University,1.01,Royal Free Hospital,8.78,Whipps Cross,4.91,Homerton University,1.01
E95ED,51.542839,-0.039108,North,Homerton University,1.01,Royal Free Hospital,8.81,Whipps Cross,4.88,Homerton University,1.01
E95EE,51.543539,-0.030439,North,Homerton University,1.36,Royal Free Hospital,9.39,Whipps Cross,4.49,Homerton University,1.36
E95EF,51.5525,-0.022652,North,Homerton University,1.64,Royal Free Hospital,9.87,Whipps Cross,3.36,Homerton University,1.64
E95EG,51.544292,-0.031892,North,Homerton University,1.23,Royal Free Hospital,9.28,Whipps Cross,4.47,Homerton University,1.23
E95EH,51.543172,-0.026201,North,Homerton University,1.62,Royal Free Hospital,9.69,Whipps Cross,4.39,Homerton University,1.62
E95EJ,51.543396,-0.029941,North,Homerton University,1.39,Royal Free Hospital,9.43,Whipps Cross,4.48,Homerton University,1.39
E95EL,51.543737,-0.030979,North,Homerton University,1.31,Royal Free Hospital,9.35,Whipps Cross,4.49,Homerton University,1.31
E95EN,51.542958,-0.023109,North,Homerton University,1.82,Royal Free Hospital,9.9,Whipps Cross,4.32,Homerton University,1.82
E95EP,51.542264,-0.026254,North,Homerton University,1.67,Royal Free Hospital,9.7,Whipps Cross,4.48,Homerton University,1.67
E95EQ,51.542625,-0.028979,North,Homerton University,1.5,Royal Free Hospital,9.51,Whipps Cross,4.53,Homerton University,1.5
E95ER,51.543195,-0.024916,North,Homerton University,1.7,Royal Free Hospital,9.78,Whipps Cross,4.34,Homerton University,1.7
E95ES,51.545348,-0.034284,North,Homerton University,1.02,Royal Free Hospital,9.11,Whipps Cross,4.46,Homerton University,1.02
E95ET,51.543113,-0.026434,North,Homerton University,1.61,Royal Free Hospital,9.67,Whipps Cross,4.4,Homerton University,1.61
E95EU,51.544195,-0.026113,North,Homerton University,1.57,Royal Free Hospital,9.68,Whipps Cross,4.28,Homerton University,1.57
E95EW,51.542294,-0.026931,North,Homerton University,1.63,Royal Free Hospital,9.65,Whipps Cross,4.5,Homerton University,1.63
E95EX,51.543255,-0.041398,North,Homerton University,0.9,Royal Free Hospital,8.65,Whipps Cross,4.94,Homerton University,0.9
E95EY,51.54483,-0.034999,North,Homerton University,1.02,Royal Free Hospital,9.06,Whipps Cross,4.53,Homerton University,1.02
E95FA,51.551396,-0.030763,North,Homerton University,1.07,Royal Free Hospital,9.31,Whipps Cross,3.77,Homerton University,1.07
E95FD,51.54696,-0.034402,North,Homerton University,0.92,Royal Free Hospital,9.08,Whipps Cross,4.32,Homerton University,0.92
E95FE,51.54696,-0.034402,North,Homerton University,0.92,Royal Free Hospital,9.08,Whipps Cross,4.32,Homerton University,0.92
E95FF,51.551707,-0.031125,North,Homerton University,1.05,Royal Free Hospital,9.29,Whipps Cross,3.76,Homerton University,1.05
E95FG,51.54696,-0.034402,North,Homerton University,0.92,Royal Free Hospital,9.08,Whipps Cross,4.32,Homerton University,0.92
E95FH,51.54696,-0.034402,North,Homerton University,0.92,Royal Free Hospital,9.08,Whipps Cross,4.32,Homerton University,0.92
E95FJ,51.547258,-0.034981,North,Homerton University,0.87,Royal Free Hospital,9.04,Whipps Cross,4.31,Homerton University,0.87
E95FP,51.54696,-0.034402,North,Homerton University,0.92,Royal Free Hospital,9.08,Whipps Cross,4.32,Homerton University,0.92
E95FR,51.54696,-0.034402,North,Homerton University,0.92,Royal Free Hospital,9.08,Whipps Cross,4.32,Homerton University,0.92
E95FU,51.542509,-0.028508,North,Homerton University,1.53,Royal Free Hospital,9.54,Whipps Cross,4.52,Homerton University,1.53
E95FX,51.54696,-0.034402,North,Homerton University,0.92,Royal Free Hospital,9.08,Whipps Cross,4.32,Homerton University,0.92
E95GH,51.543195,-0.024916,North,Homerton University,1.7,Royal Free Hospital,9.78,Whipps Cross,4.34,Homerton University,1.7
E95GL,51.551707,-0.031125,North,Homerton University,1.05,Royal Free Hospital,9.29,Whipps Cross,3.76,Homerton University,1.05
E95GN,51.551707,-0.031125,North,Homerton University,1.05,Royal Free Hospital,9.29,Whipps Cross,3.76,Homerton University,1.05
E95GP,51.552235,-0.031463,North,Homerton University,1.03,Royal Free Hospital,9.26,Whipps Cross,3.73,Homerton University,1.03
E95GR,51.543927,-0.028331,North,Homerton University,1.45,Royal Free Hospital,9.53,Whipps Cross,4.38,Homerton University,1.45
E95GS,51.542467,-0.022784,North,Homerton University,1.87,Royal Free Hospital,9.93,Whipps Cross,4.36,Homerton University,1.87
E95GT,51.54445,-0.034856,North,Homerton University,1.06,Royal Free Hospital,9.08,Whipps Cross,4.56,Homerton University,1.06
E95GU,51.542276,-0.022692,North,Homerton University,1.88,Royal Free Hospital,9.94,Whipps Cross,4.37,Homerton University,1.88
E95GW,51.542105,-0.02267,North,Homerton University,1.89,Royal Free Hospital,9.95,Whipps Cross,4.39,Homerton University,1.89
E95GX,51.547181,-0.037955,North,Homerton University,0.7,Royal Free Hospital,8.84,Whipps Cross,4.44,Homerton University,0.7
E95GY,51.544574,-0.02725,North,Homerton University,1.48,Royal Free Hospital,9.6,Whipps Cross,4.28,Homerton University,1.48
E95GZ,51.545638,-0.030608,North,Homerton University,1.22,Royal Free Hospital,9.36,Whipps Cross,4.29,Homerton University,1.22
E95HA,51.542291,-0.02572,North,Homerton University,1.7,Royal Free Hospital,9.73,Whipps Cross,4.46,Homerton University,1.7
E95HB,51.542656,-0.024954,North,Homerton University,1.73,Royal Free Hospital,9.78,Whipps Cross,4.4,Homerton University,1.73
E95HD,51.541909,-0.025981,North,Homerton University,1.71,Royal Free Hospital,9.72,Whipps Cross,4.51,Homerton University,1.71
E95HE,51.545222,-0.030496,North,Homerton University,1.25,Royal Free Hospital,9.37,Whipps Cross,4.33,Homerton University,1.25
E95HF,51.545857,-0.029777,North,Homerton University,1.26,Royal Free Hospital,9.41,Whipps Cross,4.24,Homerton University,1.26
E95HG,51.545961,-0.030046,North,Homerton University,1.24,Royal Free Hospital,9.39,Whipps Cross,4.24,Homerton University,1.24
E95HH,51.541755,-0.023753,North,Homerton University,1.85,Royal Free Hospital,9.88,Whipps Cross,4.46,Homerton University,1.85
E95HJ,51.541785,-0.025006,North,Homerton University,1.78,Royal Free Hospital,9.79,Whipps Cross,4.49,Homerton University,1.78
E95HL,51.54037,-0.025889,North,Homerton University,1.82,Royal Free Hospital,9.75,Whipps Cross,4.66,Homerton University,1.82
E95HN,51.545887,-0.029948,North,Homerton University,1.25,Royal Free Hospital,9.4,Whipps Cross,4.25,Homerton University,1.25
E95HP,51.540835,-0.027888,North,Homerton University,1.68,Royal Free Hospital,9.61,Whipps Cross,4.67,Homerton University,1.68
E95HQ,51.545376,-0.030547,North,Homerton University,1.24,Royal Free Hospital,9.36,Whipps Cross,4.32,Homerton University,1.24
E95HR,51.540716,-0.027792,North,Homerton University,1.7,Royal Free Hospital,9.62,Whipps Cross,4.68,Homerton University,1.7
E95HS,51.549168,-0.028249,North,Homerton University,1.25,Royal Free Hospital,9.49,Whipps Cross,3.87,Homerton University,1.25
E95HT,51.539685,-0.028471,North,Homerton University,1.74,Royal Free Hospital,9.59,Newham General,4.8,Homerton University,1.74
E95HU,51.545254,-0.029702,North,Homerton University,1.3,Royal Free Hospital,9.42,Whipps Cross,4.3,Homerton University,1.3
E95HW,51.549833,-0.029287,North,Homerton University,1.17,Royal Free Hospital,9.42,Whipps Cross,3.85,Homerton University,1.17
E95HX,51.550276,-0.029427,North,Homerton University,1.16,Royal Free Hospital,9.41,Whipps Cross,3.82,Homerton University,1.16
E95HY,51.550206,-0.029517,North,Homerton University,1.16,Royal Free Hospital,9.4,Whipps Cross,3.83,Homerton University,1.16
E95HZ,51.550738,-0.030186,North,Homerton University,1.11,Royal Free Hospital,9.35,Whipps Cross,3.81,Homerton University,1.11
E95JA,51.545592,-0.031129,North,Homerton University,1.19,Royal Free Hospital,9.32,Whipps Cross,4.32,Homerton University,1.19
E95JB,51.545095,-0.029867,North,Homerton University,1.3,Royal Free Hospital,9.41,Whipps Cross,4.32,Homerton University,1.3
E95JD,51.547806,-0.026952,North,Homerton University,1.37,Royal Free Hospital,9.59,Whipps Cross,3.96,Homerton University,1.37
E95JE,51.546952,-0.029643,North,Homerton University,1.22,Royal Free Hospital,9.41,Whipps Cross,4.13,Homerton University,1.22
E95JF,51.546759,-0.029882,North,Homerton University,1.21,Royal Free Hospital,9.4,Whipps Cross,4.16,Homerton University,1.21
E95JG,51.546674,-0.030751,North,Homerton University,1.16,Royal Free Hospital,9.34,Whipps Cross,4.2,Homerton University,1.16
E95JH,51.547667,-0.028314,North,Homerton University,1.28,Royal Free Hospital,9.5,Whipps Cross,4.02,Homerton University,1.28
E95JJ,51.546307,-0.029224,North,Homerton University,1.28,Royal Free Hospital,9.45,Whipps Cross,4.18,Homerton University,1.28
E95JL,51.545863,-0.026877,North,Homerton University,1.44,Royal Free Hospital,9.61,Whipps Cross,4.14,Homerton University,1.44
E95JN,51.54705,-0.030634,North,Homerton University,1.15,Royal Free Hospital,9.34,Whipps Cross,4.16,Homerton University,1.15
E95JP,51.546679,-0.029424,North,Homerton University,1.25,Royal Free Hospital,9.43,Whipps Cross,4.15,Homerton University,1.25
E95JQ,51.544769,-0.029737,North,Homerton University,1.32,Royal Free Hospital,9.43,Whipps Cross,4.35,Homerton University,1.32
E95JR,51.546065,-0.027647,North,Homerton University,1.39,Royal Free Hospital,9.56,Whipps Cross,4.15,Homerton University,1.39
E95JS,51.546177,-0.027945,North,Homerton University,1.36,Royal Free Hospital,9.54,Whipps Cross,4.15,Homerton University,1.36
E95JT,51.549503,-0.023027,North,Homerton University,1.61,Royal Free Hospital,9.85,Whipps Cross,3.66,Homerton University,1.61
E95JU,51.546014,-0.032121,North,Homerton University,1.11,Royal Free Hospital,9.25,Whipps Cross,4.31,Homerton University,1.11
E95JW,51.544832,-0.029749,North,Homerton University,1.32,Royal Free Hospital,9.43,Whipps Cross,4.34,Homerton University,1.32
E95JX,51.545539,-0.027382,North,Homerton University,1.43,Royal Free Hospital,9.58,Whipps Cross,4.19,Homerton University,1.43
E95JY,51.545645,-0.028387,North,Homerton University,1.36,Royal Free Hospital,9.51,Whipps Cross,4.21,Homerton University,1.36
E95JZ,51.545963,-0.031243,North,Homerton University,1.17,Royal Free Hospital,9.31,Whipps Cross,4.29,Homerton University,1.17
E95LA,51.545042,-0.028326,North,Homerton University,1.39,Royal Free Hospital,9.52,Whipps Cross,4.27,Homerton University,1.39
E95LB,51.545116,-0.027934,North,Homerton University,1.41,Royal Free Hospital,9.55,Whipps Cross,4.25,Homerton University,1.41
E95LD,51.544847,-0.027441,North,Homerton University,1.46,Royal Free Hospital,9.58,Whipps Cross,4.26,Homerton University,1.46
E95LE,51.544982,-0.027449,North,Homerton University,1.45,Royal Free Hospital,9.58,Whipps Cross,4.25,Homerton University,1.45
E95LF,51.544847,-0.027441,North,Homerton University,1.46,Royal Free Hospital,9.58,Whipps Cross,4.26,Homerton University,1.46
E95LG,51.544548,-0.027857,North,Homerton University,1.45,Royal Free Hospital,9.56,Whipps Cross,4.3,Homerton University,1.45
E95LH,51.543773,-0.025583,North,Homerton University,1.63,Royal Free Hospital,9.72,Whipps Cross,4.31,Homerton University,1.63
E95LJ,51.544745,-0.028858,North,Homerton University,1.38,Royal Free Hospital,9.49,Whipps Cross,4.32,Homerton University,1.38
E95LL,51.544785,-0.025914,North,Homerton University,1.55,Royal Free Hospital,9.69,Whipps Cross,4.22,Homerton University,1.55
E95LN,51.544206,-0.02356,North,Homerton University,1.73,Royal Free Hospital,9.86,Whipps Cross,4.2,Homerton University,1.73
E95LP,51.54584,-0.025003,North,Homerton University,1.57,Royal Free Hospital,9.74,Whipps Cross,4.08,Homerton University,1.57
E95LQ,51.544648,-0.025762,North,Homerton University,1.57,Royal Free Hospital,9.7,Whipps Cross,4.23,Homerton University,1.57
E95LR,51.545259,-0.024668,North,Homerton University,1.61,Royal Free Hospital,9.77,Whipps Cross,4.13,Homerton University,1.61
E95LS,51.545014,-0.028832,North,Homerton University,1.36,Royal Free Hospital,9.49,Whipps Cross,4.29,Homerton University,1.36
E95LT,51.544132,-0.026635,North,Homerton University,1.54,Royal Free Hospital,9.65,Whipps Cross,4.3,Homerton University,1.54
E95LU,51.545311,-0.026166,North,Homerton University,1.51,Royal Free Hospital,9.67,Whipps Cross,4.17,Homerton University,1.51
E95LW,51.544229,-0.024395,North,Homerton University,1.68,Royal Free Hospital,9.8,Whipps Cross,4.23,Homerton University,1.68
E95LX,51.544304,-0.026152,North,Homerton University,1.56,Royal Free Hospital,9.68,Whipps Cross,4.27,Homerton University,1.56
E95LY,51.544613,-0.026369,North,Homerton University,1.53,Royal Free Hospital,9.66,Whipps Cross,4.25,Homerton University,1.53
E95LZ,51.544524,-0.026431,North,Homerton University,1.53,Royal Free Hospital,9.66,Whipps Cross,4.26,Homerton University,1.53
E95NA,51.545038,-0.029192,North,Homerton University,1.34,Royal Free Hospital,9.46,Whipps Cross,4.3,Homerton University,1.34
E95NB,51.544664,-0.025083,North,Homerton University,1.61,Royal Free Hospital,9.75,Whipps Cross,4.2,Homerton University,1.61
E95ND,51.546154,-0.025466,North,Homerton University,1.52,Royal Free Hospital,9.71,Whipps Cross,4.07,Homerton University,1.52
E95NE,51.545392,-0.02935,North,Homerton University,1.31,Royal Free Hospital,9.45,Whipps Cross,4.27,Homerton University,1.31
E95NF,51.546397,-0.027071,North,Homerton University,1.41,Royal Free Hospital,9.59,Whipps Cross,4.1,Homerton University,1.41
E95NG,51.545252,-0.029572,North,Homerton University,1.3,Royal Free Hospital,9.43,Whipps Cross,4.29,Homerton University,1.3
E95NH,51.547034,-0.028615,North,Homerton University,1.29,Royal Free Hospital,9.48,Whipps Cross,4.09,Homerton University,1.29
E95NJ,51.547101,-0.027805,North,Homerton University,1.34,Royal Free Hospital,9.54,Whipps Cross,4.05,Homerton University,1.34
E95NL,51.547159,-0.027499,North,Homerton University,1.35,Royal Free Hospital,9.56,Whipps Cross,4.04,Homerton University,1.35
E95NN,51.544463,-0.025452,North,Homerton University,1.6,Royal Free Hospital,9.73,Whipps Cross,4.23,Homerton University,1.6
E95NP,51.54411,-0.025309,North,Homerton University,1.62,Royal Free Hospital,9.74,Whipps Cross,4.26,Homerton University,1.62
E95NQ,51.546421,-0.028512,North,Homerton University,1.32,Royal Free Hospital,9.5,Whipps Cross,4.14,Homerton University,1.32
E95NR,51.549796,-0.022265,North,Homerton University,1.66,Royal Free Hospital,9.9,Whipps Cross,3.61,Homerton University,1.66
E95NS,51.549299,-0.023757,North,Homerton University,1.56,Royal Free Hospital,9.8,Whipps Cross,3.7,Homerton University,1.56
E95NU,51.550147,-0.02173,North,Homerton University,1.69,Royal Free Hospital,9.94,Whipps Cross,3.55,Homerton University,1.69
E95NW,51.542435,-0.026261,North,Homerton University,1.66,Royal Free Hospital,9.7,Whipps Cross,4.46,Homerton University,1.66
E95NX,51.546493,-0.025841,North,Homerton University,1.49,Royal Free Hospital,9.68,Whipps Cross,4.05,Homerton University,1.49
E95NY,51.547287,-0.025979,North,Homerton University,1.45,Royal Free Hospital,9.66,Whipps Cross,3.97,Homerton University,1.45
E95NZ,51.547501,-0.02698,North,Homerton University,1.38,Royal Free Hospital,9.59,Whipps Cross,3.99,Homerton University,1.38
E95PA,51.542175,-0.026273,North,Homerton University,1.68,Royal Free Hospital,9.7,Whipps Cross,4.49,Homerton University,1.68
E95PB,51.542291,-0.02572,North,Homerton University,1.7,Royal Free Hospital,9.73,Whipps Cross,4.46,Homerton University,1.7
E95PD,51.546486,-0.027052,North,Homerton University,1.41,Royal Free Hospital,9.6,Whipps Cross,4.09,Homerton University,1.41
E95PE,51.549219,-0.036122,North,Homerton University,0.72,Royal Free Hospital,8.95,Whipps Cross,4.19,Homerton University,0.72
E95PF,51.552235,-0.02187,North,Homerton University,1.69,Royal Free Hospital,9.92,Whipps Cross,3.35,Homerton University,1.69
E95PG,51.5527,-0.031861,North,Homerton University,1.01,Royal Free Hospital,9.23,Whipps Cross,3.7,Homerton University,1.01
E95PH,51.551348,-0.031674,North,Homerton University,1.01,Royal Free Hospital,9.25,Whipps Cross,3.81,Homerton University,1.01
E95PJ,51.552253,-0.032558,North,Homerton University,0.96,Royal Free Hospital,9.19,Whipps Cross,3.77,Homerton University,0.96
E95PL,51.552581,-0.032789,North,Homerton University,0.95,Royal Free Hospital,9.17,Whipps Cross,3.75,Homerton University,0.95
E95PN,51.553038,-0.033231,North,Homerton University,0.93,Royal Free Hospital,9.14,Whipps Cross,3.73,Homerton University,0.93
E95PP,51.553831,-0.034986,North,Homerton University,0.85,Royal Free Hospital,9.02,Whipps Cross,3.75,Homerton University,0.85
E95PQ,51.553035,-0.032539,North,Homerton University,0.98,Royal Free Hospital,9.19,Whipps Cross,3.7,Homerton University,0.98
E95PR,51.552661,-0.033824,North,Homerton University,0.88,Royal Free Hospital,9.1,Whipps Cross,3.79,Homerton University,0.88
E95PS,51.552661,-0.033824,North,Homerton University,0.88,Royal Free Hospital,9.1,Whipps Cross,3.79,Homerton University,0.88
E95PT,51.552845,-0.033557,North,Homerton University,0.9,Royal Free Hospital,9.12,Whipps Cross,3.77,Homerton University,0.9
E95PU,51.552845,-0.033557,North,Homerton University,0.9,Royal Free Hospital,9.12,Whipps Cross,3.77,Homerton University,0.9
E95PW,51.55396,-0.034071,North,Homerton University,0.91,Royal Free Hospital,9.08,Whipps Cross,3.7,Homerton University,0.91
E95PX,51.553758,-0.032753,North,Homerton University,0.99,Royal Free Hospital,9.17,Whipps Cross,3.65,Homerton University,0.99
E95PY,51.554206,-0.03321,North,Homerton University,0.97,Royal Free Hospital,9.14,Whipps Cross,3.64,Homerton University,0.97
E95PZ,51.554574,-0.034247,North,Homerton University,0.93,Royal Free Hospital,9.07,Whipps Cross,3.65,Homerton University,0.93
E95QA,51.549758,-0.036099,North,Homerton University,0.71,Royal Free Hospital,8.95,Whipps Cross,4.14,Homerton University,0.71
E95QB,51.55007,-0.034845,North,Homerton University,0.79,Royal Free Hospital,9.03,Whipps Cross,4.06,Homerton University,0.79
E95QD,51.550454,-0.03415,North,Homerton University,0.83,Royal Free Hospital,9.08,Whipps Cross,4.0,Homerton University,0.83
E95QE,51.550492,-0.033731,North,Homerton University,0.86,Royal Free Hospital,9.11,Whipps Cross,3.97,Homerton University,0.86
E95QF,51.551311,-0.03433,North,Homerton University,0.82,Royal Free Hospital,9.06,Whipps Cross,3.93,Homerton University,0.82
E95QG,51.551804,-0.034756,North,Homerton University,0.8,Royal Free Hospital,9.03,Whipps Cross,3.91,Homerton University,0.8
E95QH,51.552451,-0.034728,North,Homerton University,0.81,Royal Free Hospital,9.04,Whipps Cross,3.85,Homerton University,0.81
E95QJ,51.552451,-0.034728,North,Homerton University,0.81,Royal Free Hospital,9.04,Whipps Cross,3.85,Homerton University,0.81
E95QL,51.552489,-0.034322,North,Homerton University,0.84,Royal Free Hospital,9.06,Whipps Cross,3.83,Homerton University,0.84
E95QN,51.552489,-0.034322,North,Homerton University,0.84,Royal Free Hospital,9.06,Whipps Cross,3.83,Homerton University,0.84
E95QP,51.551049,-0.033144,North,Homerton University,0.9,Royal Free Hospital,9.15,Whipps Cross,3.9,Homerton University,0.9
E95QQ,51.547906,-0.037707,North,Homerton University,0.67,Royal Free Hospital,8.85,Whipps Cross,4.37,Homerton University,0.67
E95QR,51.551049,-0.033144,North,Homerton University,0.9,Royal Free Hospital,9.15,Whipps Cross,3.9,Homerton University,0.9
E95QS,51.550891,-0.033367,North,Homerton University,0.89,Royal Free Hospital,9.13,Whipps Cross,3.92,Homerton University,0.89
E95QT,51.550891,-0.033367,North,Homerton University,0.89,Royal Free Hospital,9.13,Whipps Cross,3.92,Homerton University,0.89
E95QU,51.550112,-0.034122,North,Homerton University,0.84,Royal Free Hospital,9.08,Whipps Cross,4.02,Homerton University,0.84
E95QW,51.547625,-0.037575,North,Homerton University,0.69,Royal Free Hospital,8.86,Whipps Cross,4.39,Homerton University,0.69
E95QX,51.54696,-0.034402,North,Homerton University,0.92,Royal Free Hospital,9.08,Whipps Cross,4.32,Homerton University,0.92
E95QY,51.547925,-0.038298,North,Homerton University,0.63,Royal Free Hospital,8.81,Whipps Cross,4.4,Homerton University,0.63
E95QZ,51.547816,-0.038274,North,Homerton University,0.64,Royal Free Hospital,8.81,Whipps Cross,4.4,Homerton University,0.64
E95RA,51.546127,-0.036746,North,Homerton University,0.84,Royal Free Hospital,8.93,Whipps Cross,4.49,Homerton University,0.84
E95RB,51.546603,-0.036682,North,Homerton University,0.81,Royal Free Hospital,8.93,Whipps Cross,4.44,Homerton University,0.81
E95RD,51.547322,-0.033983,North,Homerton University,0.93,Royal Free Hospital,9.11,Whipps Cross,4.27,Homerton University,0.93
E95RE,51.548541,-0.036959,North,Homerton University,0.69,Royal Free Hospital,8.9,Whipps Cross,4.28,Homerton University,0.69
E95RF,51.548893,-0.037578,North,Homerton University,0.63,Royal Free Hospital,8.85,Whipps Cross,4.28,Homerton University,0.63
E95RG,51.547744,-0.035551,North,Homerton University,0.81,Royal Free Hospital,9.0,Whipps Cross,4.29,Homerton University,0.81
E95RH,51.547104,-0.035997,North,Homerton University,0.82,Royal Free Hospital,8.97,Whipps Cross,4.37,Homerton University,0.82
E95RJ,51.54853,-0.035762,North,Homerton University,0.76,Royal Free Hospital,8.98,Whipps Cross,4.23,Homerton University,0.76
E95RL,51.547688,-0.034342,North,Homerton University,0.89,Royal Free Hospital,9.08,Whipps Cross,4.25,Homerton University,0.89
E95RN,51.549291,-0.0356,North,Homerton University,0.75,Royal Free Hospital,8.99,Whipps Cross,4.16,Homerton University,0.75
E95RP,51.551247,-0.032602,North,Homerton University,0.94,Royal Free Hospital,9.18,Whipps Cross,3.86,Homerton University,0.94
E95RQ,51.548278,-0.03684,North,Homerton University,0.71,Royal Free Hospital,8.91,Whipps Cross,4.3,Homerton University,0.71
E95RR,51.551247,-0.032602,North,Homerton University,0.94,Royal Free Hospital,9.18,Whipps Cross,3.86,Homerton University,0.94
E95RS,51.551285,-0.032239,North,Homerton University,0.97,Royal Free Hospital,9.21,Whipps Cross,3.84,Homerton University,0.97
E95RT,51.551285,-0.032239,North,Homerton University,0.97,Royal Free Hospital,9.21,Whipps Cross,3.84,Homerton University,0.97
E95RU,51.54792,-0.035327,North,Homerton University,0.82,Royal Free Hospital,9.01,Whipps Cross,4.27,Homerton University,0.82
E95RW,51.54768,-0.034977,North,Homerton University,0.85,Royal Free Hospital,9.04,Whipps Cross,4.28,Homerton University,0.85
E95RX,51.54813,-0.035549,North,Homerton University,0.79,Royal Free Hospital,9.0,Whipps Cross,4.26,Homerton University,0.79
E95RY,51.547827,-0.03461,North,Homerton University,0.87,Royal Free Hospital,9.06,Whipps Cross,4.25,Homerton University,0.87
E95RZ,51.548028,-0.034818,North,Homerton University,0.85,Royal Free Hospital,9.05,Whipps Cross,4.24,Homerton University,0.85
E95SA,51.547453,-0.041823,North,Homerton University,0.48,Royal Free Hospital,8.57,Whipps Cross,4.59,Homerton University,0.48
E95SB,51.547715,-0.042447,North,Homerton University,0.43,Royal Free Hospital,8.52,Whipps Cross,4.6,Homerton University,0.43
E95SD,51.545848,-0.041575,North,Homerton University,0.64,Royal Free Hospital,8.6,Whipps Cross,4.72,Homerton University,0.64
E95SE,51.546598,-0.042336,North,Homerton University,0.54,Royal Free Hospital,8.54,Whipps Cross,4.69,Homerton University,0.54
E95SF,51.546249,-0.042409,North,Homerton University,0.57,Royal Free Hospital,8.54,Whipps Cross,4.72,Homerton University,0.57
E95SG,51.546705,-0.039562,North,Homerton University,0.65,Royal Free Hospital,8.73,Whipps Cross,4.56,Homerton University,0.65
E95SH,51.546172,-0.037306,North,Homerton University,0.8,Royal Free Hospital,8.89,Whipps Cross,4.51,Homerton University,0.8
E95SJ,51.546172,-0.037306,North,Homerton University,0.8,Royal Free Hospital,8.89,Whipps Cross,4.51,Homerton University,0.8
E95SL,51.5464,-0.03907,North,Homerton University,0.69,Royal Free Hospital,8.77,Whipps Cross,4.56,Homerton University,0.69
E95SN,51.546116,-0.039313,North,Homerton University,0.71,Royal Free Hospital,8.75,Whipps Cross,4.6,Homerton University,0.71
E95SP,51.546097,-0.04142,North,Homerton University,0.62,Royal Free Hospital,8.61,Whipps Cross,4.69,Homerton University,0.62
E95SQ,51.545807,-0.036961,North,Homerton University,0.85,Royal Free Hospital,8.92,Whipps Cross,4.52,Homerton University,0.85
E95SR,51.545651,-0.039982,North,Homerton University,0.72,Royal Free Hospital,8.71,Whipps Cross,4.67,Homerton University,0.72
E95SS,51.545458,-0.036515,North,Homerton University,0.9,Royal Free Hospital,8.95,Whipps Cross,4.54,Homerton University,0.9
E95ST,51.5459,-0.039323,North,Homerton University,0.72,Royal Free Hospital,8.76,Whipps Cross,4.62,Homerton University,0.72
E95SU,51.545606,-0.035167,North,Homerton University,0.96,Royal Free Hospital,9.04,Whipps Cross,4.47,Homerton University,0.96
E95SW,51.546454,-0.041217,North,Homerton University,0.59,Royal Free Hospital,8.62,Whipps Cross,4.65,Homerton University,0.59
E95SX,51.54616,-0.034941,North,Homerton University,0.93,Royal Free Hospital,9.05,Whipps Cross,4.41,Homerton University,0.93
E95SY,51.545667,-0.037198,North,Homerton University,0.84,Royal Free Hospital,8.9,Whipps Cross,4.55,Homerton University,0.84
E95SZ,51.54253,-0.026041,North,Homerton University,1.67,Royal Free Hospital,9.71,Whipps Cross,4.44,Homerton University,1.67
E95TA,51.544552,-0.034535,North,Homerton University,1.06,Royal Free Hospital,9.1,Whipps Cross,4.54,Homerton University,1.06
E95TB,51.544229,-0.024395,North,Homerton University,1.68,Royal Free Hospital,9.8,Whipps Cross,4.23,Homerton University,1.68
E95TD,51.548067,-0.037672,North,Homerton University,0.66,Royal Free Hospital,8.85,Whipps Cross,4.36,Homerton University,0.66
E95TE,51.54776,-0.038132,North,Homerton University,0.65,Royal Free Hospital,8.82,Whipps Cross,4.4,Homerton University,0.65
E95TF,51.544153,-0.023605,North,Homerton University,1.73,Royal Free Hospital,9.86,Whipps Cross,4.21,Homerton University,1.73
E95TG,51.548266,-0.035081,North,Homerton University,0.82,Royal Free Hospital,9.03,Whipps Cross,4.23,Homerton University,0.82
E95TH,51.546542,-0.035718,North,Homerton University,0.87,Royal Free Hospital,9.0,Whipps Cross,4.41,Homerton University,0.87
E95TJ,51.546661,-0.033708,North,Homerton University,0.98,Royal Free Hospital,9.13,Whipps Cross,4.32,Homerton University,0.98
E95TL,51.546625,-0.034806,North,Homerton University,0.91,Royal Free Hospital,9.06,Whipps Cross,4.36,Homerton University,0.91
E95TN,51.548229,-0.036093,North,Homerton University,0.76,Royal Free Hospital,8.96,Whipps Cross,4.27,Homerton University,0.76
E95TP,51.547488,-0.038562,North,Homerton University,0.64,Royal Free Hospital,8.79,Whipps Cross,4.44,Homerton University,0.64
E95TQ,51.548485,-0.035216,North,Homerton University,0.8,Royal Free Hospital,9.02,Whipps Cross,4.21,Homerton University,0.8
E95TR,51.551707,-0.031125,North,Homerton University,1.05,Royal Free Hospital,9.29,Whipps Cross,3.76,Homerton University,1.05
E95TS,51.543521,-0.023979,North,Homerton University,1.74,Royal Free Hospital,9.84,Whipps Cross,4.28,Homerton University,1.74
E95TU,51.54454,-0.024685,North,Homerton University,1.64,Royal Free Hospital,9.78,Whipps Cross,4.2,Homerton University,1.64
E95TW,51.548876,-0.036598,North,Homerton University,0.7,Royal Free Hospital,8.92,Whipps Cross,4.24,Homerton University,0.7
E95TX,51.544717,-0.02449,North,Homerton University,1.65,Royal Free Hospital,9.79,Whipps Cross,4.18,Homerton University,1.65
E95TY,51.546452,-0.035765,North,Homerton University,0.87,Royal Free Hospital,8.99,Whipps Cross,4.42,Homerton University,0.87
E95TZ,51.54389,-0.025621,North,Homerton University,1.62,Royal Free Hospital,9.72,Whipps Cross,4.3,Homerton University,1.62
E95UE,51.547258,-0.034981,North,Homerton University,0.87,Royal Free Hospital,9.04,Whipps Cross,4.31,Homerton University,0.87
E95UF,51.547249,-0.034981,North,Homerton University,0.87,Royal Free Hospital,9.04,Whipps Cross,4.31,Homerton University,0.87
E95UG,51.547258,-0.034981,North,Homerton University,0.87,Royal Free Hospital,9.04,Whipps Cross,4.31,Homerton University,0.87
E95UJ,51.547258,-0.034981,North,Homerton University,0.87,Royal Free Hospital,9.04,Whipps Cross,4.31,Homerton University,0.87
E95UN,51.54696,-0.034402,North,Homerton University,0.92,Royal Free Hospital,9.08,Whipps Cross,4.32,Homerton University,0.92
E95UR,51.547258,-0.034981,North,Homerton University,0.87,Royal Free Hospital,9.04,Whipps Cross,4.31,Homerton University,0.87
E95US,51.547258,-0.034981,North,Homerton University,0.87,Royal Free Hospital,9.04,Whipps Cross,4.31,Homerton University,0.87
E95UT,51.547258,-0.034981,North,Homerton University,0.87,Royal Free Hospital,9.04,Whipps Cross,4.31,Homerton University,0.87
E95UU,51.547258,-0.034981,North,Homerton University,0.87,Royal Free Hospital,9.04,Whipps Cross,4.31,Homerton University,0.87
E95UW,51.547258,-0.034981,North,Homerton University,0.87,Royal Free Hospital,9.04,Whipps Cross,4.31,Homerton University,0.87
E95UX,51.548876,-0.036598,North,Homerton University,0.7,Royal Free Hospital,8.92,Whipps Cross,4.24,Homerton University,0.7
E95WE,51.54696,-0.034402,North,Homerton University,0.92,Royal Free Hospital,9.08,Whipps Cross,4.32,Homerton University,0.92
E95XA,51.543114,-0.0244,North,Homerton University,1.73,Royal Free Hospital,9.81,Whipps Cross,4.34,Homerton University,1.73
E95XB,51.542847,-0.024542,North,Homerton University,1.74,Royal Free Hospital,9.81,Whipps Cross,4.37,Homerton University,1.74
E95XG,51.541416,-0.02606,North,Homerton University,1.74,Royal Free Hospital,9.72,Whipps Cross,4.56,Homerton University,1.74
E95XH,51.541638,-0.025387,North,Homerton University,1.76,Royal Free Hospital,9.77,Whipps Cross,4.51,Homerton University,1.76
E95XJ,51.541833,-0.024687,North,Homerton University,1.79,Royal Free Hospital,9.81,Whipps Cross,4.48,Homerton University,1.79
E95XL,51.541668,-0.023958,North,Homerton University,1.84,Royal Free Hospital,9.86,Whipps Cross,4.47,Homerton University,1.84
E95XN,51.54129,-0.023917,North,Homerton University,1.87,Royal Free Hospital,9.87,Whipps Cross,4.51,Homerton University,1.87
E95XP,51.541319,-0.025113,North,Homerton University,1.8,Royal Free Hospital,9.79,Whipps Cross,4.54,Homerton University,1.8
E95YA,51.541482,-0.02463,North,Homerton University,1.82,Royal Free Hospital,9.82,Whipps Cross,4.51,Homerton University,1.82
E95YB,51.541287,-0.024321,North,Homerton University,1.85,Royal Free Hospital,9.84,Whipps Cross,4.52,Homerton University,1.85
E95YD,51.541558,-0.024381,North,Homerton University,1.83,Royal Free Hospital,9.84,Whipps Cross,4.49,Homerton University,1.83
E95YE,51.541438,-0.0258,North,Homerton University,1.75,Royal Free Hospital,9.74,Whipps Cross,4.55,Homerton University,1.75
E95YF,51.541355,-0.025645,North,Homerton University,1.77,Royal Free Hospital,9.75,Whipps Cross,4.55,Homerton University,1.77
E95YG,51.541082,-0.025455,North,Homerton University,1.8,Royal Free Hospital,9.77,Whipps Cross,4.57,Homerton University,1.8
E95YH,51.542847,-0.024542,North,Homerton University,1.74,Royal Free Hospital,9.81,Whipps Cross,4.37,Homerton University,1.74
E95YJ,51.541,-0.024881,North,Homerton University,1.83,Royal Free Hospital,9.81,Whipps Cross,4.57,Homerton University,1.83
E95YL,51.540881,-0.025276,North,Homerton University,1.82,Royal Free Hospital,9.79,Whipps Cross,4.59,Homerton University,1.82
E95YN,51.540825,-0.025163,North,Homerton University,1.83,Royal Free Hospital,9.79,Whipps Cross,4.59,Homerton University,1.83
E95YP,51.541165,-0.025566,North,Homerton University,1.78,Royal Free Hospital,9.76,Whipps Cross,4.57,Homerton University,1.78
E95YQ,51.540976,-0.026094,North,Homerton University,1.77,Royal Free Hospital,9.73,Whipps Cross,4.6,Homerton University,1.77
E95YR,51.54083,-0.025999,North,Homerton University,1.78,Royal Free Hospital,9.74,Whipps Cross,4.61,Homerton University,1.78
E95YS,51.540703,-0.025918,North,Homerton University,1.8,Royal Free Hospital,9.74,Whipps Cross,4.62,Homerton University,1.8
E95YT,51.540286,-0.025734,North,Homerton University,1.84,Royal Free Hospital,9.76,Newham General,4.65,Homerton University,1.84
E95YU,51.540689,-0.025068,North,Homerton University,1.84,Royal Free Hospital,9.8,Whipps Cross,4.6,Homerton University,1.84
E95YW,51.542847,-0.024542,North,Homerton University,1.74,Royal Free Hospital,9.81,Whipps Cross,4.37,Homerton University,1.74
E95YX,51.540505,-0.025407,North,Homerton University,1.84,Royal Free Hospital,9.78,Whipps Cross,4.63,Homerton University,1.84
E95YY,51.540445,-0.025554,North,Homerton University,1.83,Royal Free Hospital,9.77,Whipps Cross,4.64,Homerton University,1.83
E95YZ,51.540661,-0.025011,North,Homerton University,1.85,Royal Free Hospital,9.81,Whipps Cross,4.6,Homerton University,1.85
E95ZA,51.541147,-0.024529,North,Homerton University,1.84,Royal Free Hospital,9.83,Whipps Cross,4.54,Homerton University,1.84
E95ZB,51.541123,-0.024155,North,Homerton University,1.87,Royal Free Hospital,9.86,Whipps Cross,4.53,Homerton University,1.87
E95ZD,51.541529,-0.023705,North,Homerton University,1.87,Royal Free Hospital,9.88,Whipps Cross,4.48,Homerton University,1.87
E95ZE,51.541787,-0.02352,North,Homerton University,1.86,Royal Free Hospital,9.89,Whipps Cross,4.45,Homerton University,1.86
E95ZF,51.54185,-0.022999,North,Homerton University,1.89,Royal Free Hospital,9.93,Whipps Cross,4.43,Homerton University,1.89
E95ZG,51.541658,-0.022834,North,Homerton University,1.91,Royal Free Hospital,9.94,Whipps Cross,4.44,Homerton University,1.91
E95ZH,51.540457,-0.025756,North,Homerton University,1.82,Royal Free Hospital,9.76,Whipps Cross,4.65,Homerton University,1.82
E95ZJ,51.542847,-0.024542,North,Homerton University,1.74,Royal Free Hospital,9.81,Whipps Cross,4.37,Homerton University,1.74
E96AA,51.547898,-0.043694,North,Homerton University,0.37,Royal Free Hospital,8.44,Whipps Cross,4.64,Homerton University,0.37
E96AB,51.547774,-0.042718,North,Homerton University,0.41,Royal Free Hospital,8.5,Whipps Cross,4.61,Homerton University,0.41
E96AD,51.55111,-0.041623,North,Homerton University,0.32,Royal Free Hospital,8.56,Whipps Cross,4.29,Homerton University,0.32
E96AE,51.547671,-0.04304,North,Homerton University,0.41,Royal Free Hospital,8.48,Whipps Cross,4.63,Homerton University,0.41
E96AF,51.551118,-0.041608,North,Homerton University,0.32,Royal Free Hospital,8.56,Whipps Cross,4.28,Homerton University,0.32
E96AG,51.548274,-0.043086,North,Homerton University,0.35,Royal Free Hospital,8.47,Whipps Cross,4.58,Homerton University,0.35
E96AH,51.546662,-0.042925,North,Homerton University,0.51,Royal Free Hospital,8.5,Whipps Cross,4.71,Homerton University,0.51
E96AJ,51.547373,-0.040831,North,Homerton University,0.53,Royal Free Hospital,8.64,Whipps Cross,4.55,Homerton University,0.53
E96AL,51.547373,-0.040831,North,Homerton University,0.53,Royal Free Hospital,8.64,Whipps Cross,4.55,Homerton University,0.53
E96AN,51.547373,-0.040831,North,Homerton University,0.53,Royal Free Hospital,8.64,Whipps Cross,4.55,Homerton University,0.53
E96AP,51.547453,-0.041823,North,Homerton University,0.48,Royal Free Hospital,8.57,Whipps Cross,4.59,Homerton University,0.48
E96AQ,51.54662,-0.048003,North,Homerton University,0.48,Royal Free Hospital,8.15,Whipps Cross,4.95,Homerton University,0.48
E96AR,51.547453,-0.041823,North,Homerton University,0.48,Royal Free Hospital,8.57,Whipps Cross,4.59,Homerton University,0.48
E96AS,51.548897,-0.04055,North,Homerton University,0.44,Royal Free Hospital,8.65,Whipps Cross,4.41,Homerton University,0.44
E96AT,51.548378,-0.040168,North,Homerton University,0.5,Royal Free Hospital,8.68,Whipps Cross,4.44,Homerton University,0.5
E96AU,51.54992,-0.041501,North,Homerton University,0.34,Royal Free Hospital,8.57,Whipps Cross,4.38,Homerton University,0.34
E96AW,51.547192,-0.041301,North,Homerton University,0.53,Royal Free Hospital,8.61,Whipps Cross,4.59,Homerton University,0.53
E96AX,51.550232,-0.041329,North,Homerton University,0.34,Royal Free Hospital,8.58,Whipps Cross,4.34,Homerton University,0.34
E96AY,51.551168,-0.042428,North,Homerton University,0.26,Royal Free Hospital,8.51,Whipps Cross,4.32,Homerton University,0.26
E96AZ,51.551118,-0.041608,North,Homerton University,0.32,Royal Free Hospital,8.56,Whipps Cross,4.28,Homerton University,0.32
E96BA,51.549941,-0.041111,North,Homerton University,0.36,Royal Free Hospital,8.6,Whipps Cross,4.35,Homerton University,0.36
E96BB,51.549132,-0.038982,North,Homerton University,0.53,Royal Free Hospital,8.75,Whipps Cross,4.32,Homerton University,0.53
E96BD,51.548411,-0.039965,North,Homerton University,0.51,Royal Free Hospital,8.69,Whipps Cross,4.43,Homerton University,0.51
E96BE,51.548588,-0.03925,North,Homerton University,0.54,Royal Free Hospital,8.74,Whipps Cross,4.38,Homerton University,0.54
E96BF,51.543624,-0.048997,North,Homerton University,0.82,Royal Free Hospital,8.12,Whipps Cross,5.24,Homerton University,0.82
E96BG,51.55001,-0.042031,North,Homerton University,0.3,Royal Free Hospital,8.54,Whipps Cross,4.39,Homerton University,0.3
E96BH,51.548616,-0.046331,North,Homerton University,0.24,Royal Free Hospital,8.25,Whipps Cross,4.71,Homerton University,0.24
E96BJ,51.548501,-0.047,North,Homerton University,0.26,Royal Free Hospital,8.2,Whipps Cross,4.75,Homerton University,0.26
E96BL,51.549016,-0.047122,North,Homerton University,0.21,Royal Free Hospital,8.19,Whipps Cross,4.72,Homerton University,0.21
E96BN,51.549086,-0.046499,North,Homerton University,0.19,Royal Free Hospital,8.23,Whipps Cross,4.68,Homerton University,0.19
E96BP,51.548602,-0.045495,North,Homerton University,0.25,Royal Free Hospital,8.31,Whipps Cross,4.67,Homerton University,0.25
E96BQ,51.543494,-0.0487,North,Homerton University,0.83,Royal Free Hospital,8.14,Whipps Cross,5.24,Homerton University,0.83
E96BS,51.548398,-0.044595,North,Homerton University,0.29,Royal Free Hospital,8.37,Whipps Cross,4.65,Homerton University,0.29
E96BT,51.549103,-0.044233,North,Homerton University,0.23,Royal Free Hospital,8.39,Whipps Cross,4.57,Homerton University,0.23
E96BU,51.548196,-0.046494,North,Homerton University,0.29,Royal Free Hospital,8.24,Whipps Cross,4.75,Homerton University,0.29
E96BW,51.549308,-0.045754,North,Homerton University,0.17,Royal Free Hospital,8.28,Whipps Cross,4.63,Homerton University,0.17
E96BX,51.549962,-0.043475,North,Homerton University,0.21,Royal Free Hospital,8.44,Whipps Cross,4.47,Homerton University,0.21
E96BY,51.54662,-0.048003,North,Homerton University,0.48,Royal Free Hospital,8.15,Whipps Cross,4.95,Homerton University,0.48
E96BZ,51.55025,-0.043449,North,Homerton University,0.2,Royal Free Hospital,8.44,Whipps Cross,4.44,Homerton University,0.2
E96DA,51.550962,-0.043043,North,Homerton University,0.22,Royal Free Hospital,8.46,Whipps Cross,4.37,Homerton University,0.22
E96DB,51.55102,-0.043242,North,Homerton University,0.21,Royal Free Hospital,8.45,Whipps Cross,4.37,Homerton University,0.21
E96DD,51.551179,-0.044173,North,Homerton University,0.15,Royal Free Hospital,8.38,Whipps Cross,4.41,Homerton University,0.15
E96DE,51.551401,-0.043471,North,Homerton University,0.2,Royal Free Hospital,8.43,Whipps Cross,4.35,Homerton University,0.2
E96DF,51.55013,-0.042761,North,Homerton University,0.25,Royal Free Hospital,8.49,Whipps Cross,4.42,Homerton University,0.25
E96DG,51.549491,-0.042154,North,Homerton University,0.32,Royal Free Hospital,8.53,Whipps Cross,4.44,Homerton University,0.32
E96DH,51.551166,-0.043366,North,Homerton University,0.2,Royal Free Hospital,8.44,Whipps Cross,4.37,Homerton University,0.2
E96DJ,51.548875,-0.043508,North,Homerton University,0.28,Royal Free Hospital,8.44,Whipps Cross,4.55,Homerton University,0.28
E96DL,51.548635,-0.043157,North,Homerton University,0.32,Royal Free Hospital,8.47,Whipps Cross,4.56,Homerton University,0.32
E96DN,51.551232,-0.043017,North,Homerton University,0.23,Royal Free Hospital,8.46,Whipps Cross,4.34,Homerton University,0.23
E96DP,51.548229,-0.049564,North,Homerton University,0.37,Royal Free Hospital,8.03,Whipps Cross,4.9,Homerton University,0.37
E96DQ,51.546611,-0.048004,North,Homerton University,0.48,Royal Free Hospital,8.15,Whipps Cross,4.95,Homerton University,0.48
E96DR,51.550835,-0.042976,North,Homerton University,0.22,Royal Free Hospital,8.47,Whipps Cross,4.37,Homerton University,0.22
E96DS,51.547948,-0.048884,North,Homerton University,0.37,Royal Free Hospital,8.08,Whipps Cross,4.89,Homerton University,0.37
E96DT,51.54776,-0.048921,North,Homerton University,0.39,Royal Free Hospital,8.08,Whipps Cross,4.91,Homerton University,0.39
E96DU,51.547587,-0.050457,North,Homerton University,0.46,Royal Free Hospital,7.97,Whipps Cross,5.0,Homerton University,0.46
E96DW,51.550542,-0.051831,North,Homerton University,0.39,Royal Free Hospital,7.86,Whipps Cross,4.85,Homerton University,0.39
E96DX,51.548073,-0.049932,North,Homerton University,0.4,Royal Free Hospital,8.0,Whipps Cross,4.93,Homerton University,0.4
E96DY,51.550091,-0.047941,North,Homerton University,0.14,Royal Free Hospital,8.13,Whipps Cross,4.68,Homerton University,0.14
E96DZ,51.547704,-0.051534,North,Homerton University,0.5,Royal Free Hospital,7.9,Whipps Cross,5.04,Homerton University,0.5
E96EA,51.548663,-0.048608,North,Homerton University,0.29,Royal Free Hospital,8.09,Whipps Cross,4.82,Homerton University,0.29
E96EB,51.548705,-0.048419,North,Homerton University,0.28,Royal Free Hospital,8.1,Whipps Cross,4.81,Homerton University,0.28
E96ED,51.549173,-0.046856,North,Homerton University,0.19,Royal Free Hospital,8.21,Whipps Cross,4.69,Homerton University,0.19
E96EE,51.54999,-0.050542,North,Homerton University,0.31,Royal Free Hospital,7.95,Whipps Cross,4.82,Homerton University,0.31
E96EF,51.550217,-0.050129,North,Homerton University,0.28,Royal Free Hospital,7.98,Whipps Cross,4.78,Homerton University,0.28
E96EG,51.549849,-0.051284,North,Homerton University,0.37,Royal Free Hospital,7.9,Whipps Cross,4.87,Homerton University,0.37
E96EH,51.548864,-0.051499,North,Homerton University,0.42,Royal Free Hospital,7.89,Whipps Cross,4.95,Homerton University,0.42
E96EJ,51.549918,-0.05219,North,Homerton University,0.43,Royal Free Hospital,7.84,Whipps Cross,4.91,Homerton University,0.43
E96EL,51.550287,-0.052188,North,Homerton University,0.42,Royal Free Hospital,7.83,Whipps Cross,4.89,Homerton University,0.42
E96EN,51.550563,-0.049869,North,Homerton University,0.26,Royal Free Hospital,7.99,Whipps Cross,4.74,Homerton University,0.26
E96EP,51.550607,-0.047616,North,Homerton University,0.1,Royal Free Hospital,8.15,Whipps Cross,4.62,Homerton University,0.1
E96EQ,51.549083,-0.051706,North,Homerton University,0.43,Royal Free Hospital,7.87,Whipps Cross,4.95,Homerton University,0.43
E96ER,51.551145,-0.050262,North,Homerton University,0.28,Royal Free Hospital,7.96,Whipps Cross,4.72,Homerton University,0.28
E96ES,51.551189,-0.049625,North,Homerton University,0.24,Royal Free Hospital,8.01,Whipps Cross,4.69,Homerton University,0.24
E96ET,51.549268,-0.049318,North,Homerton University,0.27,Royal Free Hospital,8.04,Whipps Cross,4.81,Homerton University,0.27
E96EU,51.550104,-0.048749,North,Homerton University,0.19,Royal Free Hospital,8.07,Whipps Cross,4.72,Homerton University,0.19
E96EW,51.549731,-0.049543,North,Homerton University,0.26,Royal Free Hospital,8.02,Whipps Cross,4.79,Homerton University,0.26
E96EX,51.550313,-0.04835,North,Homerton University,0.16,Royal Free Hospital,8.1,Whipps Cross,4.68,Homerton University,0.16
E96EY,51.551047,-0.048651,North,Homerton University,0.17,Royal Free Hospital,8.08,Whipps Cross,4.65,Homerton University,0.17
E96EZ,51.549565,-0.047719,North,Homerton University,0.17,Royal Free Hospital,8.15,Whipps Cross,4.71,Homerton University,0.17
E96FA,51.545449,-0.051082,North,Homerton University,0.68,Royal Free Hospital,7.95,Whipps Cross,5.19,Homerton University,0.68
E96FB,51.546486,-0.051254,North,Homerton University,0.59,Royal Free Hospital,7.93,Whipps Cross,5.12,Homerton University,0.59
E96FD,51.547444,-0.047247,North,Homerton University,0.38,Royal Free Hospital,8.19,Whipps Cross,4.85,Homerton University,0.38
E96FE,51.544243,-0.047268,North,Homerton University,0.73,Royal Free Hospital,8.23,Whipps Cross,5.11,Homerton University,0.73
E96FF,51.542562,-0.053253,North,Homerton University,1.04,Royal Free Hospital,7.84,Whipps Cross,5.53,Homerton University,1.04
E96FG,51.546867,-0.043392,North,Homerton University,0.48,Royal Free Hospital,8.47,Whipps Cross,4.71,Homerton University,0.48
E96FH,51.546885,-0.043925,North,Homerton University,0.46,Royal Free Hospital,8.43,Whipps Cross,4.74,Homerton University,0.46
E96FJ,51.545844,-0.051094,North,Homerton University,0.65,Royal Free Hospital,7.95,Whipps Cross,5.16,Homerton University,0.65
E96FL,51.546613,-0.043792,North,Homerton University,0.49,Royal Free Hospital,8.44,Whipps Cross,4.75,Homerton University,0.49
E96FP,51.547981,-0.043849,North,Homerton University,0.35,Royal Free Hospital,8.42,Whipps Cross,4.64,Homerton University,0.35
E96FQ,51.544414,-0.054862,North,Homerton University,0.93,Royal Free Hospital,7.71,Whipps Cross,5.46,Homerton University,0.93
E96FR,51.547463,-0.046727,North,Homerton University,0.37,Royal Free Hospital,8.23,Whipps Cross,4.82,Homerton University,0.37
E96FS,51.544168,-0.047603,North,Homerton University,0.74,Royal Free Hospital,8.21,Whipps Cross,5.13,Homerton University,0.74
E96FT,51.544168,-0.047603,North,Homerton University,0.74,Royal Free Hospital,8.21,Whipps Cross,5.13,Homerton University,0.74
E96FU,51.547824,-0.04736,North,Homerton University,0.34,Royal Free Hospital,8.18,Whipps Cross,4.82,Homerton University,0.34
E96FW,51.550725,-0.042808,North,Homerton University,0.23,Royal Free Hospital,8.48,Whipps Cross,4.37,Homerton University,0.23
E96FX,51.550725,-0.042808,North,Homerton University,0.23,Royal Free Hospital,8.48,Whipps Cross,4.37,Homerton University,0.23
E96FY,51.547905,-0.046838,North,Homerton University,0.32,Royal Free Hospital,8.22,Whipps Cross,4.79,Homerton University,0.32
E96FZ,51.547905,-0.046838,North,Homerton University,0.32,Royal Free Hospital,8.22,Whipps Cross,4.79,Homerton University,0.32
E96GA,51.547667,-0.046588,North,Homerton University,0.35,Royal Free Hospital,8.24,Whipps Cross,4.8,Homerton University,0.35
E96GL,51.542466,-0.05183,North,Homerton University,1.01,Royal Free Hospital,7.94,Whipps Cross,5.47,Homerton University,1.01
E96HA,51.546207,-0.043708,North,Homerton University,0.54,Royal Free Hospital,8.45,Whipps Cross,4.78,Homerton University,0.54
E96HB,51.546491,-0.04511,North,Homerton University,0.49,Royal Free Hospital,8.35,Whipps Cross,4.82,Homerton University,0.49
E96HD,51.545811,-0.045846,North,Homerton University,0.56,Royal Free Hospital,8.31,Whipps Cross,4.91,Homerton University,0.56
E96HE,51.545659,-0.045867,North,Homerton University,0.57,Royal Free Hospital,8.31,Whipps Cross,4.93,Homerton University,0.57
E96HF,51.545659,-0.045867,North,Homerton University,0.57,Royal Free Hospital,8.31,Whipps Cross,4.93,Homerton University,0.57
E96HG,51.546088,-0.045733,North,Homerton University,0.52,Royal Free Hospital,8.31,Whipps Cross,4.89,Homerton University,0.52
E96HH,51.54548,-0.044331,North,Homerton University,0.61,Royal Free Hospital,8.42,Whipps Cross,4.87,Homerton University,0.61
E96HJ,51.545243,-0.043014,North,Homerton University,0.66,Royal Free Hospital,8.51,Whipps Cross,4.83,Homerton University,0.66
E96HL,51.545813,-0.043797,North,Homerton University,0.58,Royal Free Hospital,8.45,Whipps Cross,4.82,Homerton University,0.58
E96HN,51.545506,-0.043695,North,Homerton University,0.61,Royal Free Hospital,8.46,Whipps Cross,4.84,Homerton University,0.61
E96HP,51.545963,-0.042522,North,Homerton University,0.59,Royal Free Hospital,8.53,Whipps Cross,4.75,Homerton University,0.59
E96HQ,51.545587,-0.04535,North,Homerton University,0.58,Royal Free Hospital,8.34,Whipps Cross,4.91,Homerton University,0.58
E96HR,51.545632,-0.042118,North,Homerton University,0.64,Royal Free Hospital,8.57,Whipps Cross,4.76,Homerton University,0.64
E96HS,51.545973,-0.043113,North,Homerton University,0.58,Royal Free Hospital,8.49,Whipps Cross,4.78,Homerton University,0.58
E96HT,51.546432,-0.04318,North,Homerton University,0.53,Royal Free Hospital,8.48,Whipps Cross,4.74,Homerton University,0.53
E96HU,51.546432,-0.04318,North,Homerton University,0.53,Royal Free Hospital,8.48,Whipps Cross,4.74,Homerton University,0.53
E96HX,51.547341,-0.044309,North,Homerton University,0.41,Royal Free Hospital,8.4,Whipps Cross,4.72,Homerton University,0.41
E96JA,51.547812,-0.045544,North,Homerton University,0.34,Royal Free Hospital,8.31,Whipps Cross,4.74,Homerton University,0.34
E96JB,51.547584,-0.044327,North,Homerton University,0.38,Royal Free Hospital,8.39,Whipps Cross,4.7,Homerton University,0.38
E96JD,51.54662,-0.048003,North,Homerton University,0.48,Royal Free Hospital,8.15,Whipps Cross,4.95,Homerton University,0.48
E96JE,51.547803,-0.045054,North,Homerton University,0.34,Royal Free Hospital,8.34,Whipps Cross,4.71,Homerton University,0.34
E96JF,51.547815,-0.04576,North,Homerton University,0.33,Royal Free Hospital,8.29,Whipps Cross,4.75,Homerton University,0.33
E96JG,51.548503,-0.04762,North,Homerton University,0.27,Royal Free Hospital,8.16,Whipps Cross,4.78,Homerton University,0.27
E96JH,51.547459,-0.045977,North,Homerton University,0.37,Royal Free Hospital,8.28,Whipps Cross,4.79,Homerton University,0.37
E96JJ,51.547534,-0.046147,North,Homerton University,0.36,Royal Free Hospital,8.27,Whipps Cross,4.79,Homerton University,0.36
E96JL,51.547781,-0.04693,North,Homerton University,0.34,Royal Free Hospital,8.21,Whipps Cross,4.81,Homerton University,0.34
E96JN,51.548715,-0.047394,North,Homerton University,0.25,Royal Free Hospital,8.17,Whipps Cross,4.76,Homerton University,0.25
E96JP,51.548262,-0.047774,North,Homerton University,0.3,Royal Free Hospital,8.15,Whipps Cross,4.81,Homerton University,0.3
E96JQ,51.548486,-0.050404,North,Homerton University,0.39,Royal Free Hospital,7.97,Whipps Cross,4.93,Homerton University,0.39
E96JS,51.548614,-0.047817,North,Homerton University,0.27,Royal Free Hospital,8.15,Whipps Cross,4.79,Homerton University,0.27
E96JT,51.547656,-0.048651,North,Homerton University,0.39,Royal Free Hospital,8.1,Whipps Cross,4.9,Homerton University,0.39
E96JU,51.547072,-0.048114,North,Homerton University,0.44,Royal Free Hospital,8.14,Whipps Cross,4.92,Homerton University,0.44
E96JW,51.54662,-0.048003,North,Homerton University,0.48,Royal Free Hospital,8.15,Whipps Cross,4.95,Homerton University,0.48
E96JX,51.546429,-0.046194,North,Homerton University,0.49,Royal Free Hospital,8.28,Whipps Cross,4.88,Homerton University,0.49
E96JY,51.54662,-0.048003,North,Homerton University,0.48,Royal Free Hospital,8.15,Whipps Cross,4.95,Homerton University,0.48
E96JZ,51.54617,-0.04795,North,Homerton University,0.53,Royal Free Hospital,8.16,Whipps Cross,4.98,Homerton University,0.53
E96LA,51.546314,-0.047944,North,Homerton University,0.51,Royal Free Hospital,8.16,Whipps Cross,4.97,Homerton University,0.51
E96LB,51.54608,-0.047406,North,Homerton University,0.53,Royal Free Hospital,8.2,Whipps Cross,4.97,Homerton University,0.53
E96LD,51.545917,-0.046807,North,Homerton University,0.54,Royal Free Hospital,8.24,Whipps Cross,4.95,Homerton University,0.54
E96LE,51.546336,-0.047092,North,Homerton University,0.5,Royal Free Hospital,8.22,Whipps Cross,4.93,Homerton University,0.5
E96LF,51.546611,-0.048004,North,Homerton University,0.48,Royal Free Hospital,8.15,Whipps Cross,4.95,Homerton University,0.48
E96LG,51.546787,-0.046684,North,Homerton University,0.45,Royal Free Hospital,8.24,Whipps Cross,4.87,Homerton University,0.45
E96LH,51.546972,-0.04858,North,Homerton University,0.46,Royal Free Hospital,8.11,Whipps Cross,4.95,Homerton University,0.46
E96LJ,51.547269,-0.050211,North,Homerton University,0.48,Royal Free Hospital,7.99,Whipps Cross,5.01,Homerton University,0.48
E96LL,51.546505,-0.050258,North,Homerton University,0.55,Royal Free Hospital,8.0,Whipps Cross,5.07,Homerton University,0.55
E96LN,51.545008,-0.051649,North,Homerton University,0.75,Royal Free Hospital,7.92,Whipps Cross,5.26,Homerton University,0.75
E96LP,51.546486,-0.051283,North,Homerton University,0.59,Royal Free Hospital,7.93,Whipps Cross,5.12,Homerton University,0.59
E96LQ,51.547007,-0.050179,North,Homerton University,0.5,Royal Free Hospital,8.0,Whipps Cross,5.03,Homerton University,0.5
E96LR,51.546066,-0.051431,North,Homerton University,0.64,Royal Free Hospital,7.92,Whipps Cross,5.16,Homerton University,0.64
E96LS,51.547007,-0.050179,North,Homerton University,0.5,Royal Free Hospital,8.0,Whipps Cross,5.03,Homerton University,0.5
E96LT,51.54687,-0.050026,North,Homerton University,0.51,Royal Free Hospital,8.01,Whipps Cross,5.03,Homerton University,0.51
E96LU,51.545355,-0.050307,North,Homerton University,0.67,Royal Free Hospital,8.01,Whipps Cross,5.16,Homerton University,0.67
E96LW,51.545907,-0.051611,North,Homerton University,0.66,Royal Free Hospital,7.91,Whipps Cross,5.18,Homerton University,0.66
E96LX,51.545653,-0.050396,North,Homerton University,0.64,Royal Free Hospital,8.0,Whipps Cross,5.14,Homerton University,0.64
E96LY,51.544461,-0.050663,North,Homerton University,0.77,Royal Free Hospital,7.99,Whipps Cross,5.25,Homerton University,0.77
E96LZ,51.546951,-0.047311,North,Homerton University,0.43,Royal Free Hospital,8.19,Whipps Cross,4.89,Homerton University,0.43
E96NA,51.545898,-0.053775,North,Homerton University,0.76,Royal Free Hospital,7.76,Whipps Cross,5.29,Homerton University,0.76
E96NB,51.543206,-0.05249,North,Homerton University,0.95,Royal Free Hospital,7.89,Whipps Cross,5.44,Homerton University,0.95
E96ND,51.546923,-0.052664,North,Homerton University,0.62,Royal Free Hospital,7.83,Whipps Cross,5.16,Homerton University,0.62
E96NE,51.543303,-0.052385,North,Homerton University,0.94,Royal Free Hospital,7.89,Whipps Cross,5.43,Homerton University,0.94
E96NF,51.545931,-0.053052,North,Homerton University,0.72,Royal Free Hospital,7.81,Whipps Cross,5.25,Homerton University,0.72
E96NG,51.545738,-0.051719,North,Homerton University,0.68,Royal Free Hospital,7.9,Whipps Cross,5.2,Homerton University,0.68
E96NH,51.545931,-0.053052,North,Homerton University,0.72,Royal Free Hospital,7.81,Whipps Cross,5.25,Homerton University,0.72
E96NJ,51.546215,-0.051727,North,Homerton University,0.64,Royal Free Hospital,7.9,Whipps Cross,5.17,Homerton University,0.64
E96NL,51.545056,-0.054532,North,Homerton University,0.86,Royal Free Hospital,7.72,Whipps Cross,5.39,Homerton University,0.86
E96NN,51.545104,-0.051472,North,Homerton University,0.73,Royal Free Hospital,7.93,Whipps Cross,5.24,Homerton University,0.73
E96NP,51.544814,-0.054037,North,Homerton University,0.86,Royal Free Hospital,7.76,Whipps Cross,5.39,Homerton University,0.86
E96NQ,51.546062,-0.051748,North,Homerton University,0.65,Royal Free Hospital,7.9,Whipps Cross,5.18,Homerton University,0.65
E96NR,51.544467,-0.052595,North,Homerton University,0.83,Royal Free Hospital,7.86,Whipps Cross,5.34,Homerton University,0.83
E96NS,51.545725,-0.053133,North,Homerton University,0.74,Royal Free Hospital,7.81,Whipps Cross,5.27,Homerton University,0.74
E96NT,51.54502,-0.052903,North,Homerton University,0.79,Royal Free Hospital,7.83,Whipps Cross,5.32,Homerton University,0.79
E96NU,51.545639,-0.05442,North,Homerton University,0.81,Royal Free Hospital,7.72,Whipps Cross,5.34,Homerton University,0.81
E96NW,51.544158,-0.05457,North,Homerton University,0.94,Royal Free Hospital,7.73,Whipps Cross,5.47,Homerton University,0.94
E96NX,51.545259,-0.054278,North,Homerton University,0.83,Royal Free Hospital,7.73,Whipps Cross,5.37,Homerton University,0.83
E96NY,51.545719,-0.051128,North,Homerton University,0.66,Royal Free Hospital,7.95,Whipps Cross,5.17,Homerton University,0.66
E96PA,51.54662,-0.048003,North,Homerton University,0.48,Royal Free Hospital,8.15,Whipps Cross,4.95,Homerton University,0.48
E96PB,51.54727,-0.051899,North,Homerton University,0.56,Royal Free Hospital,7.88,Whipps Cross,5.09,Homerton University,0.56
E96PD,51.545955,-0.054493,North,Homerton University,0.79,Royal Free Hospital,7.71,Whipps Cross,5.32,Homerton University,0.79
E96PE,51.544632,-0.050122,North,Homerton University,0.74,Royal Free Hospital,8.03,Whipps Cross,5.21,Homerton University,0.74
E96PF,51.545907,-0.051611,North,Homerton University,0.66,Royal Free Hospital,7.91,Whipps Cross,5.18,Homerton University,0.66
E96PG,51.546311,-0.052646,North,Homerton University,0.67,Royal Free Hospital,7.83,Whipps Cross,5.2,Homerton University,0.67
E96PH,51.545018,-0.05224,North,Homerton University,0.77,Royal Free Hospital,7.88,Whipps Cross,5.28,Homerton University,0.77
E96PJ,51.545032,-0.05309,North,Homerton University,0.8,Royal Free Hospital,7.82,Whipps Cross,5.32,Homerton University,0.8
E96PN,51.542466,-0.05183,North,Homerton University,1.01,Royal Free Hospital,7.94,Whipps Cross,5.47,Homerton University,1.01
E96PP,51.542622,-0.050886,North,Homerton University,0.97,Royal Free Hospital,8.01,Whipps Cross,5.41,Homerton University,0.97
E96PQ,51.545595,-0.052331,North,Homerton University,0.72,Royal Free Hospital,7.86,Whipps Cross,5.24,Homerton University,0.72
E96PR,51.542622,-0.050886,North,Homerton University,0.97,Royal Free Hospital,8.01,Whipps Cross,5.41,Homerton University,0.97
E96PS,51.54254,-0.053543,North,Homerton University,1.05,Royal Free Hospital,7.82,Whipps Cross,5.54,Homerton University,1.05
E96PT,51.542684,-0.054128,North,Homerton University,1.06,Royal Free Hospital,7.78,Whipps Cross,5.56,Homerton University,1.06
E96PU,51.542684,-0.054128,North,Homerton University,1.06,Royal Free Hospital,7.78,Whipps Cross,5.56,Homerton University,1.06
E96PW,51.543247,-0.05008,North,Homerton University,0.88,Royal Free Hospital,8.05,Whipps Cross,5.32,Homerton University,0.88
E96PX,51.542864,-0.053053,North,Homerton University,1.0,Royal Free Hospital,7.85,Whipps Cross,5.49,Homerton University,1.0
E96PY,51.542864,-0.053053,North,Homerton University,1.0,Royal Free Hospital,7.85,Whipps Cross,5.49,Homerton University,1.0
E96PZ,51.543345,-0.051129,North,Homerton University,0.9,Royal Free Hospital,7.98,Whipps Cross,5.36,Homerton University,0.9
E96QA,51.542979,-0.052341,North,Homerton University,0.97,Royal Free Hospital,7.9,Whipps Cross,5.45,Homerton University,0.97
E96QB,51.543891,-0.052605,North,Homerton University,0.89,Royal Free Hospital,7.87,Whipps Cross,5.39,Homerton University,0.89
E96QD,51.543696,-0.051662,North,Homerton University,0.88,Royal Free Hospital,7.94,Whipps Cross,5.36,Homerton University,0.88
E96QE,51.543345,-0.051129,North,Homerton University,0.9,Royal Free Hospital,7.98,Whipps Cross,5.36,Homerton University,0.9
E96QF,51.543345,-0.051129,North,Homerton University,0.9,Royal Free Hospital,7.98,Whipps Cross,5.36,Homerton University,0.9
E96QG,51.543133,-0.054065,North,Homerton University,1.01,Royal Free Hospital,7.78,Whipps Cross,5.52,Homerton University,1.01
E96QH,51.544075,-0.05179,North,Homerton University,0.84,Royal Free Hospital,7.92,Whipps Cross,5.34,Homerton University,0.84
E96QJ,51.542843,-0.05177,North,Homerton University,0.96,Royal Free Hospital,7.94,Whipps Cross,5.43,Homerton University,0.96
E96QL,51.542979,-0.052341,North,Homerton University,0.97,Royal Free Hospital,7.9,Whipps Cross,5.45,Homerton University,0.97
E96QN,51.543567,-0.053672,North,Homerton University,0.96,Royal Free Hospital,7.8,Whipps Cross,5.47,Homerton University,0.96
E96QP,51.546611,-0.048004,North,Homerton University,0.48,Royal Free Hospital,8.15,Whipps Cross,4.95,Homerton University,0.48
E96QQ,51.543692,-0.053075,North,Homerton University,0.92,Royal Free Hospital,7.84,Whipps Cross,5.43,Homerton University,0.92
E96QR,51.54662,-0.048003,North,Homerton University,0.48,Royal Free Hospital,8.15,Whipps Cross,4.95,Homerton University,0.48
E96QS,51.54662,-0.048003,North,Homerton University,0.48,Royal Free Hospital,8.15,Whipps Cross,4.95,Homerton University,0.48
E96QT,51.544133,-0.04661,North,Homerton University,0.74,Royal Free Hospital,8.28,Whipps Cross,5.09,Homerton University,0.74
E96QU,51.543381,-0.047897,North,Homerton University,0.83,Royal Free Hospital,8.2,Whipps Cross,5.21,Homerton University,0.83
E96QW,51.543403,-0.049208,North,Homerton University,0.85,Royal Free Hospital,8.11,Whipps Cross,5.27,Homerton University,0.85
E96QX,51.542519,-0.047934,North,Homerton University,0.93,Royal Free Hospital,8.21,Whipps Cross,5.28,Homerton University,0.93
E96QY,51.543033,-0.049094,North,Homerton University,0.89,Royal Free Hospital,8.12,Whipps Cross,5.29,Homerton University,0.89
E96QZ,51.543335,-0.048894,North,Homerton University,0.85,Royal Free Hospital,8.13,Whipps Cross,5.26,Homerton University,0.85
E96RA,51.543319,-0.048476,North,Homerton University,0.85,Royal Free Hospital,8.16,Whipps Cross,5.24,Homerton University,0.85
E96RD,51.543319,-0.048476,North,Homerton University,0.85,Royal Free Hospital,8.16,Whipps Cross,5.24,Homerton University,0.85
E96RE,51.544544,-0.046996,North,Homerton University,0.7,Royal Free Hospital,8.24,Whipps Cross,5.07,Homerton University,0.7
E96RF,51.54366,-0.047914,North,Homerton University,0.8,Royal Free Hospital,8.19,Whipps Cross,5.19,Homerton University,0.8
E96RG,51.544534,-0.04691,North,Homerton University,0.7,Royal Free Hospital,8.25,Whipps Cross,5.07,Homerton University,0.7
E96RH,51.545036,-0.048432,North,Homerton University,0.66,Royal Free Hospital,8.14,Whipps Cross,5.1,Homerton University,0.66
E96RJ,51.545238,-0.049216,North,Homerton University,0.65,Royal Free Hospital,8.08,Whipps Cross,5.12,Homerton University,0.65
E96RL,51.545185,-0.047113,North,Homerton University,0.63,Royal Free Hospital,8.23,Whipps Cross,5.02,Homerton University,0.63
E96RN,51.54484,-0.047488,North,Homerton University,0.67,Royal Free Hospital,8.21,Whipps Cross,5.07,Homerton University,0.67
E96RQ,51.545515,-0.046435,North,Homerton University,0.59,Royal Free Hospital,8.27,Whipps Cross,4.97,Homerton University,0.59
E96RR,51.545701,-0.049499,North,Homerton University,0.61,Royal Free Hospital,8.06,Whipps Cross,5.1,Homerton University,0.61
E96RS,51.545941,-0.048782,North,Homerton University,0.57,Royal Free Hospital,8.1,Whipps Cross,5.04,Homerton University,0.57
E96RT,51.546591,-0.049476,North,Homerton University,0.52,Royal Free Hospital,8.05,Whipps Cross,5.03,Homerton University,0.52
E96RU,51.545963,-0.050137,North,Homerton University,0.6,Royal Free Hospital,8.01,Whipps Cross,5.11,Homerton University,0.6
E96RW,51.544865,-0.047891,North,Homerton University,0.67,Royal Free Hospital,8.18,Whipps Cross,5.09,Homerton University,0.67
E96RX,51.546331,-0.048463,North,Homerton University,0.52,Royal Free Hospital,8.12,Whipps Cross,5.0,Homerton University,0.52
E96RY,51.545627,-0.047195,North,Homerton University,0.58,Royal Free Hospital,8.22,Whipps Cross,4.99,Homerton University,0.58
E96RZ,51.543579,-0.054364,North,Homerton University,0.98,Royal Free Hospital,7.75,Whipps Cross,5.5,Homerton University,0.98
E96SA,51.544168,-0.047603,North,Homerton University,0.74,Royal Free Hospital,8.21,Whipps Cross,5.13,Homerton University,0.74
E96SD,51.544029,-0.048994,North,Homerton University,0.78,Royal Free Hospital,8.11,Whipps Cross,5.21,Homerton University,0.78
E96SE,51.544594,-0.048869,North,Homerton University,0.71,Royal Free Hospital,8.11,Whipps Cross,5.16,Homerton University,0.71
E96SF,51.544062,-0.048805,North,Homerton University,0.77,Royal Free Hospital,8.13,Whipps Cross,5.2,Homerton University,0.77
E96SG,51.544067,-0.048012,North,Homerton University,0.76,Royal Free Hospital,8.18,Whipps Cross,5.16,Homerton University,0.76
E96SH,51.544959,-0.049762,North,Homerton University,0.69,Royal Free Hospital,8.05,Whipps Cross,5.17,Homerton University,0.69
E96SJ,51.544712,-0.048417,North,Homerton University,0.69,Royal Free Hospital,8.14,Whipps Cross,5.12,Homerton University,0.69
E96SN,51.544195,-0.04978,North,Homerton University,0.78,Royal Free Hospital,8.06,Whipps Cross,5.23,Homerton University,0.78
E96SP,51.550555,-0.049364,North,Homerton University,0.22,Royal Free Hospital,8.03,Whipps Cross,4.72,Homerton University,0.22
E96SQ,51.54396,-0.048622,North,Homerton University,0.78,Royal Free Hospital,8.14,Whipps Cross,5.2,Homerton University,0.78
E96SR,51.550635,-0.046072,North,Homerton University,0.02,Royal Free Hospital,8.26,Whipps Cross,4.54,Homerton University,0.02
E96SS,51.550328,-0.047095,North,Homerton University,0.08,Royal Free Hospital,8.19,Whipps Cross,4.62,Homerton University,0.08
E96ST,51.550328,-0.047095,North,Homerton University,0.08,Royal Free Hospital,8.19,Whipps Cross,4.62,Homerton University,0.08
E96SW,51.544195,-0.04978,North,Homerton University,0.78,Royal Free Hospital,8.06,Whipps Cross,5.23,Homerton University,0.78
E96SY,51.544092,-0.048458,North,Homerton University,0.76,Royal Free Hospital,8.15,Whipps Cross,5.18,Homerton University,0.76
E96XA,51.54662,-0.048003,North,Homerton University,0.48,Royal Free Hospital,8.15,Whipps Cross,4.95,Homerton University,0.48
E96XB,51.54662,-0.048003,North,Homerton University,0.48,Royal Free Hospital,8.15,Whipps Cross,4.95,Homerton University,0.48
E96XN,51.54662,-0.048003,North,Homerton University,0.48,Royal Free Hospital,8.15,Whipps Cross,4.95,Homerton University,0.48
E96XP,51.54662,-0.048003,North,Homerton University,0.48,Royal Free Hospital,8.15,Whipps Cross,4.95,Homerton University,0.48
E96XQ,51.54662,-0.048003,North,Homerton University,0.48,Royal Free Hospital,8.15,Whipps Cross,4.95,Homerton University,0.48
E96XR,51.544086,-0.050246,North,Homerton University,0.8,Royal Free Hospital,8.03,Whipps Cross,5.26,Homerton University,0.8
E96XU,51.54662,-0.048003,North,Homerton University,0.48,Royal Free Hospital,8.15,Whipps Cross,4.95,Homerton University,0.48
E96ZZ,51.550635,-0.046072,North,Homerton University,0.02,Royal Free Hospital,8.26,Whipps Cross,4.54,Homerton University,0.02
E97AB,51.543948,-0.044123,North,Homerton University,0.78,Royal Free Hospital,8.45,Whipps Cross,4.99,Homerton University,0.78
E97AD,51.543707,-0.045878,North,Homerton University,0.79,Royal Free Hospital,8.33,Whipps Cross,5.09,Homerton University,0.79
E97AE,51.5434,-0.045776,North,Homerton University,0.82,Royal Free Hospital,8.34,Whipps Cross,5.11,Homerton University,0.82
E97AF,51.543903,-0.046302,North,Homerton University,0.77,Royal Free Hospital,8.3,Whipps Cross,5.09,Homerton University,0.77
E97AG,51.543279,-0.046069,North,Homerton University,0.84,Royal Free Hospital,8.32,Whipps Cross,5.14,Homerton University,0.84
E97AH,51.543621,-0.044483,North,Homerton University,0.81,Royal Free Hospital,8.43,Whipps Cross,5.04,Homerton University,0.81
E97AJ,51.542964,-0.044439,North,Homerton University,0.88,Royal Free Hospital,8.44,Whipps Cross,5.09,Homerton University,0.88
E97AL,51.542768,-0.045615,North,Homerton University,0.89,Royal Free Hospital,8.36,Whipps Cross,5.16,Homerton University,0.89
E97AN,51.542408,-0.045602,North,Homerton University,0.93,Royal Free Hospital,8.37,Whipps Cross,5.19,Homerton University,0.93
E97AP,51.542375,-0.044176,North,Homerton University,0.95,Royal Free Hospital,8.47,Whipps Cross,5.13,Homerton University,0.95
E97AQ,51.543115,-0.045961,North,Homerton University,0.85,Royal Free Hospital,8.33,Whipps Cross,5.15,Homerton University,0.85
E97AS,51.541879,-0.045163,North,Homerton University,0.99,Royal Free Hospital,8.41,Whipps Cross,5.22,Homerton University,0.99
E97AT,51.541377,-0.046901,North,Homerton University,1.05,Royal Free Hospital,8.3,Whipps Cross,5.34,Homerton University,1.05
E97AU,51.539995,-0.048142,North,Homerton University,1.21,Royal Free Hospital,8.24,Whipps Cross,5.51,Homerton University,1.21
E97AW,51.541991,-0.047048,North,Homerton University,0.98,Royal Free Hospital,8.28,Whipps Cross,5.29,Homerton University,0.98
E97AX,51.539557,-0.04881,North,Homerton University,1.26,Royal Free Hospital,8.2,Whipps Cross,5.58,Homerton University,1.26
E97AY,51.54008,-0.048889,North,Homerton University,1.21,Royal Free Hospital,8.19,Whipps Cross,5.53,Homerton University,1.21
E97AZ,51.540472,-0.047589,North,Homerton University,1.15,Royal Free Hospital,8.27,Whipps Cross,5.44,Homerton University,1.15
E97BA,51.540724,-0.048155,North,Homerton University,1.13,Royal Free Hospital,8.23,Whipps Cross,5.45,Homerton University,1.13
E97BB,51.540846,-0.049029,North,Homerton University,1.12,Royal Free Hospital,8.16,Whipps Cross,5.47,Homerton University,1.12
E97BD,51.540161,-0.049462,North,Homerton University,1.2,Royal Free Hospital,8.15,Whipps Cross,5.55,Homerton University,1.2
E97BE,51.53982,-0.048424,North,Homerton University,1.23,Royal Free Hospital,8.22,Whipps Cross,5.54,Homerton University,1.23
E97BF,51.54291,-0.04173,North,Homerton University,0.93,Royal Free Hospital,8.63,Whipps Cross,4.98,Homerton University,0.93
E97BG,51.543095,-0.042068,North,Homerton University,0.9,Royal Free Hospital,8.6,Whipps Cross,4.98,Homerton University,0.9
E97BH,51.542269,-0.040517,North,Homerton University,1.03,Royal Free Hospital,8.72,Whipps Cross,4.99,Homerton University,1.03
E97BJ,51.542269,-0.040517,North,Homerton University,1.03,Royal Free Hospital,8.72,Whipps Cross,4.99,Homerton University,1.03
E97BL,51.542269,-0.040517,North,Homerton University,1.03,Royal Free Hospital,8.72,Whipps Cross,4.99,Homerton University,1.03
E97BN,51.542269,-0.040517,North,Homerton University,1.03,Royal Free Hospital,8.72,Whipps Cross,4.99,Homerton University,1.03
E97BP,51.54309,-0.040669,North,Homerton University,0.94,Royal Free Hospital,8.7,Whipps Cross,4.92,Homerton University,0.94
E97BQ,51.540662,-0.039043,North,Homerton University,1.23,Royal Free Hospital,8.85,Whipps Cross,5.07,Homerton University,1.23
E97BS,51.542442,-0.040063,North,Homerton University,1.02,Royal Free Hospital,8.75,Whipps Cross,4.95,Homerton University,1.02
E97BT,51.539291,-0.040443,North,Homerton University,1.34,Royal Free Hospital,8.78,Whipps Cross,5.26,Homerton University,1.34
E97BU,51.540348,-0.039648,North,Homerton University,1.25,Royal Free Hospital,8.81,Whipps Cross,5.13,Homerton University,1.25
E97BW,51.538223,-0.041095,North,Homerton University,1.44,Royal Free Hospital,8.76,Whipps Cross,5.38,Homerton University,1.44
E97BX,51.541127,-0.037812,North,Homerton University,1.22,Royal Free Hospital,8.92,Whipps Cross,4.98,Homerton University,1.22
E97BY,51.539623,-0.048447,North,Homerton University,1.25,Royal Free Hospital,8.23,Whipps Cross,5.55,Homerton University,1.25
E97BZ,51.537625,-0.042418,North,Homerton University,1.49,Royal Free Hospital,8.68,Whipps Cross,5.49,Homerton University,1.49
E97DA,51.537113,-0.042483,North,Homerton University,1.54,Royal Free Hospital,8.69,Whipps Cross,5.53,Homerton University,1.54
E97DB,51.538102,-0.041936,North,Homerton University,1.44,Royal Free Hospital,8.7,Whipps Cross,5.42,Homerton University,1.44
E97DD,51.536121,-0.039094,North,Homerton University,1.7,Royal Free Hospital,8.94,Newham General,5.35,Homerton University,1.7
E97DE,51.533453,-0.041905,North,Homerton University,1.95,Royal Free Hospital,8.82,Newham General,5.46,Homerton University,1.95
E97DF,51.540136,-0.038792,North,Homerton University,1.29,Royal Free Hospital,8.87,Whipps Cross,5.11,Homerton University,1.29
E97DG,51.540809,-0.045195,North,Homerton University,1.11,Royal Free Hospital,8.43,Whipps Cross,5.31,Homerton University,1.11
E97DH,51.540513,-0.045222,North,Homerton University,1.15,Royal Free Hospital,8.43,Whipps Cross,5.34,Homerton University,1.15
E97DJ,51.541256,-0.046632,North,Homerton University,1.06,Royal Free Hospital,8.32,Whipps Cross,5.33,Homerton University,1.06
E97DL,51.540905,-0.045551,North,Homerton University,1.1,Royal Free Hospital,8.4,Whipps Cross,5.32,Homerton University,1.1
E97DN,51.539864,-0.045149,North,Homerton University,1.22,Royal Free Hospital,8.45,Whipps Cross,5.39,Homerton University,1.22
E97DP,51.540903,-0.043806,North,Homerton University,1.11,Royal Free Hospital,8.52,Whipps Cross,5.24,Homerton University,1.11
E97DQ,51.540626,-0.043385,North,Homerton University,1.15,Royal Free Hospital,8.55,Whipps Cross,5.25,Homerton University,1.15
E97DR,51.540303,-0.043414,North,Homerton University,1.18,Royal Free Hospital,8.56,Whipps Cross,5.28,Homerton University,1.18
E97DS,51.537413,-0.042687,North,Homerton University,1.51,Royal Free Hospital,8.67,Whipps Cross,5.52,Homerton University,1.51
E97DT,51.539702,-0.042949,North,Homerton University,1.25,Royal Free Hospital,8.6,Whipps Cross,5.32,Homerton University,1.25
E97DU,51.540267,-0.044468,North,Homerton University,1.18,Royal Free Hospital,8.49,Whipps Cross,5.33,Homerton University,1.18
E97DW,51.540419,-0.046077,North,Homerton University,1.15,Royal Free Hospital,8.37,Whipps Cross,5.38,Homerton University,1.15
E97DX,51.539408,-0.044721,North,Homerton University,1.27,Royal Free Hospital,8.48,Whipps Cross,5.42,Homerton University,1.27
E97DY,51.539898,-0.04444,North,Homerton University,1.22,Royal Free Hospital,8.49,Whipps Cross,5.36,Homerton University,1.22
E97DZ,51.539497,-0.044674,North,Homerton University,1.26,Royal Free Hospital,8.49,Whipps Cross,5.41,Homerton University,1.26
E97EA,51.539245,-0.044137,North,Homerton University,1.29,Royal Free Hospital,8.53,Whipps Cross,5.41,Homerton University,1.29
E97EB,51.538949,-0.043082,North,Homerton University,1.34,Royal Free Hospital,8.61,Whipps Cross,5.39,Homerton University,1.34
E97ED,51.538949,-0.043082,North,Homerton University,1.34,Royal Free Hospital,8.61,Whipps Cross,5.39,Homerton University,1.34
E97EE,51.538933,-0.044323,North,Homerton University,1.33,Royal Free Hospital,8.52,Whipps Cross,5.44,Homerton University,1.33
E97EF,51.538246,-0.046804,North,Homerton University,1.4,Royal Free Hospital,8.37,Whipps Cross,5.61,Homerton University,1.4
E97EG,51.537747,-0.048166,North,Homerton University,1.46,Royal Free Hospital,8.29,Whipps Cross,5.71,Homerton University,1.46
E97EH,51.539102,-0.046868,North,Homerton University,1.3,Royal Free Hospital,8.35,Whipps Cross,5.53,Homerton University,1.3
E97EL,51.539531,-0.047802,North,Homerton University,1.26,Royal Free Hospital,8.27,Whipps Cross,5.53,Homerton University,1.26
E97EN,51.53867,-0.049036,North,Homerton University,1.36,Royal Free Hospital,8.21,Whipps Cross,5.66,Homerton University,1.36
E97EQ,51.538399,-0.048413,North,Homerton University,1.39,Royal Free Hospital,8.26,Whipps Cross,5.66,Homerton University,1.39
E97ER,51.538731,-0.047302,North,Homerton University,1.34,Royal Free Hospital,8.32,Whipps Cross,5.58,Homerton University,1.34
E97ES,51.542341,-0.047552,North,Homerton University,0.95,Royal Free Hospital,8.24,Whipps Cross,5.28,Homerton University,0.95
E97ET,51.541787,-0.047763,North,Homerton University,1.01,Royal Free Hospital,8.23,Whipps Cross,5.34,Homerton University,1.01
E97EU,51.541234,-0.047989,North,Homerton University,1.07,Royal Free Hospital,8.23,Whipps Cross,5.4,Homerton University,1.07
E97EW,51.53867,-0.049036,North,Homerton University,1.36,Royal Free Hospital,8.21,Whipps Cross,5.66,Homerton University,1.36
E97EX,51.535729,-0.055491,North,Homerton University,1.79,Royal Free Hospital,7.84,Whipps Cross,6.2,Homerton University,1.79
E97EY,51.540283,-0.047077,North,Homerton University,1.17,Royal Free Hospital,8.31,Whipps Cross,5.44,Homerton University,1.17
E97EZ,51.539961,-0.047178,North,Homerton University,1.21,Royal Free Hospital,8.31,Whipps Cross,5.47,Homerton University,1.21
E97FA,51.541603,-0.038858,North,Homerton University,1.14,Royal Free Hospital,8.84,Whipps Cross,4.98,Homerton University,1.14
E97FD,51.538865,-0.052661,North,Homerton University,1.4,Royal Free Hospital,7.96,Whipps Cross,5.81,Homerton University,1.4
E97FE,51.538838,-0.056455,North,Homerton University,1.51,Royal Free Hospital,7.7,Whipps Cross,5.98,Homerton University,1.51
E97FF,51.537654,-0.045806,North,Homerton University,1.46,Royal Free Hospital,8.45,Whipps Cross,5.62,Homerton University,1.46
E97FH,51.538925,-0.053567,North,Homerton University,1.42,Royal Free Hospital,7.89,Whipps Cross,5.84,Homerton University,1.42
E97FJ,51.542682,-0.049109,North,Homerton University,0.92,Royal Free Hospital,8.13,Whipps Cross,5.32,Homerton University,0.92
E97FL,51.539385,-0.053648,North,Homerton University,1.37,Royal Free Hospital,7.88,Whipps Cross,5.81,Homerton University,1.37
E97FN,51.537535,-0.046229,North,Homerton University,1.48,Royal Free Hospital,8.42,Whipps Cross,5.64,Homerton University,1.48
E97HA,51.538964,-0.045605,North,Homerton University,1.32,Royal Free Hospital,8.43,Whipps Cross,5.49,Homerton University,1.32
E97HB,51.538937,-0.045102,North,Homerton University,1.32,Royal Free Hospital,8.47,Whipps Cross,5.47,Homerton University,1.32
E97HD,51.538448,-0.043767,North,Homerton University,1.38,Royal Free Hospital,8.57,Whipps Cross,5.46,Homerton University,1.38
E97HE,51.538247,-0.043588,North,Homerton University,1.41,Royal Free Hospital,8.59,Whipps Cross,5.47,Homerton University,1.41
E97HF,51.536164,-0.053022,North,Homerton University,1.69,Royal Free Hospital,8.0,Whipps Cross,6.05,Homerton University,1.69
E97HG,51.53807,-0.042702,North,Homerton University,1.44,Royal Free Hospital,8.65,Whipps Cross,5.46,Homerton University,1.44
E97HH,51.537861,-0.043619,North,Homerton University,1.45,Royal Free Hospital,8.59,Whipps Cross,5.51,Homerton University,1.45
E97HJ,51.537368,-0.04426,North,Homerton University,1.5,Royal Free Hospital,8.56,Whipps Cross,5.58,Homerton University,1.5
E97HL,51.537806,-0.044112,North,Homerton University,1.45,Royal Free Hospital,8.56,Whipps Cross,5.54,Homerton University,1.45
E97HN,51.535678,-0.047029,North,Homerton University,1.68,Royal Free Hospital,8.41,Whipps Cross,5.84,Homerton University,1.68
E97HP,51.536633,-0.0498,North,Homerton University,1.59,Royal Free Hospital,8.2,Whipps Cross,5.87,Homerton University,1.59
E97HQ,51.535201,-0.055629,North,Homerton University,1.85,Royal Free Hospital,7.85,Whipps Cross,6.25,Homerton University,1.85
E97HR,51.536654,-0.05166,North,Homerton University,1.62,Royal Free Hospital,8.08,Whipps Cross,5.95,Homerton University,1.62
E97HS,51.536336,-0.05199,North,Homerton University,1.66,Royal Free Hospital,8.06,Whipps Cross,5.99,Homerton University,1.66
E97HT,51.535441,-0.053298,North,Homerton University,1.78,Royal Free Hospital,8.0,Whipps Cross,6.13,Homerton University,1.78
E97HU,51.535806,-0.054176,North,Homerton University,1.76,Royal Free Hospital,7.93,Whipps Cross,6.13,Homerton University,1.76
E97HW,51.536161,-0.044702,North,Homerton University,1.63,Royal Free Hospital,8.56,Whipps Cross,5.71,Homerton University,1.63
E97HX,51.535938,-0.05456,North,Homerton University,1.75,Royal Free Hospital,7.9,Whipps Cross,6.14,Homerton University,1.75
E97HY,51.536873,-0.049112,North,Homerton University,1.56,Royal Free Hospital,8.24,Whipps Cross,5.82,Homerton University,1.56
E97HZ,51.537947,-0.043947,North,Homerton University,1.44,Royal Free Hospital,8.57,Whipps Cross,5.52,Homerton University,1.44
E97JA,51.540491,-0.050385,North,Homerton University,1.18,Royal Free Hospital,8.08,Whipps Cross,5.57,Homerton University,1.18
E97JB,51.53867,-0.049036,North,Homerton University,1.36,Royal Free Hospital,8.21,Whipps Cross,5.66,Homerton University,1.36
E97JD,51.53867,-0.049036,North,Homerton University,1.36,Royal Free Hospital,8.21,Whipps Cross,5.66,Homerton University,1.36
E97JE,51.539429,-0.05033,North,Homerton University,1.3,Royal Free Hospital,8.1,Whipps Cross,5.65,Homerton University,1.3
E97JF,51.540082,-0.050129,North,Homerton University,1.22,Royal Free Hospital,8.1,Whipps Cross,5.59,Homerton University,1.22
E97JG,51.5388,-0.047098,North,Homerton University,1.34,Royal Free Hospital,8.34,Whipps Cross,5.57,Homerton University,1.34
E97JH,51.537037,-0.049278,North,Homerton University,1.55,Royal Free Hospital,8.23,Whipps Cross,5.82,Homerton University,1.55
E97JJ,51.537119,-0.051496,North,Homerton University,1.56,Royal Free Hospital,8.08,Whipps Cross,5.9,Homerton University,1.56
E97JL,51.537459,-0.047573,North,Homerton University,1.49,Royal Free Hospital,8.33,Whipps Cross,5.71,Homerton University,1.49
E97JN,51.538018,-0.04605,North,Homerton University,1.42,Royal Free Hospital,8.42,Whipps Cross,5.59,Homerton University,1.42
E97JP,51.537258,-0.046861,North,Homerton University,1.51,Royal Free Hospital,8.39,Whipps Cross,5.7,Homerton University,1.51
E97JQ,51.537336,-0.046151,North,Homerton University,1.5,Royal Free Hospital,8.43,Whipps Cross,5.66,Homerton University,1.5
E97JR,51.538265,-0.049543,North,Homerton University,1.41,Royal Free Hospital,8.18,Whipps Cross,5.72,Homerton University,1.41
E97JS,51.53688,-0.046848,North,Homerton University,1.55,Royal Free Hospital,8.4,Whipps Cross,5.73,Homerton University,1.55
E97JT,51.538265,-0.049529,North,Homerton University,1.41,Royal Free Hospital,8.18,Whipps Cross,5.72,Homerton University,1.41
E97JU,51.536655,-0.047896,North,Homerton University,1.58,Royal Free Hospital,8.33,Whipps Cross,5.79,Homerton University,1.58
E97JW,51.540646,-0.049961,North,Homerton University,1.16,Royal Free Hospital,8.1,Whipps Cross,5.53,Homerton University,1.16
E97JX,51.536167,-0.046691,North,Homerton University,1.63,Royal Free Hospital,8.42,Whipps Cross,5.79,Homerton University,1.63
E97JY,51.536183,-0.047628,North,Homerton University,1.63,Royal Free Hospital,8.36,Whipps Cross,5.82,Homerton University,1.63
E97JZ,51.536284,-0.048287,North,Homerton University,1.62,Royal Free Hospital,8.31,Whipps Cross,5.84,Homerton University,1.62
E97LA,51.536766,-0.048612,North,Homerton University,1.57,Royal Free Hospital,8.28,Whipps Cross,5.81,Homerton University,1.57
E97LB,51.53727,-0.048634,North,Homerton University,1.51,Royal Free Hospital,8.27,Whipps Cross,5.77,Homerton University,1.51
E97LD,51.536332,-0.045761,North,Homerton University,1.61,Royal Free Hospital,8.48,Whipps Cross,5.73,Homerton University,1.61
E97LE,51.536567,-0.0464,North,Homerton University,1.58,Royal Free Hospital,8.43,Whipps Cross,5.74,Homerton University,1.58
E97LF,51.537889,-0.048593,North,Homerton University,1.45,Royal Free Hospital,8.25,Whipps Cross,5.71,Homerton University,1.45
E97LG,51.536925,-0.045188,North,Homerton University,1.54,Royal Free Hospital,8.51,Whipps Cross,5.66,Homerton University,1.54
E97LH,51.537108,-0.044892,North,Homerton University,1.53,Royal Free Hospital,8.52,Whipps Cross,5.63,Homerton University,1.53
E97LJ,51.542079,-0.049063,North,Homerton University,0.99,Royal Free Hospital,8.14,Whipps Cross,5.37,Homerton University,0.99
E97LL,51.542866,-0.048798,North,Homerton University,0.9,Royal Free Hospital,8.14,Whipps Cross,5.29,Homerton University,0.9
E97LN,51.541215,-0.050643,North,Homerton University,1.11,Royal Free Hospital,8.05,Whipps Cross,5.52,Homerton University,1.11
E97LP,51.539475,-0.050905,North,Homerton University,1.3,Royal Free Hospital,8.06,Whipps Cross,5.68,Homerton University,1.3
E97LQ,51.542617,-0.048463,North,Homerton University,0.92,Royal Free Hospital,8.17,Whipps Cross,5.3,Homerton University,0.92
E97LR,51.537653,-0.052799,North,Homerton University,1.53,Royal Free Hospital,7.98,Whipps Cross,5.91,Homerton University,1.53
E97LS,51.537547,-0.053438,North,Homerton University,1.56,Royal Free Hospital,7.94,Whipps Cross,5.95,Homerton University,1.56
E97LT,51.537731,-0.054224,North,Homerton University,1.56,Royal Free Hospital,7.88,Whipps Cross,5.97,Homerton University,1.56
E97LU,51.537134,-0.054018,North,Homerton University,1.61,Royal Free Hospital,7.91,Whipps Cross,6.01,Homerton University,1.61
E97LW,51.540515,-0.051841,North,Homerton University,1.21,Royal Free Hospital,7.98,Whipps Cross,5.63,Homerton University,1.21
E97LX,51.537331,-0.0529,North,Homerton University,1.57,Royal Free Hospital,7.98,Whipps Cross,5.95,Homerton University,1.57
E97LY,51.536945,-0.053435,North,Homerton University,1.62,Royal Free Hospital,7.95,Whipps Cross,6.0,Homerton University,1.62
E97LZ,51.536945,-0.053435,North,Homerton University,1.62,Royal Free Hospital,7.95,Whipps Cross,6.0,Homerton University,1.62
E97NA,51.536755,-0.053371,North,Homerton University,1.64,Royal Free Hospital,7.96,Whipps Cross,6.02,Homerton University,1.64
E97NB,51.535823,-0.055733,North,Homerton University,1.79,Royal Free Hospital,7.83,Whipps Cross,6.2,Homerton University,1.79
E97ND,51.535601,-0.056434,North,Homerton University,1.83,Royal Free Hospital,7.79,Whipps Cross,6.25,Homerton University,1.83
E97NE,51.536099,-0.056153,North,Homerton University,1.77,Royal Free Hospital,7.79,Whipps Cross,6.2,Homerton University,1.77
E97NG,51.537082,-0.055203,North,Homerton University,1.65,Royal Free Hospital,7.83,Whipps Cross,6.07,Homerton University,1.65
E97NH,51.536849,-0.047671,North,Homerton University,1.55,Royal Free Hospital,8.34,Whipps Cross,5.77,Homerton University,1.55
E97NJ,51.53645,-0.054538,North,Homerton University,1.7,Royal Free Hospital,7.89,Whipps Cross,6.09,Homerton University,1.7
E97NL,51.536953,-0.053406,North,Homerton University,1.62,Royal Free Hospital,7.95,Whipps Cross,6.0,Homerton University,1.62
E97NN,51.542672,-0.049066,North,Homerton University,0.93,Royal Free Hospital,8.13,Whipps Cross,5.32,Homerton University,0.93
E97NP,51.542778,-0.049466,North,Homerton University,0.92,Royal Free Hospital,8.1,Whipps Cross,5.33,Homerton University,0.92
E97NQ,51.537223,-0.05449,North,Homerton University,1.61,Royal Free Hospital,7.87,Whipps Cross,6.03,Homerton University,1.61
E97NR,51.542202,-0.051581,North,Homerton University,1.03,Royal Free Hospital,7.96,Whipps Cross,5.48,Homerton University,1.03
E97NS,51.541858,-0.051481,North,Homerton University,1.06,Royal Free Hospital,7.98,Whipps Cross,5.5,Homerton University,1.06
E97NT,51.542128,-0.050402,North,Homerton University,1.01,Royal Free Hospital,8.05,Whipps Cross,5.43,Homerton University,1.01
E97NU,51.541544,-0.04936,North,Homerton University,1.05,Royal Free Hospital,8.13,Whipps Cross,5.43,Homerton University,1.05
E97NX,51.541896,-0.049965,North,Homerton University,1.02,Royal Free Hospital,8.08,Whipps Cross,5.43,Homerton University,1.02
E97NY,51.536067,-0.05689,North,Homerton University,1.8,Royal Free Hospital,7.74,Whipps Cross,6.23,Homerton University,1.8
E97PA,51.541267,-0.049977,North,Homerton University,1.09,Royal Free Hospital,8.09,Whipps Cross,5.48,Homerton University,1.09
E97PB,51.541762,-0.050576,North,Homerton University,1.05,Royal Free Hospital,8.04,Whipps Cross,5.47,Homerton University,1.05
E97PD,51.541368,-0.051184,North,Homerton University,1.1,Royal Free Hospital,8.01,Whipps Cross,5.53,Homerton University,1.1
E97PE,51.541089,-0.051196,North,Homerton University,1.13,Royal Free Hospital,8.01,Whipps Cross,5.55,Homerton University,1.13
E97PF,51.542221,-0.049489,North,Homerton University,0.98,Royal Free Hospital,8.11,Whipps Cross,5.38,Homerton University,0.98
E97PG,51.541147,-0.052549,North,Homerton University,1.16,Royal Free Hospital,7.92,Whipps Cross,5.61,Homerton University,1.16
E97PH,51.542142,-0.052348,North,Homerton University,1.05,Royal Free Hospital,7.91,Whipps Cross,5.52,Homerton University,1.05
E97PJ,51.542288,-0.052991,North,Homerton University,1.06,Royal Free Hospital,7.87,Whipps Cross,5.54,Homerton University,1.06
E97PL,51.541974,-0.053596,North,Homerton University,1.11,Royal Free Hospital,7.83,Whipps Cross,5.59,Homerton University,1.11
E97PN,51.541781,-0.053907,North,Homerton University,1.14,Royal Free Hospital,7.81,Whipps Cross,5.62,Homerton University,1.14
E97PP,51.540568,-0.053396,North,Homerton University,1.24,Royal Free Hospital,7.87,Whipps Cross,5.7,Homerton University,1.24
E97PQ,51.541534,-0.052533,North,Homerton University,1.12,Royal Free Hospital,7.91,Whipps Cross,5.58,Homerton University,1.12
E97PR,51.539522,-0.048365,North,Homerton University,1.26,Royal Free Hospital,8.23,Whipps Cross,5.56,Homerton University,1.26
E97PS,51.541829,-0.054626,North,Homerton University,1.16,Royal Free Hospital,7.76,Whipps Cross,5.65,Homerton University,1.16
E97PW,51.541084,-0.053576,North,Homerton University,1.19,Royal Free Hospital,7.85,Whipps Cross,5.66,Homerton University,1.19
E97PX,51.539963,-0.053768,North,Homerton University,1.31,Royal Free Hospital,7.86,Whipps Cross,5.76,Homerton University,1.31
E97PY,51.53964,-0.05332,North,Homerton University,1.34,Royal Free Hospital,7.9,Whipps Cross,5.77,Homerton University,1.34
E97PZ,51.540052,-0.052654,North,Homerton University,1.28,Royal Free Hospital,7.93,Whipps Cross,5.71,Homerton University,1.28
E97QA,51.53964,-0.05332,North,Homerton University,1.34,Royal Free Hospital,7.9,Whipps Cross,5.77,Homerton University,1.34
E97QB,51.53964,-0.05332,North,Homerton University,1.34,Royal Free Hospital,7.9,Whipps Cross,5.77,Homerton University,1.34
E97QD,51.539693,-0.051602,North,Homerton University,1.29,Royal Free Hospital,8.01,Whipps Cross,5.69,Homerton University,1.29
E97QE,51.539184,-0.051306,North,Homerton University,1.34,Royal Free Hospital,8.04,Whipps Cross,5.72,Homerton University,1.34
E97QF,51.538927,-0.052024,North,Homerton University,1.38,Royal Free Hospital,8.0,Whipps Cross,5.77,Homerton University,1.38
E97QG,51.539517,-0.052359,North,Homerton University,1.32,Royal Free Hospital,7.96,Whipps Cross,5.74,Homerton University,1.32
E97QH,51.53996,-0.054157,North,Homerton University,1.33,Royal Free Hospital,7.83,Whipps Cross,5.78,Homerton University,1.33
E97QJ,51.53978,-0.054122,North,Homerton University,1.34,Royal Free Hospital,7.84,Whipps Cross,5.8,Homerton University,1.34
E97QL,51.539238,-0.053986,North,Homerton University,1.39,Royal Free Hospital,7.86,Whipps Cross,5.83,Homerton University,1.39
E97QN,51.539617,-0.051879,North,Homerton University,1.3,Royal Free Hospital,7.99,Whipps Cross,5.71,Homerton University,1.3
E97QP,51.539572,-0.054621,North,Homerton University,1.38,Royal Free Hospital,7.81,Whipps Cross,5.84,Homerton University,1.38
E97QQ,51.539995,-0.052454,North,Homerton University,1.28,Royal Free Hospital,7.95,Whipps Cross,5.7,Homerton University,1.28
E97QR,51.539238,-0.053972,North,Homerton University,1.39,Royal Free Hospital,7.86,Whipps Cross,5.83,Homerton University,1.39
E97QS,51.539038,-0.054384,North,Homerton University,1.43,Royal Free Hospital,7.84,Whipps Cross,5.87,Homerton University,1.43
E97QT,51.538766,-0.0548,North,Homerton University,1.46,Royal Free Hospital,7.81,Whipps Cross,5.91,Homerton University,1.46
E97QU,51.538766,-0.0548,North,Homerton University,1.46,Royal Free Hospital,7.81,Whipps Cross,5.91,Homerton University,1.46
E97QW,51.540096,-0.055291,North,Homerton University,1.35,Royal Free Hospital,7.75,Whipps Cross,5.82,Homerton University,1.35
E97QX,51.540191,-0.054494,North,Homerton University,1.31,Royal Free Hospital,7.8,Whipps Cross,5.78,Homerton University,1.31
E97QZ,51.540539,-0.054335,North,Homerton University,1.27,Royal Free Hospital,7.81,Whipps Cross,5.74,Homerton University,1.27
E97RA,51.54081,-0.05278,North,Homerton University,1.2,Royal Free Hospital,7.91,Whipps Cross,5.65,Homerton University,1.2
E97RB,51.541435,-0.053071,North,Homerton University,1.14,Royal Free Hospital,7.88,Whipps Cross,5.61,Homerton University,1.14
E97RD,51.540795,-0.051887,North,Homerton University,1.18,Royal Free Hospital,7.97,Whipps Cross,5.61,Homerton University,1.18
E97RF,51.537731,-0.055868,North,Homerton University,1.6,Royal Free Hospital,7.77,Whipps Cross,6.05,Homerton University,1.6
E97RH,51.537819,-0.051956,North,Homerton University,1.5,Royal Free Hospital,8.03,Whipps Cross,5.86,Homerton University,1.5
E97RJ,51.539002,-0.048978,North,Homerton University,1.33,Royal Free Hospital,8.2,Whipps Cross,5.63,Homerton University,1.33
E97RL,51.538694,-0.050477,North,Homerton University,1.38,Royal Free Hospital,8.11,Whipps Cross,5.72,Homerton University,1.38
E97RN,51.537795,-0.050515,North,Homerton University,1.48,Royal Free Hospital,8.13,Whipps Cross,5.8,Homerton University,1.48
E97RP,51.538294,-0.05182,North,Homerton University,1.44,Royal Free Hospital,8.03,Whipps Cross,5.82,Homerton University,1.44
E97RR,51.538012,-0.052193,North,Homerton University,1.48,Royal Free Hospital,8.01,Whipps Cross,5.86,Homerton University,1.48
E97RS,51.537976,-0.052194,North,Homerton University,1.48,Royal Free Hospital,8.01,Whipps Cross,5.86,Homerton University,1.48
E97RT,51.538071,-0.051383,North,Homerton University,1.46,Royal Free Hospital,8.06,Whipps Cross,5.82,Homerton University,1.46
E97RU,51.537819,-0.051956,North,Homerton University,1.5,Royal Free Hospital,8.03,Whipps Cross,5.86,Homerton University,1.5
E97RW,51.538342,-0.050939,North,Homerton University,1.42,Royal Free Hospital,8.09,Whipps Cross,5.77,Homerton University,1.42
E97RX,51.537821,-0.050961,North,Homerton University,1.48,Royal Free Hospital,8.1,Whipps Cross,5.82,Homerton University,1.48
E97RY,51.538415,-0.053142,North,Homerton University,1.46,Royal Free Hospital,7.93,Whipps Cross,5.87,Homerton University,1.46
E97RZ,51.538656,-0.053579,North,Homerton University,1.44,Royal Free Hospital,7.9,Whipps Cross,5.86,Homerton University,1.44
E97SA,51.538556,-0.052429,North,Homerton University,1.43,Royal Free Hospital,7.98,Whipps Cross,5.82,Homerton University,1.43
E97SB,51.538306,-0.053103,North,Homerton University,1.47,Royal Free Hospital,7.94,Whipps Cross,5.87,Homerton University,1.47
E97SD,51.537823,-0.053239,North,Homerton University,1.52,Royal Free Hospital,7.94,Whipps Cross,5.92,Homerton University,1.52
E97SE,51.538908,-0.054693,North,Homerton University,1.45,Royal Free Hospital,7.82,Whipps Cross,5.89,Homerton University,1.45
E97SF,51.538022,-0.054442,North,Homerton University,1.53,Royal Free Hospital,7.86,Whipps Cross,5.96,Homerton University,1.53
E97SG,51.538381,-0.055465,North,Homerton University,1.52,Royal Free Hospital,7.78,Whipps Cross,5.97,Homerton University,1.52
E97SH,51.537843,-0.053397,North,Homerton University,1.52,Royal Free Hospital,7.93,Whipps Cross,5.92,Homerton University,1.52
E97SJ,51.537786,-0.056428,North,Homerton University,1.61,Royal Free Hospital,7.73,Whipps Cross,6.07,Homerton University,1.61
E97SL,51.538654,-0.051315,North,Homerton University,1.4,Royal Free Hospital,8.05,Whipps Cross,5.76,Homerton University,1.4
E97SN,51.538828,-0.055316,North,Homerton University,1.47,Royal Free Hospital,7.78,Whipps Cross,5.93,Homerton University,1.47
E97SP,51.538336,-0.056015,North,Homerton University,1.54,Royal Free Hospital,7.74,Whipps Cross,6.0,Homerton University,1.54
E97SQ,51.537867,-0.054838,North,Homerton University,1.56,Royal Free Hospital,7.83,Whipps Cross,5.99,Homerton University,1.56
E97SR,51.53839,-0.051095,North,Homerton University,1.42,Royal Free Hospital,8.07,Whipps Cross,5.78,Homerton University,1.42
E97SS,51.538136,-0.050991,North,Homerton University,1.45,Royal Free Hospital,8.09,Whipps Cross,5.79,Homerton University,1.45
E97ST,51.53807,-0.051354,North,Homerton University,1.46,Royal Free Hospital,8.06,Whipps Cross,5.82,Homerton University,1.46
E97SU,51.537867,-0.054838,North,Homerton University,1.56,Royal Free Hospital,7.83,Whipps Cross,5.99,Homerton University,1.56
E97SW,51.538585,-0.05635,North,Homerton University,1.53,Royal Free Hospital,7.71,Whipps Cross,6.0,Homerton University,1.53
E97SX,51.539675,-0.048892,North,Homerton University,1.25,Royal Free Hospital,8.2,Whipps Cross,5.57,Homerton University,1.25
E97SY,51.538565,-0.053554,North,Homerton University,1.45,Royal Free Hospital,7.9,Whipps Cross,5.87,Homerton University,1.45
E97SZ,51.53867,-0.052842,North,Homerton University,1.42,Royal Free Hospital,7.95,Whipps Cross,5.83,Homerton University,1.42
E97TA,51.539363,-0.052842,North,Homerton University,1.35,Royal Free Hospital,7.93,Whipps Cross,5.77,Homerton University,1.35
E97TB,51.539818,-0.053745,North,Homerton University,1.33,Royal Free Hospital,7.86,Whipps Cross,5.78,Homerton University,1.33
E97TD,51.53982,-0.048424,North,Homerton University,1.23,Royal Free Hospital,8.22,Whipps Cross,5.54,Homerton University,1.23
E97TE,51.538585,-0.05635,North,Homerton University,1.53,Royal Free Hospital,7.71,Whipps Cross,6.0,Homerton University,1.53
E97TF,51.538742,-0.053359,North,Homerton University,1.43,Royal Free Hospital,7.91,Whipps Cross,5.85,Homerton University,1.43
E97TG,51.538742,-0.053359,North,Homerton University,1.43,Royal Free Hospital,7.91,Whipps Cross,5.85,Homerton University,1.43
E97TH,51.538742,-0.053359,North,Homerton University,1.43,Royal Free Hospital,7.91,Whipps Cross,5.85,Homerton University,1.43
E97TJ,51.539617,-0.051879,North,Homerton University,1.3,Royal Free Hospital,7.99,Whipps Cross,5.71,Homerton University,1.3
E97TN,51.542143,-0.04857,North,Homerton University,0.98,Royal Free Hospital,8.17,Whipps Cross,5.34,Homerton University,0.98
E97TP,51.537536,-0.048954,North,Homerton University,1.49,Royal Free Hospital,8.24,Whipps Cross,5.76,Homerton University,1.49
E97TQ,51.542143,-0.04857,North,Homerton University,0.98,Royal Free Hospital,8.17,Whipps Cross,5.34,Homerton University,0.98
E97TR,51.537748,-0.047633,North,Homerton University,1.45,Royal Free Hospital,8.32,Whipps Cross,5.68,Homerton University,1.45
E97TS,51.538743,-0.049104,North,Homerton University,1.36,Royal Free Hospital,8.2,Whipps Cross,5.66,Homerton University,1.36
E97TT,51.537511,-0.045336,North,Homerton University,1.48,Royal Free Hospital,8.48,Whipps Cross,5.61,Homerton University,1.48
E97TU,51.537511,-0.045321,North,Homerton University,1.48,Royal Free Hospital,8.48,Whipps Cross,5.61,Homerton University,1.48
E97TW,51.537903,-0.0494,North,Homerton University,1.45,Royal Free Hospital,8.2,Whipps Cross,5.74,Homerton University,1.45
E97TY,51.536825,-0.04623,North,Homerton University,1.55,Royal Free Hospital,8.44,Whipps Cross,5.71,Homerton University,1.55
E97UA,51.53923,-0.048651,North,Homerton University,1.3,Royal Free Hospital,8.22,Whipps Cross,5.6,Homerton University,1.3
E97UB,51.539315,-0.048316,North,Homerton University,1.29,Royal Free Hospital,8.24,Whipps Cross,5.58,Homerton University,1.29
E97UD,51.539522,-0.048365,North,Homerton University,1.26,Royal Free Hospital,8.23,Whipps Cross,5.56,Homerton University,1.26
E97UE,51.53942,-0.048686,North,Homerton University,1.28,Royal Free Hospital,8.21,Whipps Cross,5.58,Homerton University,1.28
E97UF,51.53982,-0.048424,North,Homerton University,1.23,Royal Free Hospital,8.22,Whipps Cross,5.54,Homerton University,1.23
E97UG,51.53982,-0.048424,North,Homerton University,1.23,Royal Free Hospital,8.22,Whipps Cross,5.54,Homerton University,1.23
E97UH,51.537771,-0.049074,North,Homerton University,1.46,Royal Free Hospital,8.23,Whipps Cross,5.74,Homerton University,1.46
E97UJ,51.53982,-0.048424,North,Homerton University,1.23,Royal Free Hospital,8.22,Whipps Cross,5.54,Homerton University,1.23
E97UN,51.539315,-0.048316,North,Homerton University,1.29,Royal Free Hospital,8.24,Whipps Cross,5.58,Homerton University,1.29
E97UP,51.539522,-0.048365,North,Homerton University,1.26,Royal Free Hospital,8.23,Whipps Cross,5.56,Homerton University,1.26
E97UR,51.537771,-0.049074,North,Homerton University,1.46,Royal Free Hospital,8.23,Whipps Cross,5.74,Homerton University,1.46
E97UT,51.53923,-0.048651,North,Homerton University,1.3,Royal Free Hospital,8.22,Whipps Cross,5.6,Homerton University,1.3
E97UU,51.53982,-0.048424,North,Homerton University,1.23,Royal Free Hospital,8.22,Whipps Cross,5.54,Homerton University,1.23
E97UW,51.539315,-0.048316,North,Homerton University,1.29,Royal Free Hospital,8.24,Whipps Cross,5.58,Homerton University,1.29
E97UX,51.53923,-0.048651,North,Homerton University,1.3,Royal Free Hospital,8.22,Whipps Cross,5.6,Homerton University,1.3
E97UY,51.53923,-0.048651,North,Homerton University,1.3,Royal Free Hospital,8.22,Whipps Cross,5.6,Homerton University,1.3
E97UZ,51.539522,-0.048365,North,Homerton University,1.26,Royal Free Hospital,8.23,Whipps Cross,5.56,Homerton University,1.26
E97XG,51.539522,-0.048365,North,Homerton University,1.26,Royal Free Hospital,8.23,Whipps Cross,5.56,Homerton University,1.26
E97XL,51.539522,-0.048365,North,Homerton University,1.26,Royal Free Hospital,8.23,Whipps Cross,5.56,Homerton University,1.26
E97XN,51.539522,-0.048365,North,Homerton University,1.26,Royal Free Hospital,8.23,Whipps Cross,5.56,Homerton University,1.26
N12AY,51.543183,-0.091546,North,Homerton University,3.25,Royal Free Hospital,5.23,Whittington Hospital,4.25,Homerton University,3.25
N12AZ,51.543276,-0.091715,North,Homerton University,3.26,Royal Free Hospital,5.21,Whittington Hospital,4.24,Homerton University,3.26
N12BD,51.543575,-0.090736,North,Homerton University,3.18,Royal Free Hospital,5.27,Whittington Hospital,4.27,Homerton University,3.18
N12BF,51.543907,-0.090737,North,Homerton University,3.17,Royal Free Hospital,5.27,Whittington Hospital,4.25,Homerton University,3.17
N12DR,51.544623,-0.091082,North,Homerton University,3.18,Royal Free Hospital,5.23,Whittington Hospital,4.18,Homerton University,3.18
N12EB,51.543277,-0.091253,North,Homerton University,3.23,Royal Free Hospital,5.24,Whittington Hospital,4.26,Homerton University,3.23
N12EE,51.543479,-0.090956,North,Homerton University,3.2,Royal Free Hospital,5.26,Whittington Hospital,4.27,Homerton University,3.2
N12EG,51.543649,-0.090906,North,Homerton University,3.19,Royal Free Hospital,5.26,Whittington Hospital,4.26,Homerton University,3.19
N12EX,51.543759,-0.091031,North,Homerton University,3.2,Royal Free Hospital,5.25,Whittington Hospital,4.24,Homerton University,3.2
N12FA,51.544242,-0.091415,North,Homerton University,3.21,Royal Free Hospital,5.21,Whittington Hospital,4.19,Homerton University,3.21
N12FD,51.543061,-0.092863,North,Homerton University,3.34,Royal Free Hospital,5.14,Whittington Hospital,4.19,Homerton University,3.34
N12FE,51.542645,-0.093861,North,Homerton University,3.42,Royal Free Hospital,5.08,Whittington Hospital,4.16,Homerton University,3.42
N12FF,51.542786,-0.09312,North,Homerton University,3.36,Royal Free Hospital,5.13,Whittington Hospital,4.19,Homerton University,3.36
N12FN,51.545082,-0.094408,North,Homerton University,3.39,Royal Free Hospital,4.99,Whittington Hospital,3.97,Homerton University,3.39
N12FP,51.544767,-0.094407,North,Homerton University,3.4,Royal Free Hospital,5.0,Whittington Hospital,3.99,Homerton University,3.4
N12FS,51.548734,-0.088371,North,Homerton University,2.92,Royal Free Hospital,5.35,Whittington Hospital,4.1,Homerton University,2.92
N12FT,51.544344,-0.089968,North,Homerton University,3.11,Royal Free Hospital,5.31,Whittington Hospital,4.26,Homerton University,3.11
N12FX,51.544444,-0.092748,North,Homerton University,3.3,Royal Free Hospital,5.12,Whittington Hospital,4.1,Homerton University,3.3
N12FY,51.544578,-0.091083,North,Homerton University,3.18,Royal Free Hospital,5.23,Whittington Hospital,4.19,Homerton University,3.18
N12FZ,51.544847,-0.090452,North,Homerton University,3.13,Royal Free Hospital,5.26,Whittington Hospital,4.2,Homerton University,3.13
N12GA,51.543409,-0.092719,North,Homerton University,3.32,Royal Free Hospital,5.14,Whittington Hospital,4.17,Homerton University,3.32
N12GB,51.544523,-0.092095,North,Homerton University,3.25,Royal Free Hospital,5.16,Whittington Hospital,4.13,Homerton University,3.25
N12GY,51.543,-0.093558,North,Homerton University,3.39,Royal Free Hospital,5.1,Whittington Hospital,4.16,Homerton University,3.39
N12HN,51.54405,-0.095057,North,Homerton University,3.46,Royal Free Hospital,4.97,Whittington Hospital,4.0,Homerton University,3.46
N12JF,51.54513,-0.092373,North,Homerton University,3.25,Royal Free Hospital,5.13,Whittington Hospital,4.08,Homerton University,3.25
N12JG,51.546532,-0.092862,North,Homerton University,3.26,Royal Free Hospital,5.07,Whittington Hospital,3.96,Homerton University,3.26
N12JH,51.545447,-0.093629,North,Homerton University,3.33,Royal Free Hospital,5.04,Whittington Hospital,3.99,Homerton University,3.33
N12JJ,51.54478,-0.095733,North,Homerton University,3.49,Royal Free Hospital,4.91,Whittington Hospital,3.91,Homerton University,3.49
N12JL,51.546158,-0.093642,North,Homerton University,3.32,Royal Free Hospital,5.02,Whittington Hospital,3.94,Homerton University,3.32
N12JN,51.545918,-0.093854,North,Homerton University,3.34,Royal Free Hospital,5.01,Whittington Hospital,3.94,Homerton University,3.34
N12JP,51.545402,-0.094698,North,Homerton University,3.41,Royal Free Hospital,4.97,Whittington Hospital,3.93,Homerton University,3.41
N12JQ,51.545801,-0.093297,North,Homerton University,3.3,Royal Free Hospital,5.05,Whittington Hospital,3.98,Homerton University,3.3
N12JR,51.545172,-0.095515,North,Homerton University,3.47,Royal Free Hospital,4.91,Whittington Hospital,3.9,Homerton University,3.47
N12JT,51.546103,-0.094669,North,Homerton University,3.39,Royal Free Hospital,4.95,Whittington Hospital,3.89,Homerton University,3.39
N12JU,51.546821,-0.094062,North,Homerton University,3.34,Royal Free Hospital,4.98,Whittington Hospital,3.87,Homerton University,3.34
N12JW,51.545814,-0.094046,North,Homerton University,3.35,Royal Free Hospital,5.0,Whittington Hospital,3.94,Homerton University,3.35
N12JX,51.546864,-0.096151,North,Homerton University,3.48,Royal Free Hospital,4.84,Whittington Hospital,3.75,Homerton University,3.48
N12JY,51.546346,-0.095798,North,Homerton University,3.47,Royal Free Hospital,4.87,Whittington Hospital,3.81,Homerton University,3.47
N12JZ,51.545907,-0.095888,North,Homerton University,3.48,Royal Free Hospital,4.87,Whittington Hospital,3.83,Homerton University,3.48
N12LD,51.543462,-0.09488,North,Homerton University,3.46,Royal Free Hospital,5.0,Whittington Hospital,4.05,Homerton University,3.46
N12LG,51.546253,-0.090119,North,Homerton University,3.08,Royal Free Hospital,5.26,Whittington Hospital,4.14,Homerton University,3.08
N12LL,51.547337,-0.097011,North,Homerton University,3.53,Royal Free Hospital,4.77,Whittington Hospital,3.67,Homerton University,3.53
N12LN,51.546302,-0.089771,North,Homerton University,3.05,Royal Free Hospital,5.29,Whittington Hospital,4.15,Homerton University,3.05
N12LP,51.547345,-0.09479,North,Homerton University,3.38,Royal Free Hospital,4.93,Whittington Hospital,3.8,Homerton University,3.38
N12LR,51.54742,-0.092724,North,Homerton University,3.24,Royal Free Hospital,5.07,Whittington Hospital,3.91,Homerton University,3.24
N12LS,51.546335,-0.089597,North,Homerton University,3.04,Royal Free Hospital,5.3,Whittington Hospital,4.16,Homerton University,3.04
N12LT,51.547024,-0.095467,North,Homerton University,3.43,Royal Free Hospital,4.88,Whittington Hospital,3.78,Homerton University,3.43
N12LW,51.547725,-0.094875,North,Homerton University,3.38,Royal Free Hospital,4.91,Whittington Hospital,3.77,Homerton University,3.38
N12NB,51.54575,-0.090111,North,Homerton University,3.09,Royal Free Hospital,5.27,Whittington Hospital,4.17,Homerton University,3.09
N12ND,51.545471,-0.090137,North,Homerton University,3.1,Royal Free Hospital,5.27,Whittington Hospital,4.18,Homerton University,3.1
N12NE,51.547783,-0.094598,North,Homerton University,3.36,Royal Free Hospital,4.93,Whittington Hospital,3.78,Homerton University,3.36
N12NH,51.545347,-0.089681,North,Homerton University,3.07,Royal Free Hospital,5.31,Whittington Hospital,4.22,Homerton University,3.07
N12NJ,51.545399,-0.089549,North,Homerton University,3.06,Royal Free Hospital,5.32,Whittington Hospital,4.22,Homerton University,3.06
N12PD,51.545441,-0.08936,North,Homerton University,3.04,Royal Free Hospital,5.33,Whittington Hospital,4.23,Homerton University,3.04
N12PE,51.543626,-0.092234,North,Homerton University,3.28,Royal Free Hospital,5.17,Whittington Hospital,4.18,Homerton University,3.28
N12PF,51.543947,-0.092047,North,Homerton University,3.26,Royal Free Hospital,5.18,Whittington Hospital,4.17,Homerton University,3.26
N12PG,51.54819,-0.092548,North,Homerton University,3.22,Royal Free Hospital,5.07,Whittington Hospital,3.88,Homerton University,3.22
N12PH,51.54744,-0.093964,North,Homerton University,3.32,Royal Free Hospital,4.98,Whittington Hospital,3.84,Homerton University,3.32
N12PJ,51.548119,-0.090373,North,Homerton University,3.07,Royal Free Hospital,5.22,Whittington Hospital,4.01,Homerton University,3.07
N12PL,51.548616,-0.088304,North,Homerton University,2.92,Royal Free Hospital,5.35,Whittington Hospital,4.11,Homerton University,2.92
N12PP,51.547712,-0.090246,North,Homerton University,3.06,Royal Free Hospital,5.23,Whittington Hospital,4.04,Homerton University,3.06
N12PQ,51.548282,-0.091549,North,Homerton University,3.15,Royal Free Hospital,5.14,Whittington Hospital,3.93,Homerton University,3.15
N12PR,51.54569,-0.091426,North,Homerton University,3.18,Royal Free Hospital,5.18,Whittington Hospital,4.1,Homerton University,3.18
N12PS,51.545203,-0.090783,North,Homerton University,3.14,Royal Free Hospital,5.24,Whittington Hospital,4.16,Homerton University,3.14
N12PT,51.54585,-0.08855,North,Homerton University,2.98,Royal Free Hospital,5.38,Whittington Hospital,4.25,Homerton University,2.98
N12PU,51.546116,-0.092187,North,Homerton University,3.22,Royal Free Hospital,5.12,Whittington Hospital,4.03,Homerton University,3.22
N12PW,51.548595,-0.090367,North,Homerton University,3.06,Royal Free Hospital,5.21,Whittington Hospital,3.99,Homerton University,3.06
N12PX,51.545995,-0.088096,North,Homerton University,2.95,Royal Free Hospital,5.4,Whittington Hospital,4.27,Homerton University,2.95
N12PY,51.546071,-0.087761,North,Homerton University,2.92,Royal Free Hospital,5.43,Whittington Hospital,4.28,Homerton University,2.92
N12QA,51.546316,-0.09065,North,Homerton University,3.11,Royal Free Hospital,5.22,Whittington Hospital,4.1,Homerton University,3.11
N12QB,51.54353,-0.094084,North,Homerton University,3.41,Royal Free Hospital,5.05,Whittington Hospital,4.09,Homerton University,3.41
N12QD,51.54738,-0.08863,North,Homerton University,2.96,Royal Free Hospital,5.35,Whittington Hospital,4.16,Homerton University,2.96
N12QE,51.547816,-0.088352,North,Homerton University,2.93,Royal Free Hospital,5.36,Whittington Hospital,4.15,Homerton University,2.93
N12QF,51.547691,-0.087852,North,Homerton University,2.9,Royal Free Hospital,5.4,Whittington Hospital,4.19,Homerton University,2.9
N12QG,51.547201,-0.088132,North,Homerton University,2.93,Royal Free Hospital,5.38,Whittington Hospital,4.2,Homerton University,2.93
N12QH,51.546445,-0.087558,North,Homerton University,2.9,Royal Free Hospital,5.43,Whittington Hospital,4.27,Homerton University,2.9
N12QJ,51.546706,-0.08922,North,Homerton University,3.01,Royal Free Hospital,5.32,Whittington Hospital,4.16,Homerton University,3.01
N12QL,51.544362,-0.093804,North,Homerton University,3.37,Royal Free Hospital,5.05,Whittington Hospital,4.05,Homerton University,3.37
N12QN,51.546945,-0.087898,North,Homerton University,2.91,Royal Free Hospital,5.4,Whittington Hospital,4.23,Homerton University,2.91
N12QP,51.547222,-0.091074,North,Homerton University,3.13,Royal Free Hospital,5.18,Whittington Hospital,4.02,Homerton University,3.13
N12QQ,51.547153,-0.087413,North,Homerton University,2.88,Royal Free Hospital,5.43,Whittington Hospital,4.24,Homerton University,2.88
N12QR,51.543998,-0.094108,North,Homerton University,3.4,Royal Free Hospital,5.03,Whittington Hospital,4.06,Homerton University,3.4
N12QS,51.544474,-0.093525,North,Homerton University,3.35,Royal Free Hospital,5.06,Whittington Hospital,4.06,Homerton University,3.35
N12QT,51.544973,-0.09049,North,Homerton University,3.13,Royal Free Hospital,5.26,Whittington Hospital,4.19,Homerton University,3.13
N12QU,51.544846,-0.09263,North,Homerton University,3.28,Royal Free Hospital,5.12,Whittington Hospital,4.08,Homerton University,3.28
N12QW,51.547077,-0.089349,North,Homerton University,3.01,Royal Free Hospital,5.3,Whittington Hospital,4.13,Homerton University,3.01
N12QX,51.545447,-0.088624,North,Homerton University,2.99,Royal Free Hospital,5.38,Whittington Hospital,4.27,Homerton University,2.99
N12QY,51.543502,-0.091244,North,Homerton University,3.22,Royal Free Hospital,5.24,Whittington Hospital,4.25,Homerton University,3.22
N12QZ,51.545447,-0.088624,North,Homerton University,2.99,Royal Free Hospital,5.38,Whittington Hospital,4.27,Homerton University,2.99
N12RA,51.546543,-0.088564,North,Homerton University,2.97,Royal Free Hospital,5.36,Whittington Hospital,4.21,Homerton University,2.97
N12RB,51.546623,-0.088546,North,Homerton University,2.96,Royal Free Hospital,5.36,Whittington Hospital,4.21,Homerton University,2.96
N12RD,51.543487,-0.091418,North,Homerton University,3.23,Royal Free Hospital,5.23,Whittington Hospital,4.24,Homerton University,3.23
N12RE,51.545913,-0.089629,North,Homerton University,3.05,Royal Free Hospital,5.3,Whittington Hospital,4.18,Homerton University,3.05
N12RF,51.546396,-0.091166,North,Homerton University,3.15,Royal Free Hospital,5.19,Whittington Hospital,4.07,Homerton University,3.15
N12RG,51.546471,-0.09135,North,Homerton University,3.16,Royal Free Hospital,5.17,Whittington Hospital,4.05,Homerton University,3.16
N12RH,51.546769,-0.090285,North,Homerton University,3.08,Royal Free Hospital,5.24,Whittington Hospital,4.1,Homerton University,3.08
N12RJ,51.543469,-0.091433,North,Homerton University,3.23,Royal Free Hospital,5.23,Whittington Hospital,4.24,Homerton University,3.23
N12RL,51.544029,-0.092145,North,Homerton University,3.27,Royal Free Hospital,5.17,Whittington Hospital,4.16,Homerton University,3.27
N12RN,51.546031,-0.091354,North,Homerton University,3.17,Royal Free Hospital,5.18,Whittington Hospital,4.08,Homerton University,3.17
N12RP,51.545852,-0.089761,North,Homerton University,3.06,Royal Free Hospital,5.29,Whittington Hospital,4.18,Homerton University,3.06
N12RQ,51.545852,-0.089761,North,Homerton University,3.06,Royal Free Hospital,5.29,Whittington Hospital,4.18,Homerton University,3.06
N12RW,51.546364,-0.091946,North,Homerton University,3.2,Royal Free Hospital,5.14,Whittington Hospital,4.02,Homerton University,3.2
N12RZ,51.546321,-0.092092,North,Homerton University,3.21,Royal Free Hospital,5.13,Whittington Hospital,4.02,Homerton University,3.21
N12SB,51.544439,-0.090815,North,Homerton University,3.17,Royal Free Hospital,5.25,Whittington Hospital,4.21,Homerton University,3.17
N12SG,51.544273,-0.090548,North,Homerton University,3.15,Royal Free Hospital,5.27,Whittington Hospital,4.24,Homerton University,3.15
N12SQ,51.545375,-0.089175,North,Homerton University,3.03,Royal Free Hospital,5.34,Whittington Hospital,4.24,Homerton University,3.03
N12SX,51.545135,-0.08995,North,Homerton University,3.09,Royal Free Hospital,5.29,Whittington Hospital,4.21,Homerton University,3.09
N12SY,51.546937,-0.091778,North,Homerton University,3.18,Royal Free Hospital,5.14,Whittington Hospital,4.0,Homerton University,3.18
N12TE,51.545847,-0.090583,North,Homerton University,3.12,Royal Free Hospital,5.24,Whittington Hospital,4.13,Homerton University,3.12
N12TH,51.546849,-0.090815,North,Homerton University,3.12,Royal Free Hospital,5.21,Whittington Hospital,4.06,Homerton University,3.12
N12TJ,51.546678,-0.090808,North,Homerton University,3.12,Royal Free Hospital,5.21,Whittington Hospital,4.07,Homerton University,3.12
N12TL,51.543247,-0.093836,North,Homerton University,3.4,Royal Free Hospital,5.07,Whittington Hospital,4.12,Homerton University,3.4
N12TN,51.544104,-0.092906,North,Homerton University,3.31,Royal Free Hospital,5.11,Whittington Hospital,4.12,Homerton University,3.31
N12TQ,51.545702,-0.090532,North,Homerton University,3.12,Royal Free Hospital,5.24,Whittington Hospital,4.15,Homerton University,3.12
N12TR,51.545673,-0.092018,North,Homerton University,3.22,Royal Free Hospital,5.14,Whittington Hospital,4.06,Homerton University,3.22
N12TT,51.545557,-0.090466,North,Homerton University,3.12,Royal Free Hospital,5.25,Whittington Hospital,4.16,Homerton University,3.12
N12TW,51.544855,-0.091505,North,Homerton University,3.2,Royal Free Hospital,5.19,Whittington Hospital,4.14,Homerton University,3.2
N12TY,51.548675,-0.089196,North,Homerton University,2.98,Royal Free Hospital,5.29,Whittington Hospital,4.05,Homerton University,2.98
N12UB,51.545413,-0.090414,North,Homerton University,3.12,Royal Free Hospital,5.26,Whittington Hospital,4.17,Homerton University,3.12
N12WB,51.543879,-0.091733,North,Homerton University,3.24,Royal Free Hospital,5.2,Whittington Hospital,4.2,Homerton University,3.24
N12XY,51.546113,-0.091423,North,Homerton University,3.17,Royal Free Hospital,5.18,Whittington Hospital,4.07,Homerton University,3.17
N12XZ,51.546111,-0.091322,North,Homerton University,3.16,Royal Free Hospital,5.18,Whittington Hospital,4.07,Homerton University,3.16
N12YG,51.543874,-0.090363,North,Homerton University,3.15,Royal Free Hospital,5.29,Whittington Hospital,4.27,Homerton University,3.15
N12YJ,51.543639,-0.093027,North,Homerton University,3.33,Royal Free Hospital,5.12,Whittington Hospital,4.14,Homerton University,3.33
N12YP,51.547347,-0.093246,North,Homerton University,3.28,Royal Free Hospital,5.03,Whittington Hospital,3.89,Homerton University,3.28
N12YR,51.547636,-0.093278,North,Homerton University,3.27,Royal Free Hospital,5.03,Whittington Hospital,3.87,Homerton University,3.27
N12YS,51.547933,-0.093308,North,Homerton University,3.27,Royal Free Hospital,5.02,Whittington Hospital,3.85,Homerton University,3.27
N13AE,51.540998,-0.092127,North,Homerton University,3.36,Royal Free Hospital,5.25,Whittington Hospital,4.37,Homerton University,3.36
N13AF,51.541358,-0.092141,North,Homerton University,3.35,Royal Free Hospital,5.23,Whittington Hospital,4.35,Homerton University,3.35
N13AG,51.541697,-0.090872,North,Homerton University,3.25,Royal Free Hospital,5.31,Whittington Hospital,4.39,Homerton University,3.25
N13AH,51.542512,-0.090636,North,Homerton University,3.21,Royal Free Hospital,5.3,Whittington Hospital,4.35,Homerton University,3.21
N13AJ,51.541706,-0.088651,North,Homerton University,3.1,Royal Free Hospital,5.46,Whittington Hospital,4.51,Homerton University,3.1
N13AL,51.541771,-0.087149,North,Homerton University,3.0,Royal Free Hospital,5.56,Whittington Hospital,4.59,Homerton University,3.0
N13AN,51.542054,-0.090713,North,Homerton University,3.23,Royal Free Hospital,5.31,Whittington Hospital,4.38,Homerton University,3.23
N13AQ,51.542458,-0.091172,North,Homerton University,3.25,Royal Free Hospital,5.27,Whittington Hospital,4.32,Homerton University,3.25
N13AR,51.541563,-0.093085,North,Homerton University,3.4,Royal Free Hospital,5.17,Whittington Hospital,4.28,Homerton University,3.4
N13AS,51.540904,-0.091829,North,Homerton University,3.34,Royal Free Hospital,5.27,Whittington Hospital,4.4,Homerton University,3.34
N13AT,51.542357,-0.091595,North,Homerton University,3.28,Royal Free Hospital,5.24,Whittington Hospital,4.31,Homerton University,3.28
N13AU,51.542618,-0.091627,North,Homerton University,3.27,Royal Free Hospital,5.24,Whittington Hospital,4.29,Homerton University,3.27
N13AW,51.541393,-0.087092,North,Homerton University,3.01,Royal Free Hospital,5.57,Whittington Hospital,4.62,Homerton University,3.01
N13AX,51.542158,-0.092108,North,Homerton University,3.32,Royal Free Hospital,5.21,Whittington Hospital,4.29,Homerton University,3.32
N13AZ,51.542075,-0.091996,North,Homerton University,3.31,Royal Free Hospital,5.22,Whittington Hospital,4.3,Homerton University,3.31
N13BE,51.541376,-0.089386,North,Homerton University,3.16,Royal Free Hospital,5.42,Whittington Hospital,4.49,Homerton University,3.16
N13BF,51.541681,-0.090988,North,Homerton University,3.26,Royal Free Hospital,5.3,Whittington Hospital,4.39,Homerton University,3.26
N13BG,51.54174,-0.08963,North,Homerton University,3.17,Royal Free Hospital,5.39,Whittington Hospital,4.46,Homerton University,3.17
N13BH,51.54113,-0.08807,North,Homerton University,3.09,Royal Free Hospital,5.51,Whittington Hospital,4.58,Homerton University,3.09
N13BJ,51.540587,-0.088972,North,Homerton University,3.17,Royal Free Hospital,5.47,Whittington Hospital,4.57,Homerton University,3.17
N13BQ,51.541161,-0.088876,North,Homerton University,3.14,Royal Free Hospital,5.46,Whittington Hospital,4.54,Homerton University,3.14
N13DB,51.541473,-0.092569,North,Homerton University,3.37,Royal Free Hospital,5.2,Whittington Hospital,4.32,Homerton University,3.37
N13DD,51.542047,-0.088579,North,Homerton University,3.09,Royal Free Hospital,5.45,Whittington Hospital,4.49,Homerton University,3.09
N13ED,51.546294,-0.086036,North,Homerton University,2.8,Royal Free Hospital,5.54,Whittington Hospital,4.37,Homerton University,2.8
N13EG,51.542068,-0.090972,North,Homerton University,3.24,Royal Free Hospital,5.29,Whittington Hospital,4.36,Homerton University,3.24
N13EH,51.542038,-0.08858,North,Homerton University,3.09,Royal Free Hospital,5.46,Whittington Hospital,4.49,Homerton University,3.09
N13EJ,51.54082,-0.090015,North,Homerton University,3.23,Royal Free Hospital,5.39,Whittington Hospital,4.5,Homerton University,3.23
N13EP,51.540683,-0.088204,North,Homerton University,3.11,Royal Free Hospital,5.52,Whittington Hospital,4.61,Homerton University,3.11
N13EQ,51.541374,-0.0909,North,Homerton University,3.26,Royal Free Hospital,5.32,Whittington Hospital,4.41,Homerton University,3.26
N13ER,51.540876,-0.087359,North,Homerton University,3.05,Royal Free Hospital,5.57,Whittington Hospital,4.64,Homerton University,3.05
N13ES,51.540739,-0.086139,North,Homerton University,2.98,Royal Free Hospital,5.65,Whittington Hospital,4.71,Homerton University,2.98
N13ET,51.540273,-0.086822,North,Homerton University,3.04,Royal Free Hospital,5.62,Whittington Hospital,4.71,Homerton University,3.04
N13EU,51.5403,-0.087369,North,Homerton University,3.08,Royal Free Hospital,5.58,Whittington Hospital,4.68,Homerton University,3.08
N13EW,51.54048,-0.088443,North,Homerton University,3.14,Royal Free Hospital,5.51,Whittington Hospital,4.61,Homerton University,3.14
N13FL,51.543063,-0.09083,North,Homerton University,3.2,Royal Free Hospital,5.28,Whittington Hospital,4.3,Homerton University,3.2
N13FN,51.542153,-0.089065,North,Homerton University,3.12,Royal Free Hospital,5.42,Whittington Hospital,4.46,Homerton University,3.12
N13FP,51.542075,-0.091996,North,Homerton University,3.31,Royal Free Hospital,5.22,Whittington Hospital,4.3,Homerton University,3.31
N13FQ,51.546078,-0.084905,North,Homerton University,2.73,Royal Free Hospital,5.62,Whittington Hospital,4.45,Homerton University,2.73
N13FS,51.54606,-0.084373,North,Homerton University,2.69,Royal Free Hospital,5.66,Whittington Hospital,4.49,Homerton University,2.69
N13FT,51.544874,-0.084422,North,Homerton University,2.72,Royal Free Hospital,5.68,Whittington Hospital,4.55,Homerton University,2.72
N13FU,51.544511,-0.085837,North,Homerton University,2.83,Royal Free Hospital,5.59,Whittington Hospital,4.49,Homerton University,2.83
N13FW,51.544316,-0.084936,North,Homerton University,2.77,Royal Free Hospital,5.65,Whittington Hospital,4.55,Homerton University,2.77
N13FX,51.541917,-0.091642,North,Homerton University,3.29,Royal Free Hospital,5.25,Whittington Hospital,4.33,Homerton University,3.29
N13FY,51.546395,-0.086681,North,Homerton University,2.84,Royal Free Hospital,5.5,Whittington Hospital,4.33,Homerton University,2.84
N13GA,51.545998,-0.086077,North,Homerton University,2.81,Royal Free Hospital,5.54,Whittington Hospital,4.39,Homerton University,2.81
N13GB,51.546119,-0.086303,North,Homerton University,2.82,Royal Free Hospital,5.53,Whittington Hospital,4.37,Homerton University,2.82
N13GD,51.54608,-0.086117,North,Homerton University,2.81,Royal Free Hospital,5.54,Whittington Hospital,4.38,Homerton University,2.81
N13GE,51.546169,-0.086604,North,Homerton University,2.84,Royal Free Hospital,5.5,Whittington Hospital,4.35,Homerton University,2.84
N13GF,51.541502,-0.089914,North,Homerton University,3.19,Royal Free Hospital,5.38,Whittington Hospital,4.46,Homerton University,3.19
N13GG,51.541873,-0.090605,North,Homerton University,3.23,Royal Free Hospital,5.32,Whittington Hospital,4.39,Homerton University,3.23
N13GH,51.54566,-0.08736,North,Homerton University,2.9,Royal Free Hospital,5.46,Whittington Hospital,4.33,Homerton University,2.9
N13HA,51.546334,-0.083496,North,Homerton University,2.63,Royal Free Hospital,5.71,Whittington Hospital,4.52,Homerton University,2.63
N13HE,51.5411,-0.091215,North,Homerton University,3.29,Royal Free Hospital,5.3,Whittington Hospital,4.42,Homerton University,3.29
N13HF,51.541735,-0.092111,North,Homerton University,3.33,Royal Free Hospital,5.23,Whittington Hospital,4.32,Homerton University,3.33
N13HN,51.546196,-0.084396,North,Homerton University,2.69,Royal Free Hospital,5.65,Whittington Hospital,4.48,Homerton University,2.69
N13HP,51.545829,-0.08669,North,Homerton University,2.85,Royal Free Hospital,5.5,Whittington Hospital,4.36,Homerton University,2.85
N13HS,51.545598,-0.085805,North,Homerton University,2.8,Royal Free Hospital,5.57,Whittington Hospital,4.43,Homerton University,2.8
N13HT,51.546055,-0.083507,North,Homerton University,2.63,Royal Free Hospital,5.72,Whittington Hospital,4.54,Homerton University,2.63
N13HU,51.54545,-0.083317,North,Homerton University,2.63,Royal Free Hospital,5.74,Whittington Hospital,4.58,Homerton University,2.63
N13HX,51.544044,-0.083679,North,Homerton University,2.7,Royal Free Hospital,5.74,Whittington Hospital,4.64,Homerton University,2.7
N13HY,51.542829,-0.084148,North,Homerton University,2.77,Royal Free Hospital,5.74,Whittington Hospital,4.69,Homerton University,2.77
N13HZ,51.541012,-0.084166,North,Homerton University,2.84,Royal Free Hospital,5.78,Whittington Hospital,4.81,Homerton University,2.84
N13JA,51.542319,-0.084342,North,Homerton University,2.8,Royal Free Hospital,5.73,Whittington Hospital,4.71,Homerton University,2.8
N13JB,51.54214,-0.084393,North,Homerton University,2.81,Royal Free Hospital,5.73,Whittington Hospital,4.72,Homerton University,2.81
N13JD,51.541052,-0.084915,North,Homerton University,2.89,Royal Free Hospital,5.73,Whittington Hospital,4.76,Homerton University,2.89
N13JF,51.540121,-0.085228,North,Homerton University,2.95,Royal Free Hospital,5.73,Whittington Hospital,4.81,Homerton University,2.95
N13JL,51.544175,-0.08898,North,Homerton University,3.05,Royal Free Hospital,5.38,Whittington Hospital,4.33,Homerton University,3.05
N13JQ,51.540014,-0.085247,North,Homerton University,2.95,Royal Free Hospital,5.73,Whittington Hospital,4.81,Homerton University,2.95
N13JS,51.540863,-0.085471,North,Homerton University,2.93,Royal Free Hospital,5.69,Whittington Hospital,4.74,Homerton University,2.93
N13JT,51.540416,-0.085086,North,Homerton University,2.93,Royal Free Hospital,5.73,Whittington Hospital,4.79,Homerton University,2.93
N13JY,51.542328,-0.084904,North,Homerton University,2.84,Royal Free Hospital,5.7,Whittington Hospital,4.68,Homerton University,2.84
N13JZ,51.542829,-0.084739,North,Homerton University,2.81,Royal Free Hospital,5.7,Whittington Hospital,4.66,Homerton University,2.81
N13LB,51.540416,-0.085086,North,Homerton University,2.93,Royal Free Hospital,5.73,Whittington Hospital,4.79,Homerton University,2.93
N13LD,51.545603,-0.083901,North,Homerton University,2.67,Royal Free Hospital,5.7,Whittington Hospital,4.54,Homerton University,2.67
N13LE,51.544536,-0.084105,North,Homerton University,2.71,Royal Free Hospital,5.7,Whittington Hospital,4.59,Homerton University,2.71
N13LF,51.543598,-0.084462,North,Homerton University,2.76,Royal Free Hospital,5.7,Whittington Hospital,4.62,Homerton University,2.76
N13LG,51.543502,-0.085735,North,Homerton University,2.85,Royal Free Hospital,5.61,Whittington Hospital,4.56,Homerton University,2.85
N13LH,51.543564,-0.088429,North,Homerton University,3.03,Royal Free Hospital,5.43,Whittington Hospital,4.4,Homerton University,3.03
N13LJ,51.543199,-0.085935,North,Homerton University,2.87,Royal Free Hospital,5.61,Whittington Hospital,4.57,Homerton University,2.87
N13LL,51.543002,-0.086491,North,Homerton University,2.92,Royal Free Hospital,5.57,Whittington Hospital,4.55,Homerton University,2.92
N13LN,51.543237,-0.088226,North,Homerton University,3.03,Royal Free Hospital,5.45,Whittington Hospital,4.43,Homerton University,3.03
N13LP,51.54332,-0.089463,North,Homerton University,3.11,Royal Free Hospital,5.36,Whittington Hospital,4.36,Homerton University,3.11
N13LQ,51.543868,-0.088315,North,Homerton University,3.01,Royal Free Hospital,5.43,Whittington Hospital,4.39,Homerton University,3.01
N13LR,51.543002,-0.088683,North,Homerton University,3.06,Royal Free Hospital,5.42,Whittington Hospital,4.42,Homerton University,3.06
N13LS,51.542708,-0.086648,North,Homerton University,2.94,Royal Free Hospital,5.57,Whittington Hospital,4.56,Homerton University,2.94
N13LT,51.543321,-0.084545,North,Homerton University,2.78,Royal Free Hospital,5.7,Whittington Hospital,4.64,Homerton University,2.78
N13LU,51.546321,-0.085443,North,Homerton University,2.76,Royal Free Hospital,5.58,Whittington Hospital,4.41,Homerton University,2.76
N13LW,51.543307,-0.088642,North,Homerton University,3.05,Royal Free Hospital,5.42,Whittington Hospital,4.41,Homerton University,3.05
N13LX,51.545812,-0.086215,North,Homerton University,2.82,Royal Free Hospital,5.54,Whittington Hospital,4.39,Homerton University,2.82
N13LZ,51.545635,-0.084751,North,Homerton University,2.73,Royal Free Hospital,5.64,Whittington Hospital,4.49,Homerton University,2.73
N13NA,51.545635,-0.084751,North,Homerton University,2.73,Royal Free Hospital,5.64,Whittington Hospital,4.49,Homerton University,2.73
N13NB,51.545547,-0.084336,North,Homerton University,2.7,Royal Free Hospital,5.67,Whittington Hospital,4.52,Homerton University,2.7
N13ND,51.545182,-0.084554,North,Homerton University,2.72,Royal Free Hospital,5.66,Whittington Hospital,4.52,Homerton University,2.72
N13NE,51.542026,-0.088436,North,Homerton University,3.08,Royal Free Hospital,5.47,Whittington Hospital,4.5,Homerton University,3.08
N13NF,51.544703,-0.087718,North,Homerton University,2.95,Royal Free Hospital,5.45,Whittington Hospital,4.37,Homerton University,2.95
N13NG,51.544994,-0.087331,North,Homerton University,2.92,Royal Free Hospital,5.47,Whittington Hospital,4.37,Homerton University,2.92
N13NH,51.5444,-0.084587,North,Homerton University,2.75,Royal Free Hospital,5.67,Whittington Hospital,4.57,Homerton University,2.75
N13NJ,51.544711,-0.087097,North,Homerton University,2.91,Royal Free Hospital,5.5,Whittington Hospital,4.4,Homerton University,2.91
N13NL,51.544512,-0.087567,North,Homerton University,2.94,Royal Free Hospital,5.47,Whittington Hospital,4.39,Homerton University,2.94
N13NN,51.544165,-0.085563,North,Homerton University,2.82,Royal Free Hospital,5.61,Whittington Hospital,4.53,Homerton University,2.82
N13NP,51.543888,-0.08569,North,Homerton University,2.84,Royal Free Hospital,5.61,Whittington Hospital,4.54,Homerton University,2.84
N13NQ,51.54483,-0.084453,North,Homerton University,2.73,Royal Free Hospital,5.67,Whittington Hospital,4.55,Homerton University,2.73
N13NR,51.542906,-0.087793,North,Homerton University,3.01,Royal Free Hospital,5.49,Whittington Hospital,4.48,Homerton University,3.01
N13NS,51.545653,-0.08475,North,Homerton University,2.73,Royal Free Hospital,5.64,Whittington Hospital,4.49,Homerton University,2.73
N13NT,51.542624,-0.089824,North,Homerton University,3.15,Royal Free Hospital,5.36,Whittington Hospital,4.38,Homerton University,3.15
N13NU,51.542009,-0.086836,North,Homerton University,2.98,Royal Free Hospital,5.57,Whittington Hospital,4.59,Homerton University,2.98
N13NW,51.544246,-0.087795,North,Homerton University,2.97,Royal Free Hospital,5.46,Whittington Hospital,4.39,Homerton University,2.97
N13NX,51.54198,-0.085063,North,Homerton University,2.86,Royal Free Hospital,5.69,Whittington Hospital,4.69,Homerton University,2.86
N13NY,51.542315,-0.086852,North,Homerton University,2.97,Royal Free Hospital,5.56,Whittington Hospital,4.57,Homerton University,2.97
N13NZ,51.542047,-0.088579,North,Homerton University,3.09,Royal Free Hospital,5.45,Whittington Hospital,4.49,Homerton University,3.09
N13PA,51.542842,-0.089368,North,Homerton University,3.11,Royal Free Hospital,5.38,Whittington Hospital,4.4,Homerton University,3.11
N13PB,51.543522,-0.090248,North,Homerton University,3.15,Royal Free Hospital,5.31,Whittington Hospital,4.3,Homerton University,3.15
N13PD,51.544217,-0.089354,North,Homerton University,3.07,Royal Free Hospital,5.35,Whittington Hospital,4.31,Homerton University,3.07
N13PE,51.543852,-0.090638,North,Homerton University,3.17,Royal Free Hospital,5.27,Whittington Hospital,4.26,Homerton University,3.17
N13PF,51.545131,-0.088046,North,Homerton University,2.96,Royal Free Hospital,5.42,Whittington Hospital,4.32,Homerton University,2.96
N13PG,51.542038,-0.08858,North,Homerton University,3.09,Royal Free Hospital,5.46,Whittington Hospital,4.49,Homerton University,3.09
N13PJ,51.545962,-0.08716,North,Homerton University,2.88,Royal Free Hospital,5.47,Whittington Hospital,4.33,Homerton University,2.88
N13PL,51.546207,-0.086761,North,Homerton University,2.85,Royal Free Hospital,5.49,Whittington Hospital,4.33,Homerton University,2.85
N13PP,51.542165,-0.093636,North,Homerton University,3.42,Royal Free Hospital,5.11,Whittington Hospital,4.21,Homerton University,3.42
N13PQ,51.544727,-0.089159,North,Homerton University,3.05,Royal Free Hospital,5.36,Whittington Hospital,4.29,Homerton University,3.05
N13PR,51.542565,-0.092769,North,Homerton University,3.35,Royal Free Hospital,5.16,Whittington Hospital,4.23,Homerton University,3.35
N13PT,51.544829,-0.089357,North,Homerton University,3.06,Royal Free Hospital,5.34,Whittington Hospital,4.27,Homerton University,3.06
N13PU,51.545602,-0.08768,North,Homerton University,2.93,Royal Free Hospital,5.44,Whittington Hospital,4.32,Homerton University,2.93
N13PY,51.545602,-0.08768,North,Homerton University,2.93,Royal Free Hospital,5.44,Whittington Hospital,4.32,Homerton University,2.93
N13PZ,51.545602,-0.08768,North,Homerton University,2.93,Royal Free Hospital,5.44,Whittington Hospital,4.32,Homerton University,2.93
N13QA,51.54566,-0.08736,North,Homerton University,2.9,Royal Free Hospital,5.46,Whittington Hospital,4.33,Homerton University,2.9
N13QB,51.545492,-0.086459,North,Homerton University,2.85,Royal Free Hospital,5.53,Whittington Hospital,4.39,Homerton University,2.85
N13QD,51.544938,-0.086122,North,Homerton University,2.84,Royal Free Hospital,5.56,Whittington Hospital,4.45,Homerton University,2.84
N13QE,51.545483,-0.086993,North,Homerton University,2.88,Royal Free Hospital,5.49,Whittington Hospital,4.36,Homerton University,2.88
N13QF,51.545175,-0.086876,North,Homerton University,2.88,Royal Free Hospital,5.5,Whittington Hospital,4.39,Homerton University,2.88
N13QG,51.545285,-0.087549,North,Homerton University,2.92,Royal Free Hospital,5.45,Whittington Hospital,4.34,Homerton University,2.92
N13QH,51.544703,-0.087718,North,Homerton University,2.95,Royal Free Hospital,5.45,Whittington Hospital,4.37,Homerton University,2.95
N13QJ,51.544703,-0.087718,North,Homerton University,2.95,Royal Free Hospital,5.45,Whittington Hospital,4.37,Homerton University,2.95
N13QL,51.546501,-0.087642,North,Homerton University,2.91,Royal Free Hospital,5.43,Whittington Hospital,4.27,Homerton University,2.91
N13QN,51.542047,-0.088579,North,Homerton University,3.09,Royal Free Hospital,5.45,Whittington Hospital,4.49,Homerton University,3.09
N13QP,51.546395,-0.086681,North,Homerton University,2.84,Royal Free Hospital,5.5,Whittington Hospital,4.33,Homerton University,2.84
N13QR,51.542026,-0.088436,North,Homerton University,3.08,Royal Free Hospital,5.47,Whittington Hospital,4.5,Homerton University,3.08
N13QW,51.542038,-0.08858,North,Homerton University,3.09,Royal Free Hospital,5.46,Whittington Hospital,4.49,Homerton University,3.09
N13RH,51.542075,-0.091996,North,Homerton University,3.31,Royal Free Hospital,5.22,Whittington Hospital,4.3,Homerton University,3.31
N13SA,51.542038,-0.08858,North,Homerton University,3.09,Royal Free Hospital,5.46,Whittington Hospital,4.49,Homerton University,3.09
N14AA,51.546632,-0.085762,North,Homerton University,2.77,Royal Free Hospital,5.55,Whittington Hospital,4.37,Homerton University,2.77
N14AB,51.547191,-0.08532,North,Homerton University,2.73,Royal Free Hospital,5.58,Whittington Hospital,4.37,Homerton University,2.73
N14AD,51.546701,-0.084504,North,Homerton University,2.69,Royal Free Hospital,5.64,Whittington Hospital,4.44,Homerton University,2.69
N14AE,51.546728,-0.083378,North,Homerton University,2.61,Royal Free Hospital,5.72,Whittington Hospital,4.51,Homerton University,2.61
N14AF,51.546291,-0.081435,North,Homerton University,2.49,Royal Free Hospital,5.86,Whittington Hospital,4.65,Homerton University,2.49
N14AG,51.546647,-0.0823,North,Homerton University,2.54,Royal Free Hospital,5.79,Whittington Hospital,4.58,Homerton University,2.54
N14AH,51.547031,-0.081058,North,Homerton University,2.45,Royal Free Hospital,5.87,Whittington Hospital,4.63,Homerton University,2.45
N14AJ,51.546484,-0.080042,North,Homerton University,2.39,Royal Free Hospital,5.95,Whittington Hospital,4.72,Homerton University,2.39
N14AL,51.547747,-0.078057,North,Homerton University,2.23,Royal Free Hospital,6.07,Whittington Hospital,4.78,Homerton University,2.23
N14AN,51.546726,-0.078907,North,Homerton University,2.31,Royal Free Hospital,6.02,Whittington Hospital,4.78,Homerton University,2.31
N14AP,51.546326,-0.078073,North,Homerton University,2.26,Royal Free Hospital,6.09,Whittington Hospital,4.85,Homerton University,2.26
N14AQ,51.547527,-0.086071,North,Homerton University,2.78,Royal Free Hospital,5.52,Whittington Hospital,4.3,Homerton University,2.78
N14AS,51.547668,-0.078723,North,Homerton University,2.28,Royal Free Hospital,6.02,Whittington Hospital,4.74,Homerton University,2.28
N14AT,51.546361,-0.077495,North,Homerton University,2.22,Royal Free Hospital,6.13,Whittington Hospital,4.89,Homerton University,2.22
N14AU,51.546272,-0.077513,North,Homerton University,2.22,Royal Free Hospital,6.13,Whittington Hospital,4.89,Homerton University,2.22
N14AW,51.546924,-0.080009,North,Homerton University,2.38,Royal Free Hospital,5.95,Whittington Hospital,4.7,Homerton University,2.38
N14AX,51.545983,-0.076357,North,Homerton University,2.15,Royal Free Hospital,6.21,Whittington Hospital,4.97,Homerton University,2.15
N14AY,51.546759,-0.083117,North,Homerton University,2.59,Royal Free Hospital,5.73,Whittington Hospital,4.52,Homerton University,2.59
N14AZ,51.54815,-0.079064,North,Homerton University,2.29,Royal Free Hospital,6.0,Whittington Hospital,4.7,Homerton University,2.29
N14BA,51.547189,-0.077503,North,Homerton University,2.2,Royal Free Hospital,6.11,Whittington Hospital,4.84,Homerton University,2.2
N14BB,51.546634,-0.077656,North,Homerton University,2.22,Royal Free Hospital,6.11,Whittington Hospital,4.86,Homerton University,2.22
N14BD,51.545563,-0.079245,North,Homerton University,2.36,Royal Free Hospital,6.02,Whittington Hospital,4.82,Homerton University,2.36
N14BE,51.546445,-0.085366,North,Homerton University,2.75,Royal Free Hospital,5.58,Whittington Hospital,4.4,Homerton University,2.75
N14BF,51.546491,-0.080475,North,Homerton University,2.42,Royal Free Hospital,5.92,Whittington Hospital,4.7,Homerton University,2.42
N14BG,51.546324,-0.081794,North,Homerton University,2.51,Royal Free Hospital,5.83,Whittington Hospital,4.63,Homerton University,2.51
N14BH,51.546389,-0.083017,North,Homerton University,2.59,Royal Free Hospital,5.75,Whittington Hospital,4.55,Homerton University,2.59
N14BJ,51.546285,-0.082733,North,Homerton University,2.58,Royal Free Hospital,5.77,Whittington Hospital,4.57,Homerton University,2.58
N14BL,51.546232,-0.08001,North,Homerton University,2.39,Royal Free Hospital,5.95,Whittington Hospital,4.74,Homerton University,2.39
N14BN,51.546178,-0.079464,North,Homerton University,2.36,Royal Free Hospital,5.99,Whittington Hospital,4.77,Homerton University,2.36
N14BP,51.545825,-0.077676,North,Homerton University,2.25,Royal Free Hospital,6.12,Whittington Hospital,4.9,Homerton University,2.25
N14BQ,51.546787,-0.086462,North,Homerton University,2.82,Royal Free Hospital,5.5,Whittington Hospital,4.32,Homerton University,2.82
N14BS,51.545714,-0.079685,North,Homerton University,2.38,Royal Free Hospital,5.98,Whittington Hospital,4.79,Homerton University,2.38
N14BT,51.546756,-0.084012,North,Homerton University,2.65,Royal Free Hospital,5.67,Whittington Hospital,4.47,Homerton University,2.65
N14BU,51.545407,-0.076338,North,Homerton University,2.17,Royal Free Hospital,6.22,Whittington Hospital,5.01,Homerton University,2.17
N14BW,51.54607,-0.078344,North,Homerton University,2.28,Royal Free Hospital,6.07,Whittington Hospital,4.85,Homerton University,2.28
N14BY,51.545613,-0.07682,North,Homerton University,2.19,Royal Free Hospital,6.18,Whittington Hospital,4.97,Homerton University,2.19
N14BZ,51.54536,-0.077321,North,Homerton University,2.24,Royal Free Hospital,6.15,Whittington Hospital,4.95,Homerton University,2.24
N14DA,51.540767,-0.080182,North,Homerton University,2.6,Royal Free Hospital,6.05,Whittington Hospital,5.05,Homerton University,2.6
N14DB,51.545161,-0.078339,North,Homerton University,2.31,Royal Free Hospital,6.09,Whittington Hospital,4.9,Homerton University,2.31
N14DD,51.544795,-0.078513,North,Homerton University,2.33,Royal Free Hospital,6.08,Whittington Hospital,4.91,Homerton University,2.33
N14DE,51.544641,-0.077293,North,Homerton University,2.26,Royal Free Hospital,6.17,Whittington Hospital,4.99,Homerton University,2.26
N14DF,51.544561,-0.077931,North,Homerton University,2.3,Royal Free Hospital,6.12,Whittington Hospital,4.95,Homerton University,2.3
N14DG,51.544452,-0.078383,North,Homerton University,2.33,Royal Free Hospital,6.1,Whittington Hospital,4.93,Homerton University,2.33
N14DH,51.546291,-0.081435,North,Homerton University,2.49,Royal Free Hospital,5.86,Whittington Hospital,4.65,Homerton University,2.49
N14DJ,51.54396,-0.079658,North,Homerton University,2.44,Royal Free Hospital,6.02,Whittington Hospital,4.88,Homerton University,2.44
N14DL,51.543655,-0.080248,North,Homerton University,2.48,Royal Free Hospital,5.98,Whittington Hospital,4.87,Homerton University,2.48
N14DN,51.545329,-0.079788,North,Homerton University,2.4,Royal Free Hospital,5.98,Whittington Hospital,4.8,Homerton University,2.4
N14DP,51.545625,-0.080309,North,Homerton University,2.43,Royal Free Hospital,5.94,Whittington Hospital,4.75,Homerton University,2.43
N14DR,51.545484,-0.080474,North,Homerton University,2.44,Royal Free Hospital,5.93,Whittington Hospital,4.75,Homerton University,2.44
N14DS,51.545783,-0.08062,North,Homerton University,2.44,Royal Free Hospital,5.92,Whittington Hospital,4.73,Homerton University,2.44
N14DT,51.546147,-0.080879,North,Homerton University,2.45,Royal Free Hospital,5.9,Whittington Hospital,4.69,Homerton University,2.45
N14DU,51.544801,-0.077214,North,Homerton University,2.25,Royal Free Hospital,6.17,Whittington Hospital,4.98,Homerton University,2.25
N14DW,51.545412,-0.077751,North,Homerton University,2.26,Royal Free Hospital,6.12,Whittington Hospital,4.92,Homerton University,2.26
N14DX,51.546088,-0.08277,North,Homerton University,2.58,Royal Free Hospital,5.77,Whittington Hospital,4.58,Homerton University,2.58
N14DY,51.545826,-0.082104,North,Homerton University,2.54,Royal Free Hospital,5.82,Whittington Hospital,4.63,Homerton University,2.54
N14DZ,51.546103,-0.082568,North,Homerton University,2.57,Royal Free Hospital,5.78,Whittington Hospital,4.59,Homerton University,2.57
N14EA,51.545511,-0.082088,North,Homerton University,2.55,Royal Free Hospital,5.82,Whittington Hospital,4.65,Homerton University,2.55
N14EB,51.54085,-0.081376,North,Homerton University,2.67,Royal Free Hospital,5.97,Whittington Hospital,4.97,Homerton University,2.67
N14ED,51.541095,-0.08262,North,Homerton University,2.74,Royal Free Hospital,5.88,Whittington Hospital,4.89,Homerton University,2.74
N14EE,51.541379,-0.084021,North,Homerton University,2.82,Royal Free Hospital,5.78,Whittington Hospital,4.79,Homerton University,2.82
N14EF,51.541015,-0.082104,North,Homerton University,2.71,Royal Free Hospital,5.92,Whittington Hospital,4.92,Homerton University,2.71
N14EG,51.541214,-0.081115,North,Homerton University,2.64,Royal Free Hospital,5.98,Whittington Hospital,4.96,Homerton University,2.64
N14EH,51.54145,-0.082345,North,Homerton University,2.71,Royal Free Hospital,5.89,Whittington Hospital,4.88,Homerton University,2.71
N14EJ,51.541725,-0.083733,North,Homerton University,2.78,Royal Free Hospital,5.79,Whittington Hospital,4.78,Homerton University,2.78
N14EL,51.542079,-0.080632,North,Homerton University,2.57,Royal Free Hospital,5.99,Whittington Hospital,4.94,Homerton University,2.57
N14EN,51.542157,-0.07995,North,Homerton University,2.52,Royal Free Hospital,6.03,Whittington Hospital,4.97,Homerton University,2.52
N14EP,51.544818,-0.076608,North,Homerton University,2.21,Royal Free Hospital,6.21,Whittington Hospital,5.02,Homerton University,2.21
N14EQ,51.546271,-0.081292,North,Homerton University,2.48,Royal Free Hospital,5.87,Whittington Hospital,4.66,Homerton University,2.48
N14ER,51.545527,-0.078713,North,Homerton University,2.32,Royal Free Hospital,6.05,Whittington Hospital,4.85,Homerton University,2.32
N14ES,51.541144,-0.080123,North,Homerton University,2.58,Royal Free Hospital,6.05,Whittington Hospital,5.03,Homerton University,2.58
N14ET,51.542965,-0.080955,North,Homerton University,2.56,Royal Free Hospital,5.95,Whittington Hospital,4.87,Homerton University,2.56
N14EU,51.542626,-0.081142,North,Homerton University,2.58,Royal Free Hospital,5.94,Whittington Hospital,4.88,Homerton University,2.58
N14EW,51.545759,-0.078602,North,Homerton University,2.31,Royal Free Hospital,6.06,Whittington Hospital,4.85,Homerton University,2.31
N14EX,51.542812,-0.082029,North,Homerton University,2.63,Royal Free Hospital,5.88,Whittington Hospital,4.81,Homerton University,2.63
N14EY,51.544166,-0.079044,North,Homerton University,2.39,Royal Free Hospital,6.06,Whittington Hospital,4.91,Homerton University,2.39
N14EZ,51.543062,-0.081917,North,Homerton University,2.62,Royal Free Hospital,5.88,Whittington Hospital,4.8,Homerton University,2.62
N14FA,51.543542,-0.083224,North,Homerton University,2.68,Royal Free Hospital,5.78,Whittington Hospital,4.7,Homerton University,2.68
N14FB,51.547794,-0.087011,North,Homerton University,2.84,Royal Free Hospital,5.45,Whittington Hospital,4.23,Homerton University,2.84
N14FD,51.548181,-0.085913,North,Homerton University,2.76,Royal Free Hospital,5.52,Whittington Hospital,4.28,Homerton University,2.76
N14FE,51.547737,-0.085182,North,Homerton University,2.72,Royal Free Hospital,5.58,Whittington Hospital,4.34,Homerton University,2.72
N14FF,51.541908,-0.080091,North,Homerton University,2.54,Royal Free Hospital,6.03,Whittington Hospital,4.98,Homerton University,2.54
N14FG,51.545883,-0.076837,North,Homerton University,2.19,Royal Free Hospital,6.18,Whittington Hospital,4.95,Homerton University,2.19
N14FH,51.545883,-0.076837,North,Homerton University,2.19,Royal Free Hospital,6.18,Whittington Hospital,4.95,Homerton University,2.19
N14HA,51.543148,-0.082779,North,Homerton University,2.67,Royal Free Hospital,5.82,Whittington Hospital,4.75,Homerton University,2.67
N14HB,51.544195,-0.07861,North,Homerton University,2.36,Royal Free Hospital,6.08,Whittington Hospital,4.93,Homerton University,2.36
N14HD,51.542844,-0.083426,North,Homerton University,2.72,Royal Free Hospital,5.78,Whittington Hospital,4.73,Homerton University,2.72
N14HE,51.542379,-0.083042,North,Homerton University,2.71,Royal Free Hospital,5.82,Whittington Hospital,4.78,Homerton University,2.71
N14HF,51.541937,-0.083507,North,Homerton University,2.76,Royal Free Hospital,5.8,Whittington Hospital,4.78,Homerton University,2.76
N14HG,51.542247,-0.083768,North,Homerton University,2.77,Royal Free Hospital,5.77,Whittington Hospital,4.75,Homerton University,2.77
N14HH,51.5422,-0.082545,North,Homerton University,2.69,Royal Free Hospital,5.86,Whittington Hospital,4.82,Homerton University,2.69
N14HJ,51.542724,-0.082148,North,Homerton University,2.64,Royal Free Hospital,5.87,Whittington Hospital,4.81,Homerton University,2.64
N14HL,51.542136,-0.081942,North,Homerton University,2.65,Royal Free Hospital,5.9,Whittington Hospital,4.86,Homerton University,2.65
N14HN,51.541966,-0.08143,North,Homerton University,2.63,Royal Free Hospital,5.94,Whittington Hospital,4.9,Homerton University,2.63
N14HP,51.544164,-0.082246,North,Homerton University,2.6,Royal Free Hospital,5.84,Whittington Hospital,4.72,Homerton University,2.6
N14HQ,51.548238,-0.080632,North,Homerton University,2.4,Royal Free Hospital,5.89,Whittington Hospital,4.6,Homerton University,2.4
N14HR,51.544412,-0.082004,North,Homerton University,2.58,Royal Free Hospital,5.85,Whittington Hospital,4.72,Homerton University,2.58
N14HS,51.54392,-0.082703,North,Homerton University,2.64,Royal Free Hospital,5.81,Whittington Hospital,4.71,Homerton University,2.64
N14HT,51.543793,-0.081569,North,Homerton University,2.57,Royal Free Hospital,5.89,Whittington Hospital,4.78,Homerton University,2.57
N14HU,51.543793,-0.081007,North,Homerton University,2.53,Royal Free Hospital,5.93,Whittington Hospital,4.81,Homerton University,2.53
N14HW,51.542812,-0.082029,North,Homerton University,2.63,Royal Free Hospital,5.88,Whittington Hospital,4.81,Homerton University,2.63
N14HX,51.544483,-0.081396,North,Homerton University,2.53,Royal Free Hospital,5.89,Whittington Hospital,4.75,Homerton University,2.53
N14HY,51.54464,-0.080538,North,Homerton University,2.47,Royal Free Hospital,5.94,Whittington Hospital,4.79,Homerton University,2.47
N14HZ,51.546292,-0.081493,North,Homerton University,2.49,Royal Free Hospital,5.85,Whittington Hospital,4.65,Homerton University,2.49
N14JA,51.545043,-0.081531,North,Homerton University,2.53,Royal Free Hospital,5.87,Whittington Hospital,4.71,Homerton University,2.53
N14JB,51.544943,-0.08041,North,Homerton University,2.45,Royal Free Hospital,5.95,Whittington Hospital,4.78,Homerton University,2.45
N14JD,51.545164,-0.081252,North,Homerton University,2.5,Royal Free Hospital,5.89,Whittington Hospital,4.72,Homerton University,2.5
N14JE,51.5451,-0.082264,North,Homerton University,2.57,Royal Free Hospital,5.82,Whittington Hospital,4.66,Homerton University,2.57
N14JF,51.544609,-0.081953,North,Homerton University,2.57,Royal Free Hospital,5.85,Whittington Hospital,4.71,Homerton University,2.57
N14JG,51.544813,-0.082319,North,Homerton University,2.58,Royal Free Hospital,5.82,Whittington Hospital,4.68,Homerton University,2.58
N14JJ,51.544636,-0.077005,North,Homerton University,2.24,Royal Free Hospital,6.19,Whittington Hospital,5.01,Homerton University,2.24
N14JL,51.54453,-0.076577,North,Homerton University,2.21,Royal Free Hospital,6.22,Whittington Hospital,5.04,Homerton University,2.21
N14JN,51.54364,-0.077667,North,Homerton University,2.32,Royal Free Hospital,6.16,Whittington Hospital,5.02,Homerton University,2.32
N14JP,51.543694,-0.078819,North,Homerton University,2.39,Royal Free Hospital,6.08,Whittington Hospital,4.95,Homerton University,2.39
N14JQ,51.545948,-0.08132,North,Homerton University,2.49,Royal Free Hospital,5.87,Whittington Hospital,4.67,Homerton University,2.49
N14JS,51.543734,-0.077966,North,Homerton University,2.33,Royal Free Hospital,6.14,Whittington Hospital,5.0,Homerton University,2.33
N14JT,51.542968,-0.079469,North,Homerton University,2.46,Royal Free Hospital,6.05,Whittington Hospital,4.95,Homerton University,2.46
N14JU,51.542774,-0.079708,North,Homerton University,2.48,Royal Free Hospital,6.04,Whittington Hospital,4.95,Homerton University,2.48
N14JW,51.542788,-0.080587,North,Homerton University,2.54,Royal Free Hospital,5.98,Whittington Hospital,4.9,Homerton University,2.54
N14JX,51.542561,-0.079905,North,Homerton University,2.5,Royal Free Hospital,6.03,Whittington Hospital,4.95,Homerton University,2.5
N14JY,51.542909,-0.079198,North,Homerton University,2.44,Royal Free Hospital,6.07,Whittington Hospital,4.97,Homerton University,2.44
N14JZ,51.54189,-0.080625,North,Homerton University,2.58,Royal Free Hospital,6.0,Whittington Hospital,4.95,Homerton University,2.58
N14LA,51.54308,-0.078643,North,Homerton University,2.4,Royal Free Hospital,6.1,Whittington Hospital,5.0,Homerton University,2.4
N14LB,51.542248,-0.079428,North,Homerton University,2.49,Royal Free Hospital,6.07,Whittington Hospital,5.0,Homerton University,2.49
N14LD,51.541585,-0.079614,North,Homerton University,2.53,Royal Free Hospital,6.07,Whittington Hospital,5.03,Homerton University,2.53
N14LE,51.540683,-0.078902,North,Homerton University,2.53,Royal Free Hospital,6.14,Whittington Hospital,5.12,Homerton University,2.53
N14LG,51.54183,-0.078623,North,Homerton University,2.45,Royal Free Hospital,6.13,Whittington Hospital,5.07,Homerton University,2.45
N14LH,51.542284,-0.078921,North,Homerton University,2.45,Royal Free Hospital,6.1,Whittington Hospital,5.03,Homerton University,2.45
N14LJ,51.542357,-0.078399,North,Homerton University,2.42,Royal Free Hospital,6.14,Whittington Hospital,5.05,Homerton University,2.42
N14LL,51.542189,-0.078074,North,Homerton University,2.4,Royal Free Hospital,6.16,Whittington Hospital,5.08,Homerton University,2.4
N14LN,51.542595,-0.077033,North,Homerton University,2.32,Royal Free Hospital,6.22,Whittington Hospital,5.12,Homerton University,2.32
N14LP,51.543425,-0.077186,North,Homerton University,2.29,Royal Free Hospital,6.2,Whittington Hospital,5.06,Homerton University,2.29
N14LQ,51.541842,-0.077743,North,Homerton University,2.4,Royal Free Hospital,6.19,Whittington Hospital,5.12,Homerton University,2.4
N14LR,51.543237,-0.077814,North,Homerton University,2.34,Royal Free Hospital,6.16,Whittington Hospital,5.04,Homerton University,2.34
N14LS,51.542912,-0.078289,North,Homerton University,2.39,Royal Free Hospital,6.13,Whittington Hospital,5.03,Homerton University,2.39
N14LZ,51.546292,-0.081493,North,Homerton University,2.49,Royal Free Hospital,5.85,Whittington Hospital,4.65,Homerton University,2.49
N14NA,51.548112,-0.084431,North,Homerton University,2.66,Royal Free Hospital,5.63,Whittington Hospital,4.37,Homerton University,2.66
N14NB,51.549827,-0.084849,North,Homerton University,2.67,Royal Free Hospital,5.58,Whittington Hospital,4.26,Homerton University,2.67
N14ND,51.550981,-0.083358,North,Homerton University,2.57,Royal Free Hospital,5.68,Whittington Hospital,4.3,Homerton University,2.57
N14NE,51.550855,-0.083897,North,Homerton University,2.61,Royal Free Hospital,5.64,Whittington Hospital,4.27,Homerton University,2.61
N14NF,51.547048,-0.084245,North,Homerton University,2.66,Royal Free Hospital,5.65,Whittington Hospital,4.44,Homerton University,2.66
N14NG,51.550058,-0.080801,North,Homerton University,2.39,Royal Free Hospital,5.86,Whittington Hospital,4.5,Homerton University,2.39
N14NH,51.549222,-0.079206,North,Homerton University,2.29,Royal Free Hospital,5.98,Whittington Hospital,4.64,Homerton University,2.29
N14NJ,51.548987,-0.079101,North,Homerton University,2.28,Royal Free Hospital,5.99,Whittington Hospital,4.66,Homerton University,2.28
N14NL,51.54896,-0.079679,North,Homerton University,2.32,Royal Free Hospital,5.95,Whittington Hospital,4.62,Homerton University,2.32
N14NN,51.548678,-0.079474,North,Homerton University,2.31,Royal Free Hospital,5.96,Whittington Hospital,4.65,Homerton University,2.31
N14NP,51.548236,-0.07994,North,Homerton University,2.35,Royal Free Hospital,5.93,Whittington Hospital,4.64,Homerton University,2.35
N14NT,51.547805,-0.08052,North,Homerton University,2.4,Royal Free Hospital,5.9,Whittington Hospital,4.63,Homerton University,2.4
N14NU,51.547489,-0.080476,North,Homerton University,2.4,Royal Free Hospital,5.91,Whittington Hospital,4.64,Homerton University,2.4
N14NW,51.54778,-0.082872,North,Homerton University,2.56,Royal Free Hospital,5.74,Whittington Hospital,4.48,Homerton University,2.56
N14NX,51.547679,-0.081636,North,Homerton University,2.47,Royal Free Hospital,5.82,Whittington Hospital,4.56,Homerton University,2.47
N14NY,51.547329,-0.083281,North,Homerton University,2.59,Royal Free Hospital,5.72,Whittington Hospital,4.48,Homerton University,2.59
N14NZ,51.547819,-0.081385,North,Homerton University,2.46,Royal Free Hospital,5.84,Whittington Hospital,4.57,Homerton University,2.46
N14PB,51.54728,-0.081408,North,Homerton University,2.47,Royal Free Hospital,5.84,Whittington Hospital,4.6,Homerton University,2.47
N14PD,51.54703,-0.083164,North,Homerton University,2.59,Royal Free Hospital,5.73,Whittington Hospital,4.5,Homerton University,2.59
N14PE,51.546946,-0.083528,North,Homerton University,2.62,Royal Free Hospital,5.7,Whittington Hospital,4.49,Homerton University,2.62
N14PF,51.547181,-0.08359,North,Homerton University,2.62,Royal Free Hospital,5.7,Whittington Hospital,4.47,Homerton University,2.62
N14PG,51.547407,-0.083681,North,Homerton University,2.62,Royal Free Hospital,5.69,Whittington Hospital,4.45,Homerton University,2.62
N14PH,51.548246,-0.083862,North,Homerton University,2.62,Royal Free Hospital,5.66,Whittington Hospital,4.4,Homerton University,2.62
N14PJ,51.548308,-0.082158,North,Homerton University,2.5,Royal Free Hospital,5.78,Whittington Hospital,4.5,Homerton University,2.5
N14PL,51.548957,-0.081698,North,Homerton University,2.46,Royal Free Hospital,5.81,Whittington Hospital,4.5,Homerton University,2.46
N14PN,51.549077,-0.083496,North,Homerton University,2.59,Royal Free Hospital,5.68,Whittington Hospital,4.38,Homerton University,2.59
N14PP,51.549068,-0.084044,North,Homerton University,2.62,Royal Free Hospital,5.64,Whittington Hospital,4.35,Homerton University,2.62
N14PQ,51.548251,-0.084684,North,Homerton University,2.68,Royal Free Hospital,5.61,Whittington Hospital,4.35,Homerton University,2.68
N14PR,51.549999,-0.084366,North,Homerton University,2.64,Royal Free Hospital,5.61,Whittington Hospital,4.28,Homerton University,2.64
N14PS,51.550048,-0.084609,North,Homerton University,2.66,Royal Free Hospital,5.6,Whittington Hospital,4.26,Homerton University,2.66
N14PT,51.550505,-0.083941,North,Homerton University,2.61,Royal Free Hospital,5.64,Whittington Hospital,4.28,Homerton University,2.61
N14PU,51.549906,-0.081442,North,Homerton University,2.44,Royal Free Hospital,5.82,Whittington Hospital,4.47,Homerton University,2.44
N14PW,51.548251,-0.084684,North,Homerton University,2.68,Royal Free Hospital,5.61,Whittington Hospital,4.35,Homerton University,2.68
N14PX,51.546291,-0.081435,North,Homerton University,2.49,Royal Free Hospital,5.86,Whittington Hospital,4.65,Homerton University,2.49
N14PY,51.54919,-0.078342,North,Homerton University,2.23,Royal Free Hospital,6.04,Whittington Hospital,4.7,Homerton University,2.23
N14PZ,51.549374,-0.080224,North,Homerton University,2.36,Royal Free Hospital,5.9,Whittington Hospital,4.57,Homerton University,2.36
N14QA,51.549306,-0.081568,North,Homerton University,2.45,Royal Free Hospital,5.81,Whittington Hospital,4.49,Homerton University,2.45
N14QB,51.549585,-0.081571,North,Homerton University,2.45,Royal Free Hospital,5.81,Whittington Hospital,4.47,Homerton University,2.45
N14QD,51.549426,-0.082299,North,Homerton University,2.5,Royal Free Hospital,5.76,Whittington Hospital,4.44,Homerton University,2.5
N14QE,51.549736,-0.082574,North,Homerton University,2.52,Royal Free Hospital,5.74,Whittington Hospital,4.4,Homerton University,2.52
N14QF,51.549126,-0.083205,North,Homerton University,2.57,Royal Free Hospital,5.7,Whittington Hospital,4.39,Homerton University,2.57
N14QG,51.549553,-0.082928,North,Homerton University,2.54,Royal Free Hospital,5.72,Whittington Hospital,4.39,Homerton University,2.54
N14QH,51.549732,-0.083454,North,Homerton University,2.58,Royal Free Hospital,5.68,Whittington Hospital,4.35,Homerton University,2.58
N14QJ,51.548274,-0.086126,North,Homerton University,2.77,Royal Free Hospital,5.51,Whittington Hospital,4.26,Homerton University,2.77
N14QP,51.546862,-0.087195,North,Homerton University,2.87,Royal Free Hospital,5.45,Whittington Hospital,4.27,Homerton University,2.87
N14QR,51.548695,-0.087666,North,Homerton University,2.88,Royal Free Hospital,5.4,Whittington Hospital,4.14,Homerton University,2.88
N14QS,51.547422,-0.086811,North,Homerton University,2.83,Royal Free Hospital,5.47,Whittington Hospital,4.26,Homerton University,2.83
N14QT,51.548044,-0.087462,North,Homerton University,2.87,Royal Free Hospital,5.42,Whittington Hospital,4.19,Homerton University,2.87
N14QU,51.548767,-0.087648,North,Homerton University,2.87,Royal Free Hospital,5.4,Whittington Hospital,4.14,Homerton University,2.87
N14QX,51.549597,-0.087282,North,Homerton University,2.84,Royal Free Hospital,5.42,Whittington Hospital,4.12,Homerton University,2.84
N14QY,51.550176,-0.086911,North,Homerton University,2.82,Royal Free Hospital,5.44,Whittington Hospital,4.11,Homerton University,2.82
N14RA,51.550805,-0.086366,North,Homerton University,2.78,Royal Free Hospital,5.47,Whittington Hospital,4.12,Homerton University,2.78
N14RB,51.54938,-0.085531,North,Homerton University,2.72,Royal Free Hospital,5.54,Whittington Hospital,4.24,Homerton University,2.72
N14RD,51.550345,-0.08627,North,Homerton University,2.77,Royal Free Hospital,5.48,Whittington Hospital,4.14,Homerton University,2.77
N14RE,51.549881,-0.086491,North,Homerton University,2.79,Royal Free Hospital,5.47,Whittington Hospital,4.15,Homerton University,2.79
N14RF,51.55066,-0.08516,North,Homerton University,2.69,Royal Free Hospital,5.56,Whittington Hospital,4.2,Homerton University,2.69
N14RG,51.549385,-0.086973,North,Homerton University,2.82,Royal Free Hospital,5.44,Whittington Hospital,4.15,Homerton University,2.82
N14RH,51.549214,-0.085827,North,Homerton University,2.75,Royal Free Hospital,5.52,Whittington Hospital,4.23,Homerton University,2.75
N14RJ,51.549463,-0.08622,North,Homerton University,2.77,Royal Free Hospital,5.49,Whittington Hospital,4.19,Homerton University,2.77
N14RL,51.548547,-0.085783,North,Homerton University,2.75,Royal Free Hospital,5.53,Whittington Hospital,4.26,Homerton University,2.75
N14RN,51.548418,-0.087245,North,Homerton University,2.85,Royal Free Hospital,5.43,Whittington Hospital,4.18,Homerton University,2.85
N14RP,51.548015,-0.086757,North,Homerton University,2.82,Royal Free Hospital,5.47,Whittington Hospital,4.23,Homerton University,2.82
N14RQ,51.548079,-0.086307,North,Homerton University,2.79,Royal Free Hospital,5.5,Whittington Hospital,4.26,Homerton University,2.79
N14RR,51.547376,-0.086163,North,Homerton University,2.79,Royal Free Hospital,5.52,Whittington Hospital,4.3,Homerton University,2.79
N14RS,51.548082,-0.084807,North,Homerton University,2.69,Royal Free Hospital,5.6,Whittington Hospital,4.35,Homerton University,2.69
N14RT,51.547919,-0.085823,North,Homerton University,2.76,Royal Free Hospital,5.53,Whittington Hospital,4.3,Homerton University,2.76
N14RU,51.547376,-0.086163,North,Homerton University,2.79,Royal Free Hospital,5.52,Whittington Hospital,4.3,Homerton University,2.79
N14RW,51.548079,-0.086307,North,Homerton University,2.79,Royal Free Hospital,5.5,Whittington Hospital,4.26,Homerton University,2.79
N14RX,51.546908,-0.086731,North,Homerton University,2.84,Royal Free Hospital,5.48,Whittington Hospital,4.3,Homerton University,2.84
N14RY,51.546501,-0.087642,North,Homerton University,2.91,Royal Free Hospital,5.43,Whittington Hospital,4.27,Homerton University,2.91
N14RZ,51.546501,-0.087642,North,Homerton University,2.91,Royal Free Hospital,5.43,Whittington Hospital,4.27,Homerton University,2.91
N14SA,51.541568,-0.076947,North,Homerton University,2.36,Royal Free Hospital,6.25,Whittington Hospital,5.18,Homerton University,2.36
N14SB,51.542249,-0.077293,North,Homerton University,2.35,Royal Free Hospital,6.21,Whittington Hospital,5.12,Homerton University,2.35
N14SD,51.541823,-0.077686,North,Homerton University,2.4,Royal Free Hospital,6.2,Whittington Hospital,5.13,Homerton University,2.4
N14SE,51.541227,-0.07748,North,Homerton University,2.41,Royal Free Hospital,6.22,Whittington Hospital,5.17,Homerton University,2.41
N14SG,51.541161,-0.077858,North,Homerton University,2.44,Royal Free Hospital,6.2,Whittington Hospital,5.16,Homerton University,2.44
N14SH,51.541019,-0.077446,North,Homerton University,2.42,Royal Free Hospital,6.23,Whittington Hospital,5.19,Homerton University,2.42
N14SJ,51.541718,-0.077287,North,Homerton University,2.38,Royal Free Hospital,6.23,Whittington Hospital,5.15,Homerton University,2.38
N14SL,51.541458,-0.077341,North,Homerton University,2.39,Royal Free Hospital,6.23,Whittington Hospital,5.17,Homerton University,2.39
N14SN,51.541978,-0.077261,North,Homerton University,2.36,Royal Free Hospital,6.22,Whittington Hospital,5.14,Homerton University,2.36
N14SP,51.539702,-0.077732,North,Homerton University,2.51,Royal Free Hospital,6.25,Whittington Hospital,5.25,Homerton University,2.51
N14SQ,51.540759,-0.0775,North,Homerton University,2.44,Royal Free Hospital,6.23,Whittington Hospital,5.2,Homerton University,2.44
N14SR,51.540045,-0.077819,North,Homerton University,2.49,Royal Free Hospital,6.23,Whittington Hospital,5.23,Homerton University,2.49
N14ST,51.545893,-0.080183,North,Homerton University,2.41,Royal Free Hospital,5.95,Whittington Hospital,4.75,Homerton University,2.41
N14SU,51.540045,-0.077819,North,Homerton University,2.49,Royal Free Hospital,6.23,Whittington Hospital,5.23,Homerton University,2.49
N14SW,51.540944,-0.077781,North,Homerton University,2.44,Royal Free Hospital,6.21,Whittington Hospital,5.17,Homerton University,2.44
N14SX,51.540045,-0.077819,North,Homerton University,2.49,Royal Free Hospital,6.23,Whittington Hospital,5.23,Homerton University,2.49
N14SY,51.546291,-0.081435,North,Homerton University,2.49,Royal Free Hospital,5.86,Whittington Hospital,4.65,Homerton University,2.49
N14SZ,51.540393,-0.07766,North,Homerton University,2.46,Royal Free Hospital,6.23,Whittington Hospital,5.21,Homerton University,2.46
N14TA,51.546292,-0.081493,North,Homerton University,2.49,Royal Free Hospital,5.85,Whittington Hospital,4.65,Homerton University,2.49
N14TB,51.546406,-0.081877,North,Homerton University,2.51,Royal Free Hospital,5.82,Whittington Hospital,4.62,Homerton University,2.51
N14WB,51.546292,-0.081493,North,Homerton University,2.49,Royal Free Hospital,5.85,Whittington Hospital,4.65,Homerton University,2.49
N14WD,51.546292,-0.081493,North,Homerton University,2.49,Royal Free Hospital,5.85,Whittington Hospital,4.65,Homerton University,2.49
N15AA,51.538894,-0.077809,North,Homerton University,2.56,Royal Free Hospital,6.26,Whittington Hospital,5.3,Homerton University,2.56
N15AB,51.53917,-0.079298,North,Homerton University,2.63,Royal Free Hospital,6.15,Whittington Hospital,5.2,Homerton University,2.63
N15AD,51.53917,-0.079298,North,Homerton University,2.63,Royal Free Hospital,6.15,Whittington Hospital,5.2,Homerton University,2.63
N15AE,51.539944,-0.078241,North,Homerton University,2.52,Royal Free Hospital,6.2,Whittington Hospital,5.21,Homerton University,2.52
N15AG,51.53971,-0.078799,North,Homerton University,2.57,Royal Free Hospital,6.17,Whittington Hospital,5.19,Homerton University,2.57
N15AJ,51.53917,-0.079298,North,Homerton University,2.63,Royal Free Hospital,6.15,Whittington Hospital,5.2,Homerton University,2.63
N15AL,51.539325,-0.078844,North,Homerton University,2.59,Royal Free Hospital,6.18,Whittington Hospital,5.21,Homerton University,2.59
N15AN,51.53937,-0.079448,North,Homerton University,2.63,Royal Free Hospital,6.14,Whittington Hospital,5.18,Homerton University,2.63
N15AP,51.539875,-0.079484,North,Homerton University,2.6,Royal Free Hospital,6.12,Whittington Hospital,5.14,Homerton University,2.6
N15AR,51.539964,-0.08,North,Homerton University,2.63,Royal Free Hospital,6.09,Whittington Hospital,5.11,Homerton University,2.63
N15AS,51.539387,-0.080471,North,Homerton University,2.69,Royal Free Hospital,6.07,Whittington Hospital,5.12,Homerton University,2.69
N15AT,51.539956,-0.080606,North,Homerton University,2.67,Royal Free Hospital,6.05,Whittington Hospital,5.07,Homerton University,2.67
N15AU,51.539938,-0.081183,North,Homerton University,2.7,Royal Free Hospital,6.01,Whittington Hospital,5.04,Homerton University,2.7
N15AW,51.539844,-0.080365,North,Homerton University,2.66,Royal Free Hospital,6.06,Whittington Hospital,5.09,Homerton University,2.66
N15AX,51.540737,-0.077804,North,Homerton University,2.46,Royal Free Hospital,6.21,Whittington Hospital,5.18,Homerton University,2.46
N15AY,51.539482,-0.08188,North,Homerton University,2.77,Royal Free Hospital,5.97,Whittington Hospital,5.03,Homerton University,2.77
N15AZ,51.540474,-0.077108,North,Homerton University,2.43,Royal Free Hospital,6.27,Whittington Hospital,5.24,Homerton University,2.43
N15BA,51.539702,-0.077732,North,Homerton University,2.51,Royal Free Hospital,6.25,Whittington Hospital,5.25,Homerton University,2.51
N15BD,51.540682,-0.082637,North,Homerton University,2.76,Royal Free Hospital,5.89,Whittington Hospital,4.91,Homerton University,2.76
N15BF,51.538874,-0.077695,North,Homerton University,2.55,Royal Free Hospital,6.27,Whittington Hospital,5.31,Homerton University,2.55
N15BG,51.539543,-0.082858,North,Homerton University,2.83,Royal Free Hospital,5.91,Whittington Hospital,4.98,Homerton University,2.83
N15BJ,51.540255,-0.082396,North,Homerton University,2.76,Royal Free Hospital,5.92,Whittington Hospital,4.95,Homerton University,2.76
N15BL,51.540219,-0.081849,North,Homerton University,2.73,Royal Free Hospital,5.96,Whittington Hospital,4.99,Homerton University,2.73
N15BN,51.540769,-0.0836,North,Homerton University,2.82,Royal Free Hospital,5.82,Whittington Hospital,4.85,Homerton University,2.82
N15BP,51.54071,-0.084367,North,Homerton University,2.87,Royal Free Hospital,5.77,Whittington Hospital,4.81,Homerton University,2.87
N15BS,51.540127,-0.084463,North,Homerton University,2.9,Royal Free Hospital,5.78,Whittington Hospital,4.85,Homerton University,2.9
N15BT,51.540405,-0.084408,North,Homerton University,2.88,Royal Free Hospital,5.78,Whittington Hospital,4.83,Homerton University,2.88
N15BU,51.540322,-0.083734,North,Homerton University,2.85,Royal Free Hospital,5.83,Whittington Hospital,4.88,Homerton University,2.85
N15BW,51.540074,-0.082865,North,Homerton University,2.8,Royal Free Hospital,5.89,Whittington Hospital,4.94,Homerton University,2.8
N15BX,51.540367,-0.083184,North,Homerton University,2.81,Royal Free Hospital,5.86,Whittington Hospital,4.9,Homerton University,2.81
N15BY,51.540027,-0.083847,North,Homerton University,2.87,Royal Free Hospital,5.83,Whittington Hospital,4.89,Homerton University,2.87
N15EN,51.539723,-0.077385,North,Homerton University,2.48,Royal Free Hospital,6.27,Whittington Hospital,5.27,Homerton University,2.48
N15ER,51.540071,-0.077745,North,Homerton University,2.49,Royal Free Hospital,6.23,Whittington Hospital,5.23,Homerton University,2.49
N15FR,51.539282,-0.07736,North,Homerton University,2.51,Royal Free Hospital,6.28,Whittington Hospital,5.3,Homerton University,2.51
N15SX,51.538894,-0.079453,North,Homerton University,2.65,Royal Free Hospital,6.15,Whittington Hospital,5.21,Homerton University,2.65
N15TS,51.539313,-0.079219,North,Homerton University,2.62,Royal Free Hospital,6.16,Whittington Hospital,5.19,Homerton University,2.62
N15TT,51.539285,-0.078615,North,Homerton University,2.58,Royal Free Hospital,6.2,Whittington Hospital,5.23,Homerton University,2.58
N15TU,51.539257,-0.078025,North,Homerton University,2.55,Royal Free Hospital,6.24,Whittington Hospital,5.26,Homerton University,2.55
N15TX,51.53917,-0.079298,North,Homerton University,2.63,Royal Free Hospital,6.15,Whittington Hospital,5.2,Homerton University,2.63
N154TP,51.576038,-0.079188,North,Homerton University,3.62,Royal Free Hospital,6.48,North Middlesex,4.17,Homerton University,3.62
N156AA,51.576125,-0.070814,North,Homerton University,3.29,Royal Free Hospital,7.02,North Middlesex,4.14,Homerton University,3.29
N156AB,51.576129,-0.069385,North,Homerton University,3.24,Royal Free Hospital,7.11,North Middlesex,4.14,Homerton University,3.24
N156AD,51.576302,-0.070648,North,Homerton University,3.3,Royal Free Hospital,7.04,North Middlesex,4.12,Homerton University,3.3
N156AE,51.57705,-0.063097,North,Homerton University,3.14,Royal Free Hospital,7.55,North Middlesex,4.09,Homerton University,3.14
N156AG,51.577591,-0.061544,North,Homerton University,3.16,Royal Free Hospital,7.67,North Middlesex,4.05,Homerton University,3.16
N156AH,51.576693,-0.067629,North,Homerton University,3.24,Royal Free Hospital,7.25,North Middlesex,4.09,Homerton University,3.24
N156AJ,51.576476,-0.067018,North,Homerton University,3.2,Royal Free Hospital,7.28,North Middlesex,4.12,Homerton University,3.2
N156AL,51.577461,-0.066759,North,Homerton University,3.29,Royal Free Hospital,7.33,North Middlesex,4.01,Homerton University,3.29
N156AN,51.577172,-0.062298,North,Homerton University,3.14,Royal Free Hospital,7.61,North Middlesex,4.08,Homerton University,3.14
N156AP,51.577055,-0.067744,North,Homerton University,3.28,Royal Free Hospital,7.25,North Middlesex,4.05,Homerton University,3.28
N156AR,51.578195,-0.067089,North,Homerton University,3.37,Royal Free Hospital,7.34,North Middlesex,3.92,Homerton University,3.37
N156AS,51.57787,-0.068099,North,Homerton University,3.37,Royal Free Hospital,7.26,North Middlesex,3.95,Homerton University,3.37
N156AT,51.577489,-0.066268,North,Homerton University,3.28,Royal Free Hospital,7.37,North Middlesex,4.01,Homerton University,3.28
N156AU,51.57825,-0.066611,North,Homerton University,3.36,Royal Free Hospital,7.37,North Middlesex,3.92,Homerton University,3.36
N156AW,51.578302,-0.065959,North,Homerton University,3.35,Royal Free Hospital,7.42,North Middlesex,3.92,Homerton University,3.35
N156AX,51.578355,-0.065307,North,Homerton University,3.34,Royal Free Hospital,7.46,North Middlesex,3.92,Homerton University,3.34
N156AY,51.577646,-0.067574,North,Homerton University,3.33,Royal Free Hospital,7.29,North Middlesex,3.98,Homerton University,3.33
N156AZ,51.577646,-0.067574,North,Homerton University,3.33,Royal Free Hospital,7.29,North Middlesex,3.98,Homerton University,3.33
N156BA,51.577991,-0.065611,North,Homerton University,3.31,Royal Free Hospital,7.43,North Middlesex,3.96,Homerton University,3.31
N156BB,51.57818,-0.064521,North,Homerton University,3.3,Royal Free Hospital,7.51,North Middlesex,3.95,Homerton University,3.3
N156BD,51.577383,-0.06581,North,Homerton University,3.25,Royal Free Hospital,7.39,North Middlesex,4.02,Homerton University,3.25
N156BE,51.577465,-0.065374,North,Homerton University,3.25,Royal Free Hospital,7.42,North Middlesex,4.02,Homerton University,3.25
N156BF,51.579452,-0.063716,North,Homerton University,3.41,Royal Free Hospital,7.61,North Middlesex,3.82,Homerton University,3.41
N156BG,51.576723,-0.06617,North,Homerton University,3.2,Royal Free Hospital,7.34,North Middlesex,4.09,Homerton University,3.2
N156BH,51.577558,-0.064995,North,Homerton University,3.25,Royal Free Hospital,7.45,North Middlesex,4.01,Homerton University,3.25
N156BJ,51.577658,-0.064543,North,Homerton University,3.24,Royal Free Hospital,7.48,North Middlesex,4.01,Homerton University,3.24
N156BL,51.576982,-0.066044,North,Homerton University,3.22,Royal Free Hospital,7.36,North Middlesex,4.07,Homerton University,3.22
N156BN,51.577724,-0.075639,North,Homerton University,3.62,Royal Free Hospital,6.78,North Middlesex,3.96,Homerton University,3.62
N156BP,51.577451,-0.063989,North,Homerton University,3.21,Royal Free Hospital,7.51,North Middlesex,4.03,Homerton University,3.21
N156BQ,51.576723,-0.06617,North,Homerton University,3.2,Royal Free Hospital,7.34,North Middlesex,4.09,Homerton University,3.2
N156BS,51.577559,-0.06345,North,Homerton University,3.21,Royal Free Hospital,7.55,North Middlesex,4.03,Homerton University,3.21
N156BT,51.57841,-0.063789,North,Homerton University,3.3,Royal Free Hospital,7.56,North Middlesex,3.93,Homerton University,3.3
N156BU,51.577866,-0.064043,North,Homerton University,3.25,Royal Free Hospital,7.52,North Middlesex,3.99,Homerton University,3.25
N156BW,51.579316,-0.064155,North,Homerton University,3.41,Royal Free Hospital,7.58,North Middlesex,3.83,Homerton University,3.41
N156BX,51.57846,-0.063008,North,Homerton University,3.29,Royal Free Hospital,7.61,North Middlesex,3.94,Homerton University,3.29
N156BY,51.579377,-0.062954,North,Homerton University,3.38,Royal Free Hospital,7.66,North Middlesex,3.84,Homerton University,3.38
N156BZ,51.578865,-0.062991,North,Homerton University,3.33,Royal Free Hospital,7.63,North Middlesex,3.89,Homerton University,3.33
N156DA,51.578012,-0.062522,North,Homerton University,3.23,Royal Free Hospital,7.63,North Middlesex,3.99,Homerton University,3.23
N156DB,51.578455,-0.074713,North,Homerton University,3.65,Royal Free Hospital,6.87,North Middlesex,3.88,Homerton University,3.65
N156DD,51.57914,-0.074237,North,Homerton University,3.7,Royal Free Hospital,6.93,North Middlesex,3.8,Homerton University,3.7
N156DE,51.579079,-0.073287,North,Homerton University,3.66,Royal Free Hospital,6.99,North Middlesex,3.81,Homerton University,3.66
N156DF,51.577808,-0.074149,North,Homerton University,3.57,Royal Free Hospital,6.88,North Middlesex,3.95,Homerton University,3.57
N156DG,51.578663,-0.074748,North,Homerton University,3.67,Royal Free Hospital,6.88,North Middlesex,3.85,Homerton University,3.67
N156DH,51.576866,-0.074823,North,Homerton University,3.51,Royal Free Hospital,6.79,North Middlesex,4.05,Homerton University,3.51
N156DL,51.578821,-0.073399,North,Homerton University,3.64,Royal Free Hospital,6.97,North Middlesex,3.83,Homerton University,3.64
N156DP,51.577363,-0.073922,North,Homerton University,3.52,Royal Free Hospital,6.87,North Middlesex,4.0,Homerton University,3.52
N156DR,51.578398,-0.073936,North,Homerton University,3.62,Royal Free Hospital,6.92,North Middlesex,3.88,Homerton University,3.62
N156DS,51.577779,-0.073472,North,Homerton University,3.54,Royal Free Hospital,6.92,North Middlesex,3.95,Homerton University,3.54
N156DT,51.577393,-0.07356,North,Homerton University,3.51,Royal Free Hospital,6.89,North Middlesex,3.99,Homerton University,3.51
N156DU,51.577733,-0.075638,North,Homerton University,3.62,Royal Free Hospital,6.78,North Middlesex,3.96,Homerton University,3.62
N156DW,51.578413,-0.076533,North,Homerton University,3.72,Royal Free Hospital,6.75,North Middlesex,3.89,Homerton University,3.72
N156DY,51.578458,-0.077065,North,Homerton University,3.74,Royal Free Hospital,6.72,North Middlesex,3.88,Homerton University,3.74
N156DZ,51.57796,-0.076293,North,Homerton University,3.67,Royal Free Hospital,6.75,North Middlesex,3.94,Homerton University,3.67
N156EA,51.577835,-0.079112,North,Homerton University,3.77,Royal Free Hospital,6.56,North Middlesex,3.97,Homerton University,3.77
N156EB,51.580125,-0.065261,North,Homerton University,3.52,Royal Free Hospital,7.54,North Middlesex,3.73,Homerton University,3.52
N156EE,51.577835,-0.079112,North,Homerton University,3.77,Royal Free Hospital,6.56,North Middlesex,3.97,Homerton University,3.77
N156EH,51.578274,-0.080104,North,Homerton University,3.85,Royal Free Hospital,6.52,North Middlesex,3.93,Homerton University,3.85
N156EJ,51.578353,-0.073418,North,Homerton University,3.6,Royal Free Hospital,6.95,North Middlesex,3.89,Homerton University,3.6
N156HA,51.575469,-0.082892,North,Homerton University,3.74,Royal Free Hospital,6.22,Whittington Hospital,4.09,Homerton University,3.74
N156HB,51.575818,-0.082228,North,Homerton University,3.73,Royal Free Hospital,6.28,Whittington Hospital,4.15,Homerton University,3.73
N156HD,51.575655,-0.083808,North,Homerton University,3.79,Royal Free Hospital,6.17,Whittington Hospital,4.03,Homerton University,3.79
N156HH,51.576112,-0.083168,North,Homerton University,3.8,Royal Free Hospital,6.23,Whittington Hospital,4.09,Homerton University,3.8
N156HL,51.57633,-0.082769,North,Homerton University,3.8,Royal Free Hospital,6.26,Whittington Hospital,4.12,Homerton University,3.8
N156HP,51.576837,-0.08243,North,Homerton University,3.83,Royal Free Hospital,6.31,North Middlesex,4.11,Homerton University,3.83
N156HR,51.577443,-0.082621,North,Homerton University,3.89,Royal Free Hospital,6.32,North Middlesex,4.04,Homerton University,3.89
N156HS,51.57739,-0.082133,North,Homerton University,3.86,Royal Free Hospital,6.35,North Middlesex,4.04,Homerton University,3.86
N156HT,51.57795,-0.082254,North,Homerton University,3.91,Royal Free Hospital,6.37,North Middlesex,3.98,Homerton University,3.91
N156HU,51.577882,-0.081997,North,Homerton University,3.9,Royal Free Hospital,6.38,North Middlesex,3.99,Homerton University,3.9
N156HX,51.577896,-0.081736,North,Homerton University,3.89,Royal Free Hospital,6.4,North Middlesex,3.98,Homerton University,3.89
N156JA,51.577236,-0.079845,North,Homerton University,3.75,Royal Free Hospital,6.49,North Middlesex,4.04,Homerton University,3.75
N156JB,51.577821,-0.079373,North,Homerton University,3.78,Royal Free Hospital,6.55,North Middlesex,3.97,Homerton University,3.78
N156JD,51.577755,-0.080256,North,Homerton University,3.81,Royal Free Hospital,6.49,North Middlesex,3.98,Homerton University,3.81
N156JF,51.577724,-0.075639,North,Homerton University,3.62,Royal Free Hospital,6.78,North Middlesex,3.96,Homerton University,3.62
N156JH,51.578314,-0.081993,North,Homerton University,3.93,Royal Free Hospital,6.41,North Middlesex,3.94,Homerton University,3.93
N156JJ,51.578663,-0.074748,North,Homerton University,3.67,Royal Free Hospital,6.88,North Middlesex,3.85,Homerton University,3.67
N156JL,51.578568,-0.068978,North,Homerton University,3.47,Royal Free Hospital,7.24,North Middlesex,3.87,Homerton University,3.47
N156JN,51.579563,-0.072617,North,Homerton University,3.68,Royal Free Hospital,7.05,North Middlesex,3.75,Homerton University,3.68
N156JP,51.578639,-0.073305,North,Homerton University,3.62,Royal Free Hospital,6.97,North Middlesex,3.85,Homerton University,3.62
N156JR,51.57854,-0.072761,North,Homerton University,3.59,Royal Free Hospital,7.0,North Middlesex,3.87,Homerton University,3.59
N156JS,51.578716,-0.07144,North,Homerton University,3.56,Royal Free Hospital,7.09,North Middlesex,3.85,Homerton University,3.56
N156JT,51.579426,-0.068668,North,Homerton University,3.54,Royal Free Hospital,7.29,North Middlesex,3.78,Homerton University,3.54
N156JU,51.577478,-0.07269,North,Homerton University,3.49,Royal Free Hospital,6.95,North Middlesex,3.98,Homerton University,3.49
N156JX,51.577034,-0.071367,North,Homerton University,3.4,Royal Free Hospital,7.02,North Middlesex,4.03,Homerton University,3.4
N156JY,51.576842,-0.073381,North,Homerton University,3.45,Royal Free Hospital,6.88,North Middlesex,4.05,Homerton University,3.45
N156LA,51.576824,-0.071174,North,Homerton University,3.37,Royal Free Hospital,7.02,North Middlesex,4.06,Homerton University,3.37
N156LB,51.577678,-0.070084,North,Homerton University,3.41,Royal Free Hospital,7.13,North Middlesex,3.97,Homerton University,3.41
N156LD,51.577181,-0.069918,North,Homerton University,3.36,Royal Free Hospital,7.12,North Middlesex,4.02,Homerton University,3.36
N156LF,51.577724,-0.075639,North,Homerton University,3.62,Royal Free Hospital,6.78,North Middlesex,3.96,Homerton University,3.62
N156LG,51.577693,-0.070459,North,Homerton University,3.43,Royal Free Hospital,7.11,North Middlesex,3.96,Homerton University,3.43
N156LH,51.577391,-0.069562,North,Homerton University,3.37,Royal Free Hospital,7.15,North Middlesex,4.0,Homerton University,3.37
N156LJ,51.577627,-0.069163,North,Homerton University,3.38,Royal Free Hospital,7.19,North Middlesex,3.98,Homerton University,3.38
N156LL,51.576847,-0.068806,North,Homerton University,3.29,Royal Free Hospital,7.18,North Middlesex,4.06,Homerton University,3.29
N156LN,51.575896,-0.070535,North,Homerton University,3.26,Royal Free Hospital,7.03,North Middlesex,4.16,Homerton University,3.26
N156LP,51.576805,-0.070049,North,Homerton University,3.33,Royal Free Hospital,7.09,North Middlesex,4.06,Homerton University,3.33
N156LQ,51.577693,-0.070459,North,Homerton University,3.43,Royal Free Hospital,7.11,North Middlesex,3.96,Homerton University,3.43
N156LR,51.576362,-0.071569,North,Homerton University,3.34,Royal Free Hospital,6.98,North Middlesex,4.11,Homerton University,3.34
N156LS,51.576158,-0.072284,North,Homerton University,3.35,Royal Free Hospital,6.92,North Middlesex,4.13,Homerton University,3.35
N156LT,51.576016,-0.072897,North,Homerton University,3.36,Royal Free Hospital,6.88,North Middlesex,4.15,Homerton University,3.36
N156LU,51.57593,-0.074257,North,Homerton University,3.4,Royal Free Hospital,6.79,North Middlesex,4.16,Homerton University,3.4
N156LW,51.575664,-0.073388,North,Homerton University,3.34,Royal Free Hospital,6.83,North Middlesex,4.19,Homerton University,3.34
N156LX,51.575504,-0.074621,North,Homerton University,3.38,Royal Free Hospital,6.75,North Middlesex,4.2,Homerton University,3.38
N156LY,51.576653,-0.072307,North,Homerton University,3.39,Royal Free Hospital,6.94,North Middlesex,4.08,Homerton University,3.39
N156LZ,51.575943,-0.073419,North,Homerton University,3.37,Royal Free Hospital,6.84,North Middlesex,4.15,Homerton University,3.37
N156NA,51.574757,-0.0751,North,Homerton University,3.33,Royal Free Hospital,6.69,North Middlesex,4.29,Homerton University,3.33
N156NB,51.576199,-0.074736,North,Homerton University,3.44,Royal Free Hospital,6.77,North Middlesex,4.13,Homerton University,3.44
N156ND,51.576387,-0.07304,North,Homerton University,3.4,Royal Free Hospital,6.89,North Middlesex,4.1,Homerton University,3.4
N156NE,51.577733,-0.075638,North,Homerton University,3.62,Royal Free Hospital,6.78,North Middlesex,3.96,Homerton University,3.62
N156NF,51.576956,-0.074329,North,Homerton University,3.5,Royal Free Hospital,6.83,North Middlesex,4.04,Homerton University,3.5
N156NG,51.577243,-0.074822,North,Homerton University,3.54,Royal Free Hospital,6.81,North Middlesex,4.01,Homerton University,3.54
N156NH,51.577038,-0.075985,North,Homerton University,3.57,Royal Free Hospital,6.72,North Middlesex,4.04,Homerton University,3.57
N156NJ,51.577634,-0.076711,North,Homerton University,3.65,Royal Free Hospital,6.71,North Middlesex,3.97,Homerton University,3.65
N156NL,51.577079,-0.076864,North,Homerton University,3.61,Royal Free Hospital,6.67,North Middlesex,4.04,Homerton University,3.61
N156NQ,51.577733,-0.075638,North,Homerton University,3.62,Royal Free Hospital,6.78,North Middlesex,3.96,Homerton University,3.62
N156NR,51.57672,-0.076345,North,Homerton University,3.56,Royal Free Hospital,6.69,North Middlesex,4.07,Homerton University,3.56
N156NS,51.576434,-0.076992,North,Homerton University,3.56,Royal Free Hospital,6.63,North Middlesex,4.11,Homerton University,3.56
N156NT,51.576783,-0.077454,North,Homerton University,3.61,Royal Free Hospital,6.62,North Middlesex,4.07,Homerton University,3.61
N156NU,51.577882,-0.081997,North,Homerton University,3.9,Royal Free Hospital,6.38,North Middlesex,3.99,Homerton University,3.9
N156NW,51.578103,-0.078423,North,Homerton University,3.77,Royal Free Hospital,6.62,North Middlesex,3.93,Homerton University,3.77
N156NZ,51.577812,-0.07767,North,Homerton University,3.71,Royal Free Hospital,6.65,North Middlesex,3.96,Homerton University,3.71
N156PA,51.578178,-0.079199,North,Homerton University,3.8,Royal Free Hospital,6.57,North Middlesex,3.93,Homerton University,3.8
N156PB,51.578178,-0.079199,North,Homerton University,3.8,Royal Free Hospital,6.57,North Middlesex,3.93,Homerton University,3.8
N156PD,51.577733,-0.075638,North,Homerton University,3.62,Royal Free Hospital,6.78,North Middlesex,3.96,Homerton University,3.62
N156PH,51.576422,-0.075751,North,Homerton University,3.51,Royal Free Hospital,6.71,North Middlesex,4.11,Homerton University,3.51
N156PJ,51.576222,-0.076684,North,Homerton University,3.53,Royal Free Hospital,6.65,North Middlesex,4.13,Homerton University,3.53
N156PL,51.575972,-0.077387,North,Homerton University,3.53,Royal Free Hospital,6.59,North Middlesex,4.16,Homerton University,3.53
N156PP,51.575639,-0.076232,North,Homerton University,3.46,Royal Free Hospital,6.65,North Middlesex,4.19,Homerton University,3.46
N156PQ,51.576913,-0.077708,North,Homerton University,3.63,Royal Free Hospital,6.61,North Middlesex,4.06,Homerton University,3.63
N156PR,51.575632,-0.077444,North,Homerton University,3.51,Royal Free Hospital,6.57,North Middlesex,4.2,Homerton University,3.51
N156PS,51.575945,-0.079567,North,Homerton University,3.62,Royal Free Hospital,6.45,North Middlesex,4.18,Homerton University,3.62
N156PT,51.575305,-0.077271,North,Homerton University,3.47,Royal Free Hospital,6.57,North Middlesex,4.24,Homerton University,3.47
N156PU,51.5758,-0.080612,North,Homerton University,3.66,Royal Free Hospital,6.38,North Middlesex,4.2,Homerton University,3.66
N156PX,51.57562,-0.079465,North,Homerton University,3.59,Royal Free Hospital,6.44,North Middlesex,4.21,Homerton University,3.59
N156PY,51.57534,-0.077731,North,Homerton University,3.49,Royal Free Hospital,6.54,North Middlesex,4.23,Homerton University,3.49
N156PZ,51.575503,-0.079499,North,Homerton University,3.58,Royal Free Hospital,6.43,North Middlesex,4.23,Homerton University,3.58
N156QA,51.576439,-0.079503,North,Homerton University,3.66,Royal Free Hospital,6.48,North Middlesex,4.12,Homerton University,3.66
N156QB,51.576706,-0.079896,North,Homerton University,3.7,Royal Free Hospital,6.46,North Middlesex,4.1,Homerton University,3.7
N156QD,51.576039,-0.080905,North,Homerton University,3.69,Royal Free Hospital,6.37,North Middlesex,4.18,Homerton University,3.69
N156QE,51.576085,-0.082072,North,Homerton University,3.75,Royal Free Hospital,6.3,Whittington Hospital,4.16,Homerton University,3.75
N156QH,51.576748,-0.080789,North,Homerton University,3.75,Royal Free Hospital,6.41,North Middlesex,4.1,Homerton University,3.75
N156QJ,51.576756,-0.081294,North,Homerton University,3.77,Royal Free Hospital,6.38,North Middlesex,4.1,Homerton University,3.77
N156QL,51.576422,-0.081784,North,Homerton University,3.76,Royal Free Hospital,6.33,North Middlesex,4.15,Homerton University,3.76
N156QN,51.577693,-0.081384,North,Homerton University,3.85,Royal Free Hospital,6.41,North Middlesex,4.0,Homerton University,3.85
N156QP,51.577093,-0.081554,North,Homerton University,3.81,Royal Free Hospital,6.38,North Middlesex,4.07,Homerton University,3.81
N156QR,51.578191,-0.081089,North,Homerton University,3.88,Royal Free Hospital,6.46,North Middlesex,3.94,Homerton University,3.88
N156QS,51.578191,-0.081089,North,Homerton University,3.88,Royal Free Hospital,6.46,North Middlesex,3.94,Homerton University,3.88
N156RA,51.575263,-0.085109,North,Homerton University,3.83,Royal Free Hospital,6.07,Whittington Hospital,3.94,Homerton University,3.83
N156RB,51.574359,-0.086474,North,Homerton University,3.82,Royal Free Hospital,5.94,Whittington Hospital,3.82,Homerton University,3.82
N156RD,51.575848,-0.085156,North,Homerton University,3.87,Royal Free Hospital,6.09,Whittington Hospital,3.95,Homerton University,3.87
N156RW,51.577733,-0.075638,North,Homerton University,3.62,Royal Free Hospital,6.78,North Middlesex,3.96,Homerton University,3.62
N156SG,51.577031,-0.084919,North,Homerton University,3.96,Royal Free Hospital,6.16,Whittington Hospital,4.0,Homerton University,3.96
N156SH,51.577264,-0.08488,North,Homerton University,3.98,Royal Free Hospital,6.18,Whittington Hospital,4.01,Homerton University,3.98
N156SJ,51.577663,-0.084503,North,Homerton University,3.99,Royal Free Hospital,6.22,North Middlesex,4.04,Homerton University,3.99
N156SL,51.57791,-0.084233,North,Homerton University,4.0,Royal Free Hospital,6.25,North Middlesex,4.01,Homerton University,4.0
N156SP,51.577464,-0.083905,North,Homerton University,3.95,Royal Free Hospital,6.25,North Middlesex,4.06,Homerton University,3.95
N156SQ,51.577959,-0.083379,North,Homerton University,3.97,Royal Free Hospital,6.3,North Middlesex,3.99,Homerton University,3.97
N156SU,51.577733,-0.075638,North,Homerton University,3.62,Royal Free Hospital,6.78,North Middlesex,3.96,Homerton University,3.62
N156SW,51.576936,-0.084634,North,Homerton University,3.94,Royal Free Hospital,6.18,Whittington Hospital,4.02,Homerton University,3.94
N156TA,51.578422,-0.071583,North,Homerton University,3.54,Royal Free Hospital,7.07,North Middlesex,3.88,Homerton University,3.54
N156TB,51.578132,-0.071465,North,Homerton University,3.51,Royal Free Hospital,7.06,North Middlesex,3.91,Homerton University,3.51
N156TD,51.578665,-0.068325,North,Homerton University,3.46,Royal Free Hospital,7.28,North Middlesex,3.86,Homerton University,3.46
N156TE,51.577733,-0.075638,North,Homerton University,3.62,Royal Free Hospital,6.78,North Middlesex,3.96,Homerton University,3.62
N156TH,51.579106,-0.065607,North,Homerton University,3.42,Royal Free Hospital,7.48,North Middlesex,3.84,Homerton University,3.42
N156TJ,51.579345,-0.065929,North,Homerton University,3.45,Royal Free Hospital,7.46,North Middlesex,3.81,Homerton University,3.45
N156TL,51.578936,-0.068386,North,Homerton University,3.48,Royal Free Hospital,7.29,North Middlesex,3.83,Homerton University,3.48
N156TP,51.578687,-0.069652,North,Homerton University,3.5,Royal Free Hospital,7.2,North Middlesex,3.86,Homerton University,3.5
N156TR,51.57972,-0.070128,North,Homerton University,3.62,Royal Free Hospital,7.22,North Middlesex,3.74,Homerton University,3.62
N156TS,51.57951,-0.070483,North,Homerton University,3.61,Royal Free Hospital,7.18,North Middlesex,3.76,Homerton University,3.61
N156TT,51.578686,-0.070143,North,Homerton University,3.51,Royal Free Hospital,7.17,North Middlesex,3.85,Homerton University,3.51
N156TU,51.578421,-0.068263,North,Homerton University,3.43,Royal Free Hospital,7.28,North Middlesex,3.89,Homerton University,3.43
N156TW,51.577724,-0.075639,North,Homerton University,3.62,Royal Free Hospital,6.78,North Middlesex,3.96,Homerton University,3.62
N156TX,51.578889,-0.065559,North,Homerton University,3.4,Royal Free Hospital,7.47,North Middlesex,3.86,Homerton University,3.4
N156UA,51.578581,-0.065427,North,Homerton University,3.36,Royal Free Hospital,7.46,North Middlesex,3.9,Homerton University,3.36
N156UB,51.578115,-0.068204,North,Homerton University,3.4,Royal Free Hospital,7.27,North Middlesex,3.93,Homerton University,3.4
N156UD,51.577595,-0.071589,North,Homerton University,3.46,Royal Free Hospital,7.03,North Middlesex,3.97,Homerton University,3.46
N156UE,51.579222,-0.071592,North,Homerton University,3.62,Royal Free Hospital,7.1,North Middlesex,3.79,Homerton University,3.62
N156UF,51.579546,-0.071578,North,Homerton University,3.65,Royal Free Hospital,7.12,North Middlesex,3.75,Homerton University,3.65
N156UG,51.579946,-0.069093,North,Homerton University,3.61,Royal Free Hospital,7.29,North Middlesex,3.72,Homerton University,3.61
N156UH,51.577974,-0.07114,North,Homerton University,3.48,Royal Free Hospital,7.07,North Middlesex,3.93,Homerton University,3.48
N156UN,51.579662,-0.067676,North,Homerton University,3.54,Royal Free Hospital,7.37,North Middlesex,3.76,Homerton University,3.54
N156UQ,51.579718,-0.068944,North,Homerton University,3.58,Royal Free Hospital,7.29,North Middlesex,3.74,Homerton University,3.58
N156US,51.580802,-0.065925,North,Homerton University,3.6,Royal Free Hospital,7.53,North Middlesex,3.65,Homerton University,3.6
N156UT,51.579825,-0.07161,North,Homerton University,3.67,Royal Free Hospital,7.13,North Middlesex,3.72,Homerton University,3.67
N156UU,51.580261,-0.069138,North,Homerton University,3.64,Royal Free Hospital,7.3,North Middlesex,3.68,Homerton University,3.64
N156UW,51.578657,-0.067272,North,Homerton University,3.42,Royal Free Hospital,7.35,North Middlesex,3.87,Homerton University,3.42
N156UX,51.580558,-0.066441,North,Homerton University,3.59,Royal Free Hospital,7.49,North Middlesex,3.67,Homerton University,3.59
N156UY,51.579319,-0.06707,North,Homerton University,3.48,Royal Free Hospital,7.39,North Middlesex,3.8,Homerton University,3.48
N156UZ,51.580295,-0.067938,North,Homerton University,3.61,Royal Free Hospital,7.38,North Middlesex,3.69,Homerton University,3.61
N156WD,51.577733,-0.075638,North,Homerton University,3.62,Royal Free Hospital,6.78,North Middlesex,3.96,Homerton University,3.62
N156WG,51.577733,-0.075638,North,Homerton University,3.62,Royal Free Hospital,6.78,North Middlesex,3.96,Homerton University,3.62
N156WH,51.577733,-0.075638,North,Homerton University,3.62,Royal Free Hospital,6.78,North Middlesex,3.96,Homerton University,3.62
N156WN,51.577733,-0.075638,North,Homerton University,3.62,Royal Free Hospital,6.78,North Middlesex,3.96,Homerton University,3.62
N156XE,51.576913,-0.077708,North,Homerton University,3.63,Royal Free Hospital,6.61,North Middlesex,4.06,Homerton University,3.63
N160AA,51.565966,-0.081401,North,Homerton University,2.96,Royal Free Hospital,5.98,Whittington Hospital,4.07,Homerton University,2.96
N160AB,51.565633,-0.080795,North,Homerton University,2.91,Royal Free Hospital,6.01,Whittington Hospital,4.11,Homerton University,2.91
N160AD,51.564836,-0.081016,North,Homerton University,2.87,Royal Free Hospital,5.98,Whittington Hospital,4.1,Homerton University,2.87
N160AE,51.562754,-0.078507,North,Homerton University,2.6,Royal Free Hospital,6.1,Whittington Hospital,4.29,Homerton University,2.6
N160AF,51.564581,-0.080262,North,Homerton University,2.81,Royal Free Hospital,6.02,Whittington Hospital,4.16,Homerton University,2.81
N160AG,51.565236,-0.080206,North,Homerton University,2.85,Royal Free Hospital,6.04,Whittington Hospital,4.16,Homerton University,2.85
N160AH,51.563421,-0.079748,North,Homerton University,2.71,Royal Free Hospital,6.03,Whittington Hospital,4.2,Homerton University,2.71
N160AJ,51.563421,-0.079171,North,Homerton University,2.68,Royal Free Hospital,6.07,Whittington Hospital,4.24,Homerton University,2.68
N160AL,51.562468,-0.07862,North,Homerton University,2.59,Royal Free Hospital,6.09,Whittington Hospital,4.29,Homerton University,2.59
N160AN,51.564727,-0.087571,North,Homerton University,3.25,Royal Free Hospital,5.53,Whittington Hospital,3.65,Homerton University,3.25
N160AP,51.562427,-0.078318,North,Homerton University,2.57,Royal Free Hospital,6.11,Whittington Hospital,4.31,Homerton University,2.57
N160AQ,51.566326,-0.080867,North,Homerton University,2.95,Royal Free Hospital,6.02,Whittington Hospital,4.11,Homerton University,2.95
N160AR,51.562056,-0.076531,North,Homerton University,2.44,Royal Free Hospital,6.22,Whittington Hospital,4.44,Homerton University,2.44
N160AS,51.562065,-0.078175,North,Homerton University,2.54,Royal Free Hospital,6.11,Whittington Hospital,4.32,Homerton University,2.54
N160AT,51.56211,-0.080929,North,Homerton University,2.71,Royal Free Hospital,5.92,Whittington Hospital,4.13,Homerton University,2.71
N160AU,51.56166,-0.079793,North,Homerton University,2.62,Royal Free Hospital,5.99,Whittington Hospital,4.22,Homerton University,2.62
N160AW,51.570061,-0.077189,North,Homerton University,3.03,Royal Free Hospital,6.38,Whittington Hospital,4.38,Homerton University,3.03
N160AX,51.570061,-0.077189,North,Homerton University,3.03,Royal Free Hospital,6.38,Whittington Hospital,4.38,Homerton University,3.03
N160AY,51.561993,-0.07763,North,Homerton University,2.5,Royal Free Hospital,6.15,Whittington Hospital,4.36,Homerton University,2.5
N160AZ,51.570061,-0.077189,North,Homerton University,3.03,Royal Free Hospital,6.38,Whittington Hospital,4.38,Homerton University,3.03
N160BA,51.563355,-0.080068,North,Homerton University,2.73,Royal Free Hospital,6.01,Whittington Hospital,4.18,Homerton University,2.73
N160BB,51.564555,-0.081432,North,Homerton University,2.88,Royal Free Hospital,5.94,Whittington Hospital,4.07,Homerton University,2.88
N160BD,51.562797,-0.080063,North,Homerton University,2.69,Royal Free Hospital,6.0,Whittington Hospital,4.18,Homerton University,2.69
N160BE,51.563637,-0.081369,North,Homerton University,2.82,Royal Free Hospital,5.92,Whittington Hospital,4.09,Homerton University,2.82
N160BF,51.563977,-0.08678,North,Homerton University,3.17,Royal Free Hospital,5.57,Whittington Hospital,3.71,Homerton University,3.17
N160BG,51.564407,-0.081149,North,Homerton University,2.85,Royal Free Hospital,5.96,Whittington Hospital,4.1,Homerton University,2.85
N160BH,51.564137,-0.081695,North,Homerton University,2.87,Royal Free Hospital,5.91,Whittington Hospital,4.06,Homerton University,2.87
N160BJ,51.563244,-0.073898,North,Homerton University,2.36,Royal Free Hospital,6.42,Whittington Hospital,4.6,Homerton University,2.36
N160BL,51.565394,-0.082666,North,Homerton University,3.0,Royal Free Hospital,5.88,Whittington Hospital,3.99,Homerton University,3.0
N160BN,51.56271,-0.080774,North,Homerton University,2.73,Royal Free Hospital,5.95,Whittington Hospital,4.14,Homerton University,2.73
N160BP,51.565301,-0.082526,North,Homerton University,2.98,Royal Free Hospital,5.89,Whittington Hospital,4.0,Homerton University,2.98
N160BQ,51.565708,-0.082653,North,Homerton University,3.02,Royal Free Hospital,5.89,Whittington Hospital,3.99,Homerton University,3.02
N160BS,51.564403,-0.082564,North,Homerton University,2.93,Royal Free Hospital,5.86,Whittington Hospital,4.0,Homerton University,2.93
N160BT,51.565173,-0.081839,North,Homerton University,2.94,Royal Free Hospital,5.93,Whittington Hospital,4.04,Homerton University,2.94
N160BU,51.562336,-0.079909,North,Homerton University,2.66,Royal Free Hospital,6.0,Whittington Hospital,4.2,Homerton University,2.66
N160BW,51.570061,-0.077189,North,Homerton University,3.03,Royal Free Hospital,6.38,Whittington Hospital,4.38,Homerton University,3.03
N160BX,51.570061,-0.077189,North,Homerton University,3.03,Royal Free Hospital,6.38,Whittington Hospital,4.38,Homerton University,3.03
N160BY,51.570061,-0.077189,North,Homerton University,3.03,Royal Free Hospital,6.38,Whittington Hospital,4.38,Homerton University,3.03
N160BZ,51.561816,-0.080566,North,Homerton University,2.67,Royal Free Hospital,5.94,Whittington Hospital,4.16,Homerton University,2.67
N160DA,51.560706,-0.074827,North,Homerton University,2.27,Royal Free Hospital,6.32,Whittington Hospital,4.57,Homerton University,2.27
N160DB,51.559413,-0.074925,North,Homerton University,2.2,Royal Free Hospital,6.29,Whittington Hospital,4.59,Homerton University,2.2
N160DD,51.559603,-0.075566,North,Homerton University,2.25,Royal Free Hospital,6.25,Whittington Hospital,4.54,Homerton University,2.25
N160DE,51.560614,-0.074168,North,Homerton University,2.22,Royal Free Hospital,6.36,Whittington Hospital,4.62,Homerton University,2.22
N160DJ,51.559119,-0.07677,North,Homerton University,2.31,Royal Free Hospital,6.16,Whittington Hospital,4.47,Homerton University,2.31
N160DL,51.558797,-0.07687,North,Homerton University,2.3,Royal Free Hospital,6.15,Whittington Hospital,4.47,Homerton University,2.3
N160DN,51.561816,-0.080566,North,Homerton University,2.67,Royal Free Hospital,5.94,Whittington Hospital,4.16,Homerton University,2.67
N160DP,51.559191,-0.077286,North,Homerton University,2.34,Royal Free Hospital,6.13,Whittington Hospital,4.43,Homerton University,2.34
N160DQ,51.558916,-0.077023,North,Homerton University,2.31,Royal Free Hospital,6.14,Whittington Hospital,4.45,Homerton University,2.31
N160DR,51.559359,-0.077697,North,Homerton University,2.38,Royal Free Hospital,6.1,Whittington Hospital,4.4,Homerton University,2.38
N160DS,51.559911,-0.077357,North,Homerton University,2.38,Royal Free Hospital,6.13,Whittington Hospital,4.41,Homerton University,2.38
N160DT,51.560001,-0.076285,North,Homerton University,2.32,Royal Free Hospital,6.21,Whittington Hospital,4.48,Homerton University,2.32
N160DU,51.559705,-0.076298,North,Homerton University,2.3,Royal Free Hospital,6.2,Whittington Hospital,4.49,Homerton University,2.3
N160DW,51.558041,-0.078503,North,Homerton University,2.37,Royal Free Hospital,6.03,Whittington Hospital,4.37,Homerton University,2.37
N160DX,51.560408,-0.07533,North,Homerton University,2.28,Royal Free Hospital,6.28,Whittington Hospital,4.54,Homerton University,2.28
N160DY,51.570061,-0.077189,North,Homerton University,3.03,Royal Free Hospital,6.38,Whittington Hospital,4.38,Homerton University,3.03
N160DZ,51.570061,-0.077189,North,Homerton University,3.03,Royal Free Hospital,6.38,Whittington Hospital,4.38,Homerton University,3.03
N160EA,51.560344,-0.076343,North,Homerton University,2.34,Royal Free Hospital,6.21,Whittington Hospital,4.47,Homerton University,2.34
N160EB,51.560017,-0.078362,North,Homerton University,2.45,Royal Free Hospital,6.06,Whittington Hospital,4.34,Homerton University,2.45
N160ED,51.560203,-0.078686,North,Homerton University,2.48,Royal Free Hospital,6.05,Whittington Hospital,4.32,Homerton University,2.48
N160EE,51.560737,-0.078389,North,Homerton University,2.48,Royal Free Hospital,6.07,Whittington Hospital,4.33,Homerton University,2.48
N160EF,51.561761,-0.078822,North,Homerton University,2.56,Royal Free Hospital,6.06,Whittington Hospital,4.28,Homerton University,2.56
N160EG,51.561327,-0.078711,North,Homerton University,2.53,Royal Free Hospital,6.06,Whittington Hospital,4.3,Homerton University,2.53
N160EH,51.560542,-0.079119,North,Homerton University,2.52,Royal Free Hospital,6.02,Whittington Hospital,4.28,Homerton University,2.52
N160EJ,51.561002,-0.079172,North,Homerton University,2.55,Royal Free Hospital,6.02,Whittington Hospital,4.27,Homerton University,2.55
N160EL,51.561379,-0.079156,North,Homerton University,2.56,Royal Free Hospital,6.03,Whittington Hospital,4.26,Homerton University,2.56
N160EN,51.56175,-0.078188,North,Homerton University,2.52,Royal Free Hospital,6.1,Whittington Hospital,4.33,Homerton University,2.52
N160EP,51.561729,-0.079084,North,Homerton University,2.58,Royal Free Hospital,6.04,Whittington Hospital,4.26,Homerton University,2.58
N160ER,51.560967,-0.078697,North,Homerton University,2.52,Royal Free Hospital,6.06,Whittington Hospital,4.3,Homerton University,2.52
N160ES,51.560862,-0.077778,North,Homerton University,2.45,Royal Free Hospital,6.12,Whittington Hospital,4.37,Homerton University,2.45
N160ET,51.560969,-0.078235,North,Homerton University,2.49,Royal Free Hospital,6.09,Whittington Hospital,4.33,Homerton University,2.49
N160EU,51.560417,-0.077494,North,Homerton University,2.41,Royal Free Hospital,6.13,Whittington Hospital,4.39,Homerton University,2.41
N160EW,51.570087,-0.077101,North,Homerton University,3.03,Royal Free Hospital,6.39,Whittington Hospital,4.39,Homerton University,3.03
N160EX,51.560631,-0.076273,North,Homerton University,2.35,Royal Free Hospital,6.22,Whittington Hospital,4.47,Homerton University,2.35
N160HA,51.560991,-0.075219,North,Homerton University,2.3,Royal Free Hospital,6.29,Whittington Hospital,4.54,Homerton University,2.3
N160HB,51.570061,-0.077189,North,Homerton University,3.03,Royal Free Hospital,6.38,Whittington Hospital,4.38,Homerton University,3.03
N160HH,51.564561,-0.086756,North,Homerton University,3.19,Royal Free Hospital,5.58,Whittington Hospital,3.71,Homerton University,3.19
N160HJ,51.564206,-0.086468,North,Homerton University,3.16,Royal Free Hospital,5.59,Whittington Hospital,3.73,Homerton University,3.16
N160HL,51.564357,-0.087486,North,Homerton University,3.23,Royal Free Hospital,5.53,Whittington Hospital,3.66,Homerton University,3.23
N160HP,51.563962,-0.089147,North,Homerton University,3.31,Royal Free Hospital,5.41,Whittington Hospital,3.55,Homerton University,3.31
N160HQ,51.561897,-0.080548,North,Homerton University,2.68,Royal Free Hospital,5.95,Whittington Hospital,4.16,Homerton University,2.68
N160HR,51.56396,-0.08681,North,Homerton University,3.17,Royal Free Hospital,5.56,Whittington Hospital,3.71,Homerton University,3.17
N160HS,51.564115,-0.085331,North,Homerton University,3.08,Royal Free Hospital,5.67,Whittington Hospital,3.81,Homerton University,3.08
N160HT,51.564172,-0.08494,North,Homerton University,3.06,Royal Free Hospital,5.69,Whittington Hospital,3.84,Homerton University,3.06
N160HU,51.563725,-0.085117,North,Homerton University,3.05,Royal Free Hospital,5.67,Whittington Hospital,3.83,Homerton University,3.05
N160HX,51.563176,-0.085068,North,Homerton University,3.02,Royal Free Hospital,5.66,Whittington Hospital,3.84,Homerton University,3.02
N160HY,51.563093,-0.084956,North,Homerton University,3.01,Royal Free Hospital,5.67,Whittington Hospital,3.84,Homerton University,3.01
N160HZ,51.563938,-0.084401,North,Homerton University,3.02,Royal Free Hospital,5.73,Whittington Hospital,3.87,Homerton University,3.02
N160JA,51.561934,-0.08336,North,Homerton University,2.85,Royal Free Hospital,5.75,Whittington Hospital,3.97,Homerton University,2.85
N160JB,51.562286,-0.083475,North,Homerton University,2.88,Royal Free Hospital,5.75,Whittington Hospital,3.96,Homerton University,2.88
N160JD,51.562444,-0.081564,North,Homerton University,2.77,Royal Free Hospital,5.89,Whittington Hospital,4.08,Homerton University,2.77
N160JE,51.562405,-0.081912,North,Homerton University,2.79,Royal Free Hospital,5.86,Whittington Hospital,4.06,Homerton University,2.79
N160JH,51.562356,-0.08226,North,Homerton University,2.8,Royal Free Hospital,5.84,Whittington Hospital,4.04,Homerton University,2.8
N160JJ,51.561793,-0.082471,North,Homerton University,2.79,Royal Free Hospital,5.81,Whittington Hospital,4.03,Homerton University,2.79
N160JL,51.561672,-0.082188,North,Homerton University,2.77,Royal Free Hospital,5.83,Whittington Hospital,4.05,Homerton University,2.77
N160JR,51.561501,-0.083825,North,Homerton University,2.86,Royal Free Hospital,5.71,Whittington Hospital,3.94,Homerton University,2.86
N160JS,51.561619,-0.082796,North,Homerton University,2.8,Royal Free Hospital,5.79,Whittington Hospital,4.01,Homerton University,2.8
N160JT,51.56209,-0.081925,North,Homerton University,2.77,Royal Free Hospital,5.85,Whittington Hospital,4.06,Homerton University,2.77
N160JU,51.561959,-0.081079,North,Homerton University,2.71,Royal Free Hospital,5.91,Whittington Hospital,4.12,Homerton University,2.71
N160JX,51.562228,-0.080433,North,Homerton University,2.69,Royal Free Hospital,5.96,Whittington Hospital,4.17,Homerton University,2.69
N160JY,51.561683,-0.081235,North,Homerton University,2.71,Royal Free Hospital,5.89,Whittington Hospital,4.12,Homerton University,2.71
N160LA,51.562278,-0.079118,North,Homerton University,2.61,Royal Free Hospital,6.05,Whittington Hospital,4.26,Homerton University,2.61
N160LG,51.561683,-0.081235,North,Homerton University,2.71,Royal Free Hospital,5.89,Whittington Hospital,4.12,Homerton University,2.71
N160LH,51.56275,-0.073904,North,Homerton University,2.33,Royal Free Hospital,6.41,Whittington Hospital,4.61,Homerton University,2.33
N160LL,51.570061,-0.077189,North,Homerton University,3.03,Royal Free Hospital,6.38,Whittington Hospital,4.38,Homerton University,3.03
N160LN,51.562678,-0.07447,North,Homerton University,2.36,Royal Free Hospital,6.37,Whittington Hospital,4.57,Homerton University,2.36
N160LP,51.561897,-0.080548,North,Homerton University,2.68,Royal Free Hospital,5.95,Whittington Hospital,4.16,Homerton University,2.68
N160LQ,51.562423,-0.074784,North,Homerton University,2.36,Royal Free Hospital,6.35,Whittington Hospital,4.55,Homerton University,2.36
N160LR,51.560832,-0.084156,North,Homerton University,2.85,Royal Free Hospital,5.68,Whittington Hospital,3.93,Homerton University,2.85
N160LS,51.560832,-0.084156,North,Homerton University,2.85,Royal Free Hospital,5.68,Whittington Hospital,3.93,Homerton University,2.85
N160LT,51.562278,-0.079104,North,Homerton University,2.61,Royal Free Hospital,6.05,Whittington Hospital,4.26,Homerton University,2.61
N160LU,51.56219,-0.074822,North,Homerton University,2.35,Royal Free Hospital,6.34,Whittington Hospital,4.55,Homerton University,2.35
N160LW,51.563244,-0.073898,North,Homerton University,2.36,Royal Free Hospital,6.42,Whittington Hospital,4.6,Homerton University,2.36
N160LX,51.56226,-0.075296,North,Homerton University,2.38,Royal Free Hospital,6.31,Whittington Hospital,4.52,Homerton University,2.38
N160LY,51.562607,-0.075079,North,Homerton University,2.39,Royal Free Hospital,6.33,Whittington Hospital,4.53,Homerton University,2.39
N160LZ,51.561589,-0.075468,North,Homerton University,2.35,Royal Free Hospital,6.29,Whittington Hospital,4.51,Homerton University,2.35
N160NA,51.562579,-0.075542,North,Homerton University,2.41,Royal Free Hospital,6.3,Whittington Hospital,4.5,Homerton University,2.41
N160NB,51.562319,-0.076144,North,Homerton University,2.43,Royal Free Hospital,6.25,Whittington Hospital,4.46,Homerton University,2.43
N160ND,51.562626,-0.076232,North,Homerton University,2.46,Royal Free Hospital,6.25,Whittington Hospital,4.45,Homerton University,2.46
N160NE,51.562511,-0.076872,North,Homerton University,2.49,Royal Free Hospital,6.21,Whittington Hospital,4.41,Homerton University,2.49
N160NF,51.561638,-0.07411,North,Homerton University,2.27,Royal Free Hospital,6.38,Whittington Hospital,4.61,Homerton University,2.27
N160NH,51.561799,-0.077335,North,Homerton University,2.48,Royal Free Hospital,6.16,Whittington Hospital,4.38,Homerton University,2.48
N160NJ,51.561552,-0.077605,North,Homerton University,2.48,Royal Free Hospital,6.14,Whittington Hospital,4.37,Homerton University,2.48
N160NL,51.561286,-0.077833,North,Homerton University,2.48,Royal Free Hospital,6.12,Whittington Hospital,4.36,Homerton University,2.48
N160NP,51.560927,-0.077372,North,Homerton University,2.43,Royal Free Hospital,6.15,Whittington Hospital,4.39,Homerton University,2.43
N160NR,51.56115,-0.076136,North,Homerton University,2.37,Royal Free Hospital,6.23,Whittington Hospital,4.47,Homerton University,2.37
N160NS,51.561446,-0.076066,North,Homerton University,2.38,Royal Free Hospital,6.24,Whittington Hospital,4.48,Homerton University,2.38
N160NT,51.561764,-0.076846,North,Homerton University,2.44,Royal Free Hospital,6.2,Whittington Hospital,4.42,Homerton University,2.44
N160NU,51.561808,-0.076252,North,Homerton University,2.41,Royal Free Hospital,6.24,Whittington Hospital,4.46,Homerton University,2.41
N160NW,51.561612,-0.07691,North,Homerton University,2.44,Royal Free Hospital,6.19,Whittington Hospital,4.42,Homerton University,2.44
N160NX,51.561805,-0.074925,North,Homerton University,2.33,Royal Free Hospital,6.33,Whittington Hospital,4.55,Homerton University,2.33
N160NY,51.561325,-0.07421,North,Homerton University,2.26,Royal Free Hospital,6.37,Whittington Hospital,4.6,Homerton University,2.26
N160NZ,51.561816,-0.080566,North,Homerton University,2.67,Royal Free Hospital,5.94,Whittington Hospital,4.16,Homerton University,2.67
N160PA,51.560875,-0.074171,North,Homerton University,2.23,Royal Free Hospital,6.36,Whittington Hospital,4.61,Homerton University,2.23
N160PB,51.560231,-0.074414,North,Homerton University,2.21,Royal Free Hospital,6.34,Whittington Hospital,4.61,Homerton University,2.21
N160PD,51.560666,-0.074064,North,Homerton University,2.22,Royal Free Hospital,6.37,Whittington Hospital,4.62,Homerton University,2.22
N160PE,51.561842,-0.073899,North,Homerton University,2.27,Royal Free Hospital,6.4,Whittington Hospital,4.62,Homerton University,2.27
N160PG,51.560821,-0.074159,North,Homerton University,2.23,Royal Free Hospital,6.36,Whittington Hospital,4.62,Homerton University,2.23
N160PH,51.560238,-0.074284,North,Homerton University,2.21,Royal Free Hospital,6.35,Whittington Hospital,4.62,Homerton University,2.21
N160PJ,51.560677,-0.07415,North,Homerton University,2.22,Royal Free Hospital,6.36,Whittington Hospital,4.62,Homerton University,2.22
N160PL,51.559791,-0.075544,North,Homerton University,2.26,Royal Free Hospital,6.26,Whittington Hospital,4.54,Homerton University,2.26
N160PP,51.562239,-0.08114,North,Homerton University,2.73,Royal Free Hospital,5.91,Whittington Hospital,4.12,Homerton University,2.73
N160PR,51.562763,-0.082402,North,Homerton University,2.83,Royal Free Hospital,5.84,Whittington Hospital,4.02,Homerton University,2.83
N160PS,51.562755,-0.082994,North,Homerton University,2.87,Royal Free Hospital,5.8,Whittington Hospital,3.98,Homerton University,2.87
N160PT,51.563036,-0.082563,North,Homerton University,2.86,Royal Free Hospital,5.83,Whittington Hospital,4.01,Homerton University,2.86
N160PU,51.562246,-0.08378,North,Homerton University,2.89,Royal Free Hospital,5.73,Whittington Hospital,3.94,Homerton University,2.89
N160PW,51.570061,-0.077189,North,Homerton University,3.03,Royal Free Hospital,6.38,Whittington Hospital,4.38,Homerton University,3.03
N160PX,51.562565,-0.083492,North,Homerton University,2.89,Royal Free Hospital,5.76,Whittington Hospital,3.95,Homerton University,2.89
N160PY,51.562629,-0.084081,North,Homerton University,2.93,Royal Free Hospital,5.72,Whittington Hospital,3.91,Homerton University,2.93
N160PZ,51.563348,-0.08294,North,Homerton University,2.9,Royal Free Hospital,5.81,Whittington Hospital,3.98,Homerton University,2.9
N160QA,51.563059,-0.083962,North,Homerton University,2.95,Royal Free Hospital,5.74,Whittington Hospital,3.91,Homerton University,2.95
N160QB,51.563474,-0.084045,North,Homerton University,2.97,Royal Free Hospital,5.74,Whittington Hospital,3.9,Homerton University,2.97
N160QD,51.563282,-0.0844,North,Homerton University,2.98,Royal Free Hospital,5.71,Whittington Hospital,3.88,Homerton University,2.98
N160QE,51.56334,-0.083575,North,Homerton University,2.94,Royal Free Hospital,5.77,Whittington Hospital,3.94,Homerton University,2.94
N160QF,51.563938,-0.084401,North,Homerton University,3.02,Royal Free Hospital,5.73,Whittington Hospital,3.87,Homerton University,3.02
N160QG,51.561897,-0.080548,North,Homerton University,2.68,Royal Free Hospital,5.95,Whittington Hospital,4.16,Homerton University,2.68
N160QH,51.56391,-0.083782,North,Homerton University,2.98,Royal Free Hospital,5.77,Whittington Hospital,3.92,Homerton University,2.98
N160QJ,51.564738,-0.084887,North,Homerton University,3.09,Royal Free Hospital,5.71,Whittington Hospital,3.84,Homerton University,3.09
N160QL,51.565236,-0.084044,North,Homerton University,3.07,Royal Free Hospital,5.78,Whittington Hospital,3.89,Homerton University,3.07
N160QN,51.570061,-0.077189,North,Homerton University,3.03,Royal Free Hospital,6.38,Whittington Hospital,4.38,Homerton University,3.03
N160QP,51.564196,-0.083106,North,Homerton University,2.95,Royal Free Hospital,5.82,Whittington Hospital,3.96,Homerton University,2.95
N160QQ,51.566436,-0.086489,North,Homerton University,3.28,Royal Free Hospital,5.65,Whittington Hospital,3.72,Homerton University,3.28
N160QR,51.563504,-0.082601,North,Homerton University,2.89,Royal Free Hospital,5.84,Whittington Hospital,4.0,Homerton University,2.89
N160QS,51.56348,-0.082227,North,Homerton University,2.86,Royal Free Hospital,5.86,Whittington Hospital,4.03,Homerton University,2.86
N160QT,51.562792,-0.081376,North,Homerton University,2.77,Royal Free Hospital,5.91,Whittington Hospital,4.09,Homerton University,2.77
N160QU,51.564923,-0.085759,North,Homerton University,3.15,Royal Free Hospital,5.66,Whittington Hospital,3.77,Homerton University,3.15
N160QW,51.566273,-0.085861,North,Homerton University,3.24,Royal Free Hospital,5.69,Whittington Hospital,3.76,Homerton University,3.24
N160QX,51.565196,-0.084868,North,Homerton University,3.12,Royal Free Hospital,5.72,Whittington Hospital,3.83,Homerton University,3.12
N160QY,51.566863,-0.085635,North,Homerton University,3.26,Royal Free Hospital,5.72,Whittington Hospital,3.78,Homerton University,3.26
N160RA,51.561816,-0.080003,North,Homerton University,2.64,Royal Free Hospital,5.98,Whittington Hospital,4.2,Homerton University,2.64
N160RB,51.561606,-0.079824,North,Homerton University,2.62,Royal Free Hospital,5.99,Whittington Hospital,4.22,Homerton University,2.62
N160RD,51.560961,-0.079967,North,Homerton University,2.59,Royal Free Hospital,5.97,Whittington Hospital,4.22,Homerton University,2.59
N160RE,51.560761,-0.079831,North,Homerton University,2.58,Royal Free Hospital,5.98,Whittington Hospital,4.23,Homerton University,2.58
N160RF,51.560256,-0.079751,North,Homerton University,2.55,Royal Free Hospital,5.97,Whittington Hospital,4.24,Homerton University,2.55
N160RH,51.560994,-0.080341,North,Homerton University,2.62,Royal Free Hospital,5.94,Whittington Hospital,4.19,Homerton University,2.62
N160RJ,51.560965,-0.079664,North,Homerton University,2.57,Royal Free Hospital,5.99,Whittington Hospital,4.24,Homerton University,2.57
N160RN,51.561816,-0.080566,North,Homerton University,2.67,Royal Free Hospital,5.94,Whittington Hospital,4.16,Homerton University,2.67
N160RP,51.559903,-0.079636,North,Homerton University,2.52,Royal Free Hospital,5.98,Whittington Hospital,4.26,Homerton University,2.52
N160RR,51.558807,-0.07912,North,Homerton University,2.44,Royal Free Hospital,6.0,Whittington Hospital,4.31,Homerton University,2.44
N160RS,51.558795,-0.079496,North,Homerton University,2.47,Royal Free Hospital,5.97,Whittington Hospital,4.29,Homerton University,2.47
N160RT,51.557786,-0.079394,North,Homerton University,2.42,Royal Free Hospital,5.97,Whittington Hospital,4.32,Homerton University,2.42
N160RU,51.557867,-0.07991,North,Homerton University,2.46,Royal Free Hospital,5.93,Whittington Hospital,4.28,Homerton University,2.46
N160RW,51.558964,-0.079907,North,Homerton University,2.5,Royal Free Hospital,5.95,Whittington Hospital,4.26,Homerton University,2.5
N160RX,51.558668,-0.079963,North,Homerton University,2.49,Royal Free Hospital,5.94,Whittington Hospital,4.26,Homerton University,2.49
N160SA,51.55863,-0.080383,North,Homerton University,2.52,Royal Free Hospital,5.91,Whittington Hospital,4.23,Homerton University,2.52
N160SB,51.559431,-0.080464,North,Homerton University,2.56,Royal Free Hospital,5.91,Whittington Hospital,4.21,Homerton University,2.56
N160SD,51.557936,-0.080844,North,Homerton University,2.52,Royal Free Hospital,5.87,Whittington Hospital,4.22,Homerton University,2.52
N160SE,51.558089,-0.081386,North,Homerton University,2.56,Royal Free Hospital,5.83,Whittington Hospital,4.18,Homerton University,2.56
N160SF,51.558112,-0.082828,North,Homerton University,2.66,Royal Free Hospital,5.73,Whittington Hospital,4.08,Homerton University,2.66
N160SG,51.558202,-0.08118,North,Homerton University,2.55,Royal Free Hospital,5.85,Whittington Hospital,4.19,Homerton University,2.55
N160SH,51.55861,-0.080816,North,Homerton University,2.55,Royal Free Hospital,5.88,Whittington Hospital,4.2,Homerton University,2.55
N160SJ,51.559421,-0.080926,North,Homerton University,2.59,Royal Free Hospital,5.88,Whittington Hospital,4.18,Homerton University,2.59
N160SL,51.559559,-0.080012,North,Homerton University,2.53,Royal Free Hospital,5.95,Whittington Hospital,4.24,Homerton University,2.53
N160SN,51.558089,-0.081386,North,Homerton University,2.56,Royal Free Hospital,5.83,Whittington Hospital,4.18,Homerton University,2.56
N160SP,51.55978,-0.080305,North,Homerton University,2.56,Royal Free Hospital,5.93,Whittington Hospital,4.21,Homerton University,2.56
N160SQ,51.558753,-0.081344,North,Homerton University,2.59,Royal Free Hospital,5.84,Whittington Hospital,4.17,Homerton University,2.59
N160SS,51.557646,-0.081246,North,Homerton University,2.54,Royal Free Hospital,5.84,Whittington Hospital,4.2,Homerton University,2.54
N160ST,51.557549,-0.079736,North,Homerton University,2.44,Royal Free Hospital,5.94,Whittington Hospital,4.3,Homerton University,2.44
N160SU,51.558961,-0.078666,North,Homerton University,2.42,Royal Free Hospital,6.03,Whittington Hospital,4.34,Homerton University,2.42
N160SX,51.559117,-0.07827,North,Homerton University,2.4,Royal Free Hospital,6.06,Whittington Hospital,4.37,Homerton University,2.4
N160SY,51.55894,-0.078465,North,Homerton University,2.41,Royal Free Hospital,6.04,Whittington Hospital,4.36,Homerton University,2.41
N160TA,51.561025,-0.08334,North,Homerton University,2.81,Royal Free Hospital,5.74,Whittington Hospital,3.98,Homerton University,2.81
N160TB,51.56046,-0.081792,North,Homerton University,2.68,Royal Free Hospital,5.84,Whittington Hospital,4.1,Homerton University,2.68
N160TD,51.560692,-0.082186,North,Homerton University,2.72,Royal Free Hospital,5.81,Whittington Hospital,4.07,Homerton University,2.72
N160TE,51.570061,-0.077189,North,Homerton University,3.03,Royal Free Hospital,6.38,Whittington Hospital,4.38,Homerton University,3.03
N160TG,51.561816,-0.080566,North,Homerton University,2.67,Royal Free Hospital,5.94,Whittington Hospital,4.16,Homerton University,2.67
N160TH,51.561077,-0.081549,North,Homerton University,2.7,Royal Free Hospital,5.86,Whittington Hospital,4.11,Homerton University,2.7
N160TJ,51.560494,-0.080521,North,Homerton University,2.61,Royal Free Hospital,5.92,Whittington Hospital,4.19,Homerton University,2.61
N160TL,51.560428,-0.080898,North,Homerton University,2.63,Royal Free Hospital,5.9,Whittington Hospital,4.16,Homerton University,2.63
N160TP,51.560324,-0.081177,North,Homerton University,2.64,Royal Free Hospital,5.88,Whittington Hospital,4.14,Homerton University,2.64
N160TR,51.560123,-0.081517,North,Homerton University,2.65,Royal Free Hospital,5.85,Whittington Hospital,4.12,Homerton University,2.65
N160TS,51.559631,-0.081668,North,Homerton University,2.64,Royal Free Hospital,5.83,Whittington Hospital,4.12,Homerton University,2.64
N160TT,51.559715,-0.081289,North,Homerton University,2.62,Royal Free Hospital,5.86,Whittington Hospital,4.15,Homerton University,2.62
N160TU,51.559969,-0.082,North,Homerton University,2.68,Royal Free Hospital,5.81,Whittington Hospital,4.09,Homerton University,2.68
N160TX,51.559998,-0.082648,North,Homerton University,2.72,Royal Free Hospital,5.77,Whittington Hospital,4.05,Homerton University,2.72
N160TZ,51.570061,-0.077189,North,Homerton University,3.03,Royal Free Hospital,6.38,Whittington Hospital,4.38,Homerton University,3.03
N160UA,51.559171,-0.08212,North,Homerton University,2.65,Royal Free Hospital,5.8,Whittington Hospital,4.1,Homerton University,2.65
N160UB,51.559314,-0.081508,North,Homerton University,2.62,Royal Free Hospital,5.84,Whittington Hospital,4.14,Homerton University,2.62
N160UD,51.561943,-0.079522,North,Homerton University,2.62,Royal Free Hospital,6.02,Whittington Hospital,4.23,Homerton University,2.62
N160UG,51.561363,-0.081436,North,Homerton University,2.7,Royal Free Hospital,5.88,Whittington Hospital,4.11,Homerton University,2.7
N160UH,51.561672,-0.081106,North,Homerton University,2.7,Royal Free Hospital,5.9,Whittington Hospital,4.13,Homerton University,2.7
N160UJ,51.561683,-0.081235,North,Homerton University,2.71,Royal Free Hospital,5.89,Whittington Hospital,4.12,Homerton University,2.71
N160UL,51.561142,-0.082758,North,Homerton University,2.78,Royal Free Hospital,5.78,Whittington Hospital,4.02,Homerton University,2.78
N160UY,51.570061,-0.077189,North,Homerton University,3.03,Royal Free Hospital,6.38,Whittington Hospital,4.38,Homerton University,3.03
N160UZ,51.570061,-0.077189,North,Homerton University,3.03,Royal Free Hospital,6.38,Whittington Hospital,4.38,Homerton University,3.03
N160WA,51.570061,-0.077189,North,Homerton University,3.03,Royal Free Hospital,6.38,Whittington Hospital,4.38,Homerton University,3.03
N160WB,51.570061,-0.077189,North,Homerton University,3.03,Royal Free Hospital,6.38,Whittington Hospital,4.38,Homerton University,3.03
N160WD,51.570061,-0.077189,North,Homerton University,3.03,Royal Free Hospital,6.38,Whittington Hospital,4.38,Homerton University,3.03
N160WE,51.570061,-0.077189,North,Homerton University,3.03,Royal Free Hospital,6.38,Whittington Hospital,4.38,Homerton University,3.03
N160WF,51.570061,-0.077189,North,Homerton University,3.03,Royal Free Hospital,6.38,Whittington Hospital,4.38,Homerton University,3.03
N160WG,51.570061,-0.077189,North,Homerton University,3.03,Royal Free Hospital,6.38,Whittington Hospital,4.38,Homerton University,3.03
N160WH,51.570061,-0.077189,North,Homerton University,3.03,Royal Free Hospital,6.38,Whittington Hospital,4.38,Homerton University,3.03
N160WJ,51.561816,-0.080566,North,Homerton University,2.67,Royal Free Hospital,5.94,Whittington Hospital,4.16,Homerton University,2.67
N160WL,51.561816,-0.080566,North,Homerton University,2.67,Royal Free Hospital,5.94,Whittington Hospital,4.16,Homerton University,2.67
N160WN,51.570061,-0.077189,North,Homerton University,3.03,Royal Free Hospital,6.38,Whittington Hospital,4.38,Homerton University,3.03
N160WP,51.561816,-0.080566,North,Homerton University,2.67,Royal Free Hospital,5.94,Whittington Hospital,4.16,Homerton University,2.67
N160WQ,51.570061,-0.077189,North,Homerton University,3.03,Royal Free Hospital,6.38,Whittington Hospital,4.38,Homerton University,3.03
N160WR,51.570061,-0.077189,North,Homerton University,3.03,Royal Free Hospital,6.38,Whittington Hospital,4.38,Homerton University,3.03
N160WS,51.570061,-0.077189,North,Homerton University,3.03,Royal Free Hospital,6.38,Whittington Hospital,4.38,Homerton University,3.03
N160WT,51.561816,-0.080566,North,Homerton University,2.67,Royal Free Hospital,5.94,Whittington Hospital,4.16,Homerton University,2.67
N160WU,51.570061,-0.077189,North,Homerton University,3.03,Royal Free Hospital,6.38,Whittington Hospital,4.38,Homerton University,3.03
N160WW,51.570061,-0.077189,North,Homerton University,3.03,Royal Free Hospital,6.38,Whittington Hospital,4.38,Homerton University,3.03
N160WX,51.570061,-0.077189,North,Homerton University,3.03,Royal Free Hospital,6.38,Whittington Hospital,4.38,Homerton University,3.03
N160WY,51.570061,-0.077189,North,Homerton University,3.03,Royal Free Hospital,6.38,Whittington Hospital,4.38,Homerton University,3.03
N160WZ,51.570061,-0.077189,North,Homerton University,3.03,Royal Free Hospital,6.38,Whittington Hospital,4.38,Homerton University,3.03
N160XA,51.570061,-0.077189,North,Homerton University,3.03,Royal Free Hospital,6.38,Whittington Hospital,4.38,Homerton University,3.03
N160XB,51.570061,-0.077189,North,Homerton University,3.03,Royal Free Hospital,6.38,Whittington Hospital,4.38,Homerton University,3.03
N160XD,51.570061,-0.077189,North,Homerton University,3.03,Royal Free Hospital,6.38,Whittington Hospital,4.38,Homerton University,3.03
N160XE,51.570061,-0.077189,North,Homerton University,3.03,Royal Free Hospital,6.38,Whittington Hospital,4.38,Homerton University,3.03
N160XF,51.570061,-0.077189,North,Homerton University,3.03,Royal Free Hospital,6.38,Whittington Hospital,4.38,Homerton University,3.03
N160XG,51.570061,-0.077189,North,Homerton University,3.03,Royal Free Hospital,6.38,Whittington Hospital,4.38,Homerton University,3.03
N160XH,51.570087,-0.077101,North,Homerton University,3.03,Royal Free Hospital,6.39,Whittington Hospital,4.39,Homerton University,3.03
N160XJ,51.570061,-0.077189,North,Homerton University,3.03,Royal Free Hospital,6.38,Whittington Hospital,4.38,Homerton University,3.03
N160XL,51.570061,-0.077189,North,Homerton University,3.03,Royal Free Hospital,6.38,Whittington Hospital,4.38,Homerton University,3.03
N160XN,51.570061,-0.077189,North,Homerton University,3.03,Royal Free Hospital,6.38,Whittington Hospital,4.38,Homerton University,3.03
N160XP,51.570061,-0.077189,North,Homerton University,3.03,Royal Free Hospital,6.38,Whittington Hospital,4.38,Homerton University,3.03
N160XQ,51.570061,-0.077189,North,Homerton University,3.03,Royal Free Hospital,6.38,Whittington Hospital,4.38,Homerton University,3.03
N160XR,51.570061,-0.077189,North,Homerton University,3.03,Royal Free Hospital,6.38,Whittington Hospital,4.38,Homerton University,3.03
N160XS,51.570061,-0.077189,North,Homerton University,3.03,Royal Free Hospital,6.38,Whittington Hospital,4.38,Homerton University,3.03
N160XT,51.570061,-0.077189,North,Homerton University,3.03,Royal Free Hospital,6.38,Whittington Hospital,4.38,Homerton University,3.03
N160XU,51.570061,-0.077189,North,Homerton University,3.03,Royal Free Hospital,6.38,Whittington Hospital,4.38,Homerton University,3.03
N160XW,51.570061,-0.077189,North,Homerton University,3.03,Royal Free Hospital,6.38,Whittington Hospital,4.38,Homerton University,3.03
N160XX,51.570061,-0.077189,North,Homerton University,3.03,Royal Free Hospital,6.38,Whittington Hospital,4.38,Homerton University,3.03
N160XY,51.570087,-0.077101,North,Homerton University,3.03,Royal Free Hospital,6.39,Whittington Hospital,4.39,Homerton University,3.03
N160XZ,51.570061,-0.077189,North,Homerton University,3.03,Royal Free Hospital,6.38,Whittington Hospital,4.38,Homerton University,3.03
N160YA,51.570061,-0.077189,North,Homerton University,3.03,Royal Free Hospital,6.38,Whittington Hospital,4.38,Homerton University,3.03
N160YB,51.570087,-0.077101,North,Homerton University,3.03,Royal Free Hospital,6.39,Whittington Hospital,4.39,Homerton University,3.03
N160YD,51.570061,-0.077189,North,Homerton University,3.03,Royal Free Hospital,6.38,Whittington Hospital,4.38,Homerton University,3.03
N160YE,51.570061,-0.077189,North,Homerton University,3.03,Royal Free Hospital,6.38,Whittington Hospital,4.38,Homerton University,3.03
N160YF,51.570061,-0.077189,North,Homerton University,3.03,Royal Free Hospital,6.38,Whittington Hospital,4.38,Homerton University,3.03
N160YG,51.570061,-0.077189,North,Homerton University,3.03,Royal Free Hospital,6.38,Whittington Hospital,4.38,Homerton University,3.03
N160YH,51.570061,-0.077189,North,Homerton University,3.03,Royal Free Hospital,6.38,Whittington Hospital,4.38,Homerton University,3.03
N160YJ,51.570061,-0.077189,North,Homerton University,3.03,Royal Free Hospital,6.38,Whittington Hospital,4.38,Homerton University,3.03
N160YP,51.570061,-0.077189,North,Homerton University,3.03,Royal Free Hospital,6.38,Whittington Hospital,4.38,Homerton University,3.03
N160YQ,51.570061,-0.077189,North,Homerton University,3.03,Royal Free Hospital,6.38,Whittington Hospital,4.38,Homerton University,3.03
N160YW,51.570061,-0.077189,North,Homerton University,3.03,Royal Free Hospital,6.38,Whittington Hospital,4.38,Homerton University,3.03
N160YY,51.570061,-0.077189,North,Homerton University,3.03,Royal Free Hospital,6.38,Whittington Hospital,4.38,Homerton University,3.03
N160YZ,51.570061,-0.077189,North,Homerton University,3.03,Royal Free Hospital,6.38,Whittington Hospital,4.38,Homerton University,3.03
N160ZF,51.570061,-0.077189,North,Homerton University,3.03,Royal Free Hospital,6.38,Whittington Hospital,4.38,Homerton University,3.03
N160ZQ,51.570061,-0.077189,North,Homerton University,3.03,Royal Free Hospital,6.38,Whittington Hospital,4.38,Homerton University,3.03
N160ZS,51.570061,-0.077189,North,Homerton University,3.03,Royal Free Hospital,6.38,Whittington Hospital,4.38,Homerton University,3.03
N161AD,51.570087,-0.077101,North,Homerton University,3.03,Royal Free Hospital,6.39,Whittington Hospital,4.39,Homerton University,3.03
N161AG,51.570087,-0.077101,North,Homerton University,3.03,Royal Free Hospital,6.39,Whittington Hospital,4.39,Homerton University,3.03
N161AH,51.570061,-0.077189,North,Homerton University,3.03,Royal Free Hospital,6.38,Whittington Hospital,4.38,Homerton University,3.03
N161AJ,51.570061,-0.077189,North,Homerton University,3.03,Royal Free Hospital,6.38,Whittington Hospital,4.38,Homerton University,3.03
N161AL,51.570087,-0.077101,North,Homerton University,3.03,Royal Free Hospital,6.39,Whittington Hospital,4.39,Homerton University,3.03
N161AN,51.570061,-0.077189,North,Homerton University,3.03,Royal Free Hospital,6.38,Whittington Hospital,4.38,Homerton University,3.03
N161AQ,51.570061,-0.077189,North,Homerton University,3.03,Royal Free Hospital,6.38,Whittington Hospital,4.38,Homerton University,3.03
N161AS,51.570061,-0.077189,North,Homerton University,3.03,Royal Free Hospital,6.38,Whittington Hospital,4.38,Homerton University,3.03
N161AT,51.570087,-0.077101,North,Homerton University,3.03,Royal Free Hospital,6.39,Whittington Hospital,4.39,Homerton University,3.03
N161AW,51.570061,-0.077189,North,Homerton University,3.03,Royal Free Hospital,6.38,Whittington Hospital,4.38,Homerton University,3.03
N161AX,51.570087,-0.077101,North,Homerton University,3.03,Royal Free Hospital,6.39,Whittington Hospital,4.39,Homerton University,3.03
N161AY,51.570087,-0.077101,North,Homerton University,3.03,Royal Free Hospital,6.39,Whittington Hospital,4.39,Homerton University,3.03
N161BA,51.570061,-0.077189,North,Homerton University,3.03,Royal Free Hospital,6.38,Whittington Hospital,4.38,Homerton University,3.03
N161BE,51.570087,-0.077101,North,Homerton University,3.03,Royal Free Hospital,6.39,Whittington Hospital,4.39,Homerton University,3.03
N161BF,51.570061,-0.077189,North,Homerton University,3.03,Royal Free Hospital,6.38,Whittington Hospital,4.38,Homerton University,3.03
N161BG,51.570061,-0.077189,North,Homerton University,3.03,Royal Free Hospital,6.38,Whittington Hospital,4.38,Homerton University,3.03
N161BJ,51.570061,-0.077189,North,Homerton University,3.03,Royal Free Hospital,6.38,Whittington Hospital,4.38,Homerton University,3.03
N161BL,51.570087,-0.077101,North,Homerton University,3.03,Royal Free Hospital,6.39,Whittington Hospital,4.39,Homerton University,3.03
N161BN,51.570087,-0.077101,North,Homerton University,3.03,Royal Free Hospital,6.39,Whittington Hospital,4.39,Homerton University,3.03
N161BP,51.570061,-0.077189,North,Homerton University,3.03,Royal Free Hospital,6.38,Whittington Hospital,4.38,Homerton University,3.03
N161BR,51.570061,-0.077189,North,Homerton University,3.03,Royal Free Hospital,6.38,Whittington Hospital,4.38,Homerton University,3.03
N161BU,51.570061,-0.077189,North,Homerton University,3.03,Royal Free Hospital,6.38,Whittington Hospital,4.38,Homerton University,3.03
N161BY,51.570061,-0.077189,North,Homerton University,3.03,Royal Free Hospital,6.38,Whittington Hospital,4.38,Homerton University,3.03
N161BZ,51.570061,-0.077189,North,Homerton University,3.03,Royal Free Hospital,6.38,Whittington Hospital,4.38,Homerton University,3.03
N161DA,51.570061,-0.077189,North,Homerton University,3.03,Royal Free Hospital,6.38,Whittington Hospital,4.38,Homerton University,3.03
N161DB,51.570061,-0.077189,North,Homerton University,3.03,Royal Free Hospital,6.38,Whittington Hospital,4.38,Homerton University,3.03
N161DD,51.570061,-0.077189,North,Homerton University,3.03,Royal Free Hospital,6.38,Whittington Hospital,4.38,Homerton University,3.03
N161DE,51.570061,-0.077189,North,Homerton University,3.03,Royal Free Hospital,6.38,Whittington Hospital,4.38,Homerton University,3.03
N161DF,51.570061,-0.077189,North,Homerton University,3.03,Royal Free Hospital,6.38,Whittington Hospital,4.38,Homerton University,3.03
N161DG,51.570061,-0.077189,North,Homerton University,3.03,Royal Free Hospital,6.38,Whittington Hospital,4.38,Homerton University,3.03
N161DH,51.570061,-0.077189,North,Homerton University,3.03,Royal Free Hospital,6.38,Whittington Hospital,4.38,Homerton University,3.03
N161DJ,51.570061,-0.077189,North,Homerton University,3.03,Royal Free Hospital,6.38,Whittington Hospital,4.38,Homerton University,3.03
N161DL,51.570061,-0.077189,North,Homerton University,3.03,Royal Free Hospital,6.38,Whittington Hospital,4.38,Homerton University,3.03
N161DN,51.570061,-0.077189,North,Homerton University,3.03,Royal Free Hospital,6.38,Whittington Hospital,4.38,Homerton University,3.03
N161DP,51.570087,-0.077101,North,Homerton University,3.03,Royal Free Hospital,6.39,Whittington Hospital,4.39,Homerton University,3.03
N161DR,51.570087,-0.077101,North,Homerton University,3.03,Royal Free Hospital,6.39,Whittington Hospital,4.39,Homerton University,3.03
N161DS,51.570061,-0.077189,North,Homerton University,3.03,Royal Free Hospital,6.38,Whittington Hospital,4.38,Homerton University,3.03
N161DT,51.570061,-0.077189,North,Homerton University,3.03,Royal Free Hospital,6.38,Whittington Hospital,4.38,Homerton University,3.03
N161DU,51.570061,-0.077189,North,Homerton University,3.03,Royal Free Hospital,6.38,Whittington Hospital,4.38,Homerton University,3.03
N161DW,51.570061,-0.077189,North,Homerton University,3.03,Royal Free Hospital,6.38,Whittington Hospital,4.38,Homerton University,3.03
N161DX,51.570087,-0.077101,North,Homerton University,3.03,Royal Free Hospital,6.39,Whittington Hospital,4.39,Homerton University,3.03
N161DY,51.570061,-0.077189,North,Homerton University,3.03,Royal Free Hospital,6.38,Whittington Hospital,4.38,Homerton University,3.03
N161DZ,51.570087,-0.077101,North,Homerton University,3.03,Royal Free Hospital,6.39,Whittington Hospital,4.39,Homerton University,3.03
N161EA,51.570061,-0.077189,North,Homerton University,3.03,Royal Free Hospital,6.38,Whittington Hospital,4.38,Homerton University,3.03
N161EB,51.570061,-0.077189,North,Homerton University,3.03,Royal Free Hospital,6.38,Whittington Hospital,4.38,Homerton University,3.03
N161ED,51.570061,-0.077189,North,Homerton University,3.03,Royal Free Hospital,6.38,Whittington Hospital,4.38,Homerton University,3.03
N161EE,51.570061,-0.077189,North,Homerton University,3.03,Royal Free Hospital,6.38,Whittington Hospital,4.38,Homerton University,3.03
N161EF,51.570087,-0.077101,North,Homerton University,3.03,Royal Free Hospital,6.39,Whittington Hospital,4.39,Homerton University,3.03
N161EG,51.570061,-0.077189,North,Homerton University,3.03,Royal Free Hospital,6.38,Whittington Hospital,4.38,Homerton University,3.03
N161EH,51.570061,-0.077189,North,Homerton University,3.03,Royal Free Hospital,6.38,Whittington Hospital,4.38,Homerton University,3.03
N161EJ,51.570087,-0.077101,North,Homerton University,3.03,Royal Free Hospital,6.39,Whittington Hospital,4.39,Homerton University,3.03
N161EL,51.570087,-0.077101,North,Homerton University,3.03,Royal Free Hospital,6.39,Whittington Hospital,4.39,Homerton University,3.03
N161EN,51.570087,-0.077101,North,Homerton University,3.03,Royal Free Hospital,6.39,Whittington Hospital,4.39,Homerton University,3.03
N161EP,51.570061,-0.077189,North,Homerton University,3.03,Royal Free Hospital,6.38,Whittington Hospital,4.38,Homerton University,3.03
N161EQ,51.570087,-0.077101,North,Homerton University,3.03,Royal Free Hospital,6.39,Whittington Hospital,4.39,Homerton University,3.03
N161ER,51.570087,-0.077101,North,Homerton University,3.03,Royal Free Hospital,6.39,Whittington Hospital,4.39,Homerton University,3.03
N161ES,51.570061,-0.077189,North,Homerton University,3.03,Royal Free Hospital,6.38,Whittington Hospital,4.38,Homerton University,3.03
N161ET,51.570087,-0.077101,North,Homerton University,3.03,Royal Free Hospital,6.39,Whittington Hospital,4.39,Homerton University,3.03
N161EU,51.570061,-0.077189,North,Homerton University,3.03,Royal Free Hospital,6.38,Whittington Hospital,4.38,Homerton University,3.03
N161EW,51.570061,-0.077189,North,Homerton University,3.03,Royal Free Hospital,6.38,Whittington Hospital,4.38,Homerton University,3.03
N161EX,51.570087,-0.077101,North,Homerton University,3.03,Royal Free Hospital,6.39,Whittington Hospital,4.39,Homerton University,3.03
N161EY,51.570087,-0.077101,North,Homerton University,3.03,Royal Free Hospital,6.39,Whittington Hospital,4.39,Homerton University,3.03
N161EZ,51.570061,-0.077189,North,Homerton University,3.03,Royal Free Hospital,6.38,Whittington Hospital,4.38,Homerton University,3.03
N161FA,51.570087,-0.077101,North,Homerton University,3.03,Royal Free Hospital,6.39,Whittington Hospital,4.39,Homerton University,3.03
N161FB,51.570087,-0.077101,North,Homerton University,3.03,Royal Free Hospital,6.39,Whittington Hospital,4.39,Homerton University,3.03
N161FD,51.570087,-0.077101,North,Homerton University,3.03,Royal Free Hospital,6.39,Whittington Hospital,4.39,Homerton University,3.03
N161FE,51.570087,-0.077101,North,Homerton University,3.03,Royal Free Hospital,6.39,Whittington Hospital,4.39,Homerton University,3.03
N161FF,51.570087,-0.077101,North,Homerton University,3.03,Royal Free Hospital,6.39,Whittington Hospital,4.39,Homerton University,3.03
N161FG,51.570087,-0.077101,North,Homerton University,3.03,Royal Free Hospital,6.39,Whittington Hospital,4.39,Homerton University,3.03
N161FH,51.570087,-0.077101,North,Homerton University,3.03,Royal Free Hospital,6.39,Whittington Hospital,4.39,Homerton University,3.03
N161FJ,51.570087,-0.077101,North,Homerton University,3.03,Royal Free Hospital,6.39,Whittington Hospital,4.39,Homerton University,3.03
N161FL,51.570087,-0.077101,North,Homerton University,3.03,Royal Free Hospital,6.39,Whittington Hospital,4.39,Homerton University,3.03
N161FN,51.570087,-0.077101,North,Homerton University,3.03,Royal Free Hospital,6.39,Whittington Hospital,4.39,Homerton University,3.03
N161FP,51.570087,-0.077101,North,Homerton University,3.03,Royal Free Hospital,6.39,Whittington Hospital,4.39,Homerton University,3.03
N161FQ,51.570087,-0.077101,North,Homerton University,3.03,Royal Free Hospital,6.39,Whittington Hospital,4.39,Homerton University,3.03
N161FR,51.570087,-0.077101,North,Homerton University,3.03,Royal Free Hospital,6.39,Whittington Hospital,4.39,Homerton University,3.03
N161FS,51.570087,-0.077101,North,Homerton University,3.03,Royal Free Hospital,6.39,Whittington Hospital,4.39,Homerton University,3.03
N161FT,51.570087,-0.077101,North,Homerton University,3.03,Royal Free Hospital,6.39,Whittington Hospital,4.39,Homerton University,3.03
N161FU,51.570087,-0.077101,North,Homerton University,3.03,Royal Free Hospital,6.39,Whittington Hospital,4.39,Homerton University,3.03
N161FW,51.570087,-0.077101,North,Homerton University,3.03,Royal Free Hospital,6.39,Whittington Hospital,4.39,Homerton University,3.03
N161FX,51.570087,-0.077101,North,Homerton University,3.03,Royal Free Hospital,6.39,Whittington Hospital,4.39,Homerton University,3.03
N161FY,51.570087,-0.077101,North,Homerton University,3.03,Royal Free Hospital,6.39,Whittington Hospital,4.39,Homerton University,3.03
N161FZ,51.570087,-0.077101,North,Homerton University,3.03,Royal Free Hospital,6.39,Whittington Hospital,4.39,Homerton University,3.03
N161GA,51.570087,-0.077101,North,Homerton University,3.03,Royal Free Hospital,6.39,Whittington Hospital,4.39,Homerton University,3.03
N161GD,51.570087,-0.077101,North,Homerton University,3.03,Royal Free Hospital,6.39,Whittington Hospital,4.39,Homerton University,3.03
N161GE,51.570087,-0.077101,North,Homerton University,3.03,Royal Free Hospital,6.39,Whittington Hospital,4.39,Homerton University,3.03
N161GG,51.570087,-0.077101,North,Homerton University,3.03,Royal Free Hospital,6.39,Whittington Hospital,4.39,Homerton University,3.03
N161GH,51.570087,-0.077101,North,Homerton University,3.03,Royal Free Hospital,6.39,Whittington Hospital,4.39,Homerton University,3.03
N161GJ,51.570087,-0.077101,North,Homerton University,3.03,Royal Free Hospital,6.39,Whittington Hospital,4.39,Homerton University,3.03
N161GL,51.570087,-0.077101,North,Homerton University,3.03,Royal Free Hospital,6.39,Whittington Hospital,4.39,Homerton University,3.03
N161GN,51.570087,-0.077101,North,Homerton University,3.03,Royal Free Hospital,6.39,Whittington Hospital,4.39,Homerton University,3.03
N161GP,51.570087,-0.077101,North,Homerton University,3.03,Royal Free Hospital,6.39,Whittington Hospital,4.39,Homerton University,3.03
N161GQ,51.570087,-0.077101,North,Homerton University,3.03,Royal Free Hospital,6.39,Whittington Hospital,4.39,Homerton University,3.03
N161GR,51.570087,-0.077101,North,Homerton University,3.03,Royal Free Hospital,6.39,Whittington Hospital,4.39,Homerton University,3.03
N161GS,51.570087,-0.077101,North,Homerton University,3.03,Royal Free Hospital,6.39,Whittington Hospital,4.39,Homerton University,3.03
N161GT,51.570087,-0.077101,North,Homerton University,3.03,Royal Free Hospital,6.39,Whittington Hospital,4.39,Homerton University,3.03
N161GU,51.570087,-0.077101,North,Homerton University,3.03,Royal Free Hospital,6.39,Whittington Hospital,4.39,Homerton University,3.03
N161GW,51.570087,-0.077101,North,Homerton University,3.03,Royal Free Hospital,6.39,Whittington Hospital,4.39,Homerton University,3.03
N161GX,51.570087,-0.077101,North,Homerton University,3.03,Royal Free Hospital,6.39,Whittington Hospital,4.39,Homerton University,3.03
N161GY,51.570087,-0.077101,North,Homerton University,3.03,Royal Free Hospital,6.39,Whittington Hospital,4.39,Homerton University,3.03
N161GZ,51.570087,-0.077101,North,Homerton University,3.03,Royal Free Hospital,6.39,Whittington Hospital,4.39,Homerton University,3.03
N161HA,51.570087,-0.077101,North,Homerton University,3.03,Royal Free Hospital,6.39,Whittington Hospital,4.39,Homerton University,3.03
N161HB,51.570087,-0.077101,North,Homerton University,3.03,Royal Free Hospital,6.39,Whittington Hospital,4.39,Homerton University,3.03
N161HD,51.570087,-0.077101,North,Homerton University,3.03,Royal Free Hospital,6.39,Whittington Hospital,4.39,Homerton University,3.03
N161HE,51.570087,-0.077101,North,Homerton University,3.03,Royal Free Hospital,6.39,Whittington Hospital,4.39,Homerton University,3.03
N161HF,51.570087,-0.077101,North,Homerton University,3.03,Royal Free Hospital,6.39,Whittington Hospital,4.39,Homerton University,3.03
N161HJ,51.570087,-0.077101,North,Homerton University,3.03,Royal Free Hospital,6.39,Whittington Hospital,4.39,Homerton University,3.03
N161HL,51.570087,-0.077101,North,Homerton University,3.03,Royal Free Hospital,6.39,Whittington Hospital,4.39,Homerton University,3.03
N161HN,51.570087,-0.077101,North,Homerton University,3.03,Royal Free Hospital,6.39,Whittington Hospital,4.39,Homerton University,3.03
N161HP,51.570087,-0.077101,North,Homerton University,3.03,Royal Free Hospital,6.39,Whittington Hospital,4.39,Homerton University,3.03
N161HQ,51.570087,-0.077101,North,Homerton University,3.03,Royal Free Hospital,6.39,Whittington Hospital,4.39,Homerton University,3.03
N161HR,51.570087,-0.077101,North,Homerton University,3.03,Royal Free Hospital,6.39,Whittington Hospital,4.39,Homerton University,3.03
N161HS,51.570087,-0.077101,North,Homerton University,3.03,Royal Free Hospital,6.39,Whittington Hospital,4.39,Homerton University,3.03
N161HT,51.570087,-0.077101,North,Homerton University,3.03,Royal Free Hospital,6.39,Whittington Hospital,4.39,Homerton University,3.03
N161HU,51.570087,-0.077101,North,Homerton University,3.03,Royal Free Hospital,6.39,Whittington Hospital,4.39,Homerton University,3.03
N161HW,51.570087,-0.077101,North,Homerton University,3.03,Royal Free Hospital,6.39,Whittington Hospital,4.39,Homerton University,3.03
N161HX,51.570087,-0.077101,North,Homerton University,3.03,Royal Free Hospital,6.39,Whittington Hospital,4.39,Homerton University,3.03
N161HZ,51.570087,-0.077101,North,Homerton University,3.03,Royal Free Hospital,6.39,Whittington Hospital,4.39,Homerton University,3.03
N161JA,51.570087,-0.077101,North,Homerton University,3.03,Royal Free Hospital,6.39,Whittington Hospital,4.39,Homerton University,3.03
N161JB,51.570087,-0.077101,North,Homerton University,3.03,Royal Free Hospital,6.39,Whittington Hospital,4.39,Homerton University,3.03
N161JD,51.570087,-0.077101,North,Homerton University,3.03,Royal Free Hospital,6.39,Whittington Hospital,4.39,Homerton University,3.03
N161JE,51.570087,-0.077101,North,Homerton University,3.03,Royal Free Hospital,6.39,Whittington Hospital,4.39,Homerton University,3.03
N161JF,51.570087,-0.077101,North,Homerton University,3.03,Royal Free Hospital,6.39,Whittington Hospital,4.39,Homerton University,3.03
N161JG,51.570087,-0.077101,North,Homerton University,3.03,Royal Free Hospital,6.39,Whittington Hospital,4.39,Homerton University,3.03
N161JH,51.570087,-0.077101,North,Homerton University,3.03,Royal Free Hospital,6.39,Whittington Hospital,4.39,Homerton University,3.03
N161JJ,51.570087,-0.077101,North,Homerton University,3.03,Royal Free Hospital,6.39,Whittington Hospital,4.39,Homerton University,3.03
N161JL,51.570087,-0.077101,North,Homerton University,3.03,Royal Free Hospital,6.39,Whittington Hospital,4.39,Homerton University,3.03
N161JN,51.570087,-0.077101,North,Homerton University,3.03,Royal Free Hospital,6.39,Whittington Hospital,4.39,Homerton University,3.03
N161JQ,51.570087,-0.077101,North,Homerton University,3.03,Royal Free Hospital,6.39,Whittington Hospital,4.39,Homerton University,3.03
N161JR,51.570087,-0.077101,North,Homerton University,3.03,Royal Free Hospital,6.39,Whittington Hospital,4.39,Homerton University,3.03
N161JS,51.570087,-0.077101,North,Homerton University,3.03,Royal Free Hospital,6.39,Whittington Hospital,4.39,Homerton University,3.03
N161JT,51.570087,-0.077101,North,Homerton University,3.03,Royal Free Hospital,6.39,Whittington Hospital,4.39,Homerton University,3.03
N161JU,51.570087,-0.077101,North,Homerton University,3.03,Royal Free Hospital,6.39,Whittington Hospital,4.39,Homerton University,3.03
N161JW,51.570087,-0.077101,North,Homerton University,3.03,Royal Free Hospital,6.39,Whittington Hospital,4.39,Homerton University,3.03
N161JX,51.570087,-0.077101,North,Homerton University,3.03,Royal Free Hospital,6.39,Whittington Hospital,4.39,Homerton University,3.03
N161JY,51.570087,-0.077101,North,Homerton University,3.03,Royal Free Hospital,6.39,Whittington Hospital,4.39,Homerton University,3.03
N161JZ,51.570087,-0.077101,North,Homerton University,3.03,Royal Free Hospital,6.39,Whittington Hospital,4.39,Homerton University,3.03
N161LA,51.570087,-0.077101,North,Homerton University,3.03,Royal Free Hospital,6.39,Whittington Hospital,4.39,Homerton University,3.03
N161LD,51.570087,-0.077101,North,Homerton University,3.03,Royal Free Hospital,6.39,Whittington Hospital,4.39,Homerton University,3.03
N161LE,51.570087,-0.077101,North,Homerton University,3.03,Royal Free Hospital,6.39,Whittington Hospital,4.39,Homerton University,3.03
N161LF,51.570087,-0.077101,North,Homerton University,3.03,Royal Free Hospital,6.39,Whittington Hospital,4.39,Homerton University,3.03
N161LJ,51.570087,-0.077101,North,Homerton University,3.03,Royal Free Hospital,6.39,Whittington Hospital,4.39,Homerton University,3.03
N161LL,51.570087,-0.077101,North,Homerton University,3.03,Royal Free Hospital,6.39,Whittington Hospital,4.39,Homerton University,3.03
N161LN,51.570087,-0.077101,North,Homerton University,3.03,Royal Free Hospital,6.39,Whittington Hospital,4.39,Homerton University,3.03
N161LP,51.570087,-0.077101,North,Homerton University,3.03,Royal Free Hospital,6.39,Whittington Hospital,4.39,Homerton University,3.03
N161LQ,51.570087,-0.077101,North,Homerton University,3.03,Royal Free Hospital,6.39,Whittington Hospital,4.39,Homerton University,3.03
N161LS,51.570087,-0.077101,North,Homerton University,3.03,Royal Free Hospital,6.39,Whittington Hospital,4.39,Homerton University,3.03
N161LT,51.570087,-0.077101,North,Homerton University,3.03,Royal Free Hospital,6.39,Whittington Hospital,4.39,Homerton University,3.03
N161LU,51.570087,-0.077101,North,Homerton University,3.03,Royal Free Hospital,6.39,Whittington Hospital,4.39,Homerton University,3.03
N161LW,51.570087,-0.077101,North,Homerton University,3.03,Royal Free Hospital,6.39,Whittington Hospital,4.39,Homerton University,3.03
N161LX,51.570087,-0.077101,North,Homerton University,3.03,Royal Free Hospital,6.39,Whittington Hospital,4.39,Homerton University,3.03
N161LY,51.570087,-0.077101,North,Homerton University,3.03,Royal Free Hospital,6.39,Whittington Hospital,4.39,Homerton University,3.03
N161LZ,51.570087,-0.077101,North,Homerton University,3.03,Royal Free Hospital,6.39,Whittington Hospital,4.39,Homerton University,3.03
N161NA,51.570087,-0.077101,North,Homerton University,3.03,Royal Free Hospital,6.39,Whittington Hospital,4.39,Homerton University,3.03
N161NB,51.570087,-0.077101,North,Homerton University,3.03,Royal Free Hospital,6.39,Whittington Hospital,4.39,Homerton University,3.03
N161ND,51.570087,-0.077101,North,Homerton University,3.03,Royal Free Hospital,6.39,Whittington Hospital,4.39,Homerton University,3.03
N161NE,51.570087,-0.077101,North,Homerton University,3.03,Royal Free Hospital,6.39,Whittington Hospital,4.39,Homerton University,3.03
N161NF,51.570087,-0.077101,North,Homerton University,3.03,Royal Free Hospital,6.39,Whittington Hospital,4.39,Homerton University,3.03
N161NG,51.570087,-0.077101,North,Homerton University,3.03,Royal Free Hospital,6.39,Whittington Hospital,4.39,Homerton University,3.03
N165AA,51.573995,-0.073588,North,Homerton University,3.2,Royal Free Hospital,6.75,North Middlesex,4.37,Homerton University,3.2
N165AB,51.573247,-0.073533,North,Homerton University,3.13,Royal Free Hospital,6.73,North Middlesex,4.45,Homerton University,3.13
N165AD,51.573989,-0.073256,North,Homerton University,3.19,Royal Free Hospital,6.78,North Middlesex,4.37,Homerton University,3.19
N165AE,51.574133,-0.074318,North,Homerton University,3.24,Royal Free Hospital,6.71,North Middlesex,4.36,Homerton University,3.24
N165AF,51.574273,-0.075207,North,Homerton University,3.29,Royal Free Hospital,6.66,North Middlesex,4.34,Homerton University,3.29
N165AG,51.574444,-0.07686,North,Homerton University,3.38,Royal Free Hospital,6.56,North Middlesex,4.33,Homerton University,3.38
N165AH,51.574877,-0.078068,North,Homerton University,3.47,Royal Free Hospital,6.5,North Middlesex,4.29,Homerton University,3.47
N165AJ,51.575091,-0.07904,North,Homerton University,3.53,Royal Free Hospital,6.45,North Middlesex,4.27,Homerton University,3.53
N165AL,51.575355,-0.08141,North,Homerton University,3.66,Royal Free Hospital,6.31,Whittington Hospital,4.19,Homerton University,3.66
N165AN,51.575355,-0.08141,North,Homerton University,3.66,Royal Free Hospital,6.31,Whittington Hospital,4.19,Homerton University,3.66
N165AP,51.570087,-0.077101,North,Homerton University,3.03,Royal Free Hospital,6.39,Whittington Hospital,4.39,Homerton University,3.03
N165AQ,51.574862,-0.077116,North,Homerton University,3.42,Royal Free Hospital,6.56,North Middlesex,4.28,Homerton University,3.42
N165AR,51.574927,-0.083853,North,Homerton University,3.74,Royal Free Hospital,6.13,Whittington Hospital,4.01,Homerton University,3.74
N165AS,51.57008,-0.079425,North,Homerton University,3.14,Royal Free Hospital,6.23,Whittington Hospital,4.23,Homerton University,3.14
N165AT,51.574983,-0.082869,North,Homerton University,3.7,Royal Free Hospital,6.2,Whittington Hospital,4.08,Homerton University,3.7
N165AU,51.566494,-0.077382,North,Homerton University,2.77,Royal Free Hospital,6.26,Whittington Hospital,4.35,Homerton University,2.77
N165AW,51.575048,-0.081871,North,Homerton University,3.65,Royal Free Hospital,6.26,Whittington Hospital,4.15,Homerton University,3.65
N165AX,51.574767,-0.08562,North,Homerton University,3.81,Royal Free Hospital,6.01,Whittington Hospital,3.89,Homerton University,3.81
N165AY,51.566473,-0.078263,North,Homerton University,2.82,Royal Free Hospital,6.2,Whittington Hospital,4.29,Homerton University,2.82
N165AZ,51.570061,-0.077189,North,Homerton University,3.03,Royal Free Hospital,6.38,Whittington Hospital,4.38,Homerton University,3.03
N165BA,51.569971,-0.07992,North,Homerton University,3.16,Royal Free Hospital,6.2,Whittington Hospital,4.19,Homerton University,3.16
N165BB,51.569379,-0.078906,North,Homerton University,3.06,Royal Free Hospital,6.24,Whittington Hospital,4.26,Homerton University,3.06
N165BD,51.568241,-0.078636,North,Homerton University,2.96,Royal Free Hospital,6.23,Whittington Hospital,4.27,Homerton University,2.96
N165BE,51.567093,-0.076621,North,Homerton University,2.78,Royal Free Hospital,6.33,Whittington Hospital,4.4,Homerton University,2.78
N165BF,51.573485,-0.075414,North,Homerton University,3.23,Royal Free Hospital,6.62,North Middlesex,4.43,Homerton University,3.23
N165BG,51.567278,-0.077479,North,Homerton University,2.83,Royal Free Hospital,6.28,Whittington Hospital,4.34,Homerton University,2.83
N165BH,51.56701,-0.07814,North,Homerton University,2.85,Royal Free Hospital,6.22,Whittington Hospital,4.3,Homerton University,2.85
N165BJ,51.566432,-0.07851,North,Homerton University,2.83,Royal Free Hospital,6.18,Whittington Hospital,4.27,Homerton University,2.83
N165BL,51.566707,-0.079927,North,Homerton University,2.93,Royal Free Hospital,6.1,Whittington Hospital,4.17,Homerton University,2.93
N165BN,51.567367,-0.079611,North,Homerton University,2.95,Royal Free Hospital,6.14,Whittington Hospital,4.2,Homerton University,2.95
N165BP,51.568121,-0.080055,North,Homerton University,3.03,Royal Free Hospital,6.13,Whittington Hospital,4.17,Homerton University,3.03
N165BQ,51.566688,-0.076566,North,Homerton University,2.74,Royal Free Hospital,6.32,Whittington Hospital,4.41,Homerton University,2.74
N165BS,51.56732,-0.083336,North,Homerton University,3.16,Royal Free Hospital,5.89,Whittington Hospital,3.94,Homerton University,3.16
N165BT,51.567757,-0.081485,North,Homerton University,3.08,Royal Free Hospital,6.02,Whittington Hospital,4.07,Homerton University,3.08
N165BU,51.56704,-0.084372,North,Homerton University,3.2,Royal Free Hospital,5.81,Whittington Hospital,3.87,Homerton University,3.2
N165BW,51.567979,-0.079095,North,Homerton University,2.97,Royal Free Hospital,6.19,Whittington Hospital,4.23,Homerton University,2.97
N165BX,51.567278,-0.084622,North,Homerton University,3.23,Royal Free Hospital,5.8,Whittington Hospital,3.85,Homerton University,3.23
N165BY,51.567204,-0.085058,North,Homerton University,3.25,Royal Free Hospital,5.77,Whittington Hospital,3.82,Homerton University,3.25
N165BZ,51.567881,-0.082475,North,Homerton University,3.15,Royal Free Hospital,5.96,Whittington Hospital,4.0,Homerton University,3.15
N165DA,51.568797,-0.079623,North,Homerton University,3.06,Royal Free Hospital,6.18,Whittington Hospital,4.2,Homerton University,3.06
N165DB,51.567611,-0.081895,North,Homerton University,3.1,Royal Free Hospital,5.99,Whittington Hospital,4.04,Homerton University,3.1
N165DD,51.571071,-0.079008,North,Homerton University,3.2,Royal Free Hospital,6.29,Whittington Hospital,4.27,Homerton University,3.2
N165DE,51.571002,-0.080829,North,Homerton University,3.28,Royal Free Hospital,6.17,Whittington Hospital,4.14,Homerton University,3.28
N165DF,51.571691,-0.078967,North,Homerton University,3.24,Royal Free Hospital,6.32,Whittington Hospital,4.28,Homerton University,3.24
N165DG,51.57322,-0.078426,North,Homerton University,3.34,Royal Free Hospital,6.41,Whittington Hospital,4.34,Homerton University,3.34
N165DH,51.573748,-0.075561,North,Homerton University,3.26,Royal Free Hospital,6.62,North Middlesex,4.4,Homerton University,3.26
N165DJ,51.574254,-0.077907,North,Homerton University,3.41,Royal Free Hospital,6.49,North Middlesex,4.35,Homerton University,3.41
N165DL,51.574504,-0.079945,North,Homerton University,3.52,Royal Free Hospital,6.36,Whittington Hospital,4.27,Homerton University,3.52
N165DN,51.57132,-0.07334,North,Homerton University,2.95,Royal Free Hospital,6.68,Whittington Hospital,4.66,Homerton University,2.95
N165DP,51.574525,-0.082917,North,Homerton University,3.66,Royal Free Hospital,6.17,Whittington Hospital,4.07,Homerton University,3.66
N165DQ,51.570116,-0.079466,North,Homerton University,3.15,Royal Free Hospital,6.23,Whittington Hospital,4.22,Homerton University,3.15
N165DR,51.57446,-0.083339,North,Homerton University,3.68,Royal Free Hospital,6.15,Whittington Hospital,4.04,Homerton University,3.68
N165DS,51.572891,-0.082495,North,Homerton University,3.51,Royal Free Hospital,6.13,Whittington Hospital,4.06,Homerton University,3.51
N165DT,51.571869,-0.081586,North,Homerton University,3.39,Royal Free Hospital,6.15,Whittington Hospital,4.1,Homerton University,3.39
N165DU,51.571366,-0.081102,North,Homerton University,3.32,Royal Free Hospital,6.17,Whittington Hospital,4.13,Homerton University,3.32
N165DW,51.57132,-0.07334,North,Homerton University,2.95,Royal Free Hospital,6.68,Whittington Hospital,4.66,Homerton University,2.95
N165DX,51.574464,-0.084103,North,Homerton University,3.71,Royal Free Hospital,6.1,Whittington Hospital,3.98,Homerton University,3.71
N165DY,51.573926,-0.083693,North,Homerton University,3.65,Royal Free Hospital,6.1,Whittington Hospital,4.0,Homerton University,3.65
N165DZ,51.573097,-0.083555,North,Homerton University,3.58,Royal Free Hospital,6.07,Whittington Hospital,3.99,Homerton University,3.58
N165EA,51.572557,-0.083014,North,Homerton University,3.51,Royal Free Hospital,6.09,Whittington Hospital,4.02,Homerton University,3.51
N165EB,51.572029,-0.082604,North,Homerton University,3.45,Royal Free Hospital,6.09,Whittington Hospital,4.03,Homerton University,3.45
N165ED,51.570796,-0.081415,North,Homerton University,3.3,Royal Free Hospital,6.13,Whittington Hospital,4.1,Homerton University,3.3
N165EE,51.569754,-0.080391,North,Homerton University,3.17,Royal Free Hospital,6.16,Whittington Hospital,4.16,Homerton University,3.17
N165EF,51.569663,-0.080322,North,Homerton University,3.16,Royal Free Hospital,6.16,Whittington Hospital,4.16,Homerton University,3.16
N165EG,51.569138,-0.080676,North,Homerton University,3.14,Royal Free Hospital,6.12,Whittington Hospital,4.13,Homerton University,3.14
N165EH,51.573538,-0.075888,North,Homerton University,3.26,Royal Free Hospital,6.59,North Middlesex,4.43,Homerton University,3.26
N165EJ,51.57081,-0.08062,North,Homerton University,3.26,Royal Free Hospital,6.18,Whittington Hospital,4.15,Homerton University,3.26
N165EL,51.569495,-0.081051,North,Homerton University,3.18,Royal Free Hospital,6.11,Whittington Hospital,4.11,Homerton University,3.18
N165EN,51.569947,-0.081234,North,Homerton University,3.22,Royal Free Hospital,6.11,Whittington Hospital,4.1,Homerton University,3.22
N165EP,51.568933,-0.085721,North,Homerton University,3.4,Royal Free Hospital,5.78,Whittington Hospital,3.78,Homerton University,3.4
N165EQ,51.570116,-0.079466,North,Homerton University,3.15,Royal Free Hospital,6.23,Whittington Hospital,4.22,Homerton University,3.15
N165ER,51.568933,-0.085721,North,Homerton University,3.4,Royal Free Hospital,5.78,Whittington Hospital,3.78,Homerton University,3.4
N165ES,51.567806,-0.085552,North,Homerton University,3.31,Royal Free Hospital,5.75,Whittington Hospital,3.79,Homerton University,3.31
N165ET,51.567169,-0.086776,North,Homerton University,3.34,Royal Free Hospital,5.65,Whittington Hospital,3.7,Homerton University,3.34
N165EU,51.568573,-0.086299,North,Homerton University,3.4,Royal Free Hospital,5.73,Whittington Hospital,3.74,Homerton University,3.4
N165EW,51.569394,-0.083653,North,Homerton University,3.31,Royal Free Hospital,5.93,Whittington Hospital,3.93,Homerton University,3.31
N165EX,51.568527,-0.086229,North,Homerton University,3.4,Royal Free Hospital,5.73,Whittington Hospital,3.74,Homerton University,3.4
N165EY,51.568153,-0.085869,North,Homerton University,3.35,Royal Free Hospital,5.74,Whittington Hospital,3.77,Homerton University,3.35
N165EZ,51.568089,-0.0858,North,Homerton University,3.35,Royal Free Hospital,5.75,Whittington Hospital,3.77,Homerton University,3.35
N165FA,51.568089,-0.0858,North,Homerton University,3.35,Royal Free Hospital,5.75,Whittington Hospital,3.77,Homerton University,3.35
N165FB,51.573141,-0.075847,North,Homerton University,3.22,Royal Free Hospital,6.58,North Middlesex,4.47,Homerton University,3.22
N165FD,51.57081,-0.08062,North,Homerton University,3.26,Royal Free Hospital,6.18,Whittington Hospital,4.15,Homerton University,3.26
N165FE,51.568785,-0.073404,North,Homerton University,2.75,Royal Free Hospital,6.59,Whittington Hospital,4.63,Homerton University,2.75
N165FF,51.568782,-0.073808,North,Homerton University,2.76,Royal Free Hospital,6.56,Whittington Hospital,4.6,Homerton University,2.76
N165FG,51.568783,-0.0744,North,Homerton University,2.79,Royal Free Hospital,6.52,Whittington Hospital,4.56,Homerton University,2.79
N165GA,51.568068,-0.086738,North,Homerton University,3.4,Royal Free Hospital,5.68,Whittington Hospital,3.71,Homerton University,3.4
N165GW,51.570061,-0.077189,North,Homerton University,3.03,Royal Free Hospital,6.38,Whittington Hospital,4.38,Homerton University,3.03
N165GX,51.570061,-0.077189,North,Homerton University,3.03,Royal Free Hospital,6.38,Whittington Hospital,4.38,Homerton University,3.03
N165GY,51.567576,-0.074292,North,Homerton University,2.69,Royal Free Hospital,6.5,Whittington Hospital,4.56,Homerton University,2.69
N165GZ,51.567661,-0.073394,North,Homerton University,2.66,Royal Free Hospital,6.56,Whittington Hospital,4.63,Homerton University,2.66
N165HA,51.566247,-0.085372,North,Homerton University,3.21,Royal Free Hospital,5.72,Whittington Hospital,3.8,Homerton University,3.21
N165HB,51.566614,-0.084693,North,Homerton University,3.19,Royal Free Hospital,5.78,Whittington Hospital,3.84,Homerton University,3.19
N165HD,51.56699,-0.084619,North,Homerton University,3.21,Royal Free Hospital,5.79,Whittington Hospital,3.85,Homerton University,3.21
N165HE,51.570061,-0.077189,North,Homerton University,3.03,Royal Free Hospital,6.38,Whittington Hospital,4.38,Homerton University,3.03
N165HF,51.567775,-0.086419,North,Homerton University,3.36,Royal Free Hospital,5.7,Whittington Hospital,3.73,Homerton University,3.36
N165HG,51.56862,-0.08748,North,Homerton University,3.47,Royal Free Hospital,5.65,Whittington Hospital,3.66,Homerton University,3.47
N165HH,51.568785,-0.087156,North,Homerton University,3.47,Royal Free Hospital,5.68,Whittington Hospital,3.68,Homerton University,3.47
N165HJ,51.568951,-0.086831,North,Homerton University,3.46,Royal Free Hospital,5.71,Whittington Hospital,3.71,Homerton University,3.46
N165HL,51.57008,-0.079425,North,Homerton University,3.14,Royal Free Hospital,6.23,Whittington Hospital,4.23,Homerton University,3.14
N165HN,51.569429,-0.085253,North,Homerton University,3.4,Royal Free Hospital,5.83,Whittington Hospital,3.82,Homerton University,3.4
N165HP,51.57008,-0.079425,North,Homerton University,3.14,Royal Free Hospital,6.23,Whittington Hospital,4.23,Homerton University,3.14
N165HQ,51.569251,-0.087064,North,Homerton University,3.49,Royal Free Hospital,5.7,Whittington Hospital,3.69,Homerton University,3.49
N165HR,51.569822,-0.078497,North,Homerton University,3.08,Royal Free Hospital,6.29,Whittington Hospital,4.29,Homerton University,3.08
N165HS,51.569747,-0.079453,North,Homerton University,3.12,Royal Free Hospital,6.22,Whittington Hospital,4.22,Homerton University,3.12
N165HT,51.570405,-0.078992,North,Homerton University,3.14,Royal Free Hospital,6.27,Whittington Hospital,4.26,Homerton University,3.14
N165HU,51.569747,-0.079453,North,Homerton University,3.12,Royal Free Hospital,6.22,Whittington Hospital,4.22,Homerton University,3.12
N165HW,51.569982,-0.082805,North,Homerton University,3.31,Royal Free Hospital,6.01,Whittington Hospital,3.99,Homerton University,3.31
N165HX,51.570144,-0.079494,North,Homerton University,3.15,Royal Free Hospital,6.23,Whittington Hospital,4.22,Homerton University,3.15
N165HY,51.571169,-0.080057,North,Homerton University,3.26,Royal Free Hospital,6.23,Whittington Hospital,4.2,Homerton University,3.26
N165HZ,51.572007,-0.080685,North,Homerton University,3.35,Royal Free Hospital,6.22,Whittington Hospital,4.17,Homerton University,3.35
N165JA,51.573523,-0.082108,North,Homerton University,3.54,Royal Free Hospital,6.19,Whittington Hospital,4.1,Homerton University,3.54
N165JB,51.570908,-0.080025,North,Homerton University,3.24,Royal Free Hospital,6.22,Whittington Hospital,4.19,Homerton University,3.24
N165JD,51.573923,-0.08186,North,Homerton University,3.56,Royal Free Hospital,6.22,Whittington Hospital,4.12,Homerton University,3.56
N165JE,51.573784,-0.080481,North,Homerton University,3.49,Royal Free Hospital,6.3,Whittington Hospital,4.21,Homerton University,3.49
N165JF,51.573659,-0.081626,North,Homerton University,3.53,Royal Free Hospital,6.22,Whittington Hospital,4.13,Homerton University,3.53
N165JG,51.573389,-0.082186,North,Homerton University,3.54,Royal Free Hospital,6.17,Whittington Hospital,4.09,Homerton University,3.54
N165JH,51.573403,-0.080266,North,Homerton University,3.44,Royal Free Hospital,6.3,Whittington Hospital,4.22,Homerton University,3.44
N165JJ,51.570087,-0.077101,North,Homerton University,3.03,Royal Free Hospital,6.39,Whittington Hospital,4.39,Homerton University,3.03
N165JL,51.573073,-0.080424,North,Homerton University,3.43,Royal Free Hospital,6.28,Whittington Hospital,4.2,Homerton University,3.43
N165JN,51.572379,-0.080381,North,Homerton University,3.37,Royal Free Hospital,6.25,Whittington Hospital,4.19,Homerton University,3.37
N165JP,51.57305,-0.079603,North,Homerton University,3.38,Royal Free Hospital,6.33,Whittington Hospital,4.26,Homerton University,3.38
N165JQ,51.570061,-0.077189,North,Homerton University,3.03,Royal Free Hospital,6.38,Whittington Hospital,4.38,Homerton University,3.03
N165JR,51.573766,-0.079385,North,Homerton University,3.43,Royal Free Hospital,6.37,Whittington Hospital,4.29,Homerton University,3.43
N165JS,51.572862,-0.07912,North,Homerton University,3.35,Royal Free Hospital,6.35,Whittington Hospital,4.29,Homerton University,3.35
N165JT,51.574443,-0.078418,North,Homerton University,3.45,Royal Free Hospital,6.46,North Middlesex,4.34,Homerton University,3.45
N165JU,51.573743,-0.079602,North,Homerton University,3.44,Royal Free Hospital,6.36,Whittington Hospital,4.27,Homerton University,3.44
N165JW,51.572524,-0.07987,North,Homerton University,3.35,Royal Free Hospital,6.29,Whittington Hospital,4.23,Homerton University,3.35
N165JX,51.57118,-0.079609,North,Homerton University,3.24,Royal Free Hospital,6.26,Whittington Hospital,4.23,Homerton University,3.24
N165JY,51.570689,-0.079269,North,Homerton University,3.18,Royal Free Hospital,6.26,Whittington Hospital,4.24,Homerton University,3.18
N165JZ,51.570061,-0.077189,North,Homerton University,3.03,Royal Free Hospital,6.38,Whittington Hospital,4.38,Homerton University,3.03
N165LA,51.570108,-0.079481,North,Homerton University,3.15,Royal Free Hospital,6.23,Whittington Hospital,4.22,Homerton University,3.15
N165LB,51.575518,-0.072744,North,Homerton University,3.3,Royal Free Hospital,6.87,North Middlesex,4.2,Homerton University,3.3
N165LD,51.574871,-0.073277,North,Homerton University,3.27,Royal Free Hospital,6.81,North Middlesex,4.27,Homerton University,3.27
N165LE,51.574871,-0.073277,North,Homerton University,3.27,Royal Free Hospital,6.81,North Middlesex,4.27,Homerton University,3.27
N165LF,51.574979,-0.072724,North,Homerton University,3.25,Royal Free Hospital,6.85,North Middlesex,4.26,Homerton University,3.25
N165LG,51.574109,-0.072905,North,Homerton University,3.18,Royal Free Hospital,6.8,North Middlesex,4.36,Homerton University,3.18
N165LH,51.573247,-0.073533,North,Homerton University,3.13,Royal Free Hospital,6.73,North Middlesex,4.45,Homerton University,3.13
N165LJ,51.574146,-0.073495,North,Homerton University,3.21,Royal Free Hospital,6.77,North Middlesex,4.35,Homerton University,3.21
N165LL,51.574232,-0.07378,North,Homerton University,3.23,Royal Free Hospital,6.75,North Middlesex,4.34,Homerton University,3.23
N165LN,51.569426,-0.087287,North,Homerton University,3.52,Royal Free Hospital,5.69,Whittington Hospital,3.68,Homerton University,3.52
N165LP,51.573491,-0.073609,North,Homerton University,3.16,Royal Free Hospital,6.73,North Middlesex,4.43,Homerton University,3.16
N165LQ,51.573263,-0.073388,North,Homerton University,3.13,Royal Free Hospital,6.74,North Middlesex,4.45,Homerton University,3.13
N165LR,51.573491,-0.073609,North,Homerton University,3.16,Royal Free Hospital,6.73,North Middlesex,4.43,Homerton University,3.16
N165LS,51.573283,-0.074051,North,Homerton University,3.16,Royal Free Hospital,6.7,North Middlesex,4.45,Homerton University,3.16
N165LT,51.573283,-0.074051,North,Homerton University,3.16,Royal Free Hospital,6.7,North Middlesex,4.45,Homerton University,3.16
N165LU,51.573214,-0.074776,North,Homerton University,3.18,Royal Free Hospital,6.65,North Middlesex,4.46,Homerton University,3.18
N165LW,51.573254,-0.073389,North,Homerton University,3.13,Royal Free Hospital,6.74,North Middlesex,4.45,Homerton University,3.13
N165LX,51.57368,-0.074684,North,Homerton University,3.22,Royal Free Hospital,6.67,North Middlesex,4.41,Homerton University,3.22
N165LY,51.571521,-0.077935,North,Homerton University,3.18,Royal Free Hospital,6.38,Whittington Hospital,4.35,Homerton University,3.18
N165LZ,51.569178,-0.082045,North,Homerton University,3.21,Royal Free Hospital,6.03,Whittington Hospital,4.04,Homerton University,3.21
N165NA,51.56892,-0.083817,North,Homerton University,3.29,Royal Free Hospital,5.9,Whittington Hospital,3.91,Homerton University,3.29
N165NB,51.56892,-0.083817,North,Homerton University,3.29,Royal Free Hospital,5.9,Whittington Hospital,3.91,Homerton University,3.29
N165ND,51.56873,-0.083247,North,Homerton University,3.25,Royal Free Hospital,5.94,Whittington Hospital,3.95,Homerton University,3.25
N165NE,51.568442,-0.084284,North,Homerton University,3.28,Royal Free Hospital,5.86,Whittington Hospital,3.88,Homerton University,3.28
N165NF,51.568262,-0.084854,North,Homerton University,3.3,Royal Free Hospital,5.81,Whittington Hospital,3.84,Homerton University,3.3
N165NG,51.567686,-0.084258,North,Homerton University,3.23,Royal Free Hospital,5.84,Whittington Hospital,3.88,Homerton University,3.23
N165NH,51.568389,-0.081617,North,Homerton University,3.13,Royal Free Hospital,6.03,Whittington Hospital,4.06,Homerton University,3.13
N165NJ,51.567521,-0.084049,North,Homerton University,3.21,Royal Free Hospital,5.84,Whittington Hospital,3.89,Homerton University,3.21
N165NL,51.567511,-0.081293,North,Homerton University,3.06,Royal Free Hospital,6.03,Whittington Hospital,4.08,Homerton University,3.06
N165NN,51.567134,-0.081323,North,Homerton University,3.03,Royal Free Hospital,6.02,Whittington Hospital,4.08,Homerton University,3.03
N165NP,51.566818,-0.081784,North,Homerton University,3.04,Royal Free Hospital,5.98,Whittington Hospital,4.04,Homerton University,3.04
N165NQ,51.568457,-0.082999,North,Homerton University,3.21,Royal Free Hospital,5.94,Whittington Hospital,3.97,Homerton University,3.21
N165NR,51.566842,-0.082678,North,Homerton University,3.09,Royal Free Hospital,5.92,Whittington Hospital,3.98,Homerton University,3.09
N165NS,51.566688,-0.083723,North,Homerton University,3.14,Royal Free Hospital,5.84,Whittington Hospital,3.91,Homerton University,3.14
N165NT,51.566362,-0.083578,North,Homerton University,3.11,Royal Free Hospital,5.84,Whittington Hospital,3.92,Homerton University,3.11
N165NU,51.566152,-0.084481,North,Homerton University,3.15,Royal Free Hospital,5.78,Whittington Hospital,3.86,Homerton University,3.15
N165NW,51.567039,-0.082078,North,Homerton University,3.07,Royal Free Hospital,5.96,Whittington Hospital,4.02,Homerton University,3.07
N165NX,51.566184,-0.084235,North,Homerton University,3.14,Royal Free Hospital,5.79,Whittington Hospital,3.88,Homerton University,3.14
N165NY,51.570108,-0.079481,North,Homerton University,3.15,Royal Free Hospital,6.23,Whittington Hospital,4.22,Homerton University,3.15
N165NZ,51.566167,-0.080441,North,Homerton University,2.92,Royal Free Hospital,6.05,Whittington Hospital,4.14,Homerton University,2.92
N165PA,51.566396,-0.081831,North,Homerton University,3.01,Royal Free Hospital,5.96,Whittington Hospital,4.04,Homerton University,3.01
N165PB,51.565854,-0.083845,North,Homerton University,3.09,Royal Free Hospital,5.81,Whittington Hospital,3.9,Homerton University,3.09
N165PD,51.567719,-0.080794,North,Homerton University,3.04,Royal Free Hospital,6.07,Whittington Hospital,4.12,Homerton University,3.04
N165PE,51.566348,-0.076162,North,Homerton University,2.7,Royal Free Hospital,6.34,Whittington Hospital,4.43,Homerton University,2.7
N165PF,51.574888,-0.072685,North,Homerton University,3.24,Royal Free Hospital,6.85,North Middlesex,4.27,Homerton University,3.24
N165PG,51.568334,-0.081013,North,Homerton University,3.1,Royal Free Hospital,6.07,Whittington Hospital,4.1,Homerton University,3.1
N165PH,51.569202,-0.079101,North,Homerton University,3.06,Royal Free Hospital,6.23,Whittington Hospital,4.24,Homerton University,3.06
N165PJ,51.575401,-0.07324,North,Homerton University,3.31,Royal Free Hospital,6.83,North Middlesex,4.21,Homerton University,3.31
N165PL,51.570061,-0.077189,North,Homerton University,3.03,Royal Free Hospital,6.38,Whittington Hospital,4.38,Homerton University,3.03
N165PN,51.570061,-0.077189,North,Homerton University,3.03,Royal Free Hospital,6.38,Whittington Hospital,4.38,Homerton University,3.03
N165PP,51.570657,-0.076269,North,Homerton University,3.03,Royal Free Hospital,6.46,Whittington Hospital,4.45,Homerton University,3.03
N165PQ,51.569396,-0.081589,North,Homerton University,3.2,Royal Free Hospital,6.07,Whittington Hospital,4.07,Homerton University,3.2
N165PR,51.570762,-0.077174,North,Homerton University,3.08,Royal Free Hospital,6.4,Whittington Hospital,4.39,Homerton University,3.08
N165PS,51.570599,-0.076531,North,Homerton University,3.04,Royal Free Hospital,6.44,Whittington Hospital,4.43,Homerton University,3.04
N165PT,51.570405,-0.076756,North,Homerton University,3.04,Royal Free Hospital,6.42,Whittington Hospital,4.41,Homerton University,3.04
N165PU,51.570255,-0.074208,North,Homerton University,2.9,Royal Free Hospital,6.58,Whittington Hospital,4.59,Homerton University,2.9
N165PW,51.57055,-0.074643,North,Homerton University,2.95,Royal Free Hospital,6.56,Whittington Hospital,4.56,Homerton University,2.95
N165PX,51.569846,-0.073951,North,Homerton University,2.86,Royal Free Hospital,6.59,Whittington Hospital,4.6,Homerton University,2.86
N165PY,51.569769,-0.075845,North,Homerton University,2.94,Royal Free Hospital,6.46,Whittington Hospital,4.47,Homerton University,2.94
N165PZ,51.569889,-0.077658,North,Homerton University,3.04,Royal Free Hospital,6.34,Whittington Hospital,4.35,Homerton University,3.04
N165QA,51.569479,-0.07678,North,Homerton University,2.96,Royal Free Hospital,6.39,Whittington Hospital,4.4,Homerton University,2.96
N165QB,51.570087,-0.077101,North,Homerton University,3.03,Royal Free Hospital,6.39,Whittington Hospital,4.39,Homerton University,3.03
N165QD,51.568808,-0.0759,North,Homerton University,2.87,Royal Free Hospital,6.43,Whittington Hospital,4.46,Homerton University,2.87
N165QE,51.569093,-0.07518,North,Homerton University,2.85,Royal Free Hospital,6.48,Whittington Hospital,4.51,Homerton University,2.85
N165QF,51.569007,-0.07654,North,Homerton University,2.92,Royal Free Hospital,6.39,Whittington Hospital,4.42,Homerton University,2.92
N165QG,51.569461,-0.075165,North,Homerton University,2.88,Royal Free Hospital,6.49,Whittington Hospital,4.51,Homerton University,2.88
N165QH,51.568127,-0.075539,North,Homerton University,2.8,Royal Free Hospital,6.43,Whittington Hospital,4.48,Homerton University,2.8
N165QJ,51.568116,-0.075958,North,Homerton University,2.82,Royal Free Hospital,6.4,Whittington Hospital,4.45,Homerton University,2.82
N165QL,51.568123,-0.076361,North,Homerton University,2.84,Royal Free Hospital,6.37,Whittington Hospital,4.42,Homerton University,2.84
N165QN,51.568489,-0.07675,North,Homerton University,2.89,Royal Free Hospital,6.36,Whittington Hospital,4.4,Homerton University,2.89
N165QP,51.568882,-0.077137,North,Homerton University,2.94,Royal Free Hospital,6.35,Whittington Hospital,4.37,Homerton University,2.94
N165QQ,51.567855,-0.075925,North,Homerton University,2.8,Royal Free Hospital,6.4,Whittington Hospital,4.45,Homerton University,2.8
N165QR,51.568734,-0.07521,North,Homerton University,2.83,Royal Free Hospital,6.47,Whittington Hospital,4.51,Homerton University,2.83
N165QS,51.571339,-0.077799,North,Homerton University,3.16,Royal Free Hospital,6.38,Whittington Hospital,4.35,Homerton University,3.16
N165QT,51.571778,-0.076597,North,Homerton University,3.14,Royal Free Hospital,6.48,Whittington Hospital,4.44,Homerton University,3.14
N165QU,51.571283,-0.077108,North,Homerton University,3.12,Royal Free Hospital,6.43,Whittington Hospital,4.4,Homerton University,3.12
N165QW,51.569179,-0.077125,North,Homerton University,2.96,Royal Free Hospital,6.36,Whittington Hospital,4.38,Homerton University,2.96
N165QX,51.571292,-0.076603,North,Homerton University,3.1,Royal Free Hospital,6.46,Whittington Hospital,4.43,Homerton University,3.1
N165QY,51.571184,-0.076016,North,Homerton University,3.06,Royal Free Hospital,6.49,Whittington Hospital,4.47,Homerton University,3.06
N165QZ,51.571229,-0.075509,North,Homerton University,3.04,Royal Free Hospital,6.53,Whittington Hospital,4.51,Homerton University,3.04
N165RA,51.570995,-0.074393,North,Homerton University,2.97,Royal Free Hospital,6.59,Whittington Hospital,4.58,Homerton University,2.97
N165RB,51.571298,-0.074236,North,Homerton University,2.99,Royal Free Hospital,6.62,Whittington Hospital,4.6,Homerton University,2.99
N165RD,51.570575,-0.075089,North,Homerton University,2.97,Royal Free Hospital,6.53,Whittington Hospital,4.53,Homerton University,2.97
N165RE,51.571702,-0.074738,North,Homerton University,3.05,Royal Free Hospital,6.6,Whittington Hospital,4.57,Homerton University,3.05
N165RF,51.572048,-0.075546,North,Homerton University,3.11,Royal Free Hospital,6.56,Whittington Hospital,4.52,Homerton University,3.11
N165RG,51.572368,-0.077467,North,Homerton University,3.23,Royal Free Hospital,6.44,Whittington Hospital,4.39,Homerton University,3.23
N165RH,51.568702,-0.076568,North,Homerton University,2.89,Royal Free Hospital,6.38,Whittington Hospital,4.41,Homerton University,2.89
N165RJ,51.573203,-0.07684,North,Homerton University,3.27,Royal Free Hospital,6.51,Whittington Hospital,4.45,Homerton University,3.27
N165RL,51.572435,-0.075516,North,Homerton University,3.15,Royal Free Hospital,6.57,Whittington Hospital,4.53,Homerton University,3.15
N165RN,51.572772,-0.075242,North,Homerton University,3.16,Royal Free Hospital,6.6,North Middlesex,4.51,Homerton University,3.16
N165RP,51.572236,-0.073273,North,Homerton University,3.03,Royal Free Hospital,6.71,North Middlesex,4.57,Homerton University,3.03
N165RQ,51.569193,-0.075826,North,Homerton University,2.89,Royal Free Hospital,6.44,Whittington Hospital,4.47,Homerton University,2.89
N165RR,51.573263,-0.073388,North,Homerton University,3.13,Royal Free Hospital,6.74,North Middlesex,4.45,Homerton University,3.13
N165RS,51.572633,-0.073371,North,Homerton University,3.07,Royal Free Hospital,6.72,North Middlesex,4.52,Homerton University,3.07
N165RT,51.573576,-0.076579,North,Homerton University,3.29,Royal Free Hospital,6.54,North Middlesex,4.42,Homerton University,3.29
N165RU,51.572894,-0.07554,North,Homerton University,3.19,Royal Free Hospital,6.59,North Middlesex,4.5,Homerton University,3.19
N165RW,51.571895,-0.073316,North,Homerton University,3.0,Royal Free Hospital,6.7,North Middlesex,4.6,Homerton University,3.0
N165RX,51.572965,-0.077167,North,Homerton University,3.26,Royal Free Hospital,6.48,Whittington Hospital,4.42,Homerton University,3.26
N165RY,51.572961,-0.073083,North,Homerton University,3.09,Royal Free Hospital,6.75,North Middlesex,4.49,Homerton University,3.09
N165RZ,51.570061,-0.077189,North,Homerton University,3.03,Royal Free Hospital,6.38,Whittington Hospital,4.38,Homerton University,3.03
N165SA,51.566417,-0.075394,North,Homerton University,2.66,Royal Free Hospital,6.39,Whittington Hospital,4.49,Homerton University,2.66
N165SB,51.565651,-0.0742,North,Homerton University,2.54,Royal Free Hospital,6.45,Whittington Hospital,4.57,Homerton University,2.54
N165SD,51.570061,-0.077189,North,Homerton University,3.03,Royal Free Hospital,6.38,Whittington Hospital,4.38,Homerton University,3.03
N165SE,51.567533,-0.076603,North,Homerton University,2.81,Royal Free Hospital,6.34,Whittington Hospital,4.4,Homerton University,2.81
N165SF,51.570116,-0.079466,North,Homerton University,3.15,Royal Free Hospital,6.23,Whittington Hospital,4.22,Homerton University,3.15
N165SG,51.565593,-0.074001,North,Homerton University,2.53,Royal Free Hospital,6.47,Whittington Hospital,4.58,Homerton University,2.53
N165SH,51.565422,-0.074542,North,Homerton University,2.55,Royal Free Hospital,6.43,Whittington Hospital,4.55,Homerton University,2.55
N165SJ,51.565194,-0.074854,North,Homerton University,2.55,Royal Free Hospital,6.4,Whittington Hospital,4.53,Homerton University,2.55
N165SL,51.564655,-0.074935,North,Homerton University,2.51,Royal Free Hospital,6.38,Whittington Hospital,4.52,Homerton University,2.51
N165SN,51.56556,-0.075243,North,Homerton University,2.59,Royal Free Hospital,6.38,Whittington Hospital,4.5,Homerton University,2.59
N165SP,51.564414,-0.075032,North,Homerton University,2.5,Royal Free Hospital,6.37,Whittington Hospital,4.52,Homerton University,2.5
N165SQ,51.565857,-0.075274,North,Homerton University,2.62,Royal Free Hospital,6.39,Whittington Hospital,4.5,Homerton University,2.62
N165SR,51.566027,-0.073607,North,Homerton University,2.54,Royal Free Hospital,6.5,Whittington Hospital,4.61,Homerton University,2.54
N165SS,51.566058,-0.073837,North,Homerton University,2.56,Royal Free Hospital,6.49,Whittington Hospital,4.59,Homerton University,2.56
N165ST,51.570061,-0.077189,North,Homerton University,3.03,Royal Free Hospital,6.38,Whittington Hospital,4.38,Homerton University,3.03
N165SU,51.570061,-0.077189,North,Homerton University,3.03,Royal Free Hospital,6.38,Whittington Hospital,4.38,Homerton University,3.03
N165SW,51.565504,-0.075707,North,Homerton University,2.61,Royal Free Hospital,6.35,Whittington Hospital,4.47,Homerton University,2.61
N165SX,51.566027,-0.073607,North,Homerton University,2.54,Royal Free Hospital,6.5,Whittington Hospital,4.61,Homerton University,2.54
N165SY,51.570061,-0.077189,North,Homerton University,3.03,Royal Free Hospital,6.38,Whittington Hospital,4.38,Homerton University,3.03
N165SZ,51.570116,-0.079466,North,Homerton University,3.15,Royal Free Hospital,6.23,Whittington Hospital,4.22,Homerton University,3.15
N165TA,51.570116,-0.079466,North,Homerton University,3.15,Royal Free Hospital,6.23,Whittington Hospital,4.22,Homerton University,3.15
N165TB,51.566713,-0.073723,North,Homerton University,2.6,Royal Free Hospital,6.51,Whittington Hospital,4.6,Homerton University,2.6
N165TD,51.567458,-0.073662,North,Homerton University,2.65,Royal Free Hospital,6.54,Whittington Hospital,4.61,Homerton University,2.65
N165TE,51.568436,-0.07352,North,Homerton University,2.72,Royal Free Hospital,6.57,Whittington Hospital,4.62,Homerton University,2.72
N165TF,51.568362,-0.073956,North,Homerton University,2.74,Royal Free Hospital,6.54,Whittington Hospital,4.59,Homerton University,2.74
N165TG,51.568351,-0.074375,North,Homerton University,2.76,Royal Free Hospital,6.51,Whittington Hospital,4.56,Homerton University,2.76
N165TH,51.568266,-0.075215,North,Homerton University,2.79,Royal Free Hospital,6.46,Whittington Hospital,4.5,Homerton University,2.79
N165TJ,51.568813,-0.073461,North,Homerton University,2.75,Royal Free Hospital,6.59,Whittington Hospital,4.63,Homerton University,2.75
N165TL,51.569414,-0.073406,North,Homerton University,2.8,Royal Free Hospital,6.61,Whittington Hospital,4.63,Homerton University,2.8
N165TN,51.569775,-0.073434,North,Homerton University,2.83,Royal Free Hospital,6.62,Whittington Hospital,4.64,Homerton University,2.83
N165TP,51.570987,-0.073354,North,Homerton University,2.93,Royal Free Hospital,6.66,Whittington Hospital,4.65,Homerton University,2.93
N165TQ,51.568349,-0.074765,North,Homerton University,2.78,Royal Free Hospital,6.49,Whittington Hospital,4.53,Homerton University,2.78
N165TR,51.571643,-0.073327,North,Homerton University,2.98,Royal Free Hospital,6.69,North Middlesex,4.63,Homerton University,2.98
N165TS,51.570061,-0.077189,North,Homerton University,3.03,Royal Free Hospital,6.38,Whittington Hospital,4.38,Homerton University,3.03
N165TT,51.565175,-0.07373,North,Homerton University,2.49,Royal Free Hospital,6.48,Whittington Hospital,4.6,Homerton University,2.49
N165TU,51.564328,-0.073607,North,Homerton University,2.42,Royal Free Hospital,6.47,Whittington Hospital,4.62,Homerton University,2.42
N165TW,51.573177,-0.07306,North,Homerton University,3.1,Royal Free Hospital,6.76,North Middlesex,4.46,Homerton University,3.1
N165TX,51.570061,-0.077189,North,Homerton University,3.03,Royal Free Hospital,6.38,Whittington Hospital,4.38,Homerton University,3.03
N165TY,51.569149,-0.073677,North,Homerton University,2.79,Royal Free Hospital,6.58,Whittington Hospital,4.61,Homerton University,2.79
N165TZ,51.570194,-0.073258,North,Homerton University,2.85,Royal Free Hospital,6.64,Whittington Hospital,4.65,Homerton University,2.85
N165UA,51.565218,-0.086209,North,Homerton University,3.2,Royal Free Hospital,5.64,Whittington Hospital,3.74,Homerton University,3.2
N165UB,51.565396,-0.085552,North,Homerton University,3.17,Royal Free Hospital,5.68,Whittington Hospital,3.79,Homerton University,3.17
N165UD,51.564361,-0.089924,North,Homerton University,3.38,Royal Free Hospital,5.36,Whittington Hospital,3.49,Homerton University,3.38
N165UG,51.567172,-0.08806,North,Homerton University,3.42,Royal Free Hospital,5.57,Whittington Hospital,3.61,Homerton University,3.42
N165UH,51.566683,-0.08785,North,Homerton University,3.38,Royal Free Hospital,5.57,Whittington Hospital,3.63,Homerton University,3.38
N165UJ,51.565437,-0.090254,North,Homerton University,3.45,Royal Free Hospital,5.37,Whittington Hospital,3.46,Homerton University,3.45
N165UN,51.564808,-0.089775,North,Homerton University,3.39,Royal Free Hospital,5.38,Whittington Hospital,3.5,Homerton University,3.39
N165UP,51.565506,-0.086817,North,Homerton University,3.25,Royal Free Hospital,5.6,Whittington Hospital,3.7,Homerton University,3.25
N165UQ,51.567021,-0.087576,North,Homerton University,3.38,Royal Free Hospital,5.6,Whittington Hospital,3.64,Homerton University,3.38
N165UR,51.56585,-0.085288,North,Homerton University,3.18,Royal Free Hospital,5.71,Whittington Hospital,3.8,Homerton University,3.18
N165US,51.570061,-0.077189,North,Homerton University,3.03,Royal Free Hospital,6.38,Whittington Hospital,4.38,Homerton University,3.03
N165UT,51.570061,-0.077189,North,Homerton University,3.03,Royal Free Hospital,6.38,Whittington Hospital,4.38,Homerton University,3.03
N165UU,51.570061,-0.077189,North,Homerton University,3.03,Royal Free Hospital,6.38,Whittington Hospital,4.38,Homerton University,3.03
N165UW,51.565191,-0.087898,North,Homerton University,3.3,Royal Free Hospital,5.52,Whittington Hospital,3.62,Homerton University,3.3
N165UX,51.566255,-0.088041,North,Homerton University,3.36,Royal Free Hospital,5.54,Whittington Hospital,3.61,Homerton University,3.36
N165UY,51.565958,-0.087462,North,Homerton University,3.31,Royal Free Hospital,5.57,Whittington Hospital,3.65,Homerton University,3.31
N165UZ,51.565874,-0.088403,North,Homerton University,3.36,Royal Free Hospital,5.51,Whittington Hospital,3.59,Homerton University,3.36
N165WA,51.570061,-0.077189,North,Homerton University,3.03,Royal Free Hospital,6.38,Whittington Hospital,4.38,Homerton University,3.03
N165WB,51.570061,-0.077189,North,Homerton University,3.03,Royal Free Hospital,6.38,Whittington Hospital,4.38,Homerton University,3.03
N165WD,51.570061,-0.077189,North,Homerton University,3.03,Royal Free Hospital,6.38,Whittington Hospital,4.38,Homerton University,3.03
N165WE,51.570061,-0.077189,North,Homerton University,3.03,Royal Free Hospital,6.38,Whittington Hospital,4.38,Homerton University,3.03
N165WF,51.570061,-0.077189,North,Homerton University,3.03,Royal Free Hospital,6.38,Whittington Hospital,4.38,Homerton University,3.03
N165WG,51.570087,-0.077101,North,Homerton University,3.03,Royal Free Hospital,6.39,Whittington Hospital,4.39,Homerton University,3.03
N165WH,51.570061,-0.077189,North,Homerton University,3.03,Royal Free Hospital,6.38,Whittington Hospital,4.38,Homerton University,3.03
N165WJ,51.570061,-0.077189,North,Homerton University,3.03,Royal Free Hospital,6.38,Whittington Hospital,4.38,Homerton University,3.03
N165WL,51.570061,-0.077189,North,Homerton University,3.03,Royal Free Hospital,6.38,Whittington Hospital,4.38,Homerton University,3.03
N165WN,51.570061,-0.077189,North,Homerton University,3.03,Royal Free Hospital,6.38,Whittington Hospital,4.38,Homerton University,3.03
N165WP,51.570061,-0.077189,North,Homerton University,3.03,Royal Free Hospital,6.38,Whittington Hospital,4.38,Homerton University,3.03
N165WQ,51.570061,-0.077189,North,Homerton University,3.03,Royal Free Hospital,6.38,Whittington Hospital,4.38,Homerton University,3.03
N165WR,51.570061,-0.077189,North,Homerton University,3.03,Royal Free Hospital,6.38,Whittington Hospital,4.38,Homerton University,3.03
N165WS,51.570087,-0.077101,North,Homerton University,3.03,Royal Free Hospital,6.39,Whittington Hospital,4.39,Homerton University,3.03
N165WT,51.570061,-0.077189,North,Homerton University,3.03,Royal Free Hospital,6.38,Whittington Hospital,4.38,Homerton University,3.03
N165WU,51.570061,-0.077189,North,Homerton University,3.03,Royal Free Hospital,6.38,Whittington Hospital,4.38,Homerton University,3.03
N165WW,51.570087,-0.077101,North,Homerton University,3.03,Royal Free Hospital,6.39,Whittington Hospital,4.39,Homerton University,3.03
N165WX,51.570061,-0.077189,North,Homerton University,3.03,Royal Free Hospital,6.38,Whittington Hospital,4.38,Homerton University,3.03
N165WY,51.570061,-0.077189,North,Homerton University,3.03,Royal Free Hospital,6.38,Whittington Hospital,4.38,Homerton University,3.03
N165WZ,51.570061,-0.077189,North,Homerton University,3.03,Royal Free Hospital,6.38,Whittington Hospital,4.38,Homerton University,3.03
N165XA,51.565482,-0.088088,North,Homerton University,3.32,Royal Free Hospital,5.52,Whittington Hospital,3.61,Homerton University,3.32
N165XB,51.565482,-0.088088,North,Homerton University,3.32,Royal Free Hospital,5.52,Whittington Hospital,3.61,Homerton University,3.32
N165XD,51.570061,-0.077189,North,Homerton University,3.03,Royal Free Hospital,6.38,Whittington Hospital,4.38,Homerton University,3.03
N165XE,51.567857,-0.075521,North,Homerton University,2.78,Royal Free Hospital,6.42,Whittington Hospital,4.48,Homerton University,2.78
N165XF,51.567833,-0.075147,North,Homerton University,2.76,Royal Free Hospital,6.45,Whittington Hospital,4.51,Homerton University,2.76
N165XG,51.566174,-0.088621,North,Homerton University,3.39,Royal Free Hospital,5.5,Whittington Hospital,3.57,Homerton University,3.39
N165XH,51.5662,-0.088563,North,Homerton University,3.39,Royal Free Hospital,5.5,Whittington Hospital,3.58,Homerton University,3.39
N165XJ,51.570061,-0.077189,North,Homerton University,3.03,Royal Free Hospital,6.38,Whittington Hospital,4.38,Homerton University,3.03
N165XL,51.570061,-0.077189,North,Homerton University,3.03,Royal Free Hospital,6.38,Whittington Hospital,4.38,Homerton University,3.03
N165XN,51.570061,-0.077189,North,Homerton University,3.03,Royal Free Hospital,6.38,Whittington Hospital,4.38,Homerton University,3.03
N165XP,51.570061,-0.077189,North,Homerton University,3.03,Royal Free Hospital,6.38,Whittington Hospital,4.38,Homerton University,3.03
N165XQ,51.5662,-0.088563,North,Homerton University,3.39,Royal Free Hospital,5.5,Whittington Hospital,3.58,Homerton University,3.39
N165XR,51.570061,-0.077189,North,Homerton University,3.03,Royal Free Hospital,6.38,Whittington Hospital,4.38,Homerton University,3.03
N165XS,51.570087,-0.077101,North,Homerton University,3.03,Royal Free Hospital,6.39,Whittington Hospital,4.39,Homerton University,3.03
N165XT,51.570061,-0.077189,North,Homerton University,3.03,Royal Free Hospital,6.38,Whittington Hospital,4.38,Homerton University,3.03
N165XU,51.570061,-0.077189,North,Homerton University,3.03,Royal Free Hospital,6.38,Whittington Hospital,4.38,Homerton University,3.03
N165XW,51.570061,-0.077189,North,Homerton University,3.03,Royal Free Hospital,6.38,Whittington Hospital,4.38,Homerton University,3.03
N165XX,51.570575,-0.075089,North,Homerton University,2.97,Royal Free Hospital,6.53,Whittington Hospital,4.53,Homerton University,2.97
N165XY,51.57008,-0.079425,North,Homerton University,3.14,Royal Free Hospital,6.23,Whittington Hospital,4.23,Homerton University,3.14
N165XZ,51.570061,-0.077189,North,Homerton University,3.03,Royal Free Hospital,6.38,Whittington Hospital,4.38,Homerton University,3.03
N165YA,51.570061,-0.077189,North,Homerton University,3.03,Royal Free Hospital,6.38,Whittington Hospital,4.38,Homerton University,3.03
N165YB,51.570061,-0.077189,North,Homerton University,3.03,Royal Free Hospital,6.38,Whittington Hospital,4.38,Homerton University,3.03
N165YD,51.570061,-0.077189,North,Homerton University,3.03,Royal Free Hospital,6.38,Whittington Hospital,4.38,Homerton University,3.03
N165YE,51.570061,-0.077189,North,Homerton University,3.03,Royal Free Hospital,6.38,Whittington Hospital,4.38,Homerton University,3.03
N165YF,51.570061,-0.077189,North,Homerton University,3.03,Royal Free Hospital,6.38,Whittington Hospital,4.38,Homerton University,3.03
N165YG,51.570061,-0.077189,North,Homerton University,3.03,Royal Free Hospital,6.38,Whittington Hospital,4.38,Homerton University,3.03
N165YH,51.570061,-0.077189,North,Homerton University,3.03,Royal Free Hospital,6.38,Whittington Hospital,4.38,Homerton University,3.03
N165YJ,51.570061,-0.077189,North,Homerton University,3.03,Royal Free Hospital,6.38,Whittington Hospital,4.38,Homerton University,3.03
N165YL,51.570087,-0.077101,North,Homerton University,3.03,Royal Free Hospital,6.39,Whittington Hospital,4.39,Homerton University,3.03
N165YN,51.570061,-0.077189,North,Homerton University,3.03,Royal Free Hospital,6.38,Whittington Hospital,4.38,Homerton University,3.03
N165YP,51.570061,-0.077189,North,Homerton University,3.03,Royal Free Hospital,6.38,Whittington Hospital,4.38,Homerton University,3.03
N165YQ,51.570061,-0.077189,North,Homerton University,3.03,Royal Free Hospital,6.38,Whittington Hospital,4.38,Homerton University,3.03
N165YR,51.570061,-0.077189,North,Homerton University,3.03,Royal Free Hospital,6.38,Whittington Hospital,4.38,Homerton University,3.03
N165YS,51.570061,-0.077189,North,Homerton University,3.03,Royal Free Hospital,6.38,Whittington Hospital,4.38,Homerton University,3.03
N165YT,51.570061,-0.077189,North,Homerton University,3.03,Royal Free Hospital,6.38,Whittington Hospital,4.38,Homerton University,3.03
N165YU,51.570087,-0.077101,North,Homerton University,3.03,Royal Free Hospital,6.39,Whittington Hospital,4.39,Homerton University,3.03
N165YW,51.570061,-0.077189,North,Homerton University,3.03,Royal Free Hospital,6.38,Whittington Hospital,4.38,Homerton University,3.03
N165YX,51.570061,-0.077189,North,Homerton University,3.03,Royal Free Hospital,6.38,Whittington Hospital,4.38,Homerton University,3.03
N165YY,51.570061,-0.077189,North,Homerton University,3.03,Royal Free Hospital,6.38,Whittington Hospital,4.38,Homerton University,3.03
N165YZ,51.570087,-0.077101,North,Homerton University,3.03,Royal Free Hospital,6.39,Whittington Hospital,4.39,Homerton University,3.03
N165ZA,51.570116,-0.079466,North,Homerton University,3.15,Royal Free Hospital,6.23,Whittington Hospital,4.22,Homerton University,3.15
N165ZB,51.570622,-0.077973,North,Homerton University,3.11,Royal Free Hospital,6.35,Whittington Hospital,4.33,Homerton University,3.11
N165ZD,51.570116,-0.079466,North,Homerton University,3.15,Royal Free Hospital,6.23,Whittington Hospital,4.22,Homerton University,3.15
N165ZE,51.570116,-0.079466,North,Homerton University,3.15,Royal Free Hospital,6.23,Whittington Hospital,4.22,Homerton University,3.15
N165ZF,51.570061,-0.077189,North,Homerton University,3.03,Royal Free Hospital,6.38,Whittington Hospital,4.38,Homerton University,3.03
N165ZG,51.570087,-0.077101,North,Homerton University,3.03,Royal Free Hospital,6.39,Whittington Hospital,4.39,Homerton University,3.03
N165ZH,51.570061,-0.077189,North,Homerton University,3.03,Royal Free Hospital,6.38,Whittington Hospital,4.38,Homerton University,3.03
N165ZJ,51.570061,-0.077189,North,Homerton University,3.03,Royal Free Hospital,6.38,Whittington Hospital,4.38,Homerton University,3.03
N165ZL,51.570061,-0.077189,North,Homerton University,3.03,Royal Free Hospital,6.38,Whittington Hospital,4.38,Homerton University,3.03
N165ZN,51.570061,-0.077189,North,Homerton University,3.03,Royal Free Hospital,6.38,Whittington Hospital,4.38,Homerton University,3.03
N165ZP,51.570061,-0.077189,North,Homerton University,3.03,Royal Free Hospital,6.38,Whittington Hospital,4.38,Homerton University,3.03
N165ZQ,51.570061,-0.077189,North,Homerton University,3.03,Royal Free Hospital,6.38,Whittington Hospital,4.38,Homerton University,3.03
N165ZR,51.570087,-0.077101,North,Homerton University,3.03,Royal Free Hospital,6.39,Whittington Hospital,4.39,Homerton University,3.03
N165ZS,51.570061,-0.077189,North,Homerton University,3.03,Royal Free Hospital,6.38,Whittington Hospital,4.38,Homerton University,3.03
N165ZT,51.570061,-0.077189,North,Homerton University,3.03,Royal Free Hospital,6.38,Whittington Hospital,4.38,Homerton University,3.03
N165ZW,51.570061,-0.077189,North,Homerton University,3.03,Royal Free Hospital,6.38,Whittington Hospital,4.38,Homerton University,3.03
N166AA,51.565079,-0.06841,North,Homerton University,2.21,Royal Free Hospital,6.83,Whittington Hospital,4.97,Homerton University,2.21
N166AB,51.565302,-0.06726,North,Homerton University,2.17,Royal Free Hospital,6.92,Whipps Cross,5.01,Homerton University,2.17
N166AD,51.565428,-0.066173,North,Homerton University,2.13,Royal Free Hospital,6.99,Whipps Cross,4.93,Homerton University,2.13
N166AE,51.576477,-0.061086,North,Homerton University,3.03,Royal Free Hospital,7.66,North Middlesex,4.18,Homerton University,3.03
N166AF,51.576343,-0.061669,North,Homerton University,3.03,Royal Free Hospital,7.62,North Middlesex,4.18,Homerton University,3.03
N166AG,51.576218,-0.062266,North,Homerton University,3.04,Royal Free Hospital,7.57,North Middlesex,4.19,Homerton University,3.04
N166AH,51.565527,-0.064538,North,Homerton University,2.07,Royal Free Hospital,7.11,Whipps Cross,4.82,Homerton University,2.07
N166AJ,51.565067,-0.063865,North,Homerton University,2.0,Royal Free Hospital,7.14,Whipps Cross,4.79,Homerton University,2.0
N166AL,51.566619,-0.065285,North,Homerton University,2.2,Royal Free Hospital,7.08,Whipps Cross,4.83,Homerton University,2.2
N166AN,51.576207,-0.061574,North,Homerton University,3.02,Royal Free Hospital,7.62,North Middlesex,4.2,Homerton University,3.02
N166AP,51.565564,-0.062416,North,Homerton University,1.99,Royal Free Hospital,7.25,Whipps Cross,4.68,Homerton University,1.99
N166AQ,51.566709,-0.07241,North,Homerton University,2.53,Royal Free Hospital,6.6,Whittington Hospital,4.69,Homerton University,2.53
N166AR,51.565676,-0.061559,North,Homerton University,1.97,Royal Free Hospital,7.31,Whipps Cross,4.62,Homerton University,1.97
N166AS,51.565841,-0.060687,North,Homerton University,1.95,Royal Free Hospital,7.37,Whipps Cross,4.56,Homerton University,1.95
N166AT,51.566369,-0.062699,North,Homerton University,2.07,Royal Free Hospital,7.25,Whipps Cross,4.67,Homerton University,2.07
N166AU,51.566177,-0.063587,North,Homerton University,2.09,Royal Free Hospital,7.18,Whipps Cross,4.74,Homerton University,2.09
N166AW,51.570061,-0.077189,North,Homerton University,3.03,Royal Free Hospital,6.38,Whittington Hospital,4.38,Homerton University,3.03
N166AX,51.566037,-0.064343,North,Homerton University,2.11,Royal Free Hospital,7.13,Whipps Cross,4.79,Homerton University,2.11
N166AY,51.575796,-0.062832,North,Homerton University,3.01,Royal Free Hospital,7.52,North Middlesex,4.23,Homerton University,3.01
N166AZ,51.566091,-0.072003,North,Homerton University,2.46,Royal Free Hospital,6.61,Whittington Hospital,4.72,Homerton University,2.46
N166BB,51.565772,-0.06737,North,Homerton University,2.22,Royal Free Hospital,6.92,Whipps Cross,5.0,Homerton University,2.22
N166BD,51.564033,-0.072075,North,Homerton University,2.32,Royal Free Hospital,6.56,Whittington Hospital,4.72,Homerton University,2.32
N166BE,51.56432,-0.070923,North,Homerton University,2.28,Royal Free Hospital,6.65,Whittington Hospital,4.8,Homerton University,2.28
N166BG,51.570061,-0.077189,North,Homerton University,3.03,Royal Free Hospital,6.38,Whittington Hospital,4.38,Homerton University,3.03
N166BH,51.563071,-0.070428,North,Homerton University,2.16,Royal Free Hospital,6.66,Whittington Hospital,4.84,Homerton University,2.16
N166BJ,51.564761,-0.06988,North,Homerton University,2.26,Royal Free Hospital,6.73,Whittington Hospital,4.87,Homerton University,2.26
N166BL,51.574443,-0.062616,North,Homerton University,2.86,Royal Free Hospital,7.49,North Middlesex,4.38,Homerton University,2.86
N166BN,51.565665,-0.067966,North,Homerton University,2.24,Royal Free Hospital,6.88,Whittington Hospital,5.0,Homerton University,2.24
N166BP,51.572967,-0.066344,North,Homerton University,2.83,Royal Free Hospital,7.19,North Middlesex,4.51,Homerton University,2.83
N166BQ,51.563835,-0.070453,North,Homerton University,2.22,Royal Free Hospital,6.67,Whittington Hospital,4.84,Homerton University,2.22
N166BS,51.573543,-0.064732,North,Homerton University,2.83,Royal Free Hospital,7.32,North Middlesex,4.46,Homerton University,2.83
N166BT,51.573057,-0.064709,North,Homerton University,2.79,Royal Free Hospital,7.3,North Middlesex,4.51,Homerton University,2.79
N166BU,51.573929,-0.063576,North,Homerton University,2.84,Royal Free Hospital,7.41,North Middlesex,4.43,Homerton University,2.84
N166BW,51.563963,-0.071097,North,Homerton University,2.26,Royal Free Hospital,6.63,Whittington Hospital,4.79,Homerton University,2.26
N166BX,51.574388,-0.063614,North,Homerton University,2.89,Royal Free Hospital,7.42,North Middlesex,4.38,Homerton University,2.89
N166BY,51.563762,-0.070947,North,Homerton University,2.24,Royal Free Hospital,6.63,Whittington Hospital,4.8,Homerton University,2.24
N166BZ,51.57512,-0.063323,North,Homerton University,2.95,Royal Free Hospital,7.46,North Middlesex,4.3,Homerton University,2.95
N166DA,51.57511,-0.0638,North,Homerton University,2.96,Royal Free Hospital,7.43,North Middlesex,4.29,Homerton University,2.96
N166DB,51.575938,-0.062191,North,Homerton University,3.01,Royal Free Hospital,7.57,North Middlesex,4.22,Homerton University,3.01
N166DD,51.574797,-0.061143,North,Homerton University,2.86,Royal Free Hospital,7.6,North Middlesex,4.36,Homerton University,2.86
N166DE,51.575613,-0.063215,North,Homerton University,3.0,Royal Free Hospital,7.49,North Middlesex,4.24,Homerton University,3.0
N166DF,51.576872,-0.062108,North,Homerton University,3.1,Royal Free Hospital,7.61,North Middlesex,4.12,Homerton University,3.1
N166DG,51.576453,-0.063959,North,Homerton University,3.11,Royal Free Hospital,7.47,North Middlesex,4.14,Homerton University,3.11
N166DH,51.575164,-0.064317,North,Homerton University,2.98,Royal Free Hospital,7.4,North Middlesex,4.28,Homerton University,2.98
N166DJ,51.576288,-0.065424,North,Homerton University,3.13,Royal Free Hospital,7.37,North Middlesex,4.15,Homerton University,3.13
N166DL,51.575055,-0.064827,North,Homerton University,2.99,Royal Free Hospital,7.36,North Middlesex,4.29,Homerton University,2.99
N166DN,51.575238,-0.061196,North,Homerton University,2.91,Royal Free Hospital,7.61,North Middlesex,4.31,Homerton University,2.91
N166DP,51.56985,-0.06763,North,Homerton University,2.58,Royal Free Hospital,7.01,North Middlesex,4.85,Homerton University,2.58
N166DQ,51.575845,-0.064201,North,Homerton University,3.05,Royal Free Hospital,7.43,North Middlesex,4.21,Homerton University,3.05
N166DR,51.573136,-0.066755,North,Homerton University,2.86,Royal Free Hospital,7.17,North Middlesex,4.49,Homerton University,2.86
N166DS,51.573328,-0.06643,North,Homerton University,2.87,Royal Free Hospital,7.2,North Middlesex,4.47,Homerton University,2.87
N166DT,51.574664,-0.065623,North,Homerton University,2.97,Royal Free Hospital,7.3,North Middlesex,4.33,Homerton University,2.97
N166DU,51.574451,-0.064693,North,Homerton University,2.92,Royal Free Hospital,7.35,North Middlesex,4.36,Homerton University,2.92
N166DW,51.573808,-0.064981,North,Homerton University,2.87,Royal Free Hospital,7.31,North Middlesex,4.43,Homerton University,2.87
N166DX,51.573467,-0.066121,North,Homerton University,2.87,Royal Free Hospital,7.22,North Middlesex,4.45,Homerton University,2.87
N166DZ,51.570061,-0.077189,North,Homerton University,3.03,Royal Free Hospital,6.38,Whittington Hospital,4.38,Homerton University,3.03
N166EA,51.570719,-0.071259,North,Homerton University,2.81,Royal Free Hospital,6.79,North Middlesex,4.74,Homerton University,2.81
N166EB,51.571431,-0.070248,North,Homerton University,2.83,Royal Free Hospital,6.88,North Middlesex,4.66,Homerton University,2.83
N166ED,51.571349,-0.069659,North,Homerton University,2.8,Royal Free Hospital,6.92,North Middlesex,4.67,Homerton University,2.8
N166EE,51.570208,-0.069203,North,Homerton University,2.68,Royal Free Hospital,6.91,North Middlesex,4.8,Homerton University,2.68
N166EF,51.570546,-0.069477,North,Homerton University,2.72,Royal Free Hospital,6.91,North Middlesex,4.76,Homerton University,2.72
N166EG,51.570504,-0.070763,North,Homerton University,2.77,Royal Free Hospital,6.82,North Middlesex,4.76,Homerton University,2.77
N166EH,51.571123,-0.069582,North,Homerton University,2.78,Royal Free Hospital,6.92,North Middlesex,4.7,Homerton University,2.78
N166EJ,51.569034,-0.069397,North,Homerton University,2.59,Royal Free Hospital,6.87,Whittington Hospital,4.91,Homerton University,2.59
N166EL,51.568754,-0.069365,North,Homerton University,2.56,Royal Free Hospital,6.86,Whittington Hospital,4.91,Homerton University,2.56
N166EP,51.568493,-0.069896,North,Homerton University,2.56,Royal Free Hospital,6.82,Whittington Hospital,4.87,Homerton University,2.56
N166EQ,51.570504,-0.070763,North,Homerton University,2.77,Royal Free Hospital,6.82,North Middlesex,4.76,Homerton University,2.77
N166ES,51.569573,-0.069922,North,Homerton University,2.65,Royal Free Hospital,6.85,North Middlesex,4.87,Homerton University,2.65
N166ET,51.571323,-0.068636,North,Homerton University,2.76,Royal Free Hospital,6.99,North Middlesex,4.68,Homerton University,2.76
N166EU,51.571377,-0.067017,North,Homerton University,2.7,Royal Free Hospital,7.09,North Middlesex,4.68,Homerton University,2.7
N166EW,51.570061,-0.077189,North,Homerton University,3.03,Royal Free Hospital,6.38,Whittington Hospital,4.38,Homerton University,3.03
N166EX,51.570996,-0.066759,North,Homerton University,2.66,Royal Free Hospital,7.1,North Middlesex,4.72,Homerton University,2.66
N166EY,51.570456,-0.067879,North,Homerton University,2.65,Royal Free Hospital,7.01,North Middlesex,4.78,Homerton University,2.65
N166EZ,51.570717,-0.071158,North,Homerton University,2.81,Royal Free Hospital,6.8,North Middlesex,4.74,Homerton University,2.81
N166GZ,51.570061,-0.077189,North,Homerton University,3.03,Royal Free Hospital,6.38,Whittington Hospital,4.38,Homerton University,3.03
N166HA,51.571312,-0.067973,North,Homerton University,2.73,Royal Free Hospital,7.03,North Middlesex,4.68,Homerton University,2.73
N166HD,51.570376,-0.070638,North,Homerton University,2.76,Royal Free Hospital,6.82,North Middlesex,4.78,Homerton University,2.76
N166HH,51.569818,-0.070604,North,Homerton University,2.71,Royal Free Hospital,6.81,North Middlesex,4.84,Homerton University,2.71
N166HJ,51.570387,-0.07185,North,Homerton University,2.81,Royal Free Hospital,6.74,Whittington Hospital,4.75,Homerton University,2.81
N166HL,51.567784,-0.069435,North,Homerton University,2.48,Royal Free Hospital,6.83,Whittington Hospital,4.9,Homerton University,2.48
N166HN,51.565939,-0.066627,North,Homerton University,2.2,Royal Free Hospital,6.97,Whipps Cross,4.94,Homerton University,2.2
N166HP,51.567176,-0.065796,North,Homerton University,2.27,Royal Free Hospital,7.06,Whipps Cross,4.85,Homerton University,2.27
N166HQ,51.570061,-0.077189,North,Homerton University,3.03,Royal Free Hospital,6.38,Whittington Hospital,4.38,Homerton University,3.03
N166HR,51.568333,-0.064015,North,Homerton University,2.31,Royal Free Hospital,7.21,Whipps Cross,4.7,Homerton University,2.31
N166HS,51.567275,-0.065272,North,Homerton University,2.26,Royal Free Hospital,7.1,Whipps Cross,4.81,Homerton University,2.26
N166HT,51.568209,-0.063544,North,Homerton University,2.28,Royal Free Hospital,7.24,Whipps Cross,4.67,Homerton University,2.28
N166HU,51.566814,-0.065147,North,Homerton University,2.21,Royal Free Hospital,7.09,Whipps Cross,4.82,Homerton University,2.21
N166HW,51.565939,-0.066627,North,Homerton University,2.2,Royal Free Hospital,6.97,Whipps Cross,4.94,Homerton University,2.2
N166HX,51.566426,-0.064514,North,Homerton University,2.15,Royal Free Hospital,7.13,Whipps Cross,4.79,Homerton University,2.15
N166HY,51.565916,-0.065185,North,Homerton University,2.13,Royal Free Hospital,7.07,Whipps Cross,4.85,Homerton University,2.13
N166HZ,51.565916,-0.065185,North,Homerton University,2.13,Royal Free Hospital,7.07,Whipps Cross,4.85,Homerton University,2.13
N166JA,51.567466,-0.06434,North,Homerton University,2.24,Royal Free Hospital,7.16,Whipps Cross,4.75,Homerton University,2.24
N166JB,51.568429,-0.062164,North,Homerton University,2.25,Royal Free Hospital,7.33,Whipps Cross,4.57,Homerton University,2.25
N166JD,51.567272,-0.064031,North,Homerton University,2.21,Royal Free Hospital,7.18,Whipps Cross,4.73,Homerton University,2.21
N166JE,51.569949,-0.067641,North,Homerton University,2.59,Royal Free Hospital,7.01,North Middlesex,4.83,Homerton University,2.59
N166JG,51.56985,-0.06763,North,Homerton University,2.58,Royal Free Hospital,7.01,North Middlesex,4.85,Homerton University,2.58
N166JH,51.567823,-0.062522,North,Homerton University,2.2,Royal Free Hospital,7.3,Whipps Cross,4.61,Homerton University,2.2
N166JJ,51.566964,-0.06276,North,Homerton University,2.13,Royal Free Hospital,7.26,Whipps Cross,4.66,Homerton University,2.13
N166JL,51.567221,-0.063067,North,Homerton University,2.17,Royal Free Hospital,7.24,Whipps Cross,4.67,Homerton University,2.17
N166JP,51.566844,-0.062029,North,Homerton University,2.09,Royal Free Hospital,7.31,Whipps Cross,4.61,Homerton University,2.09
N166JR,51.566767,-0.062263,North,Homerton University,2.09,Royal Free Hospital,7.29,Whipps Cross,4.63,Homerton University,2.09
N166JS,51.57145,-0.073609,North,Homerton University,2.98,Royal Free Hospital,6.66,Whittington Hospital,4.64,Homerton University,2.98
N166JT,51.566716,-0.061371,North,Homerton University,2.06,Royal Free Hospital,7.35,Whipps Cross,4.57,Homerton University,2.06
N166JU,51.566308,-0.061201,North,Homerton University,2.01,Royal Free Hospital,7.35,Whipps Cross,4.57,Homerton University,2.01
N166JW,51.566767,-0.062263,North,Homerton University,2.09,Royal Free Hospital,7.29,Whipps Cross,4.63,Homerton University,2.09
N166JX,51.570061,-0.077189,North,Homerton University,3.03,Royal Free Hospital,6.38,Whittington Hospital,4.38,Homerton University,3.03
N166JZ,51.565868,-0.062302,North,Homerton University,2.01,Royal Free Hospital,7.27,Whipps Cross,4.66,Homerton University,2.01
N166LA,51.567031,-0.067909,North,Homerton University,2.35,Royal Free Hospital,6.91,Whipps Cross,5.0,Homerton University,2.35
N166LB,51.567194,-0.067454,North,Homerton University,2.34,Royal Free Hospital,6.95,Whipps Cross,4.96,Homerton University,2.34
N166LD,51.567638,-0.067681,North,Homerton University,2.39,Royal Free Hospital,6.94,Whipps Cross,4.96,Homerton University,2.39
N166LF,51.570061,-0.077189,North,Homerton University,3.03,Royal Free Hospital,6.38,Whittington Hospital,4.38,Homerton University,3.03
N166LG,51.567761,-0.067993,North,Homerton University,2.41,Royal Free Hospital,6.93,Whipps Cross,4.98,Homerton University,2.41
N166LH,51.568175,-0.066922,North,Homerton University,2.41,Royal Free Hospital,7.01,Whipps Cross,4.9,Homerton University,2.41
N166LJ,51.568452,-0.067415,North,Homerton University,2.45,Royal Free Hospital,6.98,Whipps Cross,4.93,Homerton University,2.45
N166LL,51.568631,-0.066787,North,Homerton University,2.44,Royal Free Hospital,7.03,Whipps Cross,4.88,Homerton University,2.44
N166LP,51.568704,-0.06739,North,Homerton University,2.47,Royal Free Hospital,6.99,Whipps Cross,4.92,Homerton University,2.47
N166LQ,51.570061,-0.077189,North,Homerton University,3.03,Royal Free Hospital,6.38,Whittington Hospital,4.38,Homerton University,3.03
N166LR,51.568579,-0.066342,North,Homerton University,2.42,Royal Free Hospital,7.06,Whipps Cross,4.85,Homerton University,2.42
N166LS,51.568684,-0.066713,North,Homerton University,2.44,Royal Free Hospital,7.04,Whipps Cross,4.87,Homerton University,2.44
N166LT,51.568836,-0.067255,North,Homerton University,2.48,Royal Free Hospital,7.0,Whipps Cross,4.91,Homerton University,2.48
N166LU,51.569339,-0.065011,North,Homerton University,2.44,Royal Free Hospital,7.17,Whipps Cross,4.74,Homerton University,2.44
N166LX,51.569913,-0.067628,North,Homerton University,2.59,Royal Free Hospital,7.01,North Middlesex,4.84,Homerton University,2.59
N166LY,51.56985,-0.06763,North,Homerton University,2.58,Royal Free Hospital,7.01,North Middlesex,4.85,Homerton University,2.58
N166LZ,51.56951,-0.065033,North,Homerton University,2.45,Royal Free Hospital,7.17,Whipps Cross,4.74,Homerton University,2.45
N166NA,51.568746,-0.065585,North,Homerton University,2.4,Royal Free Hospital,7.11,Whipps Cross,4.79,Homerton University,2.4
N166NB,51.569589,-0.063817,North,Homerton University,2.42,Royal Free Hospital,7.25,Whipps Cross,4.66,Homerton University,2.42
N166ND,51.568413,-0.06557,North,Homerton University,2.37,Royal Free Hospital,7.11,Whipps Cross,4.8,Homerton University,2.37
N166NF,51.568612,-0.065071,North,Homerton University,2.37,Royal Free Hospital,7.14,Whipps Cross,4.76,Homerton University,2.37
N166NH,51.569266,-0.063283,North,Homerton University,2.37,Royal Free Hospital,7.28,Whipps Cross,4.63,Homerton University,2.37
N166NJ,51.568384,-0.064893,North,Homerton University,2.34,Royal Free Hospital,7.15,Whipps Cross,4.76,Homerton University,2.34
N166NL,51.567016,-0.066495,North,Homerton University,2.28,Royal Free Hospital,7.01,Whipps Cross,4.9,Homerton University,2.28
N166NN,51.566838,-0.066589,North,Homerton University,2.27,Royal Free Hospital,7.0,Whipps Cross,4.91,Homerton University,2.27
N166NP,51.56698,-0.067016,North,Homerton University,2.3,Royal Free Hospital,6.97,Whipps Cross,4.94,Homerton University,2.3
N166NR,51.566072,-0.065915,North,Homerton University,2.18,Royal Free Hospital,7.02,Whipps Cross,4.89,Homerton University,2.18
N166NS,51.566225,-0.067048,North,Homerton University,2.24,Royal Free Hospital,6.95,Whipps Cross,4.96,Homerton University,2.24
N166NT,51.566199,-0.067626,North,Homerton University,2.26,Royal Free Hospital,6.91,Whipps Cross,5.0,Homerton University,2.26
N166NU,51.566458,-0.067529,North,Homerton University,2.28,Royal Free Hospital,6.92,Whipps Cross,4.99,Homerton University,2.28
N166NX,51.570061,-0.077189,North,Homerton University,3.03,Royal Free Hospital,6.38,Whittington Hospital,4.38,Homerton University,3.03
N166PA,51.56487,-0.071016,North,Homerton University,2.32,Royal Free Hospital,6.65,Whittington Hospital,4.79,Homerton University,2.32
N166PD,51.5654,-0.069334,North,Homerton University,2.28,Royal Free Hospital,6.78,Whittington Hospital,4.91,Homerton University,2.28
N166PG,51.570061,-0.077189,North,Homerton University,3.03,Royal Free Hospital,6.38,Whittington Hospital,4.38,Homerton University,3.03
N166PH,51.566225,-0.068664,North,Homerton University,2.31,Royal Free Hospital,6.84,Whittington Hospital,4.95,Homerton University,2.31
N166PJ,51.566055,-0.068152,North,Homerton University,2.28,Royal Free Hospital,6.87,Whittington Hospital,4.99,Homerton University,2.28
N166PL,51.566857,-0.068277,North,Homerton University,2.35,Royal Free Hospital,6.88,Whittington Hospital,4.98,Homerton University,2.35
N166PP,51.566918,-0.068707,North,Homerton University,2.37,Royal Free Hospital,6.86,Whittington Hospital,4.95,Homerton University,2.37
N166PQ,51.57056,-0.068711,North,Homerton University,2.69,Royal Free Hospital,6.96,North Middlesex,4.76,Homerton University,2.69
N166PR,51.568205,-0.068248,North,Homerton University,2.46,Royal Free Hospital,6.92,Whittington Hospital,4.98,Homerton University,2.46
N166PS,51.568879,-0.068739,North,Homerton University,2.54,Royal Free Hospital,6.91,North Middlesex,4.95,Homerton University,2.54
N166PT,51.570913,-0.068292,North,Homerton University,2.71,Royal Free Hospital,7.0,North Middlesex,4.72,Homerton University,2.71
N166PU,51.569519,-0.068279,North,Homerton University,2.58,Royal Free Hospital,6.95,North Middlesex,4.88,Homerton University,2.58
N166PX,51.569554,-0.067672,North,Homerton University,2.56,Royal Free Hospital,7.0,North Middlesex,4.88,Homerton University,2.56
N166PZ,51.570061,-0.077189,North,Homerton University,3.03,Royal Free Hospital,6.38,Whittington Hospital,4.38,Homerton University,3.03
N166QA,51.569109,-0.067445,North,Homerton University,2.51,Royal Free Hospital,7.0,Whipps Cross,4.91,Homerton University,2.51
N166QB,51.57028,-0.06754,North,Homerton University,2.62,Royal Free Hospital,7.03,North Middlesex,4.8,Homerton University,2.62
N166QE,51.569982,-0.066369,North,Homerton University,2.55,Royal Free Hospital,7.1,Whipps Cross,4.82,Homerton University,2.55
N166QF,51.569719,-0.065702,North,Homerton University,2.5,Royal Free Hospital,7.13,Whipps Cross,4.78,Homerton University,2.5
N166QG,51.569694,-0.065242,North,Homerton University,2.48,Royal Free Hospital,7.16,Whipps Cross,4.75,Homerton University,2.48
N166QL,51.570554,-0.067269,North,Homerton University,2.64,Royal Free Hospital,7.05,North Middlesex,4.77,Homerton University,2.64
N166QP,51.570145,-0.072452,North,Homerton University,2.81,Royal Free Hospital,6.7,Whittington Hospital,4.71,Homerton University,2.81
N166QQ,51.569913,-0.067628,North,Homerton University,2.59,Royal Free Hospital,7.01,North Middlesex,4.84,Homerton University,2.59
N166QR,51.570105,-0.071646,North,Homerton University,2.78,Royal Free Hospital,6.75,Whittington Hospital,4.76,Homerton University,2.78
N166QS,51.569963,-0.071248,North,Homerton University,2.75,Royal Free Hospital,6.77,Whittington Hospital,4.79,Homerton University,2.75
N166QT,51.571536,-0.072249,North,Homerton University,2.93,Royal Free Hospital,6.75,North Middlesex,4.64,Homerton University,2.93
N166QU,51.570791,-0.072338,North,Homerton University,2.86,Royal Free Hospital,6.72,North Middlesex,4.73,Homerton University,2.86
N166QW,51.56985,-0.06763,North,Homerton University,2.58,Royal Free Hospital,7.01,North Middlesex,4.85,Homerton University,2.58
N166QX,51.572435,-0.072254,North,Homerton University,3.01,Royal Free Hospital,6.78,North Middlesex,4.54,Homerton University,3.01
N166RA,51.572918,-0.072118,North,Homerton University,3.04,Royal Free Hospital,6.81,North Middlesex,4.49,Homerton University,3.04
N166RB,51.572325,-0.072129,North,Homerton University,2.99,Royal Free Hospital,6.79,North Middlesex,4.56,Homerton University,2.99
N166RD,51.574006,-0.072087,North,Homerton University,3.14,Royal Free Hospital,6.85,North Middlesex,4.37,Homerton University,3.14
N166RE,51.570061,-0.077189,North,Homerton University,3.03,Royal Free Hospital,6.38,Whittington Hospital,4.38,Homerton University,3.03
N166RF,51.572325,-0.072129,North,Homerton University,2.99,Royal Free Hospital,6.79,North Middlesex,4.56,Homerton University,2.99
N166RG,51.571426,-0.072167,North,Homerton University,2.91,Royal Free Hospital,6.76,North Middlesex,4.66,Homerton University,2.91
N166RH,51.571783,-0.07143,North,Homerton University,2.91,Royal Free Hospital,6.82,North Middlesex,4.62,Homerton University,2.91
N166RJ,51.571666,-0.070873,North,Homerton University,2.88,Royal Free Hospital,6.85,North Middlesex,4.63,Homerton University,2.88
N166RL,51.569691,-0.071115,North,Homerton University,2.72,Royal Free Hospital,6.77,Whittington Hospital,4.8,Homerton University,2.72
N166RP,51.568306,-0.071058,North,Homerton University,2.6,Royal Free Hospital,6.73,Whittington Hospital,4.79,Homerton University,2.6
N166RR,51.568726,-0.072036,North,Homerton University,2.68,Royal Free Hospital,6.68,Whittington Hospital,4.72,Homerton University,2.68
N166RS,51.568726,-0.072036,North,Homerton University,2.68,Royal Free Hospital,6.68,Whittington Hospital,4.72,Homerton University,2.68
N166RT,51.569426,-0.071934,North,Homerton University,2.73,Royal Free Hospital,6.71,Whittington Hospital,4.74,Homerton University,2.73
N166RU,51.569227,-0.072419,North,Homerton University,2.74,Royal Free Hospital,6.67,Whittington Hospital,4.7,Homerton University,2.74
N166RX,51.569685,-0.072385,North,Homerton University,2.77,Royal Free Hospital,6.69,Whittington Hospital,4.71,Homerton University,2.77
N166RY,51.570061,-0.077189,North,Homerton University,3.03,Royal Free Hospital,6.38,Whittington Hospital,4.38,Homerton University,3.03
N166RZ,51.569302,-0.071478,North,Homerton University,2.7,Royal Free Hospital,6.73,Whittington Hospital,4.77,Homerton University,2.7
N166SA,51.569667,-0.071808,North,Homerton University,2.75,Royal Free Hospital,6.72,Whittington Hospital,4.75,Homerton University,2.75
N166SB,51.570369,-0.072414,North,Homerton University,2.83,Royal Free Hospital,6.71,Whittington Hospital,4.71,Homerton University,2.83
N166SD,51.574205,-0.067821,North,Homerton University,3.0,Royal Free Hospital,7.14,North Middlesex,4.36,Homerton University,3.0
N166SE,51.56985,-0.06763,North,Homerton University,2.58,Royal Free Hospital,7.01,North Middlesex,4.85,Homerton University,2.58
N166SF,51.574122,-0.072053,North,Homerton University,3.15,Royal Free Hospital,6.86,North Middlesex,4.36,Homerton University,3.15
N166SG,51.569667,-0.071808,North,Homerton University,2.75,Royal Free Hospital,6.72,Whittington Hospital,4.75,Homerton University,2.75
N166SH,51.574598,-0.070936,North,Homerton University,3.15,Royal Free Hospital,6.95,North Middlesex,4.31,Homerton University,3.15
N166SJ,51.574823,-0.069281,North,Homerton University,3.11,Royal Free Hospital,7.07,North Middlesex,4.29,Homerton University,3.11
N166SL,51.574951,-0.068295,North,Homerton University,3.09,Royal Free Hospital,7.13,North Middlesex,4.28,Homerton University,3.09
N166SN,51.57495,-0.067689,North,Homerton University,3.07,Royal Free Hospital,7.17,North Middlesex,4.28,Homerton University,3.07
N166SP,51.574706,-0.068161,North,Homerton University,3.06,Royal Free Hospital,7.13,North Middlesex,4.3,Homerton University,3.06
N166SQ,51.570061,-0.077189,North,Homerton University,3.03,Royal Free Hospital,6.38,Whittington Hospital,4.38,Homerton University,3.03
N166SR,51.570061,-0.077189,North,Homerton University,3.03,Royal Free Hospital,6.38,Whittington Hospital,4.38,Homerton University,3.03
N166SS,51.574656,-0.067355,North,Homerton University,3.03,Royal Free Hospital,7.18,North Middlesex,4.31,Homerton University,3.03
N166ST,51.575131,-0.067262,North,Homerton University,3.07,Royal Free Hospital,7.21,North Middlesex,4.26,Homerton University,3.07
N166SU,51.574861,-0.066697,North,Homerton University,3.03,Royal Free Hospital,7.24,North Middlesex,4.3,Homerton University,3.03
N166SW,51.570061,-0.077189,North,Homerton University,3.03,Royal Free Hospital,6.38,Whittington Hospital,4.38,Homerton University,3.03
N166SX,51.57353,-0.066118,North,Homerton University,2.88,Royal Free Hospital,7.23,North Middlesex,4.45,Homerton University,2.88
N166SY,51.570061,-0.077189,North,Homerton University,3.03,Royal Free Hospital,6.38,Whittington Hospital,4.38,Homerton University,3.03
N166SZ,51.570061,-0.077189,North,Homerton University,3.03,Royal Free Hospital,6.38,Whittington Hospital,4.38,Homerton University,3.03
N166TA,51.574527,-0.066032,North,Homerton University,2.97,Royal Free Hospital,7.27,North Middlesex,4.34,Homerton University,2.97
N166TB,51.576286,-0.065828,North,Homerton University,3.14,Royal Free Hospital,7.35,North Middlesex,4.15,Homerton University,3.14
N166TD,51.576304,-0.066361,North,Homerton University,3.16,Royal Free Hospital,7.31,North Middlesex,4.14,Homerton University,3.16
N166TE,51.570061,-0.077189,North,Homerton University,3.03,Royal Free Hospital,6.38,Whittington Hospital,4.38,Homerton University,3.03
N166TF,51.570061,-0.077189,North,Homerton University,3.03,Royal Free Hospital,6.38,Whittington Hospital,4.38,Homerton University,3.03
N166TG,51.575848,-0.06765,North,Homerton University,3.16,Royal Free Hospital,7.21,North Middlesex,4.18,Homerton University,3.16
N166TH,51.575592,-0.066853,North,Homerton University,3.1,Royal Free Hospital,7.25,North Middlesex,4.21,Homerton University,3.1
N166TJ,51.575164,-0.069758,North,Homerton University,3.16,Royal Free Hospital,7.05,North Middlesex,4.25,Homerton University,3.16
N166TL,51.575445,-0.070482,North,Homerton University,3.21,Royal Free Hospital,7.01,North Middlesex,4.21,Homerton University,3.21
N166TN,51.56985,-0.06763,North,Homerton University,2.58,Royal Free Hospital,7.01,North Middlesex,4.85,Homerton University,2.58
N166TP,51.575842,-0.067824,North,Homerton University,3.16,Royal Free Hospital,7.2,North Middlesex,4.18,Homerton University,3.16
N166TQ,51.570061,-0.077189,North,Homerton University,3.03,Royal Free Hospital,6.38,Whittington Hospital,4.38,Homerton University,3.03
N166TR,51.575721,-0.070326,North,Homerton University,3.23,Royal Free Hospital,7.03,North Middlesex,4.18,Homerton University,3.23
N166TS,51.576045,-0.068147,North,Homerton University,3.19,Royal Free Hospital,7.19,North Middlesex,4.16,Homerton University,3.19
N166TT,51.573816,-0.072023,North,Homerton University,3.12,Royal Free Hospital,6.85,North Middlesex,4.39,Homerton University,3.12
N166TU,51.574481,-0.071995,North,Homerton University,3.18,Royal Free Hospital,6.88,North Middlesex,4.32,Homerton University,3.18
N166TW,51.574291,-0.071916,North,Homerton University,3.16,Royal Free Hospital,6.87,North Middlesex,4.34,Homerton University,3.16
N166TX,51.574768,-0.071954,North,Homerton University,3.21,Royal Free Hospital,6.89,North Middlesex,4.29,Homerton University,3.21
N166TY,51.575011,-0.071943,North,Homerton University,3.23,Royal Free Hospital,6.9,North Middlesex,4.26,Homerton University,3.23
N166TZ,51.575562,-0.072093,North,Homerton University,3.28,Royal Free Hospital,6.91,North Middlesex,4.2,Homerton University,3.28
N166UA,51.573648,-0.070024,North,Homerton University,3.03,Royal Free Hospital,6.97,North Middlesex,4.41,Homerton University,3.03
N166UB,51.573522,-0.068341,North,Homerton University,2.95,Royal Free Hospital,7.08,North Middlesex,4.43,Homerton University,2.95
N166UD,51.57346,-0.067853,North,Homerton University,2.93,Royal Free Hospital,7.11,North Middlesex,4.44,Homerton University,2.93
N166UE,51.574285,-0.070444,North,Homerton University,3.1,Royal Free Hospital,6.97,North Middlesex,4.34,Homerton University,3.1
N166UF,51.574241,-0.068325,North,Homerton University,3.02,Royal Free Hospital,7.11,North Middlesex,4.36,Homerton University,3.02
N166UG,51.574251,-0.07007,North,Homerton University,3.09,Royal Free Hospital,6.99,North Middlesex,4.35,Homerton University,3.09
N166UH,51.565267,-0.071634,North,Homerton University,2.38,Royal Free Hospital,6.62,Whittington Hospital,4.75,Homerton University,2.38
N166UJ,51.570061,-0.077189,North,Homerton University,3.03,Royal Free Hospital,6.38,Whittington Hospital,4.38,Homerton University,3.03
N166UL,51.565456,-0.07115,North,Homerton University,2.37,Royal Free Hospital,6.66,Whittington Hospital,4.78,Homerton University,2.37
N166UN,51.565583,-0.071187,North,Homerton University,2.38,Royal Free Hospital,6.66,Whittington Hospital,4.78,Homerton University,2.38
N166UP,51.566079,-0.071268,North,Homerton University,2.43,Royal Free Hospital,6.66,Whittington Hospital,4.77,Homerton University,2.43
N166UQ,51.570061,-0.077189,North,Homerton University,3.03,Royal Free Hospital,6.38,Whittington Hospital,4.38,Homerton University,3.03
N166UR,51.566305,-0.070825,North,Homerton University,2.42,Royal Free Hospital,6.7,Whittington Hospital,4.8,Homerton University,2.42
N166US,51.570061,-0.077189,North,Homerton University,3.03,Royal Free Hospital,6.38,Whittington Hospital,4.38,Homerton University,3.03
N166UT,51.566377,-0.071875,North,Homerton University,2.48,Royal Free Hospital,6.63,Whittington Hospital,4.73,Homerton University,2.48
N166UU,51.569949,-0.067641,North,Homerton University,2.59,Royal Free Hospital,7.01,North Middlesex,4.83,Homerton University,2.59
N166UW,51.565487,-0.07135,North,Homerton University,2.39,Royal Free Hospital,6.64,Whittington Hospital,4.77,Homerton University,2.39
N166UX,51.566704,-0.071544,North,Homerton University,2.49,Royal Free Hospital,6.66,Whittington Hospital,4.75,Homerton University,2.49
N166UY,51.566034,-0.072395,North,Homerton University,2.48,Royal Free Hospital,6.59,Whittington Hospital,4.69,Homerton University,2.48
N166UZ,51.567195,-0.071855,North,Homerton University,2.54,Royal Free Hospital,6.65,Whittington Hospital,4.73,Homerton University,2.54
N166WA,51.570087,-0.077101,North,Homerton University,3.03,Royal Free Hospital,6.39,Whittington Hospital,4.39,Homerton University,3.03
N166WB,51.570061,-0.077189,North,Homerton University,3.03,Royal Free Hospital,6.38,Whittington Hospital,4.38,Homerton University,3.03
N166WD,51.570061,-0.077189,North,Homerton University,3.03,Royal Free Hospital,6.38,Whittington Hospital,4.38,Homerton University,3.03
N166WE,51.570061,-0.077189,North,Homerton University,3.03,Royal Free Hospital,6.38,Whittington Hospital,4.38,Homerton University,3.03
N166WF,51.570061,-0.077189,North,Homerton University,3.03,Royal Free Hospital,6.38,Whittington Hospital,4.38,Homerton University,3.03
N166WG,51.570061,-0.077189,North,Homerton University,3.03,Royal Free Hospital,6.38,Whittington Hospital,4.38,Homerton University,3.03
N166WH,51.570061,-0.077189,North,Homerton University,3.03,Royal Free Hospital,6.38,Whittington Hospital,4.38,Homerton University,3.03
N166WJ,51.570061,-0.077189,North,Homerton University,3.03,Royal Free Hospital,6.38,Whittington Hospital,4.38,Homerton University,3.03
N166WL,51.570061,-0.077189,North,Homerton University,3.03,Royal Free Hospital,6.38,Whittington Hospital,4.38,Homerton University,3.03
N166WN,51.570061,-0.077189,North,Homerton University,3.03,Royal Free Hospital,6.38,Whittington Hospital,4.38,Homerton University,3.03
N166WP,51.570061,-0.077189,North,Homerton University,3.03,Royal Free Hospital,6.38,Whittington Hospital,4.38,Homerton University,3.03
N166WQ,51.570061,-0.077189,North,Homerton University,3.03,Royal Free Hospital,6.38,Whittington Hospital,4.38,Homerton University,3.03
N166WR,51.570061,-0.077189,North,Homerton University,3.03,Royal Free Hospital,6.38,Whittington Hospital,4.38,Homerton University,3.03
N166WS,51.570061,-0.077189,North,Homerton University,3.03,Royal Free Hospital,6.38,Whittington Hospital,4.38,Homerton University,3.03
N166WT,51.570061,-0.077189,North,Homerton University,3.03,Royal Free Hospital,6.38,Whittington Hospital,4.38,Homerton University,3.03
N166WU,51.570061,-0.077189,North,Homerton University,3.03,Royal Free Hospital,6.38,Whittington Hospital,4.38,Homerton University,3.03
N166WW,51.570061,-0.077189,North,Homerton University,3.03,Royal Free Hospital,6.38,Whittington Hospital,4.38,Homerton University,3.03
N166WX,51.570061,-0.077189,North,Homerton University,3.03,Royal Free Hospital,6.38,Whittington Hospital,4.38,Homerton University,3.03
N166WY,51.570061,-0.077189,North,Homerton University,3.03,Royal Free Hospital,6.38,Whittington Hospital,4.38,Homerton University,3.03
N166WZ,51.570061,-0.077189,North,Homerton University,3.03,Royal Free Hospital,6.38,Whittington Hospital,4.38,Homerton University,3.03
N166XA,51.567494,-0.070919,North,Homerton University,2.52,Royal Free Hospital,6.72,Whittington Hospital,4.8,Homerton University,2.52
N166XB,51.567169,-0.070312,North,Homerton University,2.47,Royal Free Hospital,6.75,Whittington Hospital,4.84,Homerton University,2.47
N166XD,51.566614,-0.069889,North,Homerton University,2.4,Royal Free Hospital,6.77,Whittington Hospital,4.87,Homerton University,2.4
N166XE,51.565759,-0.069867,North,Homerton University,2.33,Royal Free Hospital,6.75,Whittington Hospital,4.87,Homerton University,2.33
N166XF,51.566094,-0.069449,North,Homerton University,2.34,Royal Free Hospital,6.79,Whittington Hospital,4.9,Homerton University,2.34
N166XG,51.566385,-0.069076,North,Homerton University,2.35,Royal Free Hospital,6.82,Whittington Hospital,4.92,Homerton University,2.35
N166XH,51.567701,-0.068226,North,Homerton University,2.42,Royal Free Hospital,6.91,Whittington Hospital,4.98,Homerton University,2.42
N166XJ,51.568172,-0.067875,North,Homerton University,2.44,Royal Free Hospital,6.94,Whipps Cross,4.96,Homerton University,2.44
N166XL,51.567737,-0.070909,North,Homerton University,2.54,Royal Free Hospital,6.73,Whittington Hospital,4.8,Homerton University,2.54
N166XN,51.568326,-0.070639,North,Homerton University,2.58,Royal Free Hospital,6.76,Whittington Hospital,4.82,Homerton University,2.58
N166XP,51.568239,-0.072446,North,Homerton University,2.66,Royal Free Hospital,6.64,Whittington Hospital,4.69,Homerton University,2.66
N166XQ,51.567186,-0.069172,North,Homerton University,2.42,Royal Free Hospital,6.83,Whittington Hospital,4.92,Homerton University,2.42
N166XR,51.567574,-0.072532,North,Homerton University,2.61,Royal Free Hospital,6.62,Whittington Hospital,4.69,Homerton University,2.61
N166XS,51.566911,-0.072632,North,Homerton University,2.56,Royal Free Hospital,6.59,Whittington Hospital,4.68,Homerton University,2.56
N166XT,51.565851,-0.07272,North,Homerton University,2.48,Royal Free Hospital,6.56,Whittington Hospital,4.67,Homerton University,2.48
N166XU,51.565851,-0.07272,North,Homerton University,2.48,Royal Free Hospital,6.56,Whittington Hospital,4.67,Homerton University,2.48
N166XW,51.56918,-0.070617,North,Homerton University,2.65,Royal Free Hospital,6.79,Whittington Hospital,4.83,Homerton University,2.65
N166XX,51.570061,-0.077189,North,Homerton University,3.03,Royal Free Hospital,6.38,Whittington Hospital,4.38,Homerton University,3.03
N166XY,51.570061,-0.077189,North,Homerton University,3.03,Royal Free Hospital,6.38,Whittington Hospital,4.38,Homerton University,3.03
N166XZ,51.564513,-0.072834,North,Homerton University,2.39,Royal Free Hospital,6.52,Whittington Hospital,4.67,Homerton University,2.39
N166YA,51.565329,-0.072713,North,Homerton University,2.44,Royal Free Hospital,6.55,Whittington Hospital,4.67,Homerton University,2.44
N166YB,51.564543,-0.072487,North,Homerton University,2.37,Royal Free Hospital,6.55,Whittington Hospital,4.69,Homerton University,2.37
N166YD,51.56435,-0.072783,North,Homerton University,2.38,Royal Free Hospital,6.52,Whittington Hospital,4.67,Homerton University,2.38
N166YE,51.56721,-0.074986,North,Homerton University,2.7,Royal Free Hospital,6.44,Whittington Hospital,4.52,Homerton University,2.7
N166YF,51.570061,-0.077189,North,Homerton University,3.03,Royal Free Hospital,6.38,Whittington Hospital,4.38,Homerton University,3.03
N166YG,51.570061,-0.077189,North,Homerton University,3.03,Royal Free Hospital,6.38,Whittington Hospital,4.38,Homerton University,3.03
N166YH,51.570061,-0.077189,North,Homerton University,3.03,Royal Free Hospital,6.38,Whittington Hospital,4.38,Homerton University,3.03
N166YJ,51.570061,-0.077189,North,Homerton University,3.03,Royal Free Hospital,6.38,Whittington Hospital,4.38,Homerton University,3.03
N166YL,51.567979,-0.06758,North,Homerton University,2.42,Royal Free Hospital,6.96,Whipps Cross,4.95,Homerton University,2.42
N166YN,51.567979,-0.06758,North,Homerton University,2.42,Royal Free Hospital,6.96,Whipps Cross,4.95,Homerton University,2.42
N166YP,51.567979,-0.06758,North,Homerton University,2.42,Royal Free Hospital,6.96,Whipps Cross,4.95,Homerton University,2.42
N166YQ,51.570061,-0.077189,North,Homerton University,3.03,Royal Free Hospital,6.38,Whittington Hospital,4.38,Homerton University,3.03
N166YR,51.570061,-0.077189,North,Homerton University,3.03,Royal Free Hospital,6.38,Whittington Hospital,4.38,Homerton University,3.03
N166YS,51.570061,-0.077189,North,Homerton University,3.03,Royal Free Hospital,6.38,Whittington Hospital,4.38,Homerton University,3.03
N166YT,51.570061,-0.077189,North,Homerton University,3.03,Royal Free Hospital,6.38,Whittington Hospital,4.38,Homerton University,3.03
N166YU,51.570061,-0.077189,North,Homerton University,3.03,Royal Free Hospital,6.38,Whittington Hospital,4.38,Homerton University,3.03
N166YW,51.570061,-0.077189,North,Homerton University,3.03,Royal Free Hospital,6.38,Whittington Hospital,4.38,Homerton University,3.03
N166YX,51.570061,-0.077189,North,Homerton University,3.03,Royal Free Hospital,6.38,Whittington Hospital,4.38,Homerton University,3.03
N166YY,51.570061,-0.077189,North,Homerton University,3.03,Royal Free Hospital,6.38,Whittington Hospital,4.38,Homerton University,3.03
N166YZ,51.570061,-0.077189,North,Homerton University,3.03,Royal Free Hospital,6.38,Whittington Hospital,4.38,Homerton University,3.03
N166ZA,51.570061,-0.077189,North,Homerton University,3.03,Royal Free Hospital,6.38,Whittington Hospital,4.38,Homerton University,3.03
N166ZB,51.570061,-0.077189,North,Homerton University,3.03,Royal Free Hospital,6.38,Whittington Hospital,4.38,Homerton University,3.03
N166ZD,51.570087,-0.077101,North,Homerton University,3.03,Royal Free Hospital,6.39,Whittington Hospital,4.39,Homerton University,3.03
N166ZE,51.570061,-0.077189,North,Homerton University,3.03,Royal Free Hospital,6.38,Whittington Hospital,4.38,Homerton University,3.03
N166ZF,51.570061,-0.077189,North,Homerton University,3.03,Royal Free Hospital,6.38,Whittington Hospital,4.38,Homerton University,3.03
N166ZG,51.570087,-0.077101,North,Homerton University,3.03,Royal Free Hospital,6.39,Whittington Hospital,4.39,Homerton University,3.03
N166ZH,51.570061,-0.077189,North,Homerton University,3.03,Royal Free Hospital,6.38,Whittington Hospital,4.38,Homerton University,3.03
N166ZJ,51.570061,-0.077189,North,Homerton University,3.03,Royal Free Hospital,6.38,Whittington Hospital,4.38,Homerton University,3.03
N166ZL,51.570061,-0.077189,North,Homerton University,3.03,Royal Free Hospital,6.38,Whittington Hospital,4.38,Homerton University,3.03
N166ZN,51.570061,-0.077189,North,Homerton University,3.03,Royal Free Hospital,6.38,Whittington Hospital,4.38,Homerton University,3.03
N166ZP,51.570061,-0.077189,North,Homerton University,3.03,Royal Free Hospital,6.38,Whittington Hospital,4.38,Homerton University,3.03
N166ZQ,51.570061,-0.077189,North,Homerton University,3.03,Royal Free Hospital,6.38,Whittington Hospital,4.38,Homerton University,3.03
N166ZR,51.570061,-0.077189,North,Homerton University,3.03,Royal Free Hospital,6.38,Whittington Hospital,4.38,Homerton University,3.03
N166ZS,51.570061,-0.077189,North,Homerton University,3.03,Royal Free Hospital,6.38,Whittington Hospital,4.38,Homerton University,3.03
N166ZT,51.570061,-0.077189,North,Homerton University,3.03,Royal Free Hospital,6.38,Whittington Hospital,4.38,Homerton University,3.03
N166ZU,51.570061,-0.077189,North,Homerton University,3.03,Royal Free Hospital,6.38,Whittington Hospital,4.38,Homerton University,3.03
N166ZW,51.570087,-0.077101,North,Homerton University,3.03,Royal Free Hospital,6.39,Whittington Hospital,4.39,Homerton University,3.03
N167AA,51.563783,-0.069446,North,Homerton University,2.16,Royal Free Hospital,6.74,Whittington Hospital,4.91,Homerton University,2.16
N167AB,51.564049,-0.068699,North,Homerton University,2.14,Royal Free Hospital,6.79,Whittington Hospital,4.96,Homerton University,2.14
N167AD,51.562857,-0.06947,North,Homerton University,2.09,Royal Free Hospital,6.72,Whittington Hospital,4.91,Homerton University,2.09
N167AE,51.56081,-0.073481,North,Homerton University,2.19,Royal Free Hospital,6.41,Whittington Hospital,4.66,Homerton University,2.19
N167AH,51.563677,-0.068483,North,Homerton University,2.1,Royal Free Hospital,6.8,Whittington Hospital,4.97,Homerton University,2.1
N167AJ,51.564592,-0.067795,North,Homerton University,2.14,Royal Free Hospital,6.87,Whittington Hospital,5.02,Homerton University,2.14
N167AL,51.562369,-0.068221,North,Homerton University,1.99,Royal Free Hospital,6.8,Whittington Hospital,5.0,Homerton University,1.99
N167AP,51.56137,-0.068177,North,Homerton University,1.92,Royal Free Hospital,6.78,Whittington Hospital,5.02,Homerton University,1.92
N167AR,51.559815,-0.067161,North,Homerton University,1.76,Royal Free Hospital,6.83,Whittington Hospital,5.11,Homerton University,1.76
N167AS,51.55909,-0.070106,North,Homerton University,1.89,Royal Free Hospital,6.62,Whittington Hospital,4.92,Homerton University,1.89
N167AT,51.558025,-0.066039,North,Homerton University,1.59,Royal Free Hospital,6.89,Whittington Hospital,5.22,Homerton University,1.59
N167AU,51.558299,-0.065162,North,Homerton University,1.55,Royal Free Hospital,6.95,Whipps Cross,5.16,Homerton University,1.55
N167AW,51.55909,-0.070106,North,Homerton University,1.89,Royal Free Hospital,6.62,Whittington Hospital,4.92,Homerton University,1.89
N167AX,51.559066,-0.065375,North,Homerton University,1.61,Royal Free Hospital,6.95,Whipps Cross,5.13,Homerton University,1.61
N167AY,51.55909,-0.070106,North,Homerton University,1.89,Royal Free Hospital,6.62,Whittington Hospital,4.92,Homerton University,1.89
N167AZ,51.55875,-0.066932,North,Homerton University,1.68,Royal Free Hospital,6.84,Whittington Hospital,5.14,Homerton University,1.68
N167BA,51.558614,-0.064124,North,Homerton University,1.51,Royal Free Hospital,7.03,Whipps Cross,5.08,Homerton University,1.51
N167BB,51.55922,-0.064863,North,Homerton University,1.59,Royal Free Hospital,6.98,Whipps Cross,5.09,Homerton University,1.59
N167BD,51.559581,-0.063838,North,Homerton University,1.56,Royal Free Hospital,7.06,Whipps Cross,5.01,Homerton University,1.56
N167BE,51.559601,-0.06401,North,Homerton University,1.57,Royal Free Hospital,7.05,Whipps Cross,5.02,Homerton University,1.57
N167BH,51.5601,-0.063701,North,Homerton University,1.59,Royal Free Hospital,7.07,Whipps Cross,4.98,Homerton University,1.59
N167BJ,51.560207,-0.064764,North,Homerton University,1.66,Royal Free Hospital,7.0,Whipps Cross,5.04,Homerton University,1.66
N167BL,51.559704,-0.064785,North,Homerton University,1.62,Royal Free Hospital,6.99,Whipps Cross,5.07,Homerton University,1.62
N167BN,51.559136,-0.070118,North,Homerton University,1.9,Royal Free Hospital,6.62,Whittington Hospital,4.92,Homerton University,1.9
N167BP,51.560021,-0.065998,North,Homerton University,1.71,Royal Free Hospital,6.91,Whipps Cross,5.13,Homerton University,1.71
N167BQ,51.559454,-0.063223,North,Homerton University,1.52,Royal Free Hospital,7.1,Whipps Cross,4.98,Homerton University,1.52
N167BS,51.560575,-0.065787,North,Homerton University,1.74,Royal Free Hospital,6.94,Whipps Cross,5.09,Homerton University,1.74
N167BT,51.561522,-0.066483,North,Homerton University,1.84,Royal Free Hospital,6.9,Whipps Cross,5.1,Homerton University,1.84
N167BU,51.559337,-0.065955,North,Homerton University,1.66,Royal Free Hospital,6.91,Whipps Cross,5.16,Homerton University,1.66
N167BW,51.559649,-0.066894,North,Homerton University,1.74,Royal Free Hospital,6.85,Whittington Hospital,5.13,Homerton University,1.74
N167BX,51.559925,-0.066709,North,Homerton University,1.74,Royal Free Hospital,6.86,Whittington Hospital,5.14,Homerton University,1.74
N167DA,51.561432,-0.067612,North,Homerton University,1.89,Royal Free Hospital,6.82,Whittington Hospital,5.06,Homerton University,1.89
N167DD,51.56147,-0.068259,North,Homerton University,1.93,Royal Free Hospital,6.78,Whittington Hospital,5.01,Homerton University,1.93
N167DE,51.561432,-0.067612,North,Homerton University,1.89,Royal Free Hospital,6.82,Whittington Hospital,5.06,Homerton University,1.89
N167DG,51.562997,-0.071412,North,Homerton University,2.21,Royal Free Hospital,6.59,Whittington Hospital,4.78,Homerton University,2.21
N167DH,51.562667,-0.068887,North,Homerton University,2.05,Royal Free Hospital,6.75,Whittington Hospital,4.95,Homerton University,2.05
N167DJ,51.563321,-0.068152,North,Homerton University,2.06,Royal Free Hospital,6.82,Whittington Hospital,5.0,Homerton University,2.06
N167DL,51.564492,-0.067179,North,Homerton University,2.1,Royal Free Hospital,6.91,Whipps Cross,5.03,Homerton University,2.1
N167DN,51.562997,-0.071412,North,Homerton University,2.21,Royal Free Hospital,6.59,Whittington Hospital,4.78,Homerton University,2.21
N167DP,51.563426,-0.067455,North,Homerton University,2.03,Royal Free Hospital,6.87,Whittington Hospital,5.05,Homerton University,2.03
N167DQ,51.570061,-0.077189,North,Homerton University,3.03,Royal Free Hospital,6.38,Whittington Hospital,4.38,Homerton University,3.03
N167DR,51.564501,-0.066659,North,Homerton University,2.08,Royal Free Hospital,6.94,Whipps Cross,4.99,Homerton University,2.08
N167DS,51.562564,-0.068054,North,Homerton University,2.0,Royal Free Hospital,6.81,Whittington Hospital,5.01,Homerton University,2.0
N167DT,51.563075,-0.066893,North,Homerton University,1.98,Royal Free Hospital,6.9,Whipps Cross,5.06,Homerton University,1.98
N167DU,51.56497,-0.065673,North,Homerton University,2.07,Royal Free Hospital,7.02,Whipps Cross,4.91,Homerton University,2.07
N167DW,51.570061,-0.077189,North,Homerton University,3.03,Royal Free Hospital,6.38,Whittington Hospital,4.38,Homerton University,3.03
N167DX,51.564595,-0.065833,North,Homerton University,2.05,Royal Free Hospital,7.0,Whipps Cross,4.94,Homerton University,2.05
N167DY,51.564142,-0.066703,North,Homerton University,2.05,Royal Free Hospital,6.93,Whipps Cross,5.01,Homerton University,2.05
N167DZ,51.561432,-0.067612,North,Homerton University,1.89,Royal Free Hospital,6.82,Whittington Hospital,5.06,Homerton University,1.89
N167EA,51.564422,-0.065119,North,Homerton University,2.0,Royal Free Hospital,7.04,Whipps Cross,4.9,Homerton University,2.0
N167EB,51.564796,-0.064887,North,Homerton University,2.02,Royal Free Hospital,7.07,Whipps Cross,4.87,Homerton University,2.02
N167ED,51.563079,-0.066056,North,Homerton University,1.94,Royal Free Hospital,6.96,Whipps Cross,5.01,Homerton University,1.94
N167EH,51.56226,-0.065975,North,Homerton University,1.87,Royal Free Hospital,6.95,Whipps Cross,5.03,Homerton University,1.87
N167EJ,51.561611,-0.065916,North,Homerton University,1.82,Royal Free Hospital,6.94,Whipps Cross,5.06,Homerton University,1.82
N167EL,51.561612,-0.06544,North,Homerton University,1.79,Royal Free Hospital,6.97,Whipps Cross,5.03,Homerton University,1.79
N167EP,51.562104,-0.066876,North,Homerton University,1.9,Royal Free Hospital,6.88,Whipps Cross,5.1,Homerton University,1.9
N167EQ,51.559037,-0.070108,North,Homerton University,1.89,Royal Free Hospital,6.62,Whittington Hospital,4.92,Homerton University,1.89
N167ER,51.56208,-0.067628,North,Homerton University,1.94,Royal Free Hospital,6.83,Whittington Hospital,5.05,Homerton University,1.94
N167ES,51.561891,-0.068718,North,Homerton University,1.99,Royal Free Hospital,6.75,Whittington Hospital,4.97,Homerton University,1.99
N167ET,51.561517,-0.069498,North,Homerton University,2.0,Royal Free Hospital,6.69,Whittington Hospital,4.93,Homerton University,2.0
N167GA,51.562309,-0.073331,North,Homerton University,2.27,Royal Free Hospital,6.45,Whittington Hospital,4.65,Homerton University,2.27
N167GZ,51.570061,-0.077189,North,Homerton University,3.03,Royal Free Hospital,6.38,Whittington Hospital,4.38,Homerton University,3.03
N167HA,51.563816,-0.072575,North,Homerton University,2.33,Royal Free Hospital,6.52,Whittington Hospital,4.69,Homerton University,2.33
N167HB,51.563753,-0.072015,North,Homerton University,2.29,Royal Free Hospital,6.56,Whittington Hospital,4.73,Homerton University,2.29
N167HD,51.563581,-0.071388,North,Homerton University,2.25,Royal Free Hospital,6.6,Whittington Hospital,4.77,Homerton University,2.25
N167HE,51.562727,-0.073054,North,Homerton University,2.28,Royal Free Hospital,6.47,Whittington Hospital,4.67,Homerton University,2.28
N167HF,51.563623,-0.072843,North,Homerton University,2.33,Royal Free Hospital,6.5,Whittington Hospital,4.67,Homerton University,2.33
N167HG,51.562994,-0.07287,North,Homerton University,2.29,Royal Free Hospital,6.49,Whittington Hospital,4.68,Homerton University,2.29
N167HH,51.563428,-0.071942,North,Homerton University,2.27,Royal Free Hospital,6.56,Whittington Hospital,4.74,Homerton University,2.27
N167HJ,51.563169,-0.072054,North,Homerton University,2.26,Royal Free Hospital,6.55,Whittington Hospital,4.73,Homerton University,2.26
N167HL,51.563284,-0.072453,North,Homerton University,2.28,Royal Free Hospital,6.52,Whittington Hospital,4.7,Homerton University,2.28
N167HP,51.563188,-0.071548,North,Homerton University,2.23,Royal Free Hospital,6.58,Whittington Hospital,4.77,Homerton University,2.23
N167HR,51.562894,-0.072282,North,Homerton University,2.25,Royal Free Hospital,6.53,Whittington Hospital,4.72,Homerton University,2.25
N167HT,51.56244,-0.072547,North,Homerton University,2.23,Royal Free Hospital,6.5,Whittington Hospital,4.7,Homerton University,2.23
N167HU,51.5629,-0.073177,North,Homerton University,2.3,Royal Free Hospital,6.47,Whittington Hospital,4.66,Homerton University,2.3
N167HZ,51.570087,-0.077101,North,Homerton University,3.03,Royal Free Hospital,6.39,Whittington Hospital,4.39,Homerton University,3.03
N167JA,51.562598,-0.072324,North,Homerton University,2.23,Royal Free Hospital,6.52,Whittington Hospital,4.72,Homerton University,2.23
N167JB,51.56235,-0.073099,North,Homerton University,2.26,Royal Free Hospital,6.46,Whittington Hospital,4.67,Homerton University,2.26
N167JD,51.56204,-0.073386,North,Homerton University,2.26,Royal Free Hospital,6.44,Whittington Hospital,4.65,Homerton University,2.26
N167JE,51.560666,-0.074064,North,Homerton University,2.22,Royal Free Hospital,6.37,Whittington Hospital,4.62,Homerton University,2.22
N167JH,51.56228,-0.073217,North,Homerton University,2.26,Royal Free Hospital,6.45,Whittington Hospital,4.66,Homerton University,2.26
N167JJ,51.561565,-0.074026,North,Homerton University,2.27,Royal Free Hospital,6.39,Whittington Hospital,4.61,Homerton University,2.27
N167JL,51.561278,-0.073548,North,Homerton University,2.22,Royal Free Hospital,6.41,Whittington Hospital,4.65,Homerton University,2.22
N167JN,51.560756,-0.073512,North,Homerton University,2.19,Royal Free Hospital,6.41,Whittington Hospital,4.66,Homerton University,2.19
N167JP,51.561082,-0.073628,North,Homerton University,2.21,Royal Free Hospital,6.4,Whittington Hospital,4.65,Homerton University,2.21
N167JQ,51.561565,-0.074026,North,Homerton University,2.27,Royal Free Hospital,6.39,Whittington Hospital,4.61,Homerton University,2.27
N167JR,51.570061,-0.077189,North,Homerton University,3.03,Royal Free Hospital,6.38,Whittington Hospital,4.38,Homerton University,3.03
N167JS,51.561678,-0.073243,North,Homerton University,2.23,Royal Free Hospital,6.44,Whittington Hospital,4.67,Homerton University,2.23
N167JY,51.561541,-0.072585,North,Homerton University,2.18,Royal Free Hospital,6.48,Whittington Hospital,4.71,Homerton University,2.18
N167JZ,51.561541,-0.072585,North,Homerton University,2.18,Royal Free Hospital,6.48,Whittington Hospital,4.71,Homerton University,2.18
N167LA,51.56078,-0.072242,North,Homerton University,2.11,Royal Free Hospital,6.5,Whittington Hospital,4.75,Homerton University,2.11
N167LB,51.562163,-0.071548,North,Homerton University,2.16,Royal Free Hospital,6.56,Whittington Hospital,4.78,Homerton University,2.16
N167LD,51.561174,-0.072095,North,Homerton University,2.13,Royal Free Hospital,6.51,Whittington Hospital,4.75,Homerton University,2.13
N167LE,51.560746,-0.071825,North,Homerton University,2.09,Royal Free Hospital,6.52,Whittington Hospital,4.78,Homerton University,2.09
N167LF,51.562013,-0.07281,North,Homerton University,2.22,Royal Free Hospital,6.48,Whittington Hospital,4.69,Homerton University,2.22
N167LG,51.5615,-0.072788,North,Homerton University,2.19,Royal Free Hospital,6.47,Whittington Hospital,4.7,Homerton University,2.19
N167LH,51.561126,-0.071376,North,Homerton University,2.09,Royal Free Hospital,6.56,Whittington Hospital,4.8,Homerton University,2.09
N167LJ,51.561541,-0.072585,North,Homerton University,2.18,Royal Free Hospital,6.48,Whittington Hospital,4.71,Homerton University,2.18
N167LL,51.560643,-0.072623,North,Homerton University,2.13,Royal Free Hospital,6.47,Whittington Hospital,4.72,Homerton University,2.13
N167LP,51.560719,-0.072879,North,Homerton University,2.15,Royal Free Hospital,6.45,Whittington Hospital,4.7,Homerton University,2.15
N167LQ,51.560958,-0.072638,North,Homerton University,2.15,Royal Free Hospital,6.47,Whittington Hospital,4.72,Homerton University,2.15
N167LR,51.560054,-0.070729,North,Homerton University,1.98,Royal Free Hospital,6.59,Whittington Hospital,4.86,Homerton University,1.98
N167LS,51.560304,-0.072291,North,Homerton University,2.09,Royal Free Hospital,6.49,Whittington Hospital,4.75,Homerton University,2.09
N167LT,51.558946,-0.071713,North,Homerton University,1.98,Royal Free Hospital,6.51,Whittington Hospital,4.81,Homerton University,1.98
N167LU,51.558447,-0.071994,North,Homerton University,1.98,Royal Free Hospital,6.48,Whittington Hospital,4.81,Homerton University,1.98
N167LX,51.559179,-0.072728,North,Homerton University,2.06,Royal Free Hospital,6.44,Whittington Hospital,4.74,Homerton University,2.06
N167LZ,51.558869,-0.07414,North,Homerton University,2.13,Royal Free Hospital,6.34,Whittington Hospital,4.65,Homerton University,2.13
N167NA,51.559189,-0.073376,North,Homerton University,2.1,Royal Free Hospital,6.4,Whittington Hospital,4.7,Homerton University,2.1
N167NB,51.559763,-0.072184,North,Homerton University,2.05,Royal Free Hospital,6.49,Whittington Hospital,4.77,Homerton University,2.05
N167ND,51.559925,-0.072739,North,Homerton University,2.1,Royal Free Hospital,6.45,Whittington Hospital,4.73,Homerton University,2.1
N167NE,51.558869,-0.07414,North,Homerton University,2.13,Royal Free Hospital,6.34,Whittington Hospital,4.65,Homerton University,2.13
N167NF,51.558869,-0.07414,North,Homerton University,2.13,Royal Free Hospital,6.34,Whittington Hospital,4.65,Homerton University,2.13
N167NH,51.558604,-0.072781,North,Homerton University,2.03,Royal Free Hospital,6.43,Whittington Hospital,4.75,Homerton University,2.03
N167NJ,51.558029,-0.072271,North,Homerton University,1.97,Royal Free Hospital,6.46,Whittington Hospital,4.8,Homerton University,1.97
N167NL,51.557756,-0.073177,North,Homerton University,2.02,Royal Free Hospital,6.4,Whittington Hospital,4.74,Homerton University,2.02
N167NP,51.55831,-0.073471,North,Homerton University,2.06,Royal Free Hospital,6.38,Whittington Hospital,4.71,Homerton University,2.06
N167NR,51.55768,-0.073988,North,Homerton University,2.07,Royal Free Hospital,6.34,Whittington Hospital,4.69,Homerton University,2.07
N167NS,51.558935,-0.073777,North,Homerton University,2.11,Royal Free Hospital,6.37,Whittington Hospital,4.67,Homerton University,2.11
N167NT,51.558515,-0.073405,North,Homerton University,2.07,Royal Free Hospital,6.39,Whittington Hospital,4.71,Homerton University,2.07
N167NU,51.558979,-0.073183,North,Homerton University,2.08,Royal Free Hospital,6.41,Whittington Hospital,4.71,Homerton University,2.08
N167NW,51.559037,-0.070108,North,Homerton University,1.89,Royal Free Hospital,6.62,Whittington Hospital,4.92,Homerton University,1.89
N167NX,51.55995,-0.073186,North,Homerton University,2.13,Royal Free Hospital,6.42,Whittington Hospital,4.7,Homerton University,2.13
N167NY,51.559995,-0.073718,North,Homerton University,2.16,Royal Free Hospital,6.38,Whittington Hospital,4.66,Homerton University,2.16
N167PA,51.559001,-0.07399,North,Homerton University,2.13,Royal Free Hospital,6.35,Whittington Hospital,4.66,Homerton University,2.13
N167PB,51.558444,-0.073999,North,Homerton University,2.1,Royal Free Hospital,6.35,Whittington Hospital,4.67,Homerton University,2.1
N167PJ,51.55797,-0.074178,North,Homerton University,2.09,Royal Free Hospital,6.33,Whittington Hospital,4.67,Homerton University,2.09
N167PL,51.557755,-0.074173,North,Homerton University,2.08,Royal Free Hospital,6.33,Whittington Hospital,4.67,Homerton University,2.08
N167PP,51.559245,-0.070186,North,Homerton University,1.91,Royal Free Hospital,6.62,Whittington Hospital,4.91,Homerton University,1.91
N167PR,51.558071,-0.069918,North,Homerton University,1.83,Royal Free Hospital,6.62,Whittington Hospital,4.95,Homerton University,1.83
N167PS,51.559002,-0.07073,North,Homerton University,1.93,Royal Free Hospital,6.58,Whittington Hospital,4.88,Homerton University,1.93
N167PT,51.558901,-0.071138,North,Homerton University,1.95,Royal Free Hospital,6.55,Whittington Hospital,4.85,Homerton University,1.95
N167PU,51.557797,-0.070766,North,Homerton University,1.87,Royal Free Hospital,6.56,Whittington Hospital,4.9,Homerton University,1.87
N167PX,51.557396,-0.072067,North,Homerton University,1.93,Royal Free Hospital,6.47,Whittington Hospital,4.82,Homerton University,1.93
N167PZ,51.55909,-0.070106,North,Homerton University,1.89,Royal Free Hospital,6.62,Whittington Hospital,4.92,Homerton University,1.89
N167QA,51.557358,-0.073598,North,Homerton University,2.03,Royal Free Hospital,6.36,Whittington Hospital,4.72,Homerton University,2.03
N167QB,51.557049,-0.073943,North,Homerton University,2.04,Royal Free Hospital,6.34,Whittington Hospital,4.71,Homerton University,2.04
N167QD,51.557083,-0.069974,North,Homerton University,1.79,Royal Free Hospital,6.61,Whittington Hospital,4.97,Homerton University,1.79
N167QH,51.557387,-0.069312,North,Homerton University,1.76,Royal Free Hospital,6.66,Whittington Hospital,5.01,Homerton University,1.76
N167QJ,51.557513,-0.070403,North,Homerton University,1.83,Royal Free Hospital,6.59,Whittington Hospital,4.93,Homerton University,1.83
N167QL,51.557681,-0.069184,North,Homerton University,1.76,Royal Free Hospital,6.67,Whittington Hospital,5.01,Homerton University,1.76
N167QP,51.557117,-0.068775,North,Homerton University,1.71,Royal Free Hospital,6.69,Whittington Hospital,5.05,Homerton University,1.71
N167QR,51.555186,-0.068367,North,Homerton University,1.61,Royal Free Hospital,6.71,Whittington Hospital,5.13,Homerton University,1.61
N167QS,51.55525,-0.067888,North,Homerton University,1.58,Royal Free Hospital,6.75,Whittington Hospital,5.16,Homerton University,1.58
N167QT,51.556044,-0.067523,North,Homerton University,1.59,Royal Free Hospital,6.77,Whittington Hospital,5.16,Homerton University,1.59
N167QU,51.556311,-0.067901,North,Homerton University,1.62,Royal Free Hospital,6.75,Whittington Hospital,5.13,Homerton University,1.62
N167QX,51.557071,-0.068143,North,Homerton University,1.67,Royal Free Hospital,6.74,Whittington Hospital,5.1,Homerton University,1.67
N167QY,51.557814,-0.068486,North,Homerton University,1.73,Royal Free Hospital,6.72,Whittington Hospital,5.06,Homerton University,1.73
N167RA,51.560805,-0.068273,North,Homerton University,1.89,Royal Free Hospital,6.77,Whittington Hospital,5.02,Homerton University,1.89
N167RB,51.561189,-0.068675,North,Homerton University,1.94,Royal Free Hospital,6.75,Whittington Hospital,4.99,Homerton University,1.94
N167RD,51.560864,-0.066972,North,Homerton University,1.82,Royal Free Hospital,6.86,Whittington Hospital,5.11,Homerton University,1.82
N167RG,51.555495,-0.069104,North,Homerton University,1.67,Royal Free Hospital,6.66,Whittington Hospital,5.07,Homerton University,1.67
N167RH,51.56093,-0.066046,North,Homerton University,1.78,Royal Free Hospital,6.92,Whipps Cross,5.09,Homerton University,1.78
N167RJ,51.560898,-0.065196,North,Homerton University,1.73,Royal Free Hospital,6.98,Whipps Cross,5.04,Homerton University,1.73
N167RL,51.554047,-0.069641,North,Homerton University,1.66,Royal Free Hospital,6.62,Whittington Hospital,5.08,Homerton University,1.66
N167RN,51.570061,-0.077189,North,Homerton University,3.03,Royal Free Hospital,6.38,Whittington Hospital,4.38,Homerton University,3.03
N167RP,51.560648,-0.063649,North,Homerton University,1.63,Royal Free Hospital,7.08,Whipps Cross,4.95,Homerton University,1.63
N167RQ,51.570061,-0.077189,North,Homerton University,3.03,Royal Free Hospital,6.38,Whittington Hospital,4.38,Homerton University,3.03
N167RR,51.560467,-0.064161,North,Homerton University,1.64,Royal Free Hospital,7.05,Whipps Cross,4.99,Homerton University,1.64
N167RS,51.560576,-0.065325,North,Homerton University,1.71,Royal Free Hospital,6.97,Whipps Cross,5.06,Homerton University,1.71
N167RT,51.560574,-0.066811,North,Homerton University,1.79,Royal Free Hospital,6.86,Whittington Hospital,5.12,Homerton University,1.79
N167RU,51.560489,-0.0682,North,Homerton University,1.86,Royal Free Hospital,6.77,Whittington Hospital,5.03,Homerton University,1.86
N167RW,51.554337,-0.068662,North,Homerton University,1.6,Royal Free Hospital,6.69,Whittington Hospital,5.13,Homerton University,1.6
N167RX,51.560145,-0.069715,North,Homerton University,1.93,Royal Free Hospital,6.66,Whittington Hospital,4.93,Homerton University,1.93
N167RY,51.559644,-0.069318,North,Homerton University,1.88,Royal Free Hospital,6.68,Whittington Hospital,4.97,Homerton University,1.88
N167RZ,51.553526,-0.073486,North,Homerton University,1.91,Royal Free Hospital,6.35,Whittington Hospital,4.84,Homerton University,1.91
N167SA,51.559692,-0.067859,North,Homerton University,1.79,Royal Free Hospital,6.78,Whittington Hospital,5.06,Homerton University,1.79
N167SB,51.559609,-0.068295,North,Homerton University,1.81,Royal Free Hospital,6.75,Whittington Hospital,5.04,Homerton University,1.81
N167SD,51.559662,-0.069865,North,Homerton University,1.91,Royal Free Hospital,6.64,Whittington Hospital,4.93,Homerton University,1.91
N167SE,51.570061,-0.077189,North,Homerton University,3.03,Royal Free Hospital,6.38,Whittington Hospital,4.38,Homerton University,3.03
N167SF,51.557899,-0.069853,North,Homerton University,1.82,Royal Free Hospital,6.63,Whittington Hospital,4.96,Homerton University,1.82
N167SG,51.557899,-0.069853,North,Homerton University,1.82,Royal Free Hospital,6.63,Whittington Hospital,4.96,Homerton University,1.82
N167SH,51.558626,-0.069231,North,Homerton University,1.81,Royal Free Hospital,6.68,Whittington Hospital,4.99,Homerton University,1.81
N167SJ,51.558652,-0.068061,North,Homerton University,1.75,Royal Free Hospital,6.76,Whittington Hospital,5.07,Homerton University,1.75
N167SL,51.558995,-0.067023,North,Homerton University,1.7,Royal Free Hospital,6.83,Whittington Hospital,5.13,Homerton University,1.7
N167SN,51.55835,-0.067742,North,Homerton University,1.71,Royal Free Hospital,6.78,Whittington Hospital,5.1,Homerton University,1.71
N167SP,51.558667,-0.066777,North,Homerton University,1.67,Royal Free Hospital,6.85,Whittington Hospital,5.16,Homerton University,1.67
N167SQ,51.559153,-0.068992,North,Homerton University,1.83,Royal Free Hospital,6.7,Whittington Hospital,5.0,Homerton University,1.83
N167SR,51.558225,-0.068339,North,Homerton University,1.74,Royal Free Hospital,6.73,Whittington Hospital,5.06,Homerton University,1.74
N167SS,51.558104,-0.066974,North,Homerton University,1.65,Royal Free Hospital,6.83,Whittington Hospital,5.15,Homerton University,1.65
N167ST,51.558408,-0.066355,North,Homerton University,1.63,Royal Free Hospital,6.87,Whittington Hospital,5.19,Homerton University,1.63
N167SU,51.555115,-0.073895,North,Homerton University,1.97,Royal Free Hospital,6.33,Whittington Hospital,4.76,Homerton University,1.97
N167SW,51.558573,-0.067084,North,Homerton University,1.68,Royal Free Hospital,6.82,Whittington Hospital,5.14,Homerton University,1.68
N167SX,51.55554,-0.073502,North,Homerton University,1.96,Royal Free Hospital,6.36,Whittington Hospital,4.78,Homerton University,1.96
N167SY,51.559136,-0.070118,North,Homerton University,1.9,Royal Free Hospital,6.62,Whittington Hospital,4.92,Homerton University,1.9
N167SZ,51.55909,-0.070106,North,Homerton University,1.89,Royal Free Hospital,6.62,Whittington Hospital,4.92,Homerton University,1.89
N167TA,51.553898,-0.069864,North,Homerton University,1.67,Royal Free Hospital,6.61,Whittington Hospital,5.07,Homerton University,1.67
N167TB,51.555074,-0.072512,North,Homerton University,1.88,Royal Free Hospital,6.43,Whittington Hospital,4.86,Homerton University,1.88
N167TD,51.555062,-0.070666,North,Homerton University,1.76,Royal Free Hospital,6.55,Whittington Hospital,4.98,Homerton University,1.76
N167TE,51.555572,-0.068899,North,Homerton University,1.66,Royal Free Hospital,6.68,Whittington Hospital,5.08,Homerton University,1.66
N167TF,51.555385,-0.068459,North,Homerton University,1.62,Royal Free Hospital,6.71,Whittington Hospital,5.12,Homerton University,1.62
N167TG,51.555274,-0.068781,North,Homerton University,1.64,Royal Free Hospital,6.68,Whittington Hospital,5.1,Homerton University,1.64
N167TH,51.554817,-0.072724,North,Homerton University,1.89,Royal Free Hospital,6.41,Whittington Hospital,4.85,Homerton University,1.89
N167TJ,51.554223,-0.074307,North,Homerton University,1.98,Royal Free Hospital,6.3,Whittington Hospital,4.76,Homerton University,1.98
N167TL,51.554036,-0.072786,North,Homerton University,1.87,Royal Free Hospital,6.4,Whittington Hospital,4.87,Homerton University,1.87
N167TN,51.554367,-0.073263,North,Homerton University,1.91,Royal Free Hospital,6.37,Whittington Hospital,4.83,Homerton University,1.91
N167TP,51.554334,-0.069081,North,Homerton University,1.63,Royal Free Hospital,6.66,Whittington Hospital,5.11,Homerton University,1.63
N167TQ,51.554771,-0.070476,North,Homerton University,1.74,Royal Free Hospital,6.57,Whittington Hospital,5.0,Homerton University,1.74
N167TR,51.552854,-0.070384,North,Homerton University,1.69,Royal Free Hospital,6.57,Whittington Hospital,5.07,Homerton University,1.69
N167TS,51.554596,-0.069704,North,Homerton University,1.68,Royal Free Hospital,6.62,Whittington Hospital,5.06,Homerton University,1.68
N167TT,51.553553,-0.072432,North,Homerton University,1.84,Royal Free Hospital,6.43,Whittington Hospital,4.91,Homerton University,1.84
N167TU,51.554018,-0.070638,North,Homerton University,1.73,Royal Free Hospital,6.55,Whittington Hospital,5.01,Homerton University,1.73
N167TW,51.55443,-0.070505,North,Homerton University,1.73,Royal Free Hospital,6.56,Whittington Hospital,5.01,Homerton University,1.73
N167TX,51.553528,-0.073601,North,Homerton University,1.92,Royal Free Hospital,6.35,Whittington Hospital,4.83,Homerton University,1.92
N167TY,51.553526,-0.073486,North,Homerton University,1.91,Royal Free Hospital,6.35,Whittington Hospital,4.84,Homerton University,1.91
N167TZ,51.554958,-0.069271,North,Homerton University,1.66,Royal Free Hospital,6.65,Whittington Hospital,5.08,Homerton University,1.66
N167UA,51.553799,-0.072594,North,Homerton University,1.86,Royal Free Hospital,6.42,Whittington Hospital,4.89,Homerton University,1.86
N167UB,51.570087,-0.077101,North,Homerton University,3.03,Royal Free Hospital,6.39,Whittington Hospital,4.39,Homerton University,3.03
N167UD,51.570061,-0.077189,North,Homerton University,3.03,Royal Free Hospital,6.38,Whittington Hospital,4.38,Homerton University,3.03
N167UE,51.5565,-0.072264,North,Homerton University,1.91,Royal Free Hospital,6.45,Whittington Hospital,4.83,Homerton University,1.91
N167UF,51.556725,-0.070105,North,Homerton University,1.78,Royal Free Hospital,6.6,Whittington Hospital,4.97,Homerton University,1.78
N167UG,51.556502,-0.069638,North,Homerton University,1.74,Royal Free Hospital,6.63,Whittington Hospital,5.01,Homerton University,1.74
N167UH,51.556225,-0.069232,North,Homerton University,1.7,Royal Free Hospital,6.66,Whittington Hospital,5.04,Homerton University,1.7
N167UJ,51.555941,-0.068869,North,Homerton University,1.67,Royal Free Hospital,6.68,Whittington Hospital,5.08,Homerton University,1.67
N167UL,51.555136,-0.068614,North,Homerton University,1.62,Royal Free Hospital,6.7,Whittington Hospital,5.11,Homerton University,1.62
N167UN,51.55487,-0.068842,North,Homerton University,1.63,Royal Free Hospital,6.68,Whittington Hospital,5.11,Homerton University,1.63
N167UP,51.55605,-0.070566,North,Homerton University,1.78,Royal Free Hospital,6.56,Whittington Hospital,4.96,Homerton University,1.78
N167UQ,51.55672,-0.071966,North,Homerton University,1.9,Royal Free Hospital,6.47,Whittington Hospital,4.85,Homerton University,1.9
N167UR,51.555503,-0.07232,North,Homerton University,1.88,Royal Free Hospital,6.44,Whittington Hospital,4.86,Homerton University,1.88
N167US,51.570061,-0.077189,North,Homerton University,3.03,Royal Free Hospital,6.38,Whittington Hospital,4.38,Homerton University,3.03
N167UT,51.556158,-0.073851,North,Homerton University,2.0,Royal Free Hospital,6.34,Whittington Hospital,4.74,Homerton University,2.0
N167UU,51.555772,-0.07228,North,Homerton University,1.89,Royal Free Hospital,6.44,Whittington Hospital,4.85,Homerton University,1.89
N167UW,51.55524,-0.069461,North,Homerton University,1.68,Royal Free Hospital,6.64,Whittington Hospital,5.05,Homerton University,1.68
N167UX,51.556095,-0.072209,North,Homerton University,1.89,Royal Free Hospital,6.45,Whittington Hospital,4.85,Homerton University,1.89
N167UY,51.556236,-0.074222,North,Homerton University,2.03,Royal Free Hospital,6.31,Whittington Hospital,4.71,Homerton University,2.03
N167UZ,51.570061,-0.077189,North,Homerton University,3.03,Royal Free Hospital,6.38,Whittington Hospital,4.38,Homerton University,3.03
N167WA,51.570061,-0.077189,North,Homerton University,3.03,Royal Free Hospital,6.38,Whittington Hospital,4.38,Homerton University,3.03
N167WB,51.570061,-0.077189,North,Homerton University,3.03,Royal Free Hospital,6.38,Whittington Hospital,4.38,Homerton University,3.03
N167WD,51.570061,-0.077189,North,Homerton University,3.03,Royal Free Hospital,6.38,Whittington Hospital,4.38,Homerton University,3.03
N167WE,51.570061,-0.077189,North,Homerton University,3.03,Royal Free Hospital,6.38,Whittington Hospital,4.38,Homerton University,3.03
N167WF,51.570061,-0.077189,North,Homerton University,3.03,Royal Free Hospital,6.38,Whittington Hospital,4.38,Homerton University,3.03
N167WG,51.570061,-0.077189,North,Homerton University,3.03,Royal Free Hospital,6.38,Whittington Hospital,4.38,Homerton University,3.03
N167WH,51.559136,-0.070118,North,Homerton University,1.9,Royal Free Hospital,6.62,Whittington Hospital,4.92,Homerton University,1.9
N167WJ,51.570061,-0.077189,North,Homerton University,3.03,Royal Free Hospital,6.38,Whittington Hospital,4.38,Homerton University,3.03
N167WL,51.559136,-0.070118,North,Homerton University,1.9,Royal Free Hospital,6.62,Whittington Hospital,4.92,Homerton University,1.9
N167WN,51.570061,-0.077189,North,Homerton University,3.03,Royal Free Hospital,6.38,Whittington Hospital,4.38,Homerton University,3.03
N167WP,51.570061,-0.077189,North,Homerton University,3.03,Royal Free Hospital,6.38,Whittington Hospital,4.38,Homerton University,3.03
N167WQ,51.559136,-0.070118,North,Homerton University,1.9,Royal Free Hospital,6.62,Whittington Hospital,4.92,Homerton University,1.9
N167WR,51.570061,-0.077189,North,Homerton University,3.03,Royal Free Hospital,6.38,Whittington Hospital,4.38,Homerton University,3.03
N167WS,51.559136,-0.070118,North,Homerton University,1.9,Royal Free Hospital,6.62,Whittington Hospital,4.92,Homerton University,1.9
N167WT,51.570061,-0.077189,North,Homerton University,3.03,Royal Free Hospital,6.38,Whittington Hospital,4.38,Homerton University,3.03
N167WU,51.570061,-0.077189,North,Homerton University,3.03,Royal Free Hospital,6.38,Whittington Hospital,4.38,Homerton University,3.03
N167WW,51.570061,-0.077189,North,Homerton University,3.03,Royal Free Hospital,6.38,Whittington Hospital,4.38,Homerton University,3.03
N167WX,51.570061,-0.077189,North,Homerton University,3.03,Royal Free Hospital,6.38,Whittington Hospital,4.38,Homerton University,3.03
N167WY,51.570061,-0.077189,North,Homerton University,3.03,Royal Free Hospital,6.38,Whittington Hospital,4.38,Homerton University,3.03
N167WZ,51.570061,-0.077189,North,Homerton University,3.03,Royal Free Hospital,6.38,Whittington Hospital,4.38,Homerton University,3.03
N167XA,51.555669,-0.074203,North,Homerton University,2.01,Royal Free Hospital,6.31,Whittington Hospital,4.73,Homerton University,2.01
N167XB,51.552564,-0.074623,North,Homerton University,1.97,Royal Free Hospital,6.28,Whittington Hospital,4.8,Homerton University,1.97
N167XD,51.570061,-0.077189,North,Homerton University,3.03,Royal Free Hospital,6.38,Whittington Hospital,4.38,Homerton University,3.03
N167XE,51.552645,-0.074605,North,Homerton University,1.97,Royal Free Hospital,6.28,Whittington Hospital,4.8,Homerton University,1.97
N167XF,51.552859,-0.074509,North,Homerton University,1.97,Royal Free Hospital,6.28,Whittington Hospital,4.79,Homerton University,1.97
N167XG,51.570061,-0.077189,North,Homerton University,3.03,Royal Free Hospital,6.38,Whittington Hospital,4.38,Homerton University,3.03
N167XH,51.560797,-0.075978,North,Homerton University,2.34,Royal Free Hospital,6.24,Whittington Hospital,4.49,Homerton University,2.34
N167XJ,51.551577,-0.074765,North,Homerton University,1.98,Royal Free Hospital,6.27,Whittington Hospital,4.82,Homerton University,1.98
N167XL,51.570061,-0.077189,North,Homerton University,3.03,Royal Free Hospital,6.38,Whittington Hospital,4.38,Homerton University,3.03
N167XN,51.550984,-0.074805,North,Homerton University,1.98,Royal Free Hospital,6.27,Whittington Hospital,4.85,Homerton University,1.98
N167XP,51.550931,-0.074807,North,Homerton University,1.98,Royal Free Hospital,6.27,Whittington Hospital,4.85,Homerton University,1.98
N167XQ,51.570087,-0.077101,North,Homerton University,3.03,Royal Free Hospital,6.39,Whittington Hospital,4.39,Homerton University,3.03
N167XR,51.550931,-0.074807,North,Homerton University,1.98,Royal Free Hospital,6.27,Whittington Hospital,4.85,Homerton University,1.98
N167XS,51.550931,-0.074807,North,Homerton University,1.98,Royal Free Hospital,6.27,Whittington Hospital,4.85,Homerton University,1.98
N167XT,51.550931,-0.074807,North,Homerton University,1.98,Royal Free Hospital,6.27,Whittington Hospital,4.85,Homerton University,1.98
N167XU,51.552602,-0.075847,North,Homerton University,2.06,Royal Free Hospital,6.19,Whittington Hospital,4.72,Homerton University,2.06
N167XW,51.570061,-0.077189,North,Homerton University,3.03,Royal Free Hospital,6.38,Whittington Hospital,4.38,Homerton University,3.03
N167XX,51.570061,-0.077189,North,Homerton University,3.03,Royal Free Hospital,6.38,Whittington Hospital,4.38,Homerton University,3.03
N167XY,51.570061,-0.077189,North,Homerton University,3.03,Royal Free Hospital,6.38,Whittington Hospital,4.38,Homerton University,3.03
N167XZ,51.570061,-0.077189,North,Homerton University,3.03,Royal Free Hospital,6.38,Whittington Hospital,4.38,Homerton University,3.03
N167YA,51.553177,-0.074164,North,Homerton University,1.95,Royal Free Hospital,6.31,Whittington Hospital,4.81,Homerton University,1.95
N167YB,51.570061,-0.077189,North,Homerton University,3.03,Royal Free Hospital,6.38,Whittington Hospital,4.38,Homerton University,3.03
N167YD,51.570061,-0.077189,North,Homerton University,3.03,Royal Free Hospital,6.38,Whittington Hospital,4.38,Homerton University,3.03
N167YE,51.570061,-0.077189,North,Homerton University,3.03,Royal Free Hospital,6.38,Whittington Hospital,4.38,Homerton University,3.03
N167YF,51.570061,-0.077189,North,Homerton University,3.03,Royal Free Hospital,6.38,Whittington Hospital,4.38,Homerton University,3.03
N167YG,51.570087,-0.077101,North,Homerton University,3.03,Royal Free Hospital,6.39,Whittington Hospital,4.39,Homerton University,3.03
N167YH,51.570061,-0.077189,North,Homerton University,3.03,Royal Free Hospital,6.38,Whittington Hospital,4.38,Homerton University,3.03
N167YJ,51.570061,-0.077189,North,Homerton University,3.03,Royal Free Hospital,6.38,Whittington Hospital,4.38,Homerton University,3.03
N167YL,51.570061,-0.077189,North,Homerton University,3.03,Royal Free Hospital,6.38,Whittington Hospital,4.38,Homerton University,3.03
N167YN,51.570061,-0.077189,North,Homerton University,3.03,Royal Free Hospital,6.38,Whittington Hospital,4.38,Homerton University,3.03
N167YP,51.570061,-0.077189,North,Homerton University,3.03,Royal Free Hospital,6.38,Whittington Hospital,4.38,Homerton University,3.03
N167YQ,51.570087,-0.077101,North,Homerton University,3.03,Royal Free Hospital,6.39,Whittington Hospital,4.39,Homerton University,3.03
N167YR,51.570061,-0.077189,North,Homerton University,3.03,Royal Free Hospital,6.38,Whittington Hospital,4.38,Homerton University,3.03
N167YS,51.570061,-0.077189,North,Homerton University,3.03,Royal Free Hospital,6.38,Whittington Hospital,4.38,Homerton University,3.03
N167YT,51.570061,-0.077189,North,Homerton University,3.03,Royal Free Hospital,6.38,Whittington Hospital,4.38,Homerton University,3.03
N167YU,51.570061,-0.077189,North,Homerton University,3.03,Royal Free Hospital,6.38,Whittington Hospital,4.38,Homerton University,3.03
N167YW,51.570061,-0.077189,North,Homerton University,3.03,Royal Free Hospital,6.38,Whittington Hospital,4.38,Homerton University,3.03
N167YX,51.570061,-0.077189,North,Homerton University,3.03,Royal Free Hospital,6.38,Whittington Hospital,4.38,Homerton University,3.03
N167YY,51.570061,-0.077189,North,Homerton University,3.03,Royal Free Hospital,6.38,Whittington Hospital,4.38,Homerton University,3.03
N167YZ,51.570061,-0.077189,North,Homerton University,3.03,Royal Free Hospital,6.38,Whittington Hospital,4.38,Homerton University,3.03
N167ZA,51.570061,-0.077189,North,Homerton University,3.03,Royal Free Hospital,6.38,Whittington Hospital,4.38,Homerton University,3.03
N167ZB,51.570061,-0.077189,North,Homerton University,3.03,Royal Free Hospital,6.38,Whittington Hospital,4.38,Homerton University,3.03
N167ZD,51.570061,-0.077189,North,Homerton University,3.03,Royal Free Hospital,6.38,Whittington Hospital,4.38,Homerton University,3.03
N167ZE,51.570061,-0.077189,North,Homerton University,3.03,Royal Free Hospital,6.38,Whittington Hospital,4.38,Homerton University,3.03
N167ZF,51.570061,-0.077189,North,Homerton University,3.03,Royal Free Hospital,6.38,Whittington Hospital,4.38,Homerton University,3.03
N167ZG,51.570061,-0.077189,North,Homerton University,3.03,Royal Free Hospital,6.38,Whittington Hospital,4.38,Homerton University,3.03
N167ZH,51.570061,-0.077189,North,Homerton University,3.03,Royal Free Hospital,6.38,Whittington Hospital,4.38,Homerton University,3.03
N167ZJ,51.570061,-0.077189,North,Homerton University,3.03,Royal Free Hospital,6.38,Whittington Hospital,4.38,Homerton University,3.03
N167ZL,51.570061,-0.077189,North,Homerton University,3.03,Royal Free Hospital,6.38,Whittington Hospital,4.38,Homerton University,3.03
N167ZW,51.570061,-0.077189,North,Homerton University,3.03,Royal Free Hospital,6.38,Whittington Hospital,4.38,Homerton University,3.03
N168AA,51.55403,-0.075167,North,Homerton University,2.03,Royal Free Hospital,6.24,Whittington Hospital,4.71,Homerton University,2.03
N168AB,51.553501,-0.075809,North,Homerton University,2.07,Royal Free Hospital,6.19,Whittington Hospital,4.69,Homerton University,2.07
N168AD,51.553642,-0.075096,North,Homerton University,2.02,Royal Free Hospital,6.24,Whittington Hospital,4.73,Homerton University,2.02
N168AE,51.552602,-0.075847,North,Homerton University,2.06,Royal Free Hospital,6.19,Whittington Hospital,4.72,Homerton University,2.06
N168AF,51.553248,-0.075171,North,Homerton University,2.02,Royal Free Hospital,6.24,Whittington Hospital,4.74,Homerton University,2.02
N168AG,51.55286,-0.075129,North,Homerton University,2.01,Royal Free Hospital,6.24,Whittington Hospital,4.75,Homerton University,2.01
N168AH,51.553194,-0.075216,North,Homerton University,2.02,Royal Free Hospital,6.24,Whittington Hospital,4.74,Homerton University,2.02
N168AJ,51.552397,-0.07649,North,Homerton University,2.1,Royal Free Hospital,6.15,Whittington Hospital,4.68,Homerton University,2.1
N168AL,51.553831,-0.07894,North,Homerton University,2.29,Royal Free Hospital,5.98,Whittington Hospital,4.47,Homerton University,2.29
N168AN,51.552453,-0.078277,North,Homerton University,2.23,Royal Free Hospital,6.02,Whittington Hospital,4.56,Homerton University,2.23
N168AP,51.552099,-0.076979,North,Homerton University,2.13,Royal Free Hospital,6.11,Whittington Hospital,4.66,Homerton University,2.13
N168AQ,51.55286,-0.075129,North,Homerton University,2.01,Royal Free Hospital,6.24,Whittington Hospital,4.75,Homerton University,2.01
N168AR,51.552201,-0.078258,North,Homerton University,2.22,Royal Free Hospital,6.03,Whittington Hospital,4.57,Homerton University,2.22
N168AS,51.551704,-0.079174,North,Homerton University,2.28,Royal Free Hospital,5.96,Whittington Hospital,4.53,Homerton University,2.28
N168AT,51.551767,-0.077556,North,Homerton University,2.17,Royal Free Hospital,6.08,Whittington Hospital,4.64,Homerton University,2.17
N168AU,51.551539,-0.075704,North,Homerton University,2.04,Royal Free Hospital,6.2,Whittington Hospital,4.77,Homerton University,2.04
N168AW,51.570061,-0.077189,North,Homerton University,3.03,Royal Free Hospital,6.38,Whittington Hospital,4.38,Homerton University,3.03
N168AX,51.551483,-0.076125,North,Homerton University,2.07,Royal Free Hospital,6.18,Whittington Hospital,4.74,Homerton University,2.07
N168AY,51.551547,-0.076728,North,Homerton University,2.11,Royal Free Hospital,6.13,Whittington Hospital,4.7,Homerton University,2.11
N168AZ,51.548719,-0.076472,North,Homerton University,2.11,Royal Free Hospital,6.17,Whittington Hospital,4.84,Homerton University,2.11
N168BA,51.548862,-0.076986,North,Homerton University,2.14,Royal Free Hospital,6.13,Whittington Hospital,4.8,Homerton University,2.14
N168BB,51.550829,-0.077364,North,Homerton University,2.15,Royal Free Hospital,6.09,Whittington Hospital,4.69,Homerton University,2.15
N168BD,51.551659,-0.075353,North,Homerton University,2.02,Royal Free Hospital,6.23,Whittington Hospital,4.78,Homerton University,2.02
N168BE,51.550608,-0.075974,North,Homerton University,2.06,Royal Free Hospital,6.19,Whittington Hospital,4.79,Homerton University,2.06
N168BF,51.552398,-0.080948,North,Homerton University,2.41,Royal Free Hospital,5.84,Whittington Hospital,4.39,Homerton University,2.41
N168BG,51.552398,-0.080948,North,Homerton University,2.41,Royal Free Hospital,5.84,Whittington Hospital,4.39,Homerton University,2.41
N168BH,51.550895,-0.075385,North,Homerton University,2.02,Royal Free Hospital,6.23,Whittington Hospital,4.81,Homerton University,2.02
N168BJ,51.551713,-0.07538,North,Homerton University,2.02,Royal Free Hospital,6.23,Whittington Hospital,4.78,Homerton University,2.02
N168BL,51.550805,-0.075923,North,Homerton University,2.06,Royal Free Hospital,6.19,Whittington Hospital,4.78,Homerton University,2.06
N168BN,51.551271,-0.078572,North,Homerton University,2.24,Royal Free Hospital,6.01,Whittington Hospital,4.59,Homerton University,2.24
N168BP,51.55682,-0.074789,North,Homerton University,2.09,Royal Free Hospital,6.28,Whittington Hospital,4.65,Homerton University,2.09
N168BQ,51.550672,-0.078222,North,Homerton University,2.21,Royal Free Hospital,6.03,Whittington Hospital,4.64,Homerton University,2.21
N168BS,51.556197,-0.075696,North,Homerton University,2.13,Royal Free Hospital,6.21,Whittington Hospital,4.61,Homerton University,2.13
N168BT,51.556155,-0.074817,North,Homerton University,2.07,Royal Free Hospital,6.27,Whittington Hospital,4.67,Homerton University,2.07
N168BU,51.555161,-0.075076,North,Homerton University,2.05,Royal Free Hospital,6.25,Whittington Hospital,4.68,Homerton University,2.05
N168BX,51.554692,-0.07498,North,Homerton University,2.04,Royal Free Hospital,6.25,Whittington Hospital,4.7,Homerton University,2.04
N168BY,51.553926,-0.077075,North,Homerton University,2.16,Royal Free Hospital,6.11,Whittington Hospital,4.59,Homerton University,2.16
N168BZ,51.554164,-0.078435,North,Homerton University,2.26,Royal Free Hospital,6.01,Whittington Hospital,4.49,Homerton University,2.26
N168DA,51.553931,-0.079527,North,Homerton University,2.33,Royal Free Hospital,5.94,Whittington Hospital,4.43,Homerton University,2.33
N168DB,51.553572,-0.080134,North,Homerton University,2.37,Royal Free Hospital,5.9,Whittington Hospital,4.4,Homerton University,2.37
N168DD,51.552497,-0.079328,North,Homerton University,2.3,Royal Free Hospital,5.95,Whittington Hospital,4.49,Homerton University,2.3
N168DE,51.553389,-0.079391,North,Homerton University,2.31,Royal Free Hospital,5.95,Whittington Hospital,4.46,Homerton University,2.31
N168DF,51.552781,-0.077412,North,Homerton University,2.17,Royal Free Hospital,6.08,Whittington Hospital,4.61,Homerton University,2.17
N168DG,51.553018,-0.077056,North,Homerton University,2.15,Royal Free Hospital,6.11,Whittington Hospital,4.62,Homerton University,2.15
N168DH,51.553251,-0.077017,North,Homerton University,2.15,Royal Free Hospital,6.11,Whittington Hospital,4.62,Homerton University,2.15
N168DJ,51.553475,-0.076993,North,Homerton University,2.15,Royal Free Hospital,6.11,Whittington Hospital,4.61,Homerton University,2.15
N168DL,51.553696,-0.077258,North,Homerton University,2.17,Royal Free Hospital,6.09,Whittington Hospital,4.58,Homerton University,2.17
N168DN,51.570061,-0.077189,North,Homerton University,3.03,Royal Free Hospital,6.38,Whittington Hospital,4.38,Homerton University,3.03
N168DP,51.557095,-0.075658,North,Homerton University,2.15,Royal Free Hospital,6.22,Whittington Hospital,4.59,Homerton University,2.15
N168DQ,51.552993,-0.078831,North,Homerton University,2.27,Royal Free Hospital,5.99,Whittington Hospital,4.51,Homerton University,2.27
N168DR,51.558323,-0.074812,North,Homerton University,2.15,Royal Free Hospital,6.29,Whittington Hospital,4.62,Homerton University,2.15
N168DS,51.557855,-0.074789,North,Homerton University,2.13,Royal Free Hospital,6.29,Whittington Hospital,4.63,Homerton University,2.13
N168DT,51.55701,-0.074825,North,Homerton University,2.1,Royal Free Hospital,6.28,Whittington Hospital,4.65,Homerton University,2.1
N168DU,51.556907,-0.075146,North,Homerton University,2.11,Royal Free Hospital,6.25,Whittington Hospital,4.63,Homerton University,2.11
N168DW,51.553831,-0.07894,North,Homerton University,2.29,Royal Free Hospital,5.98,Whittington Hospital,4.47,Homerton University,2.29
N168DX,51.556907,-0.075146,North,Homerton University,2.11,Royal Free Hospital,6.25,Whittington Hospital,4.63,Homerton University,2.11
N168DY,51.556197,-0.075696,North,Homerton University,2.13,Royal Free Hospital,6.21,Whittington Hospital,4.61,Homerton University,2.13
N168DZ,51.570061,-0.077189,North,Homerton University,3.03,Royal Free Hospital,6.38,Whittington Hospital,4.38,Homerton University,3.03
N168EA,51.556608,-0.076659,North,Homerton University,2.2,Royal Free Hospital,6.15,Whittington Hospital,4.53,Homerton University,2.2
N168EB,51.556354,-0.076511,North,Homerton University,2.18,Royal Free Hospital,6.16,Whittington Hospital,4.55,Homerton University,2.18
N168ED,51.556048,-0.07651,North,Homerton University,2.18,Royal Free Hospital,6.15,Whittington Hospital,4.56,Homerton University,2.18
N168EE,51.557844,-0.075799,North,Homerton University,2.19,Royal Free Hospital,6.22,Whittington Hospital,4.56,Homerton University,2.19
N168EF,51.555815,-0.077096,North,Homerton University,2.21,Royal Free Hospital,6.11,Whittington Hospital,4.53,Homerton University,2.21
N168EG,51.555346,-0.076986,North,Homerton University,2.19,Royal Free Hospital,6.12,Whittington Hospital,4.55,Homerton University,2.19
N168EH,51.557042,-0.076771,North,Homerton University,2.22,Royal Free Hospital,6.14,Whittington Hospital,4.52,Homerton University,2.22
N168EJ,51.55782,-0.077041,North,Homerton University,2.27,Royal Free Hospital,6.13,Whittington Hospital,4.48,Homerton University,2.27
N168EL,51.559197,-0.074415,North,Homerton University,2.16,Royal Free Hospital,6.33,Whittington Hospital,4.63,Homerton University,2.16
N168EN,51.558569,-0.075581,North,Homerton University,2.21,Royal Free Hospital,6.24,Whittington Hospital,4.56,Homerton University,2.21
N168EP,51.547274,-0.076129,North,Homerton University,2.11,Royal Free Hospital,6.21,Whittington Hospital,4.92,Homerton University,2.11
N168EQ,51.555041,-0.077057,North,Homerton University,2.18,Royal Free Hospital,6.11,Whittington Hospital,4.55,Homerton University,2.18
N168ER,51.558846,-0.074906,North,Homerton University,2.18,Royal Free Hospital,6.29,Whittington Hospital,4.6,Homerton University,2.18
N168ES,51.558303,-0.075289,North,Homerton University,2.18,Royal Free Hospital,6.26,Whittington Hospital,4.59,Homerton University,2.18
N168ET,51.55831,-0.075693,North,Homerton University,2.2,Royal Free Hospital,6.23,Whittington Hospital,4.56,Homerton University,2.2
N168EU,51.557963,-0.077554,North,Homerton University,2.31,Royal Free Hospital,6.1,Whittington Hospital,4.44,Homerton University,2.31
N168EW,51.555699,-0.074966,North,Homerton University,2.06,Royal Free Hospital,6.26,Whittington Hospital,4.67,Homerton University,2.06
N168EX,51.558124,-0.078081,North,Homerton University,2.35,Royal Free Hospital,6.06,Whittington Hospital,4.4,Homerton University,2.35
N168EY,51.55828,-0.076026,North,Homerton University,2.22,Royal Free Hospital,6.2,Whittington Hospital,4.54,Homerton University,2.22
N168EZ,51.558297,-0.074914,North,Homerton University,2.15,Royal Free Hospital,6.28,Whittington Hospital,4.61,Homerton University,2.15
N168FA,51.55828,-0.076026,North,Homerton University,2.22,Royal Free Hospital,6.2,Whittington Hospital,4.54,Homerton University,2.22
N168FX,51.570061,-0.077189,North,Homerton University,3.03,Royal Free Hospital,6.38,Whittington Hospital,4.38,Homerton University,3.03
N168GL,51.55663,-0.076341,North,Homerton University,2.18,Royal Free Hospital,6.17,Whittington Hospital,4.56,Homerton University,2.18
N168HB,51.558018,-0.077061,North,Homerton University,2.28,Royal Free Hospital,6.13,Whittington Hospital,4.47,Homerton University,2.28
N168HF,51.556687,-0.078156,North,Homerton University,2.3,Royal Free Hospital,6.04,Whittington Hospital,4.43,Homerton University,2.3
N168HG,51.557088,-0.077923,North,Homerton University,2.3,Royal Free Hospital,6.06,Whittington Hospital,4.44,Homerton University,2.3
N168HL,51.556792,-0.075815,North,Homerton University,2.15,Royal Free Hospital,6.21,Whittington Hospital,4.59,Homerton University,2.15
N168HN,51.556792,-0.075815,North,Homerton University,2.15,Royal Free Hospital,6.21,Whittington Hospital,4.59,Homerton University,2.15
N168HP,51.556894,-0.075421,North,Homerton University,2.13,Royal Free Hospital,6.23,Whittington Hospital,4.61,Homerton University,2.13
N168HR,51.546813,-0.075947,North,Homerton University,2.1,Royal Free Hospital,6.23,Whittington Hospital,4.96,Homerton University,2.1
N168HS,51.557095,-0.075658,North,Homerton University,2.15,Royal Free Hospital,6.22,Whittington Hospital,4.59,Homerton University,2.15
N168HT,51.54993,-0.077402,North,Homerton University,2.16,Royal Free Hospital,6.1,Whittington Hospital,4.72,Homerton University,2.16
N168HU,51.547291,-0.076619,North,Homerton University,2.14,Royal Free Hospital,6.17,Whittington Hospital,4.89,Homerton University,2.14
N168HW,51.556894,-0.075421,North,Homerton University,2.13,Royal Free Hospital,6.23,Whittington Hospital,4.61,Homerton University,2.13
N168HX,51.550602,-0.0756,North,Homerton University,2.03,Royal Free Hospital,6.22,Whittington Hospital,4.81,Homerton University,2.03
N168HY,51.550833,-0.076542,North,Homerton University,2.1,Royal Free Hospital,6.15,Whittington Hospital,4.74,Homerton University,2.1
N168JA,51.570061,-0.077189,North,Homerton University,3.03,Royal Free Hospital,6.38,Whittington Hospital,4.38,Homerton University,3.03
N168JB,51.549181,-0.076164,North,Homerton University,2.08,Royal Free Hospital,6.19,Whittington Hospital,4.83,Homerton University,2.08
N168JD,51.549031,-0.07744,North,Homerton University,2.17,Royal Free Hospital,6.1,Whittington Hospital,4.76,Homerton University,2.17
N168JE,51.570061,-0.077189,North,Homerton University,3.03,Royal Free Hospital,6.38,Whittington Hospital,4.38,Homerton University,3.03
N168JF,51.549031,-0.07744,North,Homerton University,2.17,Royal Free Hospital,6.1,Whittington Hospital,4.76,Homerton University,2.17
N168JG,51.549245,-0.077301,North,Homerton University,2.16,Royal Free Hospital,6.11,Whittington Hospital,4.76,Homerton University,2.16
N168JH,51.549321,-0.07649,North,Homerton University,2.1,Royal Free Hospital,6.16,Whittington Hospital,4.81,Homerton University,2.1
N168JJ,51.549008,-0.075999,North,Homerton University,2.07,Royal Free Hospital,6.2,Whittington Hospital,4.85,Homerton University,2.07
N168JL,51.548679,-0.07682,North,Homerton University,2.13,Royal Free Hospital,6.15,Whittington Hospital,4.82,Homerton University,2.13
N168JN,51.548669,-0.0762,North,Homerton University,2.09,Royal Free Hospital,6.19,Whittington Hospital,4.85,Homerton University,2.09
N168JP,51.54848,-0.076713,North,Homerton University,2.13,Royal Free Hospital,6.15,Whittington Hospital,4.83,Homerton University,2.13
N168JQ,51.549031,-0.07744,North,Homerton University,2.17,Royal Free Hospital,6.1,Whittington Hospital,4.76,Homerton University,2.17
N168JR,51.546335,-0.077554,North,Homerton University,2.22,Royal Free Hospital,6.12,Whittington Hospital,4.88,Homerton University,2.22
N168JS,51.547647,-0.07695,North,Homerton University,2.15,Royal Free Hospital,6.15,Whittington Hospital,4.86,Homerton University,2.15
N168JT,51.548574,-0.077517,North,Homerton University,2.18,Royal Free Hospital,6.1,Whittington Hospital,4.78,Homerton University,2.18
N168JU,51.548836,-0.078155,North,Homerton University,2.22,Royal Free Hospital,6.05,Whittington Hospital,4.72,Homerton University,2.22
N168JW,51.548376,-0.076415,North,Homerton University,2.11,Royal Free Hospital,6.18,Whittington Hospital,4.85,Homerton University,2.11
N168JX,51.549215,-0.077677,North,Homerton University,2.18,Royal Free Hospital,6.08,Whittington Hospital,4.74,Homerton University,2.18
N168JY,51.549521,-0.076612,North,Homerton University,2.11,Royal Free Hospital,6.15,Whittington Hospital,4.79,Homerton University,2.11
N168JZ,51.549824,-0.076397,North,Homerton University,2.09,Royal Free Hospital,6.17,Whittington Hospital,4.79,Homerton University,2.09
N168LA,51.550097,-0.076054,North,Homerton University,2.07,Royal Free Hospital,6.19,Whittington Hospital,4.8,Homerton University,2.07
N168LB,51.549097,-0.077625,North,Homerton University,2.18,Royal Free Hospital,6.09,Whittington Hospital,4.75,Homerton University,2.18
N168LD,51.548857,-0.07775,North,Homerton University,2.19,Royal Free Hospital,6.08,Whittington Hospital,4.75,Homerton University,2.19
N168LF,51.550923,-0.08313,North,Homerton University,2.55,Royal Free Hospital,5.69,Whittington Hospital,4.32,Homerton University,2.55
N168LG,51.551886,-0.082613,North,Homerton University,2.52,Royal Free Hospital,5.73,Whittington Hospital,4.31,Homerton University,2.52
N168LH,51.551749,-0.080816,North,Homerton University,2.4,Royal Free Hospital,5.85,Whittington Hospital,4.43,Homerton University,2.4
N168LJ,51.551388,-0.079649,North,Homerton University,2.31,Royal Free Hospital,5.93,Whittington Hospital,4.52,Homerton University,2.31
N168LL,51.551084,-0.079243,North,Homerton University,2.28,Royal Free Hospital,5.96,Whittington Hospital,4.56,Homerton University,2.28
N168LN,51.550631,-0.079002,North,Homerton University,2.27,Royal Free Hospital,5.98,Whittington Hospital,4.59,Homerton University,2.27
N168LP,51.550321,-0.07877,North,Homerton University,2.25,Royal Free Hospital,6.0,Whittington Hospital,4.62,Homerton University,2.25
N168LQ,51.55186,-0.081576,North,Homerton University,2.45,Royal Free Hospital,5.8,Whittington Hospital,4.37,Homerton University,2.45
N168LR,51.549814,-0.07908,North,Homerton University,2.28,Royal Free Hospital,5.98,Whittington Hospital,4.62,Homerton University,2.28
N168LS,51.550371,-0.079634,North,Homerton University,2.31,Royal Free Hospital,5.94,Whittington Hospital,4.56,Homerton University,2.31
N168LT,51.550011,-0.079591,North,Homerton University,2.31,Royal Free Hospital,5.94,Whittington Hospital,4.58,Homerton University,2.31
N168LU,51.550886,-0.079785,North,Homerton University,2.32,Royal Free Hospital,5.93,Whittington Hospital,4.53,Homerton University,2.32
N168LW,51.550275,-0.079219,North,Homerton University,2.28,Royal Free Hospital,5.97,Whittington Hospital,4.59,Homerton University,2.28
N168LX,51.550397,-0.080137,North,Homerton University,2.35,Royal Free Hospital,5.9,Whittington Hospital,4.53,Homerton University,2.35
N168LY,51.55058,-0.080836,North,Homerton University,2.39,Royal Free Hospital,5.85,Whittington Hospital,4.48,Homerton University,2.39
N168LZ,51.550571,-0.081385,North,Homerton University,2.43,Royal Free Hospital,5.82,Whittington Hospital,4.44,Homerton University,2.43
N168NA,51.55082,-0.081201,North,Homerton University,2.42,Royal Free Hospital,5.83,Whittington Hospital,4.44,Homerton University,2.42
N168NB,51.551196,-0.080565,North,Homerton University,2.38,Royal Free Hospital,5.87,Whittington Hospital,4.47,Homerton University,2.38
N168ND,51.551346,-0.082016,North,Homerton University,2.48,Royal Free Hospital,5.77,Whittington Hospital,4.37,Homerton University,2.48
N168NE,51.550982,-0.081786,North,Homerton University,2.46,Royal Free Hospital,5.79,Whittington Hospital,4.4,Homerton University,2.46
N168NF,51.551263,-0.082495,North,Homerton University,2.51,Royal Free Hospital,5.74,Whittington Hospital,4.34,Homerton University,2.51
N168NG,51.550538,-0.082108,North,Homerton University,2.48,Royal Free Hospital,5.77,Whittington Hospital,4.4,Homerton University,2.48
N168NH,51.550519,-0.082599,North,Homerton University,2.52,Royal Free Hospital,5.73,Whittington Hospital,4.37,Homerton University,2.52
N168NL,51.553831,-0.07894,North,Homerton University,2.29,Royal Free Hospital,5.98,Whittington Hospital,4.47,Homerton University,2.29
N168NN,51.551724,-0.079851,North,Homerton University,2.33,Royal Free Hospital,5.92,Whittington Hospital,4.49,Homerton University,2.33
N168NP,51.551921,-0.083636,North,Homerton University,2.59,Royal Free Hospital,5.66,Whittington Hospital,4.24,Homerton University,2.59
N168NQ,51.550802,-0.082861,North,Homerton University,2.53,Royal Free Hospital,5.71,Whittington Hospital,4.34,Homerton University,2.53
N168NR,51.550947,-0.084571,North,Homerton University,2.65,Royal Free Hospital,5.59,Whittington Hospital,4.22,Homerton University,2.65
N168NT,51.551833,-0.079413,North,Homerton University,2.3,Royal Free Hospital,5.95,Whittington Hospital,4.51,Homerton University,2.3
N168NU,51.55216,-0.080121,North,Homerton University,2.35,Royal Free Hospital,5.9,Whittington Hospital,4.46,Homerton University,2.35
N168NW,51.551932,-0.082107,North,Homerton University,2.49,Royal Free Hospital,5.76,Whittington Hospital,4.34,Homerton University,2.49
N168NX,51.551798,-0.081651,North,Homerton University,2.45,Royal Free Hospital,5.79,Whittington Hospital,4.37,Homerton University,2.45
N168NY,51.552673,-0.080171,North,Homerton University,2.36,Royal Free Hospital,5.89,Whittington Hospital,4.43,Homerton University,2.36
N168PB,51.553287,-0.079756,North,Homerton University,2.34,Royal Free Hospital,5.92,Whittington Hospital,4.44,Homerton University,2.34
N168PD,51.553572,-0.080134,North,Homerton University,2.37,Royal Free Hospital,5.9,Whittington Hospital,4.4,Homerton University,2.37
N168PE,51.553028,-0.079882,North,Homerton University,2.34,Royal Free Hospital,5.91,Whittington Hospital,4.44,Homerton University,2.34
N168PF,51.553638,-0.080304,North,Homerton University,2.38,Royal Free Hospital,5.88,Whittington Hospital,4.39,Homerton University,2.38
N168PG,51.552805,-0.080527,North,Homerton University,2.38,Royal Free Hospital,5.87,Whittington Hospital,4.4,Homerton University,2.38
N168PH,51.553743,-0.083473,North,Homerton University,2.6,Royal Free Hospital,5.66,Whittington Hospital,4.18,Homerton University,2.6
N168PJ,51.553594,-0.08371,North,Homerton University,2.61,Royal Free Hospital,5.65,Whittington Hospital,4.17,Homerton University,2.61
N168PL,51.553242,-0.084129,North,Homerton University,2.64,Royal Free Hospital,5.62,Whittington Hospital,4.15,Homerton University,2.64
N168PP,51.552839,-0.083165,North,Homerton University,2.57,Royal Free Hospital,5.69,Whittington Hospital,4.23,Homerton University,2.57
N168PQ,51.553208,-0.083741,North,Homerton University,2.61,Royal Free Hospital,5.65,Whittington Hospital,4.18,Homerton University,2.61
N168PR,51.55272,-0.083054,North,Homerton University,2.56,Royal Free Hospital,5.69,Whittington Hospital,4.24,Homerton University,2.56
N168PS,51.552396,-0.082477,North,Homerton University,2.51,Royal Free Hospital,5.73,Whittington Hospital,4.29,Homerton University,2.51
N168PT,51.552208,-0.081994,North,Homerton University,2.48,Royal Free Hospital,5.77,Whittington Hospital,4.33,Homerton University,2.48
N168PU,51.552732,-0.082145,North,Homerton University,2.49,Royal Free Hospital,5.76,Whittington Hospital,4.3,Homerton University,2.49
N168PW,51.552957,-0.084343,North,Homerton University,2.65,Royal Free Hospital,5.6,Whittington Hospital,4.15,Homerton University,2.65
N168PX,51.552545,-0.080581,North,Homerton University,2.39,Royal Free Hospital,5.86,Whittington Hospital,4.41,Homerton University,2.39
N168QA,51.558014,-0.083438,North,Homerton University,2.7,Royal Free Hospital,5.69,Whittington Hospital,4.04,Homerton University,2.7
N168QB,51.552417,-0.081004,North,Homerton University,2.41,Royal Free Hospital,5.84,Whittington Hospital,4.39,Homerton University,2.41
N168QD,51.552186,-0.081721,North,Homerton University,2.46,Royal Free Hospital,5.79,Whittington Hospital,4.35,Homerton University,2.46
N168QE,51.553242,-0.084129,North,Homerton University,2.64,Royal Free Hospital,5.62,Whittington Hospital,4.15,Homerton University,2.64
N168QF,51.551845,-0.084534,North,Homerton University,2.65,Royal Free Hospital,5.59,Whittington Hospital,4.19,Homerton University,2.65
N168QG,51.552558,-0.083018,North,Homerton University,2.55,Royal Free Hospital,5.7,Whittington Hospital,4.25,Homerton University,2.55
N168QH,51.552271,-0.083088,North,Homerton University,2.56,Royal Free Hospital,5.69,Whittington Hospital,4.26,Homerton University,2.56
N168QJ,51.553831,-0.078954,North,Homerton University,2.29,Royal Free Hospital,5.98,Whittington Hospital,4.47,Homerton University,2.29
N168QL,51.552528,-0.084462,North,Homerton University,2.65,Royal Free Hospital,5.6,Whittington Hospital,4.16,Homerton University,2.65
N168QN,51.554488,-0.083918,North,Homerton University,2.64,Royal Free Hospital,5.64,Whittington Hospital,4.12,Homerton University,2.64
N168QP,51.557864,-0.083026,North,Homerton University,2.66,Royal Free Hospital,5.72,Whittington Hospital,4.07,Homerton University,2.66
N168QQ,51.556873,-0.082938,North,Homerton University,2.63,Royal Free Hospital,5.72,Whittington Hospital,4.11,Homerton University,2.63
N168QR,51.554208,-0.083843,North,Homerton University,2.63,Royal Free Hospital,5.64,Whittington Hospital,4.14,Homerton University,2.63
N168QS,51.554191,-0.083339,North,Homerton University,2.6,Royal Free Hospital,5.67,Whittington Hospital,4.17,Homerton University,2.6
N168QT,51.554199,-0.082761,North,Homerton University,2.56,Royal Free Hospital,5.71,Whittington Hospital,4.21,Homerton University,2.56
N168QU,51.554518,-0.082979,North,Homerton University,2.58,Royal Free Hospital,5.7,Whittington Hospital,4.18,Homerton University,2.58
N168QW,51.556242,-0.083397,North,Homerton University,2.64,Royal Free Hospital,5.68,Whittington Hospital,4.1,Homerton University,2.64
N168QX,51.556118,-0.082378,North,Homerton University,2.57,Royal Free Hospital,5.75,Whittington Hospital,4.17,Homerton University,2.57
N168QY,51.555667,-0.082844,North,Homerton University,2.59,Royal Free Hospital,5.71,Whittington Hospital,4.15,Homerton University,2.59
N168QZ,51.552293,-0.08388,North,Homerton University,2.61,Royal Free Hospital,5.64,Whittington Hospital,4.21,Homerton University,2.61
N168RA,51.555535,-0.080325,North,Homerton University,2.42,Royal Free Hospital,5.89,Whittington Hospital,4.32,Homerton University,2.42
N168RD,51.557134,-0.081874,North,Homerton University,2.57,Royal Free Hospital,5.79,Whittington Hospital,4.17,Homerton University,2.57
N168RE,51.557134,-0.081874,North,Homerton University,2.57,Royal Free Hospital,5.79,Whittington Hospital,4.17,Homerton University,2.57
N168RF,51.556339,-0.084345,North,Homerton University,2.71,Royal Free Hospital,5.61,Whittington Hospital,4.03,Homerton University,2.71
N168RG,51.556845,-0.081742,North,Homerton University,2.55,Royal Free Hospital,5.8,Whittington Hospital,4.19,Homerton University,2.55
N168RH,51.557448,-0.080692,North,Homerton University,2.5,Royal Free Hospital,5.88,Whittington Hospital,4.24,Homerton University,2.5
N168RJ,51.557071,-0.080188,North,Homerton University,2.45,Royal Free Hospital,5.91,Whittington Hospital,4.29,Homerton University,2.45
N168RL,51.556864,-0.079663,North,Homerton University,2.41,Royal Free Hospital,5.94,Whittington Hospital,4.33,Homerton University,2.41
N168RN,51.556248,-0.080454,North,Homerton University,2.44,Royal Free Hospital,5.88,Whittington Hospital,4.29,Homerton University,2.44
N168RP,51.556326,-0.08084,North,Homerton University,2.47,Royal Free Hospital,5.86,Whittington Hospital,4.26,Homerton University,2.47
N168RQ,51.553831,-0.078954,North,Homerton University,2.29,Royal Free Hospital,5.98,Whittington Hospital,4.47,Homerton University,2.29
N168RR,51.555951,-0.081015,North,Homerton University,2.47,Royal Free Hospital,5.84,Whittington Hospital,4.26,Homerton University,2.47
N168RS,51.555714,-0.080246,North,Homerton University,2.42,Royal Free Hospital,5.89,Whittington Hospital,4.32,Homerton University,2.42
N168RT,51.570061,-0.077189,North,Homerton University,3.03,Royal Free Hospital,6.38,Whittington Hospital,4.38,Homerton University,3.03
N168RU,51.554494,-0.081537,North,Homerton University,2.48,Royal Free Hospital,5.8,Whittington Hospital,4.28,Homerton University,2.48
N168RW,51.556973,-0.080798,North,Homerton University,2.49,Royal Free Hospital,5.86,Whittington Hospital,4.25,Homerton University,2.49
N168RX,51.555439,-0.08105,North,Homerton University,2.46,Royal Free Hospital,5.84,Whittington Hospital,4.28,Homerton University,2.46
N168RY,51.555547,-0.082128,North,Homerton University,2.54,Royal Free Hospital,5.76,Whittington Hospital,4.2,Homerton University,2.54
N168RZ,51.555333,-0.082238,North,Homerton University,2.54,Royal Free Hospital,5.75,Whittington Hospital,4.2,Homerton University,2.54
N168SA,51.555206,-0.081089,North,Homerton University,2.46,Royal Free Hospital,5.83,Whittington Hospital,4.28,Homerton University,2.46
N168SB,51.555295,-0.079917,North,Homerton University,2.38,Royal Free Hospital,5.91,Whittington Hospital,4.36,Homerton University,2.38
N168SD,51.555102,-0.080214,North,Homerton University,2.4,Royal Free Hospital,5.89,Whittington Hospital,4.34,Homerton University,2.4
N168SE,51.554494,-0.081537,North,Homerton University,2.48,Royal Free Hospital,5.8,Whittington Hospital,4.28,Homerton University,2.48
N168SF,51.554967,-0.077998,North,Homerton University,2.25,Royal Free Hospital,6.05,Whittington Hospital,4.49,Homerton University,2.25
N168SG,51.556769,-0.078759,North,Homerton University,2.35,Royal Free Hospital,6.0,Whittington Hospital,4.39,Homerton University,2.35
N168SH,51.555402,-0.079335,North,Homerton University,2.35,Royal Free Hospital,5.96,Whittington Hospital,4.39,Homerton University,2.35
N168SJ,51.555934,-0.079933,North,Homerton University,2.4,Royal Free Hospital,5.92,Whittington Hospital,4.34,Homerton University,2.4
N168SL,51.556031,-0.07928,North,Homerton University,2.36,Royal Free Hospital,5.96,Whittington Hospital,4.38,Homerton University,2.36
N168SN,51.556525,-0.079807,North,Homerton University,2.41,Royal Free Hospital,5.93,Whittington Hospital,4.33,Homerton University,2.41
N168SP,51.556357,-0.078877,North,Homerton University,2.34,Royal Free Hospital,5.99,Whittington Hospital,4.39,Homerton University,2.34
N168SQ,51.557208,-0.078654,North,Homerton University,2.35,Royal Free Hospital,6.01,Whittington Hospital,4.38,Homerton University,2.35
N168SR,51.555334,-0.079035,North,Homerton University,2.33,Royal Free Hospital,5.98,Whittington Hospital,4.41,Homerton University,2.33
N168SS,51.557501,-0.078454,North,Homerton University,2.35,Royal Free Hospital,6.03,Whittington Hospital,4.39,Homerton University,2.35
N168ST,51.554761,-0.078064,North,Homerton University,2.25,Royal Free Hospital,6.04,Whittington Hospital,4.5,Homerton University,2.25
N168SU,51.554587,-0.076788,North,Homerton University,2.16,Royal Free Hospital,6.13,Whittington Hospital,4.59,Homerton University,2.16
N168SW,51.556919,-0.079156,North,Homerton University,2.38,Royal Free Hospital,5.98,Whittington Hospital,4.36,Homerton University,2.38
N168SX,51.554527,-0.075852,North,Homerton University,2.09,Royal Free Hospital,6.19,Whittington Hospital,4.65,Homerton University,2.09
N168SY,51.554362,-0.077316,North,Homerton University,2.19,Royal Free Hospital,6.09,Whittington Hospital,4.56,Homerton University,2.19
N168SZ,51.557857,-0.078251,North,Homerton University,2.35,Royal Free Hospital,6.05,Whittington Hospital,4.4,Homerton University,2.35
N168TA,51.55609,-0.081773,North,Homerton University,2.53,Royal Free Hospital,5.79,Whittington Hospital,4.21,Homerton University,2.53
N168TB,51.556146,-0.081367,North,Homerton University,2.5,Royal Free Hospital,5.82,Whittington Hospital,4.23,Homerton University,2.5
N168TD,51.554518,-0.082979,North,Homerton University,2.58,Royal Free Hospital,5.7,Whittington Hospital,4.18,Homerton University,2.58
N168TE,51.554518,-0.082979,North,Homerton University,2.58,Royal Free Hospital,5.7,Whittington Hospital,4.18,Homerton University,2.58
N168TF,51.55609,-0.081773,North,Homerton University,2.53,Royal Free Hospital,5.79,Whittington Hospital,4.21,Homerton University,2.53
N168TG,51.554518,-0.082979,North,Homerton University,2.58,Royal Free Hospital,5.7,Whittington Hospital,4.18,Homerton University,2.58
N168TH,51.555207,-0.082214,North,Homerton University,2.54,Royal Free Hospital,5.76,Whittington Hospital,4.21,Homerton University,2.54
N168TJ,51.554111,-0.082304,North,Homerton University,2.52,Royal Free Hospital,5.75,Whittington Hospital,4.24,Homerton University,2.52
N168TL,51.553985,-0.081775,North,Homerton University,2.49,Royal Free Hospital,5.78,Whittington Hospital,4.28,Homerton University,2.49
N168TN,51.553661,-0.082827,North,Homerton University,2.55,Royal Free Hospital,5.71,Whittington Hospital,4.22,Homerton University,2.55
N168TP,51.553082,-0.082606,North,Homerton University,2.53,Royal Free Hospital,5.72,Whittington Hospital,4.26,Homerton University,2.53
N168TQ,51.553619,-0.083017,North,Homerton University,2.56,Royal Free Hospital,5.7,Whittington Hospital,4.21,Homerton University,2.56
N168TR,51.553563,-0.082327,North,Homerton University,2.52,Royal Free Hospital,5.74,Whittington Hospital,4.26,Homerton University,2.52
N168TS,51.553252,-0.081994,North,Homerton University,2.49,Royal Free Hospital,5.77,Whittington Hospital,4.29,Homerton University,2.49
N168TT,51.553727,-0.081382,North,Homerton University,2.45,Royal Free Hospital,5.81,Whittington Hospital,4.31,Homerton University,2.45
N168TU,51.554048,-0.081196,North,Homerton University,2.45,Royal Free Hospital,5.82,Whittington Hospital,4.31,Homerton University,2.45
N168TW,51.553268,-0.083003,North,Homerton University,2.56,Royal Free Hospital,5.7,Whittington Hospital,4.23,Homerton University,2.56
N168TX,51.554408,-0.081224,North,Homerton University,2.45,Royal Free Hospital,5.82,Whittington Hospital,4.3,Homerton University,2.45
N168TY,51.570061,-0.077189,North,Homerton University,3.03,Royal Free Hospital,6.38,Whittington Hospital,4.38,Homerton University,3.03
N168TZ,51.570061,-0.077189,North,Homerton University,3.03,Royal Free Hospital,6.38,Whittington Hospital,4.38,Homerton University,3.03
N168UA,51.553817,-0.08083,North,Homerton University,2.42,Royal Free Hospital,5.85,Whittington Hospital,4.35,Homerton University,2.42
N168UB,51.552827,-0.0808,North,Homerton University,2.4,Royal Free Hospital,5.85,Whittington Hospital,4.39,Homerton University,2.4
N168UD,51.552516,-0.081563,North,Homerton University,2.45,Royal Free Hospital,5.8,Whittington Hospital,4.35,Homerton University,2.45
N168UE,51.552516,-0.081563,North,Homerton University,2.45,Royal Free Hospital,5.8,Whittington Hospital,4.35,Homerton University,2.45
N168UF,51.552851,-0.081174,North,Homerton University,2.43,Royal Free Hospital,5.82,Whittington Hospital,4.36,Homerton University,2.43
N168UG,51.553692,-0.080864,North,Homerton University,2.42,Royal Free Hospital,5.85,Whittington Hospital,4.35,Homerton University,2.42
N168UP,51.570061,-0.077189,North,Homerton University,3.03,Royal Free Hospital,6.38,Whittington Hospital,4.38,Homerton University,3.03
N168UQ,51.570087,-0.077101,North,Homerton University,3.03,Royal Free Hospital,6.39,Whittington Hospital,4.39,Homerton University,3.03
N168UR,51.55108,-0.077887,North,Homerton University,2.19,Royal Free Hospital,6.06,Whittington Hospital,4.64,Homerton University,2.19
N168US,51.570061,-0.077189,North,Homerton University,3.03,Royal Free Hospital,6.38,Whittington Hospital,4.38,Homerton University,3.03
N168UT,51.551095,-0.077151,North,Homerton University,2.14,Royal Free Hospital,6.11,Whittington Hospital,4.69,Homerton University,2.14
N168UU,51.550875,-0.077478,North,Homerton University,2.16,Royal Free Hospital,6.08,Whittington Hospital,4.68,Homerton University,2.16
N168UW,51.570061,-0.077189,North,Homerton University,3.03,Royal Free Hospital,6.38,Whittington Hospital,4.38,Homerton University,3.03
N168UX,51.550484,-0.077725,North,Homerton University,2.18,Royal Free Hospital,6.07,Whittington Hospital,4.68,Homerton University,2.18
N168UY,51.550371,-0.076893,North,Homerton University,2.12,Royal Free Hospital,6.13,Whittington Hospital,4.74,Homerton University,2.12
N168UZ,51.549871,-0.077621,North,Homerton University,2.18,Royal Free Hospital,6.08,Whittington Hospital,4.71,Homerton University,2.18
N168WA,51.570061,-0.077189,North,Homerton University,3.03,Royal Free Hospital,6.38,Whittington Hospital,4.38,Homerton University,3.03
N168WB,51.570061,-0.077189,North,Homerton University,3.03,Royal Free Hospital,6.38,Whittington Hospital,4.38,Homerton University,3.03
N168WD,51.570061,-0.077189,North,Homerton University,3.03,Royal Free Hospital,6.38,Whittington Hospital,4.38,Homerton University,3.03
N168WE,51.570061,-0.077189,North,Homerton University,3.03,Royal Free Hospital,6.38,Whittington Hospital,4.38,Homerton University,3.03
N168WF,51.570087,-0.077101,North,Homerton University,3.03,Royal Free Hospital,6.39,Whittington Hospital,4.39,Homerton University,3.03
N168WG,51.570061,-0.077189,North,Homerton University,3.03,Royal Free Hospital,6.38,Whittington Hospital,4.38,Homerton University,3.03
N168WH,51.570061,-0.077189,North,Homerton University,3.03,Royal Free Hospital,6.38,Whittington Hospital,4.38,Homerton University,3.03
N168WJ,51.570061,-0.077189,North,Homerton University,3.03,Royal Free Hospital,6.38,Whittington Hospital,4.38,Homerton University,3.03
N168WL,51.553831,-0.07894,North,Homerton University,2.29,Royal Free Hospital,5.98,Whittington Hospital,4.47,Homerton University,2.29
N168WN,51.553831,-0.07894,North,Homerton University,2.29,Royal Free Hospital,5.98,Whittington Hospital,4.47,Homerton University,2.29
N168WP,51.553831,-0.07894,North,Homerton University,2.29,Royal Free Hospital,5.98,Whittington Hospital,4.47,Homerton University,2.29
N168WQ,51.553831,-0.07894,North,Homerton University,2.29,Royal Free Hospital,5.98,Whittington Hospital,4.47,Homerton University,2.29
N168WR,51.570061,-0.077189,North,Homerton University,3.03,Royal Free Hospital,6.38,Whittington Hospital,4.38,Homerton University,3.03
N168WS,51.570061,-0.077189,North,Homerton University,3.03,Royal Free Hospital,6.38,Whittington Hospital,4.38,Homerton University,3.03
N168WT,51.570061,-0.077189,North,Homerton University,3.03,Royal Free Hospital,6.38,Whittington Hospital,4.38,Homerton University,3.03
N168WU,51.570061,-0.077189,North,Homerton University,3.03,Royal Free Hospital,6.38,Whittington Hospital,4.38,Homerton University,3.03
N168WW,51.570061,-0.077189,North,Homerton University,3.03,Royal Free Hospital,6.38,Whittington Hospital,4.38,Homerton University,3.03
N168WX,51.570061,-0.077189,North,Homerton University,3.03,Royal Free Hospital,6.38,Whittington Hospital,4.38,Homerton University,3.03
N168WY,51.570061,-0.077189,North,Homerton University,3.03,Royal Free Hospital,6.38,Whittington Hospital,4.38,Homerton University,3.03
N168WZ,51.570061,-0.077189,North,Homerton University,3.03,Royal Free Hospital,6.38,Whittington Hospital,4.38,Homerton University,3.03
N168XA,51.552336,-0.077171,North,Homerton University,2.15,Royal Free Hospital,6.1,Whittington Hospital,4.64,Homerton University,2.15
N168XB,51.552561,-0.077147,North,Homerton University,2.15,Royal Free Hospital,6.1,Whittington Hospital,4.63,Homerton University,2.15
N168XD,51.552336,-0.077171,North,Homerton University,2.15,Royal Free Hospital,6.1,Whittington Hospital,4.64,Homerton University,2.15
N168XE,51.552336,-0.077171,North,Homerton University,2.15,Royal Free Hospital,6.1,Whittington Hospital,4.64,Homerton University,2.15
N168XF,51.570061,-0.077189,North,Homerton University,3.03,Royal Free Hospital,6.38,Whittington Hospital,4.38,Homerton University,3.03
N168XG,51.554707,-0.075874,North,Homerton University,2.1,Royal Free Hospital,6.19,Whittington Hospital,4.64,Homerton University,2.1
N168XH,51.554707,-0.075874,North,Homerton University,2.1,Royal Free Hospital,6.19,Whittington Hospital,4.64,Homerton University,2.1
N168XJ,51.554707,-0.075874,North,Homerton University,2.1,Royal Free Hospital,6.19,Whittington Hospital,4.64,Homerton University,2.1
N168XL,51.554707,-0.075874,North,Homerton University,2.1,Royal Free Hospital,6.19,Whittington Hospital,4.64,Homerton University,2.1
N168XN,51.570061,-0.077189,North,Homerton University,3.03,Royal Free Hospital,6.38,Whittington Hospital,4.38,Homerton University,3.03
N168XP,51.570061,-0.077189,North,Homerton University,3.03,Royal Free Hospital,6.38,Whittington Hospital,4.38,Homerton University,3.03
N168XQ,51.570061,-0.077189,North,Homerton University,3.03,Royal Free Hospital,6.38,Whittington Hospital,4.38,Homerton University,3.03
N168XR,51.554707,-0.075874,North,Homerton University,2.1,Royal Free Hospital,6.19,Whittington Hospital,4.64,Homerton University,2.1
N168XS,51.570061,-0.077189,North,Homerton University,3.03,Royal Free Hospital,6.38,Whittington Hospital,4.38,Homerton University,3.03
N168XT,51.570061,-0.077189,North,Homerton University,3.03,Royal Free Hospital,6.38,Whittington Hospital,4.38,Homerton University,3.03
N168XU,51.570061,-0.077189,North,Homerton University,3.03,Royal Free Hospital,6.38,Whittington Hospital,4.38,Homerton University,3.03
N168XW,51.570061,-0.077189,North,Homerton University,3.03,Royal Free Hospital,6.38,Whittington Hospital,4.38,Homerton University,3.03
N168XX,51.570061,-0.077189,North,Homerton University,3.03,Royal Free Hospital,6.38,Whittington Hospital,4.38,Homerton University,3.03
N168XY,51.554707,-0.075874,North,Homerton University,2.1,Royal Free Hospital,6.19,Whittington Hospital,4.64,Homerton University,2.1
N168XZ,51.570061,-0.077189,North,Homerton University,3.03,Royal Free Hospital,6.38,Whittington Hospital,4.38,Homerton University,3.03
N168YA,51.570061,-0.077189,North,Homerton University,3.03,Royal Free Hospital,6.38,Whittington Hospital,4.38,Homerton University,3.03
N168YB,51.570061,-0.077189,North,Homerton University,3.03,Royal Free Hospital,6.38,Whittington Hospital,4.38,Homerton University,3.03
N168YD,51.570061,-0.077189,North,Homerton University,3.03,Royal Free Hospital,6.38,Whittington Hospital,4.38,Homerton University,3.03
N168YE,51.570087,-0.077101,North,Homerton University,3.03,Royal Free Hospital,6.39,Whittington Hospital,4.39,Homerton University,3.03
N168YF,51.570061,-0.077189,North,Homerton University,3.03,Royal Free Hospital,6.38,Whittington Hospital,4.38,Homerton University,3.03
N168YG,51.570061,-0.077189,North,Homerton University,3.03,Royal Free Hospital,6.38,Whittington Hospital,4.38,Homerton University,3.03
N168YH,51.570061,-0.077189,North,Homerton University,3.03,Royal Free Hospital,6.38,Whittington Hospital,4.38,Homerton University,3.03
N168YJ,51.570061,-0.077189,North,Homerton University,3.03,Royal Free Hospital,6.38,Whittington Hospital,4.38,Homerton University,3.03
N168YL,51.570061,-0.077189,North,Homerton University,3.03,Royal Free Hospital,6.38,Whittington Hospital,4.38,Homerton University,3.03
N168YN,51.570061,-0.077189,North,Homerton University,3.03,Royal Free Hospital,6.38,Whittington Hospital,4.38,Homerton University,3.03
N168YP,51.570061,-0.077189,North,Homerton University,3.03,Royal Free Hospital,6.38,Whittington Hospital,4.38,Homerton University,3.03
N168YQ,51.570061,-0.077189,North,Homerton University,3.03,Royal Free Hospital,6.38,Whittington Hospital,4.38,Homerton University,3.03
N168YR,51.570061,-0.077189,North,Homerton University,3.03,Royal Free Hospital,6.38,Whittington Hospital,4.38,Homerton University,3.03
N168YS,51.570061,-0.077189,North,Homerton University,3.03,Royal Free Hospital,6.38,Whittington Hospital,4.38,Homerton University,3.03
N168YT,51.570061,-0.077189,North,Homerton University,3.03,Royal Free Hospital,6.38,Whittington Hospital,4.38,Homerton University,3.03
N168YU,51.570087,-0.077101,North,Homerton University,3.03,Royal Free Hospital,6.39,Whittington Hospital,4.39,Homerton University,3.03
N168YW,51.570087,-0.077101,North,Homerton University,3.03,Royal Free Hospital,6.39,Whittington Hospital,4.39,Homerton University,3.03
N168YX,51.570061,-0.077189,North,Homerton University,3.03,Royal Free Hospital,6.38,Whittington Hospital,4.38,Homerton University,3.03
N168YY,51.570061,-0.077189,North,Homerton University,3.03,Royal Free Hospital,6.38,Whittington Hospital,4.38,Homerton University,3.03
N168YZ,51.554707,-0.075874,North,Homerton University,2.1,Royal Free Hospital,6.19,Whittington Hospital,4.64,Homerton University,2.1
N168ZA,51.570061,-0.077189,North,Homerton University,3.03,Royal Free Hospital,6.38,Whittington Hospital,4.38,Homerton University,3.03
N168ZB,51.570061,-0.077189,North,Homerton University,3.03,Royal Free Hospital,6.38,Whittington Hospital,4.38,Homerton University,3.03
N168ZD,51.570061,-0.077189,North,Homerton University,3.03,Royal Free Hospital,6.38,Whittington Hospital,4.38,Homerton University,3.03
N168ZE,51.570061,-0.077189,North,Homerton University,3.03,Royal Free Hospital,6.38,Whittington Hospital,4.38,Homerton University,3.03
N168ZF,51.554707,-0.075874,North,Homerton University,2.1,Royal Free Hospital,6.19,Whittington Hospital,4.64,Homerton University,2.1
N168ZG,51.570061,-0.077189,North,Homerton University,3.03,Royal Free Hospital,6.38,Whittington Hospital,4.38,Homerton University,3.03
N168ZH,51.570061,-0.077189,North,Homerton University,3.03,Royal Free Hospital,6.38,Whittington Hospital,4.38,Homerton University,3.03
N168ZJ,51.570087,-0.077101,North,Homerton University,3.03,Royal Free Hospital,6.39,Whittington Hospital,4.39,Homerton University,3.03
N168ZQ,51.570061,-0.077189,North,Homerton University,3.03,Royal Free Hospital,6.38,Whittington Hospital,4.38,Homerton University,3.03
N168ZR,51.570061,-0.077189,North,Homerton University,3.03,Royal Free Hospital,6.38,Whittington Hospital,4.38,Homerton University,3.03
N168ZU,51.570061,-0.077189,North,Homerton University,3.03,Royal Free Hospital,6.38,Whittington Hospital,4.38,Homerton University,3.03
N169AA,51.557168,-0.085046,North,Homerton University,2.78,Royal Free Hospital,5.57,Whittington Hospital,3.96,Homerton University,2.78
N169AB,51.558108,-0.085886,North,Homerton University,2.86,Royal Free Hospital,5.52,Whittington Hospital,3.88,Homerton University,2.86
N169AD,51.557454,-0.087111,North,Homerton University,2.92,Royal Free Hospital,5.43,Whittington Hospital,3.81,Homerton University,2.92
N169AE,51.557826,-0.087312,North,Homerton University,2.95,Royal Free Hospital,5.42,Whittington Hospital,3.79,Homerton University,2.95
N169AF,51.557238,-0.086024,North,Homerton University,2.84,Royal Free Hospital,5.51,Whittington Hospital,3.89,Homerton University,2.84
N169AG,51.558266,-0.086183,North,Homerton University,2.89,Royal Free Hospital,5.51,Whittington Hospital,3.85,Homerton University,2.89
N169AH,51.554168,-0.088518,North,Homerton University,2.95,Royal Free Hospital,5.32,Whittington Hospital,3.83,Homerton University,2.95
N169AJ,51.556759,-0.084746,North,Homerton University,2.75,Royal Free Hospital,5.59,Whittington Hospital,3.99,Homerton University,2.75
N169AL,51.556917,-0.085648,North,Homerton University,2.81,Royal Free Hospital,5.53,Whittington Hospital,3.93,Homerton University,2.81
N169AN,51.555964,-0.086755,North,Homerton University,2.86,Royal Free Hospital,5.45,Whittington Hospital,3.88,Homerton University,2.86
N169AP,51.557308,-0.087521,North,Homerton University,2.95,Royal Free Hospital,5.4,Whittington Hospital,3.79,Homerton University,2.95
N169AQ,51.558109,-0.087589,North,Homerton University,2.97,Royal Free Hospital,5.41,Whittington Hospital,3.76,Homerton University,2.97
N169AR,51.556773,-0.086188,North,Homerton University,2.84,Royal Free Hospital,5.49,Whittington Hospital,3.89,Homerton University,2.84
N169AS,51.557252,-0.087971,North,Homerton University,2.98,Royal Free Hospital,5.37,Whittington Hospital,3.76,Homerton University,2.98
N169AT,51.557318,-0.088733,North,Homerton University,3.03,Royal Free Hospital,5.32,Whittington Hospital,3.71,Homerton University,3.03
N169AU,51.55709,-0.088511,North,Homerton University,3.01,Royal Free Hospital,5.33,Whittington Hospital,3.73,Homerton University,3.01
N169AW,51.557921,-0.08601,North,Homerton University,2.86,Royal Free Hospital,5.51,Whittington Hospital,3.87,Homerton University,2.86
N169AX,51.556687,-0.088586,North,Homerton University,3.0,Royal Free Hospital,5.32,Whittington Hospital,3.74,Homerton University,3.0
N169AY,51.558347,-0.086208,North,Homerton University,2.89,Royal Free Hospital,5.5,Whittington Hospital,3.85,Homerton University,2.89
N169AZ,51.55607,-0.08665,North,Homerton University,2.86,Royal Free Hospital,5.45,Whittington Hospital,3.89,Homerton University,2.86
N169BA,51.556542,-0.089068,North,Homerton University,3.03,Royal Free Hospital,5.29,Whittington Hospital,3.71,Homerton University,3.03
N169BB,51.556332,-0.088889,North,Homerton University,3.01,Royal Free Hospital,5.3,Whittington Hospital,3.73,Homerton University,3.01
N169BD,51.557014,-0.088284,North,Homerton University,2.99,Royal Free Hospital,5.35,Whittington Hospital,3.75,Homerton University,2.99
N169BE,51.5565,-0.086545,North,Homerton University,2.86,Royal Free Hospital,5.46,Whittington Hospital,3.88,Homerton University,2.86
N169BF,51.55756,-0.086443,North,Homerton University,2.88,Royal Free Hospital,5.48,Whittington Hospital,3.85,Homerton University,2.88
N169BG,51.555689,-0.088642,North,Homerton University,2.98,Royal Free Hospital,5.31,Whittington Hospital,3.77,Homerton University,2.98
N169BH,51.556261,-0.087854,North,Homerton University,2.94,Royal Free Hospital,5.37,Whittington Hospital,3.8,Homerton University,2.94
N169BJ,51.555614,-0.087895,North,Homerton University,2.93,Royal Free Hospital,5.37,Whittington Hospital,3.82,Homerton University,2.93
N169BL,51.557647,-0.086295,North,Homerton University,2.87,Royal Free Hospital,5.49,Whittington Hospital,3.86,Homerton University,2.87
N169BN,51.556213,-0.089904,North,Homerton University,3.08,Royal Free Hospital,5.23,Whittington Hospital,3.67,Homerton University,3.08
N169BP,51.554373,-0.089534,North,Homerton University,3.02,Royal Free Hospital,5.25,Whittington Hospital,3.76,Homerton University,3.02
N169BQ,51.553386,-0.087989,North,Homerton University,2.9,Royal Free Hospital,5.35,Whittington Hospital,3.9,Homerton University,2.9
N169BS,51.552484,-0.086757,North,Homerton University,2.81,Royal Free Hospital,5.44,Whittington Hospital,4.02,Homerton University,2.81
N169BT,51.552295,-0.086217,North,Homerton University,2.77,Royal Free Hospital,5.48,Whittington Hospital,4.06,Homerton University,2.77
N169BU,51.553255,-0.088225,North,Homerton University,2.92,Royal Free Hospital,5.34,Whittington Hospital,3.89,Homerton University,2.92
N169BW,51.556005,-0.089797,North,Homerton University,3.07,Royal Free Hospital,5.24,Whittington Hospital,3.68,Homerton University,3.07
N169BX,51.554212,-0.089007,North,Homerton University,2.98,Royal Free Hospital,5.28,Whittington Hospital,3.8,Homerton University,2.98
N169BY,51.558008,-0.088574,North,Homerton University,3.04,Royal Free Hospital,5.34,Whittington Hospital,3.7,Homerton University,3.04
N169BZ,51.570061,-0.077189,North,Homerton University,3.03,Royal Free Hospital,6.38,Whittington Hospital,4.38,Homerton University,3.03
N169DA,51.555068,-0.089707,North,Homerton University,3.05,Royal Free Hospital,5.24,Whittington Hospital,3.72,Homerton University,3.05
N169DB,51.556423,-0.090631,North,Homerton University,3.13,Royal Free Hospital,5.18,Whittington Hospital,3.61,Homerton University,3.13
N169DD,51.556567,-0.090639,North,Homerton University,3.14,Royal Free Hospital,5.18,Whittington Hospital,3.61,Homerton University,3.14
N169DE,51.557171,-0.090715,North,Homerton University,3.16,Royal Free Hospital,5.18,Whittington Hospital,3.58,Homerton University,3.16
N169DH,51.556676,-0.090678,North,Homerton University,3.14,Royal Free Hospital,5.18,Whittington Hospital,3.6,Homerton University,3.14
N169DJ,51.56016,-0.092033,North,Homerton University,3.34,Royal Free Hospital,5.13,Whittington Hospital,3.41,Homerton University,3.34
N169DL,51.557449,-0.090141,North,Homerton University,3.13,Royal Free Hospital,5.22,Whittington Hospital,3.61,Homerton University,3.13
N169DP,51.557465,-0.089433,North,Homerton University,3.08,Royal Free Hospital,5.27,Whittington Hospital,3.66,Homerton University,3.08
N169DQ,51.556097,-0.08662,North,Homerton University,2.86,Royal Free Hospital,5.46,Whittington Hospital,3.89,Homerton University,2.86
N169DR,51.557088,-0.089507,North,Homerton University,3.07,Royal Free Hospital,5.26,Whittington Hospital,3.66,Homerton University,3.07
N169DS,51.556908,-0.090034,North,Homerton University,3.11,Royal Free Hospital,5.23,Whittington Hospital,3.63,Homerton University,3.11
N169DT,51.556748,-0.089579,North,Homerton University,3.07,Royal Free Hospital,5.26,Whittington Hospital,3.67,Homerton University,3.07
N169DU,51.556575,-0.08999,North,Homerton University,3.09,Royal Free Hospital,5.23,Whittington Hospital,3.65,Homerton University,3.09
N169DX,51.556159,-0.089315,North,Homerton University,3.04,Royal Free Hospital,5.27,Whittington Hospital,3.71,Homerton University,3.04
N169DZ,51.570061,-0.077189,North,Homerton University,3.03,Royal Free Hospital,6.38,Whittington Hospital,4.38,Homerton University,3.03
N169EA,51.555848,-0.089573,North,Homerton University,3.05,Royal Free Hospital,5.25,Whittington Hospital,3.7,Homerton University,3.05
N169EB,51.555976,-0.089121,North,Homerton University,3.02,Royal Free Hospital,5.28,Whittington Hospital,3.73,Homerton University,3.02
N169ED,51.555358,-0.089291,North,Homerton University,3.02,Royal Free Hospital,5.27,Whittington Hospital,3.74,Homerton University,3.02
N169EG,51.555253,-0.090002,North,Homerton University,3.07,Royal Free Hospital,5.22,Whittington Hospital,3.7,Homerton University,3.07
N169EH,51.554861,-0.08911,North,Homerton University,3.0,Royal Free Hospital,5.28,Whittington Hospital,3.77,Homerton University,3.0
N169EJ,51.554168,-0.088518,North,Homerton University,2.95,Royal Free Hospital,5.32,Whittington Hospital,3.83,Homerton University,2.95
N169EP,51.570087,-0.077101,North,Homerton University,3.03,Royal Free Hospital,6.39,Whittington Hospital,4.39,Homerton University,3.03
N169ER,51.557768,-0.08378,North,Homerton University,2.71,Royal Free Hospital,5.67,Whittington Hospital,4.03,Homerton University,2.71
N169ES,51.560635,-0.084222,North,Homerton University,2.85,Royal Free Hospital,5.67,Whittington Hospital,3.93,Homerton University,2.85
N169ET,51.5603,-0.08516,North,Homerton University,2.89,Royal Free Hospital,5.6,Whittington Hospital,3.87,Homerton University,2.89
N169EU,51.55754,-0.083573,North,Homerton University,2.69,Royal Free Hospital,5.68,Whittington Hospital,4.05,Homerton University,2.69
N169EX,51.557889,-0.084583,North,Homerton University,2.77,Royal Free Hospital,5.61,Whittington Hospital,3.97,Homerton University,2.77
N169EY,51.558027,-0.085313,North,Homerton University,2.82,Royal Free Hospital,5.56,Whittington Hospital,3.92,Homerton University,2.82
N169EZ,51.560118,-0.085052,North,Homerton University,2.88,Royal Free Hospital,5.61,Whittington Hospital,3.88,Homerton University,2.88
N169GN,51.553368,-0.08747,North,Homerton University,2.87,Royal Free Hospital,5.39,Whittington Hospital,3.93,Homerton University,2.87
N169HA,51.559876,-0.085668,North,Homerton University,2.91,Royal Free Hospital,5.56,Whittington Hospital,3.85,Homerton University,2.91
N169HB,51.559558,-0.086013,North,Homerton University,2.92,Royal Free Hospital,5.53,Whittington Hospital,3.83,Homerton University,2.92
N169HD,51.559988,-0.085909,North,Homerton University,2.93,Royal Free Hospital,5.55,Whittington Hospital,3.83,Homerton University,2.93
N169HH,51.559753,-0.086366,North,Homerton University,2.95,Royal Free Hospital,5.51,Whittington Hospital,3.8,Homerton University,2.95
N169HJ,51.561199,-0.086247,North,Homerton University,3.0,Royal Free Hospital,5.54,Whittington Hospital,3.78,Homerton University,3.0
N169HL,51.55946,-0.086609,North,Homerton University,2.96,Royal Free Hospital,5.49,Whittington Hospital,3.79,Homerton University,2.96
N169HN,51.559082,-0.087115,North,Homerton University,2.97,Royal Free Hospital,5.45,Whittington Hospital,3.77,Homerton University,2.97
N169HP,51.559258,-0.08692,North,Homerton University,2.97,Royal Free Hospital,5.47,Whittington Hospital,3.78,Homerton University,2.97
N169HS,51.558566,-0.08692,North,Homerton University,2.94,Royal Free Hospital,5.46,Whittington Hospital,3.79,Homerton University,2.94
N169HU,51.558183,-0.087153,North,Homerton University,2.95,Royal Free Hospital,5.44,Whittington Hospital,3.79,Homerton University,2.95
N169HX,51.558889,-0.086864,North,Homerton University,2.95,Royal Free Hospital,5.47,Whittington Hospital,3.79,Homerton University,2.95
N169JA,51.558604,-0.087597,North,Homerton University,2.99,Royal Free Hospital,5.41,Whittington Hospital,3.75,Homerton University,2.99
N169JB,51.558378,-0.088111,North,Homerton University,3.02,Royal Free Hospital,5.37,Whittington Hospital,3.72,Homerton University,3.02
N169JD,51.558008,-0.088574,North,Homerton University,3.04,Royal Free Hospital,5.34,Whittington Hospital,3.7,Homerton University,3.04
N169JE,51.558109,-0.087589,North,Homerton University,2.97,Royal Free Hospital,5.41,Whittington Hospital,3.76,Homerton University,2.97
N169JH,51.557837,-0.089649,North,Homerton University,3.1,Royal Free Hospital,5.26,Whittington Hospital,3.63,Homerton University,3.1
N169JP,51.560716,-0.083108,North,Homerton University,2.78,Royal Free Hospital,5.75,Whittington Hospital,4.01,Homerton University,2.78
N169JR,51.558323,-0.081997,North,Homerton University,2.61,Royal Free Hospital,5.79,Whittington Hospital,4.13,Homerton University,2.61
N169JS,51.557519,-0.082276,North,Homerton University,2.6,Royal Free Hospital,5.77,Whittington Hospital,4.13,Homerton University,2.6
N169JT,51.560459,-0.083898,North,Homerton University,2.82,Royal Free Hospital,5.69,Whittington Hospital,3.96,Homerton University,2.82
N169JU,51.558454,-0.082799,North,Homerton University,2.67,Royal Free Hospital,5.74,Whittington Hospital,4.07,Homerton University,2.67
N169JW,51.559618,-0.083096,North,Homerton University,2.73,Royal Free Hospital,5.73,Whittington Hospital,4.03,Homerton University,2.73
N169JX,51.55932,-0.082965,North,Homerton University,2.71,Royal Free Hospital,5.74,Whittington Hospital,4.04,Homerton University,2.71
N169JY,51.560267,-0.083718,North,Homerton University,2.8,Royal Free Hospital,5.7,Whittington Hospital,3.97,Homerton University,2.8
N169JZ,51.55607,-0.08665,North,Homerton University,2.86,Royal Free Hospital,5.45,Whittington Hospital,3.89,Homerton University,2.86
N169LD,51.557074,-0.083694,North,Homerton University,2.68,Royal Free Hospital,5.67,Whittington Hospital,4.05,Homerton University,2.68
N169LH,51.556186,-0.084395,North,Homerton University,2.71,Royal Free Hospital,5.61,Whittington Hospital,4.03,Homerton University,2.71
N169LJ,51.555866,-0.085115,North,Homerton University,2.75,Royal Free Hospital,5.56,Whittington Hospital,3.99,Homerton University,2.75
N169LL,51.556017,-0.085556,North,Homerton University,2.78,Royal Free Hospital,5.53,Whittington Hospital,3.96,Homerton University,2.78
N169LN,51.554656,-0.085916,North,Homerton University,2.78,Royal Free Hospital,5.5,Whittington Hospital,3.98,Homerton University,2.78
N169LP,51.555324,-0.085022,North,Homerton University,2.73,Royal Free Hospital,5.56,Whittington Hospital,4.02,Homerton University,2.73
N169LQ,51.556339,-0.084345,North,Homerton University,2.71,Royal Free Hospital,5.61,Whittington Hospital,4.03,Homerton University,2.71
N169LR,51.555008,-0.085454,North,Homerton University,2.75,Royal Free Hospital,5.53,Whittington Hospital,4.0,Homerton University,2.75
N169LS,51.55457,-0.085097,North,Homerton University,2.72,Royal Free Hospital,5.55,Whittington Hospital,4.04,Homerton University,2.72
N169LT,51.553572,-0.085644,North,Homerton University,2.74,Royal Free Hospital,5.51,Whittington Hospital,4.04,Homerton University,2.74
N169LU,51.553133,-0.086283,North,Homerton University,2.78,Royal Free Hospital,5.47,Whittington Hospital,4.02,Homerton University,2.78
N169LX,51.55321,-0.086582,North,Homerton University,2.8,Royal Free Hospital,5.45,Whittington Hospital,4.0,Homerton University,2.8
N169LY,51.570061,-0.077189,North,Homerton University,3.03,Royal Free Hospital,6.38,Whittington Hospital,4.38,Homerton University,3.03
N169LZ,51.557074,-0.083694,North,Homerton University,2.68,Royal Free Hospital,5.67,Whittington Hospital,4.05,Homerton University,2.68
N169NA,51.553438,-0.086789,North,Homerton University,2.82,Royal Free Hospital,5.44,Whittington Hospital,3.97,Homerton University,2.82
N169NB,51.552617,-0.086088,North,Homerton University,2.77,Royal Free Hospital,5.48,Whittington Hospital,4.05,Homerton University,2.77
N169ND,51.552766,-0.086918,North,Homerton University,2.82,Royal Free Hospital,5.43,Whittington Hospital,3.99,Homerton University,2.82
N169NE,51.570061,-0.077189,North,Homerton University,3.03,Royal Free Hospital,6.38,Whittington Hospital,4.38,Homerton University,3.03
N169NF,51.552476,-0.085704,North,Homerton University,2.74,Royal Free Hospital,5.51,Whittington Hospital,4.08,Homerton University,2.74
N169NG,51.554517,-0.087364,North,Homerton University,2.88,Royal Free Hospital,5.4,Whittington Hospital,3.89,Homerton University,2.88
N169NH,51.553293,-0.087805,North,Homerton University,2.89,Royal Free Hospital,5.36,Whittington Hospital,3.91,Homerton University,2.89
N169NJ,51.554182,-0.087191,North,Homerton University,2.86,Royal Free Hospital,5.41,Whittington Hospital,3.92,Homerton University,2.86
N169NL,51.55377,-0.08728,North,Homerton University,2.86,Royal Free Hospital,5.4,Whittington Hospital,3.93,Homerton University,2.86
N169NP,51.554628,-0.086408,North,Homerton University,2.81,Royal Free Hospital,5.46,Whittington Hospital,3.95,Homerton University,2.81
N169NR,51.554208,-0.088271,North,Homerton University,2.93,Royal Free Hospital,5.33,Whittington Hospital,3.85,Homerton University,2.93
N169NS,51.554723,-0.087832,North,Homerton University,2.91,Royal Free Hospital,5.37,Whittington Hospital,3.86,Homerton University,2.91
N169NT,51.556017,-0.086147,North,Homerton University,2.82,Royal Free Hospital,5.49,Whittington Hospital,3.92,Homerton University,2.82
N169NU,51.556362,-0.085801,North,Homerton University,2.81,Royal Free Hospital,5.51,Whittington Hospital,3.93,Homerton University,2.81
N169NX,51.555335,-0.08733,North,Homerton University,2.89,Royal Free Hospital,5.4,Whittington Hospital,3.87,Homerton University,2.89
N169NZ,51.570061,-0.077189,North,Homerton University,3.03,Royal Free Hospital,6.38,Whittington Hospital,4.38,Homerton University,3.03
N169PA,51.556705,-0.083666,North,Homerton University,2.67,Royal Free Hospital,5.66,Whittington Hospital,4.06,Homerton University,2.67
N169PB,51.556184,-0.083717,North,Homerton University,2.66,Royal Free Hospital,5.66,Whittington Hospital,4.08,Homerton University,2.66
N169PD,51.555531,-0.083874,North,Homerton University,2.66,Royal Free Hospital,5.64,Whittington Hospital,4.09,Homerton University,2.66
N169PE,51.552659,-0.085379,North,Homerton University,2.72,Royal Free Hospital,5.53,Whittington Hospital,4.1,Homerton University,2.72
N169PF,51.55273,-0.08529,North,Homerton University,2.71,Royal Free Hospital,5.54,Whittington Hospital,4.1,Homerton University,2.71
N169PG,51.552864,-0.085227,North,Homerton University,2.71,Royal Free Hospital,5.54,Whittington Hospital,4.1,Homerton University,2.71
N169PH,51.553911,-0.084389,North,Homerton University,2.66,Royal Free Hospital,5.6,Whittington Hospital,4.11,Homerton University,2.66
N169PJ,51.552794,-0.084811,North,Homerton University,2.68,Royal Free Hospital,5.57,Whittington Hospital,4.13,Homerton University,2.68
N169PL,51.555298,-0.08449,North,Homerton University,2.69,Royal Free Hospital,5.6,Whittington Hospital,4.05,Homerton University,2.69
N169PN,51.552971,-0.085179,North,Homerton University,2.71,Royal Free Hospital,5.55,Whittington Hospital,4.1,Homerton University,2.71
N169PP,51.553777,-0.084957,North,Homerton University,2.7,Royal Free Hospital,5.56,Whittington Hospital,4.08,Homerton University,2.7
N169PQ,51.552409,-0.085476,North,Homerton University,2.72,Royal Free Hospital,5.53,Whittington Hospital,4.1,Homerton University,2.72
N169PR,51.552182,-0.084779,North,Homerton University,2.67,Royal Free Hospital,5.58,Whittington Hospital,4.16,Homerton University,2.67
N169PS,51.552419,-0.085519,North,Homerton University,2.72,Royal Free Hospital,5.52,Whittington Hospital,4.1,Homerton University,2.72
N169PT,51.551403,-0.085519,North,Homerton University,2.72,Royal Free Hospital,5.53,Whittington Hospital,4.14,Homerton University,2.72
N169PU,51.551239,-0.084299,North,Homerton University,2.63,Royal Free Hospital,5.61,Whittington Hospital,4.23,Homerton University,2.63
N169PW,51.553666,-0.0859,North,Homerton University,2.76,Royal Free Hospital,5.5,Whittington Hospital,4.02,Homerton University,2.76
N169PX,51.551519,-0.086019,North,Homerton University,2.75,Royal Free Hospital,5.49,Whittington Hospital,4.11,Homerton University,2.75
N169QA,51.551269,-0.08613,North,Homerton University,2.76,Royal Free Hospital,5.49,Whittington Hospital,4.11,Homerton University,2.76
N169QB,51.55097,-0.086013,North,Homerton University,2.75,Royal Free Hospital,5.49,Whittington Hospital,4.13,Homerton University,2.75
N169QD,51.551869,-0.085975,North,Homerton University,2.75,Royal Free Hospital,5.49,Whittington Hospital,4.09,Homerton University,2.75
N169QH,51.552011,-0.085897,North,Homerton University,2.75,Royal Free Hospital,5.5,Whittington Hospital,4.09,Homerton University,2.75
N169QJ,51.551869,-0.085975,North,Homerton University,2.75,Royal Free Hospital,5.49,Whittington Hospital,4.09,Homerton University,2.75
N169WA,51.570061,-0.077189,North,Homerton University,3.03,Royal Free Hospital,6.38,Whittington Hospital,4.38,Homerton University,3.03
N169WB,51.552276,-0.087227,North,Homerton University,2.84,Royal Free Hospital,5.41,Whittington Hospital,4.0,Homerton University,2.84
N169WD,51.570061,-0.077189,North,Homerton University,3.03,Royal Free Hospital,6.38,Whittington Hospital,4.38,Homerton University,3.03
N169WE,51.570061,-0.077189,North,Homerton University,3.03,Royal Free Hospital,6.38,Whittington Hospital,4.38,Homerton University,3.03
N169WF,51.570087,-0.077101,North,Homerton University,3.03,Royal Free Hospital,6.39,Whittington Hospital,4.39,Homerton University,3.03
N169WG,51.570061,-0.077189,North,Homerton University,3.03,Royal Free Hospital,6.38,Whittington Hospital,4.38,Homerton University,3.03
N169WH,51.570061,-0.077189,North,Homerton University,3.03,Royal Free Hospital,6.38,Whittington Hospital,4.38,Homerton University,3.03
N169WJ,51.570087,-0.077101,North,Homerton University,3.03,Royal Free Hospital,6.39,Whittington Hospital,4.39,Homerton University,3.03
N169WL,51.570061,-0.077189,North,Homerton University,3.03,Royal Free Hospital,6.38,Whittington Hospital,4.38,Homerton University,3.03
N169WN,51.556097,-0.08662,North,Homerton University,2.86,Royal Free Hospital,5.46,Whittington Hospital,3.89,Homerton University,2.86
N169WP,51.570061,-0.077189,North,Homerton University,3.03,Royal Free Hospital,6.38,Whittington Hospital,4.38,Homerton University,3.03
N169WQ,51.570061,-0.077189,North,Homerton University,3.03,Royal Free Hospital,6.38,Whittington Hospital,4.38,Homerton University,3.03
N169WR,51.55607,-0.08665,North,Homerton University,2.86,Royal Free Hospital,5.45,Whittington Hospital,3.89,Homerton University,2.86
N169WS,51.570061,-0.077189,North,Homerton University,3.03,Royal Free Hospital,6.38,Whittington Hospital,4.38,Homerton University,3.03
N169WT,51.570061,-0.077189,North,Homerton University,3.03,Royal Free Hospital,6.38,Whittington Hospital,4.38,Homerton University,3.03
N169WU,51.570061,-0.077189,North,Homerton University,3.03,Royal Free Hospital,6.38,Whittington Hospital,4.38,Homerton University,3.03
N169WW,51.570061,-0.077189,North,Homerton University,3.03,Royal Free Hospital,6.38,Whittington Hospital,4.38,Homerton University,3.03
N169WX,51.570061,-0.077189,North,Homerton University,3.03,Royal Free Hospital,6.38,Whittington Hospital,4.38,Homerton University,3.03
N169WY,51.570061,-0.077189,North,Homerton University,3.03,Royal Free Hospital,6.38,Whittington Hospital,4.38,Homerton University,3.03
N169WZ,51.570087,-0.077101,North,Homerton University,3.03,Royal Free Hospital,6.39,Whittington Hospital,4.39,Homerton University,3.03
N169XA,51.570061,-0.077189,North,Homerton University,3.03,Royal Free Hospital,6.38,Whittington Hospital,4.38,Homerton University,3.03
N169XB,51.570061,-0.077189,North,Homerton University,3.03,Royal Free Hospital,6.38,Whittington Hospital,4.38,Homerton University,3.03
N169XD,51.570061,-0.077189,North,Homerton University,3.03,Royal Free Hospital,6.38,Whittington Hospital,4.38,Homerton University,3.03
N169XE,51.570087,-0.077101,North,Homerton University,3.03,Royal Free Hospital,6.39,Whittington Hospital,4.39,Homerton University,3.03
N169XF,51.570061,-0.077189,North,Homerton University,3.03,Royal Free Hospital,6.38,Whittington Hospital,4.38,Homerton University,3.03
N169XG,51.570087,-0.077101,North,Homerton University,3.03,Royal Free Hospital,6.39,Whittington Hospital,4.39,Homerton University,3.03
N169XJ,51.570061,-0.077189,North,Homerton University,3.03,Royal Free Hospital,6.38,Whittington Hospital,4.38,Homerton University,3.03
N169XQ,51.570061,-0.077189,North,Homerton University,3.03,Royal Free Hospital,6.38,Whittington Hospital,4.38,Homerton University,3.03
N169XT,51.570061,-0.077189,North,Homerton University,3.03,Royal Free Hospital,6.38,Whittington Hospital,4.38,Homerton University,3.03
N169XU,51.570061,-0.077189,North,Homerton University,3.03,Royal Free Hospital,6.38,Whittington Hospital,4.38,Homerton University,3.03
N169XW,51.570061,-0.077189,North,Homerton University,3.03,Royal Free Hospital,6.38,Whittington Hospital,4.38,Homerton University,3.03
N169XX,51.570061,-0.077189,North,Homerton University,3.03,Royal Free Hospital,6.38,Whittington Hospital,4.38,Homerton University,3.03
N169XY,51.570061,-0.077189,North,Homerton University,3.03,Royal Free Hospital,6.38,Whittington Hospital,4.38,Homerton University,3.03
N169XZ,51.570061,-0.077189,North,Homerton University,3.03,Royal Free Hospital,6.38,Whittington Hospital,4.38,Homerton University,3.03
N169YA,51.570061,-0.077189,North,Homerton University,3.03,Royal Free Hospital,6.38,Whittington Hospital,4.38,Homerton University,3.03
N181WP,51.570061,-0.077189,North,Homerton University,3.03,Royal Free Hospital,6.38,Whittington Hospital,4.38,Homerton University,3.03
N42BX,51.573394,-0.084697,North,Homerton University,3.66,Royal Free Hospital,6.01,Whittington Hospital,3.92,Homerton University,3.66
N42EZ,51.563701,-0.090803,North,Homerton University,3.4,Royal Free Hospital,5.29,Whittington Hospital,3.44,Homerton University,3.4
N42GG,51.573365,-0.085116,North,Homerton University,3.68,Royal Free Hospital,5.99,Whittington Hospital,3.89,Homerton University,3.68
N42GT,51.573072,-0.085331,North,Homerton University,3.67,Royal Free Hospital,5.96,Whittington Hospital,3.87,Homerton University,3.67
N42GX,51.57328,-0.085423,North,Homerton University,3.69,Royal Free Hospital,5.96,Whittington Hospital,3.87,Homerton University,3.69
N42ND,51.574132,-0.085272,North,Homerton University,3.75,Royal Free Hospital,6.01,Whittington Hospital,3.9,Homerton University,3.75
N42RF,51.573566,-0.085873,North,Homerton University,3.73,Royal Free Hospital,5.95,Whittington Hospital,3.84,Homerton University,3.73
N42RG,51.573835,-0.086381,North,Homerton University,3.78,Royal Free Hospital,5.92,Whittington Hospital,3.81,Homerton University,3.78
N42RH,51.573204,-0.08407,North,Homerton University,3.61,Royal Free Hospital,6.05,Whittington Hospital,3.96,Homerton University,3.61
N42RJ,51.573145,-0.085919,North,Homerton University,3.7,Royal Free Hospital,5.92,Whittington Hospital,3.83,Homerton University,3.7
N42RL,51.573115,-0.086339,North,Homerton University,3.72,Royal Free Hospital,5.9,Whittington Hospital,3.8,Homerton University,3.72
N42RN,51.573676,-0.086518,North,Homerton University,3.77,Royal Free Hospital,5.91,Whittington Hospital,3.8,Homerton University,3.77
N42RP,51.573004,-0.08669,North,Homerton University,3.73,Royal Free Hospital,5.87,Whittington Hospital,3.78,Homerton University,3.73
N42RQ,51.573736,-0.08526,North,Homerton University,3.71,Royal Free Hospital,5.99,Whittington Hospital,3.89,Homerton University,3.71
N42RS,51.572929,-0.087068,North,Homerton University,3.75,Royal Free Hospital,5.84,Whittington Hospital,3.75,Homerton University,3.75
N42RW,51.573484,-0.086858,North,Homerton University,3.78,Royal Free Hospital,5.88,Whittington Hospital,3.77,Homerton University,3.78
N42TA,51.560676,-0.092228,North,Homerton University,3.37,Royal Free Hospital,5.13,Whittington Hospital,3.39,Homerton University,3.37
N42TB,51.560656,-0.092099,North,Homerton University,3.36,Royal Free Hospital,5.13,Whittington Hospital,3.39,Homerton University,3.36
N42YE,51.573657,-0.085941,North,Homerton University,3.74,Royal Free Hospital,5.94,Whittington Hospital,3.84,Homerton University,3.74
N42ZA,51.573657,-0.085941,North,Homerton University,3.74,Royal Free Hospital,5.94,Whittington Hospital,3.84,Homerton University,3.74
N52AF,51.554414,-0.093687,North,Homerton University,3.31,Royal Free Hospital,4.96,Whittington Hospital,3.49,Homerton University,3.31
N52AJ,51.554423,-0.093686,North,Homerton University,3.31,Royal Free Hospital,4.96,Whittington Hospital,3.49,Homerton University,3.31
N52AP,51.5517,-0.096036,North,Homerton University,3.45,Royal Free Hospital,4.8,Whittington Hospital,3.47,Homerton University,3.45
N52AR,51.551953,-0.093862,North,Homerton University,3.3,Royal Free Hospital,4.95,Whittington Hospital,3.59,Homerton University,3.3
N52AS,51.551736,-0.094895,North,Homerton University,3.37,Royal Free Hospital,4.88,Whittington Hospital,3.54,Homerton University,3.37
N52AT,51.552048,-0.094766,North,Homerton University,3.36,Royal Free Hospital,4.89,Whittington Hospital,3.53,Homerton University,3.36
N52AU,51.552146,-0.094705,North,Homerton University,3.36,Royal Free Hospital,4.89,Whittington Hospital,3.53,Homerton University,3.36
N52AW,51.557349,-0.093391,North,Homerton University,3.34,Royal Free Hospital,5.0,Whittington Hospital,3.4,Homerton University,3.34
N52AX,51.55172,-0.094506,North,Homerton University,3.34,Royal Free Hospital,4.9,Whittington Hospital,3.57,Homerton University,3.34
N52AY,51.551111,-0.094661,North,Homerton University,3.35,Royal Free Hospital,4.9,Whittington Hospital,3.59,Homerton University,3.35
N52AZ,51.552502,-0.095007,North,Homerton University,3.38,Royal Free Hospital,4.87,Whittington Hospital,3.5,Homerton University,3.38
N52BB,51.553173,-0.095383,North,Homerton University,3.41,Royal Free Hospital,4.84,Whittington Hospital,3.44,Homerton University,3.41
N52BD,51.553342,-0.094727,North,Homerton University,3.37,Royal Free Hospital,4.89,Whittington Hospital,3.47,Homerton University,3.37
N52BE,51.55305,-0.093888,North,Homerton University,3.31,Royal Free Hospital,4.94,Whittington Hospital,3.54,Homerton University,3.31
N52BF,51.55997,-0.092546,North,Homerton University,3.36,Royal Free Hospital,5.09,Whittington Hospital,3.38,Homerton University,3.36
N52BG,51.553021,-0.094856,North,Homerton University,3.37,Royal Free Hospital,4.88,Whittington Hospital,3.48,Homerton University,3.37
N52BH,51.552355,-0.093196,North,Homerton University,3.25,Royal Free Hospital,4.99,Whittington Hospital,3.62,Homerton University,3.25
N52BJ,51.551267,-0.095362,North,Homerton University,3.4,Royal Free Hospital,4.85,Whittington Hospital,3.54,Homerton University,3.4
N52BL,51.551501,-0.093174,North,Homerton University,3.25,Royal Free Hospital,5.0,Whittington Hospital,3.66,Homerton University,3.25
N52BN,51.551183,-0.096332,North,Homerton University,3.47,Royal Free Hospital,4.78,Whittington Hospital,3.48,Homerton University,3.47
N52BP,51.55336,-0.09526,North,Homerton University,3.4,Royal Free Hospital,4.85,Whittington Hospital,3.44,Homerton University,3.4
N52BT,51.554414,-0.093687,North,Homerton University,3.31,Royal Free Hospital,4.96,Whittington Hospital,3.49,Homerton University,3.31
N52BU,51.554414,-0.093687,North,Homerton University,3.31,Royal Free Hospital,4.96,Whittington Hospital,3.49,Homerton University,3.31
N52BW,51.552033,-0.096065,North,Homerton University,3.45,Royal Free Hospital,4.8,Whittington Hospital,3.46,Homerton University,3.45
N52BY,51.551009,-0.093901,North,Homerton University,3.3,Royal Free Hospital,4.95,Whittington Hospital,3.64,Homerton University,3.3
N52BZ,51.551227,-0.092911,North,Homerton University,3.23,Royal Free Hospital,5.02,Whittington Hospital,3.69,Homerton University,3.23
N52DA,51.547965,-0.097504,North,Homerton University,3.56,Royal Free Hospital,4.73,Whittington Hospital,3.61,Homerton University,3.56
N52DB,51.548253,-0.096382,North,Homerton University,3.48,Royal Free Hospital,4.8,Whittington Hospital,3.65,Homerton University,3.48
N52DD,51.549779,-0.094039,North,Homerton University,3.31,Royal Free Hospital,4.95,Whittington Hospital,3.7,Homerton University,3.31
N52DE,51.549936,-0.093167,North,Homerton University,3.25,Royal Free Hospital,5.01,Whittington Hospital,3.74,Homerton University,3.25
N52DF,51.550189,-0.093257,North,Homerton University,3.25,Royal Free Hospital,5.0,Whittington Hospital,3.72,Homerton University,3.25
N52DG,51.550291,-0.092359,North,Homerton University,3.19,Royal Free Hospital,5.06,Whittington Hospital,3.77,Homerton University,3.19
N52DH,51.550463,-0.091299,North,Homerton University,3.12,Royal Free Hospital,5.13,Whittington Hospital,3.83,Homerton University,3.12
N52DJ,51.551659,-0.091278,North,Homerton University,3.12,Royal Free Hospital,5.13,Whittington Hospital,3.77,Homerton University,3.12
N52DN,51.55298,-0.091251,North,Homerton University,3.12,Royal Free Hospital,5.13,Whittington Hospital,3.71,Homerton University,3.12
N52DP,51.553943,-0.091846,North,Homerton University,3.18,Royal Free Hospital,5.09,Whittington Hospital,3.63,Homerton University,3.18
N52DR,51.555286,-0.092049,North,Homerton University,3.21,Royal Free Hospital,5.08,Whittington Hospital,3.56,Homerton University,3.21
N52DS,51.556305,-0.092757,North,Homerton University,3.28,Royal Free Hospital,5.03,Whittington Hospital,3.48,Homerton University,3.28
N52DT,51.54929,-0.095473,North,Homerton University,3.41,Royal Free Hospital,4.85,Whittington Hospital,3.64,Homerton University,3.41
N52DU,51.555713,-0.092825,North,Homerton University,3.27,Royal Free Hospital,5.03,Whittington Hospital,3.49,Homerton University,3.27
N52DW,51.554581,-0.091271,North,Homerton University,3.14,Royal Free Hospital,5.13,Whittington Hospital,3.64,Homerton University,3.14
N52DX,51.549623,-0.093296,North,Homerton University,3.26,Royal Free Hospital,5.0,Whittington Hospital,3.75,Homerton University,3.26
N52DY,51.550189,-0.093257,North,Homerton University,3.25,Royal Free Hospital,5.0,Whittington Hospital,3.72,Homerton University,3.25
N52DZ,51.550189,-0.093257,North,Homerton University,3.25,Royal Free Hospital,5.0,Whittington Hospital,3.72,Homerton University,3.25
N52ED,51.554423,-0.093686,North,Homerton University,3.31,Royal Free Hospital,4.96,Whittington Hospital,3.49,Homerton University,3.31
N52EE,51.550521,-0.096503,North,Homerton University,3.48,Royal Free Hospital,4.77,Whittington Hospital,3.51,Homerton University,3.48
N52EG,51.549801,-0.096476,North,Homerton University,3.48,Royal Free Hospital,4.78,Whittington Hospital,3.55,Homerton University,3.48
N52EJ,51.550906,-0.095319,North,Homerton University,3.4,Royal Free Hospital,4.85,Whittington Hospital,3.56,Homerton University,3.4
N52EN,51.550385,-0.093711,North,Homerton University,3.29,Royal Free Hospital,4.97,Whittington Hospital,3.69,Homerton University,3.29
N52EP,51.550465,-0.095309,North,Homerton University,3.4,Royal Free Hospital,4.86,Whittington Hospital,3.59,Homerton University,3.4
N52ES,51.550173,-0.094484,North,Homerton University,3.34,Royal Free Hospital,4.91,Whittington Hospital,3.65,Homerton University,3.34
N52ET,51.551421,-0.092139,North,Homerton University,3.18,Royal Free Hospital,5.07,Whittington Hospital,3.73,Homerton University,3.18
N52EU,51.553118,-0.092515,North,Homerton University,3.21,Royal Free Hospital,5.04,Whittington Hospital,3.62,Homerton University,3.21
N52EW,51.5504,-0.09459,North,Homerton University,3.35,Royal Free Hospital,4.91,Whittington Hospital,3.63,Homerton University,3.35
N52EX,51.551046,-0.092284,North,Homerton University,3.19,Royal Free Hospital,5.06,Whittington Hospital,3.74,Homerton University,3.19
N52EY,51.552748,-0.092487,North,Homerton University,3.21,Royal Free Hospital,5.04,Whittington Hospital,3.64,Homerton University,3.21
N52EZ,51.551986,-0.093182,North,Homerton University,3.25,Royal Free Hospital,5.0,Whittington Hospital,3.64,Homerton University,3.25
N52FA,51.556822,-0.091956,North,Homerton University,3.23,Royal Free Hospital,5.09,Whittington Hospital,3.51,Homerton University,3.23
N52FB,51.556516,-0.091363,North,Homerton University,3.19,Royal Free Hospital,5.13,Whittington Hospital,3.56,Homerton University,3.19
N52GR,51.552748,-0.092487,North,Homerton University,3.21,Royal Free Hospital,5.04,Whittington Hospital,3.64,Homerton University,3.21
N52GT,51.554423,-0.093686,North,Homerton University,3.31,Royal Free Hospital,4.96,Whittington Hospital,3.49,Homerton University,3.31
N52HA,51.554173,-0.09273,North,Homerton University,3.24,Royal Free Hospital,5.03,Whittington Hospital,3.56,Homerton University,3.24
N52HB,51.553612,-0.093576,North,Homerton University,3.29,Royal Free Hospital,4.97,Whittington Hospital,3.53,Homerton University,3.29
N52HD,51.554314,-0.094181,North,Homerton University,3.34,Royal Free Hospital,4.93,Whittington Hospital,3.46,Homerton University,3.34
N52HE,51.555467,-0.093744,North,Homerton University,3.33,Royal Free Hospital,4.96,Whittington Hospital,3.44,Homerton University,3.33
N52HF,51.554706,-0.094511,North,Homerton University,3.37,Royal Free Hospital,4.9,Whittington Hospital,3.43,Homerton University,3.37
N52HG,51.554913,-0.092858,North,Homerton University,3.26,Royal Free Hospital,5.02,Whittington Hospital,3.52,Homerton University,3.26
N52HJ,51.554414,-0.093687,North,Homerton University,3.31,Royal Free Hospital,4.96,Whittington Hospital,3.49,Homerton University,3.31
N52HN,51.550166,-0.091816,North,Homerton University,3.15,Royal Free Hospital,5.1,Whittington Hospital,3.81,Homerton University,3.15
N52HP,51.549774,-0.09153,North,Homerton University,3.14,Royal Free Hospital,5.12,Whittington Hospital,3.85,Homerton University,3.14
N52HR,51.549957,-0.090065,North,Homerton University,3.03,Royal Free Hospital,5.22,Whittington Hospital,3.93,Homerton University,3.03
N52HS,51.549814,-0.088441,North,Homerton University,2.92,Royal Free Hospital,5.33,Whittington Hospital,4.04,Homerton University,2.92
N52HT,51.549736,-0.087536,North,Homerton University,2.86,Royal Free Hospital,5.4,Whittington Hospital,4.1,Homerton University,2.86
N52HU,51.550064,-0.087796,North,Homerton University,2.88,Royal Free Hospital,5.38,Whittington Hospital,4.06,Homerton University,2.88
N52HW,51.550166,-0.091816,North,Homerton University,3.15,Royal Free Hospital,5.1,Whittington Hospital,3.81,Homerton University,3.15
N52HX,51.550125,-0.088197,North,Homerton University,2.9,Royal Free Hospital,5.35,Whittington Hospital,4.04,Homerton University,2.9
N52HY,51.54922,-0.088971,North,Homerton University,2.96,Royal Free Hospital,5.3,Whittington Hospital,4.04,Homerton University,2.96
N52HZ,51.550198,-0.089391,North,Homerton University,2.99,Royal Free Hospital,5.27,Whittington Hospital,3.96,Homerton University,2.99
N52JA,51.550582,-0.089231,North,Homerton University,2.98,Royal Free Hospital,5.27,Whittington Hospital,3.95,Homerton University,2.98
N52JB,51.55043,-0.087622,North,Homerton University,2.86,Royal Free Hospital,5.39,Whittington Hospital,4.06,Homerton University,2.86
N52JD,51.55076,-0.088012,North,Homerton University,2.89,Royal Free Hospital,5.36,Whittington Hospital,4.02,Homerton University,2.89
N52JE,51.551131,-0.088155,North,Homerton University,2.9,Royal Free Hospital,5.35,Whittington Hospital,3.99,Homerton University,2.9
N52JG,51.55124,-0.086564,North,Homerton University,2.79,Royal Free Hospital,5.46,Whittington Hospital,4.08,Homerton University,2.79
N52JH,51.551429,-0.088215,North,Homerton University,2.91,Royal Free Hospital,5.34,Whittington Hospital,3.97,Homerton University,2.91
N52JJ,51.550095,-0.087492,North,Homerton University,2.86,Royal Free Hospital,5.4,Whittington Hospital,4.08,Homerton University,2.86
N52JL,51.550582,-0.089231,North,Homerton University,2.98,Royal Free Hospital,5.27,Whittington Hospital,3.95,Homerton University,2.98
N52JN,51.551017,-0.088896,North,Homerton University,2.95,Royal Free Hospital,5.3,Whittington Hospital,3.95,Homerton University,2.95
N52JQ,51.550994,-0.087454,North,Homerton University,2.85,Royal Free Hospital,5.39,Whittington Hospital,4.04,Homerton University,2.85
N52JW,51.551017,-0.088896,North,Homerton University,2.95,Royal Free Hospital,5.3,Whittington Hospital,3.95,Homerton University,2.95
N52LB,51.559991,-0.092141,North,Homerton University,3.34,Royal Free Hospital,5.12,Whittington Hospital,3.41,Homerton University,3.34
N52LD,51.558575,-0.09132,North,Homerton University,3.24,Royal Free Hospital,5.16,Whittington Hospital,3.5,Homerton University,3.24
N52LE,51.557584,-0.091261,North,Homerton University,3.21,Royal Free Hospital,5.15,Whittington Hospital,3.53,Homerton University,3.21
N52LF,51.558277,-0.092919,North,Homerton University,3.34,Royal Free Hospital,5.04,Whittington Hospital,3.4,Homerton University,3.34
N52LG,51.559355,-0.091749,North,Homerton University,3.29,Royal Free Hospital,5.14,Whittington Hospital,3.45,Homerton University,3.29
N52LH,51.557829,-0.091928,North,Homerton University,3.26,Royal Free Hospital,5.11,Whittington Hospital,3.48,Homerton University,3.26
N52LJ,51.556881,-0.092761,North,Homerton University,3.29,Royal Free Hospital,5.04,Whittington Hospital,3.46,Homerton University,3.29
N52LQ,51.554423,-0.093686,North,Homerton University,3.31,Royal Free Hospital,4.96,Whittington Hospital,3.49,Homerton University,3.31
N52LW,51.554414,-0.093687,North,Homerton University,3.31,Royal Free Hospital,4.96,Whittington Hospital,3.49,Homerton University,3.31
N52NA,51.548321,-0.089008,North,Homerton University,2.97,Royal Free Hospital,5.31,Whittington Hospital,4.08,Homerton University,2.97
N52ND,51.548321,-0.089008,North,Homerton University,2.97,Royal Free Hospital,5.31,Whittington Hospital,4.08,Homerton University,2.97
N52NE,51.549202,-0.094481,North,Homerton University,3.34,Royal Free Hospital,4.92,Whittington Hospital,3.71,Homerton University,3.34
N52NF,51.554423,-0.093686,North,Homerton University,3.31,Royal Free Hospital,4.96,Whittington Hospital,3.49,Homerton University,3.31
N52NH,51.548669,-0.094864,North,Homerton University,3.37,Royal Free Hospital,4.9,Whittington Hospital,3.71,Homerton University,3.37
N52NJ,51.548842,-0.093905,North,Homerton University,3.31,Royal Free Hospital,4.97,Whittington Hospital,3.76,Homerton University,3.31
N52NL,51.548969,-0.092861,North,Homerton University,3.23,Royal Free Hospital,5.04,Whittington Hospital,3.82,Homerton University,3.23
N52NN,51.549194,-0.090703,North,Homerton University,3.08,Royal Free Hospital,5.18,Whittington Hospital,3.93,Homerton University,3.08
N52NP,51.549252,-0.08871,North,Homerton University,2.94,Royal Free Hospital,5.32,Whittington Hospital,4.05,Homerton University,2.94
N52NQ,51.54892,-0.095387,North,Homerton University,3.41,Royal Free Hospital,4.86,Whittington Hospital,3.67,Homerton University,3.41
N52NR,51.549549,-0.089318,North,Homerton University,2.98,Royal Free Hospital,5.28,Whittington Hospital,4.0,Homerton University,2.98
N52NS,51.549404,-0.09254,North,Homerton University,3.21,Royal Free Hospital,5.06,Whittington Hospital,3.81,Homerton University,3.21
N52NT,51.549594,-0.093729,North,Homerton University,3.29,Royal Free Hospital,4.97,Whittington Hospital,3.73,Homerton University,3.29
N52NU,51.549231,-0.094048,North,Homerton University,3.31,Royal Free Hospital,4.95,Whittington Hospital,3.73,Homerton University,3.31
N52NX,51.548415,-0.094774,North,Homerton University,3.37,Royal Free Hospital,4.91,Whittington Hospital,3.73,Homerton University,3.37
N52NY,51.548945,-0.0953,North,Homerton University,3.4,Royal Free Hospital,4.87,Whittington Hospital,3.67,Homerton University,3.4
N52PY,51.554423,-0.093686,North,Homerton University,3.31,Royal Free Hospital,4.96,Whittington Hospital,3.49,Homerton University,3.31
N52PZ,51.554743,-0.093457,North,Homerton University,3.3,Royal Free Hospital,4.98,Whittington Hospital,3.49,Homerton University,3.3
N52QA,51.555086,-0.09464,North,Homerton University,3.38,Royal Free Hospital,4.9,Whittington Hospital,3.4,Homerton University,3.38
N52QS,51.556053,-0.093878,North,Homerton University,3.35,Royal Free Hospital,4.96,Whittington Hospital,3.41,Homerton University,3.35
N52QT,51.554006,-0.090747,North,Homerton University,3.1,Royal Free Hospital,5.16,Whittington Hospital,3.7,Homerton University,3.1
N52QU,51.553116,-0.090784,North,Homerton University,3.09,Royal Free Hospital,5.16,Whittington Hospital,3.73,Homerton University,3.09
N52QX,51.551506,-0.09075,North,Homerton University,3.08,Royal Free Hospital,5.16,Whittington Hospital,3.81,Homerton University,3.08
N52QZ,51.551937,-0.090703,North,Homerton University,3.08,Royal Free Hospital,5.17,Whittington Hospital,3.79,Homerton University,3.08
N52RA,51.549926,-0.092028,North,Homerton University,3.17,Royal Free Hospital,5.09,Whittington Hospital,3.81,Homerton University,3.17
N52RB,51.550079,-0.091445,North,Homerton University,3.13,Royal Free Hospital,5.13,Whittington Hospital,3.84,Homerton University,3.13
N52RD,51.550929,-0.090096,North,Homerton University,3.04,Royal Free Hospital,5.21,Whittington Hospital,3.88,Homerton University,3.04
N52RE,51.551754,-0.089975,North,Homerton University,3.03,Royal Free Hospital,5.22,Whittington Hospital,3.85,Homerton University,3.03
N52RG,51.553544,-0.089987,North,Homerton University,3.04,Royal Free Hospital,5.21,Whittington Hospital,3.76,Homerton University,3.04
N52RH,51.552996,-0.09001,North,Homerton University,3.04,Royal Free Hospital,5.21,Whittington Hospital,3.79,Homerton University,3.04
N52RJ,51.553133,-0.088504,North,Homerton University,2.94,Royal Free Hospital,5.32,Whittington Hospital,3.88,Homerton University,2.94
N52RN,51.55347,-0.093697,North,Homerton University,3.3,Royal Free Hospital,4.96,Whittington Hospital,3.53,Homerton University,3.3
N52RQ,51.554423,-0.093686,North,Homerton University,3.31,Royal Free Hospital,4.96,Whittington Hospital,3.49,Homerton University,3.31
N52RS,51.55512,-0.090686,North,Homerton University,3.11,Royal Free Hospital,5.17,Whittington Hospital,3.66,Homerton University,3.11
N52RT,51.554867,-0.090061,North,Homerton University,3.07,Royal Free Hospital,5.21,Whittington Hospital,3.71,Homerton University,3.07
N52RU,51.553737,-0.090224,North,Homerton University,3.06,Royal Free Hospital,5.2,Whittington Hospital,3.74,Homerton University,3.06
N52RW,51.55376,-0.091666,North,Homerton University,3.16,Royal Free Hospital,5.1,Whittington Hospital,3.65,Homerton University,3.16
N52RX,51.554028,-0.089361,North,Homerton University,3.01,Royal Free Hospital,5.26,Whittington Hospital,3.78,Homerton University,3.01
N52RY,51.553737,-0.090224,North,Homerton University,3.06,Royal Free Hospital,5.2,Whittington Hospital,3.74,Homerton University,3.06
N52RZ,51.55295,-0.088858,North,Homerton University,2.96,Royal Free Hospital,5.29,Whittington Hospital,3.86,Homerton University,2.96
N52SB,51.551816,-0.088213,North,Homerton University,2.91,Royal Free Hospital,5.34,Whittington Hospital,3.95,Homerton University,2.91
N52SD,51.551717,-0.088232,North,Homerton University,2.91,Royal Free Hospital,5.34,Whittington Hospital,3.96,Homerton University,2.91
N52SE,51.551642,-0.08747,North,Homerton University,2.86,Royal Free Hospital,5.39,Whittington Hospital,4.01,Homerton University,2.86
N52SF,51.550994,-0.087454,North,Homerton University,2.85,Royal Free Hospital,5.39,Whittington Hospital,4.04,Homerton University,2.85
N52SG,51.550994,-0.087454,North,Homerton University,2.85,Royal Free Hospital,5.39,Whittington Hospital,4.04,Homerton University,2.85
N52SH,51.551773,-0.0867,North,Homerton University,2.8,Royal Free Hospital,5.44,Whittington Hospital,4.05,Homerton University,2.8
N52SJ,51.552009,-0.087916,North,Homerton University,2.89,Royal Free Hospital,5.36,Whittington Hospital,3.96,Homerton University,2.89
N52SL,51.552171,-0.089078,North,Homerton University,2.97,Royal Free Hospital,5.28,Whittington Hospital,3.88,Homerton University,2.97
N52SN,51.553095,-0.089458,North,Homerton University,3.0,Royal Free Hospital,5.25,Whittington Hospital,3.82,Homerton University,3.0
N52SQ,51.550994,-0.087454,North,Homerton University,2.85,Royal Free Hospital,5.39,Whittington Hospital,4.04,Homerton University,2.85
N52SR,51.554423,-0.093686,North,Homerton University,3.31,Royal Free Hospital,4.96,Whittington Hospital,3.49,Homerton University,3.31
N52SW,51.555604,-0.094474,North,Homerton University,3.38,Royal Free Hospital,4.91,Whittington Hospital,3.39,Homerton University,3.38
N52TA,51.554414,-0.093687,North,Homerton University,3.31,Royal Free Hospital,4.96,Whittington Hospital,3.49,Homerton University,3.31
N52TH,51.558071,-0.092943,North,Homerton University,3.33,Royal Free Hospital,5.04,Whittington Hospital,3.41,Homerton University,3.33
N52TU,51.557813,-0.092621,North,Homerton University,3.3,Royal Free Hospital,5.06,Whittington Hospital,3.43,Homerton University,3.3
N52TX,51.558946,-0.092603,North,Homerton University,3.33,Royal Free Hospital,5.07,Whittington Hospital,3.4,Homerton University,3.33
N52UB,51.556516,-0.091363,North,Homerton University,3.19,Royal Free Hospital,5.13,Whittington Hospital,3.56,Homerton University,3.19
N52UD,51.555385,-0.091468,North,Homerton University,3.17,Royal Free Hospital,5.12,Whittington Hospital,3.59,Homerton University,3.17
N52UE,51.556267,-0.09208,North,Homerton University,3.23,Royal Free Hospital,5.08,Whittington Hospital,3.52,Homerton University,3.23
N52UF,51.557172,-0.090787,North,Homerton University,3.16,Royal Free Hospital,5.18,Whittington Hospital,3.58,Homerton University,3.16
N52UG,51.554016,-0.095232,North,Homerton University,3.41,Royal Free Hospital,4.85,Whittington Hospital,3.41,Homerton University,3.41
N52UH,51.554018,-0.0948,North,Homerton University,3.38,Royal Free Hospital,4.88,Whittington Hospital,3.44,Homerton University,3.38
N52UL,51.557366,-0.093304,North,Homerton University,3.34,Royal Free Hospital,5.01,Whittington Hospital,3.4,Homerton University,3.34
N52UT,51.557123,-0.093862,North,Homerton University,3.37,Royal Free Hospital,4.97,Whittington Hospital,3.38,Homerton University,3.37
N52ZD,51.554423,-0.093686,North,Homerton University,3.31,Royal Free Hospital,4.96,Whittington Hospital,3.49,Homerton University,3.31
N52ZL,51.554423,-0.093686,North,Homerton University,3.31,Royal Free Hospital,4.96,Whittington Hospital,3.49,Homerton University,3.31
N52ZP,51.554423,-0.093686,North,Homerton University,3.31,Royal Free Hospital,4.96,Whittington Hospital,3.49,Homerton University,3.31
