Postcode,Latitude,Longitude,Side,Closest_Any,Distance_Any_km,Closest_L1,Distance_L1_km,Closest_L2,Distance_L2_km,Closest_L3,Distance_L3_km
BR11AA,51.401545,0.01544,South,Princess Royal (PRUH),5.05,Darent Valley,17.27,Princess Royal (PRUH),5.05,Kings College Hospital,10.51
BR11AB,51.406333,0.015234,South,Princess Royal (PRUH),5.49,Darent Valley,17.18,Princess Royal (PRUH),5.49,Kings College Hospital,10.13
BR11AD,51.400057,0.016741,South,Princess Royal (PRUH),4.87,Darent Valley,17.22,Princess Royal (PRUH),4.87,Kings College Hospital,10.69
BR11AE,51.404543,0.014221,South,Princess Royal (PRUH),5.37,Darent Valley,17.29,Princess Royal (PRUH),5.37,Kings College Hospital,10.22
BR11AF,51.401391,0.014973,South,Princess Royal (PRUH),5.06,Darent Valley,17.31,Princess Royal (PRUH),5.06,Kings College Hospital,10.5
BR11AG,51.401391,0.014973,South,Princess Royal (PRUH),5.06,Darent Valley,17.31,Princess Royal (PRUH),5.06,Kings College Hospital,10.5
BR11AH,51.400441,0.01739,South,Princess Royal (PRUH),4.87,Darent Valley,17.17,Princess Royal (PRUH),4.87,Kings College Hospital,10.69
BR11AJ,51.400488,0.018859,South,Princess Royal (PRUH),4.82,Darent Valley,17.07,Princess Royal (PRUH),4.82,Kings College Hospital,10.76
BR11AL,51.406549,0.01313,South,Princess Royal (PRUH),5.6,Darent Valley,17.32,Princess Royal (PRUH),5.6,Kings College Hospital,10.01
BR11AN,51.406432,0.017323,South,Princess Royal (PRUH),5.42,Darent Valley,17.04,Princess Royal (PRUH),5.42,Kings College Hospital,10.23
BR11AP,51.4061,0.018286,South,Princess Royal (PRUH),5.35,Darent Valley,16.98,Princess Royal (PRUH),5.35,Kings College Hospital,10.3
BR11AQ,51.405876,0.015631,South,Princess Royal (PRUH),5.43,Darent Valley,17.16,Princess Royal (PRUH),5.43,Kings College Hospital,10.19
BR11AR,51.407274,0.01749,South,Princess Royal (PRUH),5.49,Darent Valley,17.01,Princess Royal (PRUH),5.49,Kings College Hospital,10.18
BR11AS,51.398996,0.016191,South,Princess Royal (PRUH),4.8,Darent Valley,17.29,Princess Royal (PRUH),4.8,Kings College Hospital,10.75
BR11BA,51.39909,0.015462,South,Princess Royal (PRUH),4.84,Darent Valley,17.33,Princess Royal (PRUH),4.84,Kings College Hospital,10.71
BR11BB,51.398191,0.015422,South,Princess Royal (PRUH),4.76,Darent Valley,17.36,Princess Royal (PRUH),4.76,Kings College Hospital,10.78
BR11BT,51.399139,0.012589,South,Princess Royal (PRUH),4.97,Darent Valley,17.53,Princess Royal (PRUH),4.97,Kings College Hospital,10.56
BR11BW,51.398996,0.016191,South,Princess Royal (PRUH),4.8,Darent Valley,17.29,Princess Royal (PRUH),4.8,Kings College Hospital,10.75
BR11DA,51.407152,0.017254,South,Princess Royal (PRUH),5.49,Darent Valley,17.03,Princess Royal (PRUH),5.49,Kings College Hospital,10.17
BR11DD,51.40389,0.016607,South,Princess Royal (PRUH),5.21,Darent Valley,17.14,Princess Royal (PRUH),5.21,Kings College Hospital,10.39
BR11DJ,51.404038,0.017405,South,Princess Royal (PRUH),5.2,Darent Valley,17.08,Princess Royal (PRUH),5.2,Kings College Hospital,10.41
BR11DN,51.40389,0.016607,South,Princess Royal (PRUH),5.21,Darent Valley,17.14,Princess Royal (PRUH),5.21,Kings College Hospital,10.39
BR11DP,51.398996,0.016191,South,Princess Royal (PRUH),4.8,Darent Valley,17.29,Princess Royal (PRUH),4.8,Kings College Hospital,10.75
BR11DR,51.39909,0.015462,South,Princess Royal (PRUH),4.84,Darent Valley,17.33,Princess Royal (PRUH),4.84,Kings College Hospital,10.71
BR11DS,51.399742,0.016238,South,Princess Royal (PRUH),4.86,Darent Valley,17.27,Princess Royal (PRUH),4.86,Kings College Hospital,10.69
BR11DU,51.398996,0.016191,South,Princess Royal (PRUH),4.8,Darent Valley,17.29,Princess Royal (PRUH),4.8,Kings College Hospital,10.75
BR11DW,51.404088,0.014488,South,Princess Royal (PRUH),5.32,Darent Valley,17.28,Princess Royal (PRUH),5.32,Kings College Hospital,10.26
BR11EA,51.400462,0.016715,South,Princess Royal (PRUH),4.9,Darent Valley,17.22,Princess Royal (PRUH),4.9,Kings College Hospital,10.66
BR11EE,51.400887,0.015541,South,Princess Royal (PRUH),4.99,Darent Valley,17.28,Princess Royal (PRUH),4.99,Kings College Hospital,10.57
BR11EG,51.401639,0.015746,South,Princess Royal (PRUH),5.05,Darent Valley,17.25,Princess Royal (PRUH),5.05,Kings College Hospital,10.52
BR11EJ,51.400887,0.015541,South,Princess Royal (PRUH),4.99,Darent Valley,17.28,Princess Royal (PRUH),4.99,Kings College Hospital,10.57
BR11EL,51.401785,0.01558,South,Princess Royal (PRUH),5.07,Darent Valley,17.26,Princess Royal (PRUH),5.07,Kings College Hospital,10.5
BR11EN,51.402059,0.015362,South,Princess Royal (PRUH),5.1,Darent Valley,17.27,Princess Royal (PRUH),5.1,Kings College Hospital,10.47
BR11EP,51.40181,0.014144,South,Princess Royal (PRUH),5.13,Darent Valley,17.36,Princess Royal (PRUH),5.13,Kings College Hospital,10.43
BR11ER,51.399372,0.017904,South,Princess Royal (PRUH),4.76,Darent Valley,17.16,Princess Royal (PRUH),4.76,Kings College Hospital,10.8
BR11ES,51.402709,0.014183,South,Princess Royal (PRUH),5.21,Darent Valley,17.33,Princess Royal (PRUH),5.21,Kings College Hospital,10.36
BR11EU,51.402709,0.014183,South,Princess Royal (PRUH),5.21,Darent Valley,17.33,Princess Royal (PRUH),5.21,Kings College Hospital,10.36
BR11EW,51.40253,0.015196,South,Princess Royal (PRUH),5.15,Darent Valley,17.27,Princess Royal (PRUH),5.15,Kings College Hospital,10.42
BR11EX,51.403765,0.014474,South,Princess Royal (PRUH),5.29,Darent Valley,17.29,Princess Royal (PRUH),5.29,Kings College Hospital,10.29
BR11EY,51.403001,0.014958,South,Princess Royal (PRUH),5.2,Darent Valley,17.27,Princess Royal (PRUH),5.2,Kings College Hospital,10.37
BR11EZ,51.404256,0.014697,South,Princess Royal (PRUH),5.33,Darent Valley,17.26,Princess Royal (PRUH),5.33,Kings College Hospital,10.26
BR11GA,51.404256,0.014697,South,Princess Royal (PRUH),5.33,Darent Valley,17.26,Princess Royal (PRUH),5.33,Kings College Hospital,10.26
BR11HA,51.403765,0.014474,South,Princess Royal (PRUH),5.29,Darent Valley,17.29,Princess Royal (PRUH),5.29,Kings College Hospital,10.29
BR11HB,51.404506,0.014262,South,Princess Royal (PRUH),5.37,Darent Valley,17.29,Princess Royal (PRUH),5.37,Kings College Hospital,10.22
BR11HD,51.40389,0.016607,South,Princess Royal (PRUH),5.21,Darent Valley,17.14,Princess Royal (PRUH),5.21,Kings College Hospital,10.39
BR11HE,51.405539,0.014351,South,Princess Royal (PRUH),5.46,Darent Valley,17.26,Princess Royal (PRUH),5.46,Kings College Hospital,10.15
BR11HF,51.402902,0.014997,South,Princess Royal (PRUH),5.19,Darent Valley,17.27,Princess Royal (PRUH),5.19,Kings College Hospital,10.38
BR11HG,51.403722,0.014875,South,Princess Royal (PRUH),5.27,Darent Valley,17.26,Princess Royal (PRUH),5.27,Kings College Hospital,10.31
BR11HH,51.405429,0.012865,South,Princess Royal (PRUH),5.51,Darent Valley,17.36,Princess Royal (PRUH),5.51,Kings College Hospital,10.08
BR11HJ,51.405207,0.014279,South,Princess Royal (PRUH),5.43,Darent Valley,17.27,Princess Royal (PRUH),5.43,Kings College Hospital,10.17
BR11HL,51.405405,0.014302,South,Princess Royal (PRUH),5.44,Darent Valley,17.26,Princess Royal (PRUH),5.44,Kings College Hospital,10.15
BR11HN,51.400389,0.015203,South,Princess Royal (PRUH),4.96,Darent Valley,17.32,Princess Royal (PRUH),4.96,Kings College Hospital,10.59
BR11HP,51.400808,0.014373,South,Princess Royal (PRUH),5.04,Darent Valley,17.36,Princess Royal (PRUH),5.04,Kings College Hospital,10.52
BR11HQ,51.404506,0.014262,South,Princess Royal (PRUH),5.37,Darent Valley,17.29,Princess Royal (PRUH),5.37,Kings College Hospital,10.22
BR11HR,51.401647,0.01474,South,Princess Royal (PRUH),5.09,Darent Valley,17.32,Princess Royal (PRUH),5.09,Kings College Hospital,10.47
BR11HS,51.401561,0.014492,South,Princess Royal (PRUH),5.1,Darent Valley,17.34,Princess Royal (PRUH),5.1,Kings College Hospital,10.46
BR11HT,51.40152,0.014275,South,Princess Royal (PRUH),5.1,Darent Valley,17.35,Princess Royal (PRUH),5.1,Kings College Hospital,10.46
BR11HU,51.402095,0.014846,South,Princess Royal (PRUH),5.13,Darent Valley,17.3,Princess Royal (PRUH),5.13,Kings College Hospital,10.44
BR11HW,51.400948,0.013574,South,Princess Royal (PRUH),5.08,Darent Valley,17.42,Princess Royal (PRUH),5.08,Kings College Hospital,10.47
BR11HX,51.40114,0.014416,South,Princess Royal (PRUH),5.06,Darent Valley,17.35,Princess Royal (PRUH),5.06,Kings College Hospital,10.49
BR11HY,51.402102,0.014962,South,Princess Royal (PRUH),5.12,Darent Valley,17.29,Princess Royal (PRUH),5.12,Kings College Hospital,10.44
BR11HZ,51.401837,0.01413,South,Princess Royal (PRUH),5.14,Darent Valley,17.36,Princess Royal (PRUH),5.14,Kings College Hospital,10.42
BR11JA,51.401897,0.014349,South,Princess Royal (PRUH),5.13,Darent Valley,17.34,Princess Royal (PRUH),5.13,Kings College Hospital,10.43
BR11JB,51.40257,0.014421,South,Princess Royal (PRUH),5.19,Darent Valley,17.32,Princess Royal (PRUH),5.19,Kings College Hospital,10.38
BR11JD,51.404568,0.015343,South,Princess Royal (PRUH),5.33,Darent Valley,17.21,Princess Royal (PRUH),5.33,Kings College Hospital,10.27
BR11JF,51.404271,0.015359,South,Princess Royal (PRUH),5.3,Darent Valley,17.22,Princess Royal (PRUH),5.3,Kings College Hospital,10.29
BR11JG,51.404548,0.015486,South,Princess Royal (PRUH),5.32,Darent Valley,17.2,Princess Royal (PRUH),5.32,Kings College Hospital,10.28
BR11JH,51.404505,0.01534,South,Princess Royal (PRUH),5.32,Darent Valley,17.21,Princess Royal (PRUH),5.32,Kings College Hospital,10.28
BR11JJ,51.404506,0.014262,South,Princess Royal (PRUH),5.37,Darent Valley,17.29,Princess Royal (PRUH),5.37,Kings College Hospital,10.22
BR11JL,51.404018,0.01542,South,Princess Royal (PRUH),5.27,Darent Valley,17.22,Princess Royal (PRUH),5.27,Kings College Hospital,10.32
BR11JN,51.406873,0.015215,South,Princess Royal (PRUH),5.54,Darent Valley,17.17,Princess Royal (PRUH),5.54,Kings College Hospital,10.09
BR11JP,51.403161,0.015626,South,Princess Royal (PRUH),5.19,Darent Valley,17.22,Princess Royal (PRUH),5.19,Kings College Hospital,10.39
BR11JQ,51.403497,0.015425,South,Princess Royal (PRUH),5.23,Darent Valley,17.23,Princess Royal (PRUH),5.23,Kings College Hospital,10.36
BR11JR,51.401897,0.014349,South,Princess Royal (PRUH),5.13,Darent Valley,17.34,Princess Royal (PRUH),5.13,Kings College Hospital,10.43
BR11JS,51.402709,0.014183,South,Princess Royal (PRUH),5.21,Darent Valley,17.33,Princess Royal (PRUH),5.21,Kings College Hospital,10.36
BR11JT,51.402274,0.015961,South,Princess Royal (PRUH),5.1,Darent Valley,17.22,Princess Royal (PRUH),5.1,Kings College Hospital,10.48
BR11JU,51.401785,0.01558,South,Princess Royal (PRUH),5.07,Darent Valley,17.26,Princess Royal (PRUH),5.07,Kings College Hospital,10.5
BR11JW,51.403161,0.015626,South,Princess Royal (PRUH),5.19,Darent Valley,17.22,Princess Royal (PRUH),5.19,Kings College Hospital,10.39
BR11JX,51.400977,0.018693,South,Princess Royal (PRUH),4.87,Darent Valley,17.07,Princess Royal (PRUH),4.87,Kings College Hospital,10.72
BR11JY,51.402027,0.01618,South,Princess Royal (PRUH),5.06,Darent Valley,17.21,Princess Royal (PRUH),5.06,Kings College Hospital,10.51
BR11LA,51.401365,0.017028,South,Princess Royal (PRUH),4.97,Darent Valley,17.17,Princess Royal (PRUH),4.97,Kings College Hospital,10.6
BR11LB,51.405947,0.014124,South,Princess Royal (PRUH),5.5,Darent Valley,17.26,Princess Royal (PRUH),5.5,Kings College Hospital,10.1
BR11LD,51.401207,0.01682,South,Princess Royal (PRUH),4.97,Darent Valley,17.19,Princess Royal (PRUH),4.97,Kings College Hospital,10.6
BR11LE,51.401326,0.016667,South,Princess Royal (PRUH),4.98,Darent Valley,17.2,Princess Royal (PRUH),4.98,Kings College Hospital,10.59
BR11LF,51.400525,0.017264,South,Princess Royal (PRUH),4.89,Darent Valley,17.18,Princess Royal (PRUH),4.89,Kings College Hospital,10.68
BR11LG,51.400924,0.017066,South,Princess Royal (PRUH),4.93,Darent Valley,17.18,Princess Royal (PRUH),4.93,Kings College Hospital,10.64
BR11LH,51.401025,0.016941,South,Princess Royal (PRUH),4.94,Darent Valley,17.19,Princess Royal (PRUH),4.94,Kings College Hospital,10.62
BR11LJ,51.399964,0.016938,South,Princess Royal (PRUH),4.85,Darent Valley,17.21,Princess Royal (PRUH),4.85,Kings College Hospital,10.71
BR11LL,51.399964,0.016938,South,Princess Royal (PRUH),4.85,Darent Valley,17.21,Princess Royal (PRUH),4.85,Kings College Hospital,10.71
BR11LN,51.400862,0.016977,South,Princess Royal (PRUH),4.93,Darent Valley,17.19,Princess Royal (PRUH),4.93,Kings College Hospital,10.64
BR11LP,51.402578,0.016535,South,Princess Royal (PRUH),5.1,Darent Valley,17.18,Princess Royal (PRUH),5.1,Kings College Hospital,10.48
BR11LQ,51.400862,0.016977,South,Princess Royal (PRUH),4.93,Darent Valley,17.19,Princess Royal (PRUH),4.93,Kings College Hospital,10.64
BR11LR,51.402611,0.016724,South,Princess Royal (PRUH),5.09,Darent Valley,17.16,Princess Royal (PRUH),5.09,Kings College Hospital,10.49
BR11LS,51.401991,0.018278,South,Princess Royal (PRUH),4.98,Darent Valley,17.07,Princess Royal (PRUH),4.98,Kings College Hospital,10.62
BR11LT,51.401991,0.018278,South,Princess Royal (PRUH),4.98,Darent Valley,17.07,Princess Royal (PRUH),4.98,Kings College Hospital,10.62
BR11LU,51.401708,0.017489,South,Princess Royal (PRUH),4.98,Darent Valley,17.13,Princess Royal (PRUH),4.98,Kings College Hospital,10.6
BR11LW,51.40246,0.016127,South,Princess Royal (PRUH),5.11,Darent Valley,17.21,Princess Royal (PRUH),5.11,Kings College Hospital,10.47
BR11LX,51.400072,0.017417,South,Princess Royal (PRUH),4.84,Darent Valley,17.18,Princess Royal (PRUH),4.84,Kings College Hospital,10.72
BR11LY,51.401574,0.018475,South,Princess Royal (PRUH),4.93,Darent Valley,17.07,Princess Royal (PRUH),4.93,Kings College Hospital,10.66
BR11LZ,51.400986,0.018694,South,Princess Royal (PRUH),4.87,Darent Valley,17.07,Princess Royal (PRUH),4.87,Kings College Hospital,10.71
BR11NA,51.405563,0.01556,South,Princess Royal (PRUH),5.41,Darent Valley,17.17,Princess Royal (PRUH),5.41,Kings College Hospital,10.21
BR11NB,51.405405,0.014302,South,Princess Royal (PRUH),5.44,Darent Valley,17.26,Princess Royal (PRUH),5.44,Kings College Hospital,10.15
BR11ND,51.405965,0.015175,South,Princess Royal (PRUH),5.46,Darent Valley,17.19,Princess Royal (PRUH),5.46,Kings College Hospital,10.16
BR11NE,51.405965,0.015175,South,Princess Royal (PRUH),5.46,Darent Valley,17.19,Princess Royal (PRUH),5.46,Kings College Hospital,10.16
BR11NF,51.405515,0.015198,South,Princess Royal (PRUH),5.42,Darent Valley,17.2,Princess Royal (PRUH),5.42,Kings College Hospital,10.19
BR11NG,51.40516,0.015427,South,Princess Royal (PRUH),5.38,Darent Valley,17.19,Princess Royal (PRUH),5.38,Kings College Hospital,10.23
BR11NH,51.401761,0.017017,South,Princess Royal (PRUH),5.01,Darent Valley,17.16,Princess Royal (PRUH),5.01,Kings College Hospital,10.57
BR11NJ,51.405402,0.014963,South,Princess Royal (PRUH),5.42,Darent Valley,17.22,Princess Royal (PRUH),5.42,Kings College Hospital,10.19
BR11NN,51.406104,0.013887,South,Princess Royal (PRUH),5.52,Darent Valley,17.28,Princess Royal (PRUH),5.52,Kings College Hospital,10.08
BR11NP,51.406002,0.014055,South,Princess Royal (PRUH),5.51,Darent Valley,17.27,Princess Royal (PRUH),5.51,Kings College Hospital,10.1
BR11NQ,51.404397,0.015393,South,Princess Royal (PRUH),5.31,Darent Valley,17.21,Princess Royal (PRUH),5.31,Kings College Hospital,10.29
BR11NR,51.405355,0.017175,South,Princess Royal (PRUH),5.33,Darent Valley,17.07,Princess Royal (PRUH),5.33,Kings College Hospital,10.3
BR11NS,51.402659,0.017056,South,Princess Royal (PRUH),5.09,Darent Valley,17.14,Princess Royal (PRUH),5.09,Kings College Hospital,10.5
BR11NT,51.400438,0.018138,South,Princess Royal (PRUH),4.84,Darent Valley,17.12,Princess Royal (PRUH),4.84,Kings College Hospital,10.73
BR11NU,51.399964,0.016938,South,Princess Royal (PRUH),4.85,Darent Valley,17.21,Princess Royal (PRUH),4.85,Kings College Hospital,10.71
BR11NW,51.401761,0.017017,South,Princess Royal (PRUH),5.01,Darent Valley,17.16,Princess Royal (PRUH),5.01,Kings College Hospital,10.57
BR11NX,51.400438,0.018138,South,Princess Royal (PRUH),4.84,Darent Valley,17.12,Princess Royal (PRUH),4.84,Kings College Hospital,10.73
BR11NY,51.406459,0.01314,South,Princess Royal (PRUH),5.59,Darent Valley,17.32,Princess Royal (PRUH),5.59,Kings College Hospital,10.01
BR11PD,51.405894,0.013576,South,Princess Royal (PRUH),5.52,Darent Valley,17.3,Princess Royal (PRUH),5.52,Kings College Hospital,10.08
BR11PL,51.405429,0.012865,South,Princess Royal (PRUH),5.51,Darent Valley,17.36,Princess Royal (PRUH),5.51,Kings College Hospital,10.08
BR11PN,51.405429,0.012865,South,Princess Royal (PRUH),5.51,Darent Valley,17.36,Princess Royal (PRUH),5.51,Kings College Hospital,10.08
BR11PP,51.407381,0.016013,South,Princess Royal (PRUH),5.56,Darent Valley,17.11,Princess Royal (PRUH),5.56,Kings College Hospital,10.09
BR11PU,51.405429,0.012865,South,Princess Royal (PRUH),5.51,Darent Valley,17.36,Princess Royal (PRUH),5.51,Kings College Hospital,10.08
BR11PW,51.405969,0.013392,South,Princess Royal (PRUH),5.53,Darent Valley,17.31,Princess Royal (PRUH),5.53,Kings College Hospital,10.06
BR11PX,51.405429,0.012865,South,Princess Royal (PRUH),5.51,Darent Valley,17.36,Princess Royal (PRUH),5.51,Kings College Hospital,10.08
BR11PY,51.405429,0.012865,South,Princess Royal (PRUH),5.51,Darent Valley,17.36,Princess Royal (PRUH),5.51,Kings College Hospital,10.08
BR11PZ,51.406328,0.012904,South,Princess Royal (PRUH),5.58,Darent Valley,17.34,Princess Royal (PRUH),5.58,Kings College Hospital,10.01
BR11QA,51.406479,0.013558,South,Princess Royal (PRUH),5.57,Darent Valley,17.29,Princess Royal (PRUH),5.57,Kings College Hospital,10.03
BR11QB,51.406303,0.014341,South,Princess Royal (PRUH),5.52,Darent Valley,17.24,Princess Royal (PRUH),5.52,Kings College Hospital,10.09
BR11QD,51.405405,0.014302,South,Princess Royal (PRUH),5.44,Darent Valley,17.26,Princess Royal (PRUH),5.44,Kings College Hospital,10.15
BR11QE,51.40673,0.015668,South,Princess Royal (PRUH),5.51,Darent Valley,17.14,Princess Royal (PRUH),5.51,Kings College Hospital,10.12
BR11QG,51.404397,0.015393,South,Princess Royal (PRUH),5.31,Darent Valley,17.21,Princess Royal (PRUH),5.31,Kings College Hospital,10.29
BR11QH,51.406696,0.015566,South,Princess Royal (PRUH),5.51,Darent Valley,17.15,Princess Royal (PRUH),5.51,Kings College Hospital,10.12
BR11QJ,51.407177,0.015818,South,Princess Royal (PRUH),5.55,Darent Valley,17.12,Princess Royal (PRUH),5.55,Kings College Hospital,10.1
BR11QL,51.407177,0.015818,South,Princess Royal (PRUH),5.55,Darent Valley,17.12,Princess Royal (PRUH),5.55,Kings College Hospital,10.1
BR11QN,51.407475,0.016262,South,Princess Royal (PRUH),5.56,Darent Valley,17.09,Princess Royal (PRUH),5.56,Kings College Hospital,10.1
BR11QP,51.401991,0.018278,South,Princess Royal (PRUH),4.98,Darent Valley,17.07,Princess Royal (PRUH),4.98,Kings College Hospital,10.62
BR11QQ,51.407404,0.016216,South,Princess Royal (PRUH),5.55,Darent Valley,17.09,Princess Royal (PRUH),5.55,Kings College Hospital,10.1
BR11QR,51.40712,0.016505,South,Princess Royal (PRUH),5.52,Darent Valley,17.08,Princess Royal (PRUH),5.52,Kings College Hospital,10.14
BR11QS,51.406279,0.015778,South,Princess Royal (PRUH),5.47,Darent Valley,17.14,Princess Royal (PRUH),5.47,Kings College Hospital,10.16
BR11QT,51.407177,0.015818,South,Princess Royal (PRUH),5.55,Darent Valley,17.12,Princess Royal (PRUH),5.55,Kings College Hospital,10.1
BR11QU,51.407176,0.016421,South,Princess Royal (PRUH),5.52,Darent Valley,17.08,Princess Royal (PRUH),5.52,Kings College Hospital,10.13
BR11QW,51.40753,0.016725,South,Princess Royal (PRUH),5.55,Darent Valley,17.05,Princess Royal (PRUH),5.55,Kings College Hospital,10.12
BR11QX,51.40637,0.015667,South,Princess Royal (PRUH),5.48,Darent Valley,17.15,Princess Royal (PRUH),5.48,Kings College Hospital,10.15
BR11QY,51.405405,0.014302,South,Princess Royal (PRUH),5.44,Darent Valley,17.26,Princess Royal (PRUH),5.44,Kings College Hospital,10.15
BR11RG,51.407287,0.01831,South,Princess Royal (PRUH),5.46,Darent Valley,16.95,Princess Royal (PRUH),5.46,Kings College Hospital,10.22
BR11RH,51.406732,0.016589,South,Princess Royal (PRUH),5.48,Darent Valley,17.08,Princess Royal (PRUH),5.48,Kings College Hospital,10.17
BR11RJ,51.407762,0.018417,South,Princess Royal (PRUH),5.51,Darent Valley,16.93,Princess Royal (PRUH),5.51,Kings College Hospital,10.19
BR11RL,51.406192,0.016105,South,Princess Royal (PRUH),5.45,Darent Valley,17.12,Princess Royal (PRUH),5.45,Kings College Hospital,10.19
BR11RN,51.406083,0.015654,South,Princess Royal (PRUH),5.45,Darent Valley,17.16,Princess Royal (PRUH),5.45,Kings College Hospital,10.17
BR11RP,51.407088,0.018387,South,Princess Royal (PRUH),5.44,Darent Valley,16.95,Princess Royal (PRUH),5.44,Kings College Hospital,10.24
BR11RQ,51.407152,0.017254,South,Princess Royal (PRUH),5.49,Darent Valley,17.03,Princess Royal (PRUH),5.49,Kings College Hospital,10.17
BR11RT,51.40538,0.015738,South,Princess Royal (PRUH),5.39,Darent Valley,17.17,Princess Royal (PRUH),5.39,Kings College Hospital,10.23
BR11RU,51.40588,0.015962,South,Princess Royal (PRUH),5.42,Darent Valley,17.14,Princess Royal (PRUH),5.42,Kings College Hospital,10.2
BR11RW,51.406291,0.017159,South,Princess Royal (PRUH),5.41,Darent Valley,17.05,Princess Royal (PRUH),5.41,Kings College Hospital,10.23
BR11RX,51.40538,0.015738,South,Princess Royal (PRUH),5.39,Darent Valley,17.17,Princess Royal (PRUH),5.39,Kings College Hospital,10.23
BR11RY,51.405764,0.016963,South,Princess Royal (PRUH),5.37,Darent Valley,17.07,Princess Royal (PRUH),5.37,Kings College Hospital,10.26
BR11RZ,51.404397,0.015393,South,Princess Royal (PRUH),5.31,Darent Valley,17.21,Princess Royal (PRUH),5.31,Kings College Hospital,10.29
BR11SE,51.403603,0.015516,South,Princess Royal (PRUH),5.23,Darent Valley,17.22,Princess Royal (PRUH),5.23,Kings College Hospital,10.35
BR11SH,51.405511,0.015945,South,Princess Royal (PRUH),5.39,Darent Valley,17.15,Princess Royal (PRUH),5.39,Kings College Hospital,10.23
BR11SP,51.40181,0.014144,South,Princess Royal (PRUH),5.13,Darent Valley,17.36,Princess Royal (PRUH),5.13,Kings College Hospital,10.43
BR11SR,51.407177,0.015818,South,Princess Royal (PRUH),5.55,Darent Valley,17.12,Princess Royal (PRUH),5.55,Kings College Hospital,10.1
BR11ST,51.407319,0.015407,South,Princess Royal (PRUH),5.58,Darent Valley,17.15,Princess Royal (PRUH),5.58,Kings College Hospital,10.06
BR11SU,51.399939,0.018374,South,Princess Royal (PRUH),4.79,Darent Valley,17.12,Princess Royal (PRUH),4.79,Kings College Hospital,10.78
BR11SZ,51.399988,0.015501,South,Princess Royal (PRUH),4.92,Darent Valley,17.31,Princess Royal (PRUH),4.92,Kings College Hospital,10.64
BR11TA,51.407152,0.017254,South,Princess Royal (PRUH),5.49,Darent Valley,17.03,Princess Royal (PRUH),5.49,Kings College Hospital,10.17
BR11TB,51.403607,0.014223,South,Princess Royal (PRUH),5.29,Darent Valley,17.31,Princess Royal (PRUH),5.29,Kings College Hospital,10.29
BR11TD,51.402225,0.016189,South,Princess Royal (PRUH),5.08,Darent Valley,17.21,Princess Royal (PRUH),5.08,Kings College Hospital,10.49
BR11TE,51.406303,0.014341,South,Princess Royal (PRUH),5.52,Darent Valley,17.24,Princess Royal (PRUH),5.52,Kings College Hospital,10.09
BR11TF,51.400722,0.018855,South,Princess Royal (PRUH),4.84,Darent Valley,17.06,Princess Royal (PRUH),4.84,Kings College Hospital,10.74
BR11TG,51.407287,0.01831,South,Princess Royal (PRUH),5.46,Darent Valley,16.95,Princess Royal (PRUH),5.46,Kings College Hospital,10.22
BR11TH,51.405405,0.014302,South,Princess Royal (PRUH),5.44,Darent Valley,17.26,Princess Royal (PRUH),5.44,Kings College Hospital,10.15
BR11TJ,51.406279,0.015778,South,Princess Royal (PRUH),5.47,Darent Valley,17.14,Princess Royal (PRUH),5.47,Kings College Hospital,10.16
BR11TL,51.407152,0.017254,South,Princess Royal (PRUH),5.49,Darent Valley,17.03,Princess Royal (PRUH),5.49,Kings College Hospital,10.17
BR11TN,51.407152,0.017254,South,Princess Royal (PRUH),5.49,Darent Valley,17.03,Princess Royal (PRUH),5.49,Kings College Hospital,10.17
BR11TP,51.406607,0.014441,South,Princess Royal (PRUH),5.55,Darent Valley,17.23,Princess Royal (PRUH),5.55,Kings College Hospital,10.07
BR11TQ,51.403583,0.015659,South,Princess Royal (PRUH),5.23,Darent Valley,17.21,Princess Royal (PRUH),5.23,Kings College Hospital,10.36
BR11TR,51.402231,0.017397,South,Princess Royal (PRUH),5.03,Darent Valley,17.13,Princess Royal (PRUH),5.03,Kings College Hospital,10.55
BR11TS,51.402305,0.016753,South,Princess Royal (PRUH),5.07,Darent Valley,17.17,Princess Royal (PRUH),5.07,Kings College Hospital,10.52
BR11TT,51.402084,0.017074,South,Princess Royal (PRUH),5.03,Darent Valley,17.15,Princess Royal (PRUH),5.03,Kings College Hospital,10.55
BR11TU,51.401761,0.017017,South,Princess Royal (PRUH),5.01,Darent Valley,17.16,Princess Royal (PRUH),5.01,Kings College Hospital,10.57
BR11TW,51.407287,0.01831,South,Princess Royal (PRUH),5.46,Darent Valley,16.95,Princess Royal (PRUH),5.46,Kings College Hospital,10.22
BR11TX,51.404506,0.014262,South,Princess Royal (PRUH),5.37,Darent Valley,17.29,Princess Royal (PRUH),5.37,Kings College Hospital,10.22
BR11TY,51.405947,0.014124,South,Princess Royal (PRUH),5.5,Darent Valley,17.26,Princess Royal (PRUH),5.5,Kings College Hospital,10.1
BR11UA,51.404397,0.015393,South,Princess Royal (PRUH),5.31,Darent Valley,17.21,Princess Royal (PRUH),5.31,Kings College Hospital,10.29
BR11UF,51.404578,0.014754,South,Princess Royal (PRUH),5.35,Darent Valley,17.25,Princess Royal (PRUH),5.35,Kings College Hospital,10.24
BR11UG,51.404578,0.014754,South,Princess Royal (PRUH),5.35,Darent Valley,17.25,Princess Royal (PRUH),5.35,Kings College Hospital,10.24
BR11YW,51.404548,0.015486,South,Princess Royal (PRUH),5.32,Darent Valley,17.2,Princess Royal (PRUH),5.32,Kings College Hospital,10.28
BR11YZ,51.404548,0.015486,South,Princess Royal (PRUH),5.32,Darent Valley,17.2,Princess Royal (PRUH),5.32,Kings College Hospital,10.28
BR11ZH,51.404397,0.015393,South,Princess Royal (PRUH),5.31,Darent Valley,17.21,Princess Royal (PRUH),5.31,Kings College Hospital,10.29
BR11ZR,51.404271,0.015359,South,Princess Royal (PRUH),5.3,Darent Valley,17.22,Princess Royal (PRUH),5.3,Kings College Hospital,10.29
BR11ZW,51.404397,0.015393,South,Princess Royal (PRUH),5.31,Darent Valley,17.21,Princess Royal (PRUH),5.31,Kings College Hospital,10.29
BR11ZY,51.404271,0.015359,South,Princess Royal (PRUH),5.3,Darent Valley,17.22,Princess Royal (PRUH),5.3,Kings College Hospital,10.29
BR12AA,51.403386,0.043644,South,Princess Royal (PRUH),4.35,Darent Valley,15.32,Princess Royal (PRUH),4.35,Kings College Hospital,11.85
BR12AB,51.40175,0.054426,South,Princess Royal (PRUH),4.04,Darent Valley,14.64,Princess Royal (PRUH),4.04,Kings College Hospital,12.56
BR12AD,51.404295,0.046675,South,Princess Royal (PRUH),4.4,Darent Valley,15.09,Princess Royal (PRUH),4.4,Kings College Hospital,11.95
BR12AE,51.403326,0.047581,South,Princess Royal (PRUH),4.28,Darent Valley,15.06,Princess Royal (PRUH),4.28,Kings College Hospital,12.07
BR12AF,51.403678,0.045972,South,Princess Royal (PRUH),4.34,Darent Valley,15.16,Princess Royal (PRUH),4.34,Kings College Hospital,11.96
BR12AG,51.405404,0.052735,South,Princess Royal (PRUH),4.45,Darent Valley,14.66,Princess Royal (PRUH),4.45,Kings College Hospital,12.22
BR12AH,51.403246,0.047031,South,Princess Royal (PRUH),4.28,Darent Valley,15.1,Princess Royal (PRUH),4.28,Kings College Hospital,12.04
BR12AJ,51.405387,0.051641,South,Princess Royal (PRUH),4.46,Darent Valley,14.73,Princess Royal (PRUH),4.46,Kings College Hospital,12.16
BR12AL,51.405557,0.055258,South,Princess Royal (PRUH),4.46,Darent Valley,14.48,Princess Royal (PRUH),4.46,Kings College Hospital,12.36
BR12AN,51.404401,0.056601,South,Princess Royal (PRUH),4.32,Darent Valley,14.42,Princess Royal (PRUH),4.32,Kings College Hospital,12.51
BR12AP,51.404927,0.055805,South,Princess Royal (PRUH),4.38,Darent Valley,14.46,Princess Royal (PRUH),4.38,Kings College Hospital,12.43
BR12AQ,51.405097,0.050722,South,Princess Royal (PRUH),4.44,Darent Valley,14.8,Princess Royal (PRUH),4.44,Kings College Hospital,12.13
BR12AR,51.403602,0.053416,South,Princess Royal (PRUH),4.25,Darent Valley,14.66,Princess Royal (PRUH),4.25,Kings College Hospital,12.38
BR12AS,51.401768,0.046706,South,Princess Royal (PRUH),4.13,Darent Valley,15.16,Princess Royal (PRUH),4.13,Kings College Hospital,12.13
BR12AT,51.401185,0.04714,South,Princess Royal (PRUH),4.06,Darent Valley,15.15,Princess Royal (PRUH),4.06,Kings College Hospital,12.19
BR12AU,51.402756,0.048346,South,Princess Royal (PRUH),4.21,Darent Valley,15.02,Princess Royal (PRUH),4.21,Kings College Hospital,12.15
BR12AW,51.403878,0.055643,South,Princess Royal (PRUH),4.27,Darent Valley,14.5,Princess Royal (PRUH),4.27,Kings College Hospital,12.49
BR12AX,51.400928,0.049515,South,Princess Royal (PRUH),4.0,Darent Valley,14.99,Princess Royal (PRUH),4.0,Kings College Hospital,12.34
BR12AY,51.401608,0.052234,South,Princess Royal (PRUH),4.04,Darent Valley,14.79,Princess Royal (PRUH),4.04,Kings College Hospital,12.44
BR12AZ,51.401411,0.052729,South,Princess Royal (PRUH),4.01,Darent Valley,14.76,Princess Royal (PRUH),4.01,Kings College Hospital,12.48
BR12BA,51.404835,0.049762,South,Princess Royal (PRUH),4.42,Darent Valley,14.87,Princess Royal (PRUH),4.42,Kings College Hospital,12.09
BR12BB,51.404469,0.047546,South,Princess Royal (PRUH),4.41,Darent Valley,15.03,Princess Royal (PRUH),4.41,Kings College Hospital,11.99
BR12BD,51.402736,0.050473,South,Princess Royal (PRUH),4.18,Darent Valley,14.88,Princess Royal (PRUH),4.18,Kings College Hospital,12.27
BR12BE,51.402157,0.053279,South,Princess Royal (PRUH),4.09,Darent Valley,14.71,Princess Royal (PRUH),4.09,Kings College Hospital,12.46
BR12BF,51.404349,0.05391,South,Princess Royal (PRUH),4.33,Darent Valley,14.6,Princess Royal (PRUH),4.33,Kings College Hospital,12.36
BR12BG,51.391712,0.045812,South,Princess Royal (PRUH),3.07,Darent Valley,15.53,Princess Royal (PRUH),3.07,Kings College Hospital,12.79
BR12BH,51.403799,0.05758,South,Princess Royal (PRUH),4.25,Darent Valley,14.37,Princess Royal (PRUH),4.25,Kings College Hospital,12.6
BR12BJ,51.402541,0.05853,South,Princess Royal (PRUH),4.11,Darent Valley,14.34,Princess Royal (PRUH),4.11,Kings College Hospital,12.74
BR12BL,51.399162,0.038352,South,Princess Royal (PRUH),4.02,Darent Valley,15.79,Princess Royal (PRUH),4.02,Kings College Hospital,11.86
BR12BN,51.40041,0.038954,South,Princess Royal (PRUH),4.14,Darent Valley,15.72,Princess Royal (PRUH),4.14,Kings College Hospital,11.8
BR12BP,51.399433,0.038292,South,Princess Royal (PRUH),4.05,Darent Valley,15.79,Princess Royal (PRUH),4.05,Kings College Hospital,11.84
BR12BQ,51.402442,0.052904,South,Princess Royal (PRUH),4.13,Darent Valley,14.72,Princess Royal (PRUH),4.13,Kings College Hospital,12.43
BR12BS,51.39836,0.03846,South,Princess Royal (PRUH),3.94,Darent Valley,15.81,Princess Royal (PRUH),3.94,Kings College Hospital,11.92
BR12BT,51.398655,0.038545,South,Princess Royal (PRUH),3.97,Darent Valley,15.79,Princess Royal (PRUH),3.97,Kings College Hospital,11.91
BR12BU,51.399358,0.043119,South,Princess Royal (PRUH),3.93,Darent Valley,15.47,Princess Royal (PRUH),3.93,Kings College Hospital,12.1
BR12BW,51.399564,0.039535,South,Princess Royal (PRUH),4.03,Darent Valley,15.7,Princess Royal (PRUH),4.03,Kings College Hospital,11.89
BR12BX,51.399512,0.044075,South,Princess Royal (PRUH),3.93,Darent Valley,15.4,Princess Royal (PRUH),3.93,Kings College Hospital,12.14
BR12BY,51.398981,0.041004,South,Princess Royal (PRUH),3.94,Darent Valley,15.62,Princess Royal (PRUH),3.94,Kings College Hospital,12.01
BR12BZ,51.398982,0.041464,South,Princess Royal (PRUH),3.93,Darent Valley,15.59,Princess Royal (PRUH),3.93,Kings College Hospital,12.04
BR12DA,51.398597,0.042899,South,Princess Royal (PRUH),3.86,Darent Valley,15.5,Princess Royal (PRUH),3.86,Kings College Hospital,12.14
BR12DB,51.398196,0.041127,South,Princess Royal (PRUH),3.85,Darent Valley,15.64,Princess Royal (PRUH),3.85,Kings College Hospital,12.07
BR12DD,51.39779,0.040721,South,Princess Royal (PRUH),3.82,Darent Valley,15.67,Princess Royal (PRUH),3.82,Kings College Hospital,12.08
BR12DE,51.398992,0.04191,South,Princess Royal (PRUH),3.92,Darent Valley,15.56,Princess Royal (PRUH),3.92,Kings College Hospital,12.06
BR12DF,51.399024,0.042659,South,Princess Royal (PRUH),3.91,Darent Valley,15.51,Princess Royal (PRUH),3.91,Kings College Hospital,12.1
BR12DG,51.399059,0.043236,South,Princess Royal (PRUH),3.9,Darent Valley,15.47,Princess Royal (PRUH),3.9,Kings College Hospital,12.13
BR12DH,51.39703,0.041463,South,Princess Royal (PRUH),3.72,Darent Valley,15.65,Princess Royal (PRUH),3.72,Kings College Hospital,12.18
BR12DJ,51.39822,0.042882,South,Princess Royal (PRUH),3.82,Darent Valley,15.52,Princess Royal (PRUH),3.82,Kings College Hospital,12.17
BR12DL,51.397153,0.042173,South,Princess Royal (PRUH),3.72,Darent Valley,15.6,Princess Royal (PRUH),3.72,Kings College Hospital,12.21
BR12DN,51.397503,0.042189,South,Princess Royal (PRUH),3.76,Darent Valley,15.58,Princess Royal (PRUH),3.76,Kings College Hospital,12.18
BR12DP,51.398331,0.044741,South,Princess Royal (PRUH),3.79,Darent Valley,15.39,Princess Royal (PRUH),3.79,Kings College Hospital,12.26
BR12DQ,51.399077,0.044243,South,Princess Royal (PRUH),3.88,Darent Valley,15.4,Princess Royal (PRUH),3.88,Kings College Hospital,12.18
BR12DR,51.401056,0.038019,South,Princess Royal (PRUH),4.23,Darent Valley,15.76,Princess Royal (PRUH),4.23,Kings College Hospital,11.71
BR12DS,51.400569,0.039622,South,Princess Royal (PRUH),4.14,Darent Valley,15.67,Princess Royal (PRUH),4.14,Kings College Hospital,11.83
BR12DT,51.40071,0.038248,South,Princess Royal (PRUH),4.19,Darent Valley,15.76,Princess Royal (PRUH),4.19,Kings College Hospital,11.74
BR12DU,51.400124,0.040911,South,Princess Royal (PRUH),4.06,Darent Valley,15.59,Princess Royal (PRUH),4.06,Kings College Hospital,11.93
BR12DW,51.397756,0.042143,South,Princess Royal (PRUH),3.78,Darent Valley,15.58,Princess Royal (PRUH),3.78,Kings College Hospital,12.16
BR12DX,51.400505,0.041805,South,Princess Royal (PRUH),4.08,Darent Valley,15.52,Princess Royal (PRUH),4.08,Kings College Hospital,11.95
BR12DY,51.401258,0.043952,South,Princess Royal (PRUH),4.12,Darent Valley,15.36,Princess Royal (PRUH),4.12,Kings College Hospital,12.01
BR12DZ,51.400661,0.037973,South,Princess Royal (PRUH),4.19,Darent Valley,15.78,Princess Royal (PRUH),4.19,Kings College Hospital,11.73
BR12EA,51.398205,0.046288,South,Princess Royal (PRUH),3.75,Darent Valley,15.29,Princess Royal (PRUH),3.75,Kings College Hospital,12.35
BR12EB,51.399372,0.045392,South,Princess Royal (PRUH),3.89,Darent Valley,15.32,Princess Royal (PRUH),3.89,Kings College Hospital,12.22
BR12ED,51.391147,0.044148,South,Princess Royal (PRUH),3.05,Darent Valley,15.66,Princess Royal (PRUH),3.05,Kings College Hospital,12.75
BR12EE,51.397572,0.04547,South,Princess Royal (PRUH),3.7,Darent Valley,15.36,Princess Royal (PRUH),3.7,Kings College Hospital,12.35
BR12EF,51.397332,0.045286,South,Princess Royal (PRUH),3.67,Darent Valley,15.38,Princess Royal (PRUH),3.67,Kings College Hospital,12.36
BR12EG,51.396696,0.043102,South,Princess Royal (PRUH),3.65,Darent Valley,15.55,Princess Royal (PRUH),3.65,Kings College Hospital,12.29
BR12EH,51.397487,0.043654,South,Princess Royal (PRUH),3.72,Darent Valley,15.49,Princess Royal (PRUH),3.72,Kings College Hospital,12.26
BR12EJ,51.395338,0.043113,South,Princess Royal (PRUH),3.51,Darent Valley,15.59,Princess Royal (PRUH),3.51,Kings College Hospital,12.39
BR12EL,51.394236,0.045479,South,Princess Royal (PRUH),3.34,Darent Valley,15.47,Princess Royal (PRUH),3.34,Kings College Hospital,12.59
BR12EN,51.395332,0.04501,South,Princess Royal (PRUH),3.47,Darent Valley,15.46,Princess Royal (PRUH),3.47,Kings College Hospital,12.49
BR12EP,51.392007,0.045394,South,Princess Royal (PRUH),3.11,Darent Valley,15.55,Princess Royal (PRUH),3.11,Kings College Hospital,12.75
BR12EQ,51.396394,0.043936,South,Princess Royal (PRUH),3.6,Darent Valley,15.5,Princess Royal (PRUH),3.6,Kings College Hospital,12.35
BR12ER,51.391301,0.04463,South,Princess Royal (PRUH),3.05,Darent Valley,15.62,Princess Royal (PRUH),3.05,Kings College Hospital,12.76
BR12ES,51.391586,0.043205,South,Princess Royal (PRUH),3.12,Darent Valley,15.71,Princess Royal (PRUH),3.12,Kings College Hospital,12.67
BR12ET,51.392973,0.041585,South,Princess Royal (PRUH),3.3,Darent Valley,15.77,Princess Royal (PRUH),3.3,Kings College Hospital,12.48
BR12EU,51.393073,0.042035,South,Princess Royal (PRUH),3.3,Darent Valley,15.74,Princess Royal (PRUH),3.3,Kings College Hospital,12.5
BR12EW,51.39659,0.045555,South,Princess Royal (PRUH),3.59,Darent Valley,15.39,Princess Royal (PRUH),3.59,Kings College Hospital,12.42
BR12EX,51.394327,0.042824,South,Princess Royal (PRUH),3.41,Darent Valley,15.64,Princess Royal (PRUH),3.41,Kings College Hospital,12.45
BR12EY,51.393424,0.043057,South,Princess Royal (PRUH),3.31,Darent Valley,15.66,Princess Royal (PRUH),3.31,Kings College Hospital,12.52
BR12EZ,51.393681,0.043241,South,Princess Royal (PRUH),3.33,Darent Valley,15.64,Princess Royal (PRUH),3.33,Kings College Hospital,12.51
BR12FA,51.398723,0.062427,South,Princess Royal (PRUH),3.69,Darent Valley,14.2,Princess Royal (PRUH),3.69,Kings College Hospital,13.2
BR12FB,51.397183,0.063551,South,Princess Royal (PRUH),3.52,Darent Valley,14.17,Princess Royal (PRUH),3.52,Kings College Hospital,13.37
BR12FD,51.39719,0.061151,South,Princess Royal (PRUH),3.51,Darent Valley,14.33,Princess Royal (PRUH),3.51,Kings College Hospital,13.23
BR12FE,51.398368,0.060629,South,Princess Royal (PRUH),3.64,Darent Valley,14.33,Princess Royal (PRUH),3.64,Kings College Hospital,13.13
BR12FF,51.399182,0.061384,South,Princess Royal (PRUH),3.74,Darent Valley,14.25,Princess Royal (PRUH),3.74,Kings College Hospital,13.11
BR12FG,51.397769,0.060904,South,Princess Royal (PRUH),3.58,Darent Valley,14.33,Princess Royal (PRUH),3.58,Kings College Hospital,13.18
BR12FH,51.397653,0.062408,South,Princess Royal (PRUH),3.57,Darent Valley,14.23,Princess Royal (PRUH),3.57,Kings College Hospital,13.27
BR12FJ,51.397813,0.061495,South,Princess Royal (PRUH),3.58,Darent Valley,14.29,Princess Royal (PRUH),3.58,Kings College Hospital,13.21
BR12FL,51.397029,0.061575,South,Princess Royal (PRUH),3.5,Darent Valley,14.31,Princess Royal (PRUH),3.5,Kings College Hospital,13.27
BR12FN,51.396529,0.061883,South,Princess Royal (PRUH),3.44,Darent Valley,14.31,Princess Royal (PRUH),3.44,Kings College Hospital,13.32
BR12FP,51.396791,0.06234,South,Princess Royal (PRUH),3.47,Darent Valley,14.27,Princess Royal (PRUH),3.47,Kings College Hospital,13.32
BR12FQ,51.398401,0.061795,South,Princess Royal (PRUH),3.65,Darent Valley,14.25,Princess Royal (PRUH),3.65,Kings College Hospital,13.19
BR12FR,51.398344,0.063,South,Princess Royal (PRUH),3.65,Darent Valley,14.17,Princess Royal (PRUH),3.65,Kings College Hospital,13.26
BR12FS,51.398616,0.062868,South,Princess Royal (PRUH),3.68,Darent Valley,14.17,Princess Royal (PRUH),3.68,Kings College Hospital,13.23
BR12FT,51.398878,0.060767,South,Princess Royal (PRUH),3.7,Darent Valley,14.3,Princess Royal (PRUH),3.7,Kings College Hospital,13.1
BR12FU,51.398201,0.062447,South,Princess Royal (PRUH),3.63,Darent Valley,14.21,Princess Royal (PRUH),3.63,Kings College Hospital,13.24
BR12FW,51.398634,0.061834,South,Princess Royal (PRUH),3.68,Darent Valley,14.24,Princess Royal (PRUH),3.68,Kings College Hospital,13.18
BR12FX,51.401123,0.05838,South,Princess Royal (PRUH),3.95,Darent Valley,14.39,Princess Royal (PRUH),3.95,Kings College Hospital,12.82
BR12FY,51.400482,0.056986,South,Princess Royal (PRUH),3.88,Darent Valley,14.51,Princess Royal (PRUH),3.88,Kings College Hospital,12.78
BR12GA,51.397671,0.048047,South,Princess Royal (PRUH),3.66,Darent Valley,15.19,Princess Royal (PRUH),3.66,Kings College Hospital,12.48
BR12GB,51.402314,0.040663,South,Princess Royal (PRUH),4.3,Darent Valley,15.55,Princess Royal (PRUH),4.3,Kings College Hospital,11.76
BR12GD,51.401161,0.052085,South,Princess Royal (PRUH),3.99,Darent Valley,14.82,Princess Royal (PRUH),3.99,Kings College Hospital,12.46
BR12GE,51.400992,0.051488,South,Princess Royal (PRUH),3.98,Darent Valley,14.86,Princess Royal (PRUH),3.98,Kings College Hospital,12.44
BR12GF,51.398669,0.059334,South,Princess Royal (PRUH),3.68,Darent Valley,14.41,Princess Royal (PRUH),3.68,Kings College Hospital,13.03
BR12GJ,51.408703,0.041954,South,Princess Royal (PRUH),4.95,Darent Valley,15.31,Princess Royal (PRUH),4.95,Kings College Hospital,11.4
BR12GL,51.396158,0.04867,South,Princess Royal (PRUH),3.49,Darent Valley,15.19,Princess Royal (PRUH),3.49,Kings College Hospital,12.62
BR12GN,51.409519,0.034355,South,Princess Royal (PRUH),5.2,Darent Valley,15.81,Princess Royal (PRUH),5.2,Kings College Hospital,10.92
BR12GP,51.401269,0.03199,South,Princess Royal (PRUH),4.42,Darent Valley,16.16,Princess Royal (PRUH),4.42,Kings College Hospital,11.37
BR12GQ,51.405038,0.04379,South,Princess Royal (PRUH),4.53,Darent Valley,15.27,Princess Royal (PRUH),4.53,Kings College Hospital,11.75
BR12GZ,51.397538,0.047394,South,Princess Royal (PRUH),3.66,Darent Valley,15.24,Princess Royal (PRUH),3.66,Kings College Hospital,12.46
BR12HA,51.394592,0.043109,South,Princess Royal (PRUH),3.43,Darent Valley,15.61,Princess Royal (PRUH),3.43,Kings College Hospital,12.44
BR12HB,51.392511,0.043289,South,Princess Royal (PRUH),3.21,Darent Valley,15.67,Princess Royal (PRUH),3.21,Kings College Hospital,12.6
BR12HD,51.392772,0.043301,South,Princess Royal (PRUH),3.24,Darent Valley,15.66,Princess Royal (PRUH),3.24,Kings College Hospital,12.59
BR12HE,51.398036,0.039984,South,Princess Royal (PRUH),3.86,Darent Valley,15.72,Princess Royal (PRUH),3.86,Kings College Hospital,12.03
BR12HF,51.390738,0.04597,South,Princess Royal (PRUH),2.96,Darent Valley,15.56,Princess Royal (PRUH),2.96,Kings College Hospital,12.87
BR12HG,51.399562,0.04737,South,Princess Royal (PRUH),3.88,Darent Valley,15.18,Princess Royal (PRUH),3.88,Kings College Hospital,12.31
BR12HH,51.398838,0.051219,South,Princess Royal (PRUH),3.75,Darent Valley,14.94,Princess Royal (PRUH),3.75,Kings College Hospital,12.57
BR12HJ,51.398592,0.047312,South,Princess Royal (PRUH),3.77,Darent Valley,15.21,Princess Royal (PRUH),3.77,Kings College Hospital,12.38
BR12HL,51.400482,0.055462,South,Princess Royal (PRUH),3.89,Darent Valley,14.61,Princess Royal (PRUH),3.89,Kings College Hospital,12.7
BR12HN,51.399285,0.052432,South,Princess Royal (PRUH),3.78,Darent Valley,14.85,Princess Royal (PRUH),3.78,Kings College Hospital,12.61
BR12HP,51.400343,0.056217,South,Princess Royal (PRUH),3.87,Darent Valley,14.56,Princess Royal (PRUH),3.87,Kings College Hospital,12.75
BR12HQ,51.398371,0.046598,South,Princess Royal (PRUH),3.76,Darent Valley,15.26,Princess Royal (PRUH),3.76,Kings College Hospital,12.35
BR12HR,51.400209,0.05821,South,Princess Royal (PRUH),3.85,Darent Valley,14.43,Princess Royal (PRUH),3.85,Kings College Hospital,12.87
BR12HS,51.399428,0.058117,South,Princess Royal (PRUH),3.76,Darent Valley,14.46,Princess Royal (PRUH),3.76,Kings College Hospital,12.91
BR12HT,51.401651,0.056492,South,Princess Royal (PRUH),4.02,Darent Valley,14.51,Princess Royal (PRUH),4.02,Kings College Hospital,12.68
BR12HU,51.402326,0.056939,South,Princess Royal (PRUH),4.09,Darent Valley,14.46,Princess Royal (PRUH),4.09,Kings College Hospital,12.66
BR12HW,51.400039,0.054047,South,Princess Royal (PRUH),3.85,Darent Valley,14.72,Princess Royal (PRUH),3.85,Kings College Hospital,12.65
BR12HX,51.401135,0.057173,South,Princess Royal (PRUH),3.96,Darent Valley,14.48,Princess Royal (PRUH),3.96,Kings College Hospital,12.75
BR12HY,51.397866,0.053878,South,Princess Royal (PRUH),3.61,Darent Valley,14.79,Princess Royal (PRUH),3.61,Kings College Hospital,12.79
BR12HZ,51.398158,0.053604,South,Princess Royal (PRUH),3.65,Darent Valley,14.8,Princess Royal (PRUH),3.65,Kings College Hospital,12.75
BR12JA,51.399552,0.059273,South,Princess Royal (PRUH),3.78,Darent Valley,14.38,Princess Royal (PRUH),3.78,Kings College Hospital,12.97
BR12JB,51.399117,0.060475,South,Princess Royal (PRUH),3.73,Darent Valley,14.32,Princess Royal (PRUH),3.73,Kings College Hospital,13.07
BR12JD,51.398521,0.052944,South,Princess Royal (PRUH),3.69,Darent Valley,14.84,Princess Royal (PRUH),3.69,Kings College Hospital,12.69
BR12JE,51.39744,0.052522,South,Princess Royal (PRUH),3.58,Darent Valley,14.9,Princess Royal (PRUH),3.58,Kings College Hospital,12.74
BR12JF,51.397763,0.052033,South,Princess Royal (PRUH),3.62,Darent Valley,14.92,Princess Royal (PRUH),3.62,Kings College Hospital,12.69
BR12JG,51.404443,0.045934,South,Princess Royal (PRUH),4.43,Darent Valley,15.14,Princess Royal (PRUH),4.43,Kings College Hospital,11.9
BR12JH,51.395298,0.047453,South,Princess Royal (PRUH),3.42,Darent Valley,15.3,Princess Royal (PRUH),3.42,Kings College Hospital,12.62
BR12JJ,51.401119,0.039575,South,Princess Royal (PRUH),4.2,Darent Valley,15.66,Princess Royal (PRUH),4.2,Kings College Hospital,11.78
BR12JL,51.394226,0.047089,South,Princess Royal (PRUH),3.31,Darent Valley,15.36,Princess Royal (PRUH),3.31,Kings College Hospital,12.68
BR12JN,51.393808,0.048881,South,Princess Royal (PRUH),3.23,Darent Valley,15.26,Princess Royal (PRUH),3.23,Kings College Hospital,12.8
BR12JP,51.393331,0.04679,South,Princess Royal (PRUH),3.22,Darent Valley,15.41,Princess Royal (PRUH),3.22,Kings College Hospital,12.73
BR12JQ,51.400056,0.059713,South,Princess Royal (PRUH),3.83,Darent Valley,14.34,Princess Royal (PRUH),3.83,Kings College Hospital,12.96
BR12JR,51.393226,0.049718,South,Princess Royal (PRUH),3.15,Darent Valley,15.22,Princess Royal (PRUH),3.15,Kings College Hospital,12.89
BR12JS,51.394278,0.049765,South,Princess Royal (PRUH),3.27,Darent Valley,15.18,Princess Royal (PRUH),3.27,Kings College Hospital,12.81
BR12JT,51.394177,0.051384,South,Princess Royal (PRUH),3.23,Darent Valley,15.08,Princess Royal (PRUH),3.23,Kings College Hospital,12.91
BR12JU,51.393736,0.05089,South,Princess Royal (PRUH),3.19,Darent Valley,15.13,Princess Royal (PRUH),3.19,Kings College Hospital,12.91
BR12JW,51.393817,0.04835,South,Princess Royal (PRUH),3.24,Darent Valley,15.29,Princess Royal (PRUH),3.24,Kings College Hospital,12.77
BR12JX,51.391813,0.050862,South,Princess Royal (PRUH),2.98,Darent Valley,15.2,Princess Royal (PRUH),2.98,Kings College Hospital,13.05
BR12JY,51.392045,0.049909,South,Princess Royal (PRUH),3.02,Darent Valley,15.25,Princess Royal (PRUH),3.02,Kings College Hospital,12.98
BR12JZ,51.391279,0.049473,South,Princess Royal (PRUH),2.95,Darent Valley,15.31,Princess Royal (PRUH),2.95,Kings College Hospital,13.02
BR12LA,51.391678,0.05133,South,Princess Royal (PRUH),2.96,Darent Valley,15.17,Princess Royal (PRUH),2.96,Kings College Hospital,13.08
BR12LB,51.398332,0.04881,South,Princess Royal (PRUH),3.72,Darent Valley,15.12,Princess Royal (PRUH),3.72,Kings College Hospital,12.48
BR12LD,51.397899,0.04938,South,Princess Royal (PRUH),3.67,Darent Valley,15.09,Princess Royal (PRUH),3.67,Kings College Hospital,12.54
BR12LE,51.396642,0.051365,South,Princess Royal (PRUH),3.5,Darent Valley,15.0,Princess Royal (PRUH),3.5,Kings College Hospital,12.73
BR12LF,51.396305,0.050071,South,Princess Royal (PRUH),3.48,Darent Valley,15.1,Princess Royal (PRUH),3.48,Kings College Hospital,12.69
BR12LG,51.398181,0.050241,South,Princess Royal (PRUH),3.69,Darent Valley,15.03,Princess Royal (PRUH),3.69,Kings College Hospital,12.57
BR12LH,51.399819,0.051177,South,Princess Royal (PRUH),3.85,Darent Valley,14.92,Princess Royal (PRUH),3.85,Kings College Hospital,12.5
BR12LJ,51.395667,0.050545,South,Princess Royal (PRUH),3.41,Darent Valley,15.09,Princess Royal (PRUH),3.41,Kings College Hospital,12.76
BR12LL,51.395441,0.051628,South,Princess Royal (PRUH),3.37,Darent Valley,15.02,Princess Royal (PRUH),3.37,Kings College Hospital,12.83
BR12LN,51.398234,0.058538,South,Princess Royal (PRUH),3.63,Darent Valley,14.47,Princess Royal (PRUH),3.63,Kings College Hospital,13.02
BR12LP,51.397815,0.055759,South,Princess Royal (PRUH),3.59,Darent Valley,14.67,Princess Royal (PRUH),3.59,Kings College Hospital,12.89
BR12LQ,51.397449,0.050984,South,Princess Royal (PRUH),3.6,Darent Valley,15.0,Princess Royal (PRUH),3.6,Kings College Hospital,12.66
BR12LR,51.395601,0.054812,South,Princess Royal (PRUH),3.36,Darent Valley,14.81,Princess Royal (PRUH),3.36,Kings College Hospital,12.99
BR12LS,51.394712,0.054743,South,Princess Royal (PRUH),3.26,Darent Valley,14.84,Princess Royal (PRUH),3.26,Kings College Hospital,13.05
BR12LT,51.397633,0.050216,South,Princess Royal (PRUH),3.63,Darent Valley,15.05,Princess Royal (PRUH),3.63,Kings College Hospital,12.6
BR12LU,51.395444,0.05354,South,Princess Royal (PRUH),3.35,Darent Valley,14.9,Princess Royal (PRUH),3.35,Kings College Hospital,12.93
BR12LW,51.396679,0.059015,South,Princess Royal (PRUH),3.46,Darent Valley,14.49,Princess Royal (PRUH),3.46,Kings College Hospital,13.15
BR12LX,51.397019,0.054444,South,Princess Royal (PRUH),3.51,Darent Valley,14.78,Princess Royal (PRUH),3.51,Kings College Hospital,12.87
BR12LY,51.394568,0.052193,South,Princess Royal (PRUH),3.27,Darent Valley,15.01,Princess Royal (PRUH),3.27,Kings College Hospital,12.92
BR12LZ,51.394863,0.052306,South,Princess Royal (PRUH),3.3,Darent Valley,15.0,Princess Royal (PRUH),3.3,Kings College Hospital,12.91
BR12NA,51.402663,0.038163,South,Princess Royal (PRUH),4.39,Darent Valley,15.71,Princess Royal (PRUH),4.39,Kings College Hospital,11.6
BR12NB,51.402532,0.038991,South,Princess Royal (PRUH),4.36,Darent Valley,15.66,Princess Royal (PRUH),4.36,Kings College Hospital,11.65
BR12ND,51.40301,0.04045,South,Princess Royal (PRUH),4.38,Darent Valley,15.55,Princess Royal (PRUH),4.38,Kings College Hospital,11.7
BR12NE,51.404604,0.037717,South,Princess Royal (PRUH),4.6,Darent Valley,15.69,Princess Royal (PRUH),4.6,Kings College Hospital,11.44
BR12NF,51.40439,0.037132,South,Princess Royal (PRUH),4.6,Darent Valley,15.74,Princess Royal (PRUH),4.6,Kings College Hospital,11.42
BR12NG,51.406001,0.037046,South,Princess Royal (PRUH),4.77,Darent Valley,15.7,Princess Royal (PRUH),4.77,Kings College Hospital,11.31
BR12NH,51.404562,0.038621,South,Princess Royal (PRUH),4.58,Darent Valley,15.63,Princess Royal (PRUH),4.58,Kings College Hospital,11.49
BR12NJ,51.40623,0.042491,South,Princess Royal (PRUH),4.68,Darent Valley,15.33,Princess Royal (PRUH),4.68,Kings College Hospital,11.59
BR12NL,51.407277,0.044838,South,Princess Royal (PRUH),4.75,Darent Valley,15.15,Princess Royal (PRUH),4.75,Kings College Hospital,11.66
BR12NN,51.405021,0.038569,South,Princess Royal (PRUH),4.63,Darent Valley,15.62,Princess Royal (PRUH),4.63,Kings College Hospital,11.46
BR12NP,51.406211,0.047206,South,Princess Royal (PRUH),4.6,Darent Valley,15.01,Princess Royal (PRUH),4.6,Kings College Hospital,11.86
BR12NQ,51.406558,0.037603,South,Princess Royal (PRUH),4.81,Darent Valley,15.65,Princess Royal (PRUH),4.81,Kings College Hospital,11.3
BR12NR,51.405896,0.046689,South,Princess Royal (PRUH),4.57,Darent Valley,15.05,Princess Royal (PRUH),4.57,Kings College Hospital,11.85
BR12NS,51.405448,0.046597,South,Princess Royal (PRUH),4.53,Darent Valley,15.07,Princess Royal (PRUH),4.53,Kings College Hospital,11.87
BR12NT,51.40691,0.049883,South,Princess Royal (PRUH),4.65,Darent Valley,14.81,Princess Royal (PRUH),4.65,Kings College Hospital,11.97
BR12NU,51.406224,0.049522,South,Princess Royal (PRUH),4.58,Darent Valley,14.85,Princess Royal (PRUH),4.58,Kings College Hospital,11.99
BR12NW,51.405605,0.0438,South,Princess Royal (PRUH),4.59,Darent Valley,15.26,Princess Royal (PRUH),4.59,Kings College Hospital,11.71
BR12NX,51.406514,0.048356,South,Princess Royal (PRUH),4.62,Darent Valley,14.93,Princess Royal (PRUH),4.62,Kings College Hospital,11.9
BR12NY,51.405233,0.049104,South,Princess Royal (PRUH),4.47,Darent Valley,14.91,Princess Royal (PRUH),4.47,Kings College Hospital,12.03
BR12NZ,51.406055,0.050478,South,Princess Royal (PRUH),4.55,Darent Valley,14.79,Princess Royal (PRUH),4.55,Kings College Hospital,12.05
BR12PA,51.406892,0.03651,South,Princess Royal (PRUH),4.87,Darent Valley,15.72,Princess Royal (PRUH),4.87,Kings College Hospital,11.22
BR12PB,51.410001,0.042832,South,Princess Royal (PRUH),5.08,Darent Valley,15.22,Princess Royal (PRUH),5.08,Kings College Hospital,11.37
BR12PD,51.410096,0.041499,South,Princess Royal (PRUH),5.11,Darent Valley,15.31,Princess Royal (PRUH),5.11,Kings College Hospital,11.29
BR12PE,51.407532,0.036941,South,Princess Royal (PRUH),4.93,Darent Valley,15.68,Princess Royal (PRUH),4.93,Kings College Hospital,11.2
BR12PF,51.407355,0.04142,South,Princess Royal (PRUH),4.82,Darent Valley,15.38,Princess Royal (PRUH),4.82,Kings College Hospital,11.46
BR12PG,51.405932,0.040508,South,Princess Royal (PRUH),4.68,Darent Valley,15.47,Princess Royal (PRUH),4.68,Kings College Hospital,11.5
BR12PH,51.409306,0.041435,South,Princess Royal (PRUH),5.03,Darent Valley,15.33,Princess Royal (PRUH),5.03,Kings College Hospital,11.33
BR12PJ,51.411014,0.042489,South,Princess Royal (PRUH),5.19,Darent Valley,15.23,Princess Royal (PRUH),5.19,Kings College Hospital,11.28
BR12PL,51.407967,0.045502,South,Princess Royal (PRUH),4.82,Darent Valley,15.09,Princess Royal (PRUH),4.82,Kings College Hospital,11.65
BR12PN,51.407411,0.043349,South,Princess Royal (PRUH),4.79,Darent Valley,15.24,Princess Royal (PRUH),4.79,Kings College Hospital,11.56
BR12PP,51.406548,0.041269,South,Princess Royal (PRUH),4.74,Darent Valley,15.41,Princess Royal (PRUH),4.74,Kings College Hospital,11.5
BR12PQ,51.408677,0.039322,South,Princess Royal (PRUH),5.0,Darent Valley,15.49,Princess Royal (PRUH),5.0,Kings College Hospital,11.26
BR12PR,51.410101,0.030858,South,Princess Royal (PRUH),5.35,Darent Valley,16.04,Princess Royal (PRUH),5.35,Kings College Hospital,10.69
BR12PS,51.40958,0.030849,South,Princess Royal (PRUH),5.29,Darent Valley,16.05,Princess Royal (PRUH),5.29,Kings College Hospital,10.72
BR12PT,51.405948,0.042133,South,Princess Royal (PRUH),4.65,Darent Valley,15.36,Princess Royal (PRUH),4.65,Kings College Hospital,11.59
BR12PU,51.408041,0.033988,South,Princess Royal (PRUH),5.05,Darent Valley,15.87,Princess Royal (PRUH),5.05,Kings College Hospital,11.0
BR12PW,51.408556,0.03542,South,Princess Royal (PRUH),5.07,Darent Valley,15.76,Princess Royal (PRUH),5.07,Kings College Hospital,11.05
BR12PX,51.409308,0.035093,South,Princess Royal (PRUH),5.16,Darent Valley,15.76,Princess Royal (PRUH),5.16,Kings College Hospital,10.98
BR12PY,51.408206,0.040537,South,Princess Royal (PRUH),4.93,Darent Valley,15.42,Princess Royal (PRUH),4.93,Kings College Hospital,11.35
BR12PZ,51.410013,0.039065,South,Princess Royal (PRUH),5.15,Darent Valley,15.48,Princess Royal (PRUH),5.15,Kings College Hospital,11.15
BR12QA,51.412892,0.040027,South,Princess Royal (PRUH),5.44,Darent Valley,15.36,Princess Royal (PRUH),5.44,Kings College Hospital,11.03
BR12QB,51.408924,0.037564,South,Princess Royal (PRUH),5.06,Darent Valley,15.6,Princess Royal (PRUH),5.06,Kings College Hospital,11.14
BR12QD,51.412985,0.040837,South,Princess Royal (PRUH),5.43,Darent Valley,15.3,Princess Royal (PRUH),5.43,Kings College Hospital,11.07
BR12QE,51.403732,0.035637,South,Princess Royal (PRUH),4.56,Darent Valley,15.85,Princess Royal (PRUH),4.56,Kings College Hospital,11.39
BR12QF,51.403588,0.036162,South,Princess Royal (PRUH),4.54,Darent Valley,15.82,Princess Royal (PRUH),4.54,Kings College Hospital,11.43
BR12QG,51.403823,0.03715,South,Princess Royal (PRUH),4.54,Darent Valley,15.75,Princess Royal (PRUH),4.54,Kings College Hospital,11.46
BR12QH,51.402025,0.037631,South,Princess Royal (PRUH),4.34,Darent Valley,15.76,Princess Royal (PRUH),4.34,Kings College Hospital,11.62
BR12QJ,51.401768,0.036369,South,Princess Royal (PRUH),4.34,Darent Valley,15.86,Princess Royal (PRUH),4.34,Kings College Hospital,11.57
BR12QL,51.400377,0.0352,South,Princess Royal (PRUH),4.23,Darent Valley,15.97,Princess Royal (PRUH),4.23,Kings College Hospital,11.6
BR12QN,51.400198,0.036155,South,Princess Royal (PRUH),4.19,Darent Valley,15.91,Princess Royal (PRUH),4.19,Kings College Hospital,11.67
BR12QP,51.410495,0.03772,South,Princess Royal (PRUH),5.23,Darent Valley,15.56,Princess Royal (PRUH),5.23,Kings College Hospital,11.05
BR12QQ,51.402894,0.036764,South,Princess Royal (PRUH),4.45,Darent Valley,15.8,Princess Royal (PRUH),4.45,Kings College Hospital,11.51
BR12QS,51.413183,0.044441,South,Princess Royal (PRUH),5.4,Darent Valley,15.05,Princess Royal (PRUH),5.4,Kings College Hospital,11.26
BR12QT,51.398253,0.044062,South,Princess Royal (PRUH),3.8,Darent Valley,15.44,Princess Royal (PRUH),3.8,Kings College Hospital,12.23
BR12QU,51.408652,0.034575,South,Princess Royal (PRUH),5.1,Darent Valley,15.81,Princess Royal (PRUH),5.1,Kings College Hospital,10.99
BR12QW,51.400202,0.037493,South,Princess Royal (PRUH),4.15,Darent Valley,15.82,Princess Royal (PRUH),4.15,Kings College Hospital,11.74
BR12QX,51.399386,0.033201,South,Princess Royal (PRUH),4.19,Darent Valley,16.13,Princess Royal (PRUH),4.19,Kings College Hospital,11.57
BR12QY,51.400822,0.035435,South,Princess Royal (PRUH),4.27,Darent Valley,15.94,Princess Royal (PRUH),4.27,Kings College Hospital,11.58
BR12QZ,51.399958,0.03498,South,Princess Royal (PRUH),4.2,Darent Valley,16.0,Princess Royal (PRUH),4.2,Kings College Hospital,11.62
BR12RA,51.399038,0.032021,South,Princess Royal (PRUH),4.19,Darent Valley,16.22,Princess Royal (PRUH),4.19,Kings College Hospital,11.54
BR12RB,51.398348,0.034981,South,Princess Royal (PRUH),4.03,Darent Valley,16.04,Princess Royal (PRUH),4.03,Kings College Hospital,11.74
BR12RD,51.397947,0.034273,South,Princess Royal (PRUH),4.02,Darent Valley,16.1,Princess Royal (PRUH),4.02,Kings College Hospital,11.73
BR12RE,51.398617,0.033454,South,Princess Royal (PRUH),4.11,Darent Valley,16.14,Princess Royal (PRUH),4.11,Kings College Hospital,11.64
BR12RF,51.398308,0.033153,South,Princess Royal (PRUH),4.09,Darent Valley,16.17,Princess Royal (PRUH),4.09,Kings College Hospital,11.65
BR12RG,51.405615,0.035433,South,Princess Royal (PRUH),4.76,Darent Valley,15.82,Princess Royal (PRUH),4.76,Kings College Hospital,11.25
BR12RH,51.405808,0.03419,South,Princess Royal (PRUH),4.82,Darent Valley,15.9,Princess Royal (PRUH),4.82,Kings College Hospital,11.17
BR12RJ,51.404386,0.035292,South,Princess Royal (PRUH),4.64,Darent Valley,15.86,Princess Royal (PRUH),4.64,Kings College Hospital,11.32
BR12RL,51.404033,0.034385,South,Princess Royal (PRUH),4.63,Darent Valley,15.93,Princess Royal (PRUH),4.63,Kings College Hospital,11.3
BR12RN,51.40529,0.033952,South,Princess Royal (PRUH),4.77,Darent Valley,15.93,Princess Royal (PRUH),4.77,Kings College Hospital,11.19
BR12RP,51.404459,0.034691,South,Princess Royal (PRUH),4.66,Darent Valley,15.9,Princess Royal (PRUH),4.66,Kings College Hospital,11.29
BR12RQ,51.408099,0.043078,South,Princess Royal (PRUH),4.87,Darent Valley,15.25,Princess Royal (PRUH),4.87,Kings College Hospital,11.5
BR12RR,51.403878,0.058202,South,Princess Royal (PRUH),4.26,Darent Valley,14.33,Princess Royal (PRUH),4.26,Kings College Hospital,12.63
BR12RS,51.403291,0.035128,South,Princess Royal (PRUH),4.53,Darent Valley,15.9,Princess Royal (PRUH),4.53,Kings College Hospital,11.39
BR12RT,51.403488,0.03311,South,Princess Royal (PRUH),4.61,Darent Valley,16.03,Princess Royal (PRUH),4.61,Kings College Hospital,11.27
BR12RU,51.403788,0.033482,South,Princess Royal (PRUH),4.63,Darent Valley,16.0,Princess Royal (PRUH),4.63,Kings College Hospital,11.27
BR12RW,51.404168,0.033327,South,Princess Royal (PRUH),4.67,Darent Valley,16.0,Princess Royal (PRUH),4.67,Kings College Hospital,11.23
BR12RX,51.403901,0.03159,South,Princess Royal (PRUH),4.69,Darent Valley,16.12,Princess Royal (PRUH),4.69,Kings College Hospital,11.16
BR12RY,51.404136,0.033642,South,Princess Royal (PRUH),4.66,Darent Valley,15.98,Princess Royal (PRUH),4.66,Kings College Hospital,11.25
BR12SA,51.402284,0.033574,South,Princess Royal (PRUH),4.47,Darent Valley,16.03,Princess Royal (PRUH),4.47,Kings College Hospital,11.38
BR12SB,51.402544,0.033657,South,Princess Royal (PRUH),4.5,Darent Valley,16.02,Princess Royal (PRUH),4.5,Kings College Hospital,11.37
BR12SD,51.401841,0.035768,South,Princess Royal (PRUH),4.37,Darent Valley,15.89,Princess Royal (PRUH),4.37,Kings College Hospital,11.53
BR12SE,51.403281,0.030556,South,Princess Royal (PRUH),4.66,Darent Valley,16.21,Princess Royal (PRUH),4.66,Kings College Hospital,11.15
BR12SF,51.404089,0.030117,South,Princess Royal (PRUH),4.76,Darent Valley,16.22,Princess Royal (PRUH),4.76,Kings College Hospital,11.07
BR12SG,51.403071,0.029698,South,Princess Royal (PRUH),4.67,Darent Valley,16.27,Princess Royal (PRUH),4.67,Kings College Hospital,11.12
BR12SH,51.40166,0.035358,South,Princess Royal (PRUH),4.36,Darent Valley,15.93,Princess Royal (PRUH),4.36,Kings College Hospital,11.52
BR12SJ,51.401224,0.034548,South,Princess Royal (PRUH),4.34,Darent Valley,15.99,Princess Royal (PRUH),4.34,Kings College Hospital,11.51
BR12SL,51.401587,0.03281,South,Princess Royal (PRUH),4.42,Darent Valley,16.1,Princess Royal (PRUH),4.42,Kings College Hospital,11.39
BR12SN,51.401518,0.034172,South,Princess Royal (PRUH),4.38,Darent Valley,16.01,Princess Royal (PRUH),4.38,Kings College Hospital,11.47
BR12SP,51.401971,0.032424,South,Princess Royal (PRUH),4.47,Darent Valley,16.12,Princess Royal (PRUH),4.47,Kings College Hospital,11.34
BR12SQ,51.402514,0.031729,South,Princess Royal (PRUH),4.55,Darent Valley,16.15,Princess Royal (PRUH),4.55,Kings College Hospital,11.27
BR12SR,51.400837,0.033553,South,Princess Royal (PRUH),4.33,Darent Valley,16.07,Princess Royal (PRUH),4.33,Kings College Hospital,11.48
BR12SS,51.401022,0.033762,South,Princess Royal (PRUH),4.34,Darent Valley,16.05,Princess Royal (PRUH),4.34,Kings College Hospital,11.48
BR12ST,51.406591,0.035145,South,Princess Royal (PRUH),4.87,Darent Valley,15.82,Princess Royal (PRUH),4.87,Kings College Hospital,11.16
BR12SW,51.401965,0.03435,South,Princess Royal (PRUH),4.42,Darent Valley,15.99,Princess Royal (PRUH),4.42,Kings College Hospital,11.45
BR12SX,51.409642,0.042284,South,Princess Royal (PRUH),5.05,Darent Valley,15.27,Princess Royal (PRUH),5.05,Kings College Hospital,11.36
BR12SY,51.410071,0.040879,South,Princess Royal (PRUH),5.12,Darent Valley,15.35,Princess Royal (PRUH),5.12,Kings College Hospital,11.25
BR12SZ,51.40987,0.043113,South,Princess Royal (PRUH),5.06,Darent Valley,15.21,Princess Royal (PRUH),5.06,Kings College Hospital,11.39
BR12TA,51.410407,0.042778,South,Princess Royal (PRUH),5.12,Darent Valley,15.22,Princess Royal (PRUH),5.12,Kings College Hospital,11.34
BR12TB,51.403939,0.037687,South,Princess Royal (PRUH),4.54,Darent Valley,15.71,Princess Royal (PRUH),4.54,Kings College Hospital,11.48
BR12TD,51.41327,0.038951,South,Princess Royal (PRUH),5.5,Darent Valley,15.43,Princess Royal (PRUH),5.5,Kings College Hospital,10.94
BR12TE,51.412291,0.036837,South,Princess Royal (PRUH),5.43,Darent Valley,15.59,Princess Royal (PRUH),5.43,Kings College Hospital,10.88
BR12TF,51.411323,0.036132,South,Princess Royal (PRUH),5.35,Darent Valley,15.65,Princess Royal (PRUH),5.35,Kings College Hospital,10.9
BR12TG,51.409943,0.03272,South,Princess Royal (PRUH),5.28,Darent Valley,15.91,Princess Royal (PRUH),5.28,Kings College Hospital,10.8
BR12TH,51.413126,0.037406,South,Princess Royal (PRUH),5.51,Darent Valley,15.53,Princess Royal (PRUH),5.51,Kings College Hospital,10.86
BR12TJ,51.403539,0.034363,South,Princess Royal (PRUH),4.58,Darent Valley,15.95,Princess Royal (PRUH),4.58,Kings College Hospital,11.33
BR12TL,51.398757,0.054824,South,Princess Royal (PRUH),3.7,Darent Valley,14.7,Princess Royal (PRUH),3.7,Kings College Hospital,12.78
BR12TN,51.411897,0.036718,South,Princess Royal (PRUH),5.4,Darent Valley,15.6,Princess Royal (PRUH),5.4,Kings College Hospital,10.9
BR12TP,51.403029,0.053764,South,Princess Royal (PRUH),4.18,Darent Valley,14.65,Princess Royal (PRUH),4.18,Kings College Hospital,12.43
BR12TQ,51.412148,0.035709,South,Princess Royal (PRUH),5.44,Darent Valley,15.67,Princess Royal (PRUH),5.44,Kings College Hospital,10.83
BR12TR,51.405806,0.043076,South,Princess Royal (PRUH),4.62,Darent Valley,15.3,Princess Royal (PRUH),4.62,Kings College Hospital,11.65
BR12TS,51.409112,0.03346,South,Princess Royal (PRUH),5.18,Darent Valley,15.88,Princess Royal (PRUH),5.18,Kings College Hospital,10.9
BR12TT,51.410054,0.033574,South,Princess Royal (PRUH),5.27,Darent Valley,15.85,Princess Royal (PRUH),5.27,Kings College Hospital,10.84
BR12TU,51.392496,0.046767,South,Princess Royal (PRUH),3.13,Darent Valley,15.44,Princess Royal (PRUH),3.13,Kings College Hospital,12.79
BR12TW,51.3953,0.057127,South,Princess Royal (PRUH),3.31,Darent Valley,14.66,Princess Royal (PRUH),3.31,Kings College Hospital,13.14
BR12TX,51.398436,0.039743,South,Princess Royal (PRUH),3.91,Darent Valley,15.72,Princess Royal (PRUH),3.91,Kings College Hospital,11.98
BR12TY,51.392094,0.047109,South,Princess Royal (PRUH),3.08,Darent Valley,15.43,Princess Royal (PRUH),3.08,Kings College Hospital,12.83
BR12TZ,51.391802,0.047886,South,Princess Royal (PRUH),3.03,Darent Valley,15.39,Princess Royal (PRUH),3.03,Kings College Hospital,12.89
BR12UA,51.411093,0.034842,South,Princess Royal (PRUH),5.35,Darent Valley,15.75,Princess Royal (PRUH),5.35,Kings College Hospital,10.85
BR12UB,51.411111,0.037978,South,Princess Royal (PRUH),5.29,Darent Valley,15.53,Princess Royal (PRUH),5.29,Kings College Hospital,11.02
BR12UD,51.410344,0.03501,South,Princess Royal (PRUH),5.27,Darent Valley,15.75,Princess Royal (PRUH),5.27,Kings College Hospital,10.9
BR12UE,51.400001,0.031417,South,Princess Royal (PRUH),4.31,Darent Valley,16.24,Princess Royal (PRUH),4.31,Kings College Hospital,11.43
BR12UF,51.411793,0.038022,South,Princess Royal (PRUH),5.36,Darent Valley,15.52,Princess Royal (PRUH),5.36,Kings College Hospital,10.98
BR12UG,51.400524,0.046377,South,Princess Royal (PRUH),4.0,Darent Valley,15.22,Princess Royal (PRUH),4.0,Kings College Hospital,12.19
BR12UH,51.402598,0.031057,South,Princess Royal (PRUH),4.58,Darent Valley,16.19,Princess Royal (PRUH),4.58,Kings College Hospital,11.23
BR12UJ,51.408747,0.031661,South,Princess Royal (PRUH),5.19,Darent Valley,16.01,Princess Royal (PRUH),5.19,Kings College Hospital,10.83
BR12UL,51.402436,0.029986,South,Princess Royal (PRUH),4.6,Darent Valley,16.27,Princess Royal (PRUH),4.6,Kings College Hospital,11.18
BR12UQ,51.401748,0.042723,South,Princess Royal (PRUH),4.19,Darent Valley,15.43,Princess Royal (PRUH),4.19,Kings College Hospital,11.91
BR12UR,51.411093,0.034842,South,Princess Royal (PRUH),5.35,Darent Valley,15.75,Princess Royal (PRUH),5.35,Kings College Hospital,10.85
BR12US,51.396376,0.046494,South,Princess Royal (PRUH),3.55,Darent Valley,15.33,Princess Royal (PRUH),3.55,Kings College Hospital,12.49
BR12UW,51.402436,0.029986,South,Princess Royal (PRUH),4.6,Darent Valley,16.27,Princess Royal (PRUH),4.6,Kings College Hospital,11.18
BR12WA,51.412639,0.042115,South,Princess Royal (PRUH),5.38,Darent Valley,15.22,Princess Royal (PRUH),5.38,Kings College Hospital,11.16
BR12WB,51.412391,0.043974,South,Princess Royal (PRUH),5.32,Darent Valley,15.1,Princess Royal (PRUH),5.32,Kings College Hospital,11.28
BR12WD,51.399042,0.033344,South,Princess Royal (PRUH),4.15,Darent Valley,16.13,Princess Royal (PRUH),4.15,Kings College Hospital,11.61
BR12WE,51.400671,0.044141,South,Princess Royal (PRUH),4.05,Darent Valley,15.36,Princess Royal (PRUH),4.05,Kings College Hospital,12.06
BR12WF,51.406651,0.042596,South,Princess Royal (PRUH),4.72,Darent Valley,15.31,Princess Royal (PRUH),4.72,Kings College Hospital,11.57
BR12WG,51.412683,0.043757,South,Princess Royal (PRUH),5.36,Darent Valley,15.11,Princess Royal (PRUH),5.36,Kings College Hospital,11.25
BR12WH,51.408559,0.032688,South,Princess Royal (PRUH),5.14,Darent Valley,15.94,Princess Royal (PRUH),5.14,Kings College Hospital,10.9
BR12WJ,51.396203,0.04768,South,Princess Royal (PRUH),3.51,Darent Valley,15.26,Princess Royal (PRUH),3.51,Kings College Hospital,12.57
BR12WL,51.41243,0.044335,South,Princess Royal (PRUH),5.32,Darent Valley,15.07,Princess Royal (PRUH),5.32,Kings College Hospital,11.3
BR12WP,51.39753,0.044792,South,Princess Royal (PRUH),3.7,Darent Valley,15.41,Princess Royal (PRUH),3.7,Kings College Hospital,12.32
BR12WQ,51.401815,0.041446,South,Princess Royal (PRUH),4.23,Darent Valley,15.51,Princess Royal (PRUH),4.23,Kings College Hospital,11.84
BR12WR,51.412668,0.044604,South,Princess Royal (PRUH),5.34,Darent Valley,15.05,Princess Royal (PRUH),5.34,Kings College Hospital,11.3
BR12WS,51.412668,0.044604,South,Princess Royal (PRUH),5.34,Darent Valley,15.05,Princess Royal (PRUH),5.34,Kings College Hospital,11.3
BR12WY,51.407914,0.044435,South,Princess Royal (PRUH),4.83,Darent Valley,15.16,Princess Royal (PRUH),4.83,Kings College Hospital,11.59
BR12WZ,51.407914,0.044435,South,Princess Royal (PRUH),4.83,Darent Valley,15.16,Princess Royal (PRUH),4.83,Kings College Hospital,11.59
BR12XB,51.396462,0.05544,South,Princess Royal (PRUH),3.45,Darent Valley,14.74,Princess Royal (PRUH),3.45,Kings College Hospital,12.97
BR12XD,51.396462,0.05544,South,Princess Royal (PRUH),3.45,Darent Valley,14.74,Princess Royal (PRUH),3.45,Kings College Hospital,12.97
BR12XE,51.399901,0.048032,South,Princess Royal (PRUH),3.9,Darent Valley,15.12,Princess Royal (PRUH),3.9,Kings College Hospital,12.33
BR12XF,51.399901,0.048032,South,Princess Royal (PRUH),3.9,Darent Valley,15.12,Princess Royal (PRUH),3.9,Kings College Hospital,12.33
BR12XG,51.399901,0.048032,South,Princess Royal (PRUH),3.9,Darent Valley,15.12,Princess Royal (PRUH),3.9,Kings College Hospital,12.33
BR12ZL,51.394722,0.059833,South,Princess Royal (PRUH),3.24,Darent Valley,14.5,Princess Royal (PRUH),3.24,Kings College Hospital,13.33
BR12ZN,51.394722,0.059833,South,Princess Royal (PRUH),3.24,Darent Valley,14.5,Princess Royal (PRUH),3.24,Kings College Hospital,13.33
BR12ZQ,51.401748,0.042723,South,Princess Royal (PRUH),4.19,Darent Valley,15.43,Princess Royal (PRUH),4.19,Kings College Hospital,11.91
BR12ZW,51.394722,0.059833,South,Princess Royal (PRUH),3.24,Darent Valley,14.5,Princess Royal (PRUH),3.24,Kings College Hospital,13.33
BR13AA,51.406881,0.020463,South,Princess Royal (PRUH),5.35,Darent Valley,16.81,Princess Royal (PRUH),5.35,Kings College Hospital,10.36
BR13AB,51.407435,0.021753,South,Princess Royal (PRUH),5.36,Darent Valley,16.71,Princess Royal (PRUH),5.36,Kings College Hospital,10.39
BR13AD,51.407379,0.023404,South,Princess Royal (PRUH),5.29,Darent Valley,16.6,Princess Royal (PRUH),5.29,Kings College Hospital,10.48
BR13AE,51.406878,0.029493,South,Princess Royal (PRUH),5.05,Darent Valley,16.2,Princess Royal (PRUH),5.05,Kings College Hospital,10.84
BR13AF,51.407313,0.024091,South,Princess Royal (PRUH),5.27,Darent Valley,16.56,Princess Royal (PRUH),5.27,Kings College Hospital,10.52
BR13AG,51.408158,0.024129,South,Princess Royal (PRUH),5.35,Darent Valley,16.54,Princess Royal (PRUH),5.35,Kings College Hospital,10.46
BR13AH,51.407234,0.025051,South,Princess Royal (PRUH),5.23,Darent Valley,16.49,Princess Royal (PRUH),5.23,Kings College Hospital,10.57
BR13AJ,51.408439,0.026614,South,Princess Royal (PRUH),5.3,Darent Valley,16.36,Princess Royal (PRUH),5.3,Kings College Hospital,10.57
BR13AL,51.408491,0.027221,South,Princess Royal (PRUH),5.28,Darent Valley,16.32,Princess Royal (PRUH),5.28,Kings College Hospital,10.6
BR13AN,51.406614,0.031782,South,Princess Royal (PRUH),4.96,Darent Valley,16.05,Princess Royal (PRUH),4.96,Kings College Hospital,10.98
BR13AP,51.409607,0.027687,South,Princess Royal (PRUH),5.38,Darent Valley,16.26,Princess Royal (PRUH),5.38,Kings College Hospital,10.55
BR13AQ,51.408085,0.024686,South,Princess Royal (PRUH),5.32,Darent Valley,16.5,Princess Royal (PRUH),5.32,Kings College Hospital,10.49
BR13AR,51.408338,0.030866,South,Princess Royal (PRUH),5.16,Darent Valley,16.07,Princess Royal (PRUH),5.16,Kings College Hospital,10.81
BR13AS,51.407533,0.031175,South,Princess Royal (PRUH),5.07,Darent Valley,16.07,Princess Royal (PRUH),5.07,Kings College Hospital,10.88
BR13AT,51.407845,0.029737,South,Princess Royal (PRUH),5.15,Darent Valley,16.16,Princess Royal (PRUH),5.15,Kings College Hospital,10.78
BR13AU,51.407411,0.030394,South,Princess Royal (PRUH),5.08,Darent Valley,16.12,Princess Royal (PRUH),5.08,Kings College Hospital,10.85
BR13AW,51.407194,0.0263,South,Princess Royal (PRUH),5.18,Darent Valley,16.41,Princess Royal (PRUH),5.18,Kings College Hospital,10.64
BR13AX,51.406694,0.030793,South,Princess Royal (PRUH),5.0,Darent Valley,16.11,Princess Royal (PRUH),5.0,Kings College Hospital,10.92
BR13AY,51.406411,0.032564,South,Princess Royal (PRUH),4.92,Darent Valley,16.0,Princess Royal (PRUH),4.92,Kings College Hospital,11.04
BR13AZ,51.406757,0.030293,South,Princess Royal (PRUH),5.02,Darent Valley,16.15,Princess Royal (PRUH),5.02,Kings College Hospital,10.89
BR13BA,51.406527,0.026918,South,Princess Royal (PRUH),5.1,Darent Valley,16.38,Princess Royal (PRUH),5.1,Kings College Hospital,10.72
BR13BB,51.406517,0.03323,South,Princess Royal (PRUH),4.91,Darent Valley,15.95,Princess Royal (PRUH),4.91,Kings College Hospital,11.06
BR13BD,51.406625,0.021257,South,Princess Royal (PRUH),5.3,Darent Valley,16.76,Princess Royal (PRUH),5.3,Kings College Hospital,10.42
BR13BE,51.406505,0.028182,South,Princess Royal (PRUH),5.06,Darent Valley,16.29,Princess Royal (PRUH),5.06,Kings College Hospital,10.79
BR13BF,51.406251,0.019472,South,Princess Royal (PRUH),5.32,Darent Valley,16.89,Princess Royal (PRUH),5.32,Kings College Hospital,10.35
BR13BG,51.406286,0.019028,South,Princess Royal (PRUH),5.34,Darent Valley,16.92,Princess Royal (PRUH),5.34,Kings College Hospital,10.33
BR13BH,51.404365,0.02977,South,Princess Royal (PRUH),4.79,Darent Valley,16.24,Princess Royal (PRUH),4.79,Kings College Hospital,11.03
BR13BJ,51.406654,0.026348,South,Princess Royal (PRUH),5.13,Darent Valley,16.42,Princess Royal (PRUH),5.13,Kings College Hospital,10.68
BR13BL,51.404768,0.02881,South,Princess Royal (PRUH),4.86,Darent Valley,16.29,Princess Royal (PRUH),4.86,Kings College Hospital,10.95
BR13BN,51.405656,0.029942,South,Princess Royal (PRUH),4.92,Darent Valley,16.19,Princess Royal (PRUH),4.92,Kings College Hospital,10.95
BR13BP,51.406311,0.030072,South,Princess Royal (PRUH),4.98,Darent Valley,16.17,Princess Royal (PRUH),4.98,Kings College Hospital,10.91
BR13BS,51.405985,0.032271,South,Princess Royal (PRUH),4.89,Darent Valley,16.03,Princess Royal (PRUH),4.89,Kings College Hospital,11.05
BR13BT,51.404771,0.032793,South,Princess Royal (PRUH),4.75,Darent Valley,16.02,Princess Royal (PRUH),4.75,Kings College Hospital,11.16
BR13BU,51.404957,0.032398,South,Princess Royal (PRUH),4.78,Darent Valley,16.04,Princess Royal (PRUH),4.78,Kings College Hospital,11.13
BR13BW,51.40598,0.028892,South,Princess Royal (PRUH),4.98,Darent Valley,16.26,Princess Royal (PRUH),4.98,Kings College Hospital,10.87
BR13BX,51.406504,0.027765,South,Princess Royal (PRUH),5.07,Darent Valley,16.32,Princess Royal (PRUH),5.07,Kings College Hospital,10.77
BR13BY,51.405388,0.031397,South,Princess Royal (PRUH),4.85,Darent Valley,16.1,Princess Royal (PRUH),4.85,Kings College Hospital,11.04
BR13BZ,51.405067,0.03075,South,Princess Royal (PRUH),4.84,Darent Valley,16.15,Princess Royal (PRUH),4.84,Kings College Hospital,11.03
BR13DA,51.405017,0.020625,South,Princess Royal (PRUH),5.16,Darent Valley,16.84,Princess Royal (PRUH),5.16,Kings College Hospital,10.5
BR13DB,51.404975,0.022018,South,Princess Royal (PRUH),5.11,Darent Valley,16.75,Princess Royal (PRUH),5.11,Kings College Hospital,10.58
BR13DD,51.40462,0.022247,South,Princess Royal (PRUH),5.07,Darent Valley,16.74,Princess Royal (PRUH),5.07,Kings College Hospital,10.62
BR13DE,51.402174,0.022283,South,Princess Royal (PRUH),4.84,Darent Valley,16.8,Princess Royal (PRUH),4.84,Kings College Hospital,10.8
BR13DF,51.401842,0.022239,South,Princess Royal (PRUH),4.81,Darent Valley,16.81,Princess Royal (PRUH),4.81,Kings College Hospital,10.83
BR13DG,51.401369,0.024088,South,Princess Royal (PRUH),4.69,Darent Valley,16.69,Princess Royal (PRUH),4.69,Kings College Hospital,10.96
BR13DH,51.406973,0.028677,South,Princess Royal (PRUH),5.09,Darent Valley,16.25,Princess Royal (PRUH),5.09,Kings College Hospital,10.79
BR13DJ,51.403329,0.024145,South,Princess Royal (PRUH),4.88,Darent Valley,16.64,Princess Royal (PRUH),4.88,Kings College Hospital,10.81
BR13DL,51.403268,0.025048,South,Princess Royal (PRUH),4.84,Darent Valley,16.58,Princess Royal (PRUH),4.84,Kings College Hospital,10.86
BR13DN,51.404011,0.026792,South,Princess Royal (PRUH),4.85,Darent Valley,16.45,Princess Royal (PRUH),4.85,Kings College Hospital,10.9
BR13DP,51.405462,0.025562,South,Princess Royal (PRUH),5.04,Darent Valley,16.5,Princess Royal (PRUH),5.04,Kings College Hospital,10.73
BR13DQ,51.40126,0.024658,South,Princess Royal (PRUH),4.66,Darent Valley,16.66,Princess Royal (PRUH),4.66,Kings College Hospital,10.99
BR13DR,51.405111,0.026151,South,Princess Royal (PRUH),4.98,Darent Valley,16.46,Princess Royal (PRUH),4.98,Kings College Hospital,10.79
BR13DS,51.405273,0.023512,South,Princess Royal (PRUH),5.09,Darent Valley,16.64,Princess Royal (PRUH),5.09,Kings College Hospital,10.64
BR13DT,51.405954,0.024161,South,Princess Royal (PRUH),5.13,Darent Valley,16.58,Princess Royal (PRUH),5.13,Kings College Hospital,10.62
BR13DU,51.405976,0.021343,South,Princess Royal (PRUH),5.23,Darent Valley,16.77,Princess Royal (PRUH),5.23,Kings College Hospital,10.47
BR13DW,51.403701,0.026563,South,Princess Royal (PRUH),4.83,Darent Valley,16.47,Princess Royal (PRUH),4.83,Kings College Hospital,10.91
BR13DX,51.405607,0.02137,South,Princess Royal (PRUH),5.19,Darent Valley,16.78,Princess Royal (PRUH),5.19,Kings College Hospital,10.5
BR13DY,51.406415,0.029242,South,Princess Royal (PRUH),5.02,Darent Valley,16.22,Princess Royal (PRUH),5.02,Kings College Hospital,10.86
BR13DZ,51.405831,0.028196,South,Princess Royal (PRUH),4.99,Darent Valley,16.31,Princess Royal (PRUH),4.99,Kings College Hospital,10.84
BR13EA,51.405451,0.017884,South,Princess Royal (PRUH),5.31,Darent Valley,17.02,Princess Royal (PRUH),5.31,Kings College Hospital,10.33
BR13ED,51.407977,0.021604,South,Princess Royal (PRUH),5.41,Darent Valley,16.71,Princess Royal (PRUH),5.41,Kings College Hospital,10.34
BR13EE,51.407053,0.023001,South,Princess Royal (PRUH),5.28,Darent Valley,16.64,Princess Royal (PRUH),5.28,Kings College Hospital,10.48
BR13EF,51.403444,0.017982,South,Princess Royal (PRUH),5.12,Darent Valley,17.06,Princess Royal (PRUH),5.12,Kings College Hospital,10.49
BR13EG,51.405306,0.020049,South,Princess Royal (PRUH),5.21,Darent Valley,16.87,Princess Royal (PRUH),5.21,Kings College Hospital,10.45
BR13EJ,51.401004,0.021785,South,Princess Royal (PRUH),4.75,Darent Valley,16.86,Princess Royal (PRUH),4.75,Kings College Hospital,10.87
BR13EL,51.400673,0.021685,South,Princess Royal (PRUH),4.72,Darent Valley,16.87,Princess Royal (PRUH),4.72,Kings College Hospital,10.89
BR13EN,51.402546,0.019481,South,Princess Royal (PRUH),4.98,Darent Valley,16.98,Princess Royal (PRUH),4.98,Kings College Hospital,10.63
BR13EP,51.400785,0.02665,South,Princess Royal (PRUH),4.55,Darent Valley,16.54,Princess Royal (PRUH),4.55,Kings College Hospital,11.13
BR13ER,51.400471,0.026089,South,Princess Royal (PRUH),4.54,Darent Valley,16.58,Princess Royal (PRUH),4.54,Kings College Hospital,11.13
BR13ES,51.401938,0.028124,South,Princess Royal (PRUH),4.61,Darent Valley,16.41,Princess Royal (PRUH),4.61,Kings College Hospital,11.12
BR13ET,51.401336,0.028629,South,Princess Royal (PRUH),4.53,Darent Valley,16.39,Princess Royal (PRUH),4.53,Kings College Hospital,11.19
BR13EU,51.402171,0.026625,South,Princess Royal (PRUH),4.68,Darent Valley,16.5,Princess Royal (PRUH),4.68,Kings College Hospital,11.03
BR13EW,51.402627,0.019974,South,Princess Royal (PRUH),4.97,Darent Valley,16.94,Princess Royal (PRUH),4.97,Kings College Hospital,10.65
BR13EX,51.40208,0.027196,South,Princess Royal (PRUH),4.65,Darent Valley,16.47,Princess Royal (PRUH),4.65,Kings College Hospital,11.06
BR13EZ,51.40539,0.02717,South,Princess Royal (PRUH),4.98,Darent Valley,16.39,Princess Royal (PRUH),4.98,Kings College Hospital,10.82
BR13FB,51.406767,0.030236,South,Princess Royal (PRUH),5.02,Darent Valley,16.15,Princess Royal (PRUH),5.02,Kings College Hospital,10.89
BR13FE,51.406825,0.018016,South,Princess Royal (PRUH),5.43,Darent Valley,16.98,Princess Royal (PRUH),5.43,Kings College Hospital,10.24
BR13FF,51.40814,0.023596,South,Princess Royal (PRUH),5.36,Darent Valley,16.57,Princess Royal (PRUH),5.36,Kings College Hospital,10.43
BR13FG,51.404542,0.026787,South,Princess Royal (PRUH),4.91,Darent Valley,16.43,Princess Royal (PRUH),4.91,Kings College Hospital,10.86
BR13FH,51.411327,0.02759,South,Princess Royal (PRUH),5.56,Darent Valley,16.24,Princess Royal (PRUH),5.56,Kings College Hospital,10.43
BR13FR,51.410835,0.026907,South,Princess Royal (PRUH),5.53,Darent Valley,16.29,Princess Royal (PRUH),5.53,Kings College Hospital,10.42
BR13FU,51.407743,0.020027,South,Princess Royal (PRUH),5.45,Darent Valley,16.82,Princess Royal (PRUH),5.45,Kings College Hospital,10.27
BR13FW,51.402671,0.021068,South,Princess Royal (PRUH),4.93,Darent Valley,16.87,Princess Royal (PRUH),4.93,Kings College Hospital,10.7
BR13GN,51.409251,0.024364,South,Princess Royal (PRUH),5.45,Darent Valley,16.5,Princess Royal (PRUH),5.45,Kings College Hospital,10.39
BR13GT,51.40539,0.02717,South,Princess Royal (PRUH),4.98,Darent Valley,16.39,Princess Royal (PRUH),4.98,Kings College Hospital,10.82
BR13GX,51.405207,0.025795,South,Princess Royal (PRUH),5.0,Darent Valley,16.49,Princess Royal (PRUH),5.0,Kings College Hospital,10.76
BR13HA,51.408281,0.019073,South,Princess Royal (PRUH),5.53,Darent Valley,16.88,Princess Royal (PRUH),5.53,Kings College Hospital,10.18
BR13HB,51.408353,0.019579,South,Princess Royal (PRUH),5.52,Darent Valley,16.84,Princess Royal (PRUH),5.52,Kings College Hospital,10.2
BR13HG,51.407542,0.019687,South,Princess Royal (PRUH),5.44,Darent Valley,16.85,Princess Royal (PRUH),5.44,Kings College Hospital,10.27
BR13HJ,51.408129,0.02164,South,Princess Royal (PRUH),5.43,Darent Valley,16.71,Princess Royal (PRUH),5.43,Kings College Hospital,10.33
BR13HL,51.407446,0.020057,South,Princess Royal (PRUH),5.42,Darent Valley,16.83,Princess Royal (PRUH),5.42,Kings College Hospital,10.3
BR13HN,51.410241,0.025903,South,Princess Royal (PRUH),5.5,Darent Valley,16.37,Princess Royal (PRUH),5.5,Kings College Hospital,10.41
BR13HP,51.408156,0.022691,South,Princess Royal (PRUH),5.39,Darent Valley,16.63,Princess Royal (PRUH),5.39,Kings College Hospital,10.38
BR13HQ,51.40855,0.01966,South,Princess Royal (PRUH),5.54,Darent Valley,16.83,Princess Royal (PRUH),5.54,Kings College Hospital,10.19
BR13HR,51.409316,0.023231,South,Princess Royal (PRUH),5.49,Darent Valley,16.57,Princess Royal (PRUH),5.49,Kings College Hospital,10.33
BR13HS,51.410118,0.026789,South,Princess Royal (PRUH),5.46,Darent Valley,16.32,Princess Royal (PRUH),5.46,Kings College Hospital,10.47
BR13HT,51.409636,0.026523,South,Princess Royal (PRUH),5.42,Darent Valley,16.34,Princess Royal (PRUH),5.42,Kings College Hospital,10.48
BR13HU,51.410835,0.026922,South,Princess Royal (PRUH),5.53,Darent Valley,16.29,Princess Royal (PRUH),5.53,Kings College Hospital,10.42
BR13HW,51.410697,0.026024,South,Princess Royal (PRUH),5.54,Darent Valley,16.36,Princess Royal (PRUH),5.54,Kings College Hospital,10.38
BR13HX,51.408416,0.02588,South,Princess Royal (PRUH),5.32,Darent Valley,16.41,Princess Royal (PRUH),5.32,Kings College Hospital,10.54
BR13HY,51.410428,0.024948,South,Princess Royal (PRUH),5.55,Darent Valley,16.44,Princess Royal (PRUH),5.55,Kings College Hospital,10.34
BR13JA,51.409852,0.025526,South,Princess Royal (PRUH),5.47,Darent Valley,16.41,Princess Royal (PRUH),5.47,Kings College Hospital,10.42
BR13JT,51.408661,0.020499,South,Princess Royal (PRUH),5.52,Darent Valley,16.77,Princess Royal (PRUH),5.52,Kings College Hospital,10.23
BR13JX,51.408825,0.020894,South,Princess Royal (PRUH),5.52,Darent Valley,16.74,Princess Royal (PRUH),5.52,Kings College Hospital,10.24
BR13LA,51.40716,0.026198,South,Princess Royal (PRUH),5.18,Darent Valley,16.42,Princess Royal (PRUH),5.18,Kings College Hospital,10.64
BR13LD,51.409623,0.022626,South,Princess Royal (PRUH),5.54,Darent Valley,16.61,Princess Royal (PRUH),5.54,Kings College Hospital,10.28
BR13LE,51.40921,0.022047,South,Princess Royal (PRUH),5.52,Darent Valley,16.66,Princess Royal (PRUH),5.52,Kings College Hospital,10.27
BR13LF,51.409164,0.021614,South,Princess Royal (PRUH),5.53,Darent Valley,16.69,Princess Royal (PRUH),5.53,Kings College Hospital,10.25
BR13LH,51.410078,0.023336,South,Princess Royal (PRUH),5.56,Darent Valley,16.55,Princess Royal (PRUH),5.56,Kings College Hospital,10.28
BR13LJ,51.407634,0.022725,South,Princess Royal (PRUH),5.34,Darent Valley,16.64,Princess Royal (PRUH),5.34,Kings College Hospital,10.42
BR13LL,51.411371,0.027607,South,Princess Royal (PRUH),5.56,Darent Valley,16.24,Princess Royal (PRUH),5.56,Kings College Hospital,10.43
BR13NL,51.40971,0.023809,South,Princess Royal (PRUH),5.51,Darent Valley,16.53,Princess Royal (PRUH),5.51,Kings College Hospital,10.33
BR13NW,51.406393,0.017983,South,Princess Royal (PRUH),5.39,Darent Valley,16.99,Princess Royal (PRUH),5.39,Kings College Hospital,10.27
BR13NY,51.409362,0.024728,South,Princess Royal (PRUH),5.45,Darent Valley,16.47,Princess Royal (PRUH),5.45,Kings College Hospital,10.41
BR13PD,51.409462,0.025178,South,Princess Royal (PRUH),5.44,Darent Valley,16.44,Princess Royal (PRUH),5.44,Kings College Hospital,10.42
BR13PP,51.406564,0.017976,South,Princess Royal (PRUH),5.41,Darent Valley,16.99,Princess Royal (PRUH),5.41,Kings College Hospital,10.25
BR13TJ,51.40904,0.022557,South,Princess Royal (PRUH),5.48,Darent Valley,16.63,Princess Royal (PRUH),5.48,Kings College Hospital,10.31
BR13UA,51.404808,0.02907,South,Princess Royal (PRUH),4.86,Darent Valley,16.27,Princess Royal (PRUH),4.86,Kings College Hospital,10.96
BR13UE,51.404808,0.02907,South,Princess Royal (PRUH),4.86,Darent Valley,16.27,Princess Royal (PRUH),4.86,Kings College Hospital,10.96
BR13UG,51.404808,0.02907,South,Princess Royal (PRUH),4.86,Darent Valley,16.27,Princess Royal (PRUH),4.86,Kings College Hospital,10.96
BR13UH,51.403879,0.020403,South,Princess Royal (PRUH),5.07,Darent Valley,16.88,Princess Royal (PRUH),5.07,Kings College Hospital,10.58
BR19SA,51.403879,0.020403,South,Princess Royal (PRUH),5.07,Darent Valley,16.88,Princess Royal (PRUH),5.07,Kings College Hospital,10.58
BR19SB,51.403879,0.020403,South,Princess Royal (PRUH),5.07,Darent Valley,16.88,Princess Royal (PRUH),5.07,Kings College Hospital,10.58
BR19SD,51.403879,0.020403,South,Princess Royal (PRUH),5.07,Darent Valley,16.88,Princess Royal (PRUH),5.07,Kings College Hospital,10.58
BR19SE,51.403879,0.020403,South,Princess Royal (PRUH),5.07,Darent Valley,16.88,Princess Royal (PRUH),5.07,Kings College Hospital,10.58
BR19SF,51.403879,0.020403,South,Princess Royal (PRUH),5.07,Darent Valley,16.88,Princess Royal (PRUH),5.07,Kings College Hospital,10.58
BR19SG,51.403879,0.020403,South,Princess Royal (PRUH),5.07,Darent Valley,16.88,Princess Royal (PRUH),5.07,Kings College Hospital,10.58
BR19SH,51.403879,0.020403,South,Princess Royal (PRUH),5.07,Darent Valley,16.88,Princess Royal (PRUH),5.07,Kings College Hospital,10.58
BR19SJ,51.403879,0.020403,South,Princess Royal (PRUH),5.07,Darent Valley,16.88,Princess Royal (PRUH),5.07,Kings College Hospital,10.58
BR19SL,51.403879,0.020403,South,Princess Royal (PRUH),5.07,Darent Valley,16.88,Princess Royal (PRUH),5.07,Kings College Hospital,10.58
BR19SN,51.403879,0.020403,South,Princess Royal (PRUH),5.07,Darent Valley,16.88,Princess Royal (PRUH),5.07,Kings College Hospital,10.58
BR19SP,51.403879,0.020403,South,Princess Royal (PRUH),5.07,Darent Valley,16.88,Princess Royal (PRUH),5.07,Kings College Hospital,10.58
BR19SQ,51.403879,0.020403,South,Princess Royal (PRUH),5.07,Darent Valley,16.88,Princess Royal (PRUH),5.07,Kings College Hospital,10.58
BR19SR,51.403879,0.020403,South,Princess Royal (PRUH),5.07,Darent Valley,16.88,Princess Royal (PRUH),5.07,Kings College Hospital,10.58
BR19SS,51.403879,0.020403,South,Princess Royal (PRUH),5.07,Darent Valley,16.88,Princess Royal (PRUH),5.07,Kings College Hospital,10.58
BR19ST,51.403879,0.020403,South,Princess Royal (PRUH),5.07,Darent Valley,16.88,Princess Royal (PRUH),5.07,Kings College Hospital,10.58
BR19SU,51.403879,0.020403,South,Princess Royal (PRUH),5.07,Darent Valley,16.88,Princess Royal (PRUH),5.07,Kings College Hospital,10.58
BR19SW,51.403879,0.020403,South,Princess Royal (PRUH),5.07,Darent Valley,16.88,Princess Royal (PRUH),5.07,Kings College Hospital,10.58
BR19SX,51.403879,0.020403,South,Princess Royal (PRUH),5.07,Darent Valley,16.88,Princess Royal (PRUH),5.07,Kings College Hospital,10.58
BR19SY,51.403879,0.020403,South,Princess Royal (PRUH),5.07,Darent Valley,16.88,Princess Royal (PRUH),5.07,Kings College Hospital,10.58
BR19SZ,51.403879,0.020403,South,Princess Royal (PRUH),5.07,Darent Valley,16.88,Princess Royal (PRUH),5.07,Kings College Hospital,10.58
BR19TA,51.403879,0.020403,South,Princess Royal (PRUH),5.07,Darent Valley,16.88,Princess Royal (PRUH),5.07,Kings College Hospital,10.58
BR19TB,51.403879,0.020403,South,Princess Royal (PRUH),5.07,Darent Valley,16.88,Princess Royal (PRUH),5.07,Kings College Hospital,10.58
BR19TD,51.403879,0.020403,South,Princess Royal (PRUH),5.07,Darent Valley,16.88,Princess Royal (PRUH),5.07,Kings College Hospital,10.58
BR19TE,51.403879,0.020403,South,Princess Royal (PRUH),5.07,Darent Valley,16.88,Princess Royal (PRUH),5.07,Kings College Hospital,10.58
BR19TF,51.403879,0.020403,South,Princess Royal (PRUH),5.07,Darent Valley,16.88,Princess Royal (PRUH),5.07,Kings College Hospital,10.58
BR20AF,51.400156,-0.003238,South,Princess Royal (PRUH),5.83,Darent Valley,18.57,Princess Royal (PRUH),5.83,Kings College Hospital,9.76
BR20AS,51.396361,-8.3e-05,South,Princess Royal (PRUH),5.39,Darent Valley,18.45,Princess Royal (PRUH),5.39,Kings College Hospital,10.22
BR20DT,51.402684,0.005124,South,Princess Royal (PRUH),5.61,Darent Valley,17.95,Princess Royal (PRUH),5.61,Kings College Hospital,9.92
BR20EG,51.405421,0.01285,South,Princess Royal (PRUH),5.51,Darent Valley,17.36,Princess Royal (PRUH),5.51,Kings College Hospital,10.08
BR20EH,51.39712,0.008144,South,Princess Royal (PRUH),5.02,Darent Valley,17.88,Princess Royal (PRUH),5.02,Kings College Hospital,10.52
BR20EJ,51.403786,0.010118,South,Princess Royal (PRUH),5.48,Darent Valley,17.58,Princess Royal (PRUH),5.48,Kings College Hospital,10.07
BR20EL,51.403332,0.009308,South,Princess Royal (PRUH),5.48,Darent Valley,17.65,Princess Royal (PRUH),5.48,Kings College Hospital,10.07
BR20EN,51.403239,0.011072,South,Princess Royal (PRUH),5.39,Darent Valley,17.53,Princess Royal (PRUH),5.39,Kings College Hospital,10.16
BR20EP,51.405763,0.011744,South,Princess Royal (PRUH),5.58,Darent Valley,17.43,Princess Royal (PRUH),5.58,Kings College Hospital,10.0
BR20EQ,51.405733,0.012447,South,Princess Royal (PRUH),5.55,Darent Valley,17.38,Princess Royal (PRUH),5.55,Kings College Hospital,10.04
BR20ER,51.403289,0.007638,South,Princess Royal (PRUH),5.55,Darent Valley,17.76,Princess Royal (PRUH),5.55,Kings College Hospital,9.99
BR20ES,51.402333,0.008329,South,Princess Royal (PRUH),5.44,Darent Valley,17.74,Princess Royal (PRUH),5.44,Kings College Hospital,10.1
BR20ET,51.402095,0.008031,South,Princess Royal (PRUH),5.43,Darent Valley,17.76,Princess Royal (PRUH),5.43,Kings College Hospital,10.11
BR20EU,51.401145,0.010434,South,Princess Royal (PRUH),5.24,Darent Valley,17.62,Princess Royal (PRUH),5.24,Kings College Hospital,10.3
BR20EW,51.403138,0.010651,South,Princess Royal (PRUH),5.4,Darent Valley,17.56,Princess Royal (PRUH),5.4,Kings College Hospital,10.15
BR20EX,51.402039,0.010229,South,Princess Royal (PRUH),5.32,Darent Valley,17.62,Princess Royal (PRUH),5.32,Kings College Hospital,10.22
BR20HA,51.402484,0.008954,South,Princess Royal (PRUH),5.42,Darent Valley,17.69,Princess Royal (PRUH),5.42,Kings College Hospital,10.12
BR20HF,51.402928,0.003999,South,Princess Royal (PRUH),5.69,Darent Valley,18.02,Princess Royal (PRUH),5.69,Kings College Hospital,9.85
BR20HG,51.401967,0.001829,South,Princess Royal (PRUH),5.71,Darent Valley,18.19,Princess Royal (PRUH),5.71,Kings College Hospital,9.83
BR20HH,51.402301,0.001211,South,Princess Royal (PRUH),5.77,Darent Valley,18.22,Princess Royal (PRUH),5.77,Kings College Hospital,9.77
BR20HL,51.401793,-6.2e-05,South,Princess Royal (PRUH),5.79,Darent Valley,18.32,Princess Royal (PRUH),5.79,Kings College Hospital,9.76
BR20HR,51.402621,0.001987,South,Princess Royal (PRUH),5.76,Darent Valley,18.16,Princess Royal (PRUH),5.76,Kings College Hospital,9.78
BR20HS,51.401496,0.003074,South,Princess Royal (PRUH),5.62,Darent Valley,18.11,Princess Royal (PRUH),5.62,Kings College Hospital,9.93
BR20HT,51.401559,0.004644,South,Princess Royal (PRUH),5.54,Darent Valley,18.01,Princess Royal (PRUH),5.54,Kings College Hospital,9.99
BR20HU,51.401151,0.001708,South,Princess Royal (PRUH),5.66,Darent Valley,18.21,Princess Royal (PRUH),5.66,Kings College Hospital,9.89
BR20HX,51.402798,0.005331,South,Princess Royal (PRUH),5.61,Darent Valley,17.93,Princess Royal (PRUH),5.61,Kings College Hospital,9.92
BR20HY,51.402433,0.004035,South,Princess Royal (PRUH),5.64,Darent Valley,18.03,Princess Royal (PRUH),5.64,Kings College Hospital,9.89
BR20JL,51.399402,-0.006506,South,Princess Royal (PRUH),5.95,Darent Valley,18.81,Princess Royal (PRUH),5.95,Kings College Hospital,9.68
BR20LA,51.403421,0.004639,South,Princess Royal (PRUH),5.7,Darent Valley,17.96,Princess Royal (PRUH),5.7,Kings College Hospital,9.84
BR20LZ,51.39849,-0.00518,South,Princess Royal (PRUH),5.82,Darent Valley,18.74,Princess Royal (PRUH),5.82,Kings College Hospital,9.82
BR20NE,51.400803,0.004683,South,Princess Royal (PRUH),5.48,Darent Valley,18.02,Princess Royal (PRUH),5.48,Kings College Hospital,10.06
BR20NF,51.398253,-0.004486,South,Princess Royal (PRUH),5.76,Darent Valley,18.7,Princess Royal (PRUH),5.76,Kings College Hospital,9.87
BR20NG,51.398169,-0.00377,South,Princess Royal (PRUH),5.72,Darent Valley,18.66,Princess Royal (PRUH),5.72,Kings College Hospital,9.91
BR20NH,51.399328,-0.004266,South,Princess Royal (PRUH),5.83,Darent Valley,18.66,Princess Royal (PRUH),5.83,Kings College Hospital,9.78
BR20NJ,51.40017,-0.001973,South,Princess Royal (PRUH),5.77,Darent Valley,18.49,Princess Royal (PRUH),5.77,Kings College Hospital,9.81
BR20NL,51.400082,-0.001013,South,Princess Royal (PRUH),5.71,Darent Valley,18.42,Princess Royal (PRUH),5.71,Kings College Hospital,9.86
BR20NN,51.400123,-0.002334,South,Princess Royal (PRUH),5.78,Darent Valley,18.51,Princess Royal (PRUH),5.78,Kings College Hospital,9.8
BR20NP,51.397916,-0.002114,South,Princess Royal (PRUH),5.61,Darent Valley,18.55,Princess Royal (PRUH),5.61,Kings College Hospital,10.0
BR20NQ,51.397631,-0.003334,South,Princess Royal (PRUH),5.66,Darent Valley,18.64,Princess Royal (PRUH),5.66,Kings College Hospital,9.97
BR20NR,51.397663,-0.002556,South,Princess Royal (PRUH),5.62,Darent Valley,18.59,Princess Royal (PRUH),5.62,Kings College Hospital,10.0
BR20NS,51.396739,-0.003272,South,Princess Royal (PRUH),5.59,Darent Valley,18.66,Princess Royal (PRUH),5.59,Kings College Hospital,10.05
BR20NT,51.395699,-0.001333,South,Princess Royal (PRUH),5.41,Darent Valley,18.56,Princess Royal (PRUH),5.41,Kings College Hospital,10.23
BR20NW,51.400965,-0.00165,South,Princess Royal (PRUH),5.81,Darent Valley,18.45,Princess Royal (PRUH),5.81,Kings College Hospital,9.76
BR20NY,51.395662,-0.000731,South,Princess Royal (PRUH),5.38,Darent Valley,18.52,Princess Royal (PRUH),5.38,Kings College Hospital,10.26
BR20NZ,51.40064,0.004244,South,Princess Royal (PRUH),5.49,Darent Valley,18.05,Princess Royal (PRUH),5.49,Kings College Hospital,10.05
BR20PA,51.395473,-0.002306,South,Princess Royal (PRUH),5.45,Darent Valley,18.63,Princess Royal (PRUH),5.45,Kings College Hospital,10.21
BR20PB,51.394396,0.000766,South,Princess Royal (PRUH),5.21,Darent Valley,18.45,Princess Royal (PRUH),5.21,Kings College Hospital,10.43
BR20PD,51.393619,-8.7e-05,South,Princess Royal (PRUH),5.21,Darent Valley,18.53,Princess Royal (PRUH),5.21,Kings College Hospital,10.46
BR20PE,51.398991,0.002318,South,Princess Royal (PRUH),5.46,Darent Valley,18.23,Princess Royal (PRUH),5.46,Kings College Hospital,10.1
BR20PF,51.394992,0.000619,South,Princess Royal (PRUH),5.26,Darent Valley,18.44,Princess Royal (PRUH),5.26,Kings College Hospital,10.37
BR20PG,51.396675,0.008384,South,Princess Royal (PRUH),4.98,Darent Valley,17.88,Princess Royal (PRUH),4.98,Kings College Hospital,10.57
BR20PH,51.397896,0.006439,South,Princess Royal (PRUH),5.17,Darent Valley,17.97,Princess Royal (PRUH),5.17,Kings College Hospital,10.38
BR20PJ,51.398054,0.006101,South,Princess Royal (PRUH),5.2,Darent Valley,17.99,Princess Royal (PRUH),5.2,Kings College Hospital,10.35
BR20PL,51.398227,0.002845,South,Princess Royal (PRUH),5.38,Darent Valley,18.21,Princess Royal (PRUH),5.38,Kings College Hospital,10.19
BR20PN,51.398451,0.004465,South,Princess Royal (PRUH),5.31,Darent Valley,18.09,Princess Royal (PRUH),5.31,Kings College Hospital,10.24
BR20PP,51.398377,0.005612,South,Princess Royal (PRUH),5.25,Darent Valley,18.02,Princess Royal (PRUH),5.25,Kings College Hospital,10.3
BR20PQ,51.398149,0.006881,South,Princess Royal (PRUH),5.17,Darent Valley,17.94,Princess Royal (PRUH),5.17,Kings College Hospital,10.38
BR20PR,51.399912,0.002085,South,Princess Royal (PRUH),5.54,Darent Valley,18.22,Princess Royal (PRUH),5.54,Kings College Hospital,10.01
BR20PS,51.396392,0.009723,South,Princess Royal (PRUH),4.89,Darent Valley,17.79,Princess Royal (PRUH),4.89,Kings College Hospital,10.66
BR20PT,51.397109,0.009294,South,Princess Royal (PRUH),4.97,Darent Valley,17.8,Princess Royal (PRUH),4.97,Kings College Hospital,10.58
BR20PU,51.39992,0.003206,South,Princess Royal (PRUH),5.49,Darent Valley,18.14,Princess Royal (PRUH),5.49,Kings College Hospital,10.06
BR20PW,51.398527,0.002139,South,Princess Royal (PRUH),5.43,Darent Valley,18.25,Princess Royal (PRUH),5.43,Kings College Hospital,10.13
BR20PX,51.399721,0.006418,South,Princess Royal (PRUH),5.31,Darent Valley,17.93,Princess Royal (PRUH),5.31,Kings College Hospital,10.23
BR20PY,51.400248,0.00509,South,Princess Royal (PRUH),5.42,Darent Valley,18.01,Princess Royal (PRUH),5.42,Kings College Hospital,10.12
BR20PZ,51.398829,0.007098,South,Princess Royal (PRUH),5.21,Darent Valley,17.91,Princess Royal (PRUH),5.21,Kings College Hospital,10.33
BR20QA,51.397986,0.00801,South,Princess Royal (PRUH),5.1,Darent Valley,17.87,Princess Royal (PRUH),5.1,Kings College Hospital,10.45
BR20QB,51.397117,0.006218,South,Princess Royal (PRUH),5.12,Darent Valley,18.01,Princess Royal (PRUH),5.12,Kings College Hospital,10.44
BR20QD,51.395619,0.004399,South,Princess Royal (PRUH),5.1,Darent Valley,18.17,Princess Royal (PRUH),5.1,Kings College Hospital,10.48
BR20QE,51.395773,0.004894,South,Princess Royal (PRUH),5.09,Darent Valley,18.13,Princess Royal (PRUH),5.09,Kings College Hospital,10.49
BR20QF,51.395569,0.006323,South,Princess Royal (PRUH),5.0,Darent Valley,18.04,Princess Royal (PRUH),5.0,Kings College Hospital,10.57
BR20QG,51.396309,0.004558,South,Princess Royal (PRUH),5.14,Darent Valley,18.14,Princess Royal (PRUH),5.14,Kings College Hospital,10.43
BR20QH,51.396001,0.00522,South,Princess Royal (PRUH),5.09,Darent Valley,18.11,Princess Royal (PRUH),5.09,Kings College Hospital,10.49
BR20QL,51.398316,0.014436,South,Princess Royal (PRUH),4.82,Darent Valley,17.42,Princess Royal (PRUH),4.82,Kings College Hospital,10.72
BR20QN,51.399627,0.01353,South,Princess Royal (PRUH),4.97,Darent Valley,17.45,Princess Royal (PRUH),4.97,Kings College Hospital,10.57
BR20QP,51.399106,0.01345,South,Princess Royal (PRUH),4.93,Darent Valley,17.47,Princess Royal (PRUH),4.93,Kings College Hospital,10.61
BR20QR,51.399129,0.012646,South,Princess Royal (PRUH),4.97,Darent Valley,17.52,Princess Royal (PRUH),4.97,Kings College Hospital,10.57
BR20QS,51.397224,0.012045,South,Princess Royal (PRUH),4.84,Darent Valley,17.61,Princess Royal (PRUH),4.84,Kings College Hospital,10.7
BR20QT,51.394494,0.006075,South,Princess Royal (PRUH),4.93,Darent Valley,18.09,Princess Royal (PRUH),4.93,Kings College Hospital,10.65
BR20QU,51.394981,0.007045,South,Princess Royal (PRUH),4.92,Darent Valley,18.01,Princess Royal (PRUH),4.92,Kings College Hospital,10.65
BR20QW,51.399765,0.013838,South,Princess Royal (PRUH),4.97,Darent Valley,17.43,Princess Royal (PRUH),4.97,Kings College Hospital,10.57
BR20QX,51.394625,0.006282,South,Princess Royal (PRUH),4.93,Darent Valley,18.07,Princess Royal (PRUH),4.93,Kings College Hospital,10.65
BR20QY,51.396493,0.009598,South,Princess Royal (PRUH),4.9,Darent Valley,17.8,Princess Royal (PRUH),4.9,Kings College Hospital,10.64
BR20QZ,51.398796,0.013206,South,Princess Royal (PRUH),4.92,Darent Valley,17.49,Princess Royal (PRUH),4.92,Kings College Hospital,10.62
BR20RA,51.394573,0.005144,South,Princess Royal (PRUH),4.99,Darent Valley,18.15,Princess Royal (PRUH),4.99,Kings College Hospital,10.61
BR20RB,51.396281,0.00358,South,Princess Royal (PRUH),5.19,Darent Valley,18.21,Princess Royal (PRUH),5.19,Kings College Hospital,10.39
BR20RD,51.395927,0.003765,South,Princess Royal (PRUH),5.16,Darent Valley,18.21,Princess Royal (PRUH),5.16,Kings College Hospital,10.43
BR20RE,51.399842,-8.9e-05,South,Princess Royal (PRUH),5.65,Darent Valley,18.37,Princess Royal (PRUH),5.65,Kings College Hospital,9.92
BR20RF,51.398677,0.009147,South,Princess Royal (PRUH),5.1,Darent Valley,17.77,Princess Royal (PRUH),5.1,Kings College Hospital,10.44
BR20RG,51.398016,0.01356,South,Princess Royal (PRUH),4.84,Darent Valley,17.49,Princess Royal (PRUH),4.84,Kings College Hospital,10.7
BR20RH,51.395141,0.004507,South,Princess Royal (PRUH),5.06,Darent Valley,18.18,Princess Royal (PRUH),5.06,Kings College Hospital,10.53
BR20RJ,51.39596,0.002904,South,Princess Royal (PRUH),5.21,Darent Valley,18.26,Princess Royal (PRUH),5.21,Kings College Hospital,10.39
BR20RL,51.395567,0.002226,South,Princess Royal (PRUH),5.21,Darent Valley,18.32,Princess Royal (PRUH),5.21,Kings College Hospital,10.39
BR20RP,51.39515,0.005054,South,Princess Royal (PRUH),5.03,Darent Valley,18.14,Princess Royal (PRUH),5.03,Kings College Hospital,10.55
BR20RQ,51.396583,0.009041,South,Princess Royal (PRUH),4.94,Darent Valley,17.83,Princess Royal (PRUH),4.94,Kings College Hospital,10.61
BR20RT,51.39831,-0.000443,South,Princess Royal (PRUH),5.55,Darent Valley,18.43,Princess Royal (PRUH),5.55,Kings College Hospital,10.04
BR20RU,51.399386,0.000279,South,Princess Royal (PRUH),5.59,Darent Valley,18.35,Princess Royal (PRUH),5.59,Kings College Hospital,9.98
BR20RW,51.39803,-0.000887,South,Princess Royal (PRUH),5.56,Darent Valley,18.47,Princess Royal (PRUH),5.56,Kings College Hospital,10.04
BR20RX,51.397684,0.004115,South,Princess Royal (PRUH),5.27,Darent Valley,18.14,Princess Royal (PRUH),5.27,Kings College Hospital,10.29
BR20RY,51.395672,0.011301,South,Princess Royal (PRUH),4.75,Darent Valley,17.71,Princess Royal (PRUH),4.75,Kings College Hospital,10.79
BR20RZ,51.392594,0.000946,South,Princess Royal (PRUH),5.08,Darent Valley,18.49,Princess Royal (PRUH),5.08,Kings College Hospital,10.6
BR20SA,51.398657,0.011849,South,Princess Royal (PRUH),4.97,Darent Valley,17.59,Princess Royal (PRUH),4.97,Kings College Hospital,10.57
BR20SB,51.398551,0.012807,South,Princess Royal (PRUH),4.91,Darent Valley,17.53,Princess Royal (PRUH),4.91,Kings College Hospital,10.62
BR20SD,51.400451,0.010044,South,Princess Royal (PRUH),5.2,Darent Valley,17.67,Princess Royal (PRUH),5.2,Kings College Hospital,10.34
BR20SE,51.400255,0.009389,South,Princess Royal (PRUH),5.21,Darent Valley,17.72,Princess Royal (PRUH),5.21,Kings College Hospital,10.32
BR20SF,51.401385,0.007986,South,Princess Royal (PRUH),5.37,Darent Valley,17.78,Princess Royal (PRUH),5.37,Kings College Hospital,10.16
BR20SG,51.398316,0.010799,South,Princess Royal (PRUH),4.99,Darent Valley,17.67,Princess Royal (PRUH),4.99,Kings College Hospital,10.55
BR20SH,51.401171,0.007358,South,Princess Royal (PRUH),5.38,Darent Valley,17.83,Princess Royal (PRUH),5.38,Kings College Hospital,10.15
BR20SJ,51.399171,0.010218,South,Princess Royal (PRUH),5.09,Darent Valley,17.69,Princess Royal (PRUH),5.09,Kings College Hospital,10.45
BR20SL,51.398223,0.009875,South,Princess Royal (PRUH),5.03,Darent Valley,17.73,Princess Royal (PRUH),5.03,Kings College Hospital,10.51
BR20SN,51.399609,0.008253,South,Princess Royal (PRUH),5.22,Darent Valley,17.81,Princess Royal (PRUH),5.22,Kings College Hospital,10.32
BR20SP,51.400639,0.006401,South,Princess Royal (PRUH),5.39,Darent Valley,17.91,Princess Royal (PRUH),5.39,Kings College Hospital,10.15
BR20SQ,51.397994,0.011173,South,Princess Royal (PRUH),4.95,Darent Valley,17.65,Princess Royal (PRUH),4.95,Kings College Hospital,10.59
BR20SR,51.400718,0.007037,South,Princess Royal (PRUH),5.36,Darent Valley,17.86,Princess Royal (PRUH),5.36,Kings College Hospital,10.17
BR20SS,51.397775,0.011379,South,Princess Royal (PRUH),4.92,Darent Valley,17.64,Princess Royal (PRUH),4.92,Kings College Hospital,10.62
BR20ST,51.402058,0.005485,South,Princess Royal (PRUH),5.54,Darent Valley,17.94,Princess Royal (PRUH),5.54,Kings College Hospital,9.99
BR20SU,51.401557,0.005291,South,Princess Royal (PRUH),5.51,Darent Valley,17.96,Princess Royal (PRUH),5.51,Kings College Hospital,10.02
BR20SW,51.399799,0.008693,South,Princess Royal (PRUH),5.21,Darent Valley,17.77,Princess Royal (PRUH),5.21,Kings College Hospital,10.33
BR20SY,51.397139,0.010733,South,Princess Royal (PRUH),4.9,Darent Valley,17.7,Princess Royal (PRUH),4.9,Kings College Hospital,10.64
BR20SZ,51.397118,0.011436,South,Princess Royal (PRUH),4.86,Darent Valley,17.66,Princess Royal (PRUH),4.86,Kings College Hospital,10.68
BR20TA,51.398032,0.010024,South,Princess Royal (PRUH),5.0,Darent Valley,17.73,Princess Royal (PRUH),5.0,Kings College Hospital,10.53
BR20TB,51.398469,0.015981,South,Princess Royal (PRUH),4.76,Darent Valley,17.32,Princess Royal (PRUH),4.76,Kings College Hospital,10.78
BR20TD,51.395891,0.008508,South,Princess Royal (PRUH),4.91,Darent Valley,17.89,Princess Royal (PRUH),4.91,Kings College Hospital,10.64
BR20TE,51.397581,0.0138,South,Princess Royal (PRUH),4.79,Darent Valley,17.49,Princess Royal (PRUH),4.79,Kings College Hospital,10.75
BR20TF,51.396988,0.012696,South,Princess Royal (PRUH),4.79,Darent Valley,17.58,Princess Royal (PRUH),4.79,Kings College Hospital,10.74
BR20TG,51.395549,0.01062,South,Princess Royal (PRUH),4.78,Darent Valley,17.76,Princess Royal (PRUH),4.78,Kings College Hospital,10.77
BR20TH,51.398769,0.01736,South,Princess Royal (PRUH),4.73,Darent Valley,17.22,Princess Royal (PRUH),4.73,Kings College Hospital,10.82
BR20TJ,51.394278,0.0071,South,Princess Royal (PRUH),4.86,Darent Valley,18.03,Princess Royal (PRUH),4.86,Kings College Hospital,10.72
BR20TL,51.402347,0.005886,South,Princess Royal (PRUH),5.55,Darent Valley,17.9,Princess Royal (PRUH),5.55,Kings College Hospital,9.99
BR20TN,51.389207,0.005499,South,Princess Royal (PRUH),4.6,Darent Valley,18.29,Princess Royal (PRUH),4.6,Kings College Hospital,11.09
BR20TP,51.398769,0.01736,South,Princess Royal (PRUH),4.73,Darent Valley,17.22,Princess Royal (PRUH),4.73,Kings College Hospital,10.82
BR20TQ,51.393769,0.005842,South,Princess Royal (PRUH),4.89,Darent Valley,18.13,Princess Royal (PRUH),4.89,Kings College Hospital,10.7
BR20TR,51.395591,0.007632,South,Princess Royal (PRUH),4.93,Darent Valley,17.96,Princess Royal (PRUH),4.93,Kings College Hospital,10.63
BR20TS,51.398769,0.01736,South,Princess Royal (PRUH),4.73,Darent Valley,17.22,Princess Royal (PRUH),4.73,Kings College Hospital,10.82
BR20TT,51.393496,0.00708,South,Princess Royal (PRUH),4.81,Darent Valley,18.05,Princess Royal (PRUH),4.81,Kings College Hospital,10.78
BR20TU,51.398769,0.01736,South,Princess Royal (PRUH),4.73,Darent Valley,17.22,Princess Royal (PRUH),4.73,Kings College Hospital,10.82
BR20TW,51.389355,0.004729,South,Princess Royal (PRUH),4.66,Darent Valley,18.33,Princess Royal (PRUH),4.66,Kings College Hospital,11.04
BR20TX,51.396608,0.013887,South,Princess Royal (PRUH),4.7,Darent Valley,17.51,Princess Royal (PRUH),4.7,Kings College Hospital,10.83
BR20TY,51.392415,0.002448,South,Princess Royal (PRUH),4.98,Darent Valley,18.39,Princess Royal (PRUH),4.98,Kings College Hospital,10.68
BR20TZ,51.392007,0.001107,South,Princess Royal (PRUH),5.03,Darent Valley,18.5,Princess Royal (PRUH),5.03,Kings College Hospital,10.66
BR20UA,51.391842,0.006505,South,Princess Royal (PRUH),4.72,Darent Valley,18.14,Princess Royal (PRUH),4.72,Kings College Hospital,10.9
BR20UB,51.391697,0.005521,South,Princess Royal (PRUH),4.77,Darent Valley,18.21,Princess Royal (PRUH),4.77,Kings College Hospital,10.87
BR20UD,51.392503,0.000497,South,Princess Royal (PRUH),5.1,Darent Valley,18.52,Princess Royal (PRUH),5.1,Kings College Hospital,10.59
BR20UE,51.391538,0.004336,South,Princess Royal (PRUH),4.82,Darent Valley,18.29,Princess Royal (PRUH),4.82,Kings College Hospital,10.83
BR20UF,51.39156,0.003575,South,Princess Royal (PRUH),4.87,Darent Valley,18.34,Princess Royal (PRUH),4.87,Kings College Hospital,10.8
BR20UG,51.391148,0.002924,South,Princess Royal (PRUH),4.87,Darent Valley,18.4,Princess Royal (PRUH),4.87,Kings College Hospital,10.81
BR20UL,51.392817,0.003141,South,Princess Royal (PRUH),4.97,Darent Valley,18.34,Princess Royal (PRUH),4.97,Kings College Hospital,10.67
BR20UN,51.40121,0.003522,South,Princess Royal (PRUH),5.57,Darent Valley,18.09,Princess Royal (PRUH),5.57,Kings College Hospital,9.97
BR20UP,51.394288,0.008092,South,Princess Royal (PRUH),4.81,Darent Valley,17.96,Princess Royal (PRUH),4.81,Kings College Hospital,10.76
BR20UQ,51.390766,0.002663,South,Princess Royal (PRUH),4.86,Darent Valley,18.43,Princess Royal (PRUH),4.86,Kings College Hospital,10.83
BR20UR,51.394862,0.008189,South,Princess Royal (PRUH),4.85,Darent Valley,17.94,Princess Royal (PRUH),4.85,Kings College Hospital,10.72
BR20UT,51.40121,0.003522,South,Princess Royal (PRUH),5.57,Darent Valley,18.09,Princess Royal (PRUH),5.57,Kings College Hospital,9.97
BR20UW,51.392226,0.001936,South,Princess Royal (PRUH),5.0,Darent Valley,18.43,Princess Royal (PRUH),5.0,Kings College Hospital,10.67
BR20UY,51.393017,0.004055,South,Princess Royal (PRUH),4.94,Darent Valley,18.27,Princess Royal (PRUH),4.94,Kings College Hospital,10.69
BR20WU,51.40121,0.003522,South,Princess Royal (PRUH),5.57,Darent Valley,18.09,Princess Royal (PRUH),5.57,Kings College Hospital,9.97
BR20XD,51.401221,0.002329,South,Princess Royal (PRUH),5.63,Darent Valley,18.17,Princess Royal (PRUH),5.63,Kings College Hospital,9.91
BR20XE,51.394554,0.00993,South,Princess Royal (PRUH),4.74,Darent Valley,17.83,Princess Royal (PRUH),4.74,Kings College Hospital,10.82
BR20XF,51.3952,0.008952,South,Princess Royal (PRUH),4.84,Darent Valley,17.88,Princess Royal (PRUH),4.84,Kings College Hospital,10.72
BR20XH,51.405212,0.011892,South,Princess Royal (PRUH),5.53,Darent Valley,17.43,Princess Royal (PRUH),5.53,Kings College Hospital,10.05
BR20XP,51.401484,0.011125,South,Princess Royal (PRUH),5.24,Darent Valley,17.57,Princess Royal (PRUH),5.24,Kings College Hospital,10.31
BR20XR,51.401183,0.011888,South,Princess Royal (PRUH),5.18,Darent Valley,17.52,Princess Royal (PRUH),5.18,Kings College Hospital,10.37
BR20XT,51.397818,0.010432,South,Princess Royal (PRUH),4.97,Darent Valley,17.71,Princess Royal (PRUH),4.97,Kings College Hospital,10.57
BR20XY,51.402589,0.005451,South,Princess Royal (PRUH),5.59,Darent Valley,17.93,Princess Royal (PRUH),5.59,Kings College Hospital,9.95
BR20XZ,51.401577,0.012006,South,Princess Royal (PRUH),5.21,Darent Valley,17.51,Princess Royal (PRUH),5.21,Kings College Hospital,10.34
BR20YA,51.396237,0.011915,South,Princess Royal (PRUH),4.77,Darent Valley,17.65,Princess Royal (PRUH),4.77,Kings College Hospital,10.77
BR20YD,51.400543,-0.002215,South,Princess Royal (PRUH),5.81,Darent Valley,18.49,Princess Royal (PRUH),5.81,Kings College Hospital,9.77
BR20YE,51.395063,0.008514,South,Princess Royal (PRUH),4.85,Darent Valley,17.91,Princess Royal (PRUH),4.85,Kings College Hospital,10.71
BR20YF,51.397065,0.010298,South,Princess Royal (PRUH),4.91,Darent Valley,17.74,Princess Royal (PRUH),4.91,Kings College Hospital,10.63
BR20YG,51.399067,0.012082,South,Princess Royal (PRUH),4.99,Darent Valley,17.56,Princess Royal (PRUH),4.99,Kings College Hospital,10.55
BR20YN,51.396686,0.012496,South,Princess Royal (PRUH),4.78,Darent Valley,17.6,Princess Royal (PRUH),4.78,Kings College Hospital,10.76
BR20YS,51.396443,0.012471,South,Princess Royal (PRUH),4.76,Darent Valley,17.61,Princess Royal (PRUH),4.76,Kings College Hospital,10.78
BR20ZD,51.40121,0.003522,South,Princess Royal (PRUH),5.57,Darent Valley,18.09,Princess Royal (PRUH),5.57,Kings College Hospital,9.97
BR20ZJ,51.40121,0.003522,South,Princess Royal (PRUH),5.57,Darent Valley,18.09,Princess Royal (PRUH),5.57,Kings College Hospital,9.97
BR20ZL,51.40121,0.003522,South,Princess Royal (PRUH),5.57,Darent Valley,18.09,Princess Royal (PRUH),5.57,Kings College Hospital,9.97
BR20ZP,51.40121,0.003522,South,Princess Royal (PRUH),5.57,Darent Valley,18.09,Princess Royal (PRUH),5.57,Kings College Hospital,9.97
BR20ZT,51.40121,0.003522,South,Princess Royal (PRUH),5.57,Darent Valley,18.09,Princess Royal (PRUH),5.57,Kings College Hospital,9.97
BR20ZY,51.40121,0.003522,South,Princess Royal (PRUH),5.57,Darent Valley,18.09,Princess Royal (PRUH),5.57,Kings College Hospital,9.97
BR26AA,51.347723,0.043539,South,Princess Royal (PRUH),2.29,Darent Valley,17.82,Princess Royal (PRUH),2.29,Kings College Hospital,16.37
BR26AB,51.347004,0.044067,South,Princess Royal (PRUH),2.35,Darent Valley,17.83,Princess Royal (PRUH),2.35,Kings College Hospital,16.46
BR26AD,51.346923,0.040961,South,Princess Royal (PRUH),2.46,Darent Valley,18.02,Princess Royal (PRUH),2.46,Kings College Hospital,16.34
BR26AE,51.350451,0.034067,South,Princess Royal (PRUH),2.47,Darent Valley,18.21,Princess Royal (PRUH),2.47,Kings College Hospital,15.75
BR26AF,51.352041,0.032069,South,Princess Royal (PRUH),2.46,Darent Valley,18.24,Princess Royal (PRUH),2.46,Kings College Hospital,15.53
BR26AG,51.35239,0.030648,South,Princess Royal (PRUH),2.51,Darent Valley,18.31,Princess Royal (PRUH),2.51,Kings College Hospital,15.44
BR26AH,51.359909,0.027964,South,Princess Royal (PRUH),2.31,Darent Valley,18.06,Princess Royal (PRUH),2.31,Kings College Hospital,14.64
BR26AJ,51.36316,0.024071,South,Princess Royal (PRUH),2.51,Darent Valley,18.14,Princess Royal (PRUH),2.51,Kings College Hospital,14.19
BR26AL,51.360409,0.024524,South,Princess Royal (PRUH),2.53,Darent Valley,18.25,Princess Royal (PRUH),2.53,Kings College Hospital,14.46
BR26AN,51.35679,0.023719,South,Princess Royal (PRUH),2.7,Darent Valley,18.49,Princess Royal (PRUH),2.7,Kings College Hospital,14.77
BR26AP,51.357368,0.01527,South,Princess Royal (PRUH),3.24,Darent Valley,18.98,Princess Royal (PRUH),3.24,Kings College Hospital,14.4
BR26AR,51.339053,0.002981,South,Princess Royal (PRUH),4.94,Epsom Hospital,19.2,Princess Royal (PRUH),4.94,St. Georges Hospital,15.76
BR26AS,51.356702,0.012138,South,Princess Royal (PRUH),3.47,Darent Valley,19.2,Princess Royal (PRUH),3.47,Kings College Hospital,14.35
BR26AT,51.357074,0.037448,South,Princess Royal (PRUH),1.83,Darent Valley,17.64,Princess Royal (PRUH),1.83,Kings College Hospital,15.28
BR26AU,51.3597,0.024996,South,Princess Royal (PRUH),2.52,Darent Valley,18.26,Princess Royal (PRUH),2.52,Kings College Hospital,14.54
BR26AW,51.356708,0.022221,South,Princess Royal (PRUH),2.8,Darent Valley,18.58,Princess Royal (PRUH),2.8,Kings College Hospital,14.72
BR26AX,51.348027,0.033859,South,Princess Royal (PRUH),2.67,Darent Valley,18.37,Princess Royal (PRUH),2.67,Kings College Hospital,15.97
BR26AY,51.357368,0.01527,South,Princess Royal (PRUH),3.24,Darent Valley,18.98,Princess Royal (PRUH),3.24,Kings College Hospital,14.4
BR26AZ,51.358406,0.028041,South,Princess Royal (PRUH),2.36,Darent Valley,18.14,Princess Royal (PRUH),2.36,Kings College Hospital,14.78
BR26BA,51.355955,0.031969,South,Princess Royal (PRUH),2.22,Darent Valley,18.03,Princess Royal (PRUH),2.22,Kings College Hospital,15.16
BR26BB,51.35946,0.031047,South,Princess Royal (PRUH),2.12,Darent Valley,17.9,Princess Royal (PRUH),2.12,Kings College Hospital,14.8
BR26BD,51.360437,0.031234,South,Princess Royal (PRUH),2.08,Darent Valley,17.84,Princess Royal (PRUH),2.08,Kings College Hospital,14.72
BR26BE,51.36018,0.029456,South,Princess Royal (PRUH),2.2,Darent Valley,17.96,Princess Royal (PRUH),2.2,Kings College Hospital,14.68
BR26BF,51.356377,0.031988,South,Princess Royal (PRUH),2.2,Darent Valley,18.01,Princess Royal (PRUH),2.2,Kings College Hospital,15.12
BR26BG,51.361435,0.028635,South,Princess Royal (PRUH),2.23,Darent Valley,17.94,Princess Royal (PRUH),2.23,Kings College Hospital,14.53
BR26BH,51.361222,0.030565,South,Princess Royal (PRUH),2.1,Darent Valley,17.84,Princess Royal (PRUH),2.1,Kings College Hospital,14.63
BR26BJ,51.36091,0.027822,South,Princess Royal (PRUH),2.29,Darent Valley,18.02,Princess Royal (PRUH),2.29,Kings College Hospital,14.54
BR26BL,51.362741,0.030071,South,Princess Royal (PRUH),2.1,Darent Valley,17.79,Princess Royal (PRUH),2.1,Kings College Hospital,14.47
BR26BN,51.361948,0.029677,South,Princess Royal (PRUH),2.14,Darent Valley,17.85,Princess Royal (PRUH),2.14,Kings College Hospital,14.52
BR26BP,51.363585,0.028615,South,Princess Royal (PRUH),2.19,Darent Valley,17.84,Princess Royal (PRUH),2.19,Kings College Hospital,14.33
BR26BQ,51.361359,0.02731,South,Princess Royal (PRUH),2.32,Darent Valley,18.03,Princess Royal (PRUH),2.32,Kings College Hospital,14.48
BR26BS,51.365565,0.030598,South,Princess Royal (PRUH),2.04,Darent Valley,17.62,Princess Royal (PRUH),2.04,Kings College Hospital,14.24
BR26BT,51.36221,0.028583,South,Princess Royal (PRUH),2.21,Darent Valley,17.91,Princess Royal (PRUH),2.21,Kings College Hospital,14.46
BR26BU,51.359629,0.032721,South,Princess Royal (PRUH),2.01,Darent Valley,17.79,Princess Royal (PRUH),2.01,Kings College Hospital,14.86
BR26BW,51.361102,0.02816,South,Princess Royal (PRUH),2.27,Darent Valley,17.99,Princess Royal (PRUH),2.27,Kings College Hospital,14.54
BR26BX,51.362836,0.02874,South,Princess Royal (PRUH),2.19,Darent Valley,17.87,Princess Royal (PRUH),2.19,Kings College Hospital,14.41
BR26BY,51.364464,0.030823,South,Princess Royal (PRUH),2.03,Darent Valley,17.66,Princess Royal (PRUH),2.03,Kings College Hospital,14.34
BR26BZ,51.365497,0.038166,South,Princess Royal (PRUH),1.52,Darent Valley,17.15,Princess Royal (PRUH),1.52,Kings College Hospital,14.56
BR26DA,51.348095,0.036634,South,Princess Royal (PRUH),2.53,Darent Valley,18.2,Princess Royal (PRUH),2.53,Kings College Hospital,16.07
BR26DB,51.346886,0.036336,South,Princess Royal (PRUH),2.65,Darent Valley,18.29,Princess Royal (PRUH),2.65,Kings College Hospital,16.17
BR26DD,51.335514,0.030937,South,Princess Royal (PRUH),3.91,Darent Valley,19.31,Princess Royal (PRUH),3.91,Kings College Hospital,17.05
BR26DE,51.344674,0.034271,South,Princess Royal (PRUH),2.93,Darent Valley,18.54,Princess Royal (PRUH),2.93,Kings College Hospital,16.3
BR26DF,51.346373,0.035337,South,Princess Royal (PRUH),2.74,Darent Valley,18.38,Princess Royal (PRUH),2.74,Kings College Hospital,16.18
BR26DG,51.342146,0.031215,South,Princess Royal (PRUH),3.29,Darent Valley,18.87,Princess Royal (PRUH),3.29,Kings College Hospital,16.42
BR26DH,51.336426,0.024502,South,Princess Royal (PRUH),4.07,Darent Valley,19.62,Princess Royal (PRUH),4.07,Kings College Hospital,16.74
BR26DJ,51.336686,0.024514,South,Princess Royal (PRUH),4.05,Darent Valley,19.6,Princess Royal (PRUH),4.05,Kings College Hospital,16.71
BR26DL,51.336848,0.029704,South,Princess Royal (PRUH),3.83,Darent Valley,19.29,Princess Royal (PRUH),3.83,Kings College Hospital,16.88
BR26DN,51.336168,0.029487,South,Princess Royal (PRUH),3.9,Darent Valley,19.35,Princess Royal (PRUH),3.9,Kings College Hospital,16.93
BR26DP,51.337156,0.029574,South,Princess Royal (PRUH),3.8,Darent Valley,19.28,Princess Royal (PRUH),3.8,Kings College Hospital,16.84
BR26DQ,51.342038,0.030206,South,Princess Royal (PRUH),3.34,Darent Valley,18.94,Princess Royal (PRUH),3.34,Kings College Hospital,16.4
BR26DR,51.338195,0.028787,South,Princess Royal (PRUH),3.74,Darent Valley,19.26,Princess Royal (PRUH),3.74,Kings College Hospital,16.71
BR26DS,51.336473,0.031108,South,Princess Royal (PRUH),3.81,Darent Valley,19.23,Princess Royal (PRUH),3.81,Kings College Hospital,16.96
BR26DT,51.337074,0.031724,South,Princess Royal (PRUH),3.73,Darent Valley,19.16,Princess Royal (PRUH),3.73,Kings College Hospital,16.93
BR26DU,51.333362,0.027985,South,Princess Royal (PRUH),4.22,Darent Valley,19.61,Princess Royal (PRUH),4.22,Kings College Hospital,17.16
BR26DW,51.336933,0.029463,South,Princess Royal (PRUH),3.83,Darent Valley,19.3,Princess Royal (PRUH),3.83,Kings College Hospital,16.86
BR26DX,51.366309,0.046261,South,Princess Royal (PRUH),0.96,Darent Valley,16.61,Princess Royal (PRUH),0.96,Kings College Hospital,14.85
BR26EA,51.366351,0.047973,South,Princess Royal (PRUH),0.84,Darent Valley,16.5,Princess Royal (PRUH),0.84,Kings College Hospital,14.92
BR26EB,51.36749,0.046587,South,Princess Royal (PRUH),0.95,Darent Valley,16.53,Princess Royal (PRUH),0.95,Kings College Hospital,14.76
BR26ED,51.364447,0.042673,South,Princess Royal (PRUH),1.21,Darent Valley,16.92,Princess Royal (PRUH),1.21,Kings College Hospital,14.85
BR26EE,51.364034,0.042641,South,Princess Royal (PRUH),1.22,Darent Valley,16.95,Princess Royal (PRUH),1.22,Kings College Hospital,14.88
BR26EF,51.362386,0.042754,South,Princess Royal (PRUH),1.25,Darent Valley,17.03,Princess Royal (PRUH),1.25,Kings College Hospital,15.03
BR26EG,51.364291,0.044922,South,Princess Royal (PRUH),1.06,Darent Valley,16.8,Princess Royal (PRUH),1.06,Kings College Hospital,14.96
BR26EH,51.366996,0.041393,South,Princess Royal (PRUH),1.3,Darent Valley,16.87,Princess Royal (PRUH),1.3,Kings College Hospital,14.57
BR26EJ,51.367638,0.043275,South,Princess Royal (PRUH),1.18,Darent Valley,16.72,Princess Royal (PRUH),1.18,Kings College Hospital,14.6
BR26EL,51.366711,0.042803,South,Princess Royal (PRUH),1.2,Darent Valley,16.8,Princess Royal (PRUH),1.2,Kings College Hospital,14.66
BR26EN,51.36477,0.041179,South,Princess Royal (PRUH),1.31,Darent Valley,17.0,Princess Royal (PRUH),1.31,Kings College Hospital,14.75
BR26EP,51.363936,0.048224,South,Princess Royal (PRUH),0.84,Darent Valley,16.61,Princess Royal (PRUH),0.84,Kings College Hospital,15.14
BR26EQ,51.364084,0.045961,South,Princess Royal (PRUH),0.99,Darent Valley,16.74,Princess Royal (PRUH),0.99,Kings College Hospital,15.02
BR26ER,51.362973,0.036962,South,Princess Royal (PRUH),1.63,Darent Valley,17.35,Princess Royal (PRUH),1.63,Kings College Hospital,14.73
BR26ES,51.364422,0.044109,South,Princess Royal (PRUH),1.11,Darent Valley,16.84,Princess Royal (PRUH),1.11,Kings College Hospital,14.91
BR26ET,51.364497,0.039803,South,Princess Royal (PRUH),1.41,Darent Valley,17.1,Princess Royal (PRUH),1.41,Kings College Hospital,14.72
BR26EW,51.364656,0.040485,South,Princess Royal (PRUH),1.36,Darent Valley,17.05,Princess Royal (PRUH),1.36,Kings College Hospital,14.73
BR26EX,51.364895,0.039648,South,Princess Royal (PRUH),1.42,Darent Valley,17.09,Princess Royal (PRUH),1.42,Kings College Hospital,14.68
BR26EZ,51.358536,0.031983,South,Princess Royal (PRUH),2.1,Darent Valley,17.89,Princess Royal (PRUH),2.1,Kings College Hospital,14.93
BR26HA,51.35999,0.038338,South,Princess Royal (PRUH),1.63,Darent Valley,17.42,Princess Royal (PRUH),1.63,Kings College Hospital,15.05
BR26HB,51.359338,0.042231,South,Princess Royal (PRUH),1.42,Darent Valley,17.22,Princess Royal (PRUH),1.42,Kings College Hospital,15.28
BR26HD,51.363587,0.036774,South,Princess Royal (PRUH),1.63,Darent Valley,17.33,Princess Royal (PRUH),1.63,Kings College Hospital,14.67
BR26HE,51.362193,0.038853,South,Princess Royal (PRUH),1.52,Darent Valley,17.28,Princess Royal (PRUH),1.52,Kings College Hospital,14.88
BR26HF,51.365704,0.038678,South,Princess Royal (PRUH),1.48,Darent Valley,17.11,Princess Royal (PRUH),1.48,Kings College Hospital,14.57
BR26HG,51.366341,0.039238,South,Princess Royal (PRUH),1.44,Darent Valley,17.04,Princess Royal (PRUH),1.44,Kings College Hospital,14.53
BR26HH,51.364223,0.039503,South,Princess Royal (PRUH),1.43,Darent Valley,17.13,Princess Royal (PRUH),1.43,Kings College Hospital,14.73
BR26HJ,51.353789,0.035019,South,Princess Royal (PRUH),2.18,Darent Valley,17.97,Princess Royal (PRUH),2.18,Kings College Hospital,15.48
BR26HL,51.34589,0.031568,South,Princess Royal (PRUH),2.95,Darent Valley,18.63,Princess Royal (PRUH),2.95,Kings College Hospital,16.08
BR26HN,51.364657,0.037842,South,Princess Royal (PRUH),1.54,Darent Valley,17.21,Princess Royal (PRUH),1.54,Kings College Hospital,14.62
BR26HP,51.346109,0.031893,South,Princess Royal (PRUH),2.92,Darent Valley,18.6,Princess Royal (PRUH),2.92,Kings College Hospital,16.07
BR26HQ,51.366637,0.039323,South,Princess Royal (PRUH),1.44,Darent Valley,17.02,Princess Royal (PRUH),1.44,Kings College Hospital,14.51
BR26HR,51.347762,0.029956,South,Princess Royal (PRUH),2.88,Darent Valley,18.61,Princess Royal (PRUH),2.88,Kings College Hospital,15.85
BR26HS,51.348615,0.030553,South,Princess Royal (PRUH),2.78,Darent Valley,18.53,Princess Royal (PRUH),2.78,Kings College Hospital,15.79
BR26HT,51.348843,0.033479,South,Princess Royal (PRUH),2.62,Darent Valley,18.34,Princess Royal (PRUH),2.62,Kings College Hospital,15.88
BR26HU,51.352763,0.036596,South,Princess Royal (PRUH),2.16,Darent Valley,17.93,Princess Royal (PRUH),2.16,Kings College Hospital,15.64
BR26HW,51.365536,0.037478,South,Princess Royal (PRUH),1.56,Darent Valley,17.19,Princess Royal (PRUH),1.56,Kings College Hospital,14.53
BR26HX,51.363196,0.038064,South,Princess Royal (PRUH),1.55,Darent Valley,17.27,Princess Royal (PRUH),1.55,Kings College Hospital,14.76
BR26HY,51.36139,0.03797,South,Princess Royal (PRUH),1.6,Darent Valley,17.37,Princess Royal (PRUH),1.6,Kings College Hospital,14.91
BR26HZ,51.353789,0.04016,South,Princess Royal (PRUH),1.9,Darent Valley,17.66,Princess Royal (PRUH),1.9,Kings College Hospital,15.68
BR26JA,51.36185,0.038421,South,Princess Royal (PRUH),1.56,Darent Valley,17.32,Princess Royal (PRUH),1.56,Kings College Hospital,14.89
BR26JB,51.362305,0.037105,South,Princess Royal (PRUH),1.63,Darent Valley,17.38,Princess Royal (PRUH),1.63,Kings College Hospital,14.8
BR26JD,51.361079,0.037252,South,Princess Royal (PRUH),1.66,Darent Valley,17.43,Princess Royal (PRUH),1.66,Kings College Hospital,14.91
BR26JE,51.358535,0.031997,South,Princess Royal (PRUH),2.1,Darent Valley,17.89,Princess Royal (PRUH),2.1,Kings College Hospital,14.93
BR26JP,51.362775,0.035417,South,Princess Royal (PRUH),1.74,Darent Valley,17.46,Princess Royal (PRUH),1.74,Kings College Hospital,14.68
BR26JQ,51.36185,0.038421,South,Princess Royal (PRUH),1.56,Darent Valley,17.32,Princess Royal (PRUH),1.56,Kings College Hospital,14.89
BR26JR,51.362775,0.035417,South,Princess Royal (PRUH),1.74,Darent Valley,17.46,Princess Royal (PRUH),1.74,Kings College Hospital,14.68
BR26JU,51.362775,0.035417,South,Princess Royal (PRUH),1.74,Darent Valley,17.46,Princess Royal (PRUH),1.74,Kings College Hospital,14.68
BR26JW,51.362775,0.035417,South,Princess Royal (PRUH),1.74,Darent Valley,17.46,Princess Royal (PRUH),1.74,Kings College Hospital,14.68
BR26JX,51.36185,0.038421,South,Princess Royal (PRUH),1.56,Darent Valley,17.32,Princess Royal (PRUH),1.56,Kings College Hospital,14.89
BR26JY,51.36185,0.038421,South,Princess Royal (PRUH),1.56,Darent Valley,17.32,Princess Royal (PRUH),1.56,Kings College Hospital,14.89
BR26UG,51.358536,0.031983,South,Princess Royal (PRUH),2.1,Darent Valley,17.89,Princess Royal (PRUH),2.1,Kings College Hospital,14.93
BR26UT,51.357265,0.031639,South,Princess Royal (PRUH),2.18,Darent Valley,17.98,Princess Royal (PRUH),2.18,Kings College Hospital,15.03
BR26WD,51.361079,0.037252,South,Princess Royal (PRUH),1.66,Darent Valley,17.43,Princess Royal (PRUH),1.66,Kings College Hospital,14.91
BR26WP,51.361079,0.037252,South,Princess Royal (PRUH),1.66,Darent Valley,17.43,Princess Royal (PRUH),1.66,Kings College Hospital,14.91
BR26ZS,51.361079,0.037252,South,Princess Royal (PRUH),1.66,Darent Valley,17.43,Princess Royal (PRUH),1.66,Kings College Hospital,14.91
BR27AA,51.371663,0.024819,South,Princess Royal (PRUH),2.53,Darent Valley,17.69,Princess Royal (PRUH),2.53,Kings College Hospital,13.45
BR27AB,51.371882,0.023061,South,Princess Royal (PRUH),2.66,Darent Valley,17.8,Princess Royal (PRUH),2.66,Kings College Hospital,13.36
BR27AD,51.369219,0.027843,South,Princess Royal (PRUH),2.27,Darent Valley,17.61,Princess Royal (PRUH),2.27,Kings College Hospital,13.8
BR27AE,51.367932,0.02737,South,Princess Royal (PRUH),2.28,Darent Valley,17.7,Princess Royal (PRUH),2.28,Kings College Hospital,13.89
BR27AF,51.367124,0.022105,South,Princess Royal (PRUH),2.64,Darent Valley,18.07,Princess Royal (PRUH),2.64,Kings College Hospital,13.75
BR27AG,51.37167,0.005567,South,Princess Royal (PRUH),3.84,Darent Valley,18.92,Princess Royal (PRUH),3.84,Kings College Hospital,12.69
BR27AH,51.365796,0.019834,South,Princess Royal (PRUH),2.79,Darent Valley,18.28,Princess Royal (PRUH),2.79,Kings College Hospital,13.78
BR27AJ,51.364894,0.016835,South,Princess Royal (PRUH),3.0,Darent Valley,18.51,Princess Royal (PRUH),3.0,Kings College Hospital,13.75
BR27AL,51.37062,0.00861,South,Princess Royal (PRUH),3.61,Darent Valley,18.77,Princess Royal (PRUH),3.61,Kings College Hospital,12.91
BR27AN,51.374486,0.014411,South,Princess Royal (PRUH),3.32,Darent Valley,18.24,Princess Royal (PRUH),3.32,Kings College Hospital,12.77
BR27AP,51.374938,0.010595,South,Princess Royal (PRUH),3.58,Darent Valley,18.47,Princess Royal (PRUH),3.58,Kings College Hospital,12.58
BR27AQ,51.368563,0.012686,South,Princess Royal (PRUH),3.3,Darent Valley,18.6,Princess Royal (PRUH),3.3,Kings College Hospital,13.25
BR27AR,51.373751,0.014781,South,Princess Royal (PRUH),3.27,Darent Valley,18.24,Princess Royal (PRUH),3.27,Kings College Hospital,12.85
BR27AS,51.37308,0.014608,South,Princess Royal (PRUH),3.26,Darent Valley,18.28,Princess Royal (PRUH),3.26,Kings College Hospital,12.91
BR27AT,51.371209,0.015676,South,Princess Royal (PRUH),3.14,Darent Valley,18.3,Princess Royal (PRUH),3.14,Kings College Hospital,13.12
BR27AU,51.370043,0.01709,South,Princess Royal (PRUH),3.02,Darent Valley,18.26,Princess Royal (PRUH),3.02,Kings College Hospital,13.28
BR27AW,51.375107,0.010214,South,Princess Royal (PRUH),3.61,Darent Valley,18.48,Princess Royal (PRUH),3.61,Kings College Hospital,12.55
BR27AY,51.381116,0.005864,South,Princess Royal (PRUH),4.13,Darent Valley,18.54,Princess Royal (PRUH),4.13,Kings College Hospital,11.83
BR27AZ,51.371663,0.024819,South,Princess Royal (PRUH),2.53,Darent Valley,17.69,Princess Royal (PRUH),2.53,Kings College Hospital,13.45
BR27BA,51.376742,0.017125,South,Princess Royal (PRUH),3.22,Darent Valley,17.97,Princess Royal (PRUH),3.22,Kings College Hospital,12.68
BR27BB,51.377281,0.017163,South,Princess Royal (PRUH),3.24,Darent Valley,17.95,Princess Royal (PRUH),3.24,Kings College Hospital,12.63
BR27BD,51.376433,0.018348,South,Princess Royal (PRUH),3.13,Darent Valley,17.9,Princess Royal (PRUH),3.13,Kings College Hospital,12.76
BR27BE,51.375062,0.019121,South,Princess Royal (PRUH),3.03,Darent Valley,17.91,Princess Royal (PRUH),3.03,Kings College Hospital,12.91
BR27BF,51.383434,0.011771,South,Princess Royal (PRUH),3.89,Darent Valley,18.06,Princess Royal (PRUH),3.89,Kings College Hospital,11.86
BR27BG,51.376525,0.019243,South,Princess Royal (PRUH),3.08,Darent Valley,17.84,Princess Royal (PRUH),3.08,Kings College Hospital,12.79
BR27BH,51.375792,0.019541,South,Princess Royal (PRUH),3.03,Darent Valley,17.85,Princess Royal (PRUH),3.03,Kings College Hospital,12.87
BR27BJ,51.37814,0.021038,South,Princess Royal (PRUH),3.04,Darent Valley,17.66,Princess Royal (PRUH),3.04,Kings College Hospital,12.72
BR27BL,51.376848,0.019803,South,Princess Royal (PRUH),3.06,Darent Valley,17.79,Princess Royal (PRUH),3.06,Kings College Hospital,12.78
BR27BN,51.376837,0.020981,South,Princess Royal (PRUH),2.98,Darent Valley,17.72,Princess Royal (PRUH),2.98,Kings College Hospital,12.83
BR27BP,51.373806,0.021537,South,Princess Royal (PRUH),2.82,Darent Valley,17.81,Princess Royal (PRUH),2.82,Kings College Hospital,13.13
BR27BQ,51.378162,0.020277,South,Princess Royal (PRUH),3.09,Darent Valley,17.71,Princess Royal (PRUH),3.09,Kings College Hospital,12.69
BR27BS,51.373689,0.021029,South,Princess Royal (PRUH),2.85,Darent Valley,17.85,Princess Royal (PRUH),2.85,Kings College Hospital,13.11
BR27BT,51.372219,0.019729,South,Princess Royal (PRUH),2.89,Darent Valley,17.99,Princess Royal (PRUH),2.89,Kings College Hospital,13.19
BR27BU,51.371923,0.020678,South,Princess Royal (PRUH),2.82,Darent Valley,17.95,Princess Royal (PRUH),2.82,Kings College Hospital,13.26
BR27BW,51.377086,0.021164,South,Princess Royal (PRUH),2.98,Darent Valley,17.7,Princess Royal (PRUH),2.98,Kings College Hospital,12.82
BR27BX,51.375476,0.016466,South,Princess Royal (PRUH),3.22,Darent Valley,18.06,Princess Royal (PRUH),3.22,Kings College Hospital,12.77
BR27BY,51.372607,0.015967,South,Princess Royal (PRUH),3.15,Darent Valley,18.22,Princess Royal (PRUH),3.15,Kings College Hospital,13.01
BR27BZ,51.37237,0.015094,South,Princess Royal (PRUH),3.21,Darent Valley,18.28,Princess Royal (PRUH),3.21,Kings College Hospital,12.99
BR27DB,51.373976,0.018958,South,Princess Royal (PRUH),3.0,Darent Valley,17.97,Princess Royal (PRUH),3.0,Kings College Hospital,13.0
BR27DD,51.37647,0.015145,South,Princess Royal (PRUH),3.34,Darent Valley,18.11,Princess Royal (PRUH),3.34,Kings College Hospital,12.62
BR27DE,51.375018,0.013788,South,Princess Royal (PRUH),3.37,Darent Valley,18.26,Princess Royal (PRUH),3.37,Kings College Hospital,12.7
BR27DF,51.375476,0.012817,South,Princess Royal (PRUH),3.45,Darent Valley,18.3,Princess Royal (PRUH),3.45,Kings College Hospital,12.62
BR27DG,51.376488,0.013062,South,Princess Royal (PRUH),3.48,Darent Valley,18.24,Princess Royal (PRUH),3.48,Kings College Hospital,12.54
BR27DH,51.37637,0.01573,South,Princess Royal (PRUH),3.3,Darent Valley,18.08,Princess Royal (PRUH),3.3,Kings College Hospital,12.66
BR27DJ,51.374771,0.011464,South,Princess Royal (PRUH),3.52,Darent Valley,18.42,Princess Royal (PRUH),3.52,Kings College Hospital,12.63
BR27DL,51.376443,0.008879,South,Princess Royal (PRUH),3.75,Darent Valley,18.52,Princess Royal (PRUH),3.75,Kings College Hospital,12.38
BR27DN,51.374163,0.008104,South,Princess Royal (PRUH),3.73,Darent Valley,18.66,Princess Royal (PRUH),3.73,Kings College Hospital,12.56
BR27DP,51.372969,0.006902,South,Princess Royal (PRUH),3.78,Darent Valley,18.78,Princess Royal (PRUH),3.78,Kings College Hospital,12.62
BR27DQ,51.376508,0.012416,South,Princess Royal (PRUH),3.52,Darent Valley,18.28,Princess Royal (PRUH),3.52,Kings College Hospital,12.51
BR27DR,51.373493,0.007299,South,Princess Royal (PRUH),3.76,Darent Valley,18.74,Princess Royal (PRUH),3.76,Kings College Hospital,12.59
BR27DS,51.374848,0.008522,South,Princess Royal (PRUH),3.72,Darent Valley,18.6,Princess Royal (PRUH),3.72,Kings College Hospital,12.51
BR27DT,51.374672,0.009893,South,Princess Royal (PRUH),3.62,Darent Valley,18.52,Princess Royal (PRUH),3.62,Kings College Hospital,12.58
BR27DU,51.373408,0.009622,South,Princess Royal (PRUH),3.6,Darent Valley,18.59,Princess Royal (PRUH),3.6,Kings College Hospital,12.68
BR27DW,51.373965,0.007578,South,Princess Royal (PRUH),3.76,Darent Valley,18.7,Princess Royal (PRUH),3.76,Kings College Hospital,12.55
BR27DX,51.376568,0.008367,South,Princess Royal (PRUH),3.79,Darent Valley,18.54,Princess Royal (PRUH),3.79,Kings College Hospital,12.34
BR27DY,51.374051,0.00988,South,Princess Royal (PRUH),3.6,Darent Valley,18.55,Princess Royal (PRUH),3.6,Kings College Hospital,12.63
BR27DZ,51.374237,0.011139,South,Princess Royal (PRUH),3.53,Darent Valley,18.46,Princess Royal (PRUH),3.53,Kings College Hospital,12.67
BR27EA,51.375996,0.011302,South,Princess Royal (PRUH),3.57,Darent Valley,18.38,Princess Royal (PRUH),3.57,Kings College Hospital,12.51
BR27EB,51.37646,0.011523,South,Princess Royal (PRUH),3.58,Darent Valley,18.34,Princess Royal (PRUH),3.58,Kings College Hospital,12.48
BR27ED,51.375801,0.010129,South,Princess Royal (PRUH),3.64,Darent Valley,18.46,Princess Royal (PRUH),3.64,Kings College Hospital,12.48
BR27EE,51.376565,0.011686,South,Princess Royal (PRUH),3.57,Darent Valley,18.33,Princess Royal (PRUH),3.57,Kings College Hospital,12.48
BR27EF,51.376699,0.010169,South,Princess Royal (PRUH),3.67,Darent Valley,18.42,Princess Royal (PRUH),3.67,Kings College Hospital,12.4
BR27EG,51.370085,0.01725,South,Princess Royal (PRUH),3.01,Darent Valley,18.24,Princess Royal (PRUH),3.01,Kings College Hospital,13.29
BR27EH,51.377278,0.010525,South,Princess Royal (PRUH),3.67,Darent Valley,18.38,Princess Royal (PRUH),3.67,Kings College Hospital,12.36
BR27EJ,51.376605,0.010955,South,Princess Royal (PRUH),3.62,Darent Valley,18.38,Princess Royal (PRUH),3.62,Kings College Hospital,12.44
BR27EL,51.375801,0.010129,South,Princess Royal (PRUH),3.64,Darent Valley,18.46,Princess Royal (PRUH),3.64,Kings College Hospital,12.48
BR27EN,51.376251,0.010609,South,Princess Royal (PRUH),3.63,Darent Valley,18.41,Princess Royal (PRUH),3.63,Kings College Hospital,12.46
BR27EQ,51.377275,0.011229,South,Princess Royal (PRUH),3.63,Darent Valley,18.33,Princess Royal (PRUH),3.63,Kings College Hospital,12.39
BR27ER,51.376699,0.010169,South,Princess Royal (PRUH),3.67,Darent Valley,18.42,Princess Royal (PRUH),3.67,Kings College Hospital,12.4
BR27ES,51.375595,0.010049,South,Princess Royal (PRUH),3.64,Darent Valley,18.47,Princess Royal (PRUH),3.64,Kings College Hospital,12.5
BR27ET,51.37543,0.008662,South,Princess Royal (PRUH),3.73,Darent Valley,18.57,Princess Royal (PRUH),3.73,Kings College Hospital,12.46
BR27EU,51.376056,0.005183,South,Princess Royal (PRUH),3.98,Darent Valley,18.77,Princess Royal (PRUH),3.98,Kings College Hospital,12.27
BR27EW,51.376365,0.010772,South,Princess Royal (PRUH),3.62,Darent Valley,18.4,Princess Royal (PRUH),3.62,Kings College Hospital,12.46
BR27EX,51.374542,0.004341,South,Princess Royal (PRUH),3.99,Darent Valley,18.89,Princess Royal (PRUH),3.99,Kings College Hospital,12.38
BR27EY,51.376108,0.006895,South,Princess Royal (PRUH),3.87,Darent Valley,18.66,Princess Royal (PRUH),3.87,Kings College Hospital,12.33
BR27EZ,51.376224,0.00749,South,Princess Royal (PRUH),3.83,Darent Valley,18.62,Princess Royal (PRUH),3.83,Kings College Hospital,12.34
BR27FA,51.380701,0.019052,South,Princess Royal (PRUH),3.3,Darent Valley,17.69,Princess Royal (PRUH),3.3,Kings College Hospital,12.41
BR27FB,51.380782,0.005936,South,Princess Royal (PRUH),4.11,Darent Valley,18.54,Princess Royal (PRUH),4.11,Kings College Hospital,11.86
BR27GP,51.378739,0.01865,South,Princess Royal (PRUH),3.22,Darent Valley,17.79,Princess Royal (PRUH),3.22,Kings College Hospital,12.57
BR27HA,51.375782,0.007571,South,Princess Royal (PRUH),3.81,Darent Valley,18.63,Princess Royal (PRUH),3.81,Kings College Hospital,12.39
BR27HB,51.376126,0.008462,South,Princess Royal (PRUH),3.76,Darent Valley,18.56,Princess Royal (PRUH),3.76,Kings College Hospital,12.39
BR27HE,51.374072,0.00501,South,Princess Royal (PRUH),3.93,Darent Valley,18.86,Princess Royal (PRUH),3.93,Kings College Hospital,12.45
BR27HF,51.373298,0.004503,South,Princess Royal (PRUH),3.95,Darent Valley,18.93,Princess Royal (PRUH),3.95,Kings College Hospital,12.5
BR27HG,51.372788,0.004897,South,Princess Royal (PRUH),3.91,Darent Valley,18.92,Princess Royal (PRUH),3.91,Kings College Hospital,12.56
BR27HH,51.378313,0.005181,South,Princess Royal (PRUH),4.06,Darent Valley,18.68,Princess Royal (PRUH),4.06,Kings College Hospital,12.06
BR27HJ,51.377139,0.004455,South,Princess Royal (PRUH),4.06,Darent Valley,18.78,Princess Royal (PRUH),4.06,Kings College Hospital,12.14
BR27HL,51.376979,0.003255,South,Princess Royal (PRUH),4.14,Darent Valley,18.86,Princess Royal (PRUH),4.14,Kings College Hospital,12.11
BR27HN,51.377427,0.000731,South,Princess Royal (PRUH),4.32,Darent Valley,19.01,Princess Royal (PRUH),4.32,Kings College Hospital,11.97
BR27HP,51.378373,0.017427,South,Princess Royal (PRUH),3.28,Darent Valley,17.89,Princess Royal (PRUH),3.28,Kings College Hospital,12.55
BR27HQ,51.372512,0.005273,South,Princess Royal (PRUH),3.88,Darent Valley,18.91,Princess Royal (PRUH),3.88,Kings College Hospital,12.6
BR27HR,51.378487,0.000777,South,Princess Royal (PRUH),4.35,Darent Valley,18.97,Princess Royal (PRUH),4.35,Kings College Hospital,11.88
BR27HS,51.378644,0.001632,South,Princess Royal (PRUH),4.3,Darent Valley,18.9,Princess Royal (PRUH),4.3,Kings College Hospital,11.89
BR27HT,51.378582,0.004747,South,Princess Royal (PRUH),4.1,Darent Valley,18.7,Princess Royal (PRUH),4.1,Kings College Hospital,12.02
BR27HU,51.3808,0.004384,South,Princess Royal (PRUH),4.21,Darent Valley,18.64,Princess Royal (PRUH),4.21,Kings College Hospital,11.8
BR27HW,51.377719,0.001031,South,Princess Royal (PRUH),4.31,Darent Valley,18.98,Princess Royal (PRUH),4.31,Kings College Hospital,11.96
BR27HX,51.379958,0.003112,South,Princess Royal (PRUH),4.26,Darent Valley,18.76,Princess Royal (PRUH),4.26,Kings College Hospital,11.83
BR27HY,51.378962,0.003025,South,Princess Royal (PRUH),4.22,Darent Valley,18.8,Princess Royal (PRUH),4.22,Kings College Hospital,11.92
BR27HZ,51.379271,0.003843,South,Princess Royal (PRUH),4.18,Darent Valley,18.74,Princess Royal (PRUH),4.18,Kings College Hospital,11.92
BR27JA,51.3811,0.003665,South,Princess Royal (PRUH),4.27,Darent Valley,18.68,Princess Royal (PRUH),4.27,Kings College Hospital,11.74
BR27JB,51.381085,0.005087,South,Princess Royal (PRUH),4.18,Darent Valley,18.59,Princess Royal (PRUH),4.18,Kings College Hospital,11.8
BR27JD,51.3792,0.006973,South,Princess Royal (PRUH),3.98,Darent Valley,18.53,Princess Royal (PRUH),3.98,Kings College Hospital,12.05
BR27JE,51.37769,0.0106,South,Princess Royal (PRUH),3.68,Darent Valley,18.36,Princess Royal (PRUH),3.68,Kings College Hospital,12.33
BR27JF,51.378033,0.010543,South,Princess Royal (PRUH),3.7,Darent Valley,18.35,Princess Royal (PRUH),3.7,Kings College Hospital,12.3
BR27JG,51.377468,0.00888,South,Princess Royal (PRUH),3.79,Darent Valley,18.48,Princess Royal (PRUH),3.79,Kings College Hospital,12.28
BR27JH,51.377332,0.00738,South,Princess Royal (PRUH),3.88,Darent Valley,18.58,Princess Royal (PRUH),3.88,Kings College Hospital,12.24
BR27JJ,51.377806,0.005935,South,Princess Royal (PRUH),3.99,Darent Valley,18.66,Princess Royal (PRUH),3.99,Kings College Hospital,12.14
BR27JL,51.378368,0.006175,South,Princess Royal (PRUH),4.0,Darent Valley,18.62,Princess Royal (PRUH),4.0,Kings College Hospital,12.09
BR27JN,51.379551,0.009604,South,Princess Royal (PRUH),3.83,Darent Valley,18.35,Princess Royal (PRUH),3.83,Kings College Hospital,12.12
BR27JP,51.378704,0.007052,South,Princess Royal (PRUH),3.95,Darent Valley,18.55,Princess Royal (PRUH),3.95,Kings College Hospital,12.1
BR27JQ,51.377685,0.00672,South,Princess Royal (PRUH),3.94,Darent Valley,18.61,Princess Royal (PRUH),3.94,Kings College Hospital,12.18
BR27JR,51.378322,0.011476,South,Princess Royal (PRUH),3.65,Darent Valley,18.27,Princess Royal (PRUH),3.65,Kings College Hospital,12.31
BR27JS,51.379976,0.011534,South,Princess Royal (PRUH),3.72,Darent Valley,18.21,Princess Royal (PRUH),3.72,Kings College Hospital,12.16
BR27JT,51.379463,0.01154,South,Princess Royal (PRUH),3.7,Darent Valley,18.23,Princess Royal (PRUH),3.7,Kings College Hospital,12.21
BR27JU,51.378962,0.012466,South,Princess Royal (PRUH),3.62,Darent Valley,18.19,Princess Royal (PRUH),3.62,Kings College Hospital,12.29
BR27JW,51.379556,0.010351,South,Princess Royal (PRUH),3.78,Darent Valley,18.3,Princess Royal (PRUH),3.78,Kings College Hospital,12.15
BR27JX,51.379443,0.013752,South,Princess Royal (PRUH),3.56,Darent Valley,18.08,Princess Royal (PRUH),3.56,Kings College Hospital,12.3
BR27JZ,51.371228,0.004585,South,Princess Royal (PRUH),3.9,Darent Valley,19.01,Princess Royal (PRUH),3.9,Kings College Hospital,12.7
BR27LA,51.381803,0.017233,South,Princess Royal (PRUH),3.47,Darent Valley,17.77,Princess Royal (PRUH),3.47,Kings College Hospital,12.24
BR27LB,51.380715,0.01822,South,Princess Royal (PRUH),3.35,Darent Valley,17.74,Princess Royal (PRUH),3.35,Kings College Hospital,12.38
BR27LD,51.378999,0.017656,South,Princess Royal (PRUH),3.3,Darent Valley,17.85,Princess Royal (PRUH),3.3,Kings College Hospital,12.5
BR27LE,51.379896,0.018313,South,Princess Royal (PRUH),3.3,Darent Valley,17.77,Princess Royal (PRUH),3.3,Kings College Hospital,12.45
BR27LF,51.37994,0.017841,South,Princess Royal (PRUH),3.33,Darent Valley,17.8,Princess Royal (PRUH),3.33,Kings College Hospital,12.43
BR27LG,51.379637,0.02234,South,Princess Royal (PRUH),3.04,Darent Valley,17.52,Princess Royal (PRUH),3.04,Kings College Hospital,12.65
BR27LH,51.378132,0.017344,South,Princess Royal (PRUH),3.27,Darent Valley,17.9,Princess Royal (PRUH),3.27,Kings College Hospital,12.57
BR27LJ,51.377731,0.016565,South,Princess Royal (PRUH),3.3,Darent Valley,17.97,Princess Royal (PRUH),3.3,Kings College Hospital,12.57
BR27LL,51.377138,0.016582,South,Princess Royal (PRUH),3.28,Darent Valley,17.99,Princess Royal (PRUH),3.28,Kings College Hospital,12.62
BR27LN,51.378616,0.014262,South,Princess Royal (PRUH),3.49,Darent Valley,18.08,Princess Royal (PRUH),3.49,Kings College Hospital,12.39
BR27LP,51.377348,0.016879,South,Princess Royal (PRUH),3.27,Darent Valley,17.96,Princess Royal (PRUH),3.27,Kings College Hospital,12.62
BR27LQ,51.379362,0.022112,South,Princess Royal (PRUH),3.04,Darent Valley,17.54,Princess Royal (PRUH),3.04,Kings College Hospital,12.66
BR27LR,51.37936,0.016507,South,Princess Royal (PRUH),3.38,Darent Valley,17.91,Princess Royal (PRUH),3.38,Kings College Hospital,12.42
BR27LS,51.379307,0.015916,South,Princess Royal (PRUH),3.42,Darent Valley,17.95,Princess Royal (PRUH),3.42,Kings College Hospital,12.4
BR27LT,51.379496,0.014372,South,Princess Royal (PRUH),3.52,Darent Valley,18.04,Princess Royal (PRUH),3.52,Kings College Hospital,12.32
BR27LU,51.386989,0.015822,South,Princess Royal (PRUH),3.88,Darent Valley,17.67,Princess Royal (PRUH),3.88,Kings College Hospital,11.73
BR27LW,51.378379,0.016579,South,Princess Royal (PRUH),3.33,Darent Valley,17.94,Princess Royal (PRUH),3.33,Kings College Hospital,12.51
BR27LX,51.387169,0.015284,South,Princess Royal (PRUH),3.92,Darent Valley,17.7,Princess Royal (PRUH),3.92,Kings College Hospital,11.69
BR27LY,51.387568,0.016652,South,Princess Royal (PRUH),3.88,Darent Valley,17.6,Princess Royal (PRUH),3.88,Kings College Hospital,11.71
BR27LZ,51.386813,0.016619,South,Princess Royal (PRUH),3.82,Darent Valley,17.63,Princess Royal (PRUH),3.82,Kings College Hospital,11.78
BR27NA,51.38515,0.015511,South,Princess Royal (PRUH),3.78,Darent Valley,17.76,Princess Royal (PRUH),3.78,Kings College Hospital,11.87
BR27NB,51.385241,0.016507,South,Princess Royal (PRUH),3.73,Darent Valley,17.69,Princess Royal (PRUH),3.73,Kings College Hospital,11.91
BR27ND,51.384377,0.014974,South,Princess Royal (PRUH),3.76,Darent Valley,17.82,Princess Royal (PRUH),3.76,Kings College Hospital,11.92
BR27NE,51.383138,0.013828,South,Princess Royal (PRUH),3.75,Darent Valley,17.94,Princess Royal (PRUH),3.75,Kings College Hospital,11.98
BR27NF,51.383255,0.014365,South,Princess Royal (PRUH),3.73,Darent Valley,17.9,Princess Royal (PRUH),3.73,Kings College Hospital,11.99
BR27NG,51.382962,0.01622,South,Princess Royal (PRUH),3.6,Darent Valley,17.79,Princess Royal (PRUH),3.6,Kings College Hospital,12.09
BR27NH,51.383692,0.01562,South,Princess Royal (PRUH),3.68,Darent Valley,17.8,Princess Royal (PRUH),3.68,Kings College Hospital,12.0
BR27NJ,51.381901,0.015196,South,Princess Royal (PRUH),3.6,Darent Valley,17.9,Princess Royal (PRUH),3.6,Kings College Hospital,12.14
BR27NL,51.381524,0.014102,South,Princess Royal (PRUH),3.64,Darent Valley,17.98,Princess Royal (PRUH),3.64,Kings College Hospital,12.13
BR27NN,51.381388,0.011552,South,Princess Royal (PRUH),3.79,Darent Valley,18.15,Princess Royal (PRUH),3.79,Kings College Hospital,12.04
BR27NP,51.381456,0.012274,South,Princess Royal (PRUH),3.75,Darent Valley,18.1,Princess Royal (PRUH),3.75,Kings College Hospital,12.06
BR27NQ,51.381494,0.015839,South,Princess Royal (PRUH),3.54,Darent Valley,17.87,Princess Royal (PRUH),3.54,Kings College Hospital,12.21
BR27NR,51.382425,0.012431,South,Princess Royal (PRUH),3.8,Darent Valley,18.06,Princess Royal (PRUH),3.8,Kings College Hospital,11.98
BR27NS,51.381894,0.010367,South,Princess Royal (PRUH),3.89,Darent Valley,18.21,Princess Royal (PRUH),3.89,Kings College Hospital,11.94
BR27NT,51.383459,0.011887,South,Princess Royal (PRUH),3.89,Darent Valley,18.06,Princess Royal (PRUH),3.89,Kings College Hospital,11.87
BR27NU,51.383256,0.013244,South,Princess Royal (PRUH),3.79,Darent Valley,17.97,Princess Royal (PRUH),3.79,Kings College Hospital,11.94
BR27NW,51.381656,0.011133,South,Princess Royal (PRUH),3.83,Darent Valley,18.17,Princess Royal (PRUH),3.83,Kings College Hospital,11.99
BR27NX,51.378492,0.017303,South,Princess Royal (PRUH),3.29,Darent Valley,17.89,Princess Royal (PRUH),3.29,Kings College Hospital,12.53
BR27NY,51.384796,0.013656,South,Princess Royal (PRUH),3.86,Darent Valley,17.89,Princess Royal (PRUH),3.86,Kings College Hospital,11.82
BR27NZ,51.384688,0.014183,South,Princess Royal (PRUH),3.82,Darent Valley,17.86,Princess Royal (PRUH),3.82,Kings College Hospital,11.85
BR27PA,51.387027,0.013035,South,Princess Royal (PRUH),4.04,Darent Valley,17.86,Princess Royal (PRUH),4.04,Kings College Hospital,11.6
BR27PB,51.387219,0.011333,South,Princess Royal (PRUH),4.15,Darent Valley,17.96,Princess Royal (PRUH),4.15,Kings College Hospital,11.51
BR27PD,51.387563,0.011162,South,Princess Royal (PRUH),4.18,Darent Valley,17.96,Princess Royal (PRUH),4.18,Kings College Hospital,11.47
BR27PE,51.386057,0.00986,South,Princess Royal (PRUH),4.16,Darent Valley,18.1,Princess Royal (PRUH),4.16,Kings College Hospital,11.55
BR27PF,51.386193,0.009248,South,Princess Royal (PRUH),4.2,Darent Valley,18.14,Princess Royal (PRUH),4.2,Kings College Hospital,11.51
BR27PG,51.382973,0.009825,South,Princess Royal (PRUH),3.98,Darent Valley,18.21,Princess Royal (PRUH),3.98,Kings College Hospital,11.82
BR27PH,51.38646,0.008886,South,Princess Royal (PRUH),4.24,Darent Valley,18.15,Princess Royal (PRUH),4.24,Kings College Hospital,11.47
BR27PJ,51.383832,0.007966,South,Princess Royal (PRUH),4.14,Darent Valley,18.3,Princess Royal (PRUH),4.14,Kings College Hospital,11.67
BR27PL,51.383775,0.009171,South,Princess Royal (PRUH),4.07,Darent Valley,18.22,Princess Royal (PRUH),4.07,Kings College Hospital,11.72
BR27PN,51.384557,0.007653,South,Princess Royal (PRUH),4.2,Darent Valley,18.3,Princess Royal (PRUH),4.2,Kings College Hospital,11.59
BR27PP,51.38456,0.011145,South,Princess Royal (PRUH),3.99,Darent Valley,18.07,Princess Royal (PRUH),3.99,Kings College Hospital,11.74
BR27PQ,51.382497,0.009761,South,Princess Royal (PRUH),3.96,Darent Valley,18.23,Princess Royal (PRUH),3.96,Kings College Hospital,11.86
BR27PR,51.383657,0.010832,South,Princess Royal (PRUH),3.96,Darent Valley,18.12,Princess Royal (PRUH),3.96,Kings College Hospital,11.8
BR27PS,51.383518,0.010036,South,Princess Royal (PRUH),4.0,Darent Valley,18.18,Princess Royal (PRUH),4.0,Kings College Hospital,11.78
BR27PT,51.38557,0.011505,South,Princess Royal (PRUH),4.03,Darent Valley,18.01,Princess Royal (PRUH),4.03,Kings College Hospital,11.66
BR27PU,51.385937,0.010559,South,Princess Royal (PRUH),4.11,Darent Valley,18.06,Princess Royal (PRUH),4.11,Kings College Hospital,11.59
BR27PW,51.383863,0.011919,South,Princess Royal (PRUH),3.91,Darent Valley,18.04,Princess Royal (PRUH),3.91,Kings College Hospital,11.83
BR27PX,51.386142,0.012752,South,Princess Royal (PRUH),4.0,Darent Valley,17.91,Princess Royal (PRUH),4.0,Kings College Hospital,11.67
BR27PY,51.385636,0.013434,South,Princess Royal (PRUH),3.93,Darent Valley,17.88,Princess Royal (PRUH),3.93,Kings College Hospital,11.74
BR27PZ,51.385636,0.013434,South,Princess Royal (PRUH),3.93,Darent Valley,17.88,Princess Royal (PRUH),3.93,Kings College Hospital,11.74
BR27QA,51.387011,0.013969,South,Princess Royal (PRUH),3.98,Darent Valley,17.8,Princess Royal (PRUH),3.98,Kings College Hospital,11.64
BR27QB,51.380263,0.014176,South,Princess Royal (PRUH),3.57,Darent Valley,18.02,Princess Royal (PRUH),3.57,Kings College Hospital,12.24
BR27QD,51.380655,0.014926,South,Princess Royal (PRUH),3.55,Darent Valley,17.96,Princess Royal (PRUH),3.55,Kings College Hospital,12.24
BR27QE,51.381048,0.008793,South,Princess Royal (PRUH),3.95,Darent Valley,18.35,Princess Royal (PRUH),3.95,Kings College Hospital,11.95
BR27QF,51.381295,0.009105,South,Princess Royal (PRUH),3.94,Darent Valley,18.32,Princess Royal (PRUH),3.94,Kings College Hospital,11.94
BR27QG,51.380866,0.006859,South,Princess Royal (PRUH),4.06,Darent Valley,18.48,Princess Royal (PRUH),4.06,Kings College Hospital,11.89
BR27QH,51.379526,0.008956,South,Princess Royal (PRUH),3.87,Darent Valley,18.39,Princess Royal (PRUH),3.87,Kings College Hospital,12.1
BR27QJ,51.379942,0.008787,South,Princess Royal (PRUH),3.9,Darent Valley,18.39,Princess Royal (PRUH),3.9,Kings College Hospital,12.05
BR27QL,51.384239,0.007294,South,Princess Royal (PRUH),4.2,Darent Valley,18.33,Princess Royal (PRUH),4.2,Kings College Hospital,11.6
BR27QN,51.381968,0.007094,South,Princess Royal (PRUH),4.1,Darent Valley,18.42,Princess Royal (PRUH),4.1,Kings College Hospital,11.8
BR27QP,51.382927,0.005656,South,Princess Royal (PRUH),4.24,Darent Valley,18.49,Princess Royal (PRUH),4.24,Kings College Hospital,11.66
BR27QQ,51.380785,0.007387,South,Princess Royal (PRUH),4.02,Darent Valley,18.45,Princess Royal (PRUH),4.02,Kings College Hospital,11.92
BR27QR,51.383148,0.006427,South,Princess Royal (PRUH),4.2,Darent Valley,18.43,Princess Royal (PRUH),4.2,Kings College Hospital,11.67
BR27QS,51.384603,0.00708,South,Princess Royal (PRUH),4.24,Darent Valley,18.33,Princess Royal (PRUH),4.24,Kings College Hospital,11.56
BR27QT,51.383188,0.004632,South,Princess Royal (PRUH),4.31,Darent Valley,18.54,Princess Royal (PRUH),4.31,Kings College Hospital,11.59
BR27QW,51.382252,0.00679,South,Princess Royal (PRUH),4.13,Darent Valley,18.43,Princess Royal (PRUH),4.13,Kings College Hospital,11.76
BR27RA,51.37994,0.019393,South,Princess Royal (PRUH),3.24,Darent Valley,17.7,Princess Royal (PRUH),3.24,Kings College Hospital,12.49
BR27RB,51.376822,0.002989,South,Princess Royal (PRUH),4.15,Darent Valley,18.88,Princess Royal (PRUH),4.15,Kings College Hospital,12.11
BR27RE,51.376724,0.008733,South,Princess Royal (PRUH),3.77,Darent Valley,18.52,Princess Royal (PRUH),3.77,Kings College Hospital,12.34
BR27RJ,51.376625,0.014476,South,Princess Royal (PRUH),3.39,Darent Valley,18.15,Princess Royal (PRUH),3.39,Kings College Hospital,12.58
BR27RQ,51.376625,0.014476,South,Princess Royal (PRUH),3.39,Darent Valley,18.15,Princess Royal (PRUH),3.39,Kings College Hospital,12.58
BR27RR,51.376822,0.002989,South,Princess Royal (PRUH),4.15,Darent Valley,18.88,Princess Royal (PRUH),4.15,Kings College Hospital,12.11
BR27RS,51.376822,0.002989,South,Princess Royal (PRUH),4.15,Darent Valley,18.88,Princess Royal (PRUH),4.15,Kings College Hospital,12.11
BR27RU,51.379463,0.01154,South,Princess Royal (PRUH),3.7,Darent Valley,18.23,Princess Royal (PRUH),3.7,Kings College Hospital,12.21
BR27RW,51.379463,0.01154,South,Princess Royal (PRUH),3.7,Darent Valley,18.23,Princess Royal (PRUH),3.7,Kings College Hospital,12.21
BR27UA,51.379463,0.01154,South,Princess Royal (PRUH),3.7,Darent Valley,18.23,Princess Royal (PRUH),3.7,Kings College Hospital,12.21
BR27UB,51.379463,0.01154,South,Princess Royal (PRUH),3.7,Darent Valley,18.23,Princess Royal (PRUH),3.7,Kings College Hospital,12.21
BR27YA,51.376625,0.014476,South,Princess Royal (PRUH),3.39,Darent Valley,18.15,Princess Royal (PRUH),3.39,Kings College Hospital,12.58
BR27YD,51.379464,0.011526,South,Princess Royal (PRUH),3.7,Darent Valley,18.23,Princess Royal (PRUH),3.7,Kings College Hospital,12.21
BR27ZL,51.379463,0.01154,South,Princess Royal (PRUH),3.7,Darent Valley,18.23,Princess Royal (PRUH),3.7,Kings College Hospital,12.21
BR27ZN,51.379463,0.01154,South,Princess Royal (PRUH),3.7,Darent Valley,18.23,Princess Royal (PRUH),3.7,Kings College Hospital,12.21
BR27ZP,51.379463,0.01154,South,Princess Royal (PRUH),3.7,Darent Valley,18.23,Princess Royal (PRUH),3.7,Kings College Hospital,12.21
BR27ZQ,51.379463,0.01154,South,Princess Royal (PRUH),3.7,Darent Valley,18.23,Princess Royal (PRUH),3.7,Kings College Hospital,12.21
BR27ZR,51.379463,0.01154,South,Princess Royal (PRUH),3.7,Darent Valley,18.23,Princess Royal (PRUH),3.7,Kings College Hospital,12.21
BR27ZS,51.379463,0.01154,South,Princess Royal (PRUH),3.7,Darent Valley,18.23,Princess Royal (PRUH),3.7,Kings College Hospital,12.21
BR27ZT,51.376625,0.014476,South,Princess Royal (PRUH),3.39,Darent Valley,18.15,Princess Royal (PRUH),3.39,Kings College Hospital,12.58
BR27ZU,51.379463,0.01154,South,Princess Royal (PRUH),3.7,Darent Valley,18.23,Princess Royal (PRUH),3.7,Kings College Hospital,12.21
BR27ZW,51.379463,0.01154,South,Princess Royal (PRUH),3.7,Darent Valley,18.23,Princess Royal (PRUH),3.7,Kings College Hospital,12.21
BR27ZX,51.379463,0.01154,South,Princess Royal (PRUH),3.7,Darent Valley,18.23,Princess Royal (PRUH),3.7,Kings College Hospital,12.21
BR27ZY,51.379463,0.01154,South,Princess Royal (PRUH),3.7,Darent Valley,18.23,Princess Royal (PRUH),3.7,Kings College Hospital,12.21
BR28AA,51.389874,0.056812,South,Princess Royal (PRUH),2.71,Darent Valley,14.88,Princess Royal (PRUH),2.71,Kings College Hospital,13.5
BR28AB,51.389734,0.055067,South,Princess Royal (PRUH),2.71,Darent Valley,15.0,Princess Royal (PRUH),2.71,Kings College Hospital,13.42
BR28AD,51.388665,0.050894,South,Princess Royal (PRUH),2.64,Darent Valley,15.31,Princess Royal (PRUH),2.64,Kings College Hospital,13.28
BR28AE,51.388803,0.053775,South,Princess Royal (PRUH),2.62,Darent Valley,15.12,Princess Royal (PRUH),2.62,Kings College Hospital,13.42
BR28AF,51.38886,0.053073,South,Princess Royal (PRUH),2.63,Darent Valley,15.16,Princess Royal (PRUH),2.63,Kings College Hospital,13.38
BR28AG,51.390659,0.043293,South,Princess Royal (PRUH),3.02,Darent Valley,15.74,Princess Royal (PRUH),3.02,Kings College Hospital,12.74
BR28AH,51.389309,0.047487,South,Princess Royal (PRUH),2.78,Darent Valley,15.51,Princess Royal (PRUH),2.78,Kings College Hospital,13.06
BR28AJ,51.389146,0.045497,South,Princess Royal (PRUH),2.81,Darent Valley,15.65,Princess Royal (PRUH),2.81,Kings College Hospital,12.97
BR28AL,51.389815,0.045253,South,Princess Royal (PRUH),2.88,Darent Valley,15.64,Princess Royal (PRUH),2.88,Kings College Hospital,12.91
BR28AN,51.390743,0.047738,South,Princess Royal (PRUH),2.92,Darent Valley,15.44,Princess Royal (PRUH),2.92,Kings College Hospital,12.96
BR28AP,51.390257,0.045187,South,Princess Royal (PRUH),2.93,Darent Valley,15.63,Princess Royal (PRUH),2.93,Kings College Hospital,12.87
BR28AQ,51.390088,0.044029,South,Princess Royal (PRUH),2.94,Darent Valley,15.71,Princess Royal (PRUH),2.94,Kings College Hospital,12.82
BR28AR,51.389857,0.049539,South,Princess Royal (PRUH),2.79,Darent Valley,15.35,Princess Royal (PRUH),2.79,Kings College Hospital,13.12
BR28AS,51.389686,0.051126,South,Princess Royal (PRUH),2.75,Darent Valley,15.26,Princess Royal (PRUH),2.75,Kings College Hospital,13.22
BR28AT,51.390276,0.051296,South,Princess Royal (PRUH),2.81,Darent Valley,15.22,Princess Royal (PRUH),2.81,Kings College Hospital,13.18
BR28AU,51.391574,0.053712,South,Princess Royal (PRUH),2.92,Darent Valley,15.02,Princess Royal (PRUH),2.92,Kings College Hospital,13.22
BR28AW,51.390706,0.048297,South,Princess Royal (PRUH),2.91,Darent Valley,15.4,Princess Royal (PRUH),2.91,Kings College Hospital,13.0
BR28AX,51.393444,0.052703,South,Princess Royal (PRUH),3.14,Darent Valley,15.02,Princess Royal (PRUH),3.14,Kings College Hospital,13.03
BR28AY,51.391857,0.054486,South,Princess Royal (PRUH),2.94,Darent Valley,14.96,Princess Royal (PRUH),2.94,Kings College Hospital,13.24
BR28AZ,51.393401,0.054138,South,Princess Royal (PRUH),3.12,Darent Valley,14.93,Princess Royal (PRUH),3.12,Kings College Hospital,13.11
BR28BA,51.392207,0.053007,South,Princess Royal (PRUH),3.0,Darent Valley,15.04,Princess Royal (PRUH),3.0,Kings College Hospital,13.13
BR28BB,51.391625,0.05232,South,Princess Royal (PRUH),2.94,Darent Valley,15.11,Princess Royal (PRUH),2.94,Kings College Hospital,13.14
BR28BD,51.390355,0.05245,South,Princess Royal (PRUH),2.8,Darent Valley,15.15,Princess Royal (PRUH),2.8,Kings College Hospital,13.24
BR28BE,51.39026,0.043994,South,Princess Royal (PRUH),2.96,Darent Valley,15.7,Princess Royal (PRUH),2.96,Kings College Hospital,12.81
BR28BF,51.377714,0.044082,South,Princess Royal (PRUH),1.74,Darent Valley,16.2,Princess Royal (PRUH),1.74,Kings College Hospital,13.8
BR28BG,51.390229,0.057087,South,Princess Royal (PRUH),2.75,Darent Valley,14.85,Princess Royal (PRUH),2.75,Kings College Hospital,13.49
BR28BH,51.388664,0.062177,South,Princess Royal (PRUH),2.57,Darent Valley,14.58,Princess Royal (PRUH),2.57,Kings College Hospital,13.88
BR28BJ,51.387793,0.060054,South,Princess Royal (PRUH),2.47,Darent Valley,14.75,Princess Royal (PRUH),2.47,Kings College Hospital,13.82
BR28BL,51.387511,0.059768,South,Princess Royal (PRUH),2.44,Darent Valley,14.78,Princess Royal (PRUH),2.44,Kings College Hospital,13.83
BR28BN,51.387307,0.063165,South,Princess Royal (PRUH),2.42,Darent Valley,14.57,Princess Royal (PRUH),2.42,Kings College Hospital,14.02
BR28BP,51.385465,0.06209,South,Princess Royal (PRUH),2.21,Darent Valley,14.71,Princess Royal (PRUH),2.21,Kings College Hospital,14.1
BR28BQ,51.389004,0.062824,South,Princess Royal (PRUH),2.61,Darent Valley,14.52,Princess Royal (PRUH),2.61,Kings College Hospital,13.89
BR28BS,51.385598,0.06168,South,Princess Royal (PRUH),2.23,Darent Valley,14.73,Princess Royal (PRUH),2.23,Kings College Hospital,14.07
BR28BT,51.382414,0.059137,South,Princess Royal (PRUH),1.87,Darent Valley,15.03,Princess Royal (PRUH),1.87,Kings College Hospital,14.17
BR28BU,51.382875,0.059014,South,Princess Royal (PRUH),1.92,Darent Valley,15.02,Princess Royal (PRUH),1.92,Kings College Hospital,14.13
BR28BW,51.387242,0.063809,South,Princess Royal (PRUH),2.42,Darent Valley,14.53,Princess Royal (PRUH),2.42,Kings College Hospital,14.06
BR28BX,51.383894,0.059376,South,Princess Royal (PRUH),2.03,Darent Valley,14.95,Princess Royal (PRUH),2.03,Kings College Hospital,14.07
BR28BY,51.383271,0.061518,South,Princess Royal (PRUH),1.97,Darent Valley,14.84,Princess Royal (PRUH),1.97,Kings College Hospital,14.23
BR28BZ,51.383417,0.060906,South,Princess Royal (PRUH),1.98,Darent Valley,14.88,Princess Royal (PRUH),1.98,Kings College Hospital,14.19
BR28DA,51.38462,0.059509,South,Princess Royal (PRUH),2.12,Darent Valley,14.91,Princess Royal (PRUH),2.12,Kings College Hospital,14.03
BR28DB,51.384156,0.058238,South,Princess Royal (PRUH),2.07,Darent Valley,15.02,Princess Royal (PRUH),2.07,Kings College Hospital,14.0
BR28DD,51.385642,0.055559,South,Princess Royal (PRUH),2.25,Darent Valley,15.13,Princess Royal (PRUH),2.25,Kings College Hospital,13.75
BR28DE,51.384987,0.059051,South,Princess Royal (PRUH),2.16,Darent Valley,14.93,Princess Royal (PRUH),2.16,Kings College Hospital,13.98
BR28DF,51.385042,0.058479,South,Princess Royal (PRUH),2.16,Darent Valley,14.96,Princess Royal (PRUH),2.16,Kings College Hospital,13.94
BR28DG,51.385869,0.06106,South,Princess Royal (PRUH),2.26,Darent Valley,14.76,Princess Royal (PRUH),2.26,Kings College Hospital,14.02
BR28DH,51.386513,0.059206,South,Princess Royal (PRUH),2.33,Darent Valley,14.86,Princess Royal (PRUH),2.33,Kings College Hospital,13.87
BR28DJ,51.385801,0.056759,South,Princess Royal (PRUH),2.26,Darent Valley,15.04,Princess Royal (PRUH),2.26,Kings College Hospital,13.8
BR28DL,51.386628,0.05625,South,Princess Royal (PRUH),2.35,Darent Valley,15.04,Princess Royal (PRUH),2.35,Kings College Hospital,13.71
BR28DN,51.383454,0.056237,South,Princess Royal (PRUH),2.0,Darent Valley,15.17,Princess Royal (PRUH),2.0,Kings College Hospital,13.95
BR28DP,51.382114,0.054697,South,Princess Royal (PRUH),1.87,Darent Valley,15.33,Princess Royal (PRUH),1.87,Kings College Hospital,13.97
BR28DQ,51.386119,0.060697,South,Princess Royal (PRUH),2.28,Darent Valley,14.78,Princess Royal (PRUH),2.28,Kings College Hospital,13.98
BR28DR,51.382098,0.056622,South,Princess Royal (PRUH),1.85,Darent Valley,15.21,Princess Royal (PRUH),1.85,Kings College Hospital,14.07
BR28DS,51.381696,0.056992,South,Princess Royal (PRUH),1.8,Darent Valley,15.2,Princess Royal (PRUH),1.8,Kings College Hospital,14.12
BR28DT,51.383178,0.057633,South,Princess Royal (PRUH),1.96,Darent Valley,15.1,Princess Royal (PRUH),1.96,Kings College Hospital,14.04
BR28DU,51.382821,0.057459,South,Princess Royal (PRUH),1.92,Darent Valley,15.12,Princess Royal (PRUH),1.92,Kings College Hospital,14.06
BR28DW,51.383769,0.05572,South,Princess Royal (PRUH),2.04,Darent Valley,15.19,Princess Royal (PRUH),2.04,Kings College Hospital,13.9
BR28DX,51.383468,0.057503,South,Princess Royal (PRUH),1.99,Darent Valley,15.09,Princess Royal (PRUH),1.99,Kings College Hospital,14.01
BR28DY,51.384606,0.057194,South,Princess Royal (PRUH),2.12,Darent Valley,15.06,Princess Royal (PRUH),2.12,Kings College Hospital,13.91
BR28DZ,51.384312,0.057584,South,Princess Royal (PRUH),2.09,Darent Valley,15.05,Princess Royal (PRUH),2.09,Kings College Hospital,13.95
BR28EA,51.385838,0.058241,South,Princess Royal (PRUH),2.25,Darent Valley,14.94,Princess Royal (PRUH),2.25,Kings College Hospital,13.87
BR28EB,51.386122,0.058469,South,Princess Royal (PRUH),2.28,Darent Valley,14.92,Princess Royal (PRUH),2.28,Kings College Hospital,13.86
BR28ED,51.388151,0.049922,South,Princess Royal (PRUH),2.6,Darent Valley,15.39,Princess Royal (PRUH),2.6,Kings College Hospital,13.27
BR28EE,51.388594,0.052357,South,Princess Royal (PRUH),2.61,Darent Valley,15.22,Princess Royal (PRUH),2.61,Kings College Hospital,13.36
BR28EF,51.388719,0.051874,South,Princess Royal (PRUH),2.63,Darent Valley,15.24,Princess Royal (PRUH),2.63,Kings College Hospital,13.33
BR28EG,51.389456,0.051404,South,Princess Royal (PRUH),2.72,Darent Valley,15.25,Princess Royal (PRUH),2.72,Kings College Hospital,13.25
BR28EH,51.388274,0.049037,South,Princess Royal (PRUH),2.63,Darent Valley,15.45,Princess Royal (PRUH),2.63,Kings College Hospital,13.22
BR28EJ,51.370652,0.039544,South,Princess Royal (PRUH),1.53,Darent Valley,16.81,Princess Royal (PRUH),1.53,Kings College Hospital,14.18
BR28EL,51.388294,0.047916,South,Princess Royal (PRUH),2.66,Darent Valley,15.52,Princess Royal (PRUH),2.66,Kings College Hospital,13.16
BR28EN,51.388275,0.045903,South,Princess Royal (PRUH),2.7,Darent Valley,15.65,Princess Royal (PRUH),2.7,Kings College Hospital,13.06
BR28EP,51.387677,0.04671,South,Princess Royal (PRUH),2.62,Darent Valley,15.62,Princess Royal (PRUH),2.62,Kings College Hospital,13.14
BR28EQ,51.388197,0.050384,South,Princess Royal (PRUH),2.6,Darent Valley,15.36,Princess Royal (PRUH),2.6,Kings College Hospital,13.29
BR28ER,51.386115,0.047546,South,Princess Royal (PRUH),2.44,Darent Valley,15.63,Princess Royal (PRUH),2.44,Kings College Hospital,13.3
BR28ES,51.386067,0.04569,South,Princess Royal (PRUH),2.48,Darent Valley,15.75,Princess Royal (PRUH),2.48,Kings College Hospital,13.21
BR28ET,51.385585,0.045956,South,Princess Royal (PRUH),2.43,Darent Valley,15.75,Princess Royal (PRUH),2.43,Kings College Hospital,13.26
BR28EU,51.386249,0.046058,South,Princess Royal (PRUH),2.49,Darent Valley,15.72,Princess Royal (PRUH),2.49,Kings College Hospital,13.22
BR28EW,51.38819,0.046661,South,Princess Royal (PRUH),2.68,Darent Valley,15.6,Princess Royal (PRUH),2.68,Kings College Hospital,13.1
BR28EX,51.387159,0.044402,South,Princess Royal (PRUH),2.63,Darent Valley,15.79,Princess Royal (PRUH),2.63,Kings College Hospital,13.07
BR28EY,51.387574,0.044866,South,Princess Royal (PRUH),2.66,Darent Valley,15.74,Princess Royal (PRUH),2.66,Kings College Hospital,13.06
BR28EZ,51.388217,0.04409,South,Princess Royal (PRUH),2.75,Darent Valley,15.77,Princess Royal (PRUH),2.75,Kings College Hospital,12.97
BR28FA,51.368499,0.034607,South,Princess Royal (PRUH),1.79,Darent Valley,17.22,Princess Royal (PRUH),1.79,Kings College Hospital,14.15
BR28FB,51.387835,0.042276,South,Princess Royal (PRUH),2.76,Darent Valley,15.9,Princess Royal (PRUH),2.76,Kings College Hospital,12.91
BR28FD,51.38074,0.039662,South,Princess Royal (PRUH),2.2,Darent Valley,16.35,Princess Royal (PRUH),2.2,Kings College Hospital,13.34
BR28FE,51.384528,0.039528,South,Princess Royal (PRUH),2.54,Darent Valley,16.21,Princess Royal (PRUH),2.54,Kings College Hospital,13.03
BR28FF,51.383322,0.040135,South,Princess Royal (PRUH),2.41,Darent Valley,16.22,Princess Royal (PRUH),2.41,Kings College Hospital,13.16
BR28FG,51.383451,0.057947,South,Princess Royal (PRUH),1.99,Darent Valley,15.06,Princess Royal (PRUH),1.99,Kings College Hospital,14.03
BR28FH,51.374798,0.050347,South,Princess Royal (PRUH),1.22,Darent Valley,15.94,Princess Royal (PRUH),1.22,Kings College Hospital,14.33
BR28GA,51.389293,0.044785,South,Princess Royal (PRUH),2.84,Darent Valley,15.69,Princess Royal (PRUH),2.84,Kings College Hospital,12.92
BR28GP,51.376544,0.047694,South,Princess Royal (PRUH),1.49,Darent Valley,16.02,Princess Royal (PRUH),1.49,Kings College Hospital,14.06
BR28GY,51.373843,0.044298,South,Princess Royal (PRUH),1.42,Darent Valley,16.36,Princess Royal (PRUH),1.42,Kings College Hospital,14.12
BR28GZ,51.377523,0.044189,South,Princess Royal (PRUH),1.72,Darent Valley,16.2,Princess Royal (PRUH),1.72,Kings College Hospital,13.82
BR28HA,51.383644,0.039187,South,Princess Royal (PRUH),2.47,Darent Valley,16.27,Princess Royal (PRUH),2.47,Kings College Hospital,13.08
BR28HB,51.387897,0.035596,South,Princess Royal (PRUH),3.0,Darent Valley,16.34,Princess Royal (PRUH),3.0,Kings College Hospital,12.57
BR28HD,51.372323,0.039661,South,Princess Royal (PRUH),1.6,Darent Valley,16.72,Princess Royal (PRUH),1.6,Kings College Hospital,14.04
BR28HE,51.38666,0.034822,South,Princess Royal (PRUH),2.92,Darent Valley,16.44,Princess Royal (PRUH),2.92,Kings College Hospital,12.63
BR28HF,51.367532,0.037998,South,Princess Royal (PRUH),1.54,Darent Valley,17.06,Princess Royal (PRUH),1.54,Kings College Hospital,14.38
BR28HG,51.374221,0.039114,South,Princess Royal (PRUH),1.74,Darent Valley,16.67,Princess Royal (PRUH),1.74,Kings College Hospital,13.86
BR28HH,51.372114,0.039781,South,Princess Royal (PRUH),1.58,Darent Valley,16.73,Princess Royal (PRUH),1.58,Kings College Hospital,14.06
BR28HJ,51.371777,0.036907,South,Princess Royal (PRUH),1.74,Darent Valley,16.92,Princess Royal (PRUH),1.74,Kings College Hospital,13.96
BR28HL,51.368165,0.035196,South,Princess Royal (PRUH),1.75,Darent Valley,17.2,Princess Royal (PRUH),1.75,Kings College Hospital,14.2
BR28HN,51.367925,0.033978,South,Princess Royal (PRUH),1.82,Darent Valley,17.29,Princess Royal (PRUH),1.82,Kings College Hospital,14.17
BR28HP,51.369443,0.035669,South,Princess Royal (PRUH),1.74,Darent Valley,17.11,Princess Royal (PRUH),1.74,Kings College Hospital,14.11
BR28HQ,51.374332,0.039995,South,Princess Royal (PRUH),1.69,Darent Valley,16.61,Princess Royal (PRUH),1.69,Kings College Hospital,13.89
BR28HR,51.366348,0.035201,South,Princess Royal (PRUH),1.72,Darent Valley,17.29,Princess Royal (PRUH),1.72,Kings College Hospital,14.36
BR28HS,51.366227,0.035469,South,Princess Royal (PRUH),1.7,Darent Valley,17.28,Princess Royal (PRUH),1.7,Kings College Hospital,14.38
BR28HT,51.366387,0.036108,South,Princess Royal (PRUH),1.66,Darent Valley,17.23,Princess Royal (PRUH),1.66,Kings College Hospital,14.4
BR28HU,51.367079,0.037144,South,Princess Royal (PRUH),1.6,Darent Valley,17.13,Princess Royal (PRUH),1.6,Kings College Hospital,14.38
BR28HW,51.367276,0.035142,South,Princess Royal (PRUH),1.74,Darent Valley,17.25,Princess Royal (PRUH),1.74,Kings College Hospital,14.28
BR28HX,51.36659,0.036835,South,Princess Royal (PRUH),1.61,Darent Valley,17.18,Princess Royal (PRUH),1.61,Kings College Hospital,14.41
BR28HZ,51.382453,0.045098,South,Princess Royal (PRUH),2.14,Darent Valley,15.93,Princess Royal (PRUH),2.14,Kings College Hospital,13.47
BR28JA,51.387667,0.042642,South,Princess Royal (PRUH),2.73,Darent Valley,15.89,Princess Royal (PRUH),2.73,Kings College Hospital,12.94
BR28JB,51.386055,0.044324,South,Princess Royal (PRUH),2.52,Darent Valley,15.84,Princess Royal (PRUH),2.52,Kings College Hospital,13.15
BR28JD,51.38516,0.043034,South,Princess Royal (PRUH),2.47,Darent Valley,15.96,Princess Royal (PRUH),2.47,Kings College Hospital,13.15
BR28JE,51.383039,0.042437,South,Princess Royal (PRUH),2.29,Darent Valley,16.08,Princess Royal (PRUH),2.29,Kings College Hospital,13.29
BR28JF,51.383173,0.04457,South,Princess Royal (PRUH),2.23,Darent Valley,15.94,Princess Royal (PRUH),2.23,Kings College Hospital,13.38
BR28JG,51.384203,0.044774,South,Princess Royal (PRUH),2.32,Darent Valley,15.88,Princess Royal (PRUH),2.32,Kings College Hospital,13.31
BR28JH,51.383621,0.043081,South,Princess Royal (PRUH),2.32,Darent Valley,16.01,Princess Royal (PRUH),2.32,Kings College Hospital,13.28
BR28JJ,51.384831,0.04437,South,Princess Royal (PRUH),2.4,Darent Valley,15.88,Princess Royal (PRUH),2.4,Kings College Hospital,13.24
BR28JL,51.385157,0.044227,South,Princess Royal (PRUH),2.43,Darent Valley,15.88,Princess Royal (PRUH),2.43,Kings College Hospital,13.21
BR28JN,51.383431,0.041592,South,Princess Royal (PRUH),2.36,Darent Valley,16.12,Princess Royal (PRUH),2.36,Kings College Hospital,13.22
BR28JP,51.384024,0.040598,South,Princess Royal (PRUH),2.45,Darent Valley,16.16,Princess Royal (PRUH),2.45,Kings College Hospital,13.12
BR28JQ,51.384234,0.044028,South,Princess Royal (PRUH),2.35,Darent Valley,15.93,Princess Royal (PRUH),2.35,Kings College Hospital,13.27
BR28JR,51.383809,0.041609,South,Princess Royal (PRUH),2.39,Darent Valley,16.1,Princess Royal (PRUH),2.39,Kings College Hospital,13.19
BR28JS,51.38464,0.042393,South,Princess Royal (PRUH),2.44,Darent Valley,16.02,Princess Royal (PRUH),2.44,Kings College Hospital,13.16
BR28JT,51.384585,0.041428,South,Princess Royal (PRUH),2.47,Darent Valley,16.08,Princess Royal (PRUH),2.47,Kings College Hospital,13.12
BR28JU,51.385421,0.041436,South,Princess Royal (PRUH),2.55,Darent Valley,16.05,Princess Royal (PRUH),2.55,Kings College Hospital,13.05
BR28JW,51.383129,0.041895,South,Princess Royal (PRUH),2.32,Darent Valley,16.11,Princess Royal (PRUH),2.32,Kings College Hospital,13.26
BR28JX,51.385953,0.042423,South,Princess Royal (PRUH),2.57,Darent Valley,15.97,Princess Royal (PRUH),2.57,Kings College Hospital,13.06
BR28JY,51.387267,0.042366,South,Princess Royal (PRUH),2.7,Darent Valley,15.92,Princess Royal (PRUH),2.7,Kings College Hospital,12.96
BR28JZ,51.386907,0.042379,South,Princess Royal (PRUH),2.67,Darent Valley,15.93,Princess Royal (PRUH),2.67,Kings College Hospital,12.98
BR28LA,51.379223,0.043632,South,Princess Royal (PRUH),1.89,Darent Valley,16.16,Princess Royal (PRUH),1.89,Kings College Hospital,13.65
BR28LB,51.379483,0.044219,South,Princess Royal (PRUH),1.89,Darent Valley,16.11,Princess Royal (PRUH),1.89,Kings College Hospital,13.66
BR28LD,51.380914,0.043621,South,Princess Royal (PRUH),2.05,Darent Valley,16.09,Princess Royal (PRUH),2.05,Kings College Hospital,13.52
BR28LE,51.378261,0.046736,South,Princess Royal (PRUH),1.68,Darent Valley,16.01,Princess Royal (PRUH),1.68,Kings College Hospital,13.88
BR28LF,51.379289,0.045518,South,Princess Royal (PRUH),1.82,Darent Valley,16.04,Princess Royal (PRUH),1.82,Kings College Hospital,13.74
BR28LG,51.378451,0.045135,South,Princess Royal (PRUH),1.76,Darent Valley,16.1,Princess Royal (PRUH),1.76,Kings College Hospital,13.79
BR28LH,51.377881,0.046317,South,Princess Royal (PRUH),1.66,Darent Valley,16.05,Princess Royal (PRUH),1.66,Kings College Hospital,13.89
BR28LJ,51.377254,0.048746,South,Princess Royal (PRUH),1.51,Darent Valley,15.92,Princess Royal (PRUH),1.51,Kings College Hospital,14.06
BR28LL,51.378137,0.05176,South,Princess Royal (PRUH),1.51,Darent Valley,15.69,Princess Royal (PRUH),1.51,Kings College Hospital,14.13
BR28LN,51.377377,0.051496,South,Princess Royal (PRUH),1.44,Darent Valley,15.74,Princess Royal (PRUH),1.44,Kings College Hospital,14.18
BR28LP,51.377737,0.048926,South,Princess Royal (PRUH),1.55,Darent Valley,15.89,Princess Royal (PRUH),1.55,Kings College Hospital,14.03
BR28LQ,51.378677,0.044499,South,Princess Royal (PRUH),1.81,Darent Valley,16.13,Princess Royal (PRUH),1.81,Kings College Hospital,13.74
BR28LR,51.376862,0.046487,South,Princess Royal (PRUH),1.56,Darent Valley,16.08,Princess Royal (PRUH),1.56,Kings College Hospital,13.98
BR28LS,51.375566,0.046588,South,Princess Royal (PRUH),1.45,Darent Valley,16.14,Princess Royal (PRUH),1.45,Kings College Hospital,14.09
BR28LT,51.376433,0.046339,South,Princess Royal (PRUH),1.53,Darent Valley,16.11,Princess Royal (PRUH),1.53,Kings College Hospital,14.01
BR28LU,51.376859,0.045122,South,Princess Royal (PRUH),1.62,Darent Valley,16.17,Princess Royal (PRUH),1.62,Kings College Hospital,13.92
BR28LW,51.376632,0.048359,South,Princess Royal (PRUH),1.47,Darent Valley,15.98,Princess Royal (PRUH),1.47,Kings College Hospital,14.09
BR28LX,51.377554,0.045986,South,Princess Royal (PRUH),1.65,Darent Valley,16.08,Princess Royal (PRUH),1.65,Kings College Hospital,13.9
BR28LZ,51.379943,0.045647,South,Princess Royal (PRUH),1.88,Darent Valley,16.0,Princess Royal (PRUH),1.88,Kings College Hospital,13.69
BR28NA,51.378022,0.043924,South,Princess Royal (PRUH),1.78,Darent Valley,16.2,Princess Royal (PRUH),1.78,Kings College Hospital,13.76
BR28NB,51.376134,0.04338,South,Princess Royal (PRUH),1.64,Darent Valley,16.31,Princess Royal (PRUH),1.64,Kings College Hospital,13.89
BR28ND,51.375934,0.042494,South,Princess Royal (PRUH),1.67,Darent Valley,16.38,Princess Royal (PRUH),1.67,Kings College Hospital,13.87
BR28NE,51.374422,0.044123,South,Princess Royal (PRUH),1.48,Darent Valley,16.34,Princess Royal (PRUH),1.48,Kings College Hospital,14.07
BR28NF,51.377903,0.044579,South,Princess Royal (PRUH),1.74,Darent Valley,16.16,Princess Royal (PRUH),1.74,Kings College Hospital,13.81
BR28NG,51.373962,0.046229,South,Princess Royal (PRUH),1.33,Darent Valley,16.23,Princess Royal (PRUH),1.33,Kings College Hospital,14.2
BR28NH,51.375099,0.045001,South,Princess Royal (PRUH),1.48,Darent Valley,16.26,Princess Royal (PRUH),1.48,Kings College Hospital,14.05
BR28NJ,51.374552,0.044373,South,Princess Royal (PRUH),1.47,Darent Valley,16.32,Princess Royal (PRUH),1.47,Kings College Hospital,14.07
BR28NL,51.375155,0.046382,South,Princess Royal (PRUH),1.42,Darent Valley,16.17,Princess Royal (PRUH),1.42,Kings College Hospital,14.11
BR28NN,51.373913,0.048037,South,Princess Royal (PRUH),1.24,Darent Valley,16.12,Princess Royal (PRUH),1.24,Kings College Hospital,14.29
BR28NP,51.374799,0.046194,South,Princess Royal (PRUH),1.4,Darent Valley,16.2,Princess Royal (PRUH),1.4,Kings College Hospital,14.13
BR28NQ,51.374444,0.045417,South,Princess Royal (PRUH),1.41,Darent Valley,16.26,Princess Royal (PRUH),1.41,Kings College Hospital,14.13
BR28NR,51.375803,0.047431,South,Princess Royal (PRUH),1.43,Darent Valley,16.07,Princess Royal (PRUH),1.43,Kings College Hospital,14.11
BR28NS,51.374893,0.048526,South,Princess Royal (PRUH),1.3,Darent Valley,16.05,Princess Royal (PRUH),1.3,Kings College Hospital,14.24
BR28NT,51.376096,0.048637,South,Princess Royal (PRUH),1.41,Darent Valley,15.98,Princess Royal (PRUH),1.41,Kings College Hospital,14.14
BR28NU,51.37541,0.049828,South,Princess Royal (PRUH),1.3,Darent Valley,15.94,Princess Royal (PRUH),1.3,Kings College Hospital,14.26
BR28NW,51.374211,0.048481,South,Princess Royal (PRUH),1.25,Darent Valley,16.08,Princess Royal (PRUH),1.25,Kings College Hospital,14.29
BR28NX,51.376256,0.049262,South,Princess Royal (PRUH),1.4,Darent Valley,15.94,Princess Royal (PRUH),1.4,Kings College Hospital,14.16
BR28NZ,51.378712,0.043538,South,Princess Royal (PRUH),1.85,Darent Valley,16.19,Princess Royal (PRUH),1.85,Kings College Hospital,13.69
BR28PA,51.377926,0.043273,South,Princess Royal (PRUH),1.8,Darent Valley,16.24,Princess Royal (PRUH),1.8,Kings College Hospital,13.74
BR28PD,51.374169,0.041597,South,Princess Royal (PRUH),1.59,Darent Valley,16.52,Princess Royal (PRUH),1.59,Kings College Hospital,13.97
BR28PE,51.374187,0.043121,South,Princess Royal (PRUH),1.51,Darent Valley,16.42,Princess Royal (PRUH),1.51,Kings College Hospital,14.04
BR28PF,51.374384,0.04267,South,Princess Royal (PRUH),1.55,Darent Valley,16.44,Princess Royal (PRUH),1.55,Kings College Hospital,14.0
BR28PG,51.373022,0.043931,South,Princess Royal (PRUH),1.39,Darent Valley,16.42,Princess Royal (PRUH),1.39,Kings College Hospital,14.18
BR28PH,51.373283,0.040839,South,Princess Royal (PRUH),1.58,Darent Valley,16.6,Princess Royal (PRUH),1.58,Kings College Hospital,14.01
BR28PJ,51.37231,0.040422,South,Princess Royal (PRUH),1.55,Darent Valley,16.68,Princess Royal (PRUH),1.55,Kings College Hospital,14.08
BR28PL,51.368532,0.039982,South,Princess Royal (PRUH),1.43,Darent Valley,16.89,Princess Royal (PRUH),1.43,Kings College Hospital,14.38
BR28PN,51.371968,0.040924,South,Princess Royal (PRUH),1.5,Darent Valley,16.66,Princess Royal (PRUH),1.5,Kings College Hospital,14.13
BR28PP,51.368437,0.040782,South,Princess Royal (PRUH),1.37,Darent Valley,16.84,Princess Royal (PRUH),1.37,Kings College Hospital,14.42
BR28PQ,51.372253,0.043653,South,Princess Royal (PRUH),1.35,Darent Valley,16.48,Princess Royal (PRUH),1.35,Kings College Hospital,14.23
BR28PR,51.369282,0.039728,South,Princess Royal (PRUH),1.47,Darent Valley,16.86,Princess Royal (PRUH),1.47,Kings College Hospital,14.3
BR28PS,51.370314,0.040894,South,Princess Royal (PRUH),1.43,Darent Valley,16.74,Princess Royal (PRUH),1.43,Kings College Hospital,14.27
BR28PT,51.369914,0.041681,South,Princess Royal (PRUH),1.36,Darent Valley,16.71,Princess Royal (PRUH),1.36,Kings College Hospital,14.33
BR28PU,51.375929,0.052567,South,Princess Royal (PRUH),1.26,Darent Valley,15.74,Princess Royal (PRUH),1.26,Kings College Hospital,14.35
BR28PW,51.371283,0.041038,South,Princess Royal (PRUH),1.46,Darent Valley,16.69,Princess Royal (PRUH),1.46,Kings College Hospital,14.19
BR28PX,51.367854,0.04169,South,Princess Royal (PRUH),1.3,Darent Valley,16.81,Princess Royal (PRUH),1.3,Kings College Hospital,14.51
BR28PY,51.369494,0.04205,South,Princess Royal (PRUH),1.32,Darent Valley,16.71,Princess Royal (PRUH),1.32,Kings College Hospital,14.39
BR28PZ,51.369805,0.042739,South,Princess Royal (PRUH),1.29,Darent Valley,16.65,Princess Royal (PRUH),1.29,Kings College Hospital,14.39
BR28QA,51.367593,0.040155,South,Princess Royal (PRUH),1.4,Darent Valley,16.92,Princess Royal (PRUH),1.4,Kings College Hospital,14.47
BR28QB,51.37199,0.045365,South,Princess Royal (PRUH),1.24,Darent Valley,16.38,Princess Royal (PRUH),1.24,Kings College Hospital,14.33
BR28QD,51.371652,0.043583,South,Princess Royal (PRUH),1.32,Darent Valley,16.51,Princess Royal (PRUH),1.32,Kings College Hospital,14.27
BR28QE,51.37146,0.042755,South,Princess Royal (PRUH),1.36,Darent Valley,16.57,Princess Royal (PRUH),1.36,Kings College Hospital,14.25
BR28QF,51.371317,0.044775,South,Princess Royal (PRUH),1.23,Darent Valley,16.45,Princess Royal (PRUH),1.23,Kings College Hospital,14.36
BR28QG,51.370252,0.045518,South,Princess Royal (PRUH),1.13,Darent Valley,16.46,Princess Royal (PRUH),1.13,Kings College Hospital,14.48
BR28QH,51.371067,0.046215,South,Princess Royal (PRUH),1.13,Darent Valley,16.37,Princess Royal (PRUH),1.13,Kings College Hospital,14.44
BR28QJ,51.368933,0.044309,South,Princess Royal (PRUH),1.15,Darent Valley,16.6,Princess Royal (PRUH),1.15,Kings College Hospital,14.54
BR28QL,51.368264,0.048073,South,Princess Royal (PRUH),0.88,Darent Valley,16.4,Princess Royal (PRUH),0.88,Kings College Hospital,14.76
BR28QN,51.368873,0.046174,South,Princess Royal (PRUH),1.03,Darent Valley,16.48,Princess Royal (PRUH),1.03,Kings College Hospital,14.63
BR28QP,51.370206,0.047627,South,Princess Royal (PRUH),1.0,Darent Valley,16.33,Princess Royal (PRUH),1.0,Kings College Hospital,14.58
BR28QQ,51.369484,0.04521,South,Princess Royal (PRUH),1.11,Darent Valley,16.51,Princess Royal (PRUH),1.11,Kings College Hospital,14.53
BR28QR,51.371097,0.047567,South,Princess Royal (PRUH),1.06,Darent Valley,16.29,Princess Royal (PRUH),1.06,Kings College Hospital,14.5
BR28QS,51.378799,0.044749,South,Princess Royal (PRUH),1.81,Darent Valley,16.11,Princess Royal (PRUH),1.81,Kings College Hospital,13.74
BR28QU,51.37506,0.042039,South,Princess Royal (PRUH),1.63,Darent Valley,16.45,Princess Royal (PRUH),1.63,Kings College Hospital,13.92
BR28QW,51.369028,0.047115,South,Princess Royal (PRUH),0.97,Darent Valley,16.42,Princess Royal (PRUH),0.97,Kings College Hospital,14.66
BR28QX,51.388358,0.043737,South,Princess Royal (PRUH),2.77,Darent Valley,15.79,Princess Royal (PRUH),2.77,Kings College Hospital,12.94
BR28RA,51.377221,0.050139,South,Princess Royal (PRUH),1.46,Darent Valley,15.84,Princess Royal (PRUH),1.46,Kings College Hospital,14.13
BR28RB,51.375305,0.038845,South,Princess Royal (PRUH),1.82,Darent Valley,16.64,Princess Royal (PRUH),1.82,Kings College Hospital,13.75
BR28RD,51.376251,0.050081,South,Princess Royal (PRUH),1.37,Darent Valley,15.88,Princess Royal (PRUH),1.37,Kings College Hospital,14.2
BR28RE,51.376431,0.051109,South,Princess Royal (PRUH),1.35,Darent Valley,15.81,Princess Royal (PRUH),1.35,Kings College Hospital,14.24
BR28RU,51.376153,0.041757,South,Princess Royal (PRUH),1.73,Darent Valley,16.42,Princess Royal (PRUH),1.73,Kings College Hospital,13.82
BR28SH,51.376153,0.041757,South,Princess Royal (PRUH),1.73,Darent Valley,16.42,Princess Royal (PRUH),1.73,Kings College Hospital,13.82
BR28SJ,51.376153,0.041757,South,Princess Royal (PRUH),1.73,Darent Valley,16.42,Princess Royal (PRUH),1.73,Kings College Hospital,13.82
BR28SP,51.380985,0.045248,South,Princess Royal (PRUH),1.99,Darent Valley,15.98,Princess Royal (PRUH),1.99,Kings College Hospital,13.59
BR28SW,51.376153,0.041757,South,Princess Royal (PRUH),1.73,Darent Valley,16.42,Princess Royal (PRUH),1.73,Kings College Hospital,13.82
BR28UB,51.380976,0.045233,South,Princess Royal (PRUH),1.99,Darent Valley,15.98,Princess Royal (PRUH),1.99,Kings College Hospital,13.59
BR28WB,51.380985,0.045248,South,Princess Royal (PRUH),1.99,Darent Valley,15.98,Princess Royal (PRUH),1.99,Kings College Hospital,13.59
BR28ZH,51.380985,0.045248,South,Princess Royal (PRUH),1.99,Darent Valley,15.98,Princess Royal (PRUH),1.99,Kings College Hospital,13.59
BR28ZJ,51.380985,0.045248,South,Princess Royal (PRUH),1.99,Darent Valley,15.98,Princess Royal (PRUH),1.99,Kings College Hospital,13.59
BR28ZL,51.376153,0.041757,South,Princess Royal (PRUH),1.73,Darent Valley,16.42,Princess Royal (PRUH),1.73,Kings College Hospital,13.82
BR28ZQ,51.380985,0.045248,South,Princess Royal (PRUH),1.99,Darent Valley,15.98,Princess Royal (PRUH),1.99,Kings College Hospital,13.59
BR28ZS,51.376153,0.041757,South,Princess Royal (PRUH),1.73,Darent Valley,16.42,Princess Royal (PRUH),1.73,Kings College Hospital,13.82
BR28ZX,51.380985,0.045248,South,Princess Royal (PRUH),1.99,Darent Valley,15.98,Princess Royal (PRUH),1.99,Kings College Hospital,13.59
BR28ZY,51.380985,0.045248,South,Princess Royal (PRUH),1.99,Darent Valley,15.98,Princess Royal (PRUH),1.99,Kings College Hospital,13.59
BR29AA,51.395915,0.014977,South,Princess Royal (PRUH),4.6,Darent Valley,17.45,Princess Royal (PRUH),4.6,Kings College Hospital,10.94
BR29AB,51.393304,0.016171,South,Princess Royal (PRUH),4.33,Darent Valley,17.45,Princess Royal (PRUH),4.33,Kings College Hospital,11.21
BR29AD,51.397921,0.018041,South,Princess Royal (PRUH),4.63,Darent Valley,17.19,Princess Royal (PRUH),4.63,Kings College Hospital,10.92
BR29AE,51.393944,0.01663,South,Princess Royal (PRUH),4.36,Darent Valley,17.4,Princess Royal (PRUH),4.36,Kings College Hospital,11.18
BR29AF,51.397206,0.015164,South,Princess Royal (PRUH),4.69,Darent Valley,17.4,Princess Royal (PRUH),4.69,Kings College Hospital,10.84
BR29AG,51.395996,0.019121,South,Princess Royal (PRUH),4.41,Darent Valley,17.17,Princess Royal (PRUH),4.41,Kings College Hospital,11.13
BR29AH,51.396513,0.01992,South,Princess Royal (PRUH),4.42,Darent Valley,17.1,Princess Royal (PRUH),4.42,Kings College Hospital,11.13
BR29AJ,51.397476,0.019344,South,Princess Royal (PRUH),4.53,Darent Valley,17.12,Princess Royal (PRUH),4.53,Kings College Hospital,11.02
BR29AL,51.396788,0.017546,South,Princess Royal (PRUH),4.55,Darent Valley,17.26,Princess Royal (PRUH),4.55,Kings College Hospital,10.99
BR29AN,51.395358,0.017569,South,Princess Royal (PRUH),4.43,Darent Valley,17.3,Princess Royal (PRUH),4.43,Kings College Hospital,11.11
BR29AP,51.398962,0.015557,South,Princess Royal (PRUH),4.82,Darent Valley,17.33,Princess Royal (PRUH),4.82,Kings College Hospital,10.72
BR29AQ,51.396429,0.018536,South,Princess Royal (PRUH),4.48,Darent Valley,17.2,Princess Royal (PRUH),4.48,Kings College Hospital,11.07
BR29AR,51.395603,0.013728,South,Princess Royal (PRUH),4.63,Darent Valley,17.55,Princess Royal (PRUH),4.63,Kings College Hospital,10.91
BR29AS,51.393623,0.01492,South,Princess Royal (PRUH),4.42,Darent Valley,17.52,Princess Royal (PRUH),4.42,Kings College Hospital,11.13
BR29AT,51.393019,0.014448,South,Princess Royal (PRUH),4.39,Darent Valley,17.57,Princess Royal (PRUH),4.39,Kings College Hospital,11.15
BR29AU,51.393919,0.010232,South,Princess Royal (PRUH),4.67,Darent Valley,17.83,Princess Royal (PRUH),4.67,Kings College Hospital,10.89
BR29AW,51.397269,0.016733,South,Princess Royal (PRUH),4.63,Darent Valley,17.3,Princess Royal (PRUH),4.63,Kings College Hospital,10.91
BR29AX,51.393192,0.009597,South,Princess Royal (PRUH),4.65,Darent Valley,17.89,Princess Royal (PRUH),4.65,Kings College Hospital,10.92
BR29AY,51.392621,0.013568,South,Princess Royal (PRUH),4.41,Darent Valley,17.64,Princess Royal (PRUH),4.41,Kings College Hospital,11.15
BR29AZ,51.391724,0.012896,South,Princess Royal (PRUH),4.37,Darent Valley,17.72,Princess Royal (PRUH),4.37,Kings College Hospital,11.19
BR29BA,51.39125,0.01483,South,Princess Royal (PRUH),4.24,Darent Valley,17.6,Princess Royal (PRUH),4.24,Kings College Hospital,11.32
BR29BB,51.392033,0.014275,South,Princess Royal (PRUH),4.33,Darent Valley,17.61,Princess Royal (PRUH),4.33,Kings College Hospital,11.23
BR29BD,51.391494,0.015804,South,Princess Royal (PRUH),4.21,Darent Valley,17.53,Princess Royal (PRUH),4.21,Kings College Hospital,11.34
BR29BE,51.390606,0.014615,South,Princess Royal (PRUH),4.2,Darent Valley,17.64,Princess Royal (PRUH),4.2,Kings College Hospital,11.37
BR29BF,51.39814,0.018396,South,Princess Royal (PRUH),4.63,Darent Valley,17.16,Princess Royal (PRUH),4.63,Kings College Hospital,10.92
BR29BG,51.390354,0.013627,South,Princess Royal (PRUH),4.24,Darent Valley,17.71,Princess Royal (PRUH),4.24,Kings College Hospital,11.34
BR29BH,51.3965,0.015966,South,Princess Royal (PRUH),4.6,Darent Valley,17.37,Princess Royal (PRUH),4.6,Kings College Hospital,10.94
BR29BJ,51.389375,0.014029,South,Princess Royal (PRUH),4.14,Darent Valley,17.71,Princess Royal (PRUH),4.14,Kings College Hospital,11.44
BR29BL,51.389613,0.014873,South,Princess Royal (PRUH),4.12,Darent Valley,17.65,Princess Royal (PRUH),4.12,Kings College Hospital,11.46
BR29BN,51.3892,0.014798,South,Princess Royal (PRUH),4.09,Darent Valley,17.67,Princess Royal (PRUH),4.09,Kings College Hospital,11.49
BR29BP,51.389191,0.015847,South,Princess Royal (PRUH),4.03,Darent Valley,17.6,Princess Royal (PRUH),4.03,Kings College Hospital,11.54
BR29BQ,51.389925,0.012947,South,Princess Royal (PRUH),4.24,Darent Valley,17.77,Princess Royal (PRUH),4.24,Kings College Hospital,11.35
BR29BS,51.390093,0.015699,South,Princess Royal (PRUH),4.11,Darent Valley,17.58,Princess Royal (PRUH),4.11,Kings College Hospital,11.46
BR29BT,51.390106,0.01547,South,Princess Royal (PRUH),4.12,Darent Valley,17.59,Princess Royal (PRUH),4.12,Kings College Hospital,11.45
BR29BU,51.397223,0.021518,South,Princess Royal (PRUH),4.42,Darent Valley,16.98,Princess Royal (PRUH),4.42,Kings College Hospital,11.15
BR29BW,51.389098,0.015023,South,Princess Royal (PRUH),4.07,Darent Valley,17.66,Princess Royal (PRUH),4.07,Kings College Hospital,11.51
BR29BY,51.392697,0.011731,South,Princess Royal (PRUH),4.51,Darent Valley,17.76,Princess Royal (PRUH),4.51,Kings College Hospital,11.06
BR29BZ,51.392687,0.011271,South,Princess Royal (PRUH),4.53,Darent Valley,17.79,Princess Royal (PRUH),4.53,Kings College Hospital,11.04
BR29DA,51.391531,0.009999,South,Princess Royal (PRUH),4.51,Darent Valley,17.91,Princess Royal (PRUH),4.51,Kings College Hospital,11.08
BR29DB,51.3907,0.009129,South,Princess Royal (PRUH),4.5,Darent Valley,18.0,Princess Royal (PRUH),4.5,Kings College Hospital,11.11
BR29DD,51.390835,0.011233,South,Princess Royal (PRUH),4.4,Darent Valley,17.85,Princess Royal (PRUH),4.4,Kings College Hospital,11.19
BR29DE,51.392422,0.009434,South,Princess Royal (PRUH),4.61,Darent Valley,17.93,Princess Royal (PRUH),4.61,Kings College Hospital,10.98
BR29DF,51.391725,0.008642,South,Princess Royal (PRUH),4.6,Darent Valley,18.0,Princess Royal (PRUH),4.6,Kings College Hospital,11.0
BR29DG,51.391021,0.008251,South,Princess Royal (PRUH),4.57,Darent Valley,18.05,Princess Royal (PRUH),4.57,Kings College Hospital,11.05
BR29DH,51.391477,0.010514,South,Princess Royal (PRUH),4.48,Darent Valley,17.88,Princess Royal (PRUH),4.48,Kings College Hospital,11.11
BR29DJ,51.391513,0.011565,South,Princess Royal (PRUH),4.43,Darent Valley,17.81,Princess Royal (PRUH),4.43,Kings College Hospital,11.15
BR29DL,51.390441,0.011158,South,Princess Royal (PRUH),4.37,Darent Valley,17.87,Princess Royal (PRUH),4.37,Kings College Hospital,11.22
BR29DN,51.389139,0.007896,South,Princess Royal (PRUH),4.46,Darent Valley,18.13,Princess Royal (PRUH),4.46,Kings College Hospital,11.2
BR29DP,51.389811,0.006962,South,Princess Royal (PRUH),4.56,Darent Valley,18.17,Princess Royal (PRUH),4.56,Kings College Hospital,11.1
BR29DQ,51.390386,0.008569,South,Princess Royal (PRUH),4.51,Darent Valley,18.05,Princess Royal (PRUH),4.51,Kings College Hospital,11.12
BR29DR,51.38889,0.010357,South,Princess Royal (PRUH),4.31,Darent Valley,17.97,Princess Royal (PRUH),4.31,Kings College Hospital,11.32
BR29DS,51.388983,0.00914,South,Princess Royal (PRUH),4.38,Darent Valley,18.05,Princess Royal (PRUH),4.38,Kings College Hospital,11.26
BR29DT,51.390161,0.0107,South,Princess Royal (PRUH),4.38,Darent Valley,17.91,Princess Royal (PRUH),4.38,Kings College Hospital,11.23
BR29DU,51.388872,0.011909,South,Princess Royal (PRUH),4.22,Darent Valley,17.87,Princess Royal (PRUH),4.22,Kings College Hospital,11.39
BR29DW,51.389867,0.007899,South,Princess Royal (PRUH),4.51,Darent Valley,18.11,Princess Royal (PRUH),4.51,Kings College Hospital,11.13
BR29DY,51.389952,0.012416,South,Princess Royal (PRUH),4.27,Darent Valley,17.8,Princess Royal (PRUH),4.27,Kings College Hospital,11.32
BR29DZ,51.388907,0.013046,South,Princess Royal (PRUH),4.16,Darent Valley,17.79,Princess Royal (PRUH),4.16,Kings College Hospital,11.44
BR29EA,51.394059,0.024038,South,Princess Royal (PRUH),4.03,Darent Valley,16.9,Princess Royal (PRUH),4.03,Kings College Hospital,11.52
BR29EB,51.394324,0.021218,South,Princess Royal (PRUH),4.18,Darent Valley,17.08,Princess Royal (PRUH),4.18,Kings College Hospital,11.36
BR29ED,51.394978,0.023964,South,Princess Royal (PRUH),4.11,Darent Valley,16.88,Princess Royal (PRUH),4.11,Kings College Hospital,11.44
BR29EE,51.39043,0.017051,South,Princess Royal (PRUH),4.06,Darent Valley,17.48,Princess Royal (PRUH),4.06,Kings College Hospital,11.49
BR29EF,51.390984,0.017736,South,Princess Royal (PRUH),4.07,Darent Valley,17.42,Princess Royal (PRUH),4.07,Kings College Hospital,11.48
BR29EG,51.389014,0.017794,South,Princess Royal (PRUH),3.92,Darent Valley,17.48,Princess Royal (PRUH),3.92,Kings College Hospital,11.64
BR29EH,51.394017,0.02073,South,Princess Royal (PRUH),4.17,Darent Valley,17.12,Princess Royal (PRUH),4.17,Kings College Hospital,11.37
BR29EJ,51.386603,0.017831,South,Princess Royal (PRUH),3.74,Darent Valley,17.55,Princess Royal (PRUH),3.74,Kings College Hospital,11.85
BR29EL,51.384434,0.016931,South,Princess Royal (PRUH),3.65,Darent Valley,17.69,Princess Royal (PRUH),3.65,Kings College Hospital,12.0
BR29EN,51.388036,0.014014,South,Princess Royal (PRUH),4.05,Darent Valley,17.76,Princess Royal (PRUH),4.05,Kings College Hospital,11.56
BR29EP,51.386848,0.017224,South,Princess Royal (PRUH),3.79,Darent Valley,17.59,Princess Royal (PRUH),3.79,Kings College Hospital,11.8
BR29EQ,51.386411,0.018053,South,Princess Royal (PRUH),3.72,Darent Valley,17.55,Princess Royal (PRUH),3.72,Kings College Hospital,11.88
BR29ER,51.388068,0.009531,South,Princess Royal (PRUH),4.3,Darent Valley,18.05,Princess Royal (PRUH),4.3,Kings College Hospital,11.36
BR29ES,51.388394,0.005722,South,Princess Royal (PRUH),4.54,Darent Valley,18.3,Princess Royal (PRUH),4.54,Kings College Hospital,11.17
BR29ET,51.388831,0.005899,South,Princess Royal (PRUH),4.56,Darent Valley,18.27,Princess Royal (PRUH),4.56,Kings College Hospital,11.14
BR29EU,51.388647,0.009844,South,Princess Royal (PRUH),4.32,Darent Valley,18.02,Princess Royal (PRUH),4.32,Kings College Hospital,11.32
BR29EW,51.388514,0.014437,South,Princess Royal (PRUH),4.06,Darent Valley,17.71,Princess Royal (PRUH),4.06,Kings College Hospital,11.54
BR29EX,51.397529,0.021,South,Princess Royal (PRUH),4.46,Darent Valley,17.0,Princess Royal (PRUH),4.46,Kings College Hospital,11.1
BR29EY,51.398604,0.018589,South,Princess Royal (PRUH),4.66,Darent Valley,17.14,Princess Royal (PRUH),4.66,Kings College Hospital,10.9
BR29EZ,51.397905,0.020053,South,Princess Royal (PRUH),4.54,Darent Valley,17.06,Princess Royal (PRUH),4.54,Kings College Hospital,11.02
BR29FA,51.394098,0.027519,South,Princess Royal (PRUH),3.89,Darent Valley,16.67,Princess Royal (PRUH),3.89,Kings College Hospital,11.69
BR29FB,51.388846,0.040467,South,Princess Royal (PRUH),2.92,Darent Valley,15.99,Princess Royal (PRUH),2.92,Kings College Hospital,12.74
BR29FD,51.394098,0.027519,South,Princess Royal (PRUH),3.89,Darent Valley,16.67,Princess Royal (PRUH),3.89,Kings College Hospital,11.69
BR29FE,51.394098,0.027519,South,Princess Royal (PRUH),3.89,Darent Valley,16.67,Princess Royal (PRUH),3.89,Kings College Hospital,11.69
BR29FF,51.395347,0.023923,South,Princess Royal (PRUH),4.15,Darent Valley,16.87,Princess Royal (PRUH),4.15,Kings College Hospital,11.41
BR29FG,51.395347,0.023923,South,Princess Royal (PRUH),4.15,Darent Valley,16.87,Princess Royal (PRUH),4.15,Kings College Hospital,11.41
BR29FH,51.394098,0.027533,South,Princess Royal (PRUH),3.89,Darent Valley,16.67,Princess Royal (PRUH),3.89,Kings College Hospital,11.69
BR29FJ,51.395771,0.028527,South,Princess Royal (PRUH),4.0,Darent Valley,16.55,Princess Royal (PRUH),4.0,Kings College Hospital,11.61
BR29FL,51.395483,0.027479,South,Princess Royal (PRUH),4.02,Darent Valley,16.63,Princess Royal (PRUH),4.02,Kings College Hospital,11.58
BR29FN,51.396443,0.027651,South,Princess Royal (PRUH),4.1,Darent Valley,16.59,Princess Royal (PRUH),4.1,Kings College Hospital,11.51
BR29FP,51.38513,0.039569,South,Princess Royal (PRUH),2.59,Darent Valley,16.18,Princess Royal (PRUH),2.59,Kings College Hospital,12.98
BR29FQ,51.385246,0.038597,South,Princess Royal (PRUH),2.64,Darent Valley,16.24,Princess Royal (PRUH),2.64,Kings College Hospital,12.93
BR29FR,51.385934,0.038354,South,Princess Royal (PRUH),2.71,Darent Valley,16.23,Princess Royal (PRUH),2.71,Kings College Hospital,12.86
BR29FS,51.395906,0.027469,South,Princess Royal (PRUH),4.06,Darent Valley,16.62,Princess Royal (PRUH),4.06,Kings College Hospital,11.54
BR29FT,51.396053,0.027806,South,Princess Royal (PRUH),4.06,Darent Valley,16.59,Princess Royal (PRUH),4.06,Kings College Hospital,11.55
BR29FU,51.387063,0.039109,South,Princess Royal (PRUH),2.79,Darent Valley,16.14,Princess Royal (PRUH),2.79,Kings College Hospital,12.81
BR29FW,51.388088,0.037013,South,Princess Royal (PRUH),2.97,Darent Valley,16.24,Princess Royal (PRUH),2.97,Kings College Hospital,12.63
BR29FX,51.388467,0.037446,South,Princess Royal (PRUH),2.99,Darent Valley,16.2,Princess Royal (PRUH),2.99,Kings College Hospital,12.62
BR29FY,51.388266,0.036618,South,Princess Royal (PRUH),3.0,Darent Valley,16.26,Princess Royal (PRUH),3.0,Kings College Hospital,12.59
BR29FZ,51.38755,0.040065,South,Princess Royal (PRUH),2.81,Darent Valley,16.06,Princess Royal (PRUH),2.81,Kings College Hospital,12.82
BR29GA,51.398087,0.019371,South,Princess Royal (PRUH),4.58,Darent Valley,17.1,Princess Royal (PRUH),4.58,Kings College Hospital,10.98
BR29GB,51.397419,0.019011,South,Princess Royal (PRUH),4.54,Darent Valley,17.14,Princess Royal (PRUH),4.54,Kings College Hospital,11.01
BR29GD,51.396707,0.020691,South,Princess Royal (PRUH),4.41,Darent Valley,17.05,Princess Royal (PRUH),4.41,Kings College Hospital,11.15
BR29GE,51.397138,0.020163,South,Princess Royal (PRUH),4.47,Darent Valley,17.07,Princess Royal (PRUH),4.47,Kings College Hospital,11.09
BR29GF,51.388131,0.037661,South,Princess Royal (PRUH),2.95,Darent Valley,16.2,Princess Royal (PRUH),2.95,Kings College Hospital,12.66
BR29GL,51.387582,0.037163,South,Princess Royal (PRUH),2.91,Darent Valley,16.25,Princess Royal (PRUH),2.91,Kings College Hospital,12.67
BR29GN,51.387811,0.038495,South,Princess Royal (PRUH),2.89,Darent Valley,16.15,Princess Royal (PRUH),2.89,Kings College Hospital,12.72
BR29GP,51.398292,0.016361,South,Princess Royal (PRUH),4.73,Darent Valley,17.3,Princess Royal (PRUH),4.73,Kings College Hospital,10.81
BR29GQ,51.387305,0.038616,South,Princess Royal (PRUH),2.83,Darent Valley,16.16,Princess Royal (PRUH),2.83,Kings College Hospital,12.77
BR29GS,51.387364,0.039352,South,Princess Royal (PRUH),2.81,Darent Valley,16.11,Princess Royal (PRUH),2.81,Kings College Hospital,12.8
BR29GT,51.387262,0.037968,South,Princess Royal (PRUH),2.85,Darent Valley,16.21,Princess Royal (PRUH),2.85,Kings College Hospital,12.74
BR29GU,51.388049,0.038233,South,Princess Royal (PRUH),2.92,Darent Valley,16.16,Princess Royal (PRUH),2.92,Kings College Hospital,12.69
BR29GW,51.397755,0.02193,South,Princess Royal (PRUH),4.45,Darent Valley,16.94,Princess Royal (PRUH),4.45,Kings College Hospital,11.13
BR29GZ,51.398653,0.01839,South,Princess Royal (PRUH),4.67,Darent Valley,17.15,Princess Royal (PRUH),4.67,Kings College Hospital,10.88
BR29HA,51.398401,0.017847,South,Princess Royal (PRUH),4.68,Darent Valley,17.19,Princess Royal (PRUH),4.68,Kings College Hospital,10.88
BR29HB,51.396206,0.02524,South,Princess Royal (PRUH),4.17,Darent Valley,16.76,Princess Royal (PRUH),4.17,Kings College Hospital,11.41
BR29HD,51.398998,0.018175,South,Princess Royal (PRUH),4.71,Darent Valley,17.15,Princess Royal (PRUH),4.71,Kings College Hospital,10.84
BR29HE,51.396883,0.021949,South,Princess Royal (PRUH),4.37,Darent Valley,16.96,Princess Royal (PRUH),4.37,Kings College Hospital,11.2
BR29HF,51.39904,0.018335,South,Princess Royal (PRUH),4.71,Darent Valley,17.14,Princess Royal (PRUH),4.71,Kings College Hospital,10.85
BR29HG,51.39934,0.018693,South,Princess Royal (PRUH),4.72,Darent Valley,17.11,Princess Royal (PRUH),4.72,Kings College Hospital,10.84
BR29HH,51.398125,0.020307,South,Princess Royal (PRUH),4.55,Darent Valley,17.03,Princess Royal (PRUH),4.55,Kings College Hospital,11.02
BR29HJ,51.396883,0.021949,South,Princess Royal (PRUH),4.37,Darent Valley,16.96,Princess Royal (PRUH),4.37,Kings College Hospital,11.2
BR29HL,51.398776,0.020638,South,Princess Royal (PRUH),4.59,Darent Valley,16.99,Princess Royal (PRUH),4.59,Kings College Hospital,10.98
BR29HN,51.39882,0.021186,South,Princess Royal (PRUH),4.57,Darent Valley,16.96,Princess Royal (PRUH),4.57,Kings College Hospital,11.01
BR29HP,51.393194,0.031935,South,Princess Royal (PRUH),3.63,Darent Valley,16.4,Princess Royal (PRUH),3.63,Kings College Hospital,11.98
BR29HQ,51.394029,0.035637,South,Princess Royal (PRUH),3.58,Darent Valley,16.13,Princess Royal (PRUH),3.58,Kings College Hospital,12.1
BR29HR,51.39904,0.018335,South,Princess Royal (PRUH),4.71,Darent Valley,17.14,Princess Royal (PRUH),4.71,Kings College Hospital,10.85
BR29HS,51.398299,0.021149,South,Princess Royal (PRUH),4.53,Darent Valley,16.97,Princess Royal (PRUH),4.53,Kings College Hospital,11.05
BR29HT,51.397211,0.023229,South,Princess Royal (PRUH),4.34,Darent Valley,16.86,Princess Royal (PRUH),4.34,Kings College Hospital,11.23
BR29HU,51.396246,0.025486,South,Princess Royal (PRUH),4.17,Darent Valley,16.74,Princess Royal (PRUH),4.17,Kings College Hospital,11.42
BR29HW,51.395776,0.025623,South,Princess Royal (PRUH),4.12,Darent Valley,16.74,Princess Royal (PRUH),4.12,Kings College Hospital,11.46
BR29HX,51.396778,0.024374,South,Princess Royal (PRUH),4.26,Darent Valley,16.8,Princess Royal (PRUH),4.26,Kings College Hospital,11.32
BR29HY,51.396082,0.025608,South,Princess Royal (PRUH),4.15,Darent Valley,16.74,Princess Royal (PRUH),4.15,Kings College Hospital,11.44
BR29HZ,51.395776,0.025623,South,Princess Royal (PRUH),4.12,Darent Valley,16.74,Princess Royal (PRUH),4.12,Kings College Hospital,11.46
BR29JA,51.397547,0.024609,South,Princess Royal (PRUH),4.32,Darent Valley,16.76,Princess Royal (PRUH),4.32,Kings College Hospital,11.28
BR29JB,51.397636,0.024139,South,Princess Royal (PRUH),4.35,Darent Valley,16.79,Princess Royal (PRUH),4.35,Kings College Hospital,11.24
BR29JD,51.395453,0.025092,South,Princess Royal (PRUH),4.11,Darent Valley,16.79,Princess Royal (PRUH),4.11,Kings College Hospital,11.46
BR29JE,51.397487,0.026015,South,Princess Royal (PRUH),4.26,Darent Valley,16.67,Princess Royal (PRUH),4.26,Kings College Hospital,11.35
BR29JF,51.396483,0.026345,South,Princess Royal (PRUH),4.15,Darent Valley,16.67,Princess Royal (PRUH),4.15,Kings College Hospital,11.44
BR29JG,51.395313,0.025373,South,Princess Royal (PRUH),4.09,Darent Valley,16.77,Princess Royal (PRUH),4.09,Kings College Hospital,11.49
BR29JH,51.397264,0.026437,South,Princess Royal (PRUH),4.22,Darent Valley,16.65,Princess Royal (PRUH),4.22,Kings College Hospital,11.39
BR29JJ,51.396618,0.023202,South,Princess Royal (PRUH),4.29,Darent Valley,16.88,Princess Royal (PRUH),4.29,Kings College Hospital,11.28
BR29JL,51.396964,0.028709,South,Princess Royal (PRUH),4.11,Darent Valley,16.5,Princess Royal (PRUH),4.11,Kings College Hospital,11.52
BR29JN,51.397524,0.025413,South,Princess Royal (PRUH),4.29,Darent Valley,16.71,Princess Royal (PRUH),4.29,Kings College Hospital,11.32
BR29JP,51.396733,0.025407,South,Princess Royal (PRUH),4.21,Darent Valley,16.73,Princess Royal (PRUH),4.21,Kings College Hospital,11.38
BR29JQ,51.3958,0.026358,South,Princess Royal (PRUH),4.09,Darent Valley,16.69,Princess Royal (PRUH),4.09,Kings College Hospital,11.5
BR29JR,51.397576,0.024007,South,Princess Royal (PRUH),4.35,Darent Valley,16.8,Princess Royal (PRUH),4.35,Kings College Hospital,11.24
BR29JS,51.399343,0.021655,South,Princess Royal (PRUH),4.6,Darent Valley,16.91,Princess Royal (PRUH),4.6,Kings College Hospital,10.99
BR29JT,51.398702,0.021813,South,Princess Royal (PRUH),4.54,Darent Valley,16.92,Princess Royal (PRUH),4.54,Kings College Hospital,11.05
BR29JU,51.399221,0.022958,South,Princess Royal (PRUH),4.54,Darent Valley,16.83,Princess Royal (PRUH),4.54,Kings College Hospital,11.06
BR29JW,51.398604,0.018589,South,Princess Royal (PRUH),4.66,Darent Valley,17.14,Princess Royal (PRUH),4.66,Kings College Hospital,10.9
BR29JX,51.398545,0.023072,South,Princess Royal (PRUH),4.47,Darent Valley,16.84,Princess Royal (PRUH),4.47,Kings College Hospital,11.12
BR29JY,51.399432,0.025871,South,Princess Royal (PRUH),4.45,Darent Valley,16.62,Princess Royal (PRUH),4.45,Kings College Hospital,11.19
BR29JZ,51.399158,0.026118,South,Princess Royal (PRUH),4.41,Darent Valley,16.62,Princess Royal (PRUH),4.41,Kings College Hospital,11.23
BR29LA,51.397751,0.02791,South,Princess Royal (PRUH),4.21,Darent Valley,16.53,Princess Royal (PRUH),4.21,Kings College Hospital,11.42
BR29LB,51.397224,0.029296,South,Princess Royal (PRUH),4.11,Darent Valley,16.46,Princess Royal (PRUH),4.11,Kings College Hospital,11.53
BR29LD,51.39689,0.029367,South,Princess Royal (PRUH),4.08,Darent Valley,16.46,Princess Royal (PRUH),4.08,Kings College Hospital,11.56
BR29LE,51.398411,0.030843,South,Princess Royal (PRUH),4.17,Darent Valley,16.32,Princess Royal (PRUH),4.17,Kings College Hospital,11.52
BR29LF,51.397255,0.027471,South,Princess Royal (PRUH),4.18,Darent Valley,16.58,Princess Royal (PRUH),4.18,Kings College Hospital,11.44
BR29LG,51.399091,0.029968,South,Princess Royal (PRUH),4.27,Darent Valley,16.36,Princess Royal (PRUH),4.27,Kings College Hospital,11.43
BR29LH,51.398119,0.031089,South,Princess Royal (PRUH),4.14,Darent Valley,16.31,Princess Royal (PRUH),4.14,Kings College Hospital,11.56
BR29LJ,51.397954,0.02917,South,Princess Royal (PRUH),4.19,Darent Valley,16.44,Princess Royal (PRUH),4.19,Kings College Hospital,11.47
BR29LL,51.398444,0.02945,South,Princess Royal (PRUH),4.22,Darent Valley,16.41,Princess Royal (PRUH),4.22,Kings College Hospital,11.45
BR29LN,51.398656,0.026024,South,Princess Royal (PRUH),4.37,Darent Valley,16.64,Princess Royal (PRUH),4.37,Kings College Hospital,11.26
BR29LP,51.393177,0.030827,South,Princess Royal (PRUH),3.67,Darent Valley,16.48,Princess Royal (PRUH),3.67,Kings College Hospital,11.92
BR29LQ,51.39931,0.030308,South,Princess Royal (PRUH),4.28,Darent Valley,16.33,Princess Royal (PRUH),4.28,Kings College Hospital,11.43
BR29LR,51.393845,0.029649,South,Princess Royal (PRUH),3.78,Darent Valley,16.53,Princess Royal (PRUH),3.78,Kings College Hospital,11.81
BR29LS,51.394716,0.027675,South,Princess Royal (PRUH),3.94,Darent Valley,16.64,Princess Royal (PRUH),3.94,Kings College Hospital,11.65
BR29LT,51.394344,0.028378,South,Princess Royal (PRUH),3.88,Darent Valley,16.6,Princess Royal (PRUH),3.88,Kings College Hospital,11.71
BR29LU,51.394745,0.027519,South,Princess Royal (PRUH),3.95,Darent Valley,16.65,Princess Royal (PRUH),3.95,Kings College Hospital,11.64
BR29LW,51.398375,0.026169,South,Princess Royal (PRUH),4.34,Darent Valley,16.63,Princess Royal (PRUH),4.34,Kings College Hospital,11.29
BR29LX,51.396256,0.026507,South,Princess Royal (PRUH),4.13,Darent Valley,16.67,Princess Royal (PRUH),4.13,Kings College Hospital,11.47
BR29LY,51.396195,0.026864,South,Princess Royal (PRUH),4.11,Darent Valley,16.65,Princess Royal (PRUH),4.11,Kings College Hospital,11.49
BR29LZ,51.396035,0.027834,South,Princess Royal (PRUH),4.05,Darent Valley,16.59,Princess Royal (PRUH),4.05,Kings College Hospital,11.55
BR29NA,51.394876,0.030903,South,Princess Royal (PRUH),3.83,Darent Valley,16.42,Princess Royal (PRUH),3.83,Kings College Hospital,11.8
BR29NB,51.395771,0.02696,South,Princess Royal (PRUH),4.06,Darent Valley,16.65,Princess Royal (PRUH),4.06,Kings College Hospital,11.53
BR29ND,51.395161,0.030541,South,Princess Royal (PRUH),3.87,Darent Valley,16.43,Princess Royal (PRUH),3.87,Kings College Hospital,11.76
BR29NE,51.396047,0.029732,South,Princess Royal (PRUH),3.98,Darent Valley,16.46,Princess Royal (PRUH),3.98,Kings College Hospital,11.65
BR29NF,51.39579,0.02952,South,Princess Royal (PRUH),3.97,Darent Valley,16.48,Princess Royal (PRUH),3.97,Kings College Hospital,11.66
BR29NG,51.395032,0.029688,South,Princess Royal (PRUH),3.89,Darent Valley,16.49,Princess Royal (PRUH),3.89,Kings College Hospital,11.72
BR29NH,51.394794,0.030956,South,Princess Royal (PRUH),3.82,Darent Valley,16.42,Princess Royal (PRUH),3.82,Kings College Hospital,11.8
BR29NJ,51.394164,0.031504,South,Princess Royal (PRUH),3.74,Darent Valley,16.4,Princess Royal (PRUH),3.74,Kings College Hospital,11.88
BR29NL,51.394843,0.032784,South,Princess Royal (PRUH),3.76,Darent Valley,16.29,Princess Royal (PRUH),3.76,Kings College Hospital,11.89
BR29NN,51.395301,0.031813,South,Princess Royal (PRUH),3.84,Darent Valley,16.34,Princess Royal (PRUH),3.84,Kings College Hospital,11.81
BR29NP,51.395231,0.032212,South,Princess Royal (PRUH),3.82,Darent Valley,16.32,Princess Royal (PRUH),3.82,Kings College Hospital,11.83
BR29NQ,51.394793,0.029433,South,Princess Royal (PRUH),3.88,Darent Valley,16.52,Princess Royal (PRUH),3.88,Kings College Hospital,11.73
BR29NR,51.395143,0.033631,South,Princess Royal (PRUH),3.76,Darent Valley,16.23,Princess Royal (PRUH),3.76,Kings College Hospital,11.91
BR29NS,51.396084,0.033802,South,Princess Royal (PRUH),3.85,Darent Valley,16.19,Princess Royal (PRUH),3.85,Kings College Hospital,11.85
BR29NT,51.395569,0.034455,South,Princess Royal (PRUH),3.77,Darent Valley,16.16,Princess Royal (PRUH),3.77,Kings College Hospital,11.92
BR29NU,51.395662,0.034804,South,Princess Royal (PRUH),3.77,Darent Valley,16.13,Princess Royal (PRUH),3.77,Kings College Hospital,11.93
BR29NW,51.395089,0.031559,South,Princess Royal (PRUH),3.83,Darent Valley,16.37,Princess Royal (PRUH),3.83,Kings College Hospital,11.81
BR29NX,51.394794,0.030956,South,Princess Royal (PRUH),3.82,Darent Valley,16.42,Princess Royal (PRUH),3.82,Kings College Hospital,11.8
BR29NY,51.396401,0.031099,South,Princess Royal (PRUH),3.97,Darent Valley,16.36,Princess Royal (PRUH),3.97,Kings College Hospital,11.69
BR29NZ,51.396133,0.030973,South,Princess Royal (PRUH),3.95,Darent Valley,16.38,Princess Royal (PRUH),3.95,Kings College Hospital,11.7
BR29PA,51.395113,0.034334,South,Princess Royal (PRUH),3.73,Darent Valley,16.18,Princess Royal (PRUH),3.73,Kings College Hospital,11.95
BR29PB,51.396514,0.033908,South,Princess Royal (PRUH),3.89,Darent Valley,16.17,Princess Royal (PRUH),3.89,Kings College Hospital,11.82
BR29PD,51.393884,0.027941,South,Princess Royal (PRUH),3.85,Darent Valley,16.65,Princess Royal (PRUH),3.85,Kings College Hospital,11.73
BR29PF,51.391325,0.032355,South,Princess Royal (PRUH),3.44,Darent Valley,16.43,Princess Royal (PRUH),3.44,Kings College Hospital,12.14
BR29PG,51.389519,0.03745,South,Princess Royal (PRUH),3.09,Darent Valley,16.16,Princess Royal (PRUH),3.09,Kings College Hospital,12.54
BR29PH,51.388546,0.038111,South,Princess Royal (PRUH),2.97,Darent Valley,16.15,Princess Royal (PRUH),2.97,Kings College Hospital,12.64
BR29PJ,51.389279,0.040443,South,Princess Royal (PRUH),2.96,Darent Valley,15.97,Princess Royal (PRUH),2.96,Kings College Hospital,12.7
BR29PL,51.38997,0.039453,South,Princess Royal (PRUH),3.06,Darent Valley,16.01,Princess Royal (PRUH),3.06,Kings College Hospital,12.6
BR29PN,51.390984,0.041166,South,Princess Royal (PRUH),3.11,Darent Valley,15.86,Princess Royal (PRUH),3.11,Kings College Hospital,12.61
BR29PP,51.389716,0.0396,South,Princess Royal (PRUH),3.03,Darent Valley,16.01,Princess Royal (PRUH),3.03,Kings College Hospital,12.63
BR29PQ,51.388596,0.039349,South,Princess Royal (PRUH),2.93,Darent Valley,16.07,Princess Royal (PRUH),2.93,Kings College Hospital,12.7
BR29PR,51.389759,0.040206,South,Princess Royal (PRUH),3.02,Darent Valley,15.97,Princess Royal (PRUH),3.02,Kings College Hospital,12.66
BR29PS,51.390339,0.037357,South,Princess Royal (PRUH),3.17,Darent Valley,16.14,Princess Royal (PRUH),3.17,Kings College Hospital,12.47
BR29PT,51.39064,0.039713,South,Princess Royal (PRUH),3.12,Darent Valley,15.97,Princess Royal (PRUH),3.12,Kings College Hospital,12.56
BR29PU,51.391202,0.041506,South,Princess Royal (PRUH),3.12,Darent Valley,15.83,Princess Royal (PRUH),3.12,Kings College Hospital,12.61
BR29PW,51.389314,0.036866,South,Princess Royal (PRUH),3.09,Darent Valley,16.21,Princess Royal (PRUH),3.09,Kings College Hospital,12.52
BR29PX,51.389654,0.041595,South,Princess Royal (PRUH),2.96,Darent Valley,15.88,Princess Royal (PRUH),2.96,Kings College Hospital,12.73
BR29PY,51.390413,0.039847,South,Princess Royal (PRUH),3.09,Darent Valley,15.97,Princess Royal (PRUH),3.09,Kings College Hospital,12.59
BR29PZ,51.390954,0.040273,South,Princess Royal (PRUH),3.13,Darent Valley,15.92,Princess Royal (PRUH),3.13,Kings College Hospital,12.57
BR29QA,51.391607,0.035832,South,Princess Royal (PRUH),3.34,Darent Valley,16.2,Princess Royal (PRUH),3.34,Kings College Hospital,12.29
BR29QB,51.391688,0.036827,South,Princess Royal (PRUH),3.32,Darent Valley,16.13,Princess Royal (PRUH),3.32,Kings College Hospital,12.34
BR29QD,51.390655,0.035215,South,Princess Royal (PRUH),3.27,Darent Valley,16.27,Princess Royal (PRUH),3.27,Kings College Hospital,12.34
BR29QE,51.391454,0.036357,South,Princess Royal (PRUH),3.31,Darent Valley,16.17,Princess Royal (PRUH),3.31,Kings College Hospital,12.33
BR29QF,51.391554,0.035255,South,Princess Royal (PRUH),3.36,Darent Valley,16.24,Princess Royal (PRUH),3.36,Kings College Hospital,12.27
BR29QG,51.391775,0.036012,South,Princess Royal (PRUH),3.35,Darent Valley,16.18,Princess Royal (PRUH),3.35,Kings College Hospital,12.29
BR29QH,51.391554,0.035255,South,Princess Royal (PRUH),3.36,Darent Valley,16.24,Princess Royal (PRUH),3.36,Kings College Hospital,12.27
BR29QJ,51.391579,0.033818,South,Princess Royal (PRUH),3.41,Darent Valley,16.33,Princess Royal (PRUH),3.41,Kings College Hospital,12.2
BR29QL,51.392171,0.03442,South,Princess Royal (PRUH),3.45,Darent Valley,16.27,Princess Royal (PRUH),3.45,Kings College Hospital,12.18
BR29QN,51.392732,0.034703,South,Princess Royal (PRUH),3.49,Darent Valley,16.23,Princess Royal (PRUH),3.49,Kings College Hospital,12.15
BR29QP,51.393541,0.032683,South,Princess Royal (PRUH),3.64,Darent Valley,16.34,Princess Royal (PRUH),3.64,Kings College Hospital,11.99
BR29QQ,51.391655,0.036697,South,Princess Royal (PRUH),3.32,Darent Valley,16.14,Princess Royal (PRUH),3.32,Kings College Hospital,12.33
BR29QR,51.393831,0.032567,South,Princess Royal (PRUH),3.67,Darent Valley,16.34,Princess Royal (PRUH),3.67,Kings College Hospital,11.96
BR29QS,51.394436,0.034477,South,Princess Royal (PRUH),3.66,Darent Valley,16.19,Princess Royal (PRUH),3.66,Kings College Hospital,12.01
BR29QT,51.395056,0.03505,South,Princess Royal (PRUH),3.7,Darent Valley,16.14,Princess Royal (PRUH),3.7,Kings College Hospital,11.99
BR29QU,51.395626,0.036873,South,Princess Royal (PRUH),3.7,Darent Valley,16.0,Princess Royal (PRUH),3.7,Kings College Hospital,12.04
BR29QW,51.392924,0.035042,South,Princess Royal (PRUH),3.5,Darent Valley,16.2,Princess Royal (PRUH),3.5,Kings College Hospital,12.15
BR29QX,51.395339,0.035825,South,Princess Royal (PRUH),3.71,Darent Valley,16.08,Princess Royal (PRUH),3.71,Kings College Hospital,12.01
BR29QY,51.395439,0.03731,South,Princess Royal (PRUH),3.67,Darent Valley,15.97,Princess Royal (PRUH),3.67,Kings College Hospital,12.08
BR29QZ,51.396204,0.039328,South,Princess Royal (PRUH),3.69,Darent Valley,15.82,Princess Royal (PRUH),3.69,Kings College Hospital,12.13
BR29RA,51.39692,0.03693,South,Princess Royal (PRUH),3.83,Darent Valley,15.95,Princess Royal (PRUH),3.83,Kings College Hospital,11.95
BR29RB,51.396779,0.03885,South,Princess Royal (PRUH),3.76,Darent Valley,15.83,Princess Royal (PRUH),3.76,Kings College Hospital,12.06
BR29RD,51.396099,0.040746,South,Princess Royal (PRUH),3.65,Darent Valley,15.72,Princess Royal (PRUH),3.65,Kings College Hospital,12.21
BR29RE,51.396079,0.035139,South,Princess Royal (PRUH),3.8,Darent Valley,16.1,Princess Royal (PRUH),3.8,Kings College Hospital,11.92
BR29RF,51.396116,0.035586,South,Princess Royal (PRUH),3.79,Darent Valley,16.07,Princess Royal (PRUH),3.79,Kings College Hospital,11.94
BR29RG,51.396359,0.036129,South,Princess Royal (PRUH),3.8,Darent Valley,16.02,Princess Royal (PRUH),3.8,Kings College Hospital,11.95
BR29RH,51.395721,0.03968,South,Princess Royal (PRUH),3.63,Darent Valley,15.81,Princess Royal (PRUH),3.63,Kings College Hospital,12.18
BR29RJ,51.390359,0.034684,South,Princess Royal (PRUH),3.27,Darent Valley,16.31,Princess Royal (PRUH),3.27,Kings College Hospital,12.33
BR29RN,51.392424,0.032246,South,Princess Royal (PRUH),3.55,Darent Valley,16.41,Princess Royal (PRUH),3.55,Kings College Hospital,12.05
BR29RP,51.393228,0.033072,South,Princess Royal (PRUH),3.6,Darent Valley,16.33,Princess Royal (PRUH),3.6,Kings College Hospital,12.03
BR29RQ,51.396589,0.036312,South,Princess Royal (PRUH),3.82,Darent Valley,16.0,Princess Royal (PRUH),3.82,Kings College Hospital,11.94
BR29RR,51.393632,0.034686,South,Princess Royal (PRUH),3.58,Darent Valley,16.2,Princess Royal (PRUH),3.58,Kings College Hospital,12.08
BR29RS,51.394041,0.034934,South,Princess Royal (PRUH),3.61,Darent Valley,16.18,Princess Royal (PRUH),3.61,Kings College Hospital,12.06
BR29RT,51.393767,0.036258,South,Princess Royal (PRUH),3.54,Darent Valley,16.1,Princess Royal (PRUH),3.54,Kings College Hospital,12.15
BR29RU,51.394109,0.036762,South,Princess Royal (PRUH),3.56,Darent Valley,16.05,Princess Royal (PRUH),3.56,Kings College Hospital,12.15
BR29RW,51.392424,0.032246,South,Princess Royal (PRUH),3.55,Darent Valley,16.41,Princess Royal (PRUH),3.55,Kings College Hospital,12.05
BR29RX,51.393993,0.03565,South,Princess Royal (PRUH),3.58,Darent Valley,16.13,Princess Royal (PRUH),3.58,Kings College Hospital,12.1
BR29RY,51.393278,0.0349,South,Princess Royal (PRUH),3.54,Darent Valley,16.2,Princess Royal (PRUH),3.54,Kings College Hospital,12.12
BR29RZ,51.392665,0.034441,South,Princess Royal (PRUH),3.49,Darent Valley,16.25,Princess Royal (PRUH),3.49,Kings College Hospital,12.14
BR29SA,51.391693,0.038121,South,Princess Royal (PRUH),3.27,Darent Valley,16.04,Princess Royal (PRUH),3.27,Kings College Hospital,12.4
BR29SB,51.392048,0.038396,South,Princess Royal (PRUH),3.3,Darent Valley,16.01,Princess Royal (PRUH),3.3,Kings College Hospital,12.39
BR29SD,51.392833,0.039796,South,Princess Royal (PRUH),3.34,Darent Valley,15.89,Princess Royal (PRUH),3.34,Kings College Hospital,12.4
BR29SE,51.392119,0.034805,South,Princess Royal (PRUH),3.43,Darent Valley,16.25,Princess Royal (PRUH),3.43,Kings College Hospital,12.2
BR29SF,51.392329,0.036195,South,Princess Royal (PRUH),3.4,Darent Valley,16.15,Princess Royal (PRUH),3.4,Kings College Hospital,12.26
BR29SG,51.393533,0.039324,South,Princess Royal (PRUH),3.42,Darent Valley,15.9,Princess Royal (PRUH),3.42,Kings College Hospital,12.32
BR29SH,51.391879,0.039811,South,Princess Royal (PRUH),3.24,Darent Valley,15.92,Princess Royal (PRUH),3.24,Kings College Hospital,12.47
BR29SJ,51.391397,0.039646,South,Princess Royal (PRUH),3.2,Darent Valley,15.95,Princess Royal (PRUH),3.2,Kings College Hospital,12.5
BR29SL,51.391093,0.039532,South,Princess Royal (PRUH),3.17,Darent Valley,15.97,Princess Royal (PRUH),3.17,Kings College Hospital,12.52
BR29SN,51.390655,0.035761,South,Princess Royal (PRUH),3.25,Darent Valley,16.23,Princess Royal (PRUH),3.25,Kings College Hospital,12.36
BR29SP,51.397924,0.028852,South,Princess Royal (PRUH),4.19,Darent Valley,16.47,Princess Royal (PRUH),4.19,Kings College Hospital,11.46
BR29SQ,51.393347,0.03969,South,Princess Royal (PRUH),3.39,Darent Valley,15.88,Princess Royal (PRUH),3.39,Kings College Hospital,12.36
BR29SR,51.394324,0.031065,South,Princess Royal (PRUH),3.77,Darent Valley,16.42,Princess Royal (PRUH),3.77,Kings College Hospital,11.85
BR29SS,51.390909,0.034579,South,Princess Royal (PRUH),3.32,Darent Valley,16.3,Princess Royal (PRUH),3.32,Kings College Hospital,12.29
BR29ST,51.391305,0.034022,South,Princess Royal (PRUH),3.38,Darent Valley,16.33,Princess Royal (PRUH),3.38,Kings College Hospital,12.23
BR29SU,51.396231,0.028432,South,Princess Royal (PRUH),4.05,Darent Valley,16.54,Princess Royal (PRUH),4.05,Kings College Hospital,11.57
BR29SW,51.39016,0.036314,South,Princess Royal (PRUH),3.19,Darent Valley,16.21,Princess Royal (PRUH),3.19,Kings College Hospital,12.43
BR29SX,51.389371,0.032528,South,Princess Royal (PRUH),3.26,Darent Valley,16.49,Princess Royal (PRUH),3.26,Kings College Hospital,12.31
BR29SY,51.389807,0.032303,South,Princess Royal (PRUH),3.31,Darent Valley,16.49,Princess Royal (PRUH),3.31,Kings College Hospital,12.26
BR29TA,51.396526,0.026965,South,Princess Royal (PRUH),4.13,Darent Valley,16.63,Princess Royal (PRUH),4.13,Kings College Hospital,11.47
BR29TB,51.396526,0.026965,South,Princess Royal (PRUH),4.13,Darent Valley,16.63,Princess Royal (PRUH),4.13,Kings College Hospital,11.47
BR29TD,51.396196,0.026835,South,Princess Royal (PRUH),4.11,Darent Valley,16.65,Princess Royal (PRUH),4.11,Kings College Hospital,11.49
BR29TE,51.396382,0.027548,South,Princess Royal (PRUH),4.1,Darent Valley,16.6,Princess Royal (PRUH),4.1,Kings College Hospital,11.51
BR29TF,51.387041,0.03882,South,Princess Royal (PRUH),2.8,Darent Valley,16.16,Princess Royal (PRUH),2.8,Kings College Hospital,12.8
BR29TG,51.388315,0.041018,South,Princess Royal (PRUH),2.85,Darent Valley,15.97,Princess Royal (PRUH),2.85,Kings College Hospital,12.81
BR29TH,51.389698,0.035431,South,Princess Royal (PRUH),3.18,Darent Valley,16.29,Princess Royal (PRUH),3.18,Kings College Hospital,12.42
BR29TJ,51.387691,0.039711,South,Princess Royal (PRUH),2.83,Darent Valley,16.08,Princess Royal (PRUH),2.83,Kings College Hospital,12.79
BR29TL,51.395297,0.026795,South,Princess Royal (PRUH),4.03,Darent Valley,16.68,Princess Royal (PRUH),4.03,Kings College Hospital,11.56
BR29TN,51.396651,0.028092,South,Princess Royal (PRUH),4.1,Darent Valley,16.55,Princess Royal (PRUH),4.1,Kings College Hospital,11.52
BR29TP,51.387102,0.039427,South,Princess Royal (PRUH),2.78,Darent Valley,16.12,Princess Royal (PRUH),2.78,Kings College Hospital,12.82
BR29TQ,51.386909,0.040209,South,Princess Royal (PRUH),2.74,Darent Valley,16.07,Princess Royal (PRUH),2.74,Kings College Hospital,12.88
BR29TS,51.386858,0.039473,South,Princess Royal (PRUH),2.76,Darent Valley,16.12,Princess Royal (PRUH),2.76,Kings College Hospital,12.84
BR29TU,51.385647,0.039836,South,Princess Royal (PRUH),2.63,Darent Valley,16.15,Princess Royal (PRUH),2.63,Kings College Hospital,12.96
BR29TW,51.385928,0.040237,South,Princess Royal (PRUH),2.64,Darent Valley,16.11,Princess Royal (PRUH),2.64,Kings College Hospital,12.95
BR29TX,51.395883,0.029323,South,Princess Royal (PRUH),3.98,Darent Valley,16.49,Princess Royal (PRUH),3.98,Kings College Hospital,11.64
BR29TY,51.396651,0.028092,South,Princess Royal (PRUH),4.1,Darent Valley,16.55,Princess Royal (PRUH),4.1,Kings College Hospital,11.52
BR29TZ,51.394098,0.027533,South,Princess Royal (PRUH),3.89,Darent Valley,16.67,Princess Royal (PRUH),3.89,Kings College Hospital,11.69
BR29UA,51.394098,0.027519,South,Princess Royal (PRUH),3.89,Darent Valley,16.67,Princess Royal (PRUH),3.89,Kings College Hospital,11.69
BR29UB,51.396345,0.018216,South,Princess Royal (PRUH),4.48,Darent Valley,17.22,Princess Royal (PRUH),4.48,Kings College Hospital,11.06
BR29UE,51.396345,0.018216,South,Princess Royal (PRUH),4.48,Darent Valley,17.22,Princess Royal (PRUH),4.48,Kings College Hospital,11.06
BR29UG,51.394098,0.027519,South,Princess Royal (PRUH),3.89,Darent Valley,16.67,Princess Royal (PRUH),3.89,Kings College Hospital,11.69
BR29UJ,51.386258,0.038843,South,Princess Royal (PRUH),2.73,Darent Valley,16.19,Princess Royal (PRUH),2.73,Kings College Hospital,12.86
BR29UL,51.385816,0.039441,South,Princess Royal (PRUH),2.66,Darent Valley,16.17,Princess Royal (PRUH),2.66,Kings College Hospital,12.92
BR29UN,51.390118,0.014752,South,Princess Royal (PRUH),4.16,Darent Valley,17.64,Princess Royal (PRUH),4.16,Kings College Hospital,11.41
BR29UP,51.386828,0.039156,South,Princess Royal (PRUH),2.77,Darent Valley,16.15,Princess Royal (PRUH),2.77,Kings College Hospital,12.83
BR29UQ,51.386973,0.038056,South,Princess Royal (PRUH),2.82,Darent Valley,16.21,Princess Royal (PRUH),2.82,Kings College Hospital,12.77
BR29UR,51.396206,0.02524,South,Princess Royal (PRUH),4.17,Darent Valley,16.76,Princess Royal (PRUH),4.17,Kings College Hospital,11.41
BR29US,51.386742,0.03839,South,Princess Royal (PRUH),2.79,Darent Valley,16.2,Princess Royal (PRUH),2.79,Kings College Hospital,12.8
BR29UT,51.386512,0.038711,South,Princess Royal (PRUH),2.76,Darent Valley,16.19,Princess Royal (PRUH),2.76,Kings College Hospital,12.83
BR29UU,51.387085,0.037327,South,Princess Royal (PRUH),2.86,Darent Valley,16.26,Princess Royal (PRUH),2.86,Kings College Hospital,12.72
BR29UW,51.386863,0.037634,South,Princess Royal (PRUH),2.83,Darent Valley,16.24,Princess Royal (PRUH),2.83,Kings College Hospital,12.75
BR29UX,51.386697,0.037885,South,Princess Royal (PRUH),2.8,Darent Valley,16.23,Princess Royal (PRUH),2.8,Kings College Hospital,12.78
BR29UY,51.399449,0.01496,South,Princess Royal (PRUH),4.89,Darent Valley,17.36,Princess Royal (PRUH),4.89,Kings College Hospital,10.65
BR29UZ,51.399784,0.014817,South,Princess Royal (PRUH),4.93,Darent Valley,17.36,Princess Royal (PRUH),4.93,Kings College Hospital,10.62
BR29WA,51.394098,0.027533,South,Princess Royal (PRUH),3.89,Darent Valley,16.67,Princess Royal (PRUH),3.89,Kings College Hospital,11.69
BR29WL,51.395892,0.027267,South,Princess Royal (PRUH),4.06,Darent Valley,16.63,Princess Royal (PRUH),4.06,Kings College Hospital,11.54
BR29WN,51.395892,0.027267,South,Princess Royal (PRUH),4.06,Darent Valley,16.63,Princess Royal (PRUH),4.06,Kings College Hospital,11.54
BR29WW,51.394098,0.027533,South,Princess Royal (PRUH),3.89,Darent Valley,16.67,Princess Royal (PRUH),3.89,Kings College Hospital,11.69
BR29XJ,51.399065,0.016898,South,Princess Royal (PRUH),4.77,Darent Valley,17.24,Princess Royal (PRUH),4.77,Kings College Hospital,10.78
BR29XL,51.399065,0.016898,South,Princess Royal (PRUH),4.77,Darent Valley,17.24,Princess Royal (PRUH),4.77,Kings College Hospital,10.78
BR29XN,51.394098,0.027533,South,Princess Royal (PRUH),3.89,Darent Valley,16.67,Princess Royal (PRUH),3.89,Kings College Hospital,11.69
BR29XQ,51.399065,0.016898,South,Princess Royal (PRUH),4.77,Darent Valley,17.24,Princess Royal (PRUH),4.77,Kings College Hospital,10.78
BR29YD,51.399832,0.015178,South,Princess Royal (PRUH),4.92,Darent Valley,17.33,Princess Royal (PRUH),4.92,Kings College Hospital,10.63
BR29YF,51.399826,0.015537,South,Princess Royal (PRUH),4.9,Darent Valley,17.31,Princess Royal (PRUH),4.9,Kings College Hospital,10.65
BR29YG,51.390679,0.016156,South,Princess Royal (PRUH),4.13,Darent Valley,17.53,Princess Royal (PRUH),4.13,Kings College Hospital,11.43
BR29YH,51.389056,0.014849,South,Princess Royal (PRUH),4.08,Darent Valley,17.67,Princess Royal (PRUH),4.08,Kings College Hospital,11.51
BR29ZD,51.394098,0.027533,South,Princess Royal (PRUH),3.89,Darent Valley,16.67,Princess Royal (PRUH),3.89,Kings College Hospital,11.69
BR29ZE,51.394098,0.027533,South,Princess Royal (PRUH),3.89,Darent Valley,16.67,Princess Royal (PRUH),3.89,Kings College Hospital,11.69
BR29ZG,51.394098,0.027533,South,Princess Royal (PRUH),3.89,Darent Valley,16.67,Princess Royal (PRUH),3.89,Kings College Hospital,11.69
BR29ZH,51.394098,0.027533,South,Princess Royal (PRUH),3.89,Darent Valley,16.67,Princess Royal (PRUH),3.89,Kings College Hospital,11.69
BR29ZJ,51.394098,0.027533,South,Princess Royal (PRUH),3.89,Darent Valley,16.67,Princess Royal (PRUH),3.89,Kings College Hospital,11.69
BR29ZL,51.394098,0.027533,South,Princess Royal (PRUH),3.89,Darent Valley,16.67,Princess Royal (PRUH),3.89,Kings College Hospital,11.69
BR29ZQ,51.394098,0.027533,South,Princess Royal (PRUH),3.89,Darent Valley,16.67,Princess Royal (PRUH),3.89,Kings College Hospital,11.69
BR29ZU,51.394098,0.027533,South,Princess Royal (PRUH),3.89,Darent Valley,16.67,Princess Royal (PRUH),3.89,Kings College Hospital,11.69
BR29ZY,51.399065,0.016898,South,Princess Royal (PRUH),4.77,Darent Valley,17.24,Princess Royal (PRUH),4.77,Kings College Hospital,10.78
BR29ZZ,51.394098,0.027533,South,Princess Royal (PRUH),3.89,Darent Valley,16.67,Princess Royal (PRUH),3.89,Kings College Hospital,11.69
BR32RN,51.397428,-0.004636,South,Princess Royal (PRUH),5.71,Darent Valley,18.73,Princess Royal (PRUH),5.71,Kings College Hospital,9.93
BR32RP,51.398696,-0.00566,South,Princess Royal (PRUH),5.86,Darent Valley,18.77,Princess Royal (PRUH),5.86,Kings College Hospital,9.78
BR32RR,51.396994,-0.005547,South,Princess Royal (PRUH),5.73,Darent Valley,18.81,Princess Royal (PRUH),5.73,Kings College Hospital,9.93
BR32RS,51.396807,-0.006173,South,Princess Royal (PRUH),5.76,Darent Valley,18.85,Princess Royal (PRUH),5.76,Kings College Hospital,9.93
BR32RT,51.394074,-0.003604,South,Princess Royal (PRUH),5.43,Darent Valley,18.75,Princess Royal (PRUH),5.43,Kings College Hospital,10.28
BR32RU,51.392896,-0.002548,South,Princess Royal (PRUH),5.3,Darent Valley,18.71,Princess Royal (PRUH),5.3,Kings College Hospital,10.42
BR32RW,51.39852,-0.007522,South,Princess Royal (PRUH),5.95,Darent Valley,18.9,Princess Royal (PRUH),5.95,Kings College Hospital,9.72
BR32RX,51.392925,-0.004746,South,Princess Royal (PRUH),5.42,Darent Valley,18.86,Princess Royal (PRUH),5.42,Kings College Hospital,10.33
BR32RY,51.396212,-0.007133,South,Princess Royal (PRUH),5.77,Darent Valley,18.93,Princess Royal (PRUH),5.77,Kings College Hospital,9.94
BR32RZ,51.395914,-0.00762,South,Princess Royal (PRUH),5.78,Darent Valley,18.97,Princess Royal (PRUH),5.78,Kings College Hospital,9.95
BR32SA,51.396366,-0.012546,South,Princess Royal (PRUH),6.09,Darent Valley,19.3,Princess Royal (PRUH),6.09,Kings College Hospital,9.71
BR32SB,51.39509,-0.008892,South,Princess Royal (PRUH),5.8,Darent Valley,19.08,Princess Royal (PRUH),5.8,Kings College Hospital,9.97
BR32SD,51.392872,-0.009592,South,Princess Royal (PRUH),5.7,Darent Valley,19.19,Princess Royal (PRUH),5.7,Kings College Hospital,10.14
BR32SE,51.394551,-0.009965,South,Princess Royal (PRUH),5.83,Darent Valley,19.17,Princess Royal (PRUH),5.83,Kings College Hospital,9.98
BR32SF,51.392452,-0.006535,South,Princess Royal (PRUH),5.5,Darent Valley,18.99,Princess Royal (PRUH),5.5,Kings College Hospital,10.3
BR32SG,51.394669,-0.005791,South,Princess Royal (PRUH),5.59,Darent Valley,18.88,Princess Royal (PRUH),5.59,Kings College Hospital,10.13
BR32SH,51.393247,-0.009979,South,Princess Royal (PRUH),5.75,Darent Valley,19.2,Princess Royal (PRUH),5.75,Kings College Hospital,10.09
BR32SJ,51.391947,-0.007548,South,Princess Royal (PRUH),5.53,Darent Valley,19.08,Princess Royal (PRUH),5.53,Kings College Hospital,10.31
BR32SL,51.391796,-0.008202,South,Princess Royal (PRUH),5.56,Darent Valley,19.13,Princess Royal (PRUH),5.56,Kings College Hospital,10.3
BR32SN,51.390973,-0.01002,South,Princess Royal (PRUH),5.62,Darent Valley,19.27,Princess Royal (PRUH),5.62,Kings College Hospital,10.3
BR32SP,51.392863,-0.001126,South,Princess Royal (PRUH),5.21,Darent Valley,18.62,Princess Royal (PRUH),5.21,Kings College Hospital,10.49
BR32SQ,51.39433,-0.005432,South,Princess Royal (PRUH),5.55,Darent Valley,18.87,Princess Royal (PRUH),5.55,Kings College Hospital,10.18
BR32SR,51.391271,-0.001095,South,Princess Royal (PRUH),5.11,Darent Valley,18.66,Princess Royal (PRUH),5.11,Kings College Hospital,10.63
BR32SS,51.392117,-0.000627,South,Princess Royal (PRUH),5.14,Darent Valley,18.61,Princess Royal (PRUH),5.14,Kings College Hospital,10.57
BR32ST,51.389483,-0.004378,South,Princess Royal (PRUH),5.2,Darent Valley,18.94,Princess Royal (PRUH),5.2,Kings College Hospital,10.66
BR32SU,51.390106,-0.004495,South,Princess Royal (PRUH),5.24,Darent Valley,18.93,Princess Royal (PRUH),5.24,Kings College Hospital,10.6
BR32SW,51.391187,-0.009378,South,Princess Royal (PRUH),5.59,Darent Valley,19.22,Princess Royal (PRUH),5.59,Kings College Hospital,10.31
BR32SX,51.388254,-0.008212,South,Princess Royal (PRUH),5.36,Darent Valley,19.23,Princess Royal (PRUH),5.36,Kings College Hospital,10.62
BR32SY,51.387598,-0.006156,South,Princess Royal (PRUH),5.2,Darent Valley,19.11,Princess Royal (PRUH),5.2,Kings College Hospital,10.76
BR32SZ,51.387818,-0.007454,South,Princess Royal (PRUH),5.29,Darent Valley,19.19,Princess Royal (PRUH),5.29,Kings College Hospital,10.69
BR32TA,51.389813,-0.008446,South,Princess Royal (PRUH),5.46,Darent Valley,19.2,Princess Royal (PRUH),5.46,Kings College Hospital,10.47
BR32TB,51.389465,-0.008058,South,Princess Royal (PRUH),5.42,Darent Valley,19.18,Princess Royal (PRUH),5.42,Kings College Hospital,10.52
BR32TD,51.391009,-0.004757,South,Princess Royal (PRUH),5.31,Darent Valley,18.92,Princess Royal (PRUH),5.31,Kings College Hospital,10.51
BR32TH,51.391279,-0.005292,South,Princess Royal (PRUH),5.36,Darent Valley,18.94,Princess Royal (PRUH),5.36,Kings College Hospital,10.46
BR32YF,51.394941,-0.004845,South,Princess Royal (PRUH),5.56,Darent Valley,18.81,Princess Royal (PRUH),5.56,Kings College Hospital,10.15
BR32YL,51.388988,-0.007504,South,Princess Royal (PRUH),5.36,Darent Valley,19.16,Princess Royal (PRUH),5.36,Kings College Hospital,10.58
BR33AD,51.397134,-0.012743,South,Princess Royal (PRUH),6.15,Darent Valley,19.29,Princess Royal (PRUH),6.15,Kings College Hospital,9.63
BR33AE,51.396057,-0.014974,South,Princess Royal (PRUH),6.21,Darent Valley,19.47,Princess Royal (PRUH),6.21,Kings College Hospital,9.64
BR33AF,51.395198,-0.015256,South,Princess Royal (PRUH),6.17,Epsom Hospital,19.46,Princess Royal (PRUH),6.17,Kings College Hospital,9.71
BR33AG,51.397457,-0.010026,South,Princess Royal (PRUH),6.01,Darent Valley,19.1,Princess Royal (PRUH),6.01,Kings College Hospital,9.71
BR33AH,51.393305,-0.012822,South,Princess Royal (PRUH),5.92,Darent Valley,19.39,Princess Royal (PRUH),5.92,Kings College Hospital,9.98
BR33AJ,51.395141,-0.012427,South,Princess Royal (PRUH),6.0,Darent Valley,19.32,Princess Royal (PRUH),6.0,Kings College Hospital,9.82
BR33AN,51.397494,-0.008529,South,Princess Royal (PRUH),5.93,Darent Valley,19.0,Princess Royal (PRUH),5.93,Kings College Hospital,9.77
BR33AP,51.390091,-0.011035,South,Princess Royal (PRUH),5.63,Darent Valley,19.36,Princess Royal (PRUH),5.63,Kings College Hospital,10.35
BR33AQ,51.396794,-0.009667,South,Princess Royal (PRUH),5.95,Darent Valley,19.09,Princess Royal (PRUH),5.95,Kings College Hospital,9.78
BR33AR,51.391077,-0.012459,South,Princess Royal (PRUH),5.77,Darent Valley,19.43,Princess Royal (PRUH),5.77,Kings College Hospital,10.2
BR33AS,51.38887,-0.011146,South,Princess Royal (PRUH),5.57,Darent Valley,19.41,Princess Royal (PRUH),5.57,Kings College Hospital,10.46
BR33AW,51.393933,-0.011688,South,Princess Royal (PRUH),5.89,Darent Valley,19.3,Princess Royal (PRUH),5.89,Kings College Hospital,9.97
BR33BE,51.388304,-0.018098,South,Princess Royal (PRUH),5.98,Epsom Hospital,18.99,Princess Royal (PRUH),5.98,Kings College Hospital,10.26
BR33BG,51.385248,-0.02188,South,Princess Royal (PRUH),6.09,Epsom Hospital,18.62,Princess Royal (PRUH),6.09,Kings College Hospital,10.43
BR33BP,51.388921,-0.018948,South,Princess Royal (PRUH),6.06,Epsom Hospital,18.96,Princess Royal (PRUH),6.06,Kings College Hospital,10.17
BR33BQ,51.384667,-0.022106,South,Princess Royal (PRUH),6.08,Epsom Hospital,18.58,Princess Royal (PRUH),6.08,Kings College Hospital,10.48
BR33FG,51.387336,-0.017234,South,Princess Royal (PRUH),5.88,Epsom Hospital,19.0,Princess Royal (PRUH),5.88,Kings College Hospital,10.38
BR33FW,51.391866,-0.019755,South,Princess Royal (PRUH),6.26,Epsom Hospital,19.03,Princess Royal (PRUH),6.26,Kings College Hospital,9.86
BR33FX,51.391662,-0.019405,South,Princess Royal (PRUH),6.23,Epsom Hospital,19.04,Princess Royal (PRUH),6.23,Kings College Hospital,9.89
BR33FZ,51.391988,-0.017393,South,Princess Royal (PRUH),6.12,Epsom Hospital,19.18,Princess Royal (PRUH),6.12,Kings College Hospital,9.93
BR33GD,51.391278,-0.018976,South,Princess Royal (PRUH),6.18,Epsom Hospital,19.05,Princess Royal (PRUH),6.18,Kings College Hospital,9.95
BR33GE,51.391915,-0.01892,South,Princess Royal (PRUH),6.21,Epsom Hospital,19.08,Princess Royal (PRUH),6.21,Kings College Hospital,9.89
BR33GF,51.391136,-0.018076,South,Princess Royal (PRUH),6.12,Epsom Hospital,19.1,Princess Royal (PRUH),6.12,Kings College Hospital,9.99
BR33GJ,51.391758,-0.018136,South,Princess Royal (PRUH),6.15,Epsom Hospital,19.13,Princess Royal (PRUH),6.15,Kings College Hospital,9.93
BR33GP,51.391405,-0.017461,South,Princess Royal (PRUH),6.09,Epsom Hospital,19.15,Princess Royal (PRUH),6.09,Kings College Hospital,9.99
BR33GQ,51.391588,-0.016619,South,Princess Royal (PRUH),6.05,Epsom Hospital,19.22,Princess Royal (PRUH),6.05,Kings College Hospital,10.0
BR33GR,51.391353,-0.017032,South,Princess Royal (PRUH),6.06,Epsom Hospital,19.18,Princess Royal (PRUH),6.06,Kings College Hospital,10.01
BR33GS,51.391071,-0.017375,South,Princess Royal (PRUH),6.07,Epsom Hospital,19.15,Princess Royal (PRUH),6.07,Kings College Hospital,10.02
BR33GU,51.39071,-0.017319,South,Princess Royal (PRUH),6.05,Epsom Hospital,19.13,Princess Royal (PRUH),6.05,Kings College Hospital,10.06
BR33GW,51.39087,-0.016176,South,Princess Royal (PRUH),5.99,Epsom Hospital,19.21,Princess Royal (PRUH),5.99,Kings College Hospital,10.08
BR33GX,51.391052,-0.016829,South,Princess Royal (PRUH),6.04,Epsom Hospital,19.18,Princess Royal (PRUH),6.04,Kings College Hospital,10.04
BR33GY,51.392291,-0.017753,South,Princess Royal (PRUH),6.16,Epsom Hospital,19.17,Princess Royal (PRUH),6.16,Kings College Hospital,9.89
BR33SP,51.38802,-0.020956,South,Princess Royal (PRUH),6.15,Epsom Hospital,18.79,Princess Royal (PRUH),6.15,Kings College Hospital,10.19
BR33SS,51.389972,-0.015683,South,Princess Royal (PRUH),5.91,Epsom Hospital,19.21,Princess Royal (PRUH),5.91,Kings College Hospital,10.19
BR33XD,51.394476,-0.01615,South,Princess Royal (PRUH),6.18,Epsom Hospital,19.37,Princess Royal (PRUH),6.18,Kings College Hospital,9.74
BR33XE,51.394047,-0.015794,South,Princess Royal (PRUH),6.14,Epsom Hospital,19.37,Princess Royal (PRUH),6.14,Kings College Hospital,9.8
BR33XF,51.393481,-0.015287,South,Princess Royal (PRUH),6.08,Epsom Hospital,19.38,Princess Royal (PRUH),6.08,Kings College Hospital,9.87
BR33XG,51.392824,-0.016854,South,Princess Royal (PRUH),6.13,Epsom Hospital,19.25,Princess Royal (PRUH),6.13,Kings College Hospital,9.87
BR33XH,51.392778,-0.016237,South,Princess Royal (PRUH),6.09,Epsom Hospital,19.29,Princess Royal (PRUH),6.09,Kings College Hospital,9.9
BR33XL,51.393975,-0.016329,South,Princess Royal (PRUH),6.17,Epsom Hospital,19.34,Princess Royal (PRUH),6.17,Kings College Hospital,9.79
BR33XN,51.393325,-0.016128,South,Princess Royal (PRUH),6.12,Epsom Hospital,19.32,Princess Royal (PRUH),6.12,Kings College Hospital,9.85
BR33XP,51.39451,-0.017629,South,Princess Royal (PRUH),6.27,Epsom Hospital,19.28,Princess Royal (PRUH),6.27,Kings College Hospital,9.69
BR33XR,51.394561,-0.017957,South,Princess Royal (PRUH),6.3,Epsom Hospital,19.26,Princess Royal (PRUH),6.3,Kings College Hospital,9.67
BR33XS,51.393516,-0.018419,South,Princess Royal (PRUH),6.27,Epsom Hospital,19.18,Princess Royal (PRUH),6.27,Kings College Hospital,9.75
BR33XT,51.393134,-0.01707,South,Princess Royal (PRUH),6.16,Epsom Hospital,19.25,Princess Royal (PRUH),6.16,Kings College Hospital,9.84
BR33XU,51.392613,-0.018199,South,Princess Royal (PRUH),6.2,Epsom Hospital,19.16,Princess Royal (PRUH),6.2,Kings College Hospital,9.85
BR33XW,51.391689,-0.015666,South,Princess Royal (PRUH),6.0,Epsom Hospital,19.28,Princess Royal (PRUH),6.0,Kings College Hospital,10.03
BR33XX,51.392469,-0.014468,South,Princess Royal (PRUH),5.97,Epsom Hospital,19.39,Princess Royal (PRUH),5.97,Kings College Hospital,10.0
BR33YP,51.392387,-0.0144,South,Princess Royal (PRUH),5.96,Epsom Hospital,19.39,Princess Royal (PRUH),5.96,Kings College Hospital,10.01
BR33YT,51.392523,-0.014452,South,Princess Royal (PRUH),5.97,Epsom Hospital,19.39,Princess Royal (PRUH),5.97,Kings College Hospital,9.99
BR33YW,51.392523,-0.014452,South,Princess Royal (PRUH),5.97,Epsom Hospital,19.39,Princess Royal (PRUH),5.97,Kings College Hospital,9.99
BR33YZ,51.392604,-0.0182,South,Princess Royal (PRUH),6.2,Epsom Hospital,19.16,Princess Royal (PRUH),6.2,Kings College Hospital,9.85
BR36RN,51.397428,-0.004636,South,Princess Royal (PRUH),5.71,Darent Valley,18.73,Princess Royal (PRUH),5.71,Kings College Hospital,9.93
BR36RP,51.398696,-0.00566,South,Princess Royal (PRUH),5.86,Darent Valley,18.77,Princess Royal (PRUH),5.86,Kings College Hospital,9.78
BR36RR,51.396994,-0.005547,South,Princess Royal (PRUH),5.73,Darent Valley,18.81,Princess Royal (PRUH),5.73,Kings College Hospital,9.93
BR36RS,51.396807,-0.006173,South,Princess Royal (PRUH),5.76,Darent Valley,18.85,Princess Royal (PRUH),5.76,Kings College Hospital,9.93
BR36RT,51.394074,-0.003604,South,Princess Royal (PRUH),5.43,Darent Valley,18.75,Princess Royal (PRUH),5.43,Kings College Hospital,10.28
BR36RU,51.392896,-0.002548,South,Princess Royal (PRUH),5.3,Darent Valley,18.71,Princess Royal (PRUH),5.3,Kings College Hospital,10.42
BR36RW,51.398492,-0.007437,South,Princess Royal (PRUH),5.94,Darent Valley,18.9,Princess Royal (PRUH),5.94,Kings College Hospital,9.72
BR36RX,51.392925,-0.004746,South,Princess Royal (PRUH),5.42,Darent Valley,18.86,Princess Royal (PRUH),5.42,Kings College Hospital,10.33
BR36RY,51.396101,-0.006965,South,Princess Royal (PRUH),5.75,Darent Valley,18.93,Princess Royal (PRUH),5.75,Kings College Hospital,9.96
BR36RZ,51.395914,-0.00762,South,Princess Royal (PRUH),5.78,Darent Valley,18.97,Princess Royal (PRUH),5.78,Kings College Hospital,9.95
BR36SA,51.396366,-0.012546,South,Princess Royal (PRUH),6.09,Darent Valley,19.3,Princess Royal (PRUH),6.09,Kings College Hospital,9.71
BR36SB,51.39509,-0.008892,South,Princess Royal (PRUH),5.8,Darent Valley,19.08,Princess Royal (PRUH),5.8,Kings College Hospital,9.97
BR36SD,51.392872,-0.009592,South,Princess Royal (PRUH),5.7,Darent Valley,19.19,Princess Royal (PRUH),5.7,Kings College Hospital,10.14
BR36SE,51.394551,-0.009965,South,Princess Royal (PRUH),5.83,Darent Valley,19.17,Princess Royal (PRUH),5.83,Kings College Hospital,9.98
BR36SF,51.392452,-0.006535,South,Princess Royal (PRUH),5.5,Darent Valley,18.99,Princess Royal (PRUH),5.5,Kings College Hospital,10.3
BR36SG,51.394746,-0.005544,South,Princess Royal (PRUH),5.59,Darent Valley,18.87,Princess Royal (PRUH),5.59,Kings College Hospital,10.14
BR36SH,51.393247,-0.009979,South,Princess Royal (PRUH),5.75,Darent Valley,19.2,Princess Royal (PRUH),5.75,Kings College Hospital,10.09
BR36SJ,51.391947,-0.007548,South,Princess Royal (PRUH),5.53,Darent Valley,19.08,Princess Royal (PRUH),5.53,Kings College Hospital,10.31
BR36SL,51.391696,-0.00812,South,Princess Royal (PRUH),5.55,Darent Valley,19.12,Princess Royal (PRUH),5.55,Kings College Hospital,10.31
BR36SN,51.390973,-0.01002,South,Princess Royal (PRUH),5.62,Darent Valley,19.27,Princess Royal (PRUH),5.62,Kings College Hospital,10.3
BR36SP,51.392982,-0.001236,South,Princess Royal (PRUH),5.23,Darent Valley,18.62,Princess Royal (PRUH),5.23,Kings College Hospital,10.47
BR36SQ,51.3944,-0.005286,South,Princess Royal (PRUH),5.55,Darent Valley,18.86,Princess Royal (PRUH),5.55,Kings College Hospital,10.18
BR36SR,51.391271,-0.001095,South,Princess Royal (PRUH),5.11,Darent Valley,18.66,Princess Royal (PRUH),5.11,Kings College Hospital,10.63
BR36SS,51.392117,-0.000627,South,Princess Royal (PRUH),5.14,Darent Valley,18.61,Princess Royal (PRUH),5.14,Kings College Hospital,10.57
BR36ST,51.389483,-0.004378,South,Princess Royal (PRUH),5.2,Darent Valley,18.94,Princess Royal (PRUH),5.2,Kings College Hospital,10.66
BR36SU,51.390106,-0.004495,South,Princess Royal (PRUH),5.24,Darent Valley,18.93,Princess Royal (PRUH),5.24,Kings College Hospital,10.6
BR36SW,51.391187,-0.009378,South,Princess Royal (PRUH),5.59,Darent Valley,19.22,Princess Royal (PRUH),5.59,Kings College Hospital,10.31
BR36SX,51.388212,-0.0084,South,Princess Royal (PRUH),5.37,Darent Valley,19.24,Princess Royal (PRUH),5.37,Kings College Hospital,10.62
BR36SY,51.387689,-0.006224,South,Princess Royal (PRUH),5.21,Darent Valley,19.11,Princess Royal (PRUH),5.21,Kings College Hospital,10.75
BR36SZ,51.387818,-0.007454,South,Princess Royal (PRUH),5.29,Darent Valley,19.19,Princess Royal (PRUH),5.29,Kings College Hospital,10.69
BR36TA,51.389813,-0.008446,South,Princess Royal (PRUH),5.46,Darent Valley,19.2,Princess Royal (PRUH),5.46,Kings College Hospital,10.47
BR36TB,51.389465,-0.008058,South,Princess Royal (PRUH),5.42,Darent Valley,19.18,Princess Royal (PRUH),5.42,Kings College Hospital,10.52
BR36TD,51.391009,-0.004757,South,Princess Royal (PRUH),5.31,Darent Valley,18.92,Princess Royal (PRUH),5.31,Kings College Hospital,10.51
BR36TH,51.391279,-0.005292,South,Princess Royal (PRUH),5.36,Darent Valley,18.94,Princess Royal (PRUH),5.36,Kings College Hospital,10.46
BR36YL,51.388988,-0.007504,South,Princess Royal (PRUH),5.36,Darent Valley,19.16,Princess Royal (PRUH),5.36,Kings College Hospital,10.58
BR40AA,51.380973,-0.011588,South,Princess Royal (PRUH),5.25,Epsom Hospital,19.13,Princess Royal (PRUH),5.25,Kings College Hospital,11.19
BR40AB,51.38018,-0.009927,South,Princess Royal (PRUH),5.12,Epsom Hospital,19.21,Princess Royal (PRUH),5.12,Kings College Hospital,11.33
BR40AD,51.379568,-0.008286,South,Princess Royal (PRUH),4.99,Epsom Hospital,19.3,Princess Royal (PRUH),4.99,Kings College Hospital,11.44
BR40AE,51.379126,-0.006078,South,Princess Royal (PRUH),4.83,Darent Valley,19.39,Princess Royal (PRUH),4.83,Kings College Hospital,11.56
BR40AF,51.376166,-0.015001,South,Princess Royal (PRUH),5.34,Epsom Hospital,18.74,Princess Royal (PRUH),5.34,Kings College Hospital,11.55
BR40AG,51.379874,-0.003545,South,Princess Royal (PRUH),4.69,Darent Valley,19.2,Princess Royal (PRUH),4.69,Kings College Hospital,11.58
BR40AH,51.382044,0.001579,South,Princess Royal (PRUH),4.45,Darent Valley,18.78,Princess Royal (PRUH),4.45,Kings College Hospital,11.58
BR40AJ,51.380779,-0.012876,South,Princess Royal (PRUH),5.33,Epsom Hospital,19.04,Princess Royal (PRUH),5.33,Kings College Hospital,11.17
BR40AL,51.380144,-0.010992,South,Princess Royal (PRUH),5.19,Epsom Hospital,19.14,Princess Royal (PRUH),5.19,Kings College Hospital,11.29
BR40AN,51.379187,-0.008648,South,Princess Royal (PRUH),5.0,Epsom Hospital,19.26,Princess Royal (PRUH),5.0,Kings College Hospital,11.47
BR40AP,51.375286,-0.012941,South,Princess Royal (PRUH),5.18,Epsom Hospital,18.85,Princess Royal (PRUH),5.18,Kings College Hospital,11.7
BR40AQ,51.38082,-0.000989,South,Princess Royal (PRUH),4.56,Darent Valley,19.0,Princess Royal (PRUH),4.56,Kings College Hospital,11.59
BR40AR,51.376666,-0.013729,South,Princess Royal (PRUH),5.26,Epsom Hospital,18.84,Princess Royal (PRUH),5.26,Kings College Hospital,11.54
BR40AS,51.376379,-0.013813,South,Princess Royal (PRUH),5.26,Epsom Hospital,18.83,Princess Royal (PRUH),5.26,Kings College Hospital,11.57
BR40AU,51.379552,-0.003114,South,Princess Royal (PRUH),4.65,Darent Valley,19.18,Princess Royal (PRUH),4.65,Kings College Hospital,11.63
BR40AW,51.378682,-0.005882,South,Princess Royal (PRUH),4.8,Darent Valley,19.4,Princess Royal (PRUH),4.8,Kings College Hospital,11.61
BR40AX,51.380462,-0.000574,South,Princess Royal (PRUH),4.52,Darent Valley,18.98,Princess Royal (PRUH),4.52,Kings College Hospital,11.64
BR40AY,51.38164,0.002064,South,Princess Royal (PRUH),4.4,Darent Valley,18.77,Princess Royal (PRUH),4.4,Kings College Hospital,11.63
BR40BA,51.377548,-0.006908,South,Princess Royal (PRUH),4.83,Epsom Hospital,19.32,Princess Royal (PRUH),4.83,Kings College Hospital,11.69
BR40BB,51.377176,-0.007226,South,Princess Royal (PRUH),4.84,Epsom Hospital,19.29,Princess Royal (PRUH),4.84,Kings College Hospital,11.71
BR40BD,51.380699,-0.007662,South,Princess Royal (PRUH),4.99,Epsom Hospital,19.38,Princess Royal (PRUH),4.99,Kings College Hospital,11.36
BR40BG,51.381535,-0.004953,South,Princess Royal (PRUH),4.84,Darent Valley,19.23,Princess Royal (PRUH),4.84,Kings College Hospital,11.38
BR40BH,51.383677,-0.000865,South,Princess Royal (PRUH),4.68,Darent Valley,18.89,Princess Royal (PRUH),4.68,Kings College Hospital,11.33
BR40BJ,51.385072,0.000676,South,Princess Royal (PRUH),4.65,Darent Valley,18.74,Princess Royal (PRUH),4.65,Kings College Hospital,11.26
BR40BL,51.380359,-0.007232,South,Princess Royal (PRUH),4.95,Epsom Hospital,19.4,Princess Royal (PRUH),4.95,Kings College Hospital,11.41
BR40BN,51.381152,-0.004639,South,Princess Royal (PRUH),4.81,Darent Valley,19.23,Princess Royal (PRUH),4.81,Kings College Hospital,11.42
BR40BP,51.383354,-0.000347,South,Princess Royal (PRUH),4.63,Darent Valley,18.87,Princess Royal (PRUH),4.63,Kings College Hospital,11.38
BR40BQ,51.382403,-0.002588,South,Princess Royal (PRUH),4.73,Darent Valley,19.05,Princess Royal (PRUH),4.73,Kings College Hospital,11.38
BR40BS,51.384705,0.001106,South,Princess Royal (PRUH),4.61,Darent Valley,18.72,Princess Royal (PRUH),4.61,Kings College Hospital,11.31
BR40BT,51.38406,0.000431,South,Princess Royal (PRUH),4.62,Darent Valley,18.79,Princess Royal (PRUH),4.62,Kings College Hospital,11.35
BR40BU,51.383161,0.000392,South,Princess Royal (PRUH),4.58,Darent Valley,18.82,Princess Royal (PRUH),4.58,Kings College Hospital,11.43
BR40BW,51.382035,-0.002144,South,Princess Royal (PRUH),4.68,Darent Valley,19.03,Princess Royal (PRUH),4.68,Kings College Hospital,11.43
BR40BX,51.383161,0.000392,South,Princess Royal (PRUH),4.58,Darent Valley,18.82,Princess Royal (PRUH),4.58,Kings College Hospital,11.43
BR40DA,51.379075,-0.011038,South,Princess Royal (PRUH),5.15,Epsom Hospital,19.1,Princess Royal (PRUH),5.15,Kings College Hospital,11.4
BR40DB,51.37858,-0.011031,South,Princess Royal (PRUH),5.14,Epsom Hospital,19.09,Princess Royal (PRUH),5.14,Kings College Hospital,11.44
BR40DF,51.37721,-0.009251,South,Princess Royal (PRUH),4.98,Epsom Hospital,19.16,Princess Royal (PRUH),4.98,Kings College Hospital,11.64
BR40DG,51.376631,-0.008471,South,Princess Royal (PRUH),4.91,Epsom Hospital,19.19,Princess Royal (PRUH),4.91,Kings College Hospital,11.72
BR40DH,51.380014,-0.006456,South,Princess Royal (PRUH),4.88,Darent Valley,19.39,Princess Royal (PRUH),4.88,Kings College Hospital,11.47
BR40DJ,51.380721,-0.004184,South,Princess Royal (PRUH),4.76,Darent Valley,19.21,Princess Royal (PRUH),4.76,Kings College Hospital,11.48
BR40DL,51.381572,-0.001891,South,Princess Royal (PRUH),4.65,Darent Valley,19.03,Princess Royal (PRUH),4.65,Kings College Hospital,11.49
BR40DN,51.382543,-0.000282,South,Princess Royal (PRUH),4.59,Darent Valley,18.89,Princess Royal (PRUH),4.59,Kings College Hospital,11.46
BR40DP,51.379706,-0.005837,South,Princess Royal (PRUH),4.83,Darent Valley,19.36,Princess Royal (PRUH),4.83,Kings College Hospital,11.52
BR40DQ,51.376327,-0.009102,South,Princess Royal (PRUH),4.94,Epsom Hospital,19.14,Princess Royal (PRUH),4.94,Kings College Hospital,11.73
BR40DR,51.380373,-0.003811,South,Princess Royal (PRUH),4.72,Darent Valley,19.2,Princess Royal (PRUH),4.72,Kings College Hospital,11.53
BR40DS,51.38118,-0.001548,South,Princess Royal (PRUH),4.61,Darent Valley,19.02,Princess Royal (PRUH),4.61,Kings College Hospital,11.54
BR40DT,51.382185,0.000162,South,Princess Royal (PRUH),4.54,Darent Valley,18.87,Princess Royal (PRUH),4.54,Kings College Hospital,11.51
BR40DU,51.38337,0.00132,South,Princess Royal (PRUH),4.53,Darent Valley,18.76,Princess Royal (PRUH),4.53,Kings College Hospital,11.44
BR40DW,51.383782,0.000922,South,Princess Royal (PRUH),4.57,Darent Valley,18.77,Princess Royal (PRUH),4.57,Kings College Hospital,11.39
BR40DX,51.382228,-0.006059,South,Princess Royal (PRUH),4.94,Darent Valley,19.28,Princess Royal (PRUH),4.94,Kings College Hospital,11.27
BR40DY,51.381835,-0.01043,South,Princess Royal (PRUH),5.21,Epsom Hospital,19.24,Princess Royal (PRUH),5.21,Kings College Hospital,11.15
BR40DZ,51.381898,-0.005685,South,Princess Royal (PRUH),4.91,Darent Valley,19.27,Princess Royal (PRUH),4.91,Kings College Hospital,11.32
BR40EA,51.383183,-0.002467,South,Princess Royal (PRUH),4.76,Darent Valley,19.01,Princess Royal (PRUH),4.76,Kings College Hospital,11.31
BR40EB,51.385213,-0.000223,South,Princess Royal (PRUH),4.71,Darent Valley,18.8,Princess Royal (PRUH),4.71,Kings College Hospital,11.21
BR40ED,51.38675,0.00141,South,Princess Royal (PRUH),4.7,Darent Valley,18.64,Princess Royal (PRUH),4.7,Kings College Hospital,11.14
BR40EE,51.384353,-0.001971,South,Princess Royal (PRUH),4.78,Darent Valley,18.94,Princess Royal (PRUH),4.78,Kings College Hospital,11.23
BR40EF,51.385844,-0.000311,South,Princess Royal (PRUH),4.75,Darent Valley,18.78,Princess Royal (PRUH),4.75,Kings College Hospital,11.15
BR40EG,51.387284,0.001218,South,Princess Royal (PRUH),4.74,Darent Valley,18.63,Princess Royal (PRUH),4.74,Kings College Hospital,11.08
BR40EH,51.381275,-0.014535,South,Princess Royal (PRUH),5.46,Epsom Hospital,18.95,Princess Royal (PRUH),5.46,Kings College Hospital,11.06
BR40EJ,51.38175,-0.013911,South,Princess Royal (PRUH),5.44,Epsom Hospital,19.01,Princess Royal (PRUH),5.44,Kings College Hospital,11.04
BR40EL,51.380499,-0.01385,South,Princess Royal (PRUH),5.39,Epsom Hospital,18.97,Princess Royal (PRUH),5.39,Kings College Hospital,11.16
BR40EN,51.381541,-0.013288,South,Princess Royal (PRUH),5.39,Epsom Hospital,19.04,Princess Royal (PRUH),5.39,Kings College Hospital,11.08
BR40EP,51.380989,-0.0088,South,Princess Royal (PRUH),5.07,Epsom Hospital,19.32,Princess Royal (PRUH),5.07,Kings College Hospital,11.29
BR40EQ,51.382177,-0.014698,South,Princess Royal (PRUH),5.5,Epsom Hospital,18.97,Princess Royal (PRUH),5.5,Kings College Hospital,10.97
BR40ER,51.384753,-0.00329,South,Princess Royal (PRUH),4.88,Darent Valley,19.01,Princess Royal (PRUH),4.88,Kings College Hospital,11.14
BR40ES,51.384731,-0.002558,South,Princess Royal (PRUH),4.84,Darent Valley,18.97,Princess Royal (PRUH),4.84,Kings College Hospital,11.17
BR40ET,51.387465,-0.003086,South,Princess Royal (PRUH),5.01,Darent Valley,18.91,Princess Royal (PRUH),5.01,Kings College Hospital,10.9
BR40EU,51.388772,-0.001161,South,Princess Royal (PRUH),4.97,Darent Valley,18.74,Princess Royal (PRUH),4.97,Kings College Hospital,10.85
BR40EW,51.380226,-0.013144,South,Princess Royal (PRUH),5.33,Epsom Hospital,19.0,Princess Royal (PRUH),5.33,Kings College Hospital,11.21
BR40EX,51.389668,0.000632,South,Princess Royal (PRUH),4.91,Darent Valley,18.6,Princess Royal (PRUH),4.91,Kings College Hospital,10.84
BR40EY,51.387124,-0.002598,South,Princess Royal (PRUH),4.96,Darent Valley,18.89,Princess Royal (PRUH),4.96,Kings College Hospital,10.95
BR40EZ,51.388477,-0.000757,South,Princess Royal (PRUH),4.92,Darent Valley,18.73,Princess Royal (PRUH),4.92,Kings College Hospital,10.9
BR40HA,51.389355,0.001049,South,Princess Royal (PRUH),4.87,Darent Valley,18.58,Princess Royal (PRUH),4.87,Kings College Hospital,10.89
BR40HB,51.387993,0.000731,South,Princess Royal (PRUH),4.81,Darent Valley,18.64,Princess Royal (PRUH),4.81,Kings College Hospital,11.0
BR40HD,51.386563,-0.000797,South,Princess Royal (PRUH),4.82,Darent Valley,18.79,Princess Royal (PRUH),4.82,Kings College Hospital,11.07
BR40HE,51.388032,4.3e-05,South,Princess Royal (PRUH),4.85,Darent Valley,18.69,Princess Royal (PRUH),4.85,Kings College Hospital,10.97
BR40HF,51.386875,-0.001171,South,Princess Royal (PRUH),4.86,Darent Valley,18.8,Princess Royal (PRUH),4.86,Kings College Hospital,11.02
BR40HG,51.385838,0.00058,South,Princess Royal (PRUH),4.7,Darent Valley,18.72,Princess Royal (PRUH),4.7,Kings College Hospital,11.19
BR40HH,51.384792,0.002317,South,Princess Royal (PRUH),4.54,Darent Valley,18.64,Princess Royal (PRUH),4.54,Kings College Hospital,11.35
BR40HJ,51.386669,0.002456,South,Princess Royal (PRUH),4.63,Darent Valley,18.57,Princess Royal (PRUH),4.63,Kings College Hospital,11.19
BR40HL,51.385319,0.003058,South,Princess Royal (PRUH),4.52,Darent Valley,18.57,Princess Royal (PRUH),4.52,Kings College Hospital,11.34
BR40HN,51.387152,0.003138,South,Princess Royal (PRUH),4.62,Darent Valley,18.51,Princess Royal (PRUH),4.62,Kings College Hospital,11.17
BR40HP,51.391273,-0.000692,South,Princess Royal (PRUH),5.09,Darent Valley,18.64,Princess Royal (PRUH),5.09,Kings College Hospital,10.65
BR40HR,51.38885,0.002695,South,Princess Royal (PRUH),4.74,Darent Valley,18.48,Princess Royal (PRUH),4.74,Kings College Hospital,11.0
BR40HS,51.389654,0.003032,South,Princess Royal (PRUH),4.77,Darent Valley,18.44,Princess Royal (PRUH),4.77,Kings College Hospital,10.94
BR40HT,51.390947,0.001564,South,Princess Royal (PRUH),4.94,Darent Valley,18.5,Princess Royal (PRUH),4.94,Kings College Hospital,10.77
BR40HU,51.390136,-0.000469,South,Princess Royal (PRUH),5.01,Darent Valley,18.66,Princess Royal (PRUH),5.01,Kings College Hospital,10.76
BR40HW,51.389236,0.001691,South,Princess Royal (PRUH),4.83,Darent Valley,18.54,Princess Royal (PRUH),4.83,Kings College Hospital,10.93
BR40HX,51.388739,-0.002944,South,Princess Royal (PRUH),5.07,Darent Valley,18.86,Princess Royal (PRUH),5.07,Kings College Hospital,10.78
BR40HY,51.387156,-0.004465,South,Princess Royal (PRUH),5.08,Darent Valley,19.01,Princess Royal (PRUH),5.08,Kings College Hospital,10.87
BR40HZ,51.390484,-0.000856,South,Princess Royal (PRUH),5.05,Darent Valley,18.67,Princess Royal (PRUH),5.05,Kings College Hospital,10.71
BR40JA,51.389043,-0.003334,South,Princess Royal (PRUH),5.11,Darent Valley,18.88,Princess Royal (PRUH),5.11,Kings College Hospital,10.74
BR40JB,51.387194,-0.005124,South,Princess Royal (PRUH),5.12,Darent Valley,19.06,Princess Royal (PRUH),5.12,Kings College Hospital,10.84
BR40JD,51.385584,-0.00403,South,Princess Royal (PRUH),4.97,Darent Valley,19.04,Princess Royal (PRUH),4.97,Kings College Hospital,11.03
BR40JE,51.385484,-0.004494,South,Princess Royal (PRUH),4.99,Darent Valley,19.07,Princess Royal (PRUH),4.99,Kings College Hospital,11.02
BR40JF,51.376714,-0.018684,South,Princess Royal (PRUH),5.6,Epsom Hospital,18.52,Princess Royal (PRUH),5.6,Kings College Hospital,11.38
BR40JG,51.386395,-0.003621,South,Princess Royal (PRUH),4.98,Darent Valley,18.98,Princess Royal (PRUH),4.98,Kings College Hospital,10.97
BR40JH,51.379284,-0.017007,South,Princess Royal (PRUH),5.56,Epsom Hospital,18.72,Princess Royal (PRUH),5.56,Kings College Hospital,11.18
BR40JJ,51.379718,-0.016586,South,Princess Royal (PRUH),5.54,Epsom Hospital,18.76,Princess Royal (PRUH),5.54,Kings College Hospital,11.15
BR40JL,51.37788,-0.019036,South,Princess Royal (PRUH),5.65,Epsom Hospital,18.53,Princess Royal (PRUH),5.65,Kings College Hospital,11.25
BR40JN,51.377968,-0.017897,South,Princess Royal (PRUH),5.58,Epsom Hospital,18.61,Princess Royal (PRUH),5.58,Kings College Hospital,11.28
BR40JP,51.378186,-0.018534,South,Princess Royal (PRUH),5.63,Epsom Hospital,18.58,Princess Royal (PRUH),5.63,Kings College Hospital,11.24
BR40JQ,51.377433,-0.019199,South,Princess Royal (PRUH),5.65,Epsom Hospital,18.51,Princess Royal (PRUH),5.65,Kings College Hospital,11.29
BR40JR,51.377212,-0.019985,South,Princess Royal (PRUH),5.7,Epsom Hospital,18.45,Princess Royal (PRUH),5.7,Kings College Hospital,11.29
BR40JS,51.377991,-0.019793,South,Princess Royal (PRUH),5.71,Epsom Hospital,18.49,Princess Royal (PRUH),5.71,Kings College Hospital,11.22
BR40JT,51.376743,-0.017763,South,Princess Royal (PRUH),5.54,Epsom Hospital,18.58,Princess Royal (PRUH),5.54,Kings College Hospital,11.4
BR40JU,51.377593,-0.020169,South,Princess Royal (PRUH),5.72,Epsom Hospital,18.45,Princess Royal (PRUH),5.72,Kings College Hospital,11.25
BR40JW,51.378022,-0.01732,South,Princess Royal (PRUH),5.54,Epsom Hospital,18.65,Princess Royal (PRUH),5.54,Kings College Hospital,11.29
BR40JX,51.377498,-0.019857,South,Princess Royal (PRUH),5.7,Epsom Hospital,18.47,Princess Royal (PRUH),5.7,Kings College Hospital,11.26
BR40JY,51.378445,-0.021124,South,Princess Royal (PRUH),5.81,Epsom Hospital,18.42,Princess Royal (PRUH),5.81,Kings College Hospital,11.13
BR40JZ,51.378623,-0.022065,South,Princess Royal (PRUH),5.88,Epsom Hospital,18.36,Princess Royal (PRUH),5.88,Kings College Hospital,11.09
BR40LA,51.378111,-0.019946,South,Princess Royal (PRUH),5.72,Epsom Hospital,18.48,Princess Royal (PRUH),5.72,Kings College Hospital,11.2
BR40LB,51.378338,-0.020065,South,Princess Royal (PRUH),5.74,Epsom Hospital,18.48,Princess Royal (PRUH),5.74,Kings College Hospital,11.17
BR40LD,51.378135,-0.021382,South,Princess Royal (PRUH),5.82,Epsom Hospital,18.39,Princess Royal (PRUH),5.82,Kings College Hospital,11.15
BR40LE,51.377211,-0.02362,South,Princess Royal (PRUH),5.95,Epsom Hospital,18.21,Princess Royal (PRUH),5.95,Kings College Hospital,11.18
BR40LF,51.377833,-0.021093,South,Princess Royal (PRUH),5.79,Epsom Hospital,18.4,Princess Royal (PRUH),5.79,Kings College Hospital,11.19
BR40LG,51.378746,-0.024546,South,Princess Royal (PRUH),6.05,Epsom Hospital,18.2,Princess Royal (PRUH),6.05,Kings College Hospital,11.0
BR40LH,51.379036,-0.023053,South,Princess Royal (PRUH),5.96,Epsom Hospital,18.31,Princess Royal (PRUH),5.96,Kings College Hospital,11.01
BR40LL,51.380377,-0.023699,South,Princess Royal (PRUH),6.04,Epsom Hospital,18.32,Princess Royal (PRUH),6.04,Kings College Hospital,10.86
BR40LN,51.379447,-0.021297,South,Princess Royal (PRUH),5.85,Epsom Hospital,18.44,Princess Royal (PRUH),5.85,Kings College Hospital,11.03
BR40LP,51.375706,-0.015451,South,Princess Royal (PRUH),5.36,Epsom Hospital,18.7,Princess Royal (PRUH),5.36,Kings College Hospital,11.58
BR40LQ,51.377815,-0.024801,South,Princess Royal (PRUH),6.04,Epsom Hospital,18.15,Princess Royal (PRUH),6.04,Kings College Hospital,11.09
BR40LR,51.375938,-0.016965,South,Princess Royal (PRUH),5.46,Epsom Hospital,18.6,Princess Royal (PRUH),5.46,Kings College Hospital,11.51
BR40LS,51.376308,-0.018615,South,Princess Royal (PRUH),5.59,Epsom Hospital,18.51,Princess Royal (PRUH),5.59,Kings College Hospital,11.42
BR40LT,51.376681,-0.019964,South,Princess Royal (PRUH),5.69,Epsom Hospital,18.43,Princess Royal (PRUH),5.69,Kings College Hospital,11.34
BR40LU,51.376818,-0.021108,South,Princess Royal (PRUH),5.77,Epsom Hospital,18.36,Princess Royal (PRUH),5.77,Kings College Hospital,11.29
BR40LW,51.37982,-0.021065,South,Princess Royal (PRUH),5.84,Epsom Hospital,18.47,Princess Royal (PRUH),5.84,Kings College Hospital,11.0
BR40LX,51.377296,-0.023904,South,Princess Royal (PRUH),5.97,Epsom Hospital,18.19,Princess Royal (PRUH),5.97,Kings College Hospital,11.16
BR40LY,51.375181,-0.014727,South,Princess Royal (PRUH),5.3,Epsom Hospital,18.73,Princess Royal (PRUH),5.3,Kings College Hospital,11.66
BR40LZ,51.377312,-0.021115,South,Princess Royal (PRUH),5.78,Epsom Hospital,18.38,Princess Royal (PRUH),5.78,Kings College Hospital,11.25
BR40NA,51.377523,-0.022443,South,Princess Royal (PRUH),5.87,Epsom Hospital,18.3,Princess Royal (PRUH),5.87,Kings College Hospital,11.18
BR40NB,51.377523,-0.022443,South,Princess Royal (PRUH),5.87,Epsom Hospital,18.3,Princess Royal (PRUH),5.87,Kings College Hospital,11.18
BR40ND,51.377095,-0.019961,South,Princess Royal (PRUH),5.7,Epsom Hospital,18.45,Princess Royal (PRUH),5.7,Kings College Hospital,11.3
BR40NE,51.376173,-0.016466,South,Princess Royal (PRUH),5.44,Epsom Hospital,18.65,Princess Royal (PRUH),5.44,Kings College Hospital,11.5
BR40NF,51.376808,-0.018967,South,Princess Royal (PRUH),5.62,Epsom Hospital,18.5,Princess Royal (PRUH),5.62,Kings College Hospital,11.36
BR40NG,51.377265,-0.02415,South,Princess Royal (PRUH),5.98,Epsom Hospital,18.17,Princess Royal (PRUH),5.98,Kings College Hospital,11.16
BR40NH,51.376446,-0.017719,South,Princess Royal (PRUH),5.53,Epsom Hospital,18.57,Princess Royal (PRUH),5.53,Kings College Hospital,11.44
BR40NJ,51.376141,-0.016194,South,Princess Royal (PRUH),5.42,Epsom Hospital,18.66,Princess Royal (PRUH),5.42,Kings College Hospital,11.51
BR40NL,51.375342,-0.015755,South,Princess Royal (PRUH),5.37,Epsom Hospital,18.67,Princess Royal (PRUH),5.37,Kings College Hospital,11.61
BR40NN,51.375367,-0.01719,South,Princess Royal (PRUH),5.47,Epsom Hospital,18.57,Princess Royal (PRUH),5.47,Kings College Hospital,11.56
BR40NP,51.375869,-0.017097,South,Princess Royal (PRUH),5.47,Epsom Hospital,18.59,Princess Royal (PRUH),5.47,Kings College Hospital,11.51
BR40NQ,51.377223,-0.024898,South,Princess Royal (PRUH),6.03,Epsom Hospital,18.12,Princess Royal (PRUH),6.03,Kings College Hospital,11.14
BR40NR,51.375997,-0.017235,South,Princess Royal (PRUH),5.48,Epsom Hospital,18.59,Princess Royal (PRUH),5.48,Kings College Hospital,11.5
BR40NS,51.376119,-0.015937,South,Princess Royal (PRUH),5.4,Epsom Hospital,18.68,Princess Royal (PRUH),5.4,Kings College Hospital,11.52
BR40NT,51.375367,-0.01719,South,Princess Royal (PRUH),5.47,Epsom Hospital,18.57,Princess Royal (PRUH),5.47,Kings College Hospital,11.56
BR40NU,51.380736,-0.009831,South,Princess Royal (PRUH),5.13,Epsom Hospital,19.24,Princess Royal (PRUH),5.13,Kings College Hospital,11.28
BR40NW,51.375803,-0.016439,South,Princess Royal (PRUH),5.43,Epsom Hospital,18.63,Princess Royal (PRUH),5.43,Kings College Hospital,11.54
BR40NX,51.376002,-0.017522,South,Princess Royal (PRUH),5.5,Epsom Hospital,18.57,Princess Royal (PRUH),5.5,Kings College Hospital,11.49
BR40NY,51.376116,-0.017876,South,Princess Royal (PRUH),5.53,Epsom Hospital,18.55,Princess Royal (PRUH),5.53,Kings College Hospital,11.46
BR40NZ,51.376396,-0.019028,South,Princess Royal (PRUH),5.62,Epsom Hospital,18.48,Princess Royal (PRUH),5.62,Kings College Hospital,11.4
BR40PA,51.376425,-0.01703,South,Princess Royal (PRUH),5.48,Epsom Hospital,18.62,Princess Royal (PRUH),5.48,Kings College Hospital,11.46
BR40PB,51.375391,-0.018626,South,Princess Royal (PRUH),5.57,Epsom Hospital,18.48,Princess Royal (PRUH),5.57,Kings College Hospital,11.51
BR40PD,51.376166,-0.015001,South,Princess Royal (PRUH),5.34,Epsom Hospital,18.74,Princess Royal (PRUH),5.34,Kings College Hospital,11.55
BR40PE,51.378676,-0.014562,South,Princess Royal (PRUH),5.38,Epsom Hospital,18.86,Princess Royal (PRUH),5.38,Kings College Hospital,11.32
BR40PF,51.376831,-0.019225,South,Princess Royal (PRUH),5.64,Epsom Hospital,18.48,Princess Royal (PRUH),5.64,Kings College Hospital,11.35
BR40PG,51.376898,-0.019452,South,Princess Royal (PRUH),5.66,Epsom Hospital,18.47,Princess Royal (PRUH),5.66,Kings College Hospital,11.34
BR40PH,51.377296,-0.023904,South,Princess Royal (PRUH),5.97,Epsom Hospital,18.19,Princess Royal (PRUH),5.97,Kings College Hospital,11.16
BR40PL,51.376314,-0.020023,South,Princess Royal (PRUH),5.68,Epsom Hospital,18.41,Princess Royal (PRUH),5.68,Kings College Hospital,11.38
BR40PN,51.378108,-0.015506,South,Princess Royal (PRUH),5.42,Epsom Hospital,18.77,Princess Royal (PRUH),5.42,Kings College Hospital,11.34
BR40PQ,51.376898,-0.019452,South,Princess Royal (PRUH),5.66,Epsom Hospital,18.47,Princess Royal (PRUH),5.66,Kings College Hospital,11.34
BR40PR,51.378836,-0.01444,South,Princess Royal (PRUH),5.37,Epsom Hospital,18.87,Princess Royal (PRUH),5.37,Kings College Hospital,11.31
BR40PS,51.379188,-0.014539,South,Princess Royal (PRUH),5.39,Epsom Hospital,18.88,Princess Royal (PRUH),5.39,Kings College Hospital,11.27
BR40PT,51.378038,-0.015638,South,Princess Royal (PRUH),5.43,Epsom Hospital,18.76,Princess Royal (PRUH),5.43,Kings College Hospital,11.34
BR40PU,51.377081,-0.01486,South,Princess Royal (PRUH),5.35,Epsom Hospital,18.78,Princess Royal (PRUH),5.35,Kings College Hospital,11.46
BR40PW,51.3781,-0.016124,South,Princess Royal (PRUH),5.46,Epsom Hospital,18.73,Princess Royal (PRUH),5.46,Kings College Hospital,11.32
BR40PX,51.376388,-0.014301,South,Princess Royal (PRUH),5.3,Epsom Hospital,18.8,Princess Royal (PRUH),5.3,Kings College Hospital,11.55
BR40PY,51.378337,-0.013642,South,Princess Royal (PRUH),5.3,Epsom Hospital,18.9,Princess Royal (PRUH),5.3,Kings College Hospital,11.38
BR40PZ,51.375342,-0.015755,South,Princess Royal (PRUH),5.37,Epsom Hospital,18.67,Princess Royal (PRUH),5.37,Kings College Hospital,11.61
BR40QA,51.376241,-0.015716,South,Princess Royal (PRUH),5.39,Epsom Hospital,18.7,Princess Royal (PRUH),5.39,Kings College Hospital,11.52
BR40QB,51.376241,-0.015716,South,Princess Royal (PRUH),5.39,Epsom Hospital,18.7,Princess Royal (PRUH),5.39,Kings College Hospital,11.52
BR40QE,51.376166,-0.015001,South,Princess Royal (PRUH),5.34,Epsom Hospital,18.74,Princess Royal (PRUH),5.34,Kings College Hospital,11.55
BR40QF,51.376166,-0.015001,South,Princess Royal (PRUH),5.34,Epsom Hospital,18.74,Princess Royal (PRUH),5.34,Kings College Hospital,11.55
BR40QG,51.377076,-0.014042,South,Princess Royal (PRUH),5.3,Epsom Hospital,18.84,Princess Royal (PRUH),5.3,Kings College Hospital,11.49
BR40QH,51.376745,-0.011512,South,Princess Royal (PRUH),5.12,Epsom Hospital,18.99,Princess Royal (PRUH),5.12,Kings College Hospital,11.61
BR40QJ,51.376583,-0.01254,South,Princess Royal (PRUH),5.18,Epsom Hospital,18.92,Princess Royal (PRUH),5.18,Kings College Hospital,11.59
BR40QL,51.375941,-0.012338,South,Princess Royal (PRUH),5.15,Epsom Hospital,18.91,Princess Royal (PRUH),5.15,Kings College Hospital,11.66
BR40QN,51.377732,-0.011369,South,Princess Royal (PRUH),5.13,Epsom Hospital,19.03,Princess Royal (PRUH),5.13,Kings College Hospital,11.52
BR40QP,51.376075,-0.013352,South,Princess Royal (PRUH),5.22,Epsom Hospital,18.85,Princess Royal (PRUH),5.22,Kings College Hospital,11.61
BR40QQ,51.380736,-0.009816,South,Princess Royal (PRUH),5.13,Epsom Hospital,19.24,Princess Royal (PRUH),5.13,Kings College Hospital,11.28
BR40QR,51.380084,-0.015392,South,Princess Royal (PRUH),5.48,Epsom Hospital,18.85,Princess Royal (PRUH),5.48,Kings College Hospital,11.15
BR40QS,51.381975,-0.018184,South,Princess Royal (PRUH),5.72,Epsom Hospital,18.74,Princess Royal (PRUH),5.72,Kings College Hospital,10.87
BR40QT,51.381411,-0.016225,South,Princess Royal (PRUH),5.58,Epsom Hospital,18.84,Princess Royal (PRUH),5.58,Kings College Hospital,10.99
BR40QU,51.378937,-0.015599,South,Princess Royal (PRUH),5.45,Epsom Hospital,18.8,Princess Royal (PRUH),5.45,Kings College Hospital,11.26
BR40QW,51.377424,-0.01177,South,Princess Royal (PRUH),5.15,Epsom Hospital,19.0,Princess Royal (PRUH),5.15,Kings College Hospital,11.53
BR40QX,51.380782,-0.018394,South,Princess Royal (PRUH),5.7,Epsom Hospital,18.68,Princess Royal (PRUH),5.7,Kings College Hospital,10.99
BR40QY,51.381592,-0.023216,South,Princess Royal (PRUH),6.04,Epsom Hospital,18.39,Princess Royal (PRUH),6.04,Kings College Hospital,10.75
BR40QZ,51.381972,-0.022812,South,Princess Royal (PRUH),6.03,Epsom Hospital,18.43,Princess Royal (PRUH),6.03,Kings College Hospital,10.73
BR40RA,51.380445,-0.017575,South,Princess Royal (PRUH),5.63,Epsom Hospital,18.72,Princess Royal (PRUH),5.63,Kings College Hospital,11.04
BR40RB,51.375475,-0.013507,South,Princess Royal (PRUH),5.22,Epsom Hospital,18.82,Princess Royal (PRUH),5.22,Kings College Hospital,11.67
BR40RD,51.379054,-0.017764,South,Princess Royal (PRUH),5.6,Epsom Hospital,18.66,Princess Royal (PRUH),5.6,Kings College Hospital,11.18
BR40RG,51.382633,-0.022036,South,Princess Royal (PRUH),6.0,Epsom Hospital,18.51,Princess Royal (PRUH),6.0,Kings College Hospital,10.69
BR40RH,51.375541,-0.014194,South,Princess Royal (PRUH),5.27,Epsom Hospital,18.78,Princess Royal (PRUH),5.27,Kings College Hospital,11.64
BR40RJ,51.375436,-0.013868,South,Princess Royal (PRUH),5.24,Epsom Hospital,18.79,Princess Royal (PRUH),5.24,Kings College Hospital,11.66
BR40RL,51.375078,-0.011297,South,Princess Royal (PRUH),5.06,Epsom Hospital,18.95,Princess Royal (PRUH),5.06,Kings College Hospital,11.78
BR40RQ,51.381673,-0.020554,South,Princess Royal (PRUH),5.87,Epsom Hospital,18.57,Princess Royal (PRUH),5.87,Kings College Hospital,10.83
BR40RT,51.374753,-0.012303,South,Princess Royal (PRUH),5.12,Epsom Hospital,18.88,Princess Royal (PRUH),5.12,Kings College Hospital,11.78
BR40RU,51.373618,-0.010053,South,Princess Royal (PRUH),4.94,Epsom Hospital,18.99,Princess Royal (PRUH),4.94,Kings College Hospital,11.96
BR40RW,51.374217,-0.011464,South,Princess Royal (PRUH),5.05,Epsom Hospital,18.91,Princess Royal (PRUH),5.05,Kings College Hospital,11.86
BR40RX,51.373247,-0.009365,South,Princess Royal (PRUH),4.89,Epsom Hospital,19.02,Princess Royal (PRUH),4.89,Kings College Hospital,12.02
BR40RZ,51.371949,-0.003918,South,Princess Royal (PRUH),4.49,Epsom Hospital,19.35,Princess Royal (PRUH),4.49,Kings College Hospital,12.33
BR40SA,51.374372,-0.009446,South,Princess Royal (PRUH),4.92,Epsom Hospital,19.05,Princess Royal (PRUH),4.92,Kings College Hospital,11.91
BR40SB,51.375902,-0.010026,South,Princess Royal (PRUH),4.99,Epsom Hospital,19.06,Princess Royal (PRUH),4.99,Kings College Hospital,11.74
BR40SD,51.375625,-0.00965,South,Princess Royal (PRUH),4.96,Epsom Hospital,19.08,Princess Royal (PRUH),4.96,Kings College Hospital,11.78
BR40SE,51.375554,-0.008618,South,Princess Royal (PRUH),4.89,Epsom Hospital,19.15,Princess Royal (PRUH),4.89,Kings College Hospital,11.82
BR40SF,51.375389,-0.010565,South,Princess Royal (PRUH),5.02,Epsom Hospital,19.01,Princess Royal (PRUH),5.02,Kings College Hospital,11.77
BR40SG,51.374621,-0.007179,South,Princess Royal (PRUH),4.77,Epsom Hospital,19.21,Princess Royal (PRUH),4.77,Kings College Hospital,11.96
BR40SH,51.375091,-0.009932,South,Princess Royal (PRUH),4.97,Epsom Hospital,19.04,Princess Royal (PRUH),4.97,Kings College Hospital,11.82
BR40SJ,51.387971,-0.018084,South,Princess Royal (PRUH),5.96,Epsom Hospital,18.97,Princess Royal (PRUH),5.96,Kings College Hospital,10.29
BR40SL,51.376223,-0.01678,South,Princess Royal (PRUH),5.46,Epsom Hospital,18.63,Princess Royal (PRUH),5.46,Kings College Hospital,11.49
BR40SN,51.376141,-0.016194,South,Princess Royal (PRUH),5.42,Epsom Hospital,18.66,Princess Royal (PRUH),5.42,Kings College Hospital,11.51
BR40SP,51.376166,-0.015001,South,Princess Royal (PRUH),5.34,Epsom Hospital,18.74,Princess Royal (PRUH),5.34,Kings College Hospital,11.55
BR40SQ,51.374801,-0.007717,South,Princess Royal (PRUH),4.81,Epsom Hospital,19.18,Princess Royal (PRUH),4.81,Kings College Hospital,11.92
BR40SR,51.39244,-0.016453,South,Princess Royal (PRUH),6.09,Epsom Hospital,19.26,Princess Royal (PRUH),6.09,Kings College Hospital,9.93
BR40ST,51.375221,-0.008575,South,Princess Royal (PRUH),4.88,Epsom Hospital,19.14,Princess Royal (PRUH),4.88,Kings College Hospital,11.85
BR40SU,51.375221,-0.008575,South,Princess Royal (PRUH),4.88,Epsom Hospital,19.14,Princess Royal (PRUH),4.88,Kings College Hospital,11.85
BR40TA,51.375433,-0.004155,South,Princess Royal (PRUH),4.59,Darent Valley,19.4,Princess Royal (PRUH),4.59,Kings College Hospital,11.99
BR40TX,51.373399,-0.007218,South,Princess Royal (PRUH),4.75,Epsom Hospital,19.17,Princess Royal (PRUH),4.75,Kings College Hospital,12.08
BR40TY,51.373399,-0.007218,South,Princess Royal (PRUH),4.75,Epsom Hospital,19.17,Princess Royal (PRUH),4.75,Kings College Hospital,12.08
BR40UA,51.380513,-0.009898,South,Princess Royal (PRUH),5.13,Epsom Hospital,19.23,Princess Royal (PRUH),5.13,Kings College Hospital,11.3
BR40UB,51.380736,-0.009816,South,Princess Royal (PRUH),5.13,Epsom Hospital,19.24,Princess Royal (PRUH),5.13,Kings College Hospital,11.28
BR40UD,51.380736,-0.009816,South,Princess Royal (PRUH),5.13,Epsom Hospital,19.24,Princess Royal (PRUH),5.13,Kings College Hospital,11.28
BR40UE,51.380513,-0.009898,South,Princess Royal (PRUH),5.13,Epsom Hospital,19.23,Princess Royal (PRUH),5.13,Kings College Hospital,11.3
BR40UF,51.380513,-0.009898,South,Princess Royal (PRUH),5.13,Epsom Hospital,19.23,Princess Royal (PRUH),5.13,Kings College Hospital,11.3
BR40UZ,51.375433,-0.004155,South,Princess Royal (PRUH),4.59,Darent Valley,19.4,Princess Royal (PRUH),4.59,Kings College Hospital,11.99
BR40WA,51.376166,-0.015001,South,Princess Royal (PRUH),5.34,Epsom Hospital,18.74,Princess Royal (PRUH),5.34,Kings College Hospital,11.55
BR40WB,51.380513,-0.009898,South,Princess Royal (PRUH),5.13,Epsom Hospital,19.23,Princess Royal (PRUH),5.13,Kings College Hospital,11.3
BR40WD,51.380513,-0.009898,South,Princess Royal (PRUH),5.13,Epsom Hospital,19.23,Princess Royal (PRUH),5.13,Kings College Hospital,11.3
BR40WE,51.373399,-0.007218,South,Princess Royal (PRUH),4.75,Epsom Hospital,19.17,Princess Royal (PRUH),4.75,Kings College Hospital,12.08
BR40WF,51.376166,-0.015001,South,Princess Royal (PRUH),5.34,Epsom Hospital,18.74,Princess Royal (PRUH),5.34,Kings College Hospital,11.55
BR40WG,51.380736,-0.009816,South,Princess Royal (PRUH),5.13,Epsom Hospital,19.24,Princess Royal (PRUH),5.13,Kings College Hospital,11.28
BR40WH,51.376166,-0.015001,South,Princess Royal (PRUH),5.34,Epsom Hospital,18.74,Princess Royal (PRUH),5.34,Kings College Hospital,11.55
BR40WJ,51.380513,-0.009898,South,Princess Royal (PRUH),5.13,Epsom Hospital,19.23,Princess Royal (PRUH),5.13,Kings College Hospital,11.3
BR40WL,51.376166,-0.015001,South,Princess Royal (PRUH),5.34,Epsom Hospital,18.74,Princess Royal (PRUH),5.34,Kings College Hospital,11.55
BR40WN,51.380513,-0.009898,South,Princess Royal (PRUH),5.13,Epsom Hospital,19.23,Princess Royal (PRUH),5.13,Kings College Hospital,11.3
BR40WP,51.376166,-0.015001,South,Princess Royal (PRUH),5.34,Epsom Hospital,18.74,Princess Royal (PRUH),5.34,Kings College Hospital,11.55
BR40WQ,51.376166,-0.015001,South,Princess Royal (PRUH),5.34,Epsom Hospital,18.74,Princess Royal (PRUH),5.34,Kings College Hospital,11.55
BR40WR,51.380513,-0.009898,South,Princess Royal (PRUH),5.13,Epsom Hospital,19.23,Princess Royal (PRUH),5.13,Kings College Hospital,11.3
BR40WS,51.376166,-0.015001,South,Princess Royal (PRUH),5.34,Epsom Hospital,18.74,Princess Royal (PRUH),5.34,Kings College Hospital,11.55
BR40WT,51.376166,-0.015001,South,Princess Royal (PRUH),5.34,Epsom Hospital,18.74,Princess Royal (PRUH),5.34,Kings College Hospital,11.55
BR40WU,51.376166,-0.015001,South,Princess Royal (PRUH),5.34,Epsom Hospital,18.74,Princess Royal (PRUH),5.34,Kings College Hospital,11.55
BR40WW,51.376166,-0.015001,South,Princess Royal (PRUH),5.34,Epsom Hospital,18.74,Princess Royal (PRUH),5.34,Kings College Hospital,11.55
BR40WX,51.376166,-0.015001,South,Princess Royal (PRUH),5.34,Epsom Hospital,18.74,Princess Royal (PRUH),5.34,Kings College Hospital,11.55
BR40WY,51.380513,-0.009898,South,Princess Royal (PRUH),5.13,Epsom Hospital,19.23,Princess Royal (PRUH),5.13,Kings College Hospital,11.3
BR40WZ,51.376166,-0.015001,South,Princess Royal (PRUH),5.34,Epsom Hospital,18.74,Princess Royal (PRUH),5.34,Kings College Hospital,11.55
BR40XA,51.376166,-0.015001,South,Princess Royal (PRUH),5.34,Epsom Hospital,18.74,Princess Royal (PRUH),5.34,Kings College Hospital,11.55
BR40XB,51.376166,-0.015001,South,Princess Royal (PRUH),5.34,Epsom Hospital,18.74,Princess Royal (PRUH),5.34,Kings College Hospital,11.55
BR40XD,51.376166,-0.015001,South,Princess Royal (PRUH),5.34,Epsom Hospital,18.74,Princess Royal (PRUH),5.34,Kings College Hospital,11.55
BR40XQ,51.376166,-0.015001,South,Princess Royal (PRUH),5.34,Epsom Hospital,18.74,Princess Royal (PRUH),5.34,Kings College Hospital,11.55
BR40XS,51.376166,-0.015001,South,Princess Royal (PRUH),5.34,Epsom Hospital,18.74,Princess Royal (PRUH),5.34,Kings College Hospital,11.55
BR40XT,51.376166,-0.015001,South,Princess Royal (PRUH),5.34,Epsom Hospital,18.74,Princess Royal (PRUH),5.34,Kings College Hospital,11.55
BR40XU,51.376166,-0.015001,South,Princess Royal (PRUH),5.34,Epsom Hospital,18.74,Princess Royal (PRUH),5.34,Kings College Hospital,11.55
BR40XW,51.376166,-0.015001,South,Princess Royal (PRUH),5.34,Epsom Hospital,18.74,Princess Royal (PRUH),5.34,Kings College Hospital,11.55
BR40XX,51.376166,-0.015001,South,Princess Royal (PRUH),5.34,Epsom Hospital,18.74,Princess Royal (PRUH),5.34,Kings College Hospital,11.55
BR40XY,51.376166,-0.015001,South,Princess Royal (PRUH),5.34,Epsom Hospital,18.74,Princess Royal (PRUH),5.34,Kings College Hospital,11.55
BR40XZ,51.380513,-0.009898,South,Princess Royal (PRUH),5.13,Epsom Hospital,19.23,Princess Royal (PRUH),5.13,Kings College Hospital,11.3
BR40YA,51.376166,-0.015001,South,Princess Royal (PRUH),5.34,Epsom Hospital,18.74,Princess Royal (PRUH),5.34,Kings College Hospital,11.55
BR40YB,51.376166,-0.015001,South,Princess Royal (PRUH),5.34,Epsom Hospital,18.74,Princess Royal (PRUH),5.34,Kings College Hospital,11.55
BR40YD,51.376166,-0.015001,South,Princess Royal (PRUH),5.34,Epsom Hospital,18.74,Princess Royal (PRUH),5.34,Kings College Hospital,11.55
BR40YE,51.376166,-0.015001,South,Princess Royal (PRUH),5.34,Epsom Hospital,18.74,Princess Royal (PRUH),5.34,Kings College Hospital,11.55
BR40YF,51.380513,-0.009898,South,Princess Royal (PRUH),5.13,Epsom Hospital,19.23,Princess Royal (PRUH),5.13,Kings College Hospital,11.3
BR40YH,51.376166,-0.015001,South,Princess Royal (PRUH),5.34,Epsom Hospital,18.74,Princess Royal (PRUH),5.34,Kings College Hospital,11.55
BR40YZ,51.375803,-0.016439,South,Princess Royal (PRUH),5.43,Epsom Hospital,18.63,Princess Royal (PRUH),5.43,Kings College Hospital,11.54
BR40ZF,51.376166,-0.015001,South,Princess Royal (PRUH),5.34,Epsom Hospital,18.74,Princess Royal (PRUH),5.34,Kings College Hospital,11.55
BR40ZG,51.376166,-0.015001,South,Princess Royal (PRUH),5.34,Epsom Hospital,18.74,Princess Royal (PRUH),5.34,Kings College Hospital,11.55
BR40ZH,51.375803,-0.016439,South,Princess Royal (PRUH),5.43,Epsom Hospital,18.63,Princess Royal (PRUH),5.43,Kings College Hospital,11.54
BR40ZJ,51.380513,-0.009898,South,Princess Royal (PRUH),5.13,Epsom Hospital,19.23,Princess Royal (PRUH),5.13,Kings College Hospital,11.3
BR40ZL,51.376166,-0.015001,South,Princess Royal (PRUH),5.34,Epsom Hospital,18.74,Princess Royal (PRUH),5.34,Kings College Hospital,11.55
BR40ZN,51.380513,-0.009898,South,Princess Royal (PRUH),5.13,Epsom Hospital,19.23,Princess Royal (PRUH),5.13,Kings College Hospital,11.3
BR40ZP,51.376166,-0.015001,South,Princess Royal (PRUH),5.34,Epsom Hospital,18.74,Princess Royal (PRUH),5.34,Kings College Hospital,11.55
BR40ZQ,51.376166,-0.015001,South,Princess Royal (PRUH),5.34,Epsom Hospital,18.74,Princess Royal (PRUH),5.34,Kings College Hospital,11.55
BR40ZR,51.380736,-0.009816,South,Princess Royal (PRUH),5.13,Epsom Hospital,19.24,Princess Royal (PRUH),5.13,Kings College Hospital,11.28
BR40ZS,51.376166,-0.015001,South,Princess Royal (PRUH),5.34,Epsom Hospital,18.74,Princess Royal (PRUH),5.34,Kings College Hospital,11.55
BR40ZT,51.380736,-0.009816,South,Princess Royal (PRUH),5.13,Epsom Hospital,19.24,Princess Royal (PRUH),5.13,Kings College Hospital,11.28
BR40ZU,51.373399,-0.007218,South,Princess Royal (PRUH),4.75,Epsom Hospital,19.17,Princess Royal (PRUH),4.75,Kings College Hospital,12.08
BR40ZW,51.376166,-0.015001,South,Princess Royal (PRUH),5.34,Epsom Hospital,18.74,Princess Royal (PRUH),5.34,Kings College Hospital,11.55
BR40ZX,51.376166,-0.015001,South,Princess Royal (PRUH),5.34,Epsom Hospital,18.74,Princess Royal (PRUH),5.34,Kings College Hospital,11.55
BR40ZY,51.376166,-0.015001,South,Princess Royal (PRUH),5.34,Epsom Hospital,18.74,Princess Royal (PRUH),5.34,Kings College Hospital,11.55
BR40ZZ,51.380513,-0.009898,South,Princess Royal (PRUH),5.13,Epsom Hospital,19.23,Princess Royal (PRUH),5.13,Kings College Hospital,11.3
BR44AA,51.376166,-0.015001,South,Princess Royal (PRUH),5.34,Epsom Hospital,18.74,Princess Royal (PRUH),5.34,Kings College Hospital,11.55
BR44AD,51.376166,-0.015001,South,Princess Royal (PRUH),5.34,Epsom Hospital,18.74,Princess Royal (PRUH),5.34,Kings College Hospital,11.55
BR44AP,51.376166,-0.015001,South,Princess Royal (PRUH),5.34,Epsom Hospital,18.74,Princess Royal (PRUH),5.34,Kings College Hospital,11.55
BR44AQ,51.376166,-0.015001,South,Princess Royal (PRUH),5.34,Epsom Hospital,18.74,Princess Royal (PRUH),5.34,Kings College Hospital,11.55
BR44AT,51.376166,-0.015001,South,Princess Royal (PRUH),5.34,Epsom Hospital,18.74,Princess Royal (PRUH),5.34,Kings College Hospital,11.55
BR44AU,51.376166,-0.015001,South,Princess Royal (PRUH),5.34,Epsom Hospital,18.74,Princess Royal (PRUH),5.34,Kings College Hospital,11.55
BR44AW,51.376166,-0.015001,South,Princess Royal (PRUH),5.34,Epsom Hospital,18.74,Princess Royal (PRUH),5.34,Kings College Hospital,11.55
BR44AX,51.376166,-0.015001,South,Princess Royal (PRUH),5.34,Epsom Hospital,18.74,Princess Royal (PRUH),5.34,Kings College Hospital,11.55
BR44AY,51.376166,-0.015001,South,Princess Royal (PRUH),5.34,Epsom Hospital,18.74,Princess Royal (PRUH),5.34,Kings College Hospital,11.55
BR44AZ,51.376166,-0.015001,South,Princess Royal (PRUH),5.34,Epsom Hospital,18.74,Princess Royal (PRUH),5.34,Kings College Hospital,11.55
BR44BA,51.376166,-0.015001,South,Princess Royal (PRUH),5.34,Epsom Hospital,18.74,Princess Royal (PRUH),5.34,Kings College Hospital,11.55
BR44BB,51.376166,-0.015001,South,Princess Royal (PRUH),5.34,Epsom Hospital,18.74,Princess Royal (PRUH),5.34,Kings College Hospital,11.55
BR44BD,51.376166,-0.015001,South,Princess Royal (PRUH),5.34,Epsom Hospital,18.74,Princess Royal (PRUH),5.34,Kings College Hospital,11.55
BR44BE,51.376166,-0.015001,South,Princess Royal (PRUH),5.34,Epsom Hospital,18.74,Princess Royal (PRUH),5.34,Kings College Hospital,11.55
BR44BF,51.376166,-0.015001,South,Princess Royal (PRUH),5.34,Epsom Hospital,18.74,Princess Royal (PRUH),5.34,Kings College Hospital,11.55
BR44BG,51.376166,-0.015001,South,Princess Royal (PRUH),5.34,Epsom Hospital,18.74,Princess Royal (PRUH),5.34,Kings College Hospital,11.55
BR44BH,51.376166,-0.015001,South,Princess Royal (PRUH),5.34,Epsom Hospital,18.74,Princess Royal (PRUH),5.34,Kings College Hospital,11.55
BR44BJ,51.376166,-0.015001,South,Princess Royal (PRUH),5.34,Epsom Hospital,18.74,Princess Royal (PRUH),5.34,Kings College Hospital,11.55
BR44BL,51.376166,-0.015001,South,Princess Royal (PRUH),5.34,Epsom Hospital,18.74,Princess Royal (PRUH),5.34,Kings College Hospital,11.55
BR44BN,51.376166,-0.015001,South,Princess Royal (PRUH),5.34,Epsom Hospital,18.74,Princess Royal (PRUH),5.34,Kings College Hospital,11.55
BR44BP,51.376166,-0.015001,South,Princess Royal (PRUH),5.34,Epsom Hospital,18.74,Princess Royal (PRUH),5.34,Kings College Hospital,11.55
BR44BR,51.376166,-0.015001,South,Princess Royal (PRUH),5.34,Epsom Hospital,18.74,Princess Royal (PRUH),5.34,Kings College Hospital,11.55
BR44BS,51.376166,-0.015001,South,Princess Royal (PRUH),5.34,Epsom Hospital,18.74,Princess Royal (PRUH),5.34,Kings College Hospital,11.55
BR44BT,51.376166,-0.015001,South,Princess Royal (PRUH),5.34,Epsom Hospital,18.74,Princess Royal (PRUH),5.34,Kings College Hospital,11.55
BR44BU,51.376166,-0.015001,South,Princess Royal (PRUH),5.34,Epsom Hospital,18.74,Princess Royal (PRUH),5.34,Kings College Hospital,11.55
BR44BW,51.376166,-0.015001,South,Princess Royal (PRUH),5.34,Epsom Hospital,18.74,Princess Royal (PRUH),5.34,Kings College Hospital,11.55
BR44BX,51.376166,-0.015001,South,Princess Royal (PRUH),5.34,Epsom Hospital,18.74,Princess Royal (PRUH),5.34,Kings College Hospital,11.55
BR44BY,51.376166,-0.015001,South,Princess Royal (PRUH),5.34,Epsom Hospital,18.74,Princess Royal (PRUH),5.34,Kings College Hospital,11.55
BR44BZ,51.376166,-0.015001,South,Princess Royal (PRUH),5.34,Epsom Hospital,18.74,Princess Royal (PRUH),5.34,Kings College Hospital,11.55
BR44DA,51.376166,-0.015001,South,Princess Royal (PRUH),5.34,Epsom Hospital,18.74,Princess Royal (PRUH),5.34,Kings College Hospital,11.55
BR44DB,51.376166,-0.015001,South,Princess Royal (PRUH),5.34,Epsom Hospital,18.74,Princess Royal (PRUH),5.34,Kings College Hospital,11.55
BR44DD,51.376166,-0.015001,South,Princess Royal (PRUH),5.34,Epsom Hospital,18.74,Princess Royal (PRUH),5.34,Kings College Hospital,11.55
BR44DE,51.376166,-0.015001,South,Princess Royal (PRUH),5.34,Epsom Hospital,18.74,Princess Royal (PRUH),5.34,Kings College Hospital,11.55
BR44DF,51.376166,-0.015001,South,Princess Royal (PRUH),5.34,Epsom Hospital,18.74,Princess Royal (PRUH),5.34,Kings College Hospital,11.55
BR44DH,51.376166,-0.015001,South,Princess Royal (PRUH),5.34,Epsom Hospital,18.74,Princess Royal (PRUH),5.34,Kings College Hospital,11.55
BR44DL,51.376166,-0.015001,South,Princess Royal (PRUH),5.34,Epsom Hospital,18.74,Princess Royal (PRUH),5.34,Kings College Hospital,11.55
BR44DN,51.376166,-0.015001,South,Princess Royal (PRUH),5.34,Epsom Hospital,18.74,Princess Royal (PRUH),5.34,Kings College Hospital,11.55
BR44DP,51.376166,-0.015001,South,Princess Royal (PRUH),5.34,Epsom Hospital,18.74,Princess Royal (PRUH),5.34,Kings College Hospital,11.55
BR44DQ,51.376166,-0.015001,South,Princess Royal (PRUH),5.34,Epsom Hospital,18.74,Princess Royal (PRUH),5.34,Kings College Hospital,11.55
BR44DR,51.376166,-0.015001,South,Princess Royal (PRUH),5.34,Epsom Hospital,18.74,Princess Royal (PRUH),5.34,Kings College Hospital,11.55
BR44DS,51.376166,-0.015001,South,Princess Royal (PRUH),5.34,Epsom Hospital,18.74,Princess Royal (PRUH),5.34,Kings College Hospital,11.55
BR44DT,51.376166,-0.015001,South,Princess Royal (PRUH),5.34,Epsom Hospital,18.74,Princess Royal (PRUH),5.34,Kings College Hospital,11.55
BR44DU,51.376166,-0.015001,South,Princess Royal (PRUH),5.34,Epsom Hospital,18.74,Princess Royal (PRUH),5.34,Kings College Hospital,11.55
BR44QN,51.366864,0.006865,South,Princess Royal (PRUH),3.69,Darent Valley,19.05,Princess Royal (PRUH),3.69,Kings College Hospital,13.2
BR49AA,51.376082,-0.006886,South,Princess Royal (PRUH),4.79,Epsom Hospital,19.28,Princess Royal (PRUH),4.79,Kings College Hospital,11.83
BR49AB,51.376095,-0.00608,South,Princess Royal (PRUH),4.73,Epsom Hospital,19.33,Princess Royal (PRUH),4.73,Kings College Hospital,11.85
BR49AD,51.373716,-0.004201,South,Princess Royal (PRUH),4.55,Epsom Hospital,19.38,Princess Royal (PRUH),4.55,Kings College Hospital,12.15
BR49AE,51.374765,-0.003968,South,Princess Royal (PRUH),4.56,Epsom Hospital,19.43,Princess Royal (PRUH),4.56,Kings College Hospital,12.06
BR49AF,51.374375,-0.00433,South,Princess Royal (PRUH),4.57,Epsom Hospital,19.39,Princess Royal (PRUH),4.57,Kings College Hospital,12.08
BR49AG,51.373437,-0.002043,South,Princess Royal (PRUH),4.39,Darent Valley,19.34,Princess Royal (PRUH),4.39,Kings College Hospital,12.25
BR49AH,51.374252,-0.002942,South,Princess Royal (PRUH),4.47,Darent Valley,19.37,Princess Royal (PRUH),4.47,Kings College Hospital,12.14
BR49AJ,51.372696,-0.002909,South,Princess Royal (PRUH),4.44,Epsom Hospital,19.44,Princess Royal (PRUH),4.44,Kings College Hospital,12.29
BR49AL,51.37219,-0.001695,South,Princess Royal (PRUH),4.35,Darent Valley,19.37,Princess Royal (PRUH),4.35,Kings College Hospital,12.38
BR49AN,51.373855,-0.001235,South,Princess Royal (PRUH),4.35,Darent Valley,19.28,Princess Royal (PRUH),4.35,Kings College Hospital,12.24
BR49AP,51.375334,-0.000466,South,Princess Royal (PRUH),4.33,Darent Valley,19.17,Princess Royal (PRUH),4.33,Kings College Hospital,12.13
BR49AQ,51.373277,-0.002711,South,Princess Royal (PRUH),4.44,Darent Valley,19.39,Princess Royal (PRUH),4.44,Kings College Hospital,12.24
BR49AR,51.375315,-0.002493,South,Princess Royal (PRUH),4.47,Darent Valley,19.3,Princess Royal (PRUH),4.47,Kings College Hospital,12.06
BR49AS,51.376425,-0.00062,South,Princess Royal (PRUH),4.38,Darent Valley,19.14,Princess Royal (PRUH),4.38,Kings College Hospital,12.02
BR49AT,51.375574,-0.001333,South,Princess Royal (PRUH),4.4,Darent Valley,19.21,Princess Royal (PRUH),4.4,Kings College Hospital,12.07
BR49AU,51.370971,0.001255,South,Princess Royal (PRUH),4.12,Darent Valley,19.23,Princess Royal (PRUH),4.12,Kings College Hospital,12.6
BR49AW,51.375244,0.000104,South,Princess Royal (PRUH),4.29,Darent Valley,19.13,Princess Royal (PRUH),4.29,Kings College Hospital,12.16
BR49AX,51.374604,-0.003516,South,Princess Royal (PRUH),4.52,Darent Valley,19.39,Princess Royal (PRUH),4.52,Kings College Hospital,12.09
BR49AY,51.372422,0.001591,South,Princess Royal (PRUH),4.13,Darent Valley,19.15,Princess Royal (PRUH),4.13,Kings College Hospital,12.48
BR49AZ,51.371472,0.001377,South,Princess Royal (PRUH),4.12,Darent Valley,19.2,Princess Royal (PRUH),4.12,Kings College Hospital,12.56
BR49BA,51.370982,-0.010498,South,Princess Royal (PRUH),4.93,Epsom Hospital,18.88,Princess Royal (PRUH),4.93,Kings College Hospital,12.2
BR49BB,51.369641,-0.006748,South,Princess Royal (PRUH),4.66,Epsom Hospital,19.09,Princess Royal (PRUH),4.66,Kings College Hospital,12.46
BR49BD,51.370779,-0.004917,South,Princess Royal (PRUH),4.54,Epsom Hospital,19.25,Princess Royal (PRUH),4.54,Kings College Hospital,12.41
BR49BE,51.371473,-0.00345,South,Princess Royal (PRUH),4.45,Epsom Hospital,19.37,Princess Royal (PRUH),4.45,Kings College Hospital,12.39
BR49BF,51.363444,-0.019443,South,Princess Royal (PRUH),5.52,Epsom Hospital,18.07,Princess Royal (PRUH),5.52,Kings College Hospital,12.7
BR49BG,51.369081,-0.003942,South,Princess Royal (PRUH),4.46,Epsom Hospital,19.27,Princess Royal (PRUH),4.46,Kings College Hospital,12.61
BR49BH,51.370814,-0.005907,South,Princess Royal (PRUH),4.61,Epsom Hospital,19.18,Princess Royal (PRUH),4.61,Kings College Hospital,12.37
BR49BJ,51.371484,-0.001439,South,Princess Royal (PRUH),4.31,Darent Valley,19.38,Princess Royal (PRUH),4.31,Kings College Hospital,12.46
BR49BL,51.37148,-0.000117,South,Princess Royal (PRUH),4.22,Darent Valley,19.3,Princess Royal (PRUH),4.22,Kings College Hospital,12.51
BR49BN,51.371239,-0.000774,South,Princess Royal (PRUH),4.27,Darent Valley,19.35,Princess Royal (PRUH),4.27,Kings College Hospital,12.51
BR49BP,51.372125,2.6e-05,South,Princess Royal (PRUH),4.23,Darent Valley,19.26,Princess Royal (PRUH),4.23,Kings College Hospital,12.45
BR49BQ,51.369653,-0.004262,South,Princess Royal (PRUH),4.48,Epsom Hospital,19.26,Princess Royal (PRUH),4.48,Kings College Hospital,12.54
BR49BS,51.373728,0.000929,South,Princess Royal (PRUH),4.2,Darent Valley,19.14,Princess Royal (PRUH),4.2,Kings College Hospital,12.33
BR49BT,51.375927,0.003798,South,Princess Royal (PRUH),4.07,Darent Valley,18.87,Princess Royal (PRUH),4.07,Kings College Hospital,12.23
BR49BU,51.371923,0.003379,South,Princess Royal (PRUH),3.99,Darent Valley,19.05,Princess Royal (PRUH),3.99,Kings College Hospital,12.59
BR49BW,51.373151,0.001033,South,Princess Royal (PRUH),4.18,Darent Valley,19.16,Princess Royal (PRUH),4.18,Kings College Hospital,12.39
BR49BX,51.371999,0.002636,South,Princess Royal (PRUH),4.05,Darent Valley,19.1,Princess Royal (PRUH),4.05,Kings College Hospital,12.56
BR49BY,51.374193,0.00105,South,Princess Royal (PRUH),4.2,Darent Valley,19.11,Princess Royal (PRUH),4.2,Kings College Hospital,12.29
BR49BZ,51.376166,-0.015001,South,Princess Royal (PRUH),5.34,Epsom Hospital,18.74,Princess Royal (PRUH),5.34,Kings College Hospital,11.55
BR49DA,51.366448,0.013298,South,Princess Royal (PRUH),3.24,Darent Valley,18.66,Princess Royal (PRUH),3.24,Kings College Hospital,13.47
BR49DB,51.365436,0.015121,South,Princess Royal (PRUH),3.12,Darent Valley,18.59,Princess Royal (PRUH),3.12,Kings College Hospital,13.63
BR49DD,51.365888,0.01448,South,Princess Royal (PRUH),3.16,Darent Valley,18.61,Princess Royal (PRUH),3.16,Kings College Hospital,13.57
BR49DE,51.366452,0.009893,South,Princess Royal (PRUH),3.48,Darent Valley,18.88,Princess Royal (PRUH),3.48,Kings College Hospital,13.34
BR49DF,51.365179,0.013874,South,Princess Royal (PRUH),3.2,Darent Valley,18.68,Princess Royal (PRUH),3.2,Kings College Hospital,13.61
BR49DG,51.366079,0.009618,South,Princess Royal (PRUH),3.5,Darent Valley,18.91,Princess Royal (PRUH),3.5,Kings College Hospital,13.37
BR49DH,51.36749,0.013875,South,Princess Royal (PRUH),3.21,Darent Valley,18.58,Princess Royal (PRUH),3.21,Kings College Hospital,13.4
BR49DJ,51.367132,0.010627,South,Princess Royal (PRUH),3.43,Darent Valley,18.8,Princess Royal (PRUH),3.43,Kings College Hospital,13.31
BR49DL,51.366784,0.010468,South,Princess Royal (PRUH),3.44,Darent Valley,18.82,Princess Royal (PRUH),3.44,Kings College Hospital,13.33
BR49DN,51.367483,0.012696,South,Princess Royal (PRUH),3.29,Darent Valley,18.65,Princess Royal (PRUH),3.29,Kings College Hospital,13.35
BR49DP,51.368251,0.010431,South,Princess Royal (PRUH),3.45,Darent Valley,18.76,Princess Royal (PRUH),3.45,Kings College Hospital,13.2
BR49DQ,51.364535,0.008459,South,Princess Royal (PRUH),3.58,Darent Valley,19.05,Princess Royal (PRUH),3.58,Kings College Hospital,13.47
BR49DR,51.367731,0.008239,South,Princess Royal (PRUH),3.6,Darent Valley,18.92,Princess Royal (PRUH),3.6,Kings College Hospital,13.16
BR49DS,51.368326,0.01338,South,Princess Royal (PRUH),3.25,Darent Valley,18.57,Princess Royal (PRUH),3.25,Kings College Hospital,13.3
BR49DT,51.365934,0.006049,South,Princess Royal (PRUH),3.75,Darent Valley,19.14,Princess Royal (PRUH),3.75,Kings College Hospital,13.26
BR49DU,51.365395,0.009157,South,Princess Royal (PRUH),3.53,Darent Valley,18.97,Princess Royal (PRUH),3.53,Kings College Hospital,13.42
BR49DW,51.366531,0.015255,South,Princess Royal (PRUH),3.11,Darent Valley,18.53,Princess Royal (PRUH),3.11,Kings College Hospital,13.54
BR49DX,51.363411,0.010507,South,Princess Royal (PRUH),3.44,Darent Valley,18.98,Princess Royal (PRUH),3.44,Kings College Hospital,13.66
BR49DY,51.365565,0.006076,South,Princess Royal (PRUH),3.74,Darent Valley,19.16,Princess Royal (PRUH),3.74,Kings College Hospital,13.29
BR49DZ,51.364929,0.009036,South,Princess Royal (PRUH),3.54,Darent Valley,19.0,Princess Royal (PRUH),3.54,Kings College Hospital,13.46
BR49EA,51.362985,0.010201,South,Princess Royal (PRUH),3.47,Darent Valley,19.02,Princess Royal (PRUH),3.47,Kings College Hospital,13.68
BR49EB,51.363921,0.008044,South,Princess Royal (PRUH),3.61,Darent Valley,19.11,Princess Royal (PRUH),3.61,Kings College Hospital,13.52
BR49ED,51.364078,0.00729,South,Princess Royal (PRUH),3.66,Darent Valley,19.15,Princess Royal (PRUH),3.66,Kings College Hospital,13.48
BR49EE,51.36413,0.005855,South,Princess Royal (PRUH),3.76,Darent Valley,19.24,Princess Royal (PRUH),3.76,Kings College Hospital,13.42
BR49EF,51.364453,0.005352,South,Princess Royal (PRUH),3.8,Darent Valley,19.25,Princess Royal (PRUH),3.8,Kings College Hospital,13.37
BR49EG,51.364491,0.004162,South,Princess Royal (PRUH),3.88,Darent Valley,19.33,Princess Royal (PRUH),3.88,Kings College Hospital,13.33
BR49EH,51.363173,0.006546,South,Princess Royal (PRUH),3.72,Darent Valley,19.24,Princess Royal (PRUH),3.72,Kings College Hospital,13.54
BR49EJ,51.36486,0.003632,South,Princess Royal (PRUH),3.91,Darent Valley,19.34,Princess Royal (PRUH),3.91,Kings College Hospital,13.27
BR49EL,51.362505,0.003587,South,Princess Royal (PRUH),3.93,Darent Valley,19.46,Princess Royal (PRUH),3.93,Kings College Hospital,13.5
BR49EN,51.365165,0.001045,South,Princess Royal (PRUH),4.09,Epsom Hospital,19.5,Princess Royal (PRUH),4.09,Kings College Hospital,13.16
BR49EP,51.367249,0.002199,South,Princess Royal (PRUH),4.02,Darent Valley,19.33,Princess Royal (PRUH),4.02,Kings College Hospital,12.99
BR49EQ,51.36219,0.004119,South,Princess Royal (PRUH),3.9,Darent Valley,19.44,Princess Royal (PRUH),3.9,Kings College Hospital,13.55
BR49ER,51.36693,0.001941,South,Princess Royal (PRUH),4.03,Darent Valley,19.36,Princess Royal (PRUH),4.03,Kings College Hospital,13.02
BR49ES,51.3659,0.001163,South,Princess Royal (PRUH),4.08,Darent Valley,19.45,Princess Royal (PRUH),4.08,Kings College Hospital,13.09
BR49ET,51.365911,0.002097,South,Princess Royal (PRUH),4.02,Darent Valley,19.39,Princess Royal (PRUH),4.02,Kings College Hospital,13.12
BR49EU,51.363215,0.001994,South,Princess Royal (PRUH),4.04,Epsom Hospital,19.52,Princess Royal (PRUH),4.04,Kings College Hospital,13.38
BR49EW,51.375325,-0.019549,South,Princess Royal (PRUH),5.63,Epsom Hospital,18.41,Princess Royal (PRUH),5.63,Kings College Hospital,11.49
BR49EX,51.363288,0.001437,South,Princess Royal (PRUH),4.07,Epsom Hospital,19.48,Princess Royal (PRUH),4.07,Kings College Hospital,13.35
BR49EY,51.363501,-4e-06,South,Princess Royal (PRUH),4.17,Epsom Hospital,19.39,Princess Royal (PRUH),4.17,Kings College Hospital,13.28
BR49EZ,51.363911,-0.000303,South,Princess Royal (PRUH),4.19,Epsom Hospital,19.38,Princess Royal (PRUH),4.19,Kings College Hospital,13.23
BR49FA,51.364338,-0.005326,South,Princess Royal (PRUH),4.54,Epsom Hospital,19.05,Princess Royal (PRUH),4.54,Kings College Hospital,13.03
BR49FB,51.375017,-0.019418,South,Princess Royal (PRUH),5.61,Epsom Hospital,18.41,Princess Royal (PRUH),5.61,Kings College Hospital,11.53
BR49FD,51.364291,-0.00043,South,Princess Royal (PRUH),4.2,Epsom Hospital,19.38,Princess Royal (PRUH),4.2,Kings College Hospital,13.19
BR49FE,51.375088,-0.019846,South,Princess Royal (PRUH),5.64,Epsom Hospital,18.39,Princess Royal (PRUH),5.64,Kings College Hospital,11.51
BR49FF,51.376166,-0.015001,South,Princess Royal (PRUH),5.34,Epsom Hospital,18.74,Princess Royal (PRUH),5.34,Kings College Hospital,11.55
BR49FG,51.375581,-0.019222,South,Princess Royal (PRUH),5.61,Epsom Hospital,18.44,Princess Royal (PRUH),5.61,Kings College Hospital,11.48
BR49FH,51.375772,-0.018811,South,Princess Royal (PRUH),5.59,Epsom Hospital,18.48,Princess Royal (PRUH),5.59,Kings College Hospital,11.47
BR49FJ,51.371572,-0.008188,South,Princess Royal (PRUH),4.78,Epsom Hospital,19.05,Princess Royal (PRUH),4.78,Kings College Hospital,12.22
BR49FL,51.364006,-0.002697,South,Princess Royal (PRUH),4.36,Epsom Hospital,19.22,Princess Royal (PRUH),4.36,Kings College Hospital,13.14
BR49FN,51.364028,-0.006115,South,Princess Royal (PRUH),4.59,Epsom Hospital,18.99,Princess Royal (PRUH),4.59,Kings College Hospital,13.03
BR49FP,51.364208,-0.006108,South,Princess Royal (PRUH),4.59,Epsom Hospital,18.99,Princess Royal (PRUH),4.59,Kings College Hospital,13.01
BR49FQ,51.364388,-0.006114,South,Princess Royal (PRUH),4.59,Epsom Hospital,19.0,Princess Royal (PRUH),4.59,Kings College Hospital,13.0
BR49FR,51.364567,-0.006106,South,Princess Royal (PRUH),4.59,Epsom Hospital,19.0,Princess Royal (PRUH),4.59,Kings College Hospital,12.98
BR49FS,51.364823,-0.005276,South,Princess Royal (PRUH),4.53,Epsom Hospital,19.06,Princess Royal (PRUH),4.53,Kings College Hospital,12.98
BR49HA,51.364745,-0.00018,South,Princess Royal (PRUH),4.18,Epsom Hospital,19.41,Princess Royal (PRUH),4.18,Kings College Hospital,13.15
BR49HB,51.365074,-0.000496,South,Princess Royal (PRUH),4.2,Epsom Hospital,19.39,Princess Royal (PRUH),4.2,Kings College Hospital,13.11
BR49HD,51.362413,-0.001029,South,Princess Royal (PRUH),4.25,Epsom Hospital,19.29,Princess Royal (PRUH),4.25,Kings College Hospital,13.35
BR49HE,51.361155,0.002565,South,Princess Royal (PRUH),4.02,Epsom Hospital,19.51,Princess Royal (PRUH),4.02,Kings College Hospital,13.6
BR49HF,51.359781,-0.003326,South,Princess Royal (PRUH),4.44,Epsom Hospital,19.08,Princess Royal (PRUH),4.44,Kings College Hospital,13.54
BR49HG,51.363317,-0.002411,South,Princess Royal (PRUH),4.34,Epsom Hospital,19.22,Princess Royal (PRUH),4.34,Kings College Hospital,13.22
BR49HH,51.364606,-0.005717,South,Princess Royal (PRUH),4.56,Epsom Hospital,19.03,Princess Royal (PRUH),4.56,Kings College Hospital,12.99
BR49HJ,51.367968,-0.005111,South,Princess Royal (PRUH),4.53,Epsom Hospital,19.16,Princess Royal (PRUH),4.53,Kings College Hospital,12.68
BR49HL,51.376166,-0.015001,South,Princess Royal (PRUH),5.34,Epsom Hospital,18.74,Princess Royal (PRUH),5.34,Kings College Hospital,11.55
BR49HN,51.364225,-0.006093,South,Princess Royal (PRUH),4.59,Epsom Hospital,18.99,Princess Royal (PRUH),4.59,Kings College Hospital,13.01
BR49HP,51.370679,-0.000109,South,Princess Royal (PRUH),4.21,Darent Valley,19.33,Princess Royal (PRUH),4.21,Kings College Hospital,12.58
BR49HQ,51.363987,-0.00267,South,Princess Royal (PRUH),4.35,Epsom Hospital,19.22,Princess Royal (PRUH),4.35,Kings College Hospital,13.15
BR49HR,51.369385,0.000352,South,Princess Royal (PRUH),4.16,Darent Valley,19.36,Princess Royal (PRUH),4.16,Kings College Hospital,12.72
BR49HS,51.367079,0.003743,South,Princess Royal (PRUH),3.91,Darent Valley,19.24,Princess Royal (PRUH),3.91,Kings College Hospital,13.06
BR49HT,51.370309,-0.001059,South,Princess Royal (PRUH),4.27,Darent Valley,19.41,Princess Royal (PRUH),4.27,Kings College Hospital,12.59
BR49HU,51.369633,0.001627,South,Princess Royal (PRUH),4.08,Darent Valley,19.26,Princess Royal (PRUH),4.08,Kings College Hospital,12.74
BR49HW,51.364869,-0.004815,South,Princess Royal (PRUH),4.5,Epsom Hospital,19.1,Princess Royal (PRUH),4.5,Kings College Hospital,12.99
BR49HX,51.369834,0.00359,South,Princess Royal (PRUH),3.94,Darent Valley,19.13,Princess Royal (PRUH),3.94,Kings College Hospital,12.8
BR49HY,51.369902,0.002745,South,Princess Royal (PRUH),4.0,Darent Valley,19.18,Princess Royal (PRUH),4.0,Kings College Hospital,12.76
BR49HZ,51.37022,0.002026,South,Princess Royal (PRUH),4.06,Darent Valley,19.21,Princess Royal (PRUH),4.06,Kings College Hospital,12.7
BR49JA,51.369209,-0.001423,South,Princess Royal (PRUH),4.28,Epsom Hospital,19.44,Princess Royal (PRUH),4.28,Kings College Hospital,12.68
BR49JB,51.369403,0.001416,South,Princess Royal (PRUH),4.09,Darent Valley,19.29,Princess Royal (PRUH),4.09,Kings College Hospital,12.76
BR49JD,51.368396,0.00301,South,Princess Royal (PRUH),3.97,Darent Valley,19.23,Princess Royal (PRUH),3.97,Kings College Hospital,12.91
BR49JE,51.367212,0.005975,South,Princess Royal (PRUH),3.75,Darent Valley,19.09,Princess Royal (PRUH),3.75,Kings College Hospital,13.13
BR49JF,51.369167,0.001047,South,Princess Royal (PRUH),4.11,Darent Valley,19.32,Princess Royal (PRUH),4.11,Kings College Hospital,12.77
BR49JG,51.367987,0.002705,South,Princess Royal (PRUH),3.99,Darent Valley,19.26,Princess Royal (PRUH),3.99,Kings College Hospital,12.94
BR49JH,51.368846,0.000875,South,Princess Royal (PRUH),4.12,Darent Valley,19.35,Princess Royal (PRUH),4.12,Kings College Hospital,12.79
BR49JJ,51.368182,-0.000303,South,Princess Royal (PRUH),4.2,Darent Valley,19.45,Princess Royal (PRUH),4.2,Kings College Hospital,12.82
BR49JL,51.369326,0.003281,South,Princess Royal (PRUH),3.96,Darent Valley,19.17,Princess Royal (PRUH),3.96,Kings College Hospital,12.83
BR49JN,51.36773,0.006716,South,Princess Royal (PRUH),3.71,Darent Valley,19.02,Princess Royal (PRUH),3.71,Kings College Hospital,13.11
BR49JP,51.368125,0.005139,South,Princess Royal (PRUH),3.82,Darent Valley,19.1,Princess Royal (PRUH),3.82,Kings College Hospital,13.01
BR49JQ,51.366757,0.006257,South,Princess Royal (PRUH),3.73,Darent Valley,19.09,Princess Royal (PRUH),3.73,Kings College Hospital,13.18
BR49JR,51.370628,-0.005542,South,Princess Royal (PRUH),4.58,Epsom Hospital,19.2,Princess Royal (PRUH),4.58,Kings College Hospital,12.4
BR49JS,51.374497,-0.017343,South,Princess Royal (PRUH),5.46,Epsom Hospital,18.53,Princess Royal (PRUH),5.46,Kings College Hospital,11.64
BR49JT,51.372387,-0.018066,South,Princess Royal (PRUH),5.47,Epsom Hospital,18.42,Princess Royal (PRUH),5.47,Kings College Hospital,11.83
BR49JU,51.374174,-0.015776,South,Princess Royal (PRUH),5.35,Epsom Hospital,18.63,Princess Royal (PRUH),5.35,Kings College Hospital,11.72
BR49JW,51.36857,0.0049,South,Princess Royal (PRUH),3.84,Darent Valley,19.1,Princess Royal (PRUH),3.84,Kings College Hospital,12.96
BR49JX,51.372907,-0.016363,South,Princess Royal (PRUH),5.36,Epsom Hospital,18.55,Princess Royal (PRUH),5.36,Kings College Hospital,11.83
BR49JY,51.370942,-0.018272,South,Princess Royal (PRUH),5.47,Epsom Hospital,18.36,Princess Royal (PRUH),5.47,Kings College Hospital,11.97
BR49JZ,51.369124,-0.019759,South,Princess Royal (PRUH),5.55,Epsom Hospital,18.21,Princess Royal (PRUH),5.55,Kings College Hospital,12.11
BR49LA,51.369213,-0.019166,South,Princess Royal (PRUH),5.51,Epsom Hospital,18.25,Princess Royal (PRUH),5.51,Kings College Hospital,12.12
BR49LB,51.372783,-0.015951,South,Princess Royal (PRUH),5.33,Epsom Hospital,18.57,Princess Royal (PRUH),5.33,Kings College Hospital,11.85
BR49LD,51.372056,-0.0166,South,Princess Royal (PRUH),5.37,Epsom Hospital,18.51,Princess Royal (PRUH),5.37,Kings College Hospital,11.91
BR49LE,51.370029,-0.017449,South,Princess Royal (PRUH),5.4,Epsom Hospital,18.39,Princess Royal (PRUH),5.4,Kings College Hospital,12.09
BR49LF,51.371037,-0.020682,South,Princess Royal (PRUH),5.63,Epsom Hospital,18.2,Princess Royal (PRUH),5.63,Kings College Hospital,11.89
BR49LG,51.367486,-0.020749,South,Princess Royal (PRUH),5.61,Epsom Hospital,18.09,Princess Royal (PRUH),5.61,Kings College Hospital,12.25
BR49LH,51.368345,-0.021013,South,Princess Royal (PRUH),5.63,Epsom Hospital,18.1,Princess Royal (PRUH),5.63,Kings College Hospital,12.15
BR49LJ,51.369799,-0.020879,South,Princess Royal (PRUH),5.63,Epsom Hospital,18.15,Princess Royal (PRUH),5.63,Kings College Hospital,12.01
BR49LL,51.373493,-0.014369,South,Princess Royal (PRUH),5.24,Epsom Hospital,18.7,Princess Royal (PRUH),5.24,Kings College Hospital,11.83
BR49LN,51.374868,-0.013792,South,Princess Royal (PRUH),5.23,Epsom Hospital,18.78,Princess Royal (PRUH),5.23,Kings College Hospital,11.72
BR49LP,51.37265,-0.013414,South,Princess Royal (PRUH),5.16,Epsom Hospital,18.74,Princess Royal (PRUH),5.16,Kings College Hospital,11.95
BR49LQ,51.369291,-0.01524,South,Princess Royal (PRUH),5.24,Epsom Hospital,18.51,Princess Royal (PRUH),5.24,Kings College Hospital,12.23
BR49LR,51.37154,-0.01533,South,Princess Royal (PRUH),5.27,Epsom Hospital,18.57,Princess Royal (PRUH),5.27,Kings College Hospital,12.0
BR49LS,51.372057,-0.015552,South,Princess Royal (PRUH),5.29,Epsom Hospital,18.58,Princess Royal (PRUH),5.29,Kings College Hospital,11.94
BR49LT,51.369838,-0.016222,South,Princess Royal (PRUH),5.31,Epsom Hospital,18.46,Princess Royal (PRUH),5.31,Kings College Hospital,12.14
BR49LU,51.36739,-0.01933,South,Princess Royal (PRUH),5.51,Epsom Hospital,18.19,Princess Royal (PRUH),5.51,Kings College Hospital,12.3
BR49LW,51.373583,-0.012784,South,Princess Royal (PRUH),5.13,Epsom Hospital,18.81,Princess Royal (PRUH),5.13,Kings College Hospital,11.88
BR49LX,51.369245,-0.017871,South,Princess Royal (PRUH),5.42,Epsom Hospital,18.34,Princess Royal (PRUH),5.42,Kings College Hospital,12.15
BR49LY,51.369746,-0.011844,South,Princess Royal (PRUH),5.01,Epsom Hospital,18.75,Princess Royal (PRUH),5.01,Kings College Hospital,12.28
BR49LZ,51.369879,-0.013332,South,Princess Royal (PRUH),5.11,Epsom Hospital,18.66,Princess Royal (PRUH),5.11,Kings College Hospital,12.23
BR49NA,51.369731,-0.00992,South,Princess Royal (PRUH),4.88,Epsom Hospital,18.88,Princess Royal (PRUH),4.88,Kings College Hospital,12.35
BR49NB,51.370776,-0.011641,South,Princess Royal (PRUH),5.01,Epsom Hospital,18.8,Princess Royal (PRUH),5.01,Kings College Hospital,12.19
BR49ND,51.380513,-0.009898,South,Princess Royal (PRUH),5.13,Epsom Hospital,19.23,Princess Royal (PRUH),5.13,Kings College Hospital,11.3
BR49NE,51.371014,-0.01189,South,Princess Royal (PRUH),5.03,Epsom Hospital,18.79,Princess Royal (PRUH),5.03,Kings College Hospital,12.16
BR49NF,51.371038,-0.012765,South,Princess Royal (PRUH),5.09,Epsom Hospital,18.73,Princess Royal (PRUH),5.09,Kings College Hospital,12.13
BR49NG,51.372399,-0.01933,South,Princess Royal (PRUH),5.56,Epsom Hospital,18.33,Princess Royal (PRUH),5.56,Kings College Hospital,11.79
BR49NH,51.371162,-0.016883,South,Princess Royal (PRUH),5.37,Epsom Hospital,18.46,Princess Royal (PRUH),5.37,Kings College Hospital,11.99
BR49NJ,51.371713,-0.019704,South,Princess Royal (PRUH),5.57,Epsom Hospital,18.29,Princess Royal (PRUH),5.57,Kings College Hospital,11.85
BR49NL,51.37181,-0.022761,South,Princess Royal (PRUH),5.79,Epsom Hospital,18.09,Princess Royal (PRUH),5.79,Kings College Hospital,11.75
BR49NN,51.369889,-0.022441,South,Princess Royal (PRUH),5.74,Epsom Hospital,18.05,Princess Royal (PRUH),5.74,Kings College Hospital,11.96
BR49NP,51.367338,-0.022623,South,Princess Royal (PRUH),5.74,Epsom Hospital,17.96,Princess Royal (PRUH),5.74,Kings College Hospital,12.21
BR49NQ,51.37233,-0.020554,South,Princess Royal (PRUH),5.64,Epsom Hospital,18.25,Princess Royal (PRUH),5.64,Kings College Hospital,11.76
BR49NR,51.369907,-0.022986,South,Princess Royal (PRUH),5.78,Epsom Hospital,18.01,Princess Royal (PRUH),5.78,Kings College Hospital,11.94
BR49NS,51.366477,-0.023321,South,Princess Royal (PRUH),5.79,Epsom Hospital,17.89,Princess Royal (PRUH),5.79,Kings College Hospital,12.28
BR49NT,51.373248,-0.02165,South,Princess Royal (PRUH),5.73,Epsom Hospital,18.21,Princess Royal (PRUH),5.73,Kings College Hospital,11.64
BR49NW,51.36768,-0.022105,South,Princess Royal (PRUH),5.7,Epsom Hospital,18.01,Princess Royal (PRUH),5.7,Kings College Hospital,12.19
BR49NX,51.374499,-0.022243,South,Princess Royal (PRUH),5.79,Epsom Hospital,18.21,Princess Royal (PRUH),5.79,Kings College Hospital,11.49
BR49NY,51.373982,-0.021489,South,Princess Royal (PRUH),5.73,Epsom Hospital,18.24,Princess Royal (PRUH),5.73,Kings College Hospital,11.57
BR49NZ,51.374004,-0.020137,South,Princess Royal (PRUH),5.64,Epsom Hospital,18.33,Princess Royal (PRUH),5.64,Kings College Hospital,11.61
BR49PA,51.373156,-0.020476,South,Princess Royal (PRUH),5.65,Epsom Hospital,18.28,Princess Royal (PRUH),5.65,Kings College Hospital,11.68
BR49PB,51.374403,-0.018166,South,Princess Royal (PRUH),5.51,Epsom Hospital,18.47,Princess Royal (PRUH),5.51,Kings College Hospital,11.63
BR49PD,51.374555,-0.018634,South,Princess Royal (PRUH),5.55,Epsom Hospital,18.45,Princess Royal (PRUH),5.55,Kings College Hospital,11.6
BR49PE,51.374762,-0.021355,South,Princess Royal (PRUH),5.74,Epsom Hospital,18.27,Princess Royal (PRUH),5.74,Kings College Hospital,11.49
BR49PF,51.375109,-0.021656,South,Princess Royal (PRUH),5.77,Epsom Hospital,18.27,Princess Royal (PRUH),5.77,Kings College Hospital,11.45
BR49PG,51.375586,-0.02484,South,Princess Royal (PRUH),5.99,Epsom Hospital,18.07,Princess Royal (PRUH),5.99,Kings College Hospital,11.31
BR49PH,51.373648,-0.023529,South,Princess Royal (PRUH),5.87,Epsom Hospital,18.09,Princess Royal (PRUH),5.87,Kings College Hospital,11.54
BR49PJ,51.373501,-0.022286,South,Princess Royal (PRUH),5.78,Epsom Hospital,18.17,Princess Royal (PRUH),5.78,Kings College Hospital,11.59
BR49PL,51.376919,-0.024452,South,Princess Royal (PRUH),6.0,Epsom Hospital,18.14,Princess Royal (PRUH),6.0,Kings College Hospital,11.19
BR49PN,51.376952,-0.02481,South,Princess Royal (PRUH),6.02,Epsom Hospital,18.12,Princess Royal (PRUH),6.02,Kings College Hospital,11.17
BR49PP,51.376886,-0.024108,South,Princess Royal (PRUH),5.97,Epsom Hospital,18.16,Princess Royal (PRUH),5.97,Kings College Hospital,11.2
BR49PQ,51.377108,-0.02499,South,Princess Royal (PRUH),6.04,Epsom Hospital,18.11,Princess Royal (PRUH),6.04,Kings College Hospital,11.15
BR49PR,51.376757,-0.023927,South,Princess Royal (PRUH),5.96,Epsom Hospital,18.17,Princess Royal (PRUH),5.96,Kings College Hospital,11.22
BR49PS,51.376153,-0.023292,South,Princess Royal (PRUH),5.9,Epsom Hospital,18.19,Princess Royal (PRUH),5.9,Kings College Hospital,11.3
BR49PT,51.37703,-0.023053,South,Princess Royal (PRUH),5.9,Epsom Hospital,18.24,Princess Royal (PRUH),5.9,Kings College Hospital,11.22
BR49PU,51.376376,-0.021055,South,Princess Royal (PRUH),5.75,Epsom Hospital,18.35,Princess Royal (PRUH),5.75,Kings College Hospital,11.34
BR49PW,51.376661,-0.024635,South,Princess Royal (PRUH),6.0,Epsom Hospital,18.12,Princess Royal (PRUH),6.0,Kings College Hospital,11.21
BR49PX,51.375644,-0.020311,South,Princess Royal (PRUH),5.69,Epsom Hospital,18.37,Princess Royal (PRUH),5.69,Kings College Hospital,11.44
BR49PY,51.375964,-0.021676,South,Princess Royal (PRUH),5.79,Epsom Hospital,18.29,Princess Royal (PRUH),5.79,Kings College Hospital,11.36
BR49PZ,51.376553,-0.025128,South,Princess Royal (PRUH),6.03,Epsom Hospital,18.09,Princess Royal (PRUH),6.03,Kings College Hospital,11.2
BR49QA,51.367303,-0.018975,South,Princess Royal (PRUH),5.49,Epsom Hospital,18.21,Princess Royal (PRUH),5.49,Kings College Hospital,12.32
BR49QB,51.375463,-0.022934,South,Princess Royal (PRUH),5.86,Epsom Hospital,18.19,Princess Royal (PRUH),5.86,Kings College Hospital,11.38
BR49QD,51.371358,-0.006688,South,Princess Royal (PRUH),4.67,Epsom Hospital,19.15,Princess Royal (PRUH),4.67,Kings College Hospital,12.29
BR49QE,51.372085,-0.006096,South,Princess Royal (PRUH),4.64,Epsom Hospital,19.21,Princess Royal (PRUH),4.64,Kings College Hospital,12.24
BR49QF,51.37177,-0.005535,South,Princess Royal (PRUH),4.6,Epsom Hospital,19.24,Princess Royal (PRUH),4.6,Kings College Hospital,12.29
BR49QG,51.372589,-0.005586,South,Princess Royal (PRUH),4.62,Epsom Hospital,19.26,Princess Royal (PRUH),4.62,Kings College Hospital,12.21
BR49QH,51.374684,0.00077,South,Princess Royal (PRUH),4.23,Darent Valley,19.11,Princess Royal (PRUH),4.23,Kings College Hospital,12.23
BR49QJ,51.363752,-0.005237,South,Princess Royal (PRUH),4.53,Epsom Hospital,19.04,Princess Royal (PRUH),4.53,Kings College Hospital,13.09
BR49QL,51.369756,-0.004502,South,Princess Royal (PRUH),4.5,Epsom Hospital,19.25,Princess Royal (PRUH),4.5,Kings College Hospital,12.52
BR49QN,51.372267,-0.006749,South,Princess Royal (PRUH),4.69,Epsom Hospital,19.17,Princess Royal (PRUH),4.69,Kings College Hospital,12.2
BR49QP,51.374517,0.002645,South,Princess Royal (PRUH),4.1,Darent Valley,19.0,Princess Royal (PRUH),4.1,Kings College Hospital,12.32
BR49QQ,51.375345,0.003098,South,Princess Royal (PRUH),4.1,Darent Valley,18.94,Princess Royal (PRUH),4.1,Kings College Hospital,12.26
BR49QR,51.374734,0.003617,South,Princess Royal (PRUH),4.04,Darent Valley,18.93,Princess Royal (PRUH),4.04,Kings College Hospital,12.33
BR49QS,51.375485,0.004426,South,Princess Royal (PRUH),4.01,Darent Valley,18.84,Princess Royal (PRUH),4.01,Kings College Hospital,12.29
BR49QT,51.371939,-0.007037,South,Princess Royal (PRUH),4.71,Epsom Hospital,19.14,Princess Royal (PRUH),4.71,Kings College Hospital,12.22
BR49QW,51.376166,-0.015001,South,Princess Royal (PRUH),5.34,Epsom Hospital,18.74,Princess Royal (PRUH),5.34,Kings College Hospital,11.55
BR49QX,51.375147,-0.004268,South,Princess Royal (PRUH),4.59,Epsom Hospital,19.42,Princess Royal (PRUH),4.59,Kings College Hospital,12.01
BR49QY,51.375147,-0.004268,South,Princess Royal (PRUH),4.59,Epsom Hospital,19.42,Princess Royal (PRUH),4.59,Kings College Hospital,12.01
BR49QZ,51.375147,-0.004268,South,Princess Royal (PRUH),4.59,Epsom Hospital,19.42,Princess Royal (PRUH),4.59,Kings College Hospital,12.01
BR49RA,51.366529,-0.023189,South,Princess Royal (PRUH),5.78,Epsom Hospital,17.9,Princess Royal (PRUH),5.78,Kings College Hospital,12.28
BR49RB,51.365781,-0.023078,South,Princess Royal (PRUH),5.77,Epsom Hospital,17.89,Princess Royal (PRUH),5.77,Kings College Hospital,12.36
BR49RD,51.369807,-0.014916,South,Princess Royal (PRUH),5.22,Epsom Hospital,18.55,Princess Royal (PRUH),5.22,Kings College Hospital,12.18
BR49ST,51.365892,0.011133,South,Princess Royal (PRUH),3.39,Darent Valley,18.82,Princess Royal (PRUH),3.39,Kings College Hospital,13.44
BR49TA,51.375147,-0.004268,South,Princess Royal (PRUH),4.59,Epsom Hospital,19.42,Princess Royal (PRUH),4.59,Kings College Hospital,12.01
BR49TB,51.380513,-0.009898,South,Princess Royal (PRUH),5.13,Epsom Hospital,19.23,Princess Royal (PRUH),5.13,Kings College Hospital,11.3
BR49TD,51.376166,-0.015001,South,Princess Royal (PRUH),5.34,Epsom Hospital,18.74,Princess Royal (PRUH),5.34,Kings College Hospital,11.55
BR49TG,51.370277,-0.006074,South,Princess Royal (PRUH),4.62,Epsom Hospital,19.16,Princess Royal (PRUH),4.62,Kings College Hospital,12.42
BR49TQ,51.375147,-0.004268,South,Princess Royal (PRUH),4.59,Epsom Hospital,19.42,Princess Royal (PRUH),4.59,Kings College Hospital,12.01
BR49UA,51.380513,-0.009898,South,Princess Royal (PRUH),5.13,Epsom Hospital,19.23,Princess Royal (PRUH),5.13,Kings College Hospital,11.3
BR49UB,51.370338,-0.005928,South,Princess Royal (PRUH),4.61,Epsom Hospital,19.17,Princess Royal (PRUH),4.61,Kings College Hospital,12.42
BR49UR,51.376166,-0.015001,South,Princess Royal (PRUH),5.34,Epsom Hospital,18.74,Princess Royal (PRUH),5.34,Kings College Hospital,11.55
BR49UY,51.376166,-0.015001,South,Princess Royal (PRUH),5.34,Epsom Hospital,18.74,Princess Royal (PRUH),5.34,Kings College Hospital,11.55
BR49UZ,51.376166,-0.015001,South,Princess Royal (PRUH),5.34,Epsom Hospital,18.74,Princess Royal (PRUH),5.34,Kings College Hospital,11.55
BR49WA,51.376166,-0.015001,South,Princess Royal (PRUH),5.34,Epsom Hospital,18.74,Princess Royal (PRUH),5.34,Kings College Hospital,11.55
BR49WB,51.376166,-0.015001,South,Princess Royal (PRUH),5.34,Epsom Hospital,18.74,Princess Royal (PRUH),5.34,Kings College Hospital,11.55
BR49WD,51.380513,-0.009898,South,Princess Royal (PRUH),5.13,Epsom Hospital,19.23,Princess Royal (PRUH),5.13,Kings College Hospital,11.3
BR49WE,51.380513,-0.009898,South,Princess Royal (PRUH),5.13,Epsom Hospital,19.23,Princess Royal (PRUH),5.13,Kings College Hospital,11.3
BR49WF,51.376166,-0.015001,South,Princess Royal (PRUH),5.34,Epsom Hospital,18.74,Princess Royal (PRUH),5.34,Kings College Hospital,11.55
BR49WG,51.380513,-0.009898,South,Princess Royal (PRUH),5.13,Epsom Hospital,19.23,Princess Royal (PRUH),5.13,Kings College Hospital,11.3
BR49WH,51.376166,-0.015001,South,Princess Royal (PRUH),5.34,Epsom Hospital,18.74,Princess Royal (PRUH),5.34,Kings College Hospital,11.55
BR49WJ,51.376166,-0.015001,South,Princess Royal (PRUH),5.34,Epsom Hospital,18.74,Princess Royal (PRUH),5.34,Kings College Hospital,11.55
BR49WL,51.380513,-0.009898,South,Princess Royal (PRUH),5.13,Epsom Hospital,19.23,Princess Royal (PRUH),5.13,Kings College Hospital,11.3
BR49WN,51.376166,-0.015001,South,Princess Royal (PRUH),5.34,Epsom Hospital,18.74,Princess Royal (PRUH),5.34,Kings College Hospital,11.55
BR49WP,51.376166,-0.015001,South,Princess Royal (PRUH),5.34,Epsom Hospital,18.74,Princess Royal (PRUH),5.34,Kings College Hospital,11.55
BR49WQ,51.380513,-0.009898,South,Princess Royal (PRUH),5.13,Epsom Hospital,19.23,Princess Royal (PRUH),5.13,Kings College Hospital,11.3
BR49WR,51.376166,-0.015001,South,Princess Royal (PRUH),5.34,Epsom Hospital,18.74,Princess Royal (PRUH),5.34,Kings College Hospital,11.55
BR49WS,51.376166,-0.015001,South,Princess Royal (PRUH),5.34,Epsom Hospital,18.74,Princess Royal (PRUH),5.34,Kings College Hospital,11.55
BR49WT,51.376166,-0.015001,South,Princess Royal (PRUH),5.34,Epsom Hospital,18.74,Princess Royal (PRUH),5.34,Kings College Hospital,11.55
BR49WU,51.376166,-0.015001,South,Princess Royal (PRUH),5.34,Epsom Hospital,18.74,Princess Royal (PRUH),5.34,Kings College Hospital,11.55
BR49WW,51.376166,-0.015001,South,Princess Royal (PRUH),5.34,Epsom Hospital,18.74,Princess Royal (PRUH),5.34,Kings College Hospital,11.55
BR49WX,51.376166,-0.015001,South,Princess Royal (PRUH),5.34,Epsom Hospital,18.74,Princess Royal (PRUH),5.34,Kings College Hospital,11.55
BR49WY,51.380513,-0.009898,South,Princess Royal (PRUH),5.13,Epsom Hospital,19.23,Princess Royal (PRUH),5.13,Kings College Hospital,11.3
BR49WZ,51.376166,-0.015001,South,Princess Royal (PRUH),5.34,Epsom Hospital,18.74,Princess Royal (PRUH),5.34,Kings College Hospital,11.55
BR49XA,51.376166,-0.015001,South,Princess Royal (PRUH),5.34,Epsom Hospital,18.74,Princess Royal (PRUH),5.34,Kings College Hospital,11.55
BR49XB,51.376166,-0.015001,South,Princess Royal (PRUH),5.34,Epsom Hospital,18.74,Princess Royal (PRUH),5.34,Kings College Hospital,11.55
BR49XS,51.376166,-0.015001,South,Princess Royal (PRUH),5.34,Epsom Hospital,18.74,Princess Royal (PRUH),5.34,Kings College Hospital,11.55
BR49XT,51.376166,-0.015001,South,Princess Royal (PRUH),5.34,Epsom Hospital,18.74,Princess Royal (PRUH),5.34,Kings College Hospital,11.55
BR49XU,51.376166,-0.015001,South,Princess Royal (PRUH),5.34,Epsom Hospital,18.74,Princess Royal (PRUH),5.34,Kings College Hospital,11.55
BR49XW,51.376166,-0.015001,South,Princess Royal (PRUH),5.34,Epsom Hospital,18.74,Princess Royal (PRUH),5.34,Kings College Hospital,11.55
BR49XX,51.376166,-0.015001,South,Princess Royal (PRUH),5.34,Epsom Hospital,18.74,Princess Royal (PRUH),5.34,Kings College Hospital,11.55
BR49XY,51.376166,-0.015001,South,Princess Royal (PRUH),5.34,Epsom Hospital,18.74,Princess Royal (PRUH),5.34,Kings College Hospital,11.55
BR49XZ,51.376166,-0.015001,South,Princess Royal (PRUH),5.34,Epsom Hospital,18.74,Princess Royal (PRUH),5.34,Kings College Hospital,11.55
BR49YA,51.376166,-0.015001,South,Princess Royal (PRUH),5.34,Epsom Hospital,18.74,Princess Royal (PRUH),5.34,Kings College Hospital,11.55
BR49YE,51.380513,-0.009898,South,Princess Royal (PRUH),5.13,Epsom Hospital,19.23,Princess Royal (PRUH),5.13,Kings College Hospital,11.3
BR49YZ,51.376166,-0.015001,South,Princess Royal (PRUH),5.34,Epsom Hospital,18.74,Princess Royal (PRUH),5.34,Kings College Hospital,11.55
BR49ZD,51.376166,-0.015001,South,Princess Royal (PRUH),5.34,Epsom Hospital,18.74,Princess Royal (PRUH),5.34,Kings College Hospital,11.55
BR49ZE,51.376166,-0.015001,South,Princess Royal (PRUH),5.34,Epsom Hospital,18.74,Princess Royal (PRUH),5.34,Kings College Hospital,11.55
BR49ZF,51.376166,-0.015001,South,Princess Royal (PRUH),5.34,Epsom Hospital,18.74,Princess Royal (PRUH),5.34,Kings College Hospital,11.55
BR49ZG,51.376166,-0.015001,South,Princess Royal (PRUH),5.34,Epsom Hospital,18.74,Princess Royal (PRUH),5.34,Kings College Hospital,11.55
BR49ZH,51.380513,-0.009898,South,Princess Royal (PRUH),5.13,Epsom Hospital,19.23,Princess Royal (PRUH),5.13,Kings College Hospital,11.3
BR49ZJ,51.376166,-0.015001,South,Princess Royal (PRUH),5.34,Epsom Hospital,18.74,Princess Royal (PRUH),5.34,Kings College Hospital,11.55
BR49ZL,51.375147,-0.004268,South,Princess Royal (PRUH),4.59,Epsom Hospital,19.42,Princess Royal (PRUH),4.59,Kings College Hospital,12.01
BR49ZN,51.375147,-0.004268,South,Princess Royal (PRUH),4.59,Epsom Hospital,19.42,Princess Royal (PRUH),4.59,Kings College Hospital,12.01
BR49ZP,51.375147,-0.004268,South,Princess Royal (PRUH),4.59,Epsom Hospital,19.42,Princess Royal (PRUH),4.59,Kings College Hospital,12.01
BR49ZQ,51.380513,-0.009898,South,Princess Royal (PRUH),5.13,Epsom Hospital,19.23,Princess Royal (PRUH),5.13,Kings College Hospital,11.3
BR49ZR,51.375147,-0.004268,South,Princess Royal (PRUH),4.59,Epsom Hospital,19.42,Princess Royal (PRUH),4.59,Kings College Hospital,12.01
BR49ZS,51.380513,-0.009898,South,Princess Royal (PRUH),5.13,Epsom Hospital,19.23,Princess Royal (PRUH),5.13,Kings College Hospital,11.3
BR49ZT,51.375147,-0.004268,South,Princess Royal (PRUH),4.59,Epsom Hospital,19.42,Princess Royal (PRUH),4.59,Kings College Hospital,12.01
BR49ZU,51.370277,-0.006074,South,Princess Royal (PRUH),4.62,Epsom Hospital,19.16,Princess Royal (PRUH),4.62,Kings College Hospital,12.42
BR49ZW,51.376166,-0.015001,South,Princess Royal (PRUH),5.34,Epsom Hospital,18.74,Princess Royal (PRUH),5.34,Kings College Hospital,11.55
BR49ZX,51.380513,-0.009898,South,Princess Royal (PRUH),5.13,Epsom Hospital,19.23,Princess Royal (PRUH),5.13,Kings College Hospital,11.3
BR49ZY,51.376166,-0.015001,South,Princess Royal (PRUH),5.34,Epsom Hospital,18.74,Princess Royal (PRUH),5.34,Kings College Hospital,11.55
BR49ZZ,51.376166,-0.015001,South,Princess Royal (PRUH),5.34,Epsom Hospital,18.74,Princess Royal (PRUH),5.34,Kings College Hospital,11.55
BR51AA,51.38637,0.064776,South,Princess Royal (PRUH),2.33,Darent Valley,14.5,Princess Royal (PRUH),2.33,Kings College Hospital,14.18
BR51AB,51.387721,0.065713,South,Princess Royal (PRUH),2.49,Darent Valley,14.39,Princess Royal (PRUH),2.49,Kings College Hospital,14.13
BR51AD,51.384708,0.064169,South,Princess Royal (PRUH),2.14,Darent Valley,14.61,Princess Royal (PRUH),2.14,Kings College Hospital,14.26
BR51AE,51.385475,0.063557,South,Princess Royal (PRUH),2.22,Darent Valley,14.62,Princess Royal (PRUH),2.22,Kings College Hospital,14.18
BR51AF,51.385158,0.062637,South,Princess Royal (PRUH),2.18,Darent Valley,14.69,Princess Royal (PRUH),2.18,Kings College Hospital,14.15
BR51AG,51.38368,0.064856,South,Princess Royal (PRUH),2.04,Darent Valley,14.61,Princess Royal (PRUH),2.04,Kings College Hospital,14.38
BR51AH,51.384631,0.064971,South,Princess Royal (PRUH),2.14,Darent Valley,14.56,Princess Royal (PRUH),2.14,Kings College Hospital,14.31
BR51AJ,51.384994,0.065317,South,Princess Royal (PRUH),2.19,Darent Valley,14.53,Princess Royal (PRUH),2.19,Kings College Hospital,14.3
BR51AL,51.383342,0.067212,South,Princess Royal (PRUH),2.04,Darent Valley,14.48,Princess Royal (PRUH),2.04,Kings College Hospital,14.52
BR51AN,51.382922,0.066015,South,Princess Royal (PRUH),1.97,Darent Valley,14.57,Princess Royal (PRUH),1.97,Kings College Hospital,14.49
BR51AP,51.382611,0.068904,South,Princess Royal (PRUH),1.99,Darent Valley,14.4,Princess Royal (PRUH),1.99,Kings College Hospital,14.67
BR51AQ,51.383934,0.063229,South,Princess Royal (PRUH),2.05,Darent Valley,14.71,Princess Royal (PRUH),2.05,Kings College Hospital,14.27
BR51AR,51.388494,0.071339,South,Princess Royal (PRUH),2.66,Darent Valley,13.99,Princess Royal (PRUH),2.66,Kings College Hospital,14.38
BR51AS,51.386878,0.069628,South,Princess Royal (PRUH),2.46,Darent Valley,14.17,Princess Royal (PRUH),2.46,Kings College Hospital,14.4
BR51AT,51.385527,0.068776,South,Princess Royal (PRUH),2.3,Darent Valley,14.28,Princess Royal (PRUH),2.3,Kings College Hospital,14.45
BR51AU,51.38481,0.067063,South,Princess Royal (PRUH),2.19,Darent Valley,14.42,Princess Royal (PRUH),2.19,Kings College Hospital,14.41
BR51AW,51.382464,0.067029,South,Princess Royal (PRUH),1.94,Darent Valley,14.53,Princess Royal (PRUH),1.94,Kings College Hospital,14.58
BR51AX,51.386948,0.067719,South,Princess Royal (PRUH),2.43,Darent Valley,14.29,Princess Royal (PRUH),2.43,Kings College Hospital,14.29
BR51AY,51.386923,0.0671,South,Princess Royal (PRUH),2.42,Darent Valley,14.33,Princess Royal (PRUH),2.42,Kings College Hospital,14.26
BR51AZ,51.384684,0.066583,South,Princess Royal (PRUH),2.17,Darent Valley,14.46,Princess Royal (PRUH),2.17,Kings College Hospital,14.39
BR51BA,51.38371,0.070304,South,Princess Royal (PRUH),2.14,Darent Valley,14.26,Princess Royal (PRUH),2.14,Kings College Hospital,14.66
BR51BB,51.385933,0.072761,South,Princess Royal (PRUH),2.43,Darent Valley,14.01,Princess Royal (PRUH),2.43,Kings College Hospital,14.64
BR51BD,51.38614,0.072253,South,Princess Royal (PRUH),2.44,Darent Valley,14.03,Princess Royal (PRUH),2.44,Kings College Hospital,14.59
BR51BE,51.384011,0.070073,South,Princess Royal (PRUH),2.16,Darent Valley,14.27,Princess Royal (PRUH),2.16,Kings College Hospital,14.63
BR51BF,51.385534,0.070918,South,Princess Royal (PRUH),2.34,Darent Valley,14.14,Princess Royal (PRUH),2.34,Kings College Hospital,14.56
BR51BG,51.38803,0.072166,South,Princess Royal (PRUH),2.63,Darent Valley,13.96,Princess Royal (PRUH),2.63,Kings College Hospital,14.46
BR51BH,51.38587,0.070703,South,Princess Royal (PRUH),2.37,Darent Valley,14.14,Princess Royal (PRUH),2.37,Kings College Hospital,14.53
BR51BJ,51.387992,0.069707,South,Princess Royal (PRUH),2.58,Darent Valley,14.12,Princess Royal (PRUH),2.58,Kings College Hospital,14.33
BR51BL,51.389382,0.066348,South,Princess Royal (PRUH),2.68,Darent Valley,14.28,Princess Royal (PRUH),2.68,Kings College Hospital,14.05
BR51BN,51.388303,0.065854,South,Princess Royal (PRUH),2.56,Darent Valley,14.35,Princess Royal (PRUH),2.56,Kings College Hospital,14.1
BR51BP,51.389475,0.069256,South,Princess Royal (PRUH),2.73,Darent Valley,14.09,Princess Royal (PRUH),2.73,Kings College Hospital,14.2
BR51BQ,51.386264,0.070319,South,Princess Royal (PRUH),2.41,Darent Valley,14.15,Princess Royal (PRUH),2.41,Kings College Hospital,14.48
BR51BS,51.37683,0.099164,South,Princess Royal (PRUH),2.99,Darent Valley,12.83,Princess Royal (PRUH),2.99,Kings College Hospital,16.7
BR51BT,51.390407,0.071957,South,Princess Royal (PRUH),2.88,Darent Valley,13.87,Princess Royal (PRUH),2.88,Kings College Hospital,14.29
BR51BU,51.390152,0.071141,South,Princess Royal (PRUH),2.84,Darent Valley,13.94,Princess Royal (PRUH),2.84,Kings College Hospital,14.26
BR51BW,51.389126,0.069686,South,Princess Royal (PRUH),2.7,Darent Valley,14.07,Princess Royal (PRUH),2.7,Kings College Hospital,14.25
BR51BX,51.389607,0.06735,South,Princess Royal (PRUH),2.72,Darent Valley,14.2,Princess Royal (PRUH),2.72,Kings College Hospital,14.09
BR51BY,51.390722,0.069398,South,Princess Royal (PRUH),2.87,Darent Valley,14.03,Princess Royal (PRUH),2.87,Kings College Hospital,14.12
BR51BZ,51.390371,0.069454,South,Princess Royal (PRUH),2.83,Darent Valley,14.04,Princess Royal (PRUH),2.83,Kings College Hospital,14.15
BR51DA,51.390789,0.067159,South,Princess Royal (PRUH),2.84,Darent Valley,14.17,Princess Royal (PRUH),2.84,Kings College Hospital,14.0
BR51DB,51.38876,0.073593,South,Princess Royal (PRUH),2.74,Darent Valley,13.84,Princess Royal (PRUH),2.74,Kings College Hospital,14.49
BR51DD,51.389128,0.07108,South,Princess Royal (PRUH),2.73,Darent Valley,13.98,Princess Royal (PRUH),2.73,Kings College Hospital,14.32
BR51DE,51.389736,0.072301,South,Princess Royal (PRUH),2.82,Darent Valley,13.88,Princess Royal (PRUH),2.82,Kings College Hospital,14.35
BR51DF,51.389131,0.07292,South,Princess Royal (PRUH),2.77,Darent Valley,13.86,Princess Royal (PRUH),2.77,Kings College Hospital,14.42
BR51DG,51.38951,0.071845,South,Princess Royal (PRUH),2.78,Darent Valley,13.92,Princess Royal (PRUH),2.78,Kings College Hospital,14.34
BR51DH,51.388057,0.074165,South,Princess Royal (PRUH),2.68,Darent Valley,13.83,Princess Royal (PRUH),2.68,Kings College Hospital,14.57
BR51DJ,51.383662,0.076079,South,Princess Royal (PRUH),2.3,Darent Valley,13.9,Princess Royal (PRUH),2.3,Kings College Hospital,14.97
BR51DL,51.383986,0.073493,South,Princess Royal (PRUH),2.25,Darent Valley,14.05,Princess Royal (PRUH),2.25,Kings College Hospital,14.81
BR51DN,51.3842,0.074106,South,Princess Royal (PRUH),2.29,Darent Valley,14.0,Princess Royal (PRUH),2.29,Kings College Hospital,14.83
BR51DP,51.383374,0.073034,South,Princess Royal (PRUH),2.17,Darent Valley,14.11,Princess Royal (PRUH),2.17,Kings College Hospital,14.83
BR51DQ,51.38842,0.072989,South,Princess Royal (PRUH),2.69,Darent Valley,13.89,Princess Royal (PRUH),2.69,Kings College Hospital,14.48
BR51DR,51.384621,0.075735,South,Princess Royal (PRUH),2.38,Darent Valley,13.88,Princess Royal (PRUH),2.38,Kings College Hospital,14.89
BR51DS,51.384839,0.074609,South,Princess Royal (PRUH),2.37,Darent Valley,13.94,Princess Royal (PRUH),2.37,Kings College Hospital,14.81
BR51DT,51.385124,0.073257,South,Princess Royal (PRUH),2.36,Darent Valley,14.01,Princess Royal (PRUH),2.36,Kings College Hospital,14.72
BR51DU,51.3849,0.073706,South,Princess Royal (PRUH),2.35,Darent Valley,13.99,Princess Royal (PRUH),2.35,Kings College Hospital,14.76
BR51DW,51.38324,0.074997,South,Princess Royal (PRUH),2.22,Darent Valley,13.99,Princess Royal (PRUH),2.22,Kings College Hospital,14.95
BR51DX,51.386022,0.073829,South,Princess Royal (PRUH),2.47,Darent Valley,13.94,Princess Royal (PRUH),2.47,Kings College Hospital,14.69
BR51DY,51.38528,0.074586,South,Princess Royal (PRUH),2.41,Darent Valley,13.92,Princess Royal (PRUH),2.41,Kings College Hospital,14.78
BR51DZ,51.386569,0.077447,South,Princess Royal (PRUH),2.63,Darent Valley,13.68,Princess Royal (PRUH),2.63,Kings College Hospital,14.85
BR51EA,51.386632,0.075437,South,Princess Royal (PRUH),2.57,Darent Valley,13.81,Princess Royal (PRUH),2.57,Kings College Hospital,14.73
BR51EB,51.386581,0.074774,South,Princess Royal (PRUH),2.55,Darent Valley,13.85,Princess Royal (PRUH),2.55,Kings College Hospital,14.7
BR51ED,51.381573,0.080756,South,Princess Royal (PRUH),2.29,Darent Valley,13.71,Princess Royal (PRUH),2.29,Kings College Hospital,15.37
BR51EE,51.388097,0.076984,South,Princess Royal (PRUH),2.77,Darent Valley,13.65,Princess Royal (PRUH),2.77,Kings College Hospital,14.72
BR51EF,51.388892,0.076258,South,Princess Royal (PRUH),2.83,Darent Valley,13.66,Princess Royal (PRUH),2.83,Kings College Hospital,14.62
BR51EG,51.388081,0.076365,South,Princess Royal (PRUH),2.75,Darent Valley,13.69,Princess Royal (PRUH),2.75,Kings College Hospital,14.69
BR51EH,51.382237,0.07932,South,Princess Royal (PRUH),2.28,Darent Valley,13.76,Princess Royal (PRUH),2.28,Kings College Hospital,15.25
BR51EJ,51.384731,0.077651,South,Princess Royal (PRUH),2.45,Darent Valley,13.75,Princess Royal (PRUH),2.45,Kings College Hospital,14.98
BR51EL,51.384132,0.077451,South,Princess Royal (PRUH),2.39,Darent Valley,13.79,Princess Royal (PRUH),2.39,Kings College Hospital,15.02
BR51EN,51.380954,0.077135,South,Princess Royal (PRUH),2.08,Darent Valley,13.96,Princess Royal (PRUH),2.08,Kings College Hospital,15.22
BR51EP,51.383171,0.078917,South,Princess Royal (PRUH),2.35,Darent Valley,13.74,Princess Royal (PRUH),2.35,Kings College Hospital,15.16
BR51EQ,51.388527,0.076069,South,Princess Royal (PRUH),2.78,Darent Valley,13.69,Princess Royal (PRUH),2.78,Kings College Hospital,14.64
BR51ER,51.38445,0.07623,South,Princess Royal (PRUH),2.38,Darent Valley,13.85,Princess Royal (PRUH),2.38,Kings College Hospital,14.93
BR51ES,51.380648,0.07613,South,Princess Royal (PRUH),2.01,Darent Valley,14.04,Princess Royal (PRUH),2.01,Kings College Hospital,15.19
BR51ET,51.379577,0.076728,South,Princess Royal (PRUH),1.94,Darent Valley,14.05,Princess Royal (PRUH),1.94,Kings College Hospital,15.3
BR51EU,51.379932,0.07696,South,Princess Royal (PRUH),1.98,Darent Valley,14.02,Princess Royal (PRUH),1.98,Kings College Hospital,15.28
BR51EW,51.381218,0.077463,South,Princess Royal (PRUH),2.12,Darent Valley,13.93,Princess Royal (PRUH),2.12,Kings College Hospital,15.22
BR51EX,51.37683,0.099164,South,Princess Royal (PRUH),2.99,Darent Valley,12.83,Princess Royal (PRUH),2.99,Kings College Hospital,16.7
BR51EY,51.37955,0.074686,South,Princess Royal (PRUH),1.86,Darent Valley,14.18,Princess Royal (PRUH),1.86,Kings College Hospital,15.19
BR51EZ,51.378536,0.075043,South,Princess Royal (PRUH),1.78,Darent Valley,14.21,Princess Royal (PRUH),1.78,Kings College Hospital,15.28
BR51FA,51.374933,0.077395,South,Princess Royal (PRUH),1.59,Darent Valley,14.25,Princess Royal (PRUH),1.59,Kings College Hospital,15.67
BR51FB,51.37737,0.074861,South,Princess Royal (PRUH),1.67,Darent Valley,14.28,Princess Royal (PRUH),1.67,Kings College Hospital,15.36
BR51FD,51.391225,0.068429,South,Princess Royal (PRUH),2.91,Darent Valley,14.07,Princess Royal (PRUH),2.91,Kings College Hospital,14.04
BR51FE,51.390407,0.071957,South,Princess Royal (PRUH),2.88,Darent Valley,13.87,Princess Royal (PRUH),2.88,Kings College Hospital,14.29
BR51FF,51.373519,0.075535,South,Princess Royal (PRUH),1.39,Darent Valley,14.44,Princess Royal (PRUH),1.39,Kings College Hospital,15.68
BR51FG,51.38884,0.075681,South,Princess Royal (PRUH),2.8,Darent Valley,13.7,Princess Royal (PRUH),2.8,Kings College Hospital,14.6
BR51FH,51.389023,0.075474,South,Princess Royal (PRUH),2.82,Darent Valley,13.7,Princess Royal (PRUH),2.82,Kings College Hospital,14.57
BR51GA,51.382744,0.085221,South,Princess Royal (PRUH),2.59,Darent Valley,13.37,Princess Royal (PRUH),2.59,Kings College Hospital,15.53
BR51GU,51.391071,0.093304,South,Princess Royal (PRUH),3.66,Darent Valley,12.47,Princess Royal (PRUH),3.66,Kings College Hospital,15.45
BR51GW,51.391972,0.092727,South,Princess Royal (PRUH),3.71,Darent Valley,12.47,Princess Royal (PRUH),3.71,Kings College Hospital,15.36
BR51GX,51.392351,0.093118,South,Princess Royal (PRUH),3.76,Darent Valley,12.43,Princess Royal (PRUH),3.76,Kings College Hospital,15.36
BR51GY,51.390496,0.093752,South,Princess Royal (PRUH),3.63,Darent Valley,12.47,Princess Royal (PRUH),3.63,Kings College Hospital,15.51
BR51GZ,51.377412,0.077104,South,Princess Royal (PRUH),1.77,Darent Valley,14.14,Princess Royal (PRUH),1.77,Kings College Hospital,15.47
BR51HA,51.378625,0.076125,South,Princess Royal (PRUH),1.83,Darent Valley,14.14,Princess Royal (PRUH),1.83,Kings College Hospital,15.33
BR51HB,51.379513,0.078809,South,Princess Royal (PRUH),2.02,Darent Valley,13.93,Princess Royal (PRUH),2.02,Kings College Hospital,15.41
BR51HD,51.378744,0.079061,South,Princess Royal (PRUH),1.97,Darent Valley,13.95,Princess Royal (PRUH),1.97,Kings College Hospital,15.48
BR51HE,51.375905,0.073329,South,Princess Royal (PRUH),1.47,Darent Valley,14.45,Princess Royal (PRUH),1.47,Kings College Hospital,15.39
BR51HF,51.376213,0.073716,South,Princess Royal (PRUH),1.52,Darent Valley,14.41,Princess Royal (PRUH),1.52,Kings College Hospital,15.39
BR51HG,51.374789,0.073882,South,Princess Royal (PRUH),1.4,Darent Valley,14.47,Princess Royal (PRUH),1.4,Kings College Hospital,15.5
BR51HH,51.37456,0.075639,South,Princess Royal (PRUH),1.47,Darent Valley,14.38,Princess Royal (PRUH),1.47,Kings College Hospital,15.61
BR51HJ,51.376612,0.07658,South,Princess Royal (PRUH),1.68,Darent Valley,14.21,Princess Royal (PRUH),1.68,Kings College Hospital,15.51
BR51HL,51.375358,0.076782,South,Princess Royal (PRUH),1.59,Darent Valley,14.26,Princess Royal (PRUH),1.59,Kings College Hospital,15.61
BR51HN,51.376535,0.074823,South,Princess Royal (PRUH),1.59,Darent Valley,14.32,Princess Royal (PRUH),1.59,Kings College Hospital,15.42
BR51HP,51.378393,0.077034,South,Princess Royal (PRUH),1.85,Darent Valley,14.09,Princess Royal (PRUH),1.85,Kings College Hospital,15.4
BR51HQ,51.375271,0.073545,South,Princess Royal (PRUH),1.43,Darent Valley,14.47,Princess Royal (PRUH),1.43,Kings College Hospital,15.45
BR51HR,51.385428,0.08244,South,Princess Royal (PRUH),2.7,Darent Valley,13.42,Princess Royal (PRUH),2.7,Kings College Hospital,15.2
BR51HS,51.383505,0.084393,South,Princess Royal (PRUH),2.61,Darent Valley,13.39,Princess Royal (PRUH),2.61,Kings College Hospital,15.44
BR51HT,51.385795,0.080042,South,Princess Royal (PRUH),2.64,Darent Valley,13.55,Princess Royal (PRUH),2.64,Kings College Hospital,15.04
BR51HU,51.386017,0.079649,South,Princess Royal (PRUH),2.65,Darent Valley,13.57,Princess Royal (PRUH),2.65,Kings College Hospital,15.01
BR51HW,51.377055,0.073366,South,Princess Royal (PRUH),1.58,Darent Valley,14.39,Princess Royal (PRUH),1.58,Kings College Hospital,15.31
BR51HX,51.383555,0.08566,South,Princess Royal (PRUH),2.68,Darent Valley,13.3,Princess Royal (PRUH),2.68,Kings College Hospital,15.5
BR51HY,51.385017,0.082306,South,Princess Royal (PRUH),2.66,Darent Valley,13.44,Princess Royal (PRUH),2.66,Kings College Hospital,15.22
BR51HZ,51.386846,0.079083,South,Princess Royal (PRUH),2.71,Darent Valley,13.57,Princess Royal (PRUH),2.71,Kings College Hospital,14.92
BR51JA,51.384906,0.083982,South,Princess Royal (PRUH),2.72,Darent Valley,13.34,Princess Royal (PRUH),2.72,Kings College Hospital,15.32
BR51JB,51.387037,0.081478,South,Princess Royal (PRUH),2.81,Darent Valley,13.41,Princess Royal (PRUH),2.81,Kings College Hospital,15.04
BR51JD,51.386777,0.081955,South,Princess Royal (PRUH),2.8,Darent Valley,13.39,Princess Royal (PRUH),2.8,Kings College Hospital,15.08
BR51JE,51.38792,0.080354,South,Princess Royal (PRUH),2.86,Darent Valley,13.44,Princess Royal (PRUH),2.86,Kings College Hospital,14.92
BR51JF,51.387545,0.080725,South,Princess Royal (PRUH),2.83,Darent Valley,13.43,Princess Royal (PRUH),2.83,Kings College Hospital,14.96
BR51JG,51.385905,0.077862,South,Princess Royal (PRUH),2.58,Darent Valley,13.69,Princess Royal (PRUH),2.58,Kings College Hospital,14.92
BR51JH,51.384363,0.079143,South,Princess Royal (PRUH),2.47,Darent Valley,13.67,Princess Royal (PRUH),2.47,Kings College Hospital,15.09
BR51JJ,51.38414,0.080024,South,Princess Royal (PRUH),2.49,Darent Valley,13.63,Princess Royal (PRUH),2.49,Kings College Hospital,15.15
BR51JL,51.382676,0.08095,South,Princess Royal (PRUH),2.39,Darent Valley,13.64,Princess Royal (PRUH),2.39,Kings College Hospital,15.31
BR51JN,51.382417,0.081886,South,Princess Royal (PRUH),2.41,Darent Valley,13.59,Princess Royal (PRUH),2.41,Kings College Hospital,15.37
BR51JP,51.384338,0.080565,South,Princess Royal (PRUH),2.53,Darent Valley,13.59,Princess Royal (PRUH),2.53,Kings College Hospital,15.17
BR51JQ,51.385985,0.078412,South,Princess Royal (PRUH),2.6,Darent Valley,13.65,Princess Royal (PRUH),2.6,Kings College Hospital,14.94
BR51JR,51.383374,0.082145,South,Princess Royal (PRUH),2.5,Darent Valley,13.53,Princess Royal (PRUH),2.5,Kings College Hospital,15.32
BR51JS,51.382284,0.083303,South,Princess Royal (PRUH),2.46,Darent Valley,13.51,Princess Royal (PRUH),2.46,Kings College Hospital,15.46
BR51JT,51.390775,0.088231,South,Princess Royal (PRUH),3.42,Darent Valley,12.81,Princess Royal (PRUH),3.42,Kings College Hospital,15.17
BR51JU,51.390581,0.084959,South,Princess Royal (PRUH),3.27,Darent Valley,13.03,Princess Royal (PRUH),3.27,Kings College Hospital,15.0
BR51JW,51.385404,0.079751,South,Princess Royal (PRUH),2.59,Darent Valley,13.59,Princess Royal (PRUH),2.59,Kings College Hospital,15.05
BR51JX,51.390439,0.081819,South,Princess Royal (PRUH),3.15,Darent Valley,13.24,Princess Royal (PRUH),3.15,Kings College Hospital,14.83
BR51JY,51.390236,0.077584,South,Princess Royal (PRUH),3.0,Darent Valley,13.52,Princess Royal (PRUH),3.0,Kings College Hospital,14.61
BR51JZ,51.390112,0.075451,South,Princess Royal (PRUH),2.93,Darent Valley,13.66,Princess Royal (PRUH),2.93,Kings College Hospital,14.5
BR51LA,51.390084,0.07394,South,Princess Royal (PRUH),2.89,Darent Valley,13.76,Princess Royal (PRUH),2.89,Kings College Hospital,14.42
BR51LB,51.391173,0.088119,South,Princess Royal (PRUH),3.45,Darent Valley,12.8,Princess Royal (PRUH),3.45,Kings College Hospital,15.14
BR51LD,51.391038,0.08508,South,Princess Royal (PRUH),3.32,Darent Valley,13.0,Princess Royal (PRUH),3.32,Kings College Hospital,14.98
BR51LE,51.390847,0.082154,South,Princess Royal (PRUH),3.2,Darent Valley,13.2,Princess Royal (PRUH),3.2,Kings College Hospital,14.82
BR51LF,51.390632,0.077559,South,Princess Royal (PRUH),3.04,Darent Valley,13.5,Princess Royal (PRUH),3.04,Kings College Hospital,14.58
BR51LG,51.390492,0.075296,South,Princess Royal (PRUH),2.96,Darent Valley,13.65,Princess Royal (PRUH),2.96,Kings College Hospital,14.46
BR51LH,51.388791,0.078424,South,Princess Royal (PRUH),2.88,Darent Valley,13.52,Princess Royal (PRUH),2.88,Kings College Hospital,14.75
BR51LJ,51.387589,0.078743,South,Princess Royal (PRUH),2.77,Darent Valley,13.56,Princess Royal (PRUH),2.77,Kings College Hospital,14.85
BR51LL,51.388411,0.079068,South,Princess Royal (PRUH),2.86,Darent Valley,13.5,Princess Royal (PRUH),2.86,Kings College Hospital,14.81
BR51LN,51.389475,0.077363,South,Princess Royal (PRUH),2.92,Darent Valley,13.56,Princess Royal (PRUH),2.92,Kings College Hospital,14.65
BR51LP,51.389074,0.079716,South,Princess Royal (PRUH),2.95,Darent Valley,13.43,Princess Royal (PRUH),2.95,Kings College Hospital,14.8
BR51LQ,51.388593,0.077912,South,Princess Royal (PRUH),2.84,Darent Valley,13.57,Princess Royal (PRUH),2.84,Kings College Hospital,14.74
BR51LR,51.389789,0.075408,South,Princess Royal (PRUH),2.89,Darent Valley,13.68,Princess Royal (PRUH),2.89,Kings College Hospital,14.52
BR51LS,51.389706,0.073967,South,Princess Royal (PRUH),2.85,Darent Valley,13.77,Princess Royal (PRUH),2.85,Kings College Hospital,14.44
BR51LT,51.389839,0.074591,South,Princess Royal (PRUH),2.88,Darent Valley,13.73,Princess Royal (PRUH),2.88,Kings College Hospital,14.47
BR51LU,51.38969,0.074397,South,Princess Royal (PRUH),2.86,Darent Valley,13.74,Princess Royal (PRUH),2.86,Kings College Hospital,14.47
BR51LW,51.389154,0.077707,South,Princess Royal (PRUH),2.89,Darent Valley,13.55,Princess Royal (PRUH),2.89,Kings College Hospital,14.69
BR51LX,51.389441,0.075751,South,Princess Royal (PRUH),2.87,Darent Valley,13.67,Princess Royal (PRUH),2.87,Kings College Hospital,14.56
BR51LY,51.389696,0.075576,South,Princess Royal (PRUH),2.89,Darent Valley,13.67,Princess Royal (PRUH),2.89,Kings College Hospital,14.53
BR51LZ,51.388992,0.075199,South,Princess Royal (PRUH),2.81,Darent Valley,13.72,Princess Royal (PRUH),2.81,Kings College Hospital,14.56
BR51NA,51.38969,0.074397,South,Princess Royal (PRUH),2.86,Darent Valley,13.74,Princess Royal (PRUH),2.86,Kings College Hospital,14.47
BR51NB,51.392011,0.072834,South,Princess Royal (PRUH),3.07,Darent Valley,13.75,Princess Royal (PRUH),3.07,Kings College Hospital,14.23
BR51ND,51.392585,0.072904,South,Princess Royal (PRUH),3.13,Darent Valley,13.73,Princess Royal (PRUH),3.13,Kings College Hospital,14.19
BR51NE,51.394284,0.070407,South,Princess Royal (PRUH),3.27,Darent Valley,13.83,Princess Royal (PRUH),3.27,Kings College Hospital,13.94
BR51NF,51.396173,0.072893,South,Princess Royal (PRUH),3.52,Darent Valley,13.59,Princess Royal (PRUH),3.52,Kings College Hospital,13.96
BR51NG,51.395087,0.071737,South,Princess Royal (PRUH),3.38,Darent Valley,13.71,Princess Royal (PRUH),3.38,Kings College Hospital,13.96
BR51NH,51.394611,0.072736,South,Princess Royal (PRUH),3.34,Darent Valley,13.66,Princess Royal (PRUH),3.34,Kings College Hospital,14.05
BR51NJ,51.394387,0.073215,South,Princess Royal (PRUH),3.33,Darent Valley,13.64,Princess Royal (PRUH),3.33,Kings College Hospital,14.09
BR51NL,51.393595,0.072719,South,Princess Royal (PRUH),3.24,Darent Valley,13.7,Princess Royal (PRUH),3.24,Kings College Hospital,14.12
BR51NN,51.393871,0.074413,South,Princess Royal (PRUH),3.3,Darent Valley,13.58,Princess Royal (PRUH),3.3,Kings College Hospital,14.19
BR51NP,51.389518,0.089639,South,Princess Royal (PRUH),3.36,Darent Valley,12.78,Princess Royal (PRUH),3.36,Kings College Hospital,15.33
BR51NQ,51.396253,0.070424,South,Princess Royal (PRUH),3.48,Darent Valley,13.75,Princess Royal (PRUH),3.48,Kings College Hospital,13.81
BR51NR,51.389514,0.090372,South,Princess Royal (PRUH),3.39,Darent Valley,12.73,Princess Royal (PRUH),3.39,Kings College Hospital,15.38
BR51NS,51.392696,0.089425,South,Princess Royal (PRUH),3.64,Darent Valley,12.65,Princess Royal (PRUH),3.64,Kings College Hospital,15.12
BR51NT,51.392783,0.090119,South,Princess Royal (PRUH),3.68,Darent Valley,12.6,Princess Royal (PRUH),3.68,Kings College Hospital,15.16
BR51NU,51.394126,0.089432,South,Princess Royal (PRUH),3.77,Darent Valley,12.59,Princess Royal (PRUH),3.77,Kings College Hospital,15.03
BR51NW,51.393718,0.074938,South,Princess Royal (PRUH),3.29,Darent Valley,13.55,Princess Royal (PRUH),3.29,Kings College Hospital,14.23
BR51NX,51.393676,0.083906,South,Princess Royal (PRUH),3.54,Darent Valley,12.97,Princess Royal (PRUH),3.54,Kings College Hospital,14.74
BR51NY,51.394079,0.085017,South,Princess Royal (PRUH),3.61,Darent Valley,12.88,Princess Royal (PRUH),3.61,Kings College Hospital,14.78
BR51NZ,51.394046,0.080804,South,Princess Royal (PRUH),3.48,Darent Valley,13.16,Princess Royal (PRUH),3.48,Kings College Hospital,14.54
BR51PA,51.395109,0.076137,South,Princess Royal (PRUH),3.47,Darent Valley,13.42,Princess Royal (PRUH),3.47,Kings College Hospital,14.21
BR51PB,51.395214,0.07778,South,Princess Royal (PRUH),3.52,Darent Valley,13.31,Princess Royal (PRUH),3.52,Kings College Hospital,14.3
BR51PD,51.395616,0.075384,South,Princess Royal (PRUH),3.5,Darent Valley,13.45,Princess Royal (PRUH),3.5,Kings College Hospital,14.14
BR51PE,51.393386,0.079451,South,Princess Royal (PRUH),3.37,Darent Valley,13.27,Princess Royal (PRUH),3.37,Kings College Hospital,14.51
BR51PF,51.391757,0.079507,South,Princess Royal (PRUH),3.21,Darent Valley,13.33,Princess Royal (PRUH),3.21,Kings College Hospital,14.62
BR51PG,51.392325,0.074875,South,Princess Royal (PRUH),3.15,Darent Valley,13.61,Princess Royal (PRUH),3.15,Kings College Hospital,14.32
BR51PH,51.393888,0.076987,South,Princess Royal (PRUH),3.36,Darent Valley,13.41,Princess Royal (PRUH),3.36,Kings College Hospital,14.34
BR51PJ,51.393726,0.077526,South,Princess Royal (PRUH),3.36,Darent Valley,13.38,Princess Royal (PRUH),3.36,Kings College Hospital,14.38
BR51PL,51.391712,0.087094,South,Princess Royal (PRUH),3.46,Darent Valley,12.84,Princess Royal (PRUH),3.46,Kings College Hospital,15.05
BR51PN,51.391597,0.083999,South,Princess Royal (PRUH),3.34,Darent Valley,13.05,Princess Royal (PRUH),3.34,Kings College Hospital,14.88
BR51PP,51.391312,0.07723,South,Princess Royal (PRUH),3.1,Darent Valley,13.5,Princess Royal (PRUH),3.1,Kings College Hospital,14.52
BR51PQ,51.391942,0.07516,South,Princess Royal (PRUH),3.11,Darent Valley,13.6,Princess Royal (PRUH),3.11,Kings College Hospital,14.36
BR51PR,51.392057,0.086952,South,Princess Royal (PRUH),3.49,Darent Valley,12.84,Princess Royal (PRUH),3.49,Kings College Hospital,15.02
BR51PS,51.391935,0.083698,South,Princess Royal (PRUH),3.36,Darent Valley,13.05,Princess Royal (PRUH),3.36,Kings College Hospital,14.84
BR51PT,51.391842,0.081308,South,Princess Royal (PRUH),3.27,Darent Valley,13.21,Princess Royal (PRUH),3.27,Kings College Hospital,14.71
BR51PU,51.391672,0.077203,South,Princess Royal (PRUH),3.14,Darent Valley,13.48,Princess Royal (PRUH),3.14,Kings College Hospital,14.49
BR51PW,51.391533,0.081495,South,Princess Royal (PRUH),3.25,Darent Valley,13.21,Princess Royal (PRUH),3.25,Kings College Hospital,14.74
BR51PX,51.393029,0.086392,South,Princess Royal (PRUH),3.56,Darent Valley,12.83,Princess Royal (PRUH),3.56,Kings College Hospital,14.93
BR51PY,51.392955,0.082436,South,Princess Royal (PRUH),3.42,Darent Valley,13.09,Princess Royal (PRUH),3.42,Kings College Hospital,14.71
BR51PZ,51.392637,0.085685,South,Princess Royal (PRUH),3.5,Darent Valley,12.9,Princess Royal (PRUH),3.5,Kings College Hospital,14.91
BR51QA,51.39258,0.081815,South,Princess Royal (PRUH),3.36,Darent Valley,13.15,Princess Royal (PRUH),3.36,Kings College Hospital,14.69
BR51QB,51.386855,0.08466,South,Princess Royal (PRUH),2.92,Darent Valley,13.21,Princess Royal (PRUH),2.92,Kings College Hospital,15.23
BR51QD,51.38709,0.085102,South,Princess Royal (PRUH),2.96,Darent Valley,13.17,Princess Royal (PRUH),2.96,Kings College Hospital,15.24
BR51QE,51.388943,0.081507,South,Princess Royal (PRUH),2.99,Darent Valley,13.32,Princess Royal (PRUH),2.99,Kings College Hospital,14.91
BR51QF,51.385244,0.086729,South,Princess Royal (PRUH),2.87,Darent Valley,13.16,Princess Royal (PRUH),2.87,Kings College Hospital,15.45
BR51QG,51.385826,0.085361,South,Princess Royal (PRUH),2.86,Darent Valley,13.21,Princess Royal (PRUH),2.86,Kings College Hospital,15.33
BR51QH,51.386448,0.083751,South,Princess Royal (PRUH),2.84,Darent Valley,13.29,Princess Royal (PRUH),2.84,Kings College Hospital,15.2
BR51QJ,51.389649,0.088337,South,Princess Royal (PRUH),3.32,Darent Valley,12.85,Princess Royal (PRUH),3.32,Kings College Hospital,15.25
BR51QL,51.389942,0.082961,South,Princess Royal (PRUH),3.14,Darent Valley,13.18,Princess Royal (PRUH),3.14,Kings College Hospital,14.93
BR51QN,51.390124,0.08639,South,Princess Royal (PRUH),3.28,Darent Valley,12.96,Princess Royal (PRUH),3.28,Kings College Hospital,15.11
BR51QP,51.388335,0.087401,South,Princess Royal (PRUH),3.16,Darent Valley,12.97,Princess Royal (PRUH),3.16,Kings College Hospital,15.28
BR51QQ,51.385973,0.084678,South,Princess Royal (PRUH),2.84,Darent Valley,13.25,Princess Royal (PRUH),2.84,Kings College Hospital,15.29
BR51QR,51.388806,0.085194,South,Princess Royal (PRUH),3.12,Darent Valley,13.09,Princess Royal (PRUH),3.12,Kings College Hospital,15.13
BR51QS,51.38912,0.084706,South,Princess Royal (PRUH),3.13,Darent Valley,13.11,Princess Royal (PRUH),3.13,Kings College Hospital,15.08
BR51QT,51.386681,0.088863,South,Princess Royal (PRUH),3.08,Darent Valley,12.95,Princess Royal (PRUH),3.08,Kings College Hospital,15.47
BR51QU,51.386679,0.089481,South,Princess Royal (PRUH),3.11,Darent Valley,12.92,Princess Royal (PRUH),3.11,Kings College Hospital,15.51
BR51QW,51.3897,0.084991,South,Princess Royal (PRUH),3.19,Darent Valley,13.06,Princess Royal (PRUH),3.19,Kings College Hospital,15.06
BR51QX,51.38685,0.090467,South,Princess Royal (PRUH),3.17,Darent Valley,12.85,Princess Royal (PRUH),3.17,Kings College Hospital,15.55
BR51QY,51.38967,0.092205,South,Princess Royal (PRUH),3.49,Darent Valley,12.61,Princess Royal (PRUH),3.49,Kings College Hospital,15.47
BR51QZ,51.386678,0.091062,South,Princess Royal (PRUH),3.18,Darent Valley,12.82,Princess Royal (PRUH),3.18,Kings College Hospital,15.6
BR51RA,51.389454,0.092727,South,Princess Royal (PRUH),3.49,Darent Valley,12.58,Princess Royal (PRUH),3.49,Kings College Hospital,15.51
BR51RB,51.389454,0.092727,South,Princess Royal (PRUH),3.49,Darent Valley,12.58,Princess Royal (PRUH),3.49,Kings College Hospital,15.51
BR51RD,51.390368,0.096377,South,Princess Royal (PRUH),3.74,Darent Valley,12.31,Princess Royal (PRUH),3.74,Kings College Hospital,15.67
BR51RE,51.392051,0.09585,South,Princess Royal (PRUH),3.85,Darent Valley,12.27,Princess Royal (PRUH),3.85,Kings College Hospital,15.53
BR51RF,51.39178,0.095406,South,Princess Royal (PRUH),3.81,Darent Valley,12.31,Princess Royal (PRUH),3.81,Kings College Hospital,15.52
BR51RG,51.393049,0.091324,South,Princess Royal (PRUH),3.75,Darent Valley,12.52,Princess Royal (PRUH),3.75,Kings College Hospital,15.21
BR51RH,51.39102,0.09563,South,Princess Royal (PRUH),3.76,Darent Valley,12.33,Princess Royal (PRUH),3.76,Kings College Hospital,15.58
BR51RJ,51.391359,0.095818,South,Princess Royal (PRUH),3.79,Darent Valley,12.3,Princess Royal (PRUH),3.79,Kings College Hospital,15.57
BR51RL,51.394209,0.090788,South,Princess Royal (PRUH),3.83,Darent Valley,12.5,Princess Royal (PRUH),3.83,Kings College Hospital,15.11
BR51RN,51.391645,0.081255,South,Princess Royal (PRUH),3.25,Darent Valley,13.22,Princess Royal (PRUH),3.25,Kings College Hospital,14.72
BR51RP,51.38457,0.06846,South,Princess Royal (PRUH),2.19,Darent Valley,14.34,Princess Royal (PRUH),2.19,Kings College Hospital,14.5
BR51RQ,51.393091,0.091987,South,Princess Royal (PRUH),3.78,Darent Valley,12.47,Princess Royal (PRUH),3.78,Kings College Hospital,15.25
BR51RR,51.378371,0.069158,South,Princess Royal (PRUH),1.56,Darent Valley,14.59,Princess Royal (PRUH),1.56,Kings College Hospital,14.99
BR51RS,51.373838,0.07019,South,Princess Royal (PRUH),1.16,Darent Valley,14.75,Princess Royal (PRUH),1.16,Kings College Hospital,15.38
BR51RT,51.374214,0.07229,South,Princess Royal (PRUH),1.28,Darent Valley,14.6,Princess Royal (PRUH),1.28,Kings College Hospital,15.46
BR51RU,51.373659,0.072667,South,Princess Royal (PRUH),1.26,Darent Valley,14.61,Princess Royal (PRUH),1.26,Kings College Hospital,15.52
BR51RW,51.389867,0.072536,South,Princess Royal (PRUH),2.84,Darent Valley,13.86,Princess Royal (PRUH),2.84,Kings College Hospital,14.35
BR51RX,51.374569,0.073111,South,Princess Royal (PRUH),1.35,Darent Valley,14.53,Princess Royal (PRUH),1.35,Kings College Hospital,15.48
BR51RY,51.377473,0.074679,South,Princess Royal (PRUH),1.67,Darent Valley,14.29,Princess Royal (PRUH),1.67,Kings College Hospital,15.34
BR51RZ,51.377852,0.075084,South,Princess Royal (PRUH),1.72,Darent Valley,14.24,Princess Royal (PRUH),1.72,Kings College Hospital,15.34
BR51SA,51.382137,0.085481,South,Princess Royal (PRUH),2.55,Darent Valley,13.38,Princess Royal (PRUH),2.55,Kings College Hospital,15.59
BR51SB,51.381786,0.084473,South,Princess Royal (PRUH),2.47,Darent Valley,13.46,Princess Royal (PRUH),2.47,Kings College Hospital,15.56
BR51SD,51.385407,0.078098,South,Princess Royal (PRUH),2.54,Darent Valley,13.69,Princess Royal (PRUH),2.54,Kings College Hospital,14.96
BR51SE,51.388204,0.072476,South,Princess Royal (PRUH),2.66,Darent Valley,13.93,Princess Royal (PRUH),2.66,Kings College Hospital,14.46
BR51SF,51.388204,0.072476,South,Princess Royal (PRUH),2.66,Darent Valley,13.93,Princess Royal (PRUH),2.66,Kings College Hospital,14.46
BR51SG,51.388841,0.072533,South,Princess Royal (PRUH),2.73,Darent Valley,13.9,Princess Royal (PRUH),2.73,Kings College Hospital,14.42
BR51SH,51.380155,0.081151,South,Princess Royal (PRUH),2.19,Darent Valley,13.75,Princess Royal (PRUH),2.19,Kings College Hospital,15.49
BR51SJ,51.387204,0.07818,South,Princess Royal (PRUH),2.71,Darent Valley,13.61,Princess Royal (PRUH),2.71,Kings College Hospital,14.84
BR51SL,51.387204,0.07818,South,Princess Royal (PRUH),2.71,Darent Valley,13.61,Princess Royal (PRUH),2.71,Kings College Hospital,14.84
BR51SN,51.389441,0.075751,South,Princess Royal (PRUH),2.87,Darent Valley,13.67,Princess Royal (PRUH),2.87,Kings College Hospital,14.56
BR51SP,51.386417,0.077382,South,Princess Royal (PRUH),2.61,Darent Valley,13.69,Princess Royal (PRUH),2.61,Kings College Hospital,14.85
BR51SQ,51.37683,0.099164,South,Princess Royal (PRUH),2.99,Darent Valley,12.83,Princess Royal (PRUH),2.99,Kings College Hospital,16.7
BR51SR,51.389052,0.075389,South,Princess Royal (PRUH),2.82,Darent Valley,13.71,Princess Royal (PRUH),2.82,Kings College Hospital,14.57
BR51SS,51.37683,0.099164,South,Princess Royal (PRUH),2.99,Darent Valley,12.83,Princess Royal (PRUH),2.99,Kings College Hospital,16.7
BR51ST,51.389052,0.075389,South,Princess Royal (PRUH),2.82,Darent Valley,13.71,Princess Royal (PRUH),2.82,Kings College Hospital,14.57
BR51SU,51.389052,0.075389,South,Princess Royal (PRUH),2.82,Darent Valley,13.71,Princess Royal (PRUH),2.82,Kings College Hospital,14.57
BR51SW,51.386417,0.077382,South,Princess Royal (PRUH),2.61,Darent Valley,13.69,Princess Royal (PRUH),2.61,Kings College Hospital,14.85
BR51SX,51.37683,0.099164,South,Princess Royal (PRUH),2.99,Darent Valley,12.83,Princess Royal (PRUH),2.99,Kings College Hospital,16.7
BR51SY,51.389052,0.075389,South,Princess Royal (PRUH),2.82,Darent Valley,13.71,Princess Royal (PRUH),2.82,Kings College Hospital,14.57
BR51SZ,51.389052,0.075389,South,Princess Royal (PRUH),2.82,Darent Valley,13.71,Princess Royal (PRUH),2.82,Kings College Hospital,14.57
BR51TA,51.389052,0.075389,South,Princess Royal (PRUH),2.82,Darent Valley,13.71,Princess Royal (PRUH),2.82,Kings College Hospital,14.57
BR51TB,51.37683,0.099164,South,Princess Royal (PRUH),2.99,Darent Valley,12.83,Princess Royal (PRUH),2.99,Kings College Hospital,16.7
BR51TD,51.389052,0.075389,South,Princess Royal (PRUH),2.82,Darent Valley,13.71,Princess Royal (PRUH),2.82,Kings College Hospital,14.57
BR51TE,51.389052,0.075389,South,Princess Royal (PRUH),2.82,Darent Valley,13.71,Princess Royal (PRUH),2.82,Kings College Hospital,14.57
BR51TF,51.389052,0.075389,South,Princess Royal (PRUH),2.82,Darent Valley,13.71,Princess Royal (PRUH),2.82,Kings College Hospital,14.57
BR51TG,51.386417,0.077382,South,Princess Royal (PRUH),2.61,Darent Valley,13.69,Princess Royal (PRUH),2.61,Kings College Hospital,14.85
BR51TH,51.389052,0.075389,South,Princess Royal (PRUH),2.82,Darent Valley,13.71,Princess Royal (PRUH),2.82,Kings College Hospital,14.57
BR51TJ,51.37683,0.099164,South,Princess Royal (PRUH),2.99,Darent Valley,12.83,Princess Royal (PRUH),2.99,Kings College Hospital,16.7
BR51TL,51.389052,0.075389,South,Princess Royal (PRUH),2.82,Darent Valley,13.71,Princess Royal (PRUH),2.82,Kings College Hospital,14.57
BR51TN,51.389052,0.075389,South,Princess Royal (PRUH),2.82,Darent Valley,13.71,Princess Royal (PRUH),2.82,Kings College Hospital,14.57
BR51TP,51.389052,0.075389,South,Princess Royal (PRUH),2.82,Darent Valley,13.71,Princess Royal (PRUH),2.82,Kings College Hospital,14.57
BR51TQ,51.37683,0.099164,South,Princess Royal (PRUH),2.99,Darent Valley,12.83,Princess Royal (PRUH),2.99,Kings College Hospital,16.7
BR51TS,51.386417,0.077382,South,Princess Royal (PRUH),2.61,Darent Valley,13.69,Princess Royal (PRUH),2.61,Kings College Hospital,14.85
BR51TT,51.37683,0.099164,South,Princess Royal (PRUH),2.99,Darent Valley,12.83,Princess Royal (PRUH),2.99,Kings College Hospital,16.7
BR51TU,51.386417,0.077382,South,Princess Royal (PRUH),2.61,Darent Valley,13.69,Princess Royal (PRUH),2.61,Kings College Hospital,14.85
BR51TW,51.386417,0.077382,South,Princess Royal (PRUH),2.61,Darent Valley,13.69,Princess Royal (PRUH),2.61,Kings College Hospital,14.85
BR51TX,51.37683,0.099164,South,Princess Royal (PRUH),2.99,Darent Valley,12.83,Princess Royal (PRUH),2.99,Kings College Hospital,16.7
BR51TY,51.37683,0.099164,South,Princess Royal (PRUH),2.99,Darent Valley,12.83,Princess Royal (PRUH),2.99,Kings College Hospital,16.7
BR51UA,51.386417,0.077382,South,Princess Royal (PRUH),2.61,Darent Valley,13.69,Princess Royal (PRUH),2.61,Kings College Hospital,14.85
BR51UB,51.386417,0.077382,South,Princess Royal (PRUH),2.61,Darent Valley,13.69,Princess Royal (PRUH),2.61,Kings College Hospital,14.85
BR51UD,51.386417,0.077382,South,Princess Royal (PRUH),2.61,Darent Valley,13.69,Princess Royal (PRUH),2.61,Kings College Hospital,14.85
BR51UE,51.37683,0.099164,South,Princess Royal (PRUH),2.99,Darent Valley,12.83,Princess Royal (PRUH),2.99,Kings College Hospital,16.7
BR51UF,51.386417,0.077382,South,Princess Royal (PRUH),2.61,Darent Valley,13.69,Princess Royal (PRUH),2.61,Kings College Hospital,14.85
BR51UG,51.386417,0.077382,South,Princess Royal (PRUH),2.61,Darent Valley,13.69,Princess Royal (PRUH),2.61,Kings College Hospital,14.85
BR51UH,51.386417,0.077382,South,Princess Royal (PRUH),2.61,Darent Valley,13.69,Princess Royal (PRUH),2.61,Kings College Hospital,14.85
BR51UJ,51.37683,0.099164,South,Princess Royal (PRUH),2.99,Darent Valley,12.83,Princess Royal (PRUH),2.99,Kings College Hospital,16.7
BR51UL,51.37683,0.099164,South,Princess Royal (PRUH),2.99,Darent Valley,12.83,Princess Royal (PRUH),2.99,Kings College Hospital,16.7
BR51UN,51.37683,0.099164,South,Princess Royal (PRUH),2.99,Darent Valley,12.83,Princess Royal (PRUH),2.99,Kings College Hospital,16.7
BR51UY,51.37683,0.099164,South,Princess Royal (PRUH),2.99,Darent Valley,12.83,Princess Royal (PRUH),2.99,Kings College Hospital,16.7
BR51UZ,51.37683,0.099164,South,Princess Royal (PRUH),2.99,Darent Valley,12.83,Princess Royal (PRUH),2.99,Kings College Hospital,16.7
BR51WA,51.37683,0.099164,South,Princess Royal (PRUH),2.99,Darent Valley,12.83,Princess Royal (PRUH),2.99,Kings College Hospital,16.7
BR51WB,51.37683,0.099164,South,Princess Royal (PRUH),2.99,Darent Valley,12.83,Princess Royal (PRUH),2.99,Kings College Hospital,16.7
BR51WD,51.37683,0.099164,South,Princess Royal (PRUH),2.99,Darent Valley,12.83,Princess Royal (PRUH),2.99,Kings College Hospital,16.7
BR51WE,51.37683,0.099164,South,Princess Royal (PRUH),2.99,Darent Valley,12.83,Princess Royal (PRUH),2.99,Kings College Hospital,16.7
BR51WF,51.37683,0.099164,South,Princess Royal (PRUH),2.99,Darent Valley,12.83,Princess Royal (PRUH),2.99,Kings College Hospital,16.7
BR51WG,51.37683,0.099164,South,Princess Royal (PRUH),2.99,Darent Valley,12.83,Princess Royal (PRUH),2.99,Kings College Hospital,16.7
BR51WH,51.37683,0.099164,South,Princess Royal (PRUH),2.99,Darent Valley,12.83,Princess Royal (PRUH),2.99,Kings College Hospital,16.7
BR51WJ,51.37683,0.099164,South,Princess Royal (PRUH),2.99,Darent Valley,12.83,Princess Royal (PRUH),2.99,Kings College Hospital,16.7
BR51WL,51.37683,0.099164,South,Princess Royal (PRUH),2.99,Darent Valley,12.83,Princess Royal (PRUH),2.99,Kings College Hospital,16.7
BR51WN,51.37683,0.099164,South,Princess Royal (PRUH),2.99,Darent Valley,12.83,Princess Royal (PRUH),2.99,Kings College Hospital,16.7
BR51WP,51.37683,0.099164,South,Princess Royal (PRUH),2.99,Darent Valley,12.83,Princess Royal (PRUH),2.99,Kings College Hospital,16.7
BR51WQ,51.37683,0.099164,South,Princess Royal (PRUH),2.99,Darent Valley,12.83,Princess Royal (PRUH),2.99,Kings College Hospital,16.7
BR51WR,51.37683,0.099164,South,Princess Royal (PRUH),2.99,Darent Valley,12.83,Princess Royal (PRUH),2.99,Kings College Hospital,16.7
BR51WS,51.37683,0.099164,South,Princess Royal (PRUH),2.99,Darent Valley,12.83,Princess Royal (PRUH),2.99,Kings College Hospital,16.7
BR51WT,51.37683,0.099164,South,Princess Royal (PRUH),2.99,Darent Valley,12.83,Princess Royal (PRUH),2.99,Kings College Hospital,16.7
BR51WU,51.37683,0.099164,South,Princess Royal (PRUH),2.99,Darent Valley,12.83,Princess Royal (PRUH),2.99,Kings College Hospital,16.7
BR51WW,51.37683,0.099164,South,Princess Royal (PRUH),2.99,Darent Valley,12.83,Princess Royal (PRUH),2.99,Kings College Hospital,16.7
BR51WX,51.37683,0.099164,South,Princess Royal (PRUH),2.99,Darent Valley,12.83,Princess Royal (PRUH),2.99,Kings College Hospital,16.7
BR51WY,51.37683,0.099164,South,Princess Royal (PRUH),2.99,Darent Valley,12.83,Princess Royal (PRUH),2.99,Kings College Hospital,16.7
BR51WZ,51.37683,0.099164,South,Princess Royal (PRUH),2.99,Darent Valley,12.83,Princess Royal (PRUH),2.99,Kings College Hospital,16.7
BR51XA,51.37683,0.099164,South,Princess Royal (PRUH),2.99,Darent Valley,12.83,Princess Royal (PRUH),2.99,Kings College Hospital,16.7
BR51XB,51.37683,0.099164,South,Princess Royal (PRUH),2.99,Darent Valley,12.83,Princess Royal (PRUH),2.99,Kings College Hospital,16.7
BR51XD,51.37683,0.099164,South,Princess Royal (PRUH),2.99,Darent Valley,12.83,Princess Royal (PRUH),2.99,Kings College Hospital,16.7
BR51XE,51.37683,0.099164,South,Princess Royal (PRUH),2.99,Darent Valley,12.83,Princess Royal (PRUH),2.99,Kings College Hospital,16.7
BR51XF,51.37683,0.099164,South,Princess Royal (PRUH),2.99,Darent Valley,12.83,Princess Royal (PRUH),2.99,Kings College Hospital,16.7
BR51XG,51.37683,0.099164,South,Princess Royal (PRUH),2.99,Darent Valley,12.83,Princess Royal (PRUH),2.99,Kings College Hospital,16.7
BR51XH,51.37683,0.099164,South,Princess Royal (PRUH),2.99,Darent Valley,12.83,Princess Royal (PRUH),2.99,Kings College Hospital,16.7
BR51XJ,51.37683,0.099164,South,Princess Royal (PRUH),2.99,Darent Valley,12.83,Princess Royal (PRUH),2.99,Kings College Hospital,16.7
BR51XL,51.37683,0.099164,South,Princess Royal (PRUH),2.99,Darent Valley,12.83,Princess Royal (PRUH),2.99,Kings College Hospital,16.7
BR51XQ,51.37683,0.099164,South,Princess Royal (PRUH),2.99,Darent Valley,12.83,Princess Royal (PRUH),2.99,Kings College Hospital,16.7
BR51XR,51.37683,0.099164,South,Princess Royal (PRUH),2.99,Darent Valley,12.83,Princess Royal (PRUH),2.99,Kings College Hospital,16.7
BR51XS,51.37683,0.099164,South,Princess Royal (PRUH),2.99,Darent Valley,12.83,Princess Royal (PRUH),2.99,Kings College Hospital,16.7
BR51XT,51.37683,0.099164,South,Princess Royal (PRUH),2.99,Darent Valley,12.83,Princess Royal (PRUH),2.99,Kings College Hospital,16.7
BR51XU,51.37683,0.099164,South,Princess Royal (PRUH),2.99,Darent Valley,12.83,Princess Royal (PRUH),2.99,Kings College Hospital,16.7
BR51XW,51.37683,0.099164,South,Princess Royal (PRUH),2.99,Darent Valley,12.83,Princess Royal (PRUH),2.99,Kings College Hospital,16.7
BR51XY,51.37683,0.099164,South,Princess Royal (PRUH),2.99,Darent Valley,12.83,Princess Royal (PRUH),2.99,Kings College Hospital,16.7
BR51XZ,51.37683,0.099164,South,Princess Royal (PRUH),2.99,Darent Valley,12.83,Princess Royal (PRUH),2.99,Kings College Hospital,16.7
BR51YT,51.37683,0.099164,South,Princess Royal (PRUH),2.99,Darent Valley,12.83,Princess Royal (PRUH),2.99,Kings College Hospital,16.7
BR51YY,51.37683,0.099164,South,Princess Royal (PRUH),2.99,Darent Valley,12.83,Princess Royal (PRUH),2.99,Kings College Hospital,16.7
BR51YZ,51.37683,0.099164,South,Princess Royal (PRUH),2.99,Darent Valley,12.83,Princess Royal (PRUH),2.99,Kings College Hospital,16.7
BR51ZA,51.37683,0.099164,South,Princess Royal (PRUH),2.99,Darent Valley,12.83,Princess Royal (PRUH),2.99,Kings College Hospital,16.7
BR51ZB,51.37683,0.099164,South,Princess Royal (PRUH),2.99,Darent Valley,12.83,Princess Royal (PRUH),2.99,Kings College Hospital,16.7
BR51ZD,51.37683,0.099164,South,Princess Royal (PRUH),2.99,Darent Valley,12.83,Princess Royal (PRUH),2.99,Kings College Hospital,16.7
BR51ZE,51.386417,0.077382,South,Princess Royal (PRUH),2.61,Darent Valley,13.69,Princess Royal (PRUH),2.61,Kings College Hospital,14.85
BR51ZF,51.37683,0.099164,South,Princess Royal (PRUH),2.99,Darent Valley,12.83,Princess Royal (PRUH),2.99,Kings College Hospital,16.7
BR51ZG,51.37683,0.099164,South,Princess Royal (PRUH),2.99,Darent Valley,12.83,Princess Royal (PRUH),2.99,Kings College Hospital,16.7
BR51ZH,51.37683,0.099164,South,Princess Royal (PRUH),2.99,Darent Valley,12.83,Princess Royal (PRUH),2.99,Kings College Hospital,16.7
BR51ZJ,51.389052,0.075389,South,Princess Royal (PRUH),2.82,Darent Valley,13.71,Princess Royal (PRUH),2.82,Kings College Hospital,14.57
BR51ZL,51.37683,0.099164,South,Princess Royal (PRUH),2.99,Darent Valley,12.83,Princess Royal (PRUH),2.99,Kings College Hospital,16.7
BR51ZN,51.389052,0.075389,South,Princess Royal (PRUH),2.82,Darent Valley,13.71,Princess Royal (PRUH),2.82,Kings College Hospital,14.57
BR51ZP,51.37683,0.099164,South,Princess Royal (PRUH),2.99,Darent Valley,12.83,Princess Royal (PRUH),2.99,Kings College Hospital,16.7
BR51ZQ,51.386417,0.077382,South,Princess Royal (PRUH),2.61,Darent Valley,13.69,Princess Royal (PRUH),2.61,Kings College Hospital,14.85
BR51ZR,51.37683,0.099164,South,Princess Royal (PRUH),2.99,Darent Valley,12.83,Princess Royal (PRUH),2.99,Kings College Hospital,16.7
BR51ZS,51.386417,0.077382,South,Princess Royal (PRUH),2.61,Darent Valley,13.69,Princess Royal (PRUH),2.61,Kings College Hospital,14.85
BR51ZT,51.37683,0.099164,South,Princess Royal (PRUH),2.99,Darent Valley,12.83,Princess Royal (PRUH),2.99,Kings College Hospital,16.7
BR51ZU,51.389052,0.075389,South,Princess Royal (PRUH),2.82,Darent Valley,13.71,Princess Royal (PRUH),2.82,Kings College Hospital,14.57
BR51ZW,51.37683,0.099164,South,Princess Royal (PRUH),2.99,Darent Valley,12.83,Princess Royal (PRUH),2.99,Kings College Hospital,16.7
BR51ZX,51.386417,0.077382,South,Princess Royal (PRUH),2.61,Darent Valley,13.69,Princess Royal (PRUH),2.61,Kings College Hospital,14.85
BR51ZY,51.37683,0.099164,South,Princess Royal (PRUH),2.99,Darent Valley,12.83,Princess Royal (PRUH),2.99,Kings College Hospital,16.7
BR51ZZ,51.386417,0.077382,South,Princess Royal (PRUH),2.61,Darent Valley,13.69,Princess Royal (PRUH),2.61,Kings College Hospital,14.85
BR52AA,51.385947,0.100745,South,Princess Royal (PRUH),3.62,Darent Valley,12.25,Princess Royal (PRUH),3.62,Kings College Hospital,16.19
BR52AB,51.386651,0.097572,South,Princess Royal (PRUH),3.5,Darent Valley,12.41,Princess Royal (PRUH),3.5,Kings College Hospital,15.97
BR52AD,51.387002,0.094541,South,Princess Royal (PRUH),3.38,Darent Valley,12.58,Princess Royal (PRUH),3.38,Kings College Hospital,15.77
BR52AE,51.3873,0.094986,South,Princess Royal (PRUH),3.42,Darent Valley,12.54,Princess Royal (PRUH),3.42,Kings College Hospital,15.78
BR52AF,51.386934,0.097829,South,Princess Royal (PRUH),3.54,Darent Valley,12.38,Princess Royal (PRUH),3.54,Kings College Hospital,15.97
BR52AG,51.388987,0.09719,South,Princess Royal (PRUH),3.66,Darent Valley,12.32,Princess Royal (PRUH),3.66,Kings College Hospital,15.8
BR52AH,51.386296,0.100804,South,Princess Royal (PRUH),3.65,Darent Valley,12.23,Princess Royal (PRUH),3.65,Kings College Hospital,16.18
BR52AJ,51.386316,0.103694,South,Princess Royal (PRUH),3.81,Darent Valley,12.05,Princess Royal (PRUH),3.81,Kings College Hospital,16.34
BR52AL,51.386725,0.100996,South,Princess Royal (PRUH),3.69,Darent Valley,12.19,Princess Royal (PRUH),3.69,Kings College Hospital,16.16
BR52AN,51.387332,0.099213,South,Princess Royal (PRUH),3.64,Darent Valley,12.27,Princess Royal (PRUH),3.64,Kings College Hospital,16.02
BR52AP,51.387332,0.098207,South,Princess Royal (PRUH),3.59,Darent Valley,12.34,Princess Royal (PRUH),3.59,Kings College Hospital,15.96
BR52AQ,51.388926,0.096598,South,Princess Royal (PRUH),3.63,Darent Valley,12.36,Princess Royal (PRUH),3.63,Kings College Hospital,15.77
BR52AR,51.387767,0.094993,South,Princess Royal (PRUH),3.46,Darent Valley,12.52,Princess Royal (PRUH),3.46,Kings College Hospital,15.75
BR52AS,51.38829,0.099429,South,Princess Royal (PRUH),3.72,Darent Valley,12.21,Princess Royal (PRUH),3.72,Kings College Hospital,15.97
BR52AT,51.388018,0.10107,South,Princess Royal (PRUH),3.79,Darent Valley,12.12,Princess Royal (PRUH),3.79,Kings College Hospital,16.08
BR52AU,51.387633,0.101987,South,Princess Royal (PRUH),3.81,Darent Valley,12.09,Princess Royal (PRUH),3.81,Kings College Hospital,16.16
BR52AW,51.388034,0.095666,South,Princess Royal (PRUH),3.51,Darent Valley,12.46,Princess Royal (PRUH),3.51,Kings College Hospital,15.77
BR52AX,51.387909,0.101654,South,Princess Royal (PRUH),3.81,Darent Valley,12.09,Princess Royal (PRUH),3.81,Kings College Hospital,16.12
BR52AY,51.383926,0.106085,South,Princess Royal (PRUH),3.79,Darent Valley,12.02,Princess Royal (PRUH),3.79,Kings College Hospital,16.63
BR52AZ,51.382714,0.105972,South,Princess Royal (PRUH),3.72,Darent Valley,12.09,Princess Royal (PRUH),3.72,Kings College Hospital,16.7
BR52BA,51.383015,0.105239,South,Princess Royal (PRUH),3.69,Darent Valley,12.12,Princess Royal (PRUH),3.69,Kings College Hospital,16.64
BR52BB,51.383005,0.104304,South,Princess Royal (PRUH),3.63,Darent Valley,12.18,Princess Royal (PRUH),3.63,Kings College Hospital,16.58
BR52BD,51.383844,0.104659,South,Princess Royal (PRUH),3.7,Darent Valley,12.11,Princess Royal (PRUH),3.7,Kings College Hospital,16.55
BR52BE,51.386499,0.107023,South,Princess Royal (PRUH),4.01,Darent Valley,11.83,Princess Royal (PRUH),4.01,Kings College Hospital,16.52
BR52BF,51.397085,0.11096,South,Princess Royal (PRUH),4.98,Darent Valley,11.09,Princess Royal (PRUH),4.98,Kings College Hospital,16.14
BR52BG,51.385065,0.10575,South,Princess Royal (PRUH),3.84,Darent Valley,11.98,Princess Royal (PRUH),3.84,Kings College Hospital,16.54
BR52BH,51.387228,0.107013,South,Princess Royal (PRUH),4.05,Darent Valley,11.79,Princess Royal (PRUH),4.05,Kings College Hospital,16.48
BR52BJ,51.387843,0.108335,South,Princess Royal (PRUH),4.17,Darent Valley,11.68,Princess Royal (PRUH),4.17,Kings College Hospital,16.52
BR52BL,51.388679,0.104306,South,Princess Royal (PRUH),4.01,Darent Valley,11.89,Princess Royal (PRUH),4.01,Kings College Hospital,16.23
BR52BN,51.388955,0.102478,South,Princess Royal (PRUH),3.93,Darent Valley,11.99,Princess Royal (PRUH),3.93,Kings College Hospital,16.11
BR52BP,51.389569,0.098855,South,Princess Royal (PRUH),3.79,Darent Valley,12.19,Princess Royal (PRUH),3.79,Kings College Hospital,15.86
BR52BQ,51.385415,0.106786,South,Princess Royal (PRUH),3.92,Darent Valley,11.9,Princess Royal (PRUH),3.92,Kings College Hospital,16.57
BR52BS,51.388322,0.098669,South,Princess Royal (PRUH),3.69,Darent Valley,12.26,Princess Royal (PRUH),3.69,Kings College Hospital,15.93
BR52BT,51.387459,0.103157,South,Princess Royal (PRUH),3.86,Darent Valley,12.02,Princess Royal (PRUH),3.86,Kings College Hospital,16.24
BR52BU,51.387592,0.102746,South,Princess Royal (PRUH),3.84,Darent Valley,12.04,Princess Royal (PRUH),3.84,Kings College Hospital,16.21
BR52BW,51.389041,0.100197,South,Princess Royal (PRUH),3.82,Darent Valley,12.13,Princess Royal (PRUH),3.82,Kings College Hospital,15.97
BR52BX,51.387523,0.104109,South,Princess Royal (PRUH),3.91,Darent Valley,11.96,Princess Royal (PRUH),3.91,Kings College Hospital,16.29
BR52BY,51.387068,0.105885,South,Princess Royal (PRUH),3.98,Darent Valley,11.87,Princess Royal (PRUH),3.98,Kings College Hospital,16.42
BR52BZ,51.387229,0.105475,South,Princess Royal (PRUH),3.97,Darent Valley,11.89,Princess Royal (PRUH),3.97,Kings College Hospital,16.39
BR52DA,51.387791,0.107197,South,Princess Royal (PRUH),4.1,Darent Valley,11.75,Princess Royal (PRUH),4.1,Kings College Hospital,16.45
BR52DB,51.388165,0.106912,South,Princess Royal (PRUH),4.11,Darent Valley,11.75,Princess Royal (PRUH),4.11,Kings College Hospital,16.41
BR52DD,51.389854,0.106473,South,Princess Royal (PRUH),4.2,Darent Valley,11.7,Princess Royal (PRUH),4.2,Kings College Hospital,16.29
BR52DE,51.3907,0.105448,South,Princess Royal (PRUH),4.21,Darent Valley,11.72,Princess Royal (PRUH),4.21,Kings College Hospital,16.18
BR52DF,51.390922,0.103144,South,Princess Royal (PRUH),4.11,Darent Valley,11.86,Princess Royal (PRUH),4.11,Kings College Hospital,16.03
BR52DG,51.389405,0.104986,South,Princess Royal (PRUH),4.09,Darent Valley,11.81,Princess Royal (PRUH),4.09,Kings College Hospital,16.23
BR52DH,51.388353,0.106979,South,Princess Royal (PRUH),4.13,Darent Valley,11.74,Princess Royal (PRUH),4.13,Kings College Hospital,16.41
BR52DJ,51.388654,0.105742,South,Princess Royal (PRUH),4.08,Darent Valley,11.8,Princess Royal (PRUH),4.08,Kings College Hospital,16.32
BR52DL,51.390608,0.102569,South,Princess Royal (PRUH),4.06,Darent Valley,11.91,Princess Royal (PRUH),4.06,Kings College Hospital,16.01
BR52DN,51.390325,0.102326,South,Princess Royal (PRUH),4.02,Darent Valley,11.94,Princess Royal (PRUH),4.02,Kings College Hospital,16.02
BR52DP,51.389206,0.094527,South,Princess Royal (PRUH),3.55,Darent Valley,12.48,Princess Royal (PRUH),3.55,Kings College Hospital,15.63
BR52DQ,51.390011,0.101291,South,Princess Royal (PRUH),3.95,Darent Valley,12.02,Princess Royal (PRUH),3.95,Kings College Hospital,15.97
BR52DR,51.389896,0.094616,South,Princess Royal (PRUH),3.62,Darent Valley,12.44,Princess Royal (PRUH),3.62,Kings College Hospital,15.6
BR52DS,51.3883,0.093364,South,Princess Royal (PRUH),3.43,Darent Valley,12.6,Princess Royal (PRUH),3.43,Kings College Hospital,15.62
BR52DT,51.403879,0.104212,South,Princess Royal (PRUH),5.25,Darent Valley,11.26,Princess Royal (PRUH),5.25,Kings College Hospital,15.37
BR52DU,51.388842,0.095761,South,Princess Royal (PRUH),3.58,Darent Valley,12.42,Princess Royal (PRUH),3.58,Kings College Hospital,15.73
BR52DW,51.390166,0.105179,South,Princess Royal (PRUH),4.16,Darent Valley,11.76,Princess Royal (PRUH),4.16,Kings College Hospital,16.19
BR52DX,51.388887,0.095245,South,Princess Royal (PRUH),3.56,Darent Valley,12.45,Princess Royal (PRUH),3.56,Kings College Hospital,15.69
BR52DY,51.389873,0.099933,South,Princess Royal (PRUH),3.87,Darent Valley,12.11,Princess Royal (PRUH),3.87,Kings College Hospital,15.9
BR52DZ,51.389297,0.103472,South,Princess Royal (PRUH),4.01,Darent Valley,11.91,Princess Royal (PRUH),4.01,Kings College Hospital,16.14
BR52EA,51.408289,0.104515,South,Princess Royal (PRUH),5.66,Darent Valley,11.1,Princess Royal (PRUH),5.66,Kings College Hospital,15.16
BR52EB,51.390469,0.100305,South,Princess Royal (PRUH),3.93,Darent Valley,12.06,Princess Royal (PRUH),3.93,Kings College Hospital,15.89
BR52ED,51.389921,0.108287,South,Princess Royal (PRUH),4.31,Darent Valley,11.58,Princess Royal (PRUH),4.31,Kings College Hospital,16.39
BR52EE,51.389835,0.107579,South,Princess Royal (PRUH),4.26,Darent Valley,11.63,Princess Royal (PRUH),4.26,Kings College Hospital,16.35
BR52EF,51.389647,0.106981,South,Princess Royal (PRUH),4.22,Darent Valley,11.68,Princess Royal (PRUH),4.22,Kings College Hospital,16.33
BR52EG,51.392517,0.105459,South,Princess Royal (PRUH),4.35,Darent Valley,11.64,Princess Royal (PRUH),4.35,Kings College Hospital,16.07
BR52EH,51.392427,0.106921,South,Princess Royal (PRUH),4.42,Darent Valley,11.55,Princess Royal (PRUH),4.42,Kings College Hospital,16.16
BR52EJ,51.393312,0.107235,South,Princess Royal (PRUH),4.5,Darent Valley,11.49,Princess Royal (PRUH),4.5,Kings College Hospital,16.13
BR52EL,51.401244,0.107686,South,Princess Royal (PRUH),5.16,Darent Valley,11.13,Princess Royal (PRUH),5.16,Kings College Hospital,15.72
BR52EN,51.392961,0.104243,South,Princess Royal (PRUH),4.32,Darent Valley,11.69,Princess Royal (PRUH),4.32,Kings College Hospital,15.97
BR52EP,51.392249,0.103823,South,Princess Royal (PRUH),4.25,Darent Valley,11.75,Princess Royal (PRUH),4.25,Kings College Hospital,15.99
BR52EQ,51.391358,0.104385,South,Princess Royal (PRUH),4.21,Darent Valley,11.76,Princess Royal (PRUH),4.21,Kings College Hospital,16.07
BR52ER,51.393597,0.104359,South,Princess Royal (PRUH),4.38,Darent Valley,11.66,Princess Royal (PRUH),4.38,Kings College Hospital,15.94
BR52ES,51.393884,0.101914,South,Princess Royal (PRUH),4.28,Darent Valley,11.8,Princess Royal (PRUH),4.28,Kings College Hospital,15.78
BR52ET,51.393109,0.100009,South,Princess Royal (PRUH),4.13,Darent Valley,11.96,Princess Royal (PRUH),4.13,Kings College Hospital,15.71
BR52EU,51.393616,0.100306,South,Princess Royal (PRUH),4.19,Darent Valley,11.92,Princess Royal (PRUH),4.19,Kings College Hospital,15.7
BR52EW,51.392686,0.104044,South,Princess Royal (PRUH),4.29,Darent Valley,11.72,Princess Royal (PRUH),4.29,Kings College Hospital,15.98
BR52EX,51.393063,0.102595,South,Princess Royal (PRUH),4.25,Darent Valley,11.79,Princess Royal (PRUH),4.25,Kings College Hospital,15.87
BR52EY,51.391674,0.105291,South,Princess Royal (PRUH),4.28,Darent Valley,11.69,Princess Royal (PRUH),4.28,Kings College Hospital,16.11
BR52EZ,51.392129,0.105513,South,Princess Royal (PRUH),4.32,Darent Valley,11.65,Princess Royal (PRUH),4.32,Kings College Hospital,16.09
BR52FA,51.388256,0.106356,South,Princess Royal (PRUH),4.09,Darent Valley,11.78,Princess Royal (PRUH),4.09,Kings College Hospital,16.38
BR52FB,51.399366,0.104638,South,Princess Royal (PRUH),4.87,Darent Valley,11.4,Princess Royal (PRUH),4.87,Kings College Hospital,15.63
BR52FD,51.406452,0.104647,South,Princess Royal (PRUH),5.5,Darent Valley,11.15,Princess Royal (PRUH),5.5,Kings College Hospital,15.26
BR52FE,51.406272,0.104624,South,Princess Royal (PRUH),5.48,Darent Valley,11.15,Princess Royal (PRUH),5.48,Kings College Hospital,15.27
BR52FF,51.399386,0.104006,South,Princess Royal (PRUH),4.84,Darent Valley,11.44,Princess Royal (PRUH),4.84,Kings College Hospital,15.59
BR52FG,51.38574,0.105263,South,Princess Royal (PRUH),3.86,Darent Valley,11.98,Princess Royal (PRUH),3.86,Kings College Hospital,16.47
BR52FH,51.389221,0.10617,South,Princess Royal (PRUH),4.14,Darent Valley,11.75,Princess Royal (PRUH),4.14,Kings College Hospital,16.31
BR52FJ,51.3861,0.102721,South,Princess Royal (PRUH),3.74,Darent Valley,12.12,Princess Royal (PRUH),3.74,Kings College Hospital,16.3
BR52FL,51.385817,0.102967,South,Princess Royal (PRUH),3.73,Darent Valley,12.12,Princess Royal (PRUH),3.73,Kings College Hospital,16.33
BR52FN,51.385716,0.103552,South,Princess Royal (PRUH),3.76,Darent Valley,12.08,Princess Royal (PRUH),3.76,Kings College Hospital,16.37
BR52FP,51.40009,0.111831,South,Princess Royal (PRUH),5.26,Darent Valley,10.9,Princess Royal (PRUH),5.26,Kings College Hospital,16.03
BR52GA,51.398683,0.105124,South,Princess Royal (PRUH),4.83,Darent Valley,11.4,Princess Royal (PRUH),4.83,Kings College Hospital,15.7
BR52GL,51.37683,0.099164,South,Princess Royal (PRUH),2.99,Darent Valley,12.83,Princess Royal (PRUH),2.99,Kings College Hospital,16.7
BR52GY,51.393524,0.098433,South,Princess Royal (PRUH),4.09,Darent Valley,12.04,Princess Royal (PRUH),4.09,Kings College Hospital,15.6
BR52HA,51.395958,0.10763,South,Princess Royal (PRUH),4.72,Darent Valley,11.35,Princess Royal (PRUH),4.72,Kings College Hospital,16.0
BR52HB,51.392699,0.107796,South,Princess Royal (PRUH),4.48,Darent Valley,11.48,Princess Royal (PRUH),4.48,Kings College Hospital,16.2
BR52HD,51.391065,0.105651,South,Princess Royal (PRUH),4.25,Darent Valley,11.69,Princess Royal (PRUH),4.25,Kings College Hospital,16.17
BR52HE,51.390622,0.107284,South,Princess Royal (PRUH),4.3,Darent Valley,11.61,Princess Royal (PRUH),4.3,Kings College Hospital,16.29
BR52HF,51.391193,0.106534,South,Princess Royal (PRUH),4.3,Darent Valley,11.63,Princess Royal (PRUH),4.3,Kings College Hospital,16.21
BR52HG,51.393544,0.105348,South,Princess Royal (PRUH),4.42,Darent Valley,11.6,Princess Royal (PRUH),4.42,Kings College Hospital,16.0
BR52HH,51.394302,0.104679,South,Princess Royal (PRUH),4.45,Darent Valley,11.61,Princess Royal (PRUH),4.45,Kings College Hospital,15.92
BR52HJ,51.39423,0.099184,South,Princess Royal (PRUH),4.19,Darent Valley,11.96,Princess Royal (PRUH),4.19,Kings College Hospital,15.6
BR52HL,51.394506,0.096321,South,Princess Royal (PRUH),4.08,Darent Valley,12.13,Princess Royal (PRUH),4.08,Kings College Hospital,15.41
BR52HN,51.39423,0.094167,South,Princess Royal (PRUH),3.97,Darent Valley,12.28,Princess Royal (PRUH),3.97,Kings College Hospital,15.3
BR52HP,51.393726,0.098183,South,Princess Royal (PRUH),4.1,Darent Valley,12.05,Princess Royal (PRUH),4.1,Kings College Hospital,15.57
BR52HQ,51.394056,0.098328,South,Princess Royal (PRUH),4.13,Darent Valley,12.02,Princess Royal (PRUH),4.13,Kings College Hospital,15.56
BR52HR,51.393595,0.098005,South,Princess Royal (PRUH),4.08,Darent Valley,12.06,Princess Royal (PRUH),4.08,Kings College Hospital,15.57
BR52HS,51.393064,0.09752,South,Princess Royal (PRUH),4.01,Darent Valley,12.12,Princess Royal (PRUH),4.01,Kings College Hospital,15.57
BR52HT,51.395785,0.106702,South,Princess Royal (PRUH),4.67,Darent Valley,11.41,Princess Royal (PRUH),4.67,Kings College Hospital,15.96
BR52HU,51.392806,0.097365,South,Princess Royal (PRUH),3.98,Darent Valley,12.14,Princess Royal (PRUH),3.98,Kings College Hospital,15.58
BR52HW,51.394514,0.093389,South,Princess Royal (PRUH),3.96,Darent Valley,12.32,Princess Royal (PRUH),3.96,Kings College Hospital,15.24
BR52HX,51.392335,0.09605,South,Princess Royal (PRUH),3.89,Darent Valley,12.24,Princess Royal (PRUH),3.89,Kings College Hospital,15.53
BR52HY,51.392684,0.098624,South,Princess Royal (PRUH),4.03,Darent Valley,12.06,Princess Royal (PRUH),4.03,Kings College Hospital,15.66
BR52HZ,51.39243,0.096773,South,Princess Royal (PRUH),3.93,Darent Valley,12.19,Princess Royal (PRUH),3.93,Kings College Hospital,15.56
BR52JA,51.392818,0.093657,South,Princess Royal (PRUH),3.82,Darent Valley,12.38,Princess Royal (PRUH),3.82,Kings College Hospital,15.36
BR52JB,51.393086,0.094273,South,Princess Royal (PRUH),3.87,Darent Valley,12.33,Princess Royal (PRUH),3.87,Kings College Hospital,15.38
BR52JD,51.391199,0.097205,South,Princess Royal (PRUH),3.84,Darent Valley,12.22,Princess Royal (PRUH),3.84,Kings College Hospital,15.66
BR52JE,51.393402,0.094718,South,Princess Royal (PRUH),3.92,Darent Valley,12.28,Princess Royal (PRUH),3.92,Kings College Hospital,15.39
BR52JF,51.393868,0.094265,South,Princess Royal (PRUH),3.94,Darent Valley,12.29,Princess Royal (PRUH),3.94,Kings College Hospital,15.33
BR52JG,51.392986,0.095821,South,Princess Royal (PRUH),3.93,Darent Valley,12.23,Princess Royal (PRUH),3.93,Kings College Hospital,15.48
BR52JH,51.402868,0.110924,South,Princess Royal (PRUH),5.45,Darent Valley,10.86,Princess Royal (PRUH),5.45,Kings College Hospital,15.83
BR52JJ,51.403242,0.108108,South,Princess Royal (PRUH),5.35,Darent Valley,11.03,Princess Royal (PRUH),5.35,Kings College Hospital,15.64
BR52JL,51.402858,0.106466,South,Princess Royal (PRUH),5.25,Darent Valley,11.15,Princess Royal (PRUH),5.25,Kings College Hospital,15.56
BR52JN,51.402796,0.106923,South,Princess Royal (PRUH),5.26,Darent Valley,11.12,Princess Royal (PRUH),5.26,Kings College Hospital,15.59
BR52JP,51.402718,0.108746,South,Princess Royal (PRUH),5.34,Darent Valley,11.0,Princess Royal (PRUH),5.34,Kings College Hospital,15.7
BR52JQ,51.393147,0.095368,South,Princess Royal (PRUH),3.93,Darent Valley,12.25,Princess Royal (PRUH),3.93,Kings College Hospital,15.44
BR52JR,51.404201,0.111776,South,Princess Royal (PRUH),5.6,Darent Valley,10.75,Princess Royal (PRUH),5.6,Kings College Hospital,15.82
BR52JS,51.402285,0.107346,South,Princess Royal (PRUH),5.24,Darent Valley,11.11,Princess Royal (PRUH),5.24,Kings College Hospital,15.64
BR52JT,51.401434,0.106631,South,Princess Royal (PRUH),5.13,Darent Valley,11.19,Princess Royal (PRUH),5.13,Kings College Hospital,15.64
BR52JU,51.400464,0.106083,South,Princess Royal (PRUH),5.03,Darent Valley,11.26,Princess Royal (PRUH),5.03,Kings College Hospital,15.66
BR52JW,51.401999,0.1067,South,Princess Royal (PRUH),5.19,Darent Valley,11.17,Princess Royal (PRUH),5.19,Kings College Hospital,15.62
BR52JX,51.39889,0.108081,South,Princess Royal (PRUH),4.98,Darent Valley,11.2,Princess Royal (PRUH),4.98,Kings College Hospital,15.87
BR52JY,51.398924,0.106688,South,Princess Royal (PRUH),4.92,Darent Valley,11.28,Princess Royal (PRUH),4.92,Kings College Hospital,15.78
BR52JZ,51.39862,0.107609,South,Princess Royal (PRUH),4.94,Darent Valley,11.24,Princess Royal (PRUH),4.94,Kings College Hospital,15.85
BR52LA,51.406282,0.102568,South,Princess Royal (PRUH),5.4,Darent Valley,11.29,Princess Royal (PRUH),5.4,Kings College Hospital,15.14
BR52LB,51.400625,0.105098,South,Princess Royal (PRUH),5.0,Darent Valley,11.32,Princess Royal (PRUH),5.0,Kings College Hospital,15.59
BR52LD,51.399813,0.102746,South,Princess Royal (PRUH),4.82,Darent Valley,11.51,Princess Royal (PRUH),4.82,Kings College Hospital,15.49
BR52LE,51.397505,0.107586,South,Princess Royal (PRUH),4.85,Darent Valley,11.28,Princess Royal (PRUH),4.85,Kings College Hospital,15.91
BR52LF,51.396869,0.108966,South,Princess Royal (PRUH),4.86,Darent Valley,11.22,Princess Royal (PRUH),4.86,Kings College Hospital,16.03
BR52LG,51.396209,0.111638,South,Princess Royal (PRUH),4.94,Darent Valley,11.08,Princess Royal (PRUH),4.94,Kings College Hospital,16.23
BR52LH,51.396972,0.111199,South,Princess Royal (PRUH),4.98,Darent Valley,11.07,Princess Royal (PRUH),4.98,Kings College Hospital,16.16
BR52LJ,51.395672,0.107516,South,Princess Royal (PRUH),4.7,Darent Valley,11.37,Princess Royal (PRUH),4.7,Kings College Hospital,16.01
BR52LL,51.395473,0.107579,South,Princess Royal (PRUH),4.68,Darent Valley,11.37,Princess Royal (PRUH),4.68,Kings College Hospital,16.03
BR52LN,51.396932,0.107473,South,Princess Royal (PRUH),4.8,Darent Valley,11.32,Princess Royal (PRUH),4.8,Kings College Hospital,15.94
BR52LP,51.396845,0.106779,South,Princess Royal (PRUH),4.76,Darent Valley,11.36,Princess Royal (PRUH),4.76,Kings College Hospital,15.9
BR52LQ,51.396028,0.110221,South,Princess Royal (PRUH),4.86,Darent Valley,11.18,Princess Royal (PRUH),4.86,Kings College Hospital,16.15
BR52LR,51.399402,0.105646,South,Princess Royal (PRUH),4.92,Darent Valley,11.33,Princess Royal (PRUH),4.92,Kings College Hospital,15.69
BR52LS,51.399937,0.103385,South,Princess Royal (PRUH),4.86,Darent Valley,11.46,Princess Royal (PRUH),4.86,Kings College Hospital,15.53
BR52LT,51.399836,0.101985,South,Princess Royal (PRUH),4.79,Darent Valley,11.55,Princess Royal (PRUH),4.79,Kings College Hospital,15.45
BR52LU,51.398768,0.101879,South,Princess Royal (PRUH),4.7,Darent Valley,11.6,Princess Royal (PRUH),4.7,Kings College Hospital,15.5
BR52LW,51.396099,0.106759,South,Princess Royal (PRUH),4.69,Darent Valley,11.4,Princess Royal (PRUH),4.69,Kings College Hospital,15.94
BR52LX,51.398229,0.101365,South,Princess Royal (PRUH),4.63,Darent Valley,11.66,Princess Royal (PRUH),4.63,Kings College Hospital,15.5
BR52LY,51.399587,0.100335,South,Princess Royal (PRUH),4.7,Darent Valley,11.67,Princess Royal (PRUH),4.7,Kings College Hospital,15.36
BR52LZ,51.399059,0.100685,South,Princess Royal (PRUH),4.67,Darent Valley,11.67,Princess Royal (PRUH),4.67,Kings College Hospital,15.41
BR52NA,51.398073,0.102508,South,Princess Royal (PRUH),4.66,Darent Valley,11.59,Princess Royal (PRUH),4.66,Kings College Hospital,15.58
BR52NB,51.39498,0.107988,South,Princess Royal (PRUH),4.67,Darent Valley,11.37,Princess Royal (PRUH),4.67,Kings College Hospital,16.08
BR52ND,51.406731,0.103639,South,Princess Royal (PRUH),5.49,Darent Valley,11.2,Princess Royal (PRUH),5.49,Kings College Hospital,15.18
BR52NE,51.397228,0.105,South,Princess Royal (PRUH),4.7,Darent Valley,11.46,Princess Royal (PRUH),4.7,Kings College Hospital,15.77
BR52NF,51.396327,0.105605,South,Princess Royal (PRUH),4.66,Darent Valley,11.46,Princess Royal (PRUH),4.66,Kings College Hospital,15.86
BR52NG,51.397553,0.104914,South,Princess Royal (PRUH),4.73,Darent Valley,11.45,Princess Royal (PRUH),4.73,Kings College Hospital,15.75
BR52NH,51.397707,0.101845,South,Princess Royal (PRUH),4.6,Darent Valley,11.65,Princess Royal (PRUH),4.6,Kings College Hospital,15.56
BR52NJ,51.395308,0.103747,South,Princess Royal (PRUH),4.49,Darent Valley,11.62,Princess Royal (PRUH),4.49,Kings College Hospital,15.81
BR52NL,51.395582,0.103501,South,Princess Royal (PRUH),4.5,Darent Valley,11.63,Princess Royal (PRUH),4.5,Kings College Hospital,15.78
BR52NN,51.395377,0.100904,South,Princess Royal (PRUH),4.36,Darent Valley,11.8,Princess Royal (PRUH),4.36,Kings College Hospital,15.63
BR52NP,51.396444,0.097057,South,Princess Royal (PRUH),4.29,Darent Valley,12.01,Princess Royal (PRUH),4.29,Kings College Hospital,15.34
BR52NQ,51.397628,0.100748,South,Princess Royal (PRUH),4.55,Darent Valley,11.72,Princess Royal (PRUH),4.55,Kings College Hospital,15.5
BR52NR,51.396792,0.097245,South,Princess Royal (PRUH),4.33,Darent Valley,11.98,Princess Royal (PRUH),4.33,Kings College Hospital,15.33
BR52NS,51.396081,0.095229,South,Princess Royal (PRUH),4.18,Darent Valley,12.14,Princess Royal (PRUH),4.18,Kings College Hospital,15.26
BR52NT,51.395384,0.097526,South,Princess Royal (PRUH),4.21,Darent Valley,12.02,Princess Royal (PRUH),4.21,Kings College Hospital,15.43
BR52NU,51.395697,0.097583,South,Princess Royal (PRUH),4.24,Darent Valley,12.0,Princess Royal (PRUH),4.24,Kings College Hospital,15.42
BR52NW,51.395861,0.100495,South,Princess Royal (PRUH),4.38,Darent Valley,11.81,Princess Royal (PRUH),4.38,Kings College Hospital,15.58
BR52NX,51.396008,0.096318,South,Princess Royal (PRUH),4.22,Darent Valley,12.07,Princess Royal (PRUH),4.22,Kings College Hospital,15.33
BR52NY,51.395955,0.101779,South,Princess Royal (PRUH),4.45,Darent Valley,11.72,Princess Royal (PRUH),4.45,Kings College Hospital,15.65
BR52NZ,51.396641,0.099136,South,Princess Royal (PRUH),4.39,Darent Valley,11.86,Princess Royal (PRUH),4.39,Kings College Hospital,15.46
BR52PA,51.396668,0.100632,South,Princess Royal (PRUH),4.46,Darent Valley,11.77,Princess Royal (PRUH),4.46,Kings College Hospital,15.54
BR52PB,51.397212,0.099378,South,Princess Royal (PRUH),4.45,Darent Valley,11.83,Princess Royal (PRUH),4.45,Kings College Hospital,15.44
BR52PD,51.396994,0.1,South,Princess Royal (PRUH),4.46,Darent Valley,11.79,Princess Royal (PRUH),4.46,Kings College Hospital,15.49
BR52PE,51.397305,0.100719,South,Princess Royal (PRUH),4.52,Darent Valley,11.74,Princess Royal (PRUH),4.52,Kings College Hospital,15.51
BR52PF,51.396966,0.100546,South,Princess Royal (PRUH),4.48,Darent Valley,11.76,Princess Royal (PRUH),4.48,Kings College Hospital,15.52
BR52PG,51.396017,0.105304,South,Princess Royal (PRUH),4.62,Darent Valley,11.49,Princess Royal (PRUH),4.62,Kings College Hospital,15.86
BR52PH,51.39668,0.100949,South,Princess Royal (PRUH),4.47,Darent Valley,11.75,Princess Royal (PRUH),4.47,Kings College Hospital,15.56
BR52PJ,51.396492,0.108891,South,Princess Royal (PRUH),4.83,Darent Valley,11.24,Princess Royal (PRUH),4.83,Kings College Hospital,16.05
BR52PL,51.402405,0.106129,South,Princess Royal (PRUH),5.2,Darent Valley,11.19,Princess Royal (PRUH),5.2,Kings College Hospital,15.56
BR52PN,51.401852,0.105413,South,Princess Royal (PRUH),5.12,Darent Valley,11.25,Princess Royal (PRUH),5.12,Kings College Hospital,15.55
BR52PP,51.403029,0.105971,South,Princess Royal (PRUH),5.24,Darent Valley,11.18,Princess Royal (PRUH),5.24,Kings College Hospital,15.52
BR52PQ,51.395621,0.105343,South,Princess Royal (PRUH),4.59,Darent Valley,11.51,Princess Royal (PRUH),4.59,Kings College Hospital,15.88
BR52PR,51.395901,0.108303,South,Princess Royal (PRUH),4.75,Darent Valley,11.31,Princess Royal (PRUH),4.75,Kings College Hospital,16.04
BR52PS,51.402837,0.104121,South,Princess Royal (PRUH),5.15,Darent Valley,11.3,Princess Royal (PRUH),5.15,Kings College Hospital,15.41
BR52PT,51.402632,0.104515,South,Princess Royal (PRUH),5.15,Darent Valley,11.29,Princess Royal (PRUH),5.15,Kings College Hospital,15.45
BR52PU,51.401594,0.103763,South,Princess Royal (PRUH),5.02,Darent Valley,11.37,Princess Royal (PRUH),5.02,Kings College Hospital,15.46
BR52PW,51.401287,0.10579,South,Princess Royal (PRUH),5.08,Darent Valley,11.25,Princess Royal (PRUH),5.08,Kings College Hospital,15.6
BR52PX,51.395682,0.10894,South,Princess Royal (PRUH),4.77,Darent Valley,11.27,Princess Royal (PRUH),4.77,Kings College Hospital,16.1
BR52PY,51.400664,0.102958,South,Princess Royal (PRUH),4.91,Darent Valley,11.46,Princess Royal (PRUH),4.91,Kings College Hospital,15.46
BR52PZ,51.402558,0.103131,South,Princess Royal (PRUH),5.08,Darent Valley,11.38,Princess Royal (PRUH),5.08,Kings College Hospital,15.37
BR52QA,51.401709,0.097355,South,Princess Royal (PRUH),4.78,Darent Valley,11.79,Princess Royal (PRUH),4.78,Kings College Hospital,15.06
BR52QB,51.40236,0.096652,South,Princess Royal (PRUH),4.81,Darent Valley,11.81,Princess Royal (PRUH),4.81,Kings College Hospital,14.99
BR52QD,51.400284,0.097578,South,Princess Royal (PRUH),4.66,Darent Valley,11.83,Princess Royal (PRUH),4.66,Kings College Hospital,15.16
BR52QE,51.400342,0.098831,South,Princess Royal (PRUH),4.71,Darent Valley,11.74,Princess Royal (PRUH),4.71,Kings College Hospital,15.23
BR52QF,51.401498,0.095577,South,Princess Royal (PRUH),4.69,Darent Valley,11.91,Princess Royal (PRUH),4.69,Kings College Hospital,14.97
BR52QG,51.402187,0.095752,South,Princess Royal (PRUH),4.77,Darent Valley,11.88,Princess Royal (PRUH),4.77,Kings College Hospital,14.94
BR52QH,51.408774,0.11052,South,Princess Royal (PRUH),5.94,Darent Valley,10.68,Princess Royal (PRUH),5.94,Kings College Hospital,15.51
BR52QJ,51.409276,0.1106,South,Princess Royal (PRUH),5.99,Darent Valley,10.66,Princess Royal (PRUH),5.99,Kings College Hospital,15.49
BR52QL,51.409098,0.106508,South,Princess Royal (PRUH),5.81,Darent Valley,10.94,Princess Royal (PRUH),5.81,Kings College Hospital,15.25
BR52QN,51.408606,0.107391,South,Princess Royal (PRUH),5.8,Darent Valley,10.9,Princess Royal (PRUH),5.8,Kings College Hospital,15.33
BR52QP,51.396461,0.095649,South,Princess Royal (PRUH),4.23,Darent Valley,12.1,Princess Royal (PRUH),4.23,Kings College Hospital,15.26
BR52QQ,51.400141,0.098506,South,Princess Royal (PRUH),4.68,Darent Valley,11.77,Princess Royal (PRUH),4.68,Kings College Hospital,15.22
BR52QR,51.405798,0.103495,South,Princess Royal (PRUH),5.39,Darent Valley,11.24,Princess Royal (PRUH),5.39,Kings College Hospital,15.22
BR52QS,51.407643,0.104917,South,Princess Royal (PRUH),5.62,Darent Valley,11.09,Princess Royal (PRUH),5.62,Kings College Hospital,15.22
BR52QT,51.40723,0.104898,South,Princess Royal (PRUH),5.58,Darent Valley,11.11,Princess Royal (PRUH),5.58,Kings College Hospital,15.24
BR52QU,51.406809,0.104764,South,Princess Royal (PRUH),5.54,Darent Valley,11.13,Princess Royal (PRUH),5.54,Kings College Hospital,15.25
BR52QW,51.408533,0.105447,South,Princess Royal (PRUH),5.72,Darent Valley,11.03,Princess Royal (PRUH),5.72,Kings College Hospital,15.21
BR52QX,51.406277,0.101864,South,Princess Royal (PRUH),5.38,Darent Valley,11.34,Princess Royal (PRUH),5.38,Kings College Hospital,15.1
BR52QY,51.40507,0.106007,South,Princess Royal (PRUH),5.43,Darent Valley,11.1,Princess Royal (PRUH),5.43,Kings College Hospital,15.42
BR52QZ,51.40526,0.106389,South,Princess Royal (PRUH),5.46,Darent Valley,11.07,Princess Royal (PRUH),5.46,Kings College Hospital,15.43
BR52RA,51.404519,0.105104,South,Princess Royal (PRUH),5.34,Darent Valley,11.18,Princess Royal (PRUH),5.34,Kings College Hospital,15.39
BR52RB,51.40367,0.106302,South,Princess Royal (PRUH),5.31,Darent Valley,11.13,Princess Royal (PRUH),5.31,Kings College Hospital,15.5
BR52RD,51.404124,0.105604,South,Princess Royal (PRUH),5.33,Darent Valley,11.16,Princess Royal (PRUH),5.33,Kings College Hospital,15.44
BR52RE,51.406646,0.105375,South,Princess Royal (PRUH),5.54,Darent Valley,11.09,Princess Royal (PRUH),5.54,Kings College Hospital,15.3
BR52RF,51.405387,0.105331,South,Princess Royal (PRUH),5.43,Darent Valley,11.14,Princess Royal (PRUH),5.43,Kings College Hospital,15.36
BR52RG,51.403974,0.104907,South,Princess Royal (PRUH),5.28,Darent Valley,11.21,Princess Royal (PRUH),5.28,Kings College Hospital,15.4
BR52RH,51.407488,0.102048,South,Princess Royal (PRUH),5.5,Darent Valley,11.29,Princess Royal (PRUH),5.5,Kings College Hospital,15.05
BR52RJ,51.404603,0.099918,South,Princess Royal (PRUH),5.15,Darent Valley,11.52,Princess Royal (PRUH),5.15,Kings College Hospital,15.07
BR52RL,51.406023,0.096977,South,Princess Royal (PRUH),5.18,Darent Valley,11.67,Princess Royal (PRUH),5.18,Kings College Hospital,14.81
BR52RN,51.406277,0.097377,South,Princess Royal (PRUH),5.21,Darent Valley,11.64,Princess Royal (PRUH),5.21,Kings College Hospital,14.82
BR52RP,51.407598,0.097898,South,Princess Royal (PRUH),5.36,Darent Valley,11.56,Princess Royal (PRUH),5.36,Kings College Hospital,14.79
BR52RQ,51.403644,0.105266,South,Princess Royal (PRUH),5.27,Darent Valley,11.2,Princess Royal (PRUH),5.27,Kings College Hospital,15.44
BR52RR,51.407277,0.098257,South,Princess Royal (PRUH),5.34,Darent Valley,11.55,Princess Royal (PRUH),5.34,Kings College Hospital,14.82
BR52RS,51.406212,0.098467,South,Princess Royal (PRUH),5.25,Darent Valley,11.57,Princess Royal (PRUH),5.25,Kings College Hospital,14.89
BR52RT,51.406821,0.098596,South,Princess Royal (PRUH),5.31,Darent Valley,11.54,Princess Royal (PRUH),5.31,Kings College Hospital,14.87
BR52RU,51.407669,0.09944,South,Princess Royal (PRUH),5.42,Darent Valley,11.46,Princess Royal (PRUH),5.42,Kings College Hospital,14.88
BR52RW,51.405048,0.099694,South,Princess Royal (PRUH),5.18,Darent Valley,11.52,Princess Royal (PRUH),5.18,Kings College Hospital,15.03
BR52RX,51.406796,0.100493,South,Princess Royal (PRUH),5.37,Darent Valley,11.41,Princess Royal (PRUH),5.37,Kings College Hospital,14.99
BR52RY,51.405519,0.100492,South,Princess Royal (PRUH),5.25,Darent Valley,11.45,Princess Royal (PRUH),5.25,Kings College Hospital,15.05
BR52RZ,51.408077,0.103298,South,Princess Royal (PRUH),5.6,Darent Valley,11.19,Princess Royal (PRUH),5.6,Kings College Hospital,15.1
BR52SA,51.405696,0.099191,South,Princess Royal (PRUH),5.22,Darent Valley,11.53,Princess Royal (PRUH),5.22,Kings College Hospital,14.96
BR52SB,51.406044,0.098833,South,Princess Royal (PRUH),5.24,Darent Valley,11.55,Princess Royal (PRUH),5.24,Kings College Hospital,14.92
BR52SD,51.404184,0.099755,South,Princess Royal (PRUH),5.1,Darent Valley,11.55,Princess Royal (PRUH),5.1,Kings College Hospital,15.08
BR52SE,51.404034,0.100582,South,Princess Royal (PRUH),5.12,Darent Valley,11.5,Princess Royal (PRUH),5.12,Kings College Hospital,15.14
BR52SF,51.403843,0.10017,South,Princess Royal (PRUH),5.08,Darent Valley,11.53,Princess Royal (PRUH),5.08,Kings College Hospital,15.12
BR52SG,51.404215,0.098031,South,Princess Royal (PRUH),5.04,Darent Valley,11.66,Princess Royal (PRUH),5.04,Kings College Hospital,14.97
BR52SH,51.405691,0.094906,South,Princess Royal (PRUH),5.07,Darent Valley,11.82,Princess Royal (PRUH),5.07,Kings College Hospital,14.7
BR52SJ,51.405838,0.09625,South,Princess Royal (PRUH),5.13,Darent Valley,11.72,Princess Royal (PRUH),5.13,Kings College Hospital,14.78
BR52SL,51.405509,0.096566,South,Princess Royal (PRUH),5.11,Darent Valley,11.71,Princess Royal (PRUH),5.11,Kings College Hospital,14.81
BR52SN,51.404764,0.097998,South,Princess Royal (PRUH),5.09,Darent Valley,11.64,Princess Royal (PRUH),5.09,Kings College Hospital,14.94
BR52SP,51.401379,0.090669,South,Princess Royal (PRUH),4.51,Darent Valley,12.24,Princess Royal (PRUH),4.51,Kings College Hospital,14.68
BR52SQ,51.404679,0.096211,South,Princess Royal (PRUH),5.02,Darent Valley,11.76,Princess Royal (PRUH),5.02,Kings College Hospital,14.83
BR52SR,51.403371,0.089868,South,Princess Royal (PRUH),4.68,Darent Valley,12.23,Princess Royal (PRUH),4.68,Kings College Hospital,14.52
BR52SS,51.405853,0.094424,South,Princess Royal (PRUH),5.07,Darent Valley,11.85,Princess Royal (PRUH),5.07,Kings College Hospital,14.66
BR52ST,51.407308,0.099064,South,Princess Royal (PRUH),5.37,Darent Valley,11.49,Princess Royal (PRUH),5.37,Kings College Hospital,14.87
BR52SU,51.406445,0.093502,South,Princess Royal (PRUH),5.1,Darent Valley,11.89,Princess Royal (PRUH),5.1,Kings College Hospital,14.58
BR52SW,51.404648,0.097432,South,Princess Royal (PRUH),5.06,Darent Valley,11.68,Princess Royal (PRUH),5.06,Kings College Hospital,14.91
BR52SX,51.387346,0.092889,South,Princess Royal (PRUH),3.33,Darent Valley,12.67,Princess Royal (PRUH),3.33,Kings College Hospital,15.66
BR52SY,51.408682,0.098652,South,Princess Royal (PRUH),5.49,Darent Valley,11.48,Princess Royal (PRUH),5.49,Kings College Hospital,14.78
BR52SZ,51.408195,0.098702,South,Princess Royal (PRUH),5.44,Darent Valley,11.49,Princess Royal (PRUH),5.44,Kings College Hospital,14.81
BR52TA,51.40497,0.090487,South,Princess Royal (PRUH),4.86,Darent Valley,12.14,Princess Royal (PRUH),4.86,Kings College Hospital,14.47
BR52TB,51.396991,0.101697,South,Princess Royal (PRUH),4.53,Darent Valley,11.68,Princess Royal (PRUH),4.53,Kings College Hospital,15.59
BR52TD,51.405822,0.09113,South,Princess Royal (PRUH),4.97,Darent Valley,12.07,Princess Royal (PRUH),4.97,Kings College Hospital,14.46
BR52TE,51.40617,0.089737,South,Princess Royal (PRUH),4.96,Darent Valley,12.15,Princess Royal (PRUH),4.96,Kings College Hospital,14.36
BR52TF,51.406718,0.0913,South,Princess Royal (PRUH),5.06,Darent Valley,12.03,Princess Royal (PRUH),5.06,Kings College Hospital,14.43
BR52TG,51.406976,0.093958,South,Princess Royal (PRUH),5.17,Darent Valley,11.84,Princess Royal (PRUH),5.17,Kings College Hospital,14.58
BR52TH,51.407879,0.095782,South,Princess Royal (PRUH),5.32,Darent Valley,11.69,Princess Royal (PRUH),5.32,Kings College Hospital,14.64
BR52TJ,51.408032,0.095286,South,Princess Royal (PRUH),5.32,Darent Valley,11.72,Princess Royal (PRUH),5.32,Kings College Hospital,14.6
BR52TL,51.403991,0.101442,South,Princess Royal (PRUH),5.15,Darent Valley,11.44,Princess Royal (PRUH),5.15,Kings College Hospital,15.19
BR52TN,51.396996,0.111861,South,Princess Royal (PRUH),5.01,Darent Valley,11.03,Princess Royal (PRUH),5.01,Kings College Hospital,16.2
BR52TP,51.389221,0.10617,South,Princess Royal (PRUH),4.14,Darent Valley,11.75,Princess Royal (PRUH),4.14,Kings College Hospital,16.31
BR52TQ,51.406704,0.093083,South,Princess Royal (PRUH),5.11,Darent Valley,11.91,Princess Royal (PRUH),5.11,Kings College Hospital,14.54
BR52TR,51.405001,0.101819,South,Princess Royal (PRUH),5.26,Darent Valley,11.38,Princess Royal (PRUH),5.26,Kings College Hospital,15.16
BR52TS,51.388513,0.105549,South,Princess Royal (PRUH),4.06,Darent Valley,11.82,Princess Royal (PRUH),4.06,Kings College Hospital,16.31
BR52TT,51.396991,0.101697,South,Princess Royal (PRUH),4.53,Darent Valley,11.68,Princess Royal (PRUH),4.53,Kings College Hospital,15.59
BR52TU,51.401196,0.10038,South,Princess Royal (PRUH),4.85,Darent Valley,11.61,Princess Royal (PRUH),4.85,Kings College Hospital,15.28
BR52TW,51.392954,0.108628,South,Princess Royal (PRUH),4.54,Darent Valley,11.42,Princess Royal (PRUH),4.54,Kings College Hospital,16.23
BR52TX,51.37683,0.099164,South,Princess Royal (PRUH),2.99,Darent Valley,12.83,Princess Royal (PRUH),2.99,Kings College Hospital,16.7
BR52TY,51.401196,0.10038,South,Princess Royal (PRUH),4.85,Darent Valley,11.61,Princess Royal (PRUH),4.85,Kings College Hospital,15.28
BR52TZ,51.403892,0.101956,South,Princess Royal (PRUH),5.16,Darent Valley,11.41,Princess Royal (PRUH),5.16,Kings College Hospital,15.23
BR52UA,51.396256,0.108032,South,Princess Royal (PRUH),4.77,Darent Valley,11.31,Princess Royal (PRUH),4.77,Kings College Hospital,16.01
BR52UB,51.392765,0.108116,South,Princess Royal (PRUH),4.5,Darent Valley,11.46,Princess Royal (PRUH),4.5,Kings College Hospital,16.21
BR52UD,51.37683,0.099164,South,Princess Royal (PRUH),2.99,Darent Valley,12.83,Princess Royal (PRUH),2.99,Kings College Hospital,16.7
BR52UG,51.37683,0.099164,South,Princess Royal (PRUH),2.99,Darent Valley,12.83,Princess Royal (PRUH),2.99,Kings College Hospital,16.7
BR52UN,51.37683,0.099164,South,Princess Royal (PRUH),2.99,Darent Valley,12.83,Princess Royal (PRUH),2.99,Kings College Hospital,16.7
BR52UP,51.37683,0.099164,South,Princess Royal (PRUH),2.99,Darent Valley,12.83,Princess Royal (PRUH),2.99,Kings College Hospital,16.7
BR52WA,51.37683,0.099164,South,Princess Royal (PRUH),2.99,Darent Valley,12.83,Princess Royal (PRUH),2.99,Kings College Hospital,16.7
BR52WB,51.37683,0.099164,South,Princess Royal (PRUH),2.99,Darent Valley,12.83,Princess Royal (PRUH),2.99,Kings College Hospital,16.7
BR52WD,51.37683,0.099164,South,Princess Royal (PRUH),2.99,Darent Valley,12.83,Princess Royal (PRUH),2.99,Kings College Hospital,16.7
BR52WE,51.37683,0.099164,South,Princess Royal (PRUH),2.99,Darent Valley,12.83,Princess Royal (PRUH),2.99,Kings College Hospital,16.7
BR52WF,51.37683,0.099164,South,Princess Royal (PRUH),2.99,Darent Valley,12.83,Princess Royal (PRUH),2.99,Kings College Hospital,16.7
BR52WG,51.37683,0.099164,South,Princess Royal (PRUH),2.99,Darent Valley,12.83,Princess Royal (PRUH),2.99,Kings College Hospital,16.7
BR52WH,51.37683,0.099164,South,Princess Royal (PRUH),2.99,Darent Valley,12.83,Princess Royal (PRUH),2.99,Kings College Hospital,16.7
BR52WJ,51.37683,0.099164,South,Princess Royal (PRUH),2.99,Darent Valley,12.83,Princess Royal (PRUH),2.99,Kings College Hospital,16.7
BR52WL,51.37683,0.099164,South,Princess Royal (PRUH),2.99,Darent Valley,12.83,Princess Royal (PRUH),2.99,Kings College Hospital,16.7
BR52WN,51.37683,0.099164,South,Princess Royal (PRUH),2.99,Darent Valley,12.83,Princess Royal (PRUH),2.99,Kings College Hospital,16.7
BR52WP,51.37683,0.099164,South,Princess Royal (PRUH),2.99,Darent Valley,12.83,Princess Royal (PRUH),2.99,Kings College Hospital,16.7
BR52WQ,51.37683,0.099164,South,Princess Royal (PRUH),2.99,Darent Valley,12.83,Princess Royal (PRUH),2.99,Kings College Hospital,16.7
BR52WR,51.37683,0.099164,South,Princess Royal (PRUH),2.99,Darent Valley,12.83,Princess Royal (PRUH),2.99,Kings College Hospital,16.7
BR52WS,51.37683,0.099164,South,Princess Royal (PRUH),2.99,Darent Valley,12.83,Princess Royal (PRUH),2.99,Kings College Hospital,16.7
BR52WT,51.37683,0.099164,South,Princess Royal (PRUH),2.99,Darent Valley,12.83,Princess Royal (PRUH),2.99,Kings College Hospital,16.7
BR52WU,51.37683,0.099164,South,Princess Royal (PRUH),2.99,Darent Valley,12.83,Princess Royal (PRUH),2.99,Kings College Hospital,16.7
BR52WW,51.37683,0.099164,South,Princess Royal (PRUH),2.99,Darent Valley,12.83,Princess Royal (PRUH),2.99,Kings College Hospital,16.7
BR52WX,51.37683,0.099164,South,Princess Royal (PRUH),2.99,Darent Valley,12.83,Princess Royal (PRUH),2.99,Kings College Hospital,16.7
BR52WY,51.37683,0.099164,South,Princess Royal (PRUH),2.99,Darent Valley,12.83,Princess Royal (PRUH),2.99,Kings College Hospital,16.7
BR52WZ,51.37683,0.099164,South,Princess Royal (PRUH),2.99,Darent Valley,12.83,Princess Royal (PRUH),2.99,Kings College Hospital,16.7
BR52XQ,51.37683,0.099164,South,Princess Royal (PRUH),2.99,Darent Valley,12.83,Princess Royal (PRUH),2.99,Kings College Hospital,16.7
BR52XX,51.37683,0.099164,South,Princess Royal (PRUH),2.99,Darent Valley,12.83,Princess Royal (PRUH),2.99,Kings College Hospital,16.7
BR52XY,51.37683,0.099164,South,Princess Royal (PRUH),2.99,Darent Valley,12.83,Princess Royal (PRUH),2.99,Kings College Hospital,16.7
BR52XZ,51.37683,0.099164,South,Princess Royal (PRUH),2.99,Darent Valley,12.83,Princess Royal (PRUH),2.99,Kings College Hospital,16.7
BR52YA,51.37683,0.099164,South,Princess Royal (PRUH),2.99,Darent Valley,12.83,Princess Royal (PRUH),2.99,Kings College Hospital,16.7
BR52YB,51.37683,0.099164,South,Princess Royal (PRUH),2.99,Darent Valley,12.83,Princess Royal (PRUH),2.99,Kings College Hospital,16.7
BR52YH,51.37683,0.099164,South,Princess Royal (PRUH),2.99,Darent Valley,12.83,Princess Royal (PRUH),2.99,Kings College Hospital,16.7
BR52YQ,51.37683,0.099164,South,Princess Royal (PRUH),2.99,Darent Valley,12.83,Princess Royal (PRUH),2.99,Kings College Hospital,16.7
BR52YT,51.396991,0.101697,South,Princess Royal (PRUH),4.53,Darent Valley,11.68,Princess Royal (PRUH),4.53,Kings College Hospital,15.59
BR52ZF,51.396256,0.108032,South,Princess Royal (PRUH),4.77,Darent Valley,11.31,Princess Royal (PRUH),4.77,Kings College Hospital,16.01
BR52ZG,51.37683,0.099164,South,Princess Royal (PRUH),2.99,Darent Valley,12.83,Princess Royal (PRUH),2.99,Kings College Hospital,16.7
BR52ZH,51.37683,0.099164,South,Princess Royal (PRUH),2.99,Darent Valley,12.83,Princess Royal (PRUH),2.99,Kings College Hospital,16.7
BR52ZJ,51.396991,0.101697,South,Princess Royal (PRUH),4.53,Darent Valley,11.68,Princess Royal (PRUH),4.53,Kings College Hospital,15.59
BR52ZL,51.396991,0.101697,South,Princess Royal (PRUH),4.53,Darent Valley,11.68,Princess Royal (PRUH),4.53,Kings College Hospital,15.59
BR52ZN,51.37683,0.099164,South,Princess Royal (PRUH),2.99,Darent Valley,12.83,Princess Royal (PRUH),2.99,Kings College Hospital,16.7
BR52ZP,51.37683,0.099164,South,Princess Royal (PRUH),2.99,Darent Valley,12.83,Princess Royal (PRUH),2.99,Kings College Hospital,16.7
BR52ZQ,51.396991,0.101697,South,Princess Royal (PRUH),4.53,Darent Valley,11.68,Princess Royal (PRUH),4.53,Kings College Hospital,15.59
BR52ZR,51.37683,0.099164,South,Princess Royal (PRUH),2.99,Darent Valley,12.83,Princess Royal (PRUH),2.99,Kings College Hospital,16.7
BR52ZS,51.396991,0.101697,South,Princess Royal (PRUH),4.53,Darent Valley,11.68,Princess Royal (PRUH),4.53,Kings College Hospital,15.59
BR52ZU,51.401196,0.10038,South,Princess Royal (PRUH),4.85,Darent Valley,11.61,Princess Royal (PRUH),4.85,Kings College Hospital,15.28
BR52ZW,51.396991,0.101697,South,Princess Royal (PRUH),4.53,Darent Valley,11.68,Princess Royal (PRUH),4.53,Kings College Hospital,15.59
BR52ZX,51.37683,0.099164,South,Princess Royal (PRUH),2.99,Darent Valley,12.83,Princess Royal (PRUH),2.99,Kings College Hospital,16.7
BR52ZY,51.37683,0.099164,South,Princess Royal (PRUH),2.99,Darent Valley,12.83,Princess Royal (PRUH),2.99,Kings College Hospital,16.7
BR52ZZ,51.37683,0.099164,South,Princess Royal (PRUH),2.99,Darent Valley,12.83,Princess Royal (PRUH),2.99,Kings College Hospital,16.7
BR53AA,51.39398,0.108085,South,Princess Royal (PRUH),4.59,Darent Valley,11.4,Princess Royal (PRUH),4.59,Kings College Hospital,16.14
BR53AB,51.399627,0.113578,South,Princess Royal (PRUH),5.3,Darent Valley,10.81,Princess Royal (PRUH),5.3,Kings College Hospital,16.16
BR53AD,51.407882,0.11114,South,Princess Royal (PRUH),5.89,Darent Valley,10.67,Princess Royal (PRUH),5.89,Kings College Hospital,15.59
BR53AE,51.40074,0.112724,South,Princess Royal (PRUH),5.35,Darent Valley,10.82,Princess Royal (PRUH),5.35,Kings College Hospital,16.05
BR53AF,51.403869,0.112724,South,Princess Royal (PRUH),5.61,Darent Valley,10.7,Princess Royal (PRUH),5.61,Kings College Hospital,15.89
BR53AG,51.404185,0.113644,South,Princess Royal (PRUH),5.68,Darent Valley,10.63,Princess Royal (PRUH),5.68,Kings College Hospital,15.93
BR53AH,51.400038,0.110247,South,Princess Royal (PRUH),5.18,Darent Valley,11.01,Princess Royal (PRUH),5.18,Kings College Hospital,15.94
BR53AJ,51.40117,0.111823,South,Princess Royal (PRUH),5.35,Darent Valley,10.86,Princess Royal (PRUH),5.35,Kings College Hospital,15.97
BR53AL,51.401581,0.11144,South,Princess Royal (PRUH),5.36,Darent Valley,10.87,Princess Royal (PRUH),5.36,Kings College Hospital,15.93
BR53AN,51.401332,0.108812,South,Princess Royal (PRUH),5.22,Darent Valley,11.05,Princess Royal (PRUH),5.22,Kings College Hospital,15.78
BR53AP,51.401702,0.109763,South,Princess Royal (PRUH),5.3,Darent Valley,10.98,Princess Royal (PRUH),5.3,Kings College Hospital,15.82
BR53AQ,51.401756,0.113719,South,Princess Royal (PRUH),5.48,Darent Valley,10.72,Princess Royal (PRUH),5.48,Kings College Hospital,16.06
BR53AR,51.40075,0.110683,South,Princess Royal (PRUH),5.26,Darent Valley,10.95,Princess Royal (PRUH),5.26,Kings College Hospital,15.93
BR53AS,51.399865,0.110886,South,Princess Royal (PRUH),5.19,Darent Valley,10.97,Princess Royal (PRUH),5.19,Kings College Hospital,15.98
BR53AT,51.399872,0.107968,South,Princess Royal (PRUH),5.06,Darent Valley,11.16,Princess Royal (PRUH),5.06,Kings College Hospital,15.81
BR53AU,51.399991,0.10737,South,Princess Royal (PRUH),5.04,Darent Valley,11.2,Princess Royal (PRUH),5.04,Kings College Hospital,15.76
BR53AW,51.401269,0.10832,South,Princess Royal (PRUH),5.19,Darent Valley,11.09,Princess Royal (PRUH),5.19,Kings College Hospital,15.75
BR53AX,51.399511,0.10903,South,Princess Royal (PRUH),5.08,Darent Valley,11.11,Princess Royal (PRUH),5.08,Kings College Hospital,15.89
BR53AY,51.404412,0.111067,South,Princess Royal (PRUH),5.58,Darent Valley,10.79,Princess Royal (PRUH),5.58,Kings College Hospital,15.76
BR53AZ,51.404457,0.11058,South,Princess Royal (PRUH),5.57,Darent Valley,10.82,Princess Royal (PRUH),5.57,Kings College Hospital,15.73
BR53BA,51.400189,0.108874,South,Princess Royal (PRUH),5.13,Darent Valley,11.09,Princess Royal (PRUH),5.13,Kings College Hospital,15.84
BR53BB,51.402207,0.114157,South,Princess Royal (PRUH),5.54,Darent Valley,10.67,Princess Royal (PRUH),5.54,Kings College Hospital,16.06
BR53BD,51.407503,0.11072,South,Princess Royal (PRUH),5.84,Darent Valley,10.71,Princess Royal (PRUH),5.84,Kings College Hospital,15.59
BR53BE,51.407619,0.10575,South,Princess Royal (PRUH),5.65,Darent Valley,11.04,Princess Royal (PRUH),5.65,Kings College Hospital,15.27
BR53BF,51.408258,0.109748,South,Princess Royal (PRUH),5.87,Darent Valley,10.75,Princess Royal (PRUH),5.87,Kings College Hospital,15.49
BR53BG,51.408249,0.106714,South,Princess Royal (PRUH),5.74,Darent Valley,10.95,Princess Royal (PRUH),5.74,Kings College Hospital,15.3
BR53BH,51.407817,0.109239,South,Princess Royal (PRUH),5.81,Darent Valley,10.8,Princess Royal (PRUH),5.81,Kings College Hospital,15.48
BR53BJ,51.406805,0.109509,South,Princess Royal (PRUH),5.73,Darent Valley,10.81,Princess Royal (PRUH),5.73,Kings College Hospital,15.55
BR53BL,51.406931,0.107516,South,Princess Royal (PRUH),5.66,Darent Valley,10.94,Princess Royal (PRUH),5.66,Kings College Hospital,15.42
BR53BN,51.406155,0.108631,South,Princess Royal (PRUH),5.63,Darent Valley,10.89,Princess Royal (PRUH),5.63,Kings College Hospital,15.52
BR53BP,51.405866,0.111191,South,Princess Royal (PRUH),5.72,Darent Valley,10.73,Princess Royal (PRUH),5.72,Kings College Hospital,15.7
BR53BQ,51.407616,0.107921,South,Princess Royal (PRUH),5.73,Darent Valley,10.89,Princess Royal (PRUH),5.73,Kings College Hospital,15.41
BR53BS,51.403712,0.109496,South,Princess Royal (PRUH),5.46,Darent Valley,10.92,Princess Royal (PRUH),5.46,Kings College Hospital,15.7
BR53BT,51.404491,0.109661,South,Princess Royal (PRUH),5.53,Darent Valley,10.88,Princess Royal (PRUH),5.53,Kings College Hospital,15.67
BR53BU,51.405445,0.109604,South,Princess Royal (PRUH),5.61,Darent Valley,10.85,Princess Royal (PRUH),5.61,Kings College Hospital,15.62
BR53BW,51.4062,0.111163,South,Princess Royal (PRUH),5.74,Darent Valley,10.72,Princess Royal (PRUH),5.74,Kings College Hospital,15.68
BR53BX,51.404824,0.108152,South,Princess Royal (PRUH),5.49,Darent Valley,10.97,Princess Royal (PRUH),5.49,Kings College Hospital,15.56
BR53BY,51.404673,0.107053,South,Princess Royal (PRUH),5.43,Darent Valley,11.05,Princess Royal (PRUH),5.43,Kings College Hospital,15.5
BR53BZ,51.406308,0.106668,South,Princess Royal (PRUH),5.57,Darent Valley,11.02,Princess Royal (PRUH),5.57,Kings College Hospital,15.39
BR53DA,51.399165,0.111314,South,Princess Royal (PRUH),5.16,Darent Valley,10.98,Princess Royal (PRUH),5.16,Kings College Hospital,16.05
BR53DB,51.401041,0.108999,South,Princess Royal (PRUH),5.21,Darent Valley,11.05,Princess Royal (PRUH),5.21,Kings College Hospital,15.81
BR53DD,51.403792,0.108033,South,Princess Royal (PRUH),5.4,Darent Valley,11.01,Princess Royal (PRUH),5.4,Kings College Hospital,15.61
BR53DE,51.406514,0.107195,South,Princess Royal (PRUH),5.61,Darent Valley,10.98,Princess Royal (PRUH),5.61,Kings College Hospital,15.42
BR53DF,51.404537,0.107607,South,Princess Royal (PRUH),5.45,Darent Valley,11.01,Princess Royal (PRUH),5.45,Kings College Hospital,15.54
BR53DG,51.409764,0.110465,South,Princess Royal (PRUH),6.03,Darent Valley,10.66,Princess Royal (PRUH),6.03,Kings College Hospital,15.46
BR53DH,51.409558,0.108427,South,Princess Royal (PRUH),5.93,Darent Valley,10.8,Princess Royal (PRUH),5.93,Kings College Hospital,15.34
BR53DJ,51.411644,0.107963,South,Princess Royal (PRUH),6.11,Darent Valley,10.77,Princess Royal (PRUH),6.11,Kings College Hospital,15.22
BR53DL,51.413748,0.10747,South,Princess Royal (PRUH),6.29,Darent Valley,10.75,Princess Royal (PRUH),6.29,Kings College Hospital,15.09
BR53DN,51.410081,0.107344,South,Princess Royal (PRUH),5.94,Darent Valley,10.86,Princess Royal (PRUH),5.94,Kings College Hospital,15.25
BR53DP,51.413449,0.108635,South,Princess Royal (PRUH),6.3,Darent Valley,10.68,Princess Royal (PRUH),6.3,Kings College Hospital,15.18
BR53DQ,51.410247,0.110631,South,Princess Royal (PRUH),6.08,Darent Valley,10.63,Princess Royal (PRUH),6.08,Kings College Hospital,15.45
BR53DR,51.412826,0.106277,South,Princess Royal (PRUH),6.16,Darent Valley,10.85,Princess Royal (PRUH),6.16,Kings College Hospital,15.06
BR53DS,51.412173,0.105053,South,Princess Royal (PRUH),6.05,Darent Valley,10.95,Princess Royal (PRUH),6.05,Kings College Hospital,15.01
BR53DT,51.412873,0.105157,South,Princess Royal (PRUH),6.12,Darent Valley,10.93,Princess Royal (PRUH),6.12,Kings College Hospital,14.98
BR53DU,51.411889,0.103343,South,Princess Royal (PRUH),5.96,Darent Valley,11.08,Princess Royal (PRUH),5.96,Kings College Hospital,14.92
BR53DW,51.410522,0.10735,South,Princess Royal (PRUH),5.98,Darent Valley,10.84,Princess Royal (PRUH),5.98,Kings College Hospital,15.23
BR53DX,51.413263,0.103953,South,Princess Royal (PRUH),6.11,Darent Valley,11.0,Princess Royal (PRUH),6.11,Kings College Hospital,14.89
BR53DY,51.413966,0.105366,South,Princess Royal (PRUH),6.23,Darent Valley,10.89,Princess Royal (PRUH),6.23,Kings College Hospital,14.95
BR53DZ,51.413486,0.10658,South,Princess Royal (PRUH),6.23,Darent Valley,10.82,Princess Royal (PRUH),6.23,Kings College Hospital,15.05
BR53EA,51.411631,0.106208,South,Princess Royal (PRUH),6.04,Darent Valley,10.89,Princess Royal (PRUH),6.04,Kings College Hospital,15.11
BR53EB,51.411902,0.10714,South,Princess Royal (PRUH),6.1,Darent Valley,10.82,Princess Royal (PRUH),6.1,Kings College Hospital,15.15
BR53ED,51.413718,0.106649,South,Princess Royal (PRUH),6.25,Darent Valley,10.81,Princess Royal (PRUH),6.25,Kings College Hospital,15.04
BR53EE,51.41125,0.104896,South,Princess Royal (PRUH),5.96,Darent Valley,10.99,Princess Royal (PRUH),5.96,Kings College Hospital,15.04
BR53EF,51.409853,0.107061,South,Princess Royal (PRUH),5.91,Darent Valley,10.88,Princess Royal (PRUH),5.91,Kings College Hospital,15.25
BR53EG,51.410939,0.104651,South,Princess Royal (PRUH),5.92,Darent Valley,11.01,Princess Royal (PRUH),5.92,Kings College Hospital,15.04
BR53EH,51.3962,0.113636,South,Princess Royal (PRUH),5.04,Darent Valley,10.95,Princess Royal (PRUH),5.04,Kings College Hospital,16.35
BR53EJ,51.396647,0.113772,South,Princess Royal (PRUH),5.08,Darent Valley,10.92,Princess Royal (PRUH),5.08,Kings College Hospital,16.33
BR53EL,51.396075,0.115097,South,Princess Royal (PRUH),5.11,Darent Valley,10.87,Princess Royal (PRUH),5.11,Kings College Hospital,16.44
BR53EN,51.398121,0.115306,South,Princess Royal (PRUH),5.27,Darent Valley,10.76,Princess Royal (PRUH),5.27,Kings College Hospital,16.35
BR53EP,51.396123,0.115415,South,Princess Royal (PRUH),5.13,Darent Valley,10.84,Princess Royal (PRUH),5.13,Kings College Hospital,16.46
BR53EQ,51.409866,0.106342,South,Princess Royal (PRUH),5.88,Darent Valley,10.93,Princess Royal (PRUH),5.88,Kings College Hospital,15.2
BR53ER,51.396916,0.11584,South,Princess Royal (PRUH),5.21,Darent Valley,10.78,Princess Royal (PRUH),5.21,Kings College Hospital,16.44
BR53ES,51.397612,0.116131,South,Princess Royal (PRUH),5.28,Darent Valley,10.73,Princess Royal (PRUH),5.28,Kings College Hospital,16.42
BR53ET,51.398241,0.116174,South,Princess Royal (PRUH),5.33,Darent Valley,10.7,Princess Royal (PRUH),5.33,Kings College Hospital,16.39
BR53EU,51.398926,0.115573,South,Princess Royal (PRUH),5.35,Darent Valley,10.71,Princess Royal (PRUH),5.35,Kings College Hospital,16.32
BR53EW,51.396771,0.115402,South,Princess Royal (PRUH),5.18,Darent Valley,10.82,Princess Royal (PRUH),5.18,Kings College Hospital,16.42
BR53EX,51.399803,0.115312,South,Princess Royal (PRUH),5.4,Darent Valley,10.69,Princess Royal (PRUH),5.4,Kings College Hospital,16.26
BR53EY,51.400587,0.115693,South,Princess Royal (PRUH),5.48,Darent Valley,10.64,Princess Royal (PRUH),5.48,Kings College Hospital,16.24
BR53EZ,51.411206,0.105843,South,Princess Royal (PRUH),5.99,Darent Valley,10.93,Princess Royal (PRUH),5.99,Kings College Hospital,15.1
BR53FA,51.406997,0.110309,South,Princess Royal (PRUH),5.78,Darent Valley,10.75,Princess Royal (PRUH),5.78,Kings College Hospital,15.59
BR53FB,51.3932,0.113929,South,Princess Royal (PRUH),4.84,Darent Valley,11.07,Princess Royal (PRUH),4.84,Kings College Hospital,16.53
BR53FD,51.393111,0.114888,South,Princess Royal (PRUH),4.89,Darent Valley,11.02,Princess Royal (PRUH),4.89,Kings College Hospital,16.6
BR53FE,51.393242,0.11511,South,Princess Royal (PRUH),4.91,Darent Valley,11.0,Princess Royal (PRUH),4.91,Kings College Hospital,16.6
BR53FF,51.39296,0.113803,South,Princess Royal (PRUH),4.82,Darent Valley,11.09,Princess Royal (PRUH),4.82,Kings College Hospital,16.54
BR53FG,51.393172,0.115466,South,Princess Royal (PRUH),4.92,Darent Valley,10.98,Princess Royal (PRUH),4.92,Kings College Hospital,16.63
BR53FH,51.392728,0.113677,South,Princess Royal (PRUH),4.79,Darent Valley,11.11,Princess Royal (PRUH),4.79,Kings College Hospital,16.54
BR53FJ,51.392623,0.116015,South,Princess Royal (PRUH),4.91,Darent Valley,10.97,Princess Royal (PRUH),4.91,Kings College Hospital,16.69
BR53FL,51.392327,0.115484,South,Princess Royal (PRUH),4.86,Darent Valley,11.02,Princess Royal (PRUH),4.86,Kings College Hospital,16.68
BR53FN,51.39272,0.115617,South,Princess Royal (PRUH),4.9,Darent Valley,10.99,Princess Royal (PRUH),4.9,Kings College Hospital,16.66
BR53FP,51.393187,0.116128,South,Princess Royal (PRUH),4.96,Darent Valley,10.93,Princess Royal (PRUH),4.96,Kings College Hospital,16.67
BR53FQ,51.391733,0.10952,South,Princess Royal (PRUH),4.5,Darent Valley,11.42,Princess Royal (PRUH),4.5,Kings College Hospital,16.35
BR53FR,51.400749,0.117684,South,Princess Royal (PRUH),5.59,Darent Valley,10.5,Princess Royal (PRUH),5.59,Kings College Hospital,16.36
BR53FS,51.401288,0.117709,South,Princess Royal (PRUH),5.64,Darent Valley,10.48,Princess Royal (PRUH),5.64,Kings College Hospital,16.33
BR53FT,51.4008,0.118348,South,Princess Royal (PRUH),5.63,Darent Valley,10.45,Princess Royal (PRUH),5.63,Kings College Hospital,16.39
BR53FW,51.392637,0.113716,South,Princess Royal (PRUH),4.79,Darent Valley,11.11,Princess Royal (PRUH),4.79,Kings College Hospital,16.55
BR53FX,51.392637,0.113716,South,Princess Royal (PRUH),4.79,Darent Valley,11.11,Princess Royal (PRUH),4.79,Kings College Hospital,16.55
BR53GA,51.37683,0.099164,South,Princess Royal (PRUH),2.99,Darent Valley,12.83,Princess Royal (PRUH),2.99,Kings College Hospital,16.7
BR53GB,51.411622,0.104683,South,Princess Royal (PRUH),5.98,Darent Valley,10.99,Princess Royal (PRUH),5.98,Kings College Hospital,15.01
BR53GD,51.406617,0.108479,South,Princess Royal (PRUH),5.67,Darent Valley,10.89,Princess Royal (PRUH),5.67,Kings College Hospital,15.49
BR53GE,51.406802,0.107697,South,Princess Royal (PRUH),5.65,Darent Valley,10.93,Princess Royal (PRUH),5.65,Kings College Hospital,15.43
BR53GL,51.407235,0.107587,South,Princess Royal (PRUH),5.69,Darent Valley,10.93,Princess Royal (PRUH),5.69,Kings College Hospital,15.4
BR53GN,51.406941,0.108437,South,Princess Royal (PRUH),5.69,Darent Valley,10.88,Princess Royal (PRUH),5.69,Kings College Hospital,15.47
BR53GP,51.407284,0.10838,South,Princess Royal (PRUH),5.72,Darent Valley,10.87,Princess Royal (PRUH),5.72,Kings College Hospital,15.45
BR53HA,51.397507,0.114947,South,Princess Royal (PRUH),5.21,Darent Valley,10.81,Princess Royal (PRUH),5.21,Kings College Hospital,16.36
BR53HB,51.396496,0.115188,South,Princess Royal (PRUH),5.15,Darent Valley,10.84,Princess Royal (PRUH),5.15,Kings College Hospital,16.43
BR53HD,51.399094,0.116199,South,Princess Royal (PRUH),5.39,Darent Valley,10.66,Princess Royal (PRUH),5.39,Kings College Hospital,16.35
BR53HE,51.400403,0.116461,South,Princess Royal (PRUH),5.51,Darent Valley,10.59,Princess Royal (PRUH),5.51,Kings College Hospital,16.3
BR53HF,51.401231,0.116427,South,Princess Royal (PRUH),5.57,Darent Valley,10.56,Princess Royal (PRUH),5.57,Kings College Hospital,16.25
BR53HG,51.401123,0.116896,South,Princess Royal (PRUH),5.59,Darent Valley,10.54,Princess Royal (PRUH),5.59,Kings College Hospital,16.29
BR53HH,51.399871,0.116494,South,Princess Royal (PRUH),5.47,Darent Valley,10.61,Princess Royal (PRUH),5.47,Kings College Hospital,16.33
BR53HJ,51.403222,0.117195,South,Princess Royal (PRUH),5.77,Darent Valley,10.43,Princess Royal (PRUH),5.77,Kings College Hospital,16.2
BR53HL,51.402315,0.117598,South,Princess Royal (PRUH),5.71,Darent Valley,10.44,Princess Royal (PRUH),5.71,Kings College Hospital,16.27
BR53HN,51.402136,0.118093,South,Princess Royal (PRUH),5.72,Darent Valley,10.42,Princess Royal (PRUH),5.72,Kings College Hospital,16.31
BR53HP,51.404753,0.117596,South,Princess Royal (PRUH),5.91,Darent Valley,10.35,Princess Royal (PRUH),5.91,Kings College Hospital,16.15
BR53HQ,51.401994,0.117483,South,Princess Royal (PRUH),5.68,Darent Valley,10.46,Princess Royal (PRUH),5.68,Kings College Hospital,16.28
BR53HR,51.403581,0.117743,South,Princess Royal (PRUH),5.82,Darent Valley,10.38,Princess Royal (PRUH),5.82,Kings College Hospital,16.22
BR53HS,51.403905,0.117715,South,Princess Royal (PRUH),5.85,Darent Valley,10.37,Princess Royal (PRUH),5.85,Kings College Hospital,16.2
BR53HT,51.395572,0.113061,South,Princess Royal (PRUH),4.97,Darent Valley,11.02,Princess Royal (PRUH),4.97,Kings College Hospital,16.35
BR53HU,51.411739,0.104199,South,Princess Royal (PRUH),5.98,Darent Valley,11.02,Princess Royal (PRUH),5.98,Kings College Hospital,14.98
BR53HW,51.402483,0.118253,South,Princess Royal (PRUH),5.76,Darent Valley,10.39,Princess Royal (PRUH),5.76,Kings College Hospital,16.3
BR53HX,51.39987,0.117543,South,Princess Royal (PRUH),5.52,Darent Valley,10.55,Princess Royal (PRUH),5.52,Kings College Hospital,16.39
BR53HY,51.405549,0.12081,South,Princess Royal (PRUH),6.13,Darent Valley,10.11,Princess Royal (PRUH),6.13,Kings College Hospital,16.31
BR53HZ,51.406673,0.121294,South,Princess Royal (PRUH),6.24,Darent Valley,10.04,Princess Royal (PRUH),6.24,Kings College Hospital,16.29
BR53JA,51.401908,0.1252,South,Princess Royal (PRUH),6.06,Darent Valley,9.97,Princess Royal (PRUH),6.06,Kings College Hospital,16.76
BR53JB,51.411717,0.113416,South,Princess Royal (PRUH),6.33,Darent Valley,10.4,Princess Royal (PRUH),6.33,Kings College Hospital,15.56
BR53JD,51.411547,0.112848,South,Princess Royal (PRUH),6.29,Darent Valley,10.45,Princess Royal (PRUH),6.29,Kings College Hospital,15.53
BR53JE,51.409358,0.113063,South,Princess Royal (PRUH),6.1,Darent Valley,10.5,Princess Royal (PRUH),6.1,Kings College Hospital,15.65
BR53JF,51.408745,0.113121,South,Princess Royal (PRUH),6.05,Darent Valley,10.51,Princess Royal (PRUH),6.05,Kings College Hospital,15.68
BR53JG,51.400223,0.117962,South,Princess Royal (PRUH),5.57,Darent Valley,10.5,Princess Royal (PRUH),5.57,Kings College Hospital,16.4
BR53JH,51.400234,0.120306,South,Princess Royal (PRUH),5.69,Darent Valley,10.35,Princess Royal (PRUH),5.69,Kings College Hospital,16.54
BR53JJ,51.400609,0.122465,South,Princess Royal (PRUH),5.83,Darent Valley,10.2,Princess Royal (PRUH),5.83,Kings College Hospital,16.66
BR53JL,51.400267,0.12245,South,Princess Royal (PRUH),5.8,Darent Valley,10.21,Princess Royal (PRUH),5.8,Kings College Hospital,16.67
BR53JN,51.399617,0.120594,South,Princess Royal (PRUH),5.66,Darent Valley,10.36,Princess Royal (PRUH),5.66,Kings College Hospital,16.59
BR53JP,51.400826,0.117429,South,Princess Royal (PRUH),5.59,Darent Valley,10.51,Princess Royal (PRUH),5.59,Kings College Hospital,16.34
BR53JQ,51.400485,0.118851,South,Princess Royal (PRUH),5.63,Darent Valley,10.44,Princess Royal (PRUH),5.63,Kings College Hospital,16.44
BR53JR,51.399779,0.118603,South,Princess Royal (PRUH),5.57,Darent Valley,10.48,Princess Royal (PRUH),5.57,Kings College Hospital,16.46
BR53JS,51.400908,0.118856,South,Princess Royal (PRUH),5.67,Darent Valley,10.42,Princess Royal (PRUH),5.67,Kings College Hospital,16.42
BR53JT,51.400964,0.119721,South,Princess Royal (PRUH),5.71,Darent Valley,10.36,Princess Royal (PRUH),5.71,Kings College Hospital,16.47
BR53JU,51.400789,0.120475,South,Princess Royal (PRUH),5.74,Darent Valley,10.32,Princess Royal (PRUH),5.74,Kings College Hospital,16.53
BR53JW,51.399524,0.119799,South,Princess Royal (PRUH),5.61,Darent Valley,10.41,Princess Royal (PRUH),5.61,Kings College Hospital,16.55
BR53JX,51.399696,0.12123,South,Princess Royal (PRUH),5.69,Darent Valley,10.32,Princess Royal (PRUH),5.69,Kings College Hospital,16.63
BR53JY,51.398082,0.123441,South,Princess Royal (PRUH),5.69,Darent Valley,10.25,Princess Royal (PRUH),5.69,Kings College Hospital,16.85
BR53JZ,51.398011,0.122906,South,Princess Royal (PRUH),5.66,Darent Valley,10.28,Princess Royal (PRUH),5.66,Kings College Hospital,16.82
BR53LA,51.399876,0.122187,South,Princess Royal (PRUH),5.76,Darent Valley,10.25,Princess Royal (PRUH),5.76,Kings College Hospital,16.68
BR53LB,51.399074,0.119332,South,Princess Royal (PRUH),5.55,Darent Valley,10.46,Princess Royal (PRUH),5.55,Kings College Hospital,16.54
BR53LD,51.399167,0.118129,South,Princess Royal (PRUH),5.5,Darent Valley,10.54,Princess Royal (PRUH),5.5,Kings College Hospital,16.46
BR53LE,51.399341,0.121947,South,Princess Royal (PRUH),5.71,Darent Valley,10.29,Princess Royal (PRUH),5.71,Kings College Hospital,16.69
BR53LF,51.398856,0.121895,South,Princess Royal (PRUH),5.67,Darent Valley,10.31,Princess Royal (PRUH),5.67,Kings College Hospital,16.71
BR53LG,51.398234,0.118028,South,Princess Royal (PRUH),5.42,Darent Valley,10.58,Princess Royal (PRUH),5.42,Kings College Hospital,16.51
BR53LH,51.399114,0.117106,South,Princess Royal (PRUH),5.44,Darent Valley,10.61,Princess Royal (PRUH),5.44,Kings College Hospital,16.4
BR53LJ,51.394632,0.116784,South,Princess Royal (PRUH),5.09,Darent Valley,10.82,Princess Royal (PRUH),5.09,Kings College Hospital,16.63
BR53LL,51.395007,0.118957,South,Princess Royal (PRUH),5.24,Darent Valley,10.67,Princess Royal (PRUH),5.24,Kings College Hospital,16.74
BR53LN,51.394776,0.12277,South,Princess Royal (PRUH),5.43,Darent Valley,10.44,Princess Royal (PRUH),5.43,Kings College Hospital,16.98
BR53LP,51.396083,0.124556,South,Princess Royal (PRUH),5.62,Darent Valley,10.27,Princess Royal (PRUH),5.62,Kings College Hospital,17.02
BR53LQ,51.398467,0.118585,South,Princess Royal (PRUH),5.47,Darent Valley,10.54,Princess Royal (PRUH),5.47,Kings College Hospital,16.53
BR53LR,51.396208,0.125122,South,Princess Royal (PRUH),5.66,Darent Valley,10.23,Princess Royal (PRUH),5.66,Kings College Hospital,17.05
BR53LS,51.39827,0.12401,South,Princess Royal (PRUH),5.74,Darent Valley,10.2,Princess Royal (PRUH),5.74,Kings College Hospital,16.87
BR53LT,51.398266,0.124686,South,Princess Royal (PRUH),5.77,Darent Valley,10.16,Princess Royal (PRUH),5.77,Kings College Hospital,16.91
BR53LU,51.399366,0.124018,South,Princess Royal (PRUH),5.82,Darent Valley,10.15,Princess Royal (PRUH),5.82,Kings College Hospital,16.82
BR53LW,51.394606,0.127204,South,Princess Royal (PRUH),5.67,Darent Valley,10.17,Princess Royal (PRUH),5.67,Kings College Hospital,17.26
BR53LX,51.400184,0.124545,South,Princess Royal (PRUH),5.9,Darent Valley,10.08,Princess Royal (PRUH),5.9,Kings College Hospital,16.81
BR53LY,51.398234,0.121522,South,Princess Royal (PRUH),5.6,Darent Valley,10.36,Princess Royal (PRUH),5.6,Kings College Hospital,16.72
BR53LZ,51.397883,0.121534,South,Princess Royal (PRUH),5.58,Darent Valley,10.38,Princess Royal (PRUH),5.58,Kings College Hospital,16.74
BR53NA,51.37683,0.099164,South,Princess Royal (PRUH),2.99,Darent Valley,12.83,Princess Royal (PRUH),2.99,Kings College Hospital,16.7
BR53NB,51.395086,0.124007,South,Princess Royal (PRUH),5.52,Darent Valley,10.35,Princess Royal (PRUH),5.52,Kings College Hospital,17.04
BR53ND,51.394974,0.120753,South,Princess Royal (PRUH),5.33,Darent Valley,10.56,Princess Royal (PRUH),5.33,Kings College Hospital,16.85
BR53NE,51.395696,0.120154,South,Princess Royal (PRUH),5.35,Darent Valley,10.56,Princess Royal (PRUH),5.35,Kings College Hospital,16.77
BR53NF,51.395987,0.117464,South,Princess Royal (PRUH),5.23,Darent Valley,10.72,Princess Royal (PRUH),5.23,Kings College Hospital,16.59
BR53NG,51.395765,0.11731,South,Princess Royal (PRUH),5.2,Darent Valley,10.74,Princess Royal (PRUH),5.2,Kings College Hospital,16.6
BR53NH,51.392951,0.114766,South,Princess Royal (PRUH),4.87,Darent Valley,11.03,Princess Royal (PRUH),4.87,Kings College Hospital,16.6
BR53NJ,51.393949,0.114812,South,Princess Royal (PRUH),4.94,Darent Valley,10.98,Princess Royal (PRUH),4.94,Kings College Hospital,16.54
BR53NL,51.39528,0.115261,South,Princess Royal (PRUH),5.06,Darent Valley,10.89,Princess Royal (PRUH),5.06,Kings College Hospital,16.5
BR53NN,51.395425,0.123649,South,Princess Royal (PRUH),5.52,Darent Valley,10.36,Princess Royal (PRUH),5.52,Kings College Hospital,17.0
BR53NP,51.393265,0.115341,South,Princess Royal (PRUH),4.92,Darent Valley,10.98,Princess Royal (PRUH),4.92,Kings College Hospital,16.61
BR53NQ,51.395469,0.117239,South,Princess Royal (PRUH),5.18,Darent Valley,10.76,Princess Royal (PRUH),5.18,Kings College Hospital,16.61
BR53NR,51.393444,0.115852,South,Princess Royal (PRUH),4.96,Darent Valley,10.94,Princess Royal (PRUH),4.96,Kings College Hospital,16.63
BR53NS,51.396217,0.123153,South,Princess Royal (PRUH),5.55,Darent Valley,10.35,Princess Royal (PRUH),5.55,Kings College Hospital,16.93
BR53NT,51.3967,0.122802,South,Princess Royal (PRUH),5.56,Darent Valley,10.35,Princess Royal (PRUH),5.56,Kings College Hospital,16.88
BR53NU,51.396629,0.123719,South,Princess Royal (PRUH),5.61,Darent Valley,10.29,Princess Royal (PRUH),5.61,Kings College Hospital,16.94
BR53NW,51.394096,0.113611,South,Princess Royal (PRUH),4.89,Darent Valley,11.05,Princess Royal (PRUH),4.89,Kings College Hospital,16.46
BR53NX,51.392173,0.122477,South,Princess Royal (PRUH),5.25,Darent Valley,10.59,Princess Royal (PRUH),5.25,Kings College Hospital,17.1
BR53NY,51.393029,0.115934,South,Princess Royal (PRUH),4.94,Darent Valley,10.95,Princess Royal (PRUH),4.94,Kings College Hospital,16.66
BR53NZ,51.396048,0.123534,South,Princess Royal (PRUH),5.56,Darent Valley,10.33,Princess Royal (PRUH),5.56,Kings College Hospital,16.96
BR53PA,51.393464,0.123213,South,Princess Royal (PRUH),5.37,Darent Valley,10.48,Princess Royal (PRUH),5.37,Kings College Hospital,17.08
BR53PB,51.393323,0.124543,South,Princess Royal (PRUH),5.44,Darent Valley,10.4,Princess Royal (PRUH),5.44,Kings College Hospital,17.17
BR53PD,51.392476,0.117173,South,Princess Royal (PRUH),4.97,Darent Valley,10.9,Princess Royal (PRUH),4.97,Kings College Hospital,16.77
BR53PE,51.391636,0.124321,South,Princess Royal (PRUH),5.32,Darent Valley,10.5,Princess Royal (PRUH),5.32,Kings College Hospital,17.24
BR53PF,51.395248,0.122002,South,Princess Royal (PRUH),5.42,Darent Valley,10.47,Princess Royal (PRUH),5.42,Kings College Hospital,16.91
BR53PG,51.393324,0.125952,South,Princess Royal (PRUH),5.52,Darent Valley,10.32,Princess Royal (PRUH),5.52,Kings College Hospital,17.25
BR53PH,51.392262,0.121073,South,Princess Royal (PRUH),5.17,Darent Valley,10.67,Princess Royal (PRUH),5.17,Kings College Hospital,17.01
BR53PJ,51.392262,0.118054,South,Princess Royal (PRUH),5.0,Darent Valley,10.86,Princess Royal (PRUH),5.0,Kings College Hospital,16.83
BR53PL,51.39228,0.115611,South,Princess Royal (PRUH),4.87,Darent Valley,11.01,Princess Royal (PRUH),4.87,Kings College Hospital,16.69
BR53PN,51.395049,0.123056,South,Princess Royal (PRUH),5.47,Darent Valley,10.41,Princess Royal (PRUH),5.47,Kings College Hospital,16.98
BR53PP,51.391739,0.109707,South,Princess Royal (PRUH),4.51,Darent Valley,11.41,Princess Royal (PRUH),4.51,Kings College Hospital,16.37
BR53PQ,51.393039,0.126298,South,Princess Royal (PRUH),5.52,Darent Valley,10.31,Princess Royal (PRUH),5.52,Kings College Hospital,17.29
BR53PR,51.395016,0.123414,South,Princess Royal (PRUH),5.48,Darent Valley,10.39,Princess Royal (PRUH),5.48,Kings College Hospital,17.01
BR53PS,51.392621,0.124582,South,Princess Royal (PRUH),5.4,Darent Valley,10.44,Princess Royal (PRUH),5.4,Kings College Hospital,17.21
BR53PT,51.393666,0.11004,South,Princess Royal (PRUH),4.67,Darent Valley,11.3,Princess Royal (PRUH),4.67,Kings College Hospital,16.27
BR53PU,51.393214,0.110695,South,Princess Royal (PRUH),4.67,Darent Valley,11.27,Princess Royal (PRUH),4.67,Kings College Hospital,16.34
BR53PW,51.399929,0.113793,South,Princess Royal (PRUH),5.34,Darent Valley,10.78,Princess Royal (PRUH),5.34,Kings College Hospital,16.16
BR53PX,51.389843,0.109103,South,Princess Royal (PRUH),4.35,Darent Valley,11.53,Princess Royal (PRUH),4.35,Kings College Hospital,16.44
BR53PY,51.391907,0.123788,South,Princess Royal (PRUH),5.31,Darent Valley,10.52,Princess Royal (PRUH),5.31,Kings College Hospital,17.2
BR53PZ,51.391074,0.109634,South,Princess Royal (PRUH),4.46,Darent Valley,11.44,Princess Royal (PRUH),4.46,Kings College Hospital,16.4
BR53QA,51.406803,0.11759,South,Princess Royal (PRUH),6.08,Darent Valley,10.28,Princess Royal (PRUH),6.08,Kings College Hospital,16.05
BR53QB,51.390735,0.109517,South,Princess Royal (PRUH),4.43,Darent Valley,11.47,Princess Royal (PRUH),4.43,Kings College Hospital,16.41
BR53QD,51.406361,0.115686,South,Princess Royal (PRUH),5.96,Darent Valley,10.42,Princess Royal (PRUH),5.96,Kings College Hospital,15.95
BR53QE,51.392968,0.115356,South,Princess Royal (PRUH),4.9,Darent Valley,10.99,Princess Royal (PRUH),4.9,Kings College Hospital,16.63
BR53QF,51.391431,0.111332,South,Princess Royal (PRUH),4.58,Darent Valley,11.32,Princess Royal (PRUH),4.58,Kings College Hospital,16.48
BR53QG,51.407113,0.115879,South,Princess Royal (PRUH),6.03,Darent Valley,10.38,Princess Royal (PRUH),6.03,Kings College Hospital,15.93
BR53QH,51.395065,0.115711,South,Princess Royal (PRUH),5.07,Darent Valley,10.87,Princess Royal (PRUH),5.07,Kings College Hospital,16.54
BR53QJ,51.406794,0.115591,South,Princess Royal (PRUH),5.99,Darent Valley,10.41,Princess Royal (PRUH),5.99,Kings College Hospital,15.93
BR53QL,51.390598,0.111107,South,Princess Royal (PRUH),4.51,Darent Valley,11.37,Princess Royal (PRUH),4.51,Kings College Hospital,16.51
BR53QN,51.393276,0.116707,South,Princess Royal (PRUH),5.0,Darent Valley,10.89,Princess Royal (PRUH),5.0,Kings College Hospital,16.7
BR53QP,51.389182,0.108842,South,Princess Royal (PRUH),4.29,Darent Valley,11.58,Princess Royal (PRUH),4.29,Kings College Hospital,16.46
BR53QQ,51.395551,0.115691,South,Princess Royal (PRUH),5.1,Darent Valley,10.85,Princess Royal (PRUH),5.1,Kings College Hospital,16.51
BR53QR,51.394249,0.108112,South,Princess Royal (PRUH),4.61,Darent Valley,11.39,Princess Royal (PRUH),4.61,Kings College Hospital,16.13
BR53QS,51.399143,0.109013,South,Princess Royal (PRUH),5.05,Darent Valley,11.13,Princess Royal (PRUH),5.05,Kings College Hospital,15.91
BR53QT,51.39327,0.109088,South,Princess Royal (PRUH),4.59,Darent Valley,11.37,Princess Royal (PRUH),4.59,Kings College Hospital,16.24
BR53QU,51.398839,0.110408,South,Princess Royal (PRUH),5.09,Darent Valley,11.05,Princess Royal (PRUH),5.09,Kings College Hospital,16.01
BR53QW,51.393256,0.108368,South,Princess Royal (PRUH),4.55,Darent Valley,11.42,Princess Royal (PRUH),4.55,Kings College Hospital,16.2
BR53QX,51.390461,0.112739,South,Princess Royal (PRUH),4.59,Darent Valley,11.28,Princess Royal (PRUH),4.59,Kings College Hospital,16.62
BR53QY,51.398094,0.109842,South,Princess Royal (PRUH),5.0,Darent Valley,11.11,Princess Royal (PRUH),5.0,Kings College Hospital,16.02
BR53QZ,51.37683,0.099164,South,Princess Royal (PRUH),2.99,Darent Valley,12.83,Princess Royal (PRUH),2.99,Kings College Hospital,16.7
BR53RA,51.399042,0.109626,South,Princess Royal (PRUH),5.07,Darent Valley,11.09,Princess Royal (PRUH),5.07,Kings College Hospital,15.95
BR53RB,51.391712,0.112164,South,Princess Royal (PRUH),4.64,Darent Valley,11.25,Princess Royal (PRUH),4.64,Kings College Hospital,16.51
BR53RD,51.393597,0.113358,South,Princess Royal (PRUH),4.84,Darent Valley,11.09,Princess Royal (PRUH),4.84,Kings College Hospital,16.48
BR53RE,51.397785,0.111035,South,Princess Royal (PRUH),5.04,Darent Valley,11.05,Princess Royal (PRUH),5.04,Kings College Hospital,16.11
BR53RF,51.393878,0.107232,South,Princess Royal (PRUH),4.54,Darent Valley,11.46,Princess Royal (PRUH),4.54,Kings College Hospital,16.1
BR53RG,51.388972,0.110514,South,Princess Royal (PRUH),4.36,Darent Valley,11.49,Princess Royal (PRUH),4.36,Kings College Hospital,16.58
BR53RH,51.392193,0.111942,South,Princess Royal (PRUH),4.66,Darent Valley,11.24,Princess Royal (PRUH),4.66,Kings College Hospital,16.47
BR53RJ,51.394029,0.110833,South,Princess Royal (PRUH),4.74,Darent Valley,11.23,Princess Royal (PRUH),4.74,Kings College Hospital,16.3
BR53RL,51.391105,0.111418,South,Princess Royal (PRUH),4.56,Darent Valley,11.33,Princess Royal (PRUH),4.56,Kings College Hospital,16.5
BR53RN,51.38903,0.108792,South,Princess Royal (PRUH),4.27,Darent Valley,11.59,Princess Royal (PRUH),4.27,Kings College Hospital,16.47
BR53RP,51.392696,0.112971,South,Princess Royal (PRUH),4.75,Darent Valley,11.16,Princess Royal (PRUH),4.75,Kings College Hospital,16.5
BR53RQ,51.385766,0.108297,South,Princess Royal (PRUH),4.03,Darent Valley,11.79,Princess Royal (PRUH),4.03,Kings College Hospital,16.64
BR53RR,51.399042,0.109626,South,Princess Royal (PRUH),5.07,Darent Valley,11.09,Princess Royal (PRUH),5.07,Kings College Hospital,15.95
BR53RS,51.391018,0.111255,South,Princess Royal (PRUH),4.54,Darent Valley,11.34,Princess Royal (PRUH),4.54,Kings College Hospital,16.5
BR53RT,51.388918,0.112007,South,Princess Royal (PRUH),4.44,Darent Valley,11.4,Princess Royal (PRUH),4.44,Kings College Hospital,16.67
BR53RU,51.389334,0.109899,South,Princess Royal (PRUH),4.35,Darent Valley,11.51,Princess Royal (PRUH),4.35,Kings College Hospital,16.52
BR53RW,51.391105,0.111418,South,Princess Royal (PRUH),4.56,Darent Valley,11.33,Princess Royal (PRUH),4.56,Kings College Hospital,16.5
BR53RX,51.389667,0.110906,South,Princess Royal (PRUH),4.43,Darent Valley,11.43,Princess Royal (PRUH),4.43,Kings College Hospital,16.56
BR53RY,51.391018,0.111255,South,Princess Royal (PRUH),4.54,Darent Valley,11.34,Princess Royal (PRUH),4.54,Kings College Hospital,16.5
BR53RZ,51.391637,0.112851,South,Princess Royal (PRUH),4.67,Darent Valley,11.21,Princess Royal (PRUH),4.67,Kings College Hospital,16.56
BR53SA,51.40049,0.109621,South,Princess Royal (PRUH),5.19,Darent Valley,11.03,Princess Royal (PRUH),5.19,Kings College Hospital,15.87
BR53SB,51.399822,0.109288,South,Princess Royal (PRUH),5.12,Darent Valley,11.08,Princess Royal (PRUH),5.12,Kings College Hospital,15.89
BR53SD,51.394313,0.107554,South,Princess Royal (PRUH),4.59,Darent Valley,11.42,Princess Royal (PRUH),4.59,Kings College Hospital,16.09
BR53SE,51.39315,0.122652,South,Princess Royal (PRUH),5.32,Darent Valley,10.53,Princess Royal (PRUH),5.32,Kings College Hospital,17.06
BR53SF,51.393142,0.124089,South,Princess Royal (PRUH),5.4,Darent Valley,10.44,Princess Royal (PRUH),5.4,Kings College Hospital,17.15
BR53SG,51.397936,0.114119,South,Princess Royal (PRUH),5.2,Darent Valley,10.85,Princess Royal (PRUH),5.2,Kings College Hospital,16.28
BR53SH,51.39239,0.123911,South,Princess Royal (PRUH),5.34,Darent Valley,10.49,Princess Royal (PRUH),5.34,Kings College Hospital,17.18
BR53SJ,51.392582,0.123244,South,Princess Royal (PRUH),5.32,Darent Valley,10.52,Princess Royal (PRUH),5.32,Kings College Hospital,17.13
BR53SL,51.39283,0.12199,South,Princess Royal (PRUH),5.26,Darent Valley,10.59,Princess Royal (PRUH),5.26,Kings College Hospital,17.04
BR53SN,51.393976,0.106331,South,Princess Royal (PRUH),4.51,Darent Valley,11.52,Princess Royal (PRUH),4.51,Kings College Hospital,16.04
BR53SP,51.395234,0.112873,South,Princess Royal (PRUH),4.93,Darent Valley,11.04,Princess Royal (PRUH),4.93,Kings College Hospital,16.36
BR53SQ,51.395883,0.113736,South,Princess Royal (PRUH),5.02,Darent Valley,10.96,Princess Royal (PRUH),5.02,Kings College Hospital,16.37
BR53SR,51.395601,0.112947,South,Princess Royal (PRUH),4.96,Darent Valley,11.02,Princess Royal (PRUH),4.96,Kings College Hospital,16.34
BR53SS,51.398858,0.110366,South,Princess Royal (PRUH),5.09,Darent Valley,11.05,Princess Royal (PRUH),5.09,Kings College Hospital,16.01
BR53ST,51.391712,0.112164,South,Princess Royal (PRUH),4.64,Darent Valley,11.25,Princess Royal (PRUH),4.64,Kings College Hospital,16.51
BR53SU,51.37683,0.099164,South,Princess Royal (PRUH),2.99,Darent Valley,12.83,Princess Royal (PRUH),2.99,Kings College Hospital,16.7
BR53SW,51.400145,0.115313,South,Princess Royal (PRUH),5.43,Darent Valley,10.68,Princess Royal (PRUH),5.43,Kings College Hospital,16.24
BR53SX,51.40263,0.120575,South,Princess Royal (PRUH),5.88,Darent Valley,10.24,Princess Royal (PRUH),5.88,Kings College Hospital,16.44
BR53SY,51.40049,0.109621,South,Princess Royal (PRUH),5.19,Darent Valley,11.03,Princess Royal (PRUH),5.19,Kings College Hospital,15.87
BR53SZ,51.403593,0.11957,South,Princess Royal (PRUH),5.91,Darent Valley,10.27,Princess Royal (PRUH),5.91,Kings College Hospital,16.33
BR53TA,51.393726,0.115175,South,Princess Royal (PRUH),4.94,Darent Valley,10.97,Princess Royal (PRUH),4.94,Kings College Hospital,16.58
BR53TB,51.393252,0.118531,South,Princess Royal (PRUH),5.09,Darent Valley,10.78,Princess Royal (PRUH),5.09,Kings College Hospital,16.81
BR53TD,51.393171,0.119505,South,Princess Royal (PRUH),5.14,Darent Valley,10.72,Princess Royal (PRUH),5.14,Kings College Hospital,16.87
BR53TE,51.393091,0.120464,South,Princess Royal (PRUH),5.19,Darent Valley,10.67,Princess Royal (PRUH),5.19,Kings College Hospital,16.93
BR53TF,51.393514,0.121447,South,Princess Royal (PRUH),5.27,Darent Valley,10.59,Princess Royal (PRUH),5.27,Kings College Hospital,16.97
BR53TG,51.392872,0.121144,South,Princess Royal (PRUH),5.22,Darent Valley,10.64,Princess Royal (PRUH),5.22,Kings College Hospital,16.98
BR53TH,51.392778,0.118869,South,Princess Royal (PRUH),5.08,Darent Valley,10.78,Princess Royal (PRUH),5.08,Kings College Hospital,16.85
BR53TJ,51.392997,0.118232,South,Princess Royal (PRUH),5.06,Darent Valley,10.81,Princess Royal (PRUH),5.06,Kings College Hospital,16.8
BR53TL,51.393907,0.116592,South,Princess Royal (PRUH),5.03,Darent Valley,10.87,Princess Royal (PRUH),5.03,Kings College Hospital,16.65
BR53TN,51.39296,0.11777,South,Princess Royal (PRUH),5.03,Darent Valley,10.84,Princess Royal (PRUH),5.03,Kings College Hospital,16.78
BR53TP,51.393625,0.115789,South,Princess Royal (PRUH),4.97,Darent Valley,10.93,Princess Royal (PRUH),4.97,Kings College Hospital,16.62
BR53TQ,51.3929,0.119607,South,Princess Royal (PRUH),5.13,Darent Valley,10.73,Princess Royal (PRUH),5.13,Kings College Hospital,16.89
BR53TR,51.392799,0.117245,South,Princess Royal (PRUH),4.99,Darent Valley,10.88,Princess Royal (PRUH),4.99,Kings College Hospital,16.75
BR53TS,51.39291,0.117064,South,Princess Royal (PRUH),4.99,Darent Valley,10.89,Princess Royal (PRUH),4.99,Kings College Hospital,16.74
BR53TT,51.391739,0.109707,South,Princess Royal (PRUH),4.51,Darent Valley,11.41,Princess Royal (PRUH),4.51,Kings College Hospital,16.37
BR53TU,51.393876,0.115829,South,Princess Royal (PRUH),4.99,Darent Valley,10.92,Princess Royal (PRUH),4.99,Kings College Hospital,16.61
BR53TW,51.406739,0.116667,South,Princess Royal (PRUH),6.03,Darent Valley,10.34,Princess Royal (PRUH),6.03,Kings College Hospital,16.0
BR53TX,51.395277,0.113967,South,Princess Royal (PRUH),4.99,Darent Valley,10.97,Princess Royal (PRUH),4.99,Kings College Hospital,16.42
BR53TY,51.400108,0.113859,South,Princess Royal (PRUH),5.36,Darent Valley,10.77,Princess Royal (PRUH),5.36,Kings College Hospital,16.15
BR53TZ,51.396952,0.112319,South,Princess Royal (PRUH),5.03,Darent Valley,11.0,Princess Royal (PRUH),5.03,Kings College Hospital,16.23
BR53UA,51.39647,0.113102,South,Princess Royal (PRUH),5.04,Darent Valley,10.98,Princess Royal (PRUH),5.04,Kings College Hospital,16.3
BR53UB,51.39647,0.113102,South,Princess Royal (PRUH),5.04,Darent Valley,10.98,Princess Royal (PRUH),5.04,Kings College Hospital,16.3
BR53UD,51.39647,0.113102,South,Princess Royal (PRUH),5.04,Darent Valley,10.98,Princess Royal (PRUH),5.04,Kings College Hospital,16.3
BR53UE,51.393801,0.111542,South,Princess Royal (PRUH),4.76,Darent Valley,11.19,Princess Royal (PRUH),4.76,Kings College Hospital,16.36
BR53UF,51.37683,0.099164,South,Princess Royal (PRUH),2.99,Darent Valley,12.83,Princess Royal (PRUH),2.99,Kings College Hospital,16.7
BR53UG,51.37683,0.099164,South,Princess Royal (PRUH),2.99,Darent Valley,12.83,Princess Royal (PRUH),2.99,Kings College Hospital,16.7
BR53UH,51.398127,0.113969,South,Princess Royal (PRUH),5.21,Darent Valley,10.85,Princess Royal (PRUH),5.21,Kings College Hospital,16.27
BR53UJ,51.39647,0.113102,South,Princess Royal (PRUH),5.04,Darent Valley,10.98,Princess Royal (PRUH),5.04,Kings College Hospital,16.3
BR53UL,51.39647,0.113102,South,Princess Royal (PRUH),5.04,Darent Valley,10.98,Princess Royal (PRUH),5.04,Kings College Hospital,16.3
BR53UN,51.37683,0.099164,South,Princess Royal (PRUH),2.99,Darent Valley,12.83,Princess Royal (PRUH),2.99,Kings College Hospital,16.7
BR53UP,51.39647,0.113102,South,Princess Royal (PRUH),5.04,Darent Valley,10.98,Princess Royal (PRUH),5.04,Kings College Hospital,16.3
BR53UQ,51.37683,0.099164,South,Princess Royal (PRUH),2.99,Darent Valley,12.83,Princess Royal (PRUH),2.99,Kings College Hospital,16.7
BR53UR,51.39647,0.113102,South,Princess Royal (PRUH),5.04,Darent Valley,10.98,Princess Royal (PRUH),5.04,Kings College Hospital,16.3
BR53US,51.39647,0.113102,South,Princess Royal (PRUH),5.04,Darent Valley,10.98,Princess Royal (PRUH),5.04,Kings College Hospital,16.3
BR53UT,51.39647,0.113102,South,Princess Royal (PRUH),5.04,Darent Valley,10.98,Princess Royal (PRUH),5.04,Kings College Hospital,16.3
BR53UU,51.37683,0.099164,South,Princess Royal (PRUH),2.99,Darent Valley,12.83,Princess Royal (PRUH),2.99,Kings College Hospital,16.7
BR53UW,51.37683,0.099164,South,Princess Royal (PRUH),2.99,Darent Valley,12.83,Princess Royal (PRUH),2.99,Kings College Hospital,16.7
BR53UX,51.37683,0.099164,South,Princess Royal (PRUH),2.99,Darent Valley,12.83,Princess Royal (PRUH),2.99,Kings College Hospital,16.7
BR53UY,51.37683,0.099164,South,Princess Royal (PRUH),2.99,Darent Valley,12.83,Princess Royal (PRUH),2.99,Kings College Hospital,16.7
BR53UZ,51.37683,0.099164,South,Princess Royal (PRUH),2.99,Darent Valley,12.83,Princess Royal (PRUH),2.99,Kings College Hospital,16.7
BR53WA,51.39704,0.11793,South,Princess Royal (PRUH),5.33,Darent Valley,10.64,Princess Royal (PRUH),5.33,Kings College Hospital,16.56
BR53WB,51.396416,0.117628,South,Princess Royal (PRUH),5.27,Darent Valley,10.69,Princess Royal (PRUH),5.27,Kings College Hospital,16.58
BR53WD,51.396094,0.120977,South,Princess Royal (PRUH),5.42,Darent Valley,10.49,Princess Royal (PRUH),5.42,Kings College Hospital,16.8
BR53WE,51.397027,0.119151,South,Princess Royal (PRUH),5.39,Darent Valley,10.57,Princess Royal (PRUH),5.39,Kings College Hospital,16.64
BR53WF,51.396406,0.11964,South,Princess Royal (PRUH),5.37,Darent Valley,10.56,Princess Royal (PRUH),5.37,Kings College Hospital,16.7
BR53WG,51.395658,0.120727,South,Princess Royal (PRUH),5.38,Darent Valley,10.53,Princess Royal (PRUH),5.38,Kings College Hospital,16.81
BR53WH,51.395658,0.120727,South,Princess Royal (PRUH),5.38,Darent Valley,10.53,Princess Royal (PRUH),5.38,Kings College Hospital,16.81
BR53WJ,51.395658,0.120727,South,Princess Royal (PRUH),5.38,Darent Valley,10.53,Princess Royal (PRUH),5.38,Kings College Hospital,16.81
BR53WL,51.395658,0.120727,South,Princess Royal (PRUH),5.38,Darent Valley,10.53,Princess Royal (PRUH),5.38,Kings College Hospital,16.81
BR53WN,51.37683,0.099164,South,Princess Royal (PRUH),2.99,Darent Valley,12.83,Princess Royal (PRUH),2.99,Kings College Hospital,16.7
BR53WP,51.37683,0.099164,South,Princess Royal (PRUH),2.99,Darent Valley,12.83,Princess Royal (PRUH),2.99,Kings College Hospital,16.7
BR53WQ,51.397197,0.116701,South,Princess Royal (PRUH),5.28,Darent Valley,10.71,Princess Royal (PRUH),5.28,Kings College Hospital,16.48
BR53WR,51.37683,0.099164,South,Princess Royal (PRUH),2.99,Darent Valley,12.83,Princess Royal (PRUH),2.99,Kings College Hospital,16.7
BR53WS,51.37683,0.099164,South,Princess Royal (PRUH),2.99,Darent Valley,12.83,Princess Royal (PRUH),2.99,Kings College Hospital,16.7
BR53WT,51.37683,0.099164,South,Princess Royal (PRUH),2.99,Darent Valley,12.83,Princess Royal (PRUH),2.99,Kings College Hospital,16.7
BR53WU,51.37683,0.099164,South,Princess Royal (PRUH),2.99,Darent Valley,12.83,Princess Royal (PRUH),2.99,Kings College Hospital,16.7
BR53WW,51.37683,0.099164,South,Princess Royal (PRUH),2.99,Darent Valley,12.83,Princess Royal (PRUH),2.99,Kings College Hospital,16.7
BR53WX,51.37683,0.099164,South,Princess Royal (PRUH),2.99,Darent Valley,12.83,Princess Royal (PRUH),2.99,Kings College Hospital,16.7
BR53WY,51.37683,0.099164,South,Princess Royal (PRUH),2.99,Darent Valley,12.83,Princess Royal (PRUH),2.99,Kings College Hospital,16.7
BR53WZ,51.37683,0.099164,South,Princess Royal (PRUH),2.99,Darent Valley,12.83,Princess Royal (PRUH),2.99,Kings College Hospital,16.7
BR53XA,51.37683,0.099164,South,Princess Royal (PRUH),2.99,Darent Valley,12.83,Princess Royal (PRUH),2.99,Kings College Hospital,16.7
BR53XB,51.37683,0.099164,South,Princess Royal (PRUH),2.99,Darent Valley,12.83,Princess Royal (PRUH),2.99,Kings College Hospital,16.7
BR53XD,51.400145,0.115313,South,Princess Royal (PRUH),5.43,Darent Valley,10.68,Princess Royal (PRUH),5.43,Kings College Hospital,16.24
BR53XE,51.400145,0.115313,South,Princess Royal (PRUH),5.43,Darent Valley,10.68,Princess Royal (PRUH),5.43,Kings College Hospital,16.24
BR53XF,51.400145,0.115313,South,Princess Royal (PRUH),5.43,Darent Valley,10.68,Princess Royal (PRUH),5.43,Kings College Hospital,16.24
BR53XG,51.37683,0.099164,South,Princess Royal (PRUH),2.99,Darent Valley,12.83,Princess Royal (PRUH),2.99,Kings College Hospital,16.7
BR53XH,51.37683,0.099164,South,Princess Royal (PRUH),2.99,Darent Valley,12.83,Princess Royal (PRUH),2.99,Kings College Hospital,16.7
BR53XJ,51.37683,0.099164,South,Princess Royal (PRUH),2.99,Darent Valley,12.83,Princess Royal (PRUH),2.99,Kings College Hospital,16.7
BR53XL,51.37683,0.099164,South,Princess Royal (PRUH),2.99,Darent Valley,12.83,Princess Royal (PRUH),2.99,Kings College Hospital,16.7
BR53XN,51.37683,0.099164,South,Princess Royal (PRUH),2.99,Darent Valley,12.83,Princess Royal (PRUH),2.99,Kings College Hospital,16.7
BR53XP,51.37683,0.099164,South,Princess Royal (PRUH),2.99,Darent Valley,12.83,Princess Royal (PRUH),2.99,Kings College Hospital,16.7
BR53XQ,51.37683,0.099164,South,Princess Royal (PRUH),2.99,Darent Valley,12.83,Princess Royal (PRUH),2.99,Kings College Hospital,16.7
BR53XR,51.37683,0.099164,South,Princess Royal (PRUH),2.99,Darent Valley,12.83,Princess Royal (PRUH),2.99,Kings College Hospital,16.7
BR53XS,51.37683,0.099164,South,Princess Royal (PRUH),2.99,Darent Valley,12.83,Princess Royal (PRUH),2.99,Kings College Hospital,16.7
BR53XY,51.37683,0.099164,South,Princess Royal (PRUH),2.99,Darent Valley,12.83,Princess Royal (PRUH),2.99,Kings College Hospital,16.7
BR53XZ,51.37683,0.099164,South,Princess Royal (PRUH),2.99,Darent Valley,12.83,Princess Royal (PRUH),2.99,Kings College Hospital,16.7
BR53YB,51.37683,0.099164,South,Princess Royal (PRUH),2.99,Darent Valley,12.83,Princess Royal (PRUH),2.99,Kings College Hospital,16.7
BR53YE,51.37683,0.099164,South,Princess Royal (PRUH),2.99,Darent Valley,12.83,Princess Royal (PRUH),2.99,Kings College Hospital,16.7
BR53YQ,51.37683,0.099164,South,Princess Royal (PRUH),2.99,Darent Valley,12.83,Princess Royal (PRUH),2.99,Kings College Hospital,16.7
BR53ZA,51.37683,0.099164,South,Princess Royal (PRUH),2.99,Darent Valley,12.83,Princess Royal (PRUH),2.99,Kings College Hospital,16.7
BR53ZB,51.37683,0.099164,South,Princess Royal (PRUH),2.99,Darent Valley,12.83,Princess Royal (PRUH),2.99,Kings College Hospital,16.7
BR53ZD,51.37683,0.099164,South,Princess Royal (PRUH),2.99,Darent Valley,12.83,Princess Royal (PRUH),2.99,Kings College Hospital,16.7
BR53ZE,51.37683,0.099164,South,Princess Royal (PRUH),2.99,Darent Valley,12.83,Princess Royal (PRUH),2.99,Kings College Hospital,16.7
BR53ZF,51.396393,0.117411,South,Princess Royal (PRUH),5.25,Darent Valley,10.7,Princess Royal (PRUH),5.25,Kings College Hospital,16.57
BR53ZG,51.37683,0.099164,South,Princess Royal (PRUH),2.99,Darent Valley,12.83,Princess Royal (PRUH),2.99,Kings College Hospital,16.7
BR53ZH,51.37683,0.099164,South,Princess Royal (PRUH),2.99,Darent Valley,12.83,Princess Royal (PRUH),2.99,Kings College Hospital,16.7
BR53ZJ,51.37683,0.099164,South,Princess Royal (PRUH),2.99,Darent Valley,12.83,Princess Royal (PRUH),2.99,Kings College Hospital,16.7
BR53ZL,51.37683,0.099164,South,Princess Royal (PRUH),2.99,Darent Valley,12.83,Princess Royal (PRUH),2.99,Kings College Hospital,16.7
BR53ZN,51.400198,0.11533,South,Princess Royal (PRUH),5.44,Darent Valley,10.67,Princess Royal (PRUH),5.44,Kings College Hospital,16.24
BR53ZP,51.37683,0.099164,South,Princess Royal (PRUH),2.99,Darent Valley,12.83,Princess Royal (PRUH),2.99,Kings College Hospital,16.7
BR53ZQ,51.37683,0.099164,South,Princess Royal (PRUH),2.99,Darent Valley,12.83,Princess Royal (PRUH),2.99,Kings College Hospital,16.7
BR53ZR,51.400145,0.115313,South,Princess Royal (PRUH),5.43,Darent Valley,10.68,Princess Royal (PRUH),5.43,Kings College Hospital,16.24
BR53ZS,51.37683,0.099164,South,Princess Royal (PRUH),2.99,Darent Valley,12.83,Princess Royal (PRUH),2.99,Kings College Hospital,16.7
BR53ZT,51.37683,0.099164,South,Princess Royal (PRUH),2.99,Darent Valley,12.83,Princess Royal (PRUH),2.99,Kings College Hospital,16.7
BR53ZU,51.37683,0.099164,South,Princess Royal (PRUH),2.99,Darent Valley,12.83,Princess Royal (PRUH),2.99,Kings College Hospital,16.7
BR53ZW,51.400145,0.115313,South,Princess Royal (PRUH),5.43,Darent Valley,10.68,Princess Royal (PRUH),5.43,Kings College Hospital,16.24
BR53ZX,51.400225,0.115317,South,Princess Royal (PRUH),5.44,Darent Valley,10.67,Princess Royal (PRUH),5.44,Kings College Hospital,16.24
BR53ZY,51.37683,0.099164,South,Princess Royal (PRUH),2.99,Darent Valley,12.83,Princess Royal (PRUH),2.99,Kings College Hospital,16.7
BR53ZZ,51.396393,0.117411,South,Princess Royal (PRUH),5.25,Darent Valley,10.7,Princess Royal (PRUH),5.25,Kings College Hospital,16.57
BR54AA,51.384879,0.107092,South,Princess Royal (PRUH),3.91,Darent Valley,11.91,Princess Royal (PRUH),3.91,Kings College Hospital,16.62
BR54AB,51.387036,0.110698,South,Princess Royal (PRUH),4.25,Darent Valley,11.58,Princess Royal (PRUH),4.25,Kings College Hospital,16.7
BR54AD,51.386367,0.112364,South,Princess Royal (PRUH),4.31,Darent Valley,11.51,Princess Royal (PRUH),4.31,Kings College Hospital,16.84
BR54AE,51.383676,0.108,South,Princess Royal (PRUH),3.89,Darent Valley,11.92,Princess Royal (PRUH),3.89,Kings College Hospital,16.75
BR54AF,51.383687,0.109869,South,Princess Royal (PRUH),4.0,Darent Valley,11.8,Princess Royal (PRUH),4.0,Kings College Hospital,16.86
BR54AG,51.384796,0.111242,South,Princess Royal (PRUH),4.15,Darent Valley,11.66,Princess Royal (PRUH),4.15,Kings College Hospital,16.87
BR54AH,51.385546,0.111003,South,Princess Royal (PRUH),4.18,Darent Valley,11.64,Princess Royal (PRUH),4.18,Kings College Hospital,16.81
BR54AJ,51.384054,0.109454,South,Princess Royal (PRUH),4.0,Darent Valley,11.81,Princess Royal (PRUH),4.0,Kings College Hospital,16.81
BR54AL,51.383912,0.108859,South,Princess Royal (PRUH),3.96,Darent Valley,11.85,Princess Royal (PRUH),3.96,Kings College Hospital,16.79
BR54AN,51.384781,0.112521,South,Princess Royal (PRUH),4.22,Darent Valley,11.58,Princess Royal (PRUH),4.22,Kings College Hospital,16.94
BR54AP,51.386605,0.114602,South,Princess Royal (PRUH),4.45,Darent Valley,11.36,Princess Royal (PRUH),4.45,Kings College Hospital,16.96
BR54AQ,51.384528,0.110626,South,Princess Royal (PRUH),4.1,Darent Valley,11.71,Princess Royal (PRUH),4.1,Kings College Hospital,16.85
BR54AR,51.386837,0.113751,South,Princess Royal (PRUH),4.42,Darent Valley,11.4,Princess Royal (PRUH),4.42,Kings College Hospital,16.89
BR54AS,51.387461,0.114038,South,Princess Royal (PRUH),4.47,Darent Valley,11.35,Princess Royal (PRUH),4.47,Kings College Hospital,16.87
BR54AT,51.389103,0.114258,South,Princess Royal (PRUH),4.58,Darent Valley,11.25,Princess Royal (PRUH),4.58,Kings College Hospital,16.79
BR54AU,51.391053,0.11429,South,Princess Royal (PRUH),4.71,Darent Valley,11.15,Princess Royal (PRUH),4.71,Kings College Hospital,16.68
BR54AW,51.384606,0.111779,South,Princess Royal (PRUH),4.17,Darent Valley,11.64,Princess Royal (PRUH),4.17,Kings College Hospital,16.91
BR54AX,51.388396,0.114024,South,Princess Royal (PRUH),4.53,Darent Valley,11.3,Princess Royal (PRUH),4.53,Kings College Hospital,16.82
BR54AY,51.390794,0.115212,South,Princess Royal (PRUH),4.75,Darent Valley,11.11,Princess Royal (PRUH),4.75,Kings College Hospital,16.75
BR54AZ,51.391479,0.115115,South,Princess Royal (PRUH),4.79,Darent Valley,11.08,Princess Royal (PRUH),4.79,Kings College Hospital,16.7
BR54BA,51.388768,0.115349,South,Princess Royal (PRUH),4.63,Darent Valley,11.2,Princess Royal (PRUH),4.63,Kings College Hospital,16.87
BR54BB,51.389279,0.11497,South,Princess Royal (PRUH),4.64,Darent Valley,11.2,Princess Royal (PRUH),4.64,Kings College Hospital,16.82
BR54BD,51.389561,0.115759,South,Princess Royal (PRUH),4.7,Darent Valley,11.14,Princess Royal (PRUH),4.7,Kings College Hospital,16.85
BR54BE,51.38909,0.115953,South,Princess Royal (PRUH),4.68,Darent Valley,11.15,Princess Royal (PRUH),4.68,Kings College Hospital,16.89
BR54BF,51.388332,0.115602,South,Princess Royal (PRUH),4.61,Darent Valley,11.21,Princess Royal (PRUH),4.61,Kings College Hospital,16.91
BR54BG,51.389814,0.115225,South,Princess Royal (PRUH),4.68,Darent Valley,11.16,Princess Royal (PRUH),4.68,Kings College Hospital,16.8
BR54BH,51.390438,0.115023,South,Princess Royal (PRUH),4.71,Darent Valley,11.14,Princess Royal (PRUH),4.71,Kings College Hospital,16.76
BR54BJ,51.390409,0.116632,South,Princess Royal (PRUH),4.8,Darent Valley,11.04,Princess Royal (PRUH),4.8,Kings College Hospital,16.85
BR54BL,51.388651,0.119828,South,Princess Royal (PRUH),4.88,Darent Valley,10.93,Princess Royal (PRUH),4.88,Kings College Hospital,17.14
BR54BN,51.390828,0.116335,South,Princess Royal (PRUH),4.81,Darent Valley,11.04,Princess Royal (PRUH),4.81,Kings College Hospital,16.81
BR54BP,51.388229,0.120311,South,Princess Royal (PRUH),4.88,Darent Valley,10.93,Princess Royal (PRUH),4.88,Kings College Hospital,17.2
BR54BQ,51.388468,0.108536,South,Princess Royal (PRUH),4.22,Darent Valley,11.64,Princess Royal (PRUH),4.22,Kings College Hospital,16.49
BR54BS,51.386956,0.119577,South,Princess Royal (PRUH),4.77,Darent Valley,11.04,Princess Royal (PRUH),4.77,Kings College Hospital,17.23
BR54BT,51.387485,0.119659,South,Princess Royal (PRUH),4.8,Darent Valley,11.01,Princess Royal (PRUH),4.8,Kings College Hospital,17.2
BR54BU,51.390683,0.118341,South,Princess Royal (PRUH),4.92,Darent Valley,10.92,Princess Royal (PRUH),4.92,Kings College Hospital,16.94
BR54BW,51.389358,0.117532,South,Princess Royal (PRUH),4.79,Darent Valley,11.04,Princess Royal (PRUH),4.79,Kings College Hospital,16.97
BR54BX,51.387805,0.121858,South,Princess Royal (PRUH),4.95,Darent Valley,10.86,Princess Royal (PRUH),4.95,Kings College Hospital,17.31
BR54BY,51.388891,0.121003,South,Princess Royal (PRUH),4.96,Darent Valley,10.85,Princess Royal (PRUH),4.96,Kings College Hospital,17.2
BR54BZ,51.390751,0.120054,South,Princess Royal (PRUH),5.02,Darent Valley,10.81,Princess Royal (PRUH),5.02,Kings College Hospital,17.04
BR54DA,51.389752,0.118614,South,Princess Royal (PRUH),4.87,Darent Valley,10.95,Princess Royal (PRUH),4.87,Kings College Hospital,17.01
BR54DB,51.389968,0.119587,South,Princess Royal (PRUH),4.94,Darent Valley,10.88,Princess Royal (PRUH),4.94,Kings College Hospital,17.05
BR54DD,51.38999,0.121385,South,Princess Royal (PRUH),5.05,Darent Valley,10.77,Princess Royal (PRUH),5.05,Kings College Hospital,17.16
BR54DE,51.390829,0.121208,South,Princess Royal (PRUH),5.09,Darent Valley,10.74,Princess Royal (PRUH),5.09,Kings College Hospital,17.1
BR54DF,51.388668,0.12187,South,Princess Royal (PRUH),5.0,Darent Valley,10.81,Princess Royal (PRUH),5.0,Kings College Hospital,17.26
BR54DG,51.387542,0.122982,South,Princess Royal (PRUH),5.01,Darent Valley,10.8,Princess Royal (PRUH),5.01,Kings College Hospital,17.39
BR54DH,51.382679,0.116922,South,Princess Royal (PRUH),4.38,Darent Valley,11.44,Princess Royal (PRUH),4.38,Kings College Hospital,17.33
BR54DJ,51.383347,0.116263,South,Princess Royal (PRUH),4.38,Darent Valley,11.44,Princess Royal (PRUH),4.38,Kings College Hospital,17.25
BR54DL,51.383367,0.117141,South,Princess Royal (PRUH),4.43,Darent Valley,11.38,Princess Royal (PRUH),4.43,Kings College Hospital,17.3
BR54DN,51.385324,0.114342,South,Princess Royal (PRUH),4.36,Darent Valley,11.44,Princess Royal (PRUH),4.36,Kings College Hospital,17.02
BR54DP,51.383839,0.115395,South,Princess Royal (PRUH),4.35,Darent Valley,11.46,Princess Royal (PRUH),4.35,Kings College Hospital,17.17
BR54DQ,51.383152,0.115607,South,Princess Royal (PRUH),4.33,Darent Valley,11.49,Princess Royal (PRUH),4.33,Kings College Hospital,17.22
BR54DR,51.382246,0.115508,South,Princess Royal (PRUH),4.27,Darent Valley,11.55,Princess Royal (PRUH),4.27,Kings College Hospital,17.27
BR54DS,51.383517,0.117823,South,Princess Royal (PRUH),4.48,Darent Valley,11.34,Princess Royal (PRUH),4.48,Kings College Hospital,17.33
BR54DT,51.385036,0.115867,South,Princess Royal (PRUH),4.44,Darent Valley,11.37,Princess Royal (PRUH),4.44,Kings College Hospital,17.12
BR54DU,51.385174,0.116678,South,Princess Royal (PRUH),4.5,Darent Valley,11.31,Princess Royal (PRUH),4.5,Kings College Hospital,17.16
BR54DW,51.384141,0.115107,South,Princess Royal (PRUH),4.35,Darent Valley,11.46,Princess Royal (PRUH),4.35,Kings College Hospital,17.13
BR54DX,51.385901,0.11526,South,Princess Royal (PRUH),4.45,Darent Valley,11.36,Princess Royal (PRUH),4.45,Kings College Hospital,17.04
BR54DY,51.384596,0.117786,South,Princess Royal (PRUH),4.53,Darent Valley,11.28,Princess Royal (PRUH),4.53,Kings College Hospital,17.26
BR54DZ,51.384346,0.11822,South,Princess Royal (PRUH),4.55,Darent Valley,11.26,Princess Royal (PRUH),4.55,Kings College Hospital,17.3
BR54EA,51.381171,0.118218,South,Princess Royal (PRUH),4.4,Darent Valley,11.45,Princess Royal (PRUH),4.4,Kings College Hospital,17.5
BR54EB,51.381083,0.117121,South,Princess Royal (PRUH),4.32,Darent Valley,11.52,Princess Royal (PRUH),4.32,Kings College Hospital,17.44
BR54ED,51.381457,0.116865,South,Princess Royal (PRUH),4.32,Darent Valley,11.51,Princess Royal (PRUH),4.32,Kings College Hospital,17.4
BR54EE,51.382081,0.118648,South,Princess Royal (PRUH),4.46,Darent Valley,11.37,Princess Royal (PRUH),4.46,Kings College Hospital,17.46
BR54EF,51.381795,0.118045,South,Princess Royal (PRUH),4.41,Darent Valley,11.42,Princess Royal (PRUH),4.41,Kings College Hospital,17.45
BR54EG,51.380445,0.119592,South,Princess Royal (PRUH),4.45,Darent Valley,11.41,Princess Royal (PRUH),4.45,Kings College Hospital,17.62
BR54EH,51.379028,0.119412,South,Princess Royal (PRUH),4.39,Darent Valley,11.5,Princess Royal (PRUH),4.39,Kings College Hospital,17.7
BR54EJ,51.379761,0.120107,South,Princess Royal (PRUH),4.46,Darent Valley,11.42,Princess Royal (PRUH),4.46,Kings College Hospital,17.69
BR54EL,51.385571,0.111608,South,Princess Royal (PRUH),4.21,Darent Valley,11.6,Princess Royal (PRUH),4.21,Kings College Hospital,16.84
BR54EN,51.391515,0.117632,South,Princess Royal (PRUH),4.93,Darent Valley,10.92,Princess Royal (PRUH),4.93,Kings College Hospital,16.85
BR54EP,51.388543,0.12481,South,Princess Royal (PRUH),5.17,Darent Valley,10.64,Princess Royal (PRUH),5.17,Kings College Hospital,17.45
BR54EQ,51.379912,0.118734,South,Princess Royal (PRUH),4.38,Darent Valley,11.49,Princess Royal (PRUH),4.38,Kings College Hospital,17.6
BR54ER,51.387177,0.131215,South,Princess Royal (PRUH),5.49,Darent Valley,10.33,Princess Royal (PRUH),5.49,Kings College Hospital,17.91
BR54ES,51.387831,0.127853,South,Princess Royal (PRUH),5.32,Darent Valley,10.49,Princess Royal (PRUH),5.32,Kings College Hospital,17.67
BR54ET,51.391462,0.136387,South,Princess Royal (PRUH),6.03,Darent Valley,9.78,Princess Royal (PRUH),6.03,Kings College Hospital,17.99
BR54EU,51.382881,0.135485,South,Princess Royal (PRUH),5.58,Darent Valley,10.34,Princess Royal (PRUH),5.58,Kings College Hospital,18.41
BR54EW,51.391524,0.115634,South,Princess Royal (PRUH),4.82,Darent Valley,11.05,Princess Royal (PRUH),4.82,Kings College Hospital,16.73
BR54EX,51.370393,0.142705,South,Princess Royal (PRUH),5.77,Darent Valley,10.8,Princess Royal (PRUH),5.77,Kings College Hospital,19.57
BR54EY,51.378052,0.134498,South,Princess Royal (PRUH),5.35,Darent Valley,10.71,Princess Royal (PRUH),5.35,Kings College Hospital,18.63
BR54EZ,51.378566,0.13639,South,Princess Royal (PRUH),5.5,Darent Valley,10.57,Princess Royal (PRUH),5.5,Kings College Hospital,18.71
BR54FA,51.386684,0.112723,South,Princess Royal (PRUH),4.35,Darent Valley,11.47,Princess Royal (PRUH),4.35,Kings College Hospital,16.84
BR54FD,51.378903,0.139596,South,Princess Royal (PRUH),5.72,Darent Valley,10.37,Princess Royal (PRUH),5.72,Kings College Hospital,18.88
BR54FE,51.390625,0.117605,South,Princess Royal (PRUH),4.87,Darent Valley,10.97,Princess Royal (PRUH),4.87,Kings College Hospital,16.9
BR54FF,51.380389,0.128615,South,Princess Royal (PRUH),5.04,Darent Valley,10.89,Princess Royal (PRUH),5.04,Kings College Hospital,18.15
BR54FG,51.374565,0.12001,South,Princess Royal (PRUH),4.28,Darent Valley,11.75,Princess Royal (PRUH),4.28,Kings College Hospital,18.02
BR54FH,51.375331,0.118465,South,Princess Royal (PRUH),4.2,Darent Valley,11.79,Princess Royal (PRUH),4.2,Kings College Hospital,17.88
BR54FJ,51.380105,0.127926,South,Princess Royal (PRUH),4.98,Darent Valley,10.95,Princess Royal (PRUH),4.98,Kings College Hospital,18.12
BR54FL,51.374839,0.119305,South,Princess Royal (PRUH),4.24,Darent Valley,11.77,Princess Royal (PRUH),4.24,Kings College Hospital,17.96
BR54FN,51.374531,0.118917,South,Princess Royal (PRUH),4.21,Darent Valley,11.81,Princess Royal (PRUH),4.21,Kings College Hospital,17.96
BR54FP,51.375193,0.11912,South,Princess Royal (PRUH),4.24,Darent Valley,11.76,Princess Royal (PRUH),4.24,Kings College Hospital,17.92
BR54FQ,51.37683,0.099164,South,Princess Royal (PRUH),2.99,Darent Valley,12.83,Princess Royal (PRUH),2.99,Kings College Hospital,16.7
BR54GA,51.375666,0.118811,South,Princess Royal (PRUH),4.23,Darent Valley,11.75,Princess Royal (PRUH),4.23,Kings College Hospital,17.88
BR54GB,51.37475,0.11726,South,Princess Royal (PRUH),4.1,Darent Valley,11.89,Princess Royal (PRUH),4.1,Kings College Hospital,17.85
BR54GD,51.374676,0.116409,South,Princess Royal (PRUH),4.04,Darent Valley,11.95,Princess Royal (PRUH),4.04,Kings College Hospital,17.8
BR54GE,51.375485,0.116389,South,Princess Royal (PRUH),4.07,Darent Valley,11.9,Princess Royal (PRUH),4.07,Kings College Hospital,17.75
BR54GF,51.375855,0.116348,South,Princess Royal (PRUH),4.07,Darent Valley,11.88,Princess Royal (PRUH),4.07,Kings College Hospital,17.72
BR54GJ,51.375106,0.116501,South,Princess Royal (PRUH),4.06,Darent Valley,11.91,Princess Royal (PRUH),4.06,Kings College Hospital,17.78
BR54GL,51.374632,0.116852,South,Princess Royal (PRUH),4.07,Darent Valley,11.92,Princess Royal (PRUH),4.07,Kings College Hospital,17.83
BR54GN,51.375138,0.117709,South,Princess Royal (PRUH),4.14,Darent Valley,11.84,Princess Royal (PRUH),4.14,Kings College Hospital,17.85
BR54GR,51.375681,0.117978,South,Princess Royal (PRUH),4.18,Darent Valley,11.79,Princess Royal (PRUH),4.18,Kings College Hospital,17.83
BR54GX,51.39095,0.117534,South,Princess Royal (PRUH),4.89,Darent Valley,10.96,Princess Royal (PRUH),4.89,Kings College Hospital,16.88
BR54HA,51.371276,0.134284,South,Princess Royal (PRUH),5.2,Darent Valley,11.18,Princess Royal (PRUH),5.2,Kings College Hospital,19.04
BR54HB,51.369233,0.136818,South,Princess Royal (PRUH),5.35,Darent Valley,11.2,Princess Royal (PRUH),5.35,Kings College Hospital,19.31
BR54HD,51.375063,0.124301,South,Princess Royal (PRUH),4.59,Darent Valley,11.47,Princess Royal (PRUH),4.59,Kings College Hospital,18.23
BR54HE,51.38675,0.108084,South,Princess Royal (PRUH),4.08,Darent Valley,11.75,Princess Royal (PRUH),4.08,Kings College Hospital,16.57
BR54HF,51.376956,0.126558,South,Princess Royal (PRUH),4.79,Darent Valley,11.22,Princess Royal (PRUH),4.79,Kings College Hospital,18.24
BR54HG,51.381085,0.120499,South,Princess Royal (PRUH),4.54,Darent Valley,11.32,Princess Royal (PRUH),4.54,Kings College Hospital,17.63
BR54HH,51.379086,0.123136,South,Princess Royal (PRUH),4.63,Darent Valley,11.29,Princess Royal (PRUH),4.63,Kings College Hospital,17.91
BR54HJ,51.380928,0.12121,South,Princess Royal (PRUH),4.58,Darent Valley,11.29,Princess Royal (PRUH),4.58,Kings College Hospital,17.68
BR54HL,51.380827,0.121852,South,Princess Royal (PRUH),4.62,Darent Valley,11.25,Princess Royal (PRUH),4.62,Kings College Hospital,17.73
BR54HN,51.379152,0.124979,South,Princess Royal (PRUH),4.76,Darent Valley,11.17,Princess Royal (PRUH),4.76,Kings College Hospital,18.01
BR54HP,51.380271,0.122746,South,Princess Royal (PRUH),4.65,Darent Valley,11.24,Princess Royal (PRUH),4.65,Kings College Hospital,17.81
BR54HQ,51.380969,0.11999,South,Princess Royal (PRUH),4.5,Darent Valley,11.35,Princess Royal (PRUH),4.5,Kings College Hospital,17.61
BR54HR,51.379798,0.123026,South,Princess Royal (PRUH),4.65,Darent Valley,11.25,Princess Royal (PRUH),4.65,Kings College Hospital,17.86
BR54HS,51.381392,0.12241,South,Princess Royal (PRUH),4.67,Darent Valley,11.19,Princess Royal (PRUH),4.67,Kings College Hospital,17.73
BR54HT,51.380803,0.124667,South,Princess Royal (PRUH),4.8,Darent Valley,11.09,Princess Royal (PRUH),4.8,Kings College Hospital,17.89
BR54HU,51.380546,0.12592,South,Princess Royal (PRUH),4.87,Darent Valley,11.03,Princess Royal (PRUH),4.87,Kings College Hospital,17.98
BR54HW,51.379786,0.124721,South,Princess Royal (PRUH),4.76,Darent Valley,11.15,Princess Royal (PRUH),4.76,Kings College Hospital,17.96
BR54HX,51.379986,0.123609,South,Princess Royal (PRUH),4.7,Darent Valley,11.2,Princess Royal (PRUH),4.7,Kings College Hospital,17.88
BR54HY,51.382438,0.121768,South,Princess Royal (PRUH),4.68,Darent Valley,11.16,Princess Royal (PRUH),4.68,Kings College Hospital,17.62
BR54HZ,51.381169,0.124799,South,Princess Royal (PRUH),4.82,Darent Valley,11.06,Princess Royal (PRUH),4.82,Kings College Hospital,17.88
BR54JB,51.381235,0.121641,South,Princess Royal (PRUH),4.62,Darent Valley,11.24,Princess Royal (PRUH),4.62,Kings College Hospital,17.69
BR54JD,51.382758,0.109524,South,Princess Royal (PRUH),3.93,Darent Valley,11.88,Princess Royal (PRUH),3.93,Kings College Hospital,16.9
BR54JE,51.382414,0.113144,South,Princess Royal (PRUH),4.14,Darent Valley,11.68,Princess Royal (PRUH),4.14,Kings College Hospital,17.13
BR54JF,51.383368,0.114094,South,Princess Royal (PRUH),4.24,Darent Valley,11.57,Princess Royal (PRUH),4.24,Kings College Hospital,17.12
BR54JG,51.382679,0.114407,South,Princess Royal (PRUH),4.23,Darent Valley,11.59,Princess Royal (PRUH),4.23,Kings College Hospital,17.18
BR54JH,51.383702,0.112557,South,Princess Royal (PRUH),4.17,Darent Valley,11.64,Princess Royal (PRUH),4.17,Kings College Hospital,17.01
BR54JJ,51.384128,0.113367,South,Princess Royal (PRUH),4.24,Darent Valley,11.57,Princess Royal (PRUH),4.24,Kings College Hospital,17.03
BR54JL,51.381228,0.11309,South,Princess Royal (PRUH),4.07,Darent Valley,11.75,Princess Royal (PRUH),4.07,Kings College Hospital,17.2
BR54JN,51.38251,0.111798,South,Princess Royal (PRUH),4.06,Darent Valley,11.75,Princess Royal (PRUH),4.06,Kings College Hospital,17.04
BR54JP,51.381101,0.112164,South,Princess Royal (PRUH),4.01,Darent Valley,11.81,Princess Royal (PRUH),4.01,Kings College Hospital,17.15
BR54JQ,51.383669,0.114395,South,Princess Royal (PRUH),4.28,Darent Valley,11.53,Princess Royal (PRUH),4.28,Kings College Hospital,17.12
BR54JR,51.381014,0.111485,South,Princess Royal (PRUH),3.96,Darent Valley,11.86,Princess Royal (PRUH),3.96,Kings College Hospital,17.12
BR54JS,51.382208,0.110605,South,Princess Royal (PRUH),3.97,Darent Valley,11.84,Princess Royal (PRUH),3.97,Kings College Hospital,16.99
BR54JT,51.381357,0.10992,South,Princess Royal (PRUH),3.88,Darent Valley,11.93,Princess Royal (PRUH),3.88,Kings College Hospital,17.01
BR54JU,51.380521,0.11139,South,Princess Royal (PRUH),3.93,Darent Valley,11.89,Princess Royal (PRUH),3.93,Kings College Hospital,17.14
BR54JW,51.381946,0.113195,South,Princess Royal (PRUH),4.12,Darent Valley,11.7,Princess Royal (PRUH),4.12,Kings College Hospital,17.16
BR54JY,51.379341,0.110531,South,Princess Royal (PRUH),3.83,Darent Valley,12.01,Princess Royal (PRUH),3.83,Kings College Hospital,17.17
BR54JZ,51.379386,0.110016,South,Princess Royal (PRUH),3.8,Darent Valley,12.04,Princess Royal (PRUH),3.8,Kings College Hospital,17.14
BR54LA,51.377152,0.110229,South,Princess Royal (PRUH),3.72,Darent Valley,12.15,Princess Royal (PRUH),3.72,Kings College Hospital,17.3
BR54LB,51.375558,0.110386,South,Princess Royal (PRUH),3.67,Darent Valley,12.24,Princess Royal (PRUH),3.67,Kings College Hospital,17.41
BR54LD,51.373402,0.110746,South,Princess Royal (PRUH),3.63,Darent Valley,12.35,Princess Royal (PRUH),3.63,Kings College Hospital,17.57
BR54LE,51.377134,0.116235,South,Princess Royal (PRUH),4.11,Darent Valley,11.8,Princess Royal (PRUH),4.11,Kings College Hospital,17.64
BR54LF,51.374893,0.112338,South,Princess Royal (PRUH),3.78,Darent Valley,12.17,Princess Royal (PRUH),3.78,Kings College Hospital,17.56
BR54LG,51.373091,0.114037,South,Princess Royal (PRUH),3.84,Darent Valley,12.18,Princess Royal (PRUH),3.84,Kings College Hospital,17.78
BR54LH,51.37626,0.115792,South,Princess Royal (PRUH),4.05,Darent Valley,11.88,Princess Royal (PRUH),4.05,Kings College Hospital,17.67
BR54LJ,51.376732,0.117064,South,Princess Royal (PRUH),4.15,Darent Valley,11.78,Princess Royal (PRUH),4.15,Kings College Hospital,17.71
BR54LL,51.37828,0.115526,South,Princess Royal (PRUH),4.1,Darent Valley,11.78,Princess Royal (PRUH),4.1,Kings College Hospital,17.52
BR54LN,51.378576,0.118543,South,Princess Royal (PRUH),4.31,Darent Valley,11.58,Princess Royal (PRUH),4.31,Kings College Hospital,17.68
BR54LP,51.378054,0.120057,South,Princess Royal (PRUH),4.39,Darent Valley,11.53,Princess Royal (PRUH),4.39,Kings College Hospital,17.8
BR54LQ,51.37283,0.114513,South,Princess Royal (PRUH),3.87,Darent Valley,12.17,Princess Royal (PRUH),3.87,Kings College Hospital,17.82
BR54LR,51.378398,0.116911,South,Princess Royal (PRUH),4.2,Darent Valley,11.69,Princess Royal (PRUH),4.2,Kings College Hospital,17.59
BR54LS,51.378883,0.12044,South,Princess Royal (PRUH),4.45,Darent Valley,11.45,Princess Royal (PRUH),4.45,Kings College Hospital,17.77
BR54LT,51.377332,0.113198,South,Princess Royal (PRUH),3.92,Darent Valley,11.97,Princess Royal (PRUH),3.92,Kings College Hospital,17.45
BR54LU,51.377866,0.113035,South,Princess Royal (PRUH),3.93,Darent Valley,11.95,Princess Royal (PRUH),3.93,Kings College Hospital,17.41
BR54LW,51.377818,0.120635,South,Princess Royal (PRUH),4.42,Darent Valley,11.51,Princess Royal (PRUH),4.42,Kings College Hospital,17.84
BR54LX,51.376441,0.112251,South,Princess Royal (PRUH),3.82,Darent Valley,12.08,Princess Royal (PRUH),3.82,Kings College Hospital,17.46
BR54LY,51.379841,0.111747,South,Princess Royal (PRUH),3.93,Darent Valley,11.91,Princess Royal (PRUH),3.93,Kings College Hospital,17.21
BR54LZ,51.38038,0.113238,South,Princess Royal (PRUH),4.04,Darent Valley,11.79,Princess Royal (PRUH),4.04,Kings College Hospital,17.26
BR54NA,51.375376,0.116484,South,Princess Royal (PRUH),4.07,Darent Valley,11.9,Princess Royal (PRUH),4.07,Kings College Hospital,17.76
BR54NB,51.375103,0.11811,South,Princess Royal (PRUH),4.17,Darent Valley,11.82,Princess Royal (PRUH),4.17,Kings College Hospital,17.87
BR54ND,51.374582,0.118574,South,Princess Royal (PRUH),4.19,Darent Valley,11.83,Princess Royal (PRUH),4.19,Kings College Hospital,17.93
BR54NE,51.373993,0.118834,South,Princess Royal (PRUH),4.19,Darent Valley,11.85,Princess Royal (PRUH),4.19,Kings College Hospital,17.99
BR54NF,51.374655,0.121035,South,Princess Royal (PRUH),4.35,Darent Valley,11.68,Princess Royal (PRUH),4.35,Kings College Hospital,18.07
BR54NG,51.375536,0.117066,South,Princess Royal (PRUH),4.11,Darent Valley,11.86,Princess Royal (PRUH),4.11,Kings College Hospital,17.79
BR54NH,51.375506,0.1207,South,Princess Royal (PRUH),4.36,Darent Valley,11.65,Princess Royal (PRUH),4.36,Kings College Hospital,17.99
BR54NJ,51.376172,0.121148,South,Princess Royal (PRUH),4.4,Darent Valley,11.58,Princess Royal (PRUH),4.4,Kings College Hospital,17.98
BR54NL,51.375752,0.117536,South,Princess Royal (PRUH),4.15,Darent Valley,11.81,Princess Royal (PRUH),4.15,Kings College Hospital,17.8
BR54NN,51.374949,0.119166,South,Princess Royal (PRUH),4.24,Darent Valley,11.77,Princess Royal (PRUH),4.24,Kings College Hospital,17.94
BR54NP,51.374518,0.119663,South,Princess Royal (PRUH),4.26,Darent Valley,11.77,Princess Royal (PRUH),4.26,Kings College Hospital,18.0
BR54NQ,51.375914,0.117041,South,Princess Royal (PRUH),4.12,Darent Valley,11.83,Princess Royal (PRUH),4.12,Kings College Hospital,17.76
BR54NR,51.37575,0.118154,South,Princess Royal (PRUH),4.19,Darent Valley,11.78,Princess Royal (PRUH),4.19,Kings College Hospital,17.83
BR54NS,51.37559,0.118563,South,Princess Royal (PRUH),4.21,Darent Valley,11.77,Princess Royal (PRUH),4.21,Kings College Hospital,17.87
BR54NT,51.375489,0.119177,South,Princess Royal (PRUH),4.25,Darent Valley,11.74,Princess Royal (PRUH),4.25,Kings College Hospital,17.91
BR54NU,51.374975,0.119728,South,Princess Royal (PRUH),4.28,Darent Valley,11.74,Princess Royal (PRUH),4.28,Kings College Hospital,17.97
BR54NW,51.374293,0.119164,South,Princess Royal (PRUH),4.22,Darent Valley,11.81,Princess Royal (PRUH),4.22,Kings College Hospital,17.98
BR54NX,51.375209,0.120227,South,Princess Royal (PRUH),4.32,Darent Valley,11.69,Princess Royal (PRUH),4.32,Kings College Hospital,17.99
BR54NY,51.376179,0.119769,South,Princess Royal (PRUH),4.31,Darent Valley,11.66,Princess Royal (PRUH),4.31,Kings College Hospital,17.9
BR54NZ,51.376569,0.119629,South,Princess Royal (PRUH),4.32,Darent Valley,11.64,Princess Royal (PRUH),4.32,Kings College Hospital,17.87
BR54PA,51.373922,0.120771,South,Princess Royal (PRUH),4.32,Darent Valley,11.75,Princess Royal (PRUH),4.32,Kings College Hospital,18.1
BR54PB,51.374149,0.121155,South,Princess Royal (PRUH),4.35,Darent Valley,11.71,Princess Royal (PRUH),4.35,Kings College Hospital,18.11
BR54PD,51.375897,0.118966,South,Princess Royal (PRUH),4.25,Darent Valley,11.72,Princess Royal (PRUH),4.25,Kings College Hospital,17.87
BR54PE,51.373703,0.117988,South,Princess Royal (PRUH),4.13,Darent Valley,11.92,Princess Royal (PRUH),4.13,Kings College Hospital,17.96
BR54PF,51.373232,0.118138,South,Princess Royal (PRUH),4.12,Darent Valley,11.94,Princess Royal (PRUH),4.12,Kings College Hospital,18.0
BR54PG,51.372953,0.12064,South,Princess Royal (PRUH),4.29,Darent Valley,11.82,Princess Royal (PRUH),4.29,Kings College Hospital,18.16
BR54PH,51.374442,0.12285,South,Princess Royal (PRUH),4.47,Darent Valley,11.6,Princess Royal (PRUH),4.47,Kings College Hospital,18.18
BR54PJ,51.373805,0.121786,South,Princess Royal (PRUH),4.39,Darent Valley,11.7,Princess Royal (PRUH),4.39,Kings College Hospital,18.16
BR54PL,51.374132,0.11762,South,Princess Royal (PRUH),4.11,Darent Valley,11.91,Princess Royal (PRUH),4.11,Kings College Hospital,17.91
BR54PN,51.371473,0.121448,South,Princess Royal (PRUH),4.32,Darent Valley,11.87,Princess Royal (PRUH),4.32,Kings College Hospital,18.3
BR54PP,51.373999,0.122987,South,Princess Royal (PRUH),4.47,Darent Valley,11.62,Princess Royal (PRUH),4.47,Kings College Hospital,18.22
BR54PQ,51.372997,0.123214,South,Princess Royal (PRUH),4.46,Darent Valley,11.67,Princess Royal (PRUH),4.46,Kings College Hospital,18.3
BR54PR,51.372304,0.120768,South,Princess Royal (PRUH),4.28,Darent Valley,11.85,Princess Royal (PRUH),4.28,Kings College Hospital,18.2
BR54PS,51.373087,0.122672,South,Princess Royal (PRUH),4.43,Darent Valley,11.69,Princess Royal (PRUH),4.43,Kings College Hospital,18.26
BR54PT,51.372377,0.122682,South,Princess Royal (PRUH),4.42,Darent Valley,11.74,Princess Royal (PRUH),4.42,Kings College Hospital,18.31
BR54PU,51.376755,0.120744,South,Princess Royal (PRUH),4.4,Darent Valley,11.57,Princess Royal (PRUH),4.4,Kings College Hospital,17.92
BR54PW,51.372015,0.121329,South,Princess Royal (PRUH),4.32,Darent Valley,11.84,Princess Royal (PRUH),4.32,Kings College Hospital,18.25
BR54PX,51.377753,0.117284,South,Princess Royal (PRUH),4.2,Darent Valley,11.71,Princess Royal (PRUH),4.2,Kings College Hospital,17.66
BR54PY,51.377431,0.122672,South,Princess Royal (PRUH),4.54,Darent Valley,11.41,Princess Royal (PRUH),4.54,Kings College Hospital,17.98
BR54PZ,51.37784,0.121455,South,Princess Royal (PRUH),4.48,Darent Valley,11.46,Princess Royal (PRUH),4.48,Kings College Hospital,17.89
BR54QA,51.377489,0.116467,South,Princess Royal (PRUH),4.14,Darent Valley,11.77,Princess Royal (PRUH),4.14,Kings College Hospital,17.63
BR54QB,51.377859,0.118898,South,Princess Royal (PRUH),4.31,Darent Valley,11.61,Princess Royal (PRUH),4.31,Kings College Hospital,17.74
BR54QD,51.377003,0.118499,South,Princess Royal (PRUH),4.25,Darent Valley,11.68,Princess Royal (PRUH),4.25,Kings College Hospital,17.77
BR54QE,51.374672,0.121553,South,Princess Royal (PRUH),4.39,Darent Valley,11.65,Princess Royal (PRUH),4.39,Kings College Hospital,18.1
BR54QF,51.374963,0.122414,South,Princess Royal (PRUH),4.46,Darent Valley,11.59,Princess Royal (PRUH),4.46,Kings College Hospital,18.13
BR54QG,51.375367,0.122404,South,Princess Royal (PRUH),4.47,Darent Valley,11.56,Princess Royal (PRUH),4.47,Kings College Hospital,18.1
BR54QH,51.375479,0.123171,South,Princess Royal (PRUH),4.52,Darent Valley,11.51,Princess Royal (PRUH),4.52,Kings College Hospital,18.14
BR54QJ,51.375135,0.122839,South,Princess Royal (PRUH),4.49,Darent Valley,11.55,Princess Royal (PRUH),4.49,Kings College Hospital,18.14
BR54QL,51.374979,0.123464,South,Princess Royal (PRUH),4.53,Darent Valley,11.53,Princess Royal (PRUH),4.53,Kings College Hospital,18.18
BR54QN,51.375532,0.121765,South,Princess Royal (PRUH),4.43,Darent Valley,11.59,Princess Royal (PRUH),4.43,Kings College Hospital,18.05
BR54QP,51.376479,0.122613,South,Princess Royal (PRUH),4.51,Darent Valley,11.48,Princess Royal (PRUH),4.51,Kings College Hospital,18.04
BR54QQ,51.375204,0.121506,South,Princess Royal (PRUH),4.4,Darent Valley,11.62,Princess Royal (PRUH),4.4,Kings College Hospital,18.06
BR54QR,51.376134,0.122267,South,Princess Royal (PRUH),4.48,Darent Valley,11.52,Princess Royal (PRUH),4.48,Kings College Hospital,18.04
BR54QS,51.375684,0.122304,South,Princess Royal (PRUH),4.47,Darent Valley,11.55,Princess Royal (PRUH),4.47,Kings College Hospital,18.07
BR54QT,51.376297,0.121743,South,Princess Royal (PRUH),4.45,Darent Valley,11.54,Princess Royal (PRUH),4.45,Kings College Hospital,18.0
BR54QU,51.375878,0.122988,South,Princess Royal (PRUH),4.52,Darent Valley,11.5,Princess Royal (PRUH),4.52,Kings College Hospital,18.1
BR54QW,51.375774,0.121316,South,Princess Royal (PRUH),4.4,Darent Valley,11.6,Princess Royal (PRUH),4.4,Kings College Hospital,18.01
BR54QX,51.375623,0.1222,South,Princess Royal (PRUH),4.46,Darent Valley,11.56,Princess Royal (PRUH),4.46,Kings College Hospital,18.07
BR54QY,51.375623,0.1222,South,Princess Royal (PRUH),4.46,Darent Valley,11.56,Princess Royal (PRUH),4.46,Kings College Hospital,18.07
BR54QZ,51.375623,0.1222,South,Princess Royal (PRUH),4.46,Darent Valley,11.56,Princess Royal (PRUH),4.46,Kings College Hospital,18.07
BR54RA,51.388192,0.115365,South,Princess Royal (PRUH),4.59,Darent Valley,11.23,Princess Royal (PRUH),4.59,Kings College Hospital,16.91
BR54RB,51.388276,0.115714,South,Princess Royal (PRUH),4.62,Darent Valley,11.2,Princess Royal (PRUH),4.62,Kings College Hospital,16.92
BR54RD,51.388474,0.114717,South,Princess Royal (PRUH),4.57,Darent Valley,11.26,Princess Royal (PRUH),4.57,Kings College Hospital,16.85
BR54RE,51.37755,0.115105,South,Princess Royal (PRUH),4.05,Darent Valley,11.84,Princess Royal (PRUH),4.05,Kings College Hospital,17.55
BR54RF,51.375727,0.116457,South,Princess Royal (PRUH),4.08,Darent Valley,11.88,Princess Royal (PRUH),4.08,Kings College Hospital,17.74
BR54RG,51.37683,0.099164,South,Princess Royal (PRUH),2.99,Darent Valley,12.83,Princess Royal (PRUH),2.99,Kings College Hospital,16.7
BR54RH,51.374286,0.116563,South,Princess Royal (PRUH),4.04,Darent Valley,11.96,Princess Royal (PRUH),4.04,Kings College Hospital,17.84
BR54RJ,51.384935,0.113505,South,Princess Royal (PRUH),4.29,Darent Valley,11.52,Princess Royal (PRUH),4.29,Kings College Hospital,16.99
BR54RL,51.382172,0.108132,South,Princess Royal (PRUH),3.82,Darent Valley,11.99,Princess Royal (PRUH),3.82,Kings College Hospital,16.85
BR54RN,51.381749,0.114608,South,Princess Royal (PRUH),4.19,Darent Valley,11.63,Princess Royal (PRUH),4.19,Kings College Hospital,17.25
BR54RP,51.387917,0.114648,South,Princess Royal (PRUH),4.53,Darent Valley,11.29,Princess Royal (PRUH),4.53,Kings College Hospital,16.88
BR54RQ,51.37684,0.117529,South,Princess Royal (PRUH),4.18,Darent Valley,11.75,Princess Royal (PRUH),4.18,Kings College Hospital,17.73
BR54RR,51.376239,0.122933,South,Princess Royal (PRUH),4.53,Darent Valley,11.48,Princess Royal (PRUH),4.53,Kings College Hospital,18.07
BR54RT,51.37683,0.099164,South,Princess Royal (PRUH),2.99,Darent Valley,12.83,Princess Royal (PRUH),2.99,Kings College Hospital,16.7
BR54SA,51.387459,0.114124,South,Princess Royal (PRUH),4.47,Darent Valley,11.34,Princess Royal (PRUH),4.47,Kings College Hospital,16.88
BR54ST,51.381074,0.117121,South,Princess Royal (PRUH),4.32,Darent Valley,11.52,Princess Royal (PRUH),4.32,Kings College Hospital,17.44
BR54SU,51.381083,0.117121,South,Princess Royal (PRUH),4.32,Darent Valley,11.52,Princess Royal (PRUH),4.32,Kings College Hospital,17.44
BR54SW,51.387459,0.114124,South,Princess Royal (PRUH),4.47,Darent Valley,11.34,Princess Royal (PRUH),4.47,Kings College Hospital,16.88
BR54SX,51.387459,0.114124,South,Princess Royal (PRUH),4.47,Darent Valley,11.34,Princess Royal (PRUH),4.47,Kings College Hospital,16.88
BR54SY,51.387459,0.114124,South,Princess Royal (PRUH),4.47,Darent Valley,11.34,Princess Royal (PRUH),4.47,Kings College Hospital,16.88
BR54UA,51.381074,0.117121,South,Princess Royal (PRUH),4.32,Darent Valley,11.52,Princess Royal (PRUH),4.32,Kings College Hospital,17.44
BR54UB,51.381074,0.117121,South,Princess Royal (PRUH),4.32,Darent Valley,11.52,Princess Royal (PRUH),4.32,Kings College Hospital,17.44
BR54UD,51.381074,0.117121,South,Princess Royal (PRUH),4.32,Darent Valley,11.52,Princess Royal (PRUH),4.32,Kings College Hospital,17.44
BR54WA,51.37683,0.099164,South,Princess Royal (PRUH),2.99,Darent Valley,12.83,Princess Royal (PRUH),2.99,Kings College Hospital,16.7
BR54WB,51.37683,0.099164,South,Princess Royal (PRUH),2.99,Darent Valley,12.83,Princess Royal (PRUH),2.99,Kings College Hospital,16.7
BR54WD,51.37683,0.099164,South,Princess Royal (PRUH),2.99,Darent Valley,12.83,Princess Royal (PRUH),2.99,Kings College Hospital,16.7
BR54WE,51.37683,0.099164,South,Princess Royal (PRUH),2.99,Darent Valley,12.83,Princess Royal (PRUH),2.99,Kings College Hospital,16.7
BR54WF,51.37683,0.099164,South,Princess Royal (PRUH),2.99,Darent Valley,12.83,Princess Royal (PRUH),2.99,Kings College Hospital,16.7
BR54WG,51.37683,0.099164,South,Princess Royal (PRUH),2.99,Darent Valley,12.83,Princess Royal (PRUH),2.99,Kings College Hospital,16.7
BR54WH,51.37683,0.099164,South,Princess Royal (PRUH),2.99,Darent Valley,12.83,Princess Royal (PRUH),2.99,Kings College Hospital,16.7
BR54WJ,51.37683,0.099164,South,Princess Royal (PRUH),2.99,Darent Valley,12.83,Princess Royal (PRUH),2.99,Kings College Hospital,16.7
BR54WL,51.37683,0.099164,South,Princess Royal (PRUH),2.99,Darent Valley,12.83,Princess Royal (PRUH),2.99,Kings College Hospital,16.7
BR54WN,51.37683,0.099164,South,Princess Royal (PRUH),2.99,Darent Valley,12.83,Princess Royal (PRUH),2.99,Kings College Hospital,16.7
BR54WP,51.37683,0.099164,South,Princess Royal (PRUH),2.99,Darent Valley,12.83,Princess Royal (PRUH),2.99,Kings College Hospital,16.7
BR54WQ,51.37683,0.099164,South,Princess Royal (PRUH),2.99,Darent Valley,12.83,Princess Royal (PRUH),2.99,Kings College Hospital,16.7
BR54WR,51.37683,0.099164,South,Princess Royal (PRUH),2.99,Darent Valley,12.83,Princess Royal (PRUH),2.99,Kings College Hospital,16.7
BR54WS,51.37683,0.099164,South,Princess Royal (PRUH),2.99,Darent Valley,12.83,Princess Royal (PRUH),2.99,Kings College Hospital,16.7
BR54WT,51.37683,0.099164,South,Princess Royal (PRUH),2.99,Darent Valley,12.83,Princess Royal (PRUH),2.99,Kings College Hospital,16.7
BR54WU,51.37683,0.099164,South,Princess Royal (PRUH),2.99,Darent Valley,12.83,Princess Royal (PRUH),2.99,Kings College Hospital,16.7
BR54WW,51.37683,0.099164,South,Princess Royal (PRUH),2.99,Darent Valley,12.83,Princess Royal (PRUH),2.99,Kings College Hospital,16.7
BR54WX,51.37683,0.099164,South,Princess Royal (PRUH),2.99,Darent Valley,12.83,Princess Royal (PRUH),2.99,Kings College Hospital,16.7
BR54WY,51.387459,0.114124,South,Princess Royal (PRUH),4.47,Darent Valley,11.34,Princess Royal (PRUH),4.47,Kings College Hospital,16.88
BR54WZ,51.37683,0.099164,South,Princess Royal (PRUH),2.99,Darent Valley,12.83,Princess Royal (PRUH),2.99,Kings College Hospital,16.7
BR54XA,51.37683,0.099164,South,Princess Royal (PRUH),2.99,Darent Valley,12.83,Princess Royal (PRUH),2.99,Kings College Hospital,16.7
BR54XZ,51.37683,0.099164,South,Princess Royal (PRUH),2.99,Darent Valley,12.83,Princess Royal (PRUH),2.99,Kings College Hospital,16.7
BR54YQ,51.37683,0.099164,South,Princess Royal (PRUH),2.99,Darent Valley,12.83,Princess Royal (PRUH),2.99,Kings College Hospital,16.7
BR54YT,51.37683,0.099164,South,Princess Royal (PRUH),2.99,Darent Valley,12.83,Princess Royal (PRUH),2.99,Kings College Hospital,16.7
BR54YZ,51.37683,0.099164,South,Princess Royal (PRUH),2.99,Darent Valley,12.83,Princess Royal (PRUH),2.99,Kings College Hospital,16.7
BR54ZA,51.37683,0.099164,South,Princess Royal (PRUH),2.99,Darent Valley,12.83,Princess Royal (PRUH),2.99,Kings College Hospital,16.7
BR54ZB,51.37683,0.099164,South,Princess Royal (PRUH),2.99,Darent Valley,12.83,Princess Royal (PRUH),2.99,Kings College Hospital,16.7
BR54ZD,51.37683,0.099164,South,Princess Royal (PRUH),2.99,Darent Valley,12.83,Princess Royal (PRUH),2.99,Kings College Hospital,16.7
BR54ZE,51.37683,0.099164,South,Princess Royal (PRUH),2.99,Darent Valley,12.83,Princess Royal (PRUH),2.99,Kings College Hospital,16.7
BR54ZF,51.37683,0.099164,South,Princess Royal (PRUH),2.99,Darent Valley,12.83,Princess Royal (PRUH),2.99,Kings College Hospital,16.7
BR54ZG,51.37683,0.099164,South,Princess Royal (PRUH),2.99,Darent Valley,12.83,Princess Royal (PRUH),2.99,Kings College Hospital,16.7
BR54ZH,51.37683,0.099164,South,Princess Royal (PRUH),2.99,Darent Valley,12.83,Princess Royal (PRUH),2.99,Kings College Hospital,16.7
BR54ZJ,51.381083,0.117121,South,Princess Royal (PRUH),4.32,Darent Valley,11.52,Princess Royal (PRUH),4.32,Kings College Hospital,17.44
BR54ZL,51.37683,0.099164,South,Princess Royal (PRUH),2.99,Darent Valley,12.83,Princess Royal (PRUH),2.99,Kings College Hospital,16.7
BR54ZN,51.387459,0.114124,South,Princess Royal (PRUH),4.47,Darent Valley,11.34,Princess Royal (PRUH),4.47,Kings College Hospital,16.88
BR54ZP,51.387459,0.114124,South,Princess Royal (PRUH),4.47,Darent Valley,11.34,Princess Royal (PRUH),4.47,Kings College Hospital,16.88
BR54ZQ,51.381083,0.117121,South,Princess Royal (PRUH),4.32,Darent Valley,11.52,Princess Royal (PRUH),4.32,Kings College Hospital,17.44
BR54ZR,51.387459,0.114124,South,Princess Royal (PRUH),4.47,Darent Valley,11.34,Princess Royal (PRUH),4.47,Kings College Hospital,16.88
BR54ZS,51.37683,0.099164,South,Princess Royal (PRUH),2.99,Darent Valley,12.83,Princess Royal (PRUH),2.99,Kings College Hospital,16.7
BR54ZT,51.381083,0.117121,South,Princess Royal (PRUH),4.32,Darent Valley,11.52,Princess Royal (PRUH),4.32,Kings College Hospital,17.44
BR54ZU,51.381074,0.117121,South,Princess Royal (PRUH),4.32,Darent Valley,11.52,Princess Royal (PRUH),4.32,Kings College Hospital,17.44
BR54ZW,51.37683,0.099164,South,Princess Royal (PRUH),2.99,Darent Valley,12.83,Princess Royal (PRUH),2.99,Kings College Hospital,16.7
BR54ZX,51.37683,0.099164,South,Princess Royal (PRUH),2.99,Darent Valley,12.83,Princess Royal (PRUH),2.99,Kings College Hospital,16.7
BR54ZY,51.381083,0.117121,South,Princess Royal (PRUH),4.32,Darent Valley,11.52,Princess Royal (PRUH),4.32,Kings College Hospital,17.44
BR54ZZ,51.37683,0.099164,South,Princess Royal (PRUH),2.99,Darent Valley,12.83,Princess Royal (PRUH),2.99,Kings College Hospital,16.7
BR60AA,51.374645,0.093101,South,Princess Royal (PRUH),2.51,Darent Valley,13.31,Princess Royal (PRUH),2.51,Kings College Hospital,16.52
BR60AB,51.373767,0.093894,South,Princess Royal (PRUH),2.52,Darent Valley,13.32,Princess Royal (PRUH),2.52,Kings College Hospital,16.63
BR60AD,51.375177,0.092019,South,Princess Royal (PRUH),2.46,Darent Valley,13.35,Princess Royal (PRUH),2.46,Kings College Hospital,16.43
BR60AE,51.374381,0.091752,South,Princess Royal (PRUH),2.41,Darent Valley,13.41,Princess Royal (PRUH),2.41,Kings College Hospital,16.47
BR60AG,51.375871,0.090915,South,Princess Royal (PRUH),2.43,Darent Valley,13.38,Princess Royal (PRUH),2.43,Kings College Hospital,16.32
BR60AH,51.377382,0.090898,South,Princess Royal (PRUH),2.51,Darent Valley,13.3,Princess Royal (PRUH),2.51,Kings College Hospital,16.21
BR60AJ,51.379586,0.091372,South,Princess Royal (PRUH),2.68,Darent Valley,13.15,Princess Royal (PRUH),2.68,Kings College Hospital,16.09
BR60AL,51.381406,0.091699,South,Princess Royal (PRUH),2.82,Darent Valley,13.04,Princess Royal (PRUH),2.82,Kings College Hospital,15.98
BR60AN,51.379771,0.089555,South,Princess Royal (PRUH),2.59,Darent Valley,13.25,Princess Royal (PRUH),2.59,Kings College Hospital,15.97
BR60AP,51.37683,0.099164,South,Princess Royal (PRUH),2.99,Darent Valley,12.83,Princess Royal (PRUH),2.99,Kings College Hospital,16.7
BR60AQ,51.378205,0.090145,South,Princess Royal (PRUH),2.52,Darent Valley,13.3,Princess Royal (PRUH),2.52,Kings College Hospital,16.11
BR60AR,51.37683,0.099164,South,Princess Royal (PRUH),2.99,Darent Valley,12.83,Princess Royal (PRUH),2.99,Kings College Hospital,16.7
BR60AS,51.37422,0.095237,South,Princess Royal (PRUH),2.63,Darent Valley,13.21,Princess Royal (PRUH),2.63,Kings College Hospital,16.67
BR60AT,51.373828,0.095535,South,Princess Royal (PRUH),2.63,Darent Valley,13.22,Princess Royal (PRUH),2.63,Kings College Hospital,16.71
BR60AU,51.378112,0.091822,South,Princess Royal (PRUH),2.61,Darent Valley,13.2,Princess Royal (PRUH),2.61,Kings College Hospital,16.21
BR60AW,51.380856,0.090251,South,Princess Royal (PRUH),2.7,Darent Valley,13.15,Princess Royal (PRUH),2.7,Kings College Hospital,15.94
BR60AX,51.381163,0.092665,South,Princess Royal (PRUH),2.85,Darent Valley,12.99,Princess Royal (PRUH),2.85,Kings College Hospital,16.05
BR60AY,51.380381,0.093147,South,Princess Royal (PRUH),2.83,Darent Valley,13.0,Princess Royal (PRUH),2.83,Kings College Hospital,16.13
BR60AZ,51.38022,0.093614,South,Princess Royal (PRUH),2.84,Darent Valley,12.98,Princess Royal (PRUH),2.84,Kings College Hospital,16.17
BR60BA,51.377663,0.092793,South,Princess Royal (PRUH),2.64,Darent Valley,13.17,Princess Royal (PRUH),2.64,Kings College Hospital,16.3
BR60BB,51.37736,0.093167,South,Princess Royal (PRUH),2.65,Darent Valley,13.16,Princess Royal (PRUH),2.65,Kings College Hospital,16.34
BR60BD,51.377163,0.088071,South,Princess Royal (PRUH),2.33,Darent Valley,13.48,Princess Royal (PRUH),2.33,Kings College Hospital,16.08
BR60BE,51.37683,0.099164,South,Princess Royal (PRUH),2.99,Darent Valley,12.83,Princess Royal (PRUH),2.99,Kings College Hospital,16.7
BR60BF,51.374389,0.095848,South,Princess Royal (PRUH),2.67,Darent Valley,13.17,Princess Royal (PRUH),2.67,Kings College Hospital,16.69
BR60BG,51.377305,0.088667,South,Princess Royal (PRUH),2.38,Darent Valley,13.44,Princess Royal (PRUH),2.38,Kings College Hospital,16.1
BR60BH,51.380139,0.088077,South,Princess Royal (PRUH),2.53,Darent Valley,13.32,Princess Royal (PRUH),2.53,Kings College Hospital,15.87
BR60BJ,51.381586,0.089163,South,Princess Royal (PRUH),2.69,Darent Valley,13.18,Princess Royal (PRUH),2.69,Kings College Hospital,15.83
BR60BL,51.382499,0.087883,South,Princess Royal (PRUH),2.7,Darent Valley,13.22,Princess Royal (PRUH),2.7,Kings College Hospital,15.7
BR60BN,51.381498,0.087507,South,Princess Royal (PRUH),2.6,Darent Valley,13.29,Princess Royal (PRUH),2.6,Kings College Hospital,15.74
BR60BP,51.38131,0.085443,South,Princess Royal (PRUH),2.48,Darent Valley,13.43,Princess Royal (PRUH),2.48,Kings College Hospital,15.64
BR60BQ,51.379744,0.087528,South,Princess Royal (PRUH),2.47,Darent Valley,13.38,Princess Royal (PRUH),2.47,Kings College Hospital,15.87
BR60BS,51.37903,0.084707,South,Princess Royal (PRUH),2.27,Darent Valley,13.59,Princess Royal (PRUH),2.27,Kings College Hospital,15.76
BR60BT,51.384109,0.086318,South,Princess Royal (PRUH),2.75,Darent Valley,13.24,Princess Royal (PRUH),2.75,Kings College Hospital,15.5
BR60BU,51.38435,0.086947,South,Princess Royal (PRUH),2.8,Darent Valley,13.18,Princess Royal (PRUH),2.8,Kings College Hospital,15.52
BR60BW,51.381069,0.083823,South,Princess Royal (PRUH),2.39,Darent Valley,13.54,Princess Royal (PRUH),2.39,Kings College Hospital,15.57
BR60BX,51.379917,0.084417,South,Princess Royal (PRUH),2.33,Darent Valley,13.56,Princess Royal (PRUH),2.33,Kings College Hospital,15.69
BR60BY,51.378304,0.086614,South,Princess Royal (PRUH),2.33,Darent Valley,13.51,Princess Royal (PRUH),2.33,Kings College Hospital,15.92
BR60BZ,51.379229,0.085679,South,Princess Royal (PRUH),2.34,Darent Valley,13.52,Princess Royal (PRUH),2.34,Kings College Hospital,15.8
BR60DA,51.37958,0.102264,South,Princess Royal (PRUH),3.32,Darent Valley,12.49,Princess Royal (PRUH),3.32,Kings College Hospital,16.69
BR60DB,51.381923,0.101452,South,Princess Royal (PRUH),3.4,Darent Valley,12.41,Princess Royal (PRUH),3.4,Kings College Hospital,16.49
BR60DD,51.375909,0.095314,South,Princess Royal (PRUH),2.71,Darent Valley,13.11,Princess Royal (PRUH),2.71,Kings College Hospital,16.55
BR60DE,51.380935,0.099912,South,Princess Royal (PRUH),3.25,Darent Valley,12.56,Princess Royal (PRUH),3.25,Kings College Hospital,16.47
BR60DF,51.380764,0.10239,South,Princess Royal (PRUH),3.39,Darent Valley,12.42,Princess Royal (PRUH),3.39,Kings College Hospital,16.62
BR60DG,51.380948,0.102701,South,Princess Royal (PRUH),3.42,Darent Valley,12.39,Princess Royal (PRUH),3.42,Kings College Hospital,16.63
BR60DH,51.375541,0.092782,South,Princess Royal (PRUH),2.53,Darent Valley,13.28,Princess Royal (PRUH),2.53,Kings College Hospital,16.44
BR60DJ,51.38162,0.099828,South,Princess Royal (PRUH),3.29,Darent Valley,12.53,Princess Royal (PRUH),3.29,Kings College Hospital,16.42
BR60DL,51.381514,0.09521,South,Princess Royal (PRUH),3.02,Darent Valley,12.81,Princess Royal (PRUH),3.02,Kings College Hospital,16.17
BR60DN,51.381495,0.096273,South,Princess Royal (PRUH),3.08,Darent Valley,12.75,Princess Royal (PRUH),3.08,Kings College Hospital,16.23
BR60DP,51.3822,0.095026,South,Princess Royal (PRUH),3.05,Darent Valley,12.79,Princess Royal (PRUH),3.05,Kings College Hospital,16.11
BR60DQ,51.381456,0.100424,South,Princess Royal (PRUH),3.31,Darent Valley,12.5,Princess Royal (PRUH),3.31,Kings College Hospital,16.46
BR60DR,51.383464,0.090743,South,Princess Royal (PRUH),2.92,Darent Valley,12.99,Princess Royal (PRUH),2.92,Kings College Hospital,15.79
BR60DS,51.384896,0.088092,South,Princess Royal (PRUH),2.9,Darent Valley,13.09,Princess Royal (PRUH),2.9,Kings College Hospital,15.55
BR60DT,51.386544,0.087952,South,Princess Royal (PRUH),3.03,Darent Valley,13.02,Princess Royal (PRUH),3.03,Kings College Hospital,15.43
BR60DU,51.386672,0.08734,South,Princess Royal (PRUH),3.02,Darent Valley,13.05,Princess Royal (PRUH),3.02,Kings College Hospital,15.39
BR60DW,51.382635,0.09437,South,Princess Royal (PRUH),3.05,Darent Valley,12.81,Princess Royal (PRUH),3.05,Kings College Hospital,16.05
BR60DX,51.381128,0.100165,South,Princess Royal (PRUH),3.28,Darent Valley,12.53,Princess Royal (PRUH),3.28,Kings College Hospital,16.47
BR60DY,51.382028,0.097619,South,Princess Royal (PRUH),3.19,Darent Valley,12.64,Princess Royal (PRUH),3.19,Kings College Hospital,16.27
BR60DZ,51.382676,0.097088,South,Princess Royal (PRUH),3.2,Darent Valley,12.64,Princess Royal (PRUH),3.2,Kings College Hospital,16.2
BR60EA,51.376754,0.08982,South,Princess Royal (PRUH),2.41,Darent Valley,13.4,Princess Royal (PRUH),2.41,Kings College Hospital,16.2
BR60EB,51.384933,0.090552,South,Princess Royal (PRUH),3.02,Darent Valley,12.93,Princess Royal (PRUH),3.02,Kings College Hospital,15.68
BR60ED,51.38758,0.085857,South,Princess Royal (PRUH),3.03,Darent Valley,13.1,Princess Royal (PRUH),3.03,Kings College Hospital,15.25
BR60EE,51.382811,0.095586,South,Princess Royal (PRUH),3.12,Darent Valley,12.72,Princess Royal (PRUH),3.12,Kings College Hospital,16.1
BR60EF,51.383187,0.097198,South,Princess Royal (PRUH),3.24,Darent Valley,12.61,Princess Royal (PRUH),3.24,Kings College Hospital,16.17
BR60EG,51.377779,0.099365,South,Princess Royal (PRUH),3.05,Darent Valley,12.76,Princess Royal (PRUH),3.05,Kings College Hospital,16.65
BR60EH,51.37517,0.096918,South,Princess Royal (PRUH),2.77,Darent Valley,13.06,Princess Royal (PRUH),2.77,Kings College Hospital,16.69
BR60EJ,51.375691,0.094427,South,Princess Royal (PRUH),2.64,Darent Valley,13.18,Princess Royal (PRUH),2.64,Kings College Hospital,16.52
BR60EL,51.375049,0.098177,South,Princess Royal (PRUH),2.85,Darent Valley,12.99,Princess Royal (PRUH),2.85,Kings College Hospital,16.77
BR60EN,51.379582,0.099117,South,Princess Royal (PRUH),3.13,Darent Valley,12.68,Princess Royal (PRUH),3.13,Kings College Hospital,16.51
BR60EP,51.377223,0.094239,South,Princess Royal (PRUH),2.71,Darent Valley,13.1,Princess Royal (PRUH),2.71,Kings College Hospital,16.41
BR60EQ,51.37763,0.098683,South,Princess Royal (PRUH),3.0,Darent Valley,12.81,Princess Royal (PRUH),3.0,Kings College Hospital,16.62
BR60ER,51.376967,0.095994,South,Princess Royal (PRUH),2.8,Darent Valley,13.01,Princess Royal (PRUH),2.8,Kings College Hospital,16.52
BR60ES,51.378219,0.094399,South,Princess Royal (PRUH),2.77,Darent Valley,13.04,Princess Royal (PRUH),2.77,Kings College Hospital,16.35
BR60ET,51.377636,0.096801,South,Princess Royal (PRUH),2.88,Darent Valley,12.93,Princess Royal (PRUH),2.88,Kings College Hospital,16.52
BR60EU,51.37917,0.096526,South,Princess Royal (PRUH),2.95,Darent Valley,12.86,Princess Royal (PRUH),2.95,Kings College Hospital,16.4
BR60EW,51.379658,0.099882,South,Princess Royal (PRUH),3.18,Darent Valley,12.63,Princess Royal (PRUH),3.18,Kings College Hospital,16.55
BR60EX,51.378631,0.097981,South,Princess Royal (PRUH),3.01,Darent Valley,12.8,Princess Royal (PRUH),3.01,Kings College Hospital,16.52
BR60EY,51.380672,0.099526,South,Princess Royal (PRUH),3.21,Darent Valley,12.59,Princess Royal (PRUH),3.21,Kings College Hospital,16.47
BR60EZ,51.380133,0.099976,South,Princess Royal (PRUH),3.21,Darent Valley,12.6,Princess Royal (PRUH),3.21,Kings College Hospital,16.53
BR60FA,51.379881,0.104003,South,Princess Royal (PRUH),3.44,Darent Valley,12.37,Princess Royal (PRUH),3.44,Kings College Hospital,16.77
BR60FB,51.38205,0.10643,South,Princess Royal (PRUH),3.71,Darent Valley,12.1,Princess Royal (PRUH),3.71,Kings College Hospital,16.77
BR60FD,51.375598,0.098145,South,Princess Royal (PRUH),2.87,Darent Valley,12.96,Princess Royal (PRUH),2.87,Kings College Hospital,16.73
BR60FE,51.37541,0.101067,South,Princess Royal (PRUH),3.05,Darent Valley,12.8,Princess Royal (PRUH),3.05,Kings College Hospital,16.9
BR60FG,51.381462,0.104104,South,Princess Royal (PRUH),3.53,Darent Valley,12.27,Princess Royal (PRUH),3.53,Kings College Hospital,16.67
BR60FH,51.381188,0.104364,South,Princess Royal (PRUH),3.53,Darent Valley,12.27,Princess Royal (PRUH),3.53,Kings College Hospital,16.7
BR60FJ,51.3723,0.092965,South,Princess Royal (PRUH),2.41,Darent Valley,13.46,Princess Royal (PRUH),2.41,Kings College Hospital,16.68
BR60FL,51.375069,0.100563,South,Princess Royal (PRUH),3.01,Darent Valley,12.85,Princess Royal (PRUH),3.01,Kings College Hospital,16.9
BR60FN,51.375049,0.098177,South,Princess Royal (PRUH),2.85,Darent Valley,12.99,Princess Royal (PRUH),2.85,Kings College Hospital,16.77
BR60GE,51.380367,0.10447,South,Princess Royal (PRUH),3.5,Darent Valley,12.31,Princess Royal (PRUH),3.5,Kings College Hospital,16.76
BR60GQ,51.37683,0.099164,South,Princess Royal (PRUH),2.99,Darent Valley,12.83,Princess Royal (PRUH),2.99,Kings College Hospital,16.7
BR60GR,51.37683,0.099164,South,Princess Royal (PRUH),2.99,Darent Valley,12.83,Princess Royal (PRUH),2.99,Kings College Hospital,16.7
BR60GS,51.37683,0.099164,South,Princess Royal (PRUH),2.99,Darent Valley,12.83,Princess Royal (PRUH),2.99,Kings College Hospital,16.7
BR60GT,51.379631,0.099392,South,Princess Royal (PRUH),3.15,Darent Valley,12.66,Princess Royal (PRUH),3.15,Kings College Hospital,16.53
BR60GU,51.37683,0.099164,South,Princess Royal (PRUH),2.99,Darent Valley,12.83,Princess Royal (PRUH),2.99,Kings College Hospital,16.7
BR60GW,51.37683,0.099164,South,Princess Royal (PRUH),2.99,Darent Valley,12.83,Princess Royal (PRUH),2.99,Kings College Hospital,16.7
BR60GX,51.37683,0.099164,South,Princess Royal (PRUH),2.99,Darent Valley,12.83,Princess Royal (PRUH),2.99,Kings College Hospital,16.7
BR60GY,51.379631,0.099392,South,Princess Royal (PRUH),3.15,Darent Valley,12.66,Princess Royal (PRUH),3.15,Kings College Hospital,16.53
BR60GZ,51.378574,0.09818,South,Princess Royal (PRUH),3.02,Darent Valley,12.79,Princess Royal (PRUH),3.02,Kings College Hospital,16.53
BR60HA,51.379818,0.096009,South,Princess Royal (PRUH),2.96,Darent Valley,12.85,Princess Royal (PRUH),2.96,Kings College Hospital,16.33
BR60HB,51.38013,0.099185,South,Princess Royal (PRUH),3.16,Darent Valley,12.64,Princess Royal (PRUH),3.16,Kings College Hospital,16.48
BR60HD,51.379691,0.101565,South,Princess Royal (PRUH),3.28,Darent Valley,12.52,Princess Royal (PRUH),3.28,Kings College Hospital,16.64
BR60HE,51.378808,0.103192,South,Princess Royal (PRUH),3.34,Darent Valley,12.48,Princess Royal (PRUH),3.34,Kings College Hospital,16.79
BR60HF,51.378263,0.102951,South,Princess Royal (PRUH),3.3,Darent Valley,12.52,Princess Royal (PRUH),3.3,Kings College Hospital,16.82
BR60HG,51.380543,0.101216,South,Princess Royal (PRUH),3.31,Darent Valley,12.5,Princess Royal (PRUH),3.31,Kings College Hospital,16.57
BR60HH,51.378625,0.104319,South,Princess Royal (PRUH),3.4,Darent Valley,12.42,Princess Royal (PRUH),3.4,Kings College Hospital,16.87
BR60HJ,51.379382,0.103779,South,Princess Royal (PRUH),3.4,Darent Valley,12.41,Princess Royal (PRUH),3.4,Kings College Hospital,16.79
BR60HL,51.381995,0.104488,South,Princess Royal (PRUH),3.59,Darent Valley,12.22,Princess Royal (PRUH),3.59,Kings College Hospital,16.66
BR60HN,51.382309,0.098997,South,Princess Royal (PRUH),3.28,Darent Valley,12.54,Princess Royal (PRUH),3.28,Kings College Hospital,16.33
BR60HP,51.382984,0.100983,South,Princess Royal (PRUH),3.44,Darent Valley,12.38,Princess Royal (PRUH),3.44,Kings College Hospital,16.4
BR60HQ,51.380309,0.102226,South,Princess Royal (PRUH),3.36,Darent Valley,12.45,Princess Royal (PRUH),3.36,Kings College Hospital,16.64
BR60HR,51.382359,0.101745,South,Princess Royal (PRUH),3.45,Darent Valley,12.37,Princess Royal (PRUH),3.45,Kings College Hospital,16.48
BR60HS,51.382522,0.104655,South,Princess Royal (PRUH),3.63,Darent Valley,12.18,Princess Royal (PRUH),3.63,Kings College Hospital,16.63
BR60HT,51.382275,0.104414,South,Princess Royal (PRUH),3.6,Darent Valley,12.21,Princess Royal (PRUH),3.6,Kings College Hospital,16.64
BR60HU,51.383126,0.10257,South,Princess Royal (PRUH),3.54,Darent Valley,12.28,Princess Royal (PRUH),3.54,Kings College Hospital,16.48
BR60HW,51.382773,0.099694,South,Princess Royal (PRUH),3.35,Darent Valley,12.47,Princess Royal (PRUH),3.35,Kings College Hospital,16.34
BR60HX,51.382599,0.102877,South,Princess Royal (PRUH),3.53,Darent Valley,12.29,Princess Royal (PRUH),3.53,Kings College Hospital,16.53
BR60HY,51.381648,0.10325,South,Princess Royal (PRUH),3.49,Darent Valley,12.32,Princess Royal (PRUH),3.49,Kings College Hospital,16.61
BR60HZ,51.381534,0.10359,South,Princess Royal (PRUH),3.51,Darent Valley,12.3,Princess Royal (PRUH),3.51,Kings College Hospital,16.64
BR60JA,51.374803,0.097332,South,Princess Royal (PRUH),2.79,Darent Valley,13.05,Princess Royal (PRUH),2.79,Kings College Hospital,16.74
BR60JB,51.382395,0.107208,South,Princess Royal (PRUH),3.77,Darent Valley,12.04,Princess Royal (PRUH),3.77,Kings College Hospital,16.79
BR60JD,51.382441,0.107181,South,Princess Royal (PRUH),3.77,Darent Valley,12.04,Princess Royal (PRUH),3.77,Kings College Hospital,16.78
BR60JE,51.381001,0.104729,South,Princess Royal (PRUH),3.55,Darent Valley,12.26,Princess Royal (PRUH),3.55,Kings College Hospital,16.74
BR60JF,51.380301,0.103677,South,Princess Royal (PRUH),3.44,Darent Valley,12.36,Princess Royal (PRUH),3.44,Kings College Hospital,16.72
BR60JG,51.381534,0.105084,South,Princess Royal (PRUH),3.6,Darent Valley,12.21,Princess Royal (PRUH),3.6,Kings College Hospital,16.72
BR60JH,51.37971,0.103492,South,Princess Royal (PRUH),3.4,Darent Valley,12.41,Princess Royal (PRUH),3.4,Kings College Hospital,16.75
BR60JJ,51.382036,0.106214,South,Princess Royal (PRUH),3.69,Darent Valley,12.12,Princess Royal (PRUH),3.69,Kings College Hospital,16.75
BR60JL,51.381804,0.099578,South,Princess Royal (PRUH),3.29,Darent Valley,12.53,Princess Royal (PRUH),3.29,Kings College Hospital,16.39
BR60JN,51.377185,0.099927,South,Princess Royal (PRUH),3.06,Darent Valley,12.76,Princess Royal (PRUH),3.06,Kings College Hospital,16.72
BR60JP,51.377396,0.099649,South,Princess Royal (PRUH),3.05,Darent Valley,12.77,Princess Royal (PRUH),3.05,Kings College Hospital,16.69
BR60JQ,51.380392,0.103092,South,Princess Royal (PRUH),3.41,Darent Valley,12.39,Princess Royal (PRUH),3.41,Kings College Hospital,16.68
BR60JR,51.378244,0.101039,South,Princess Royal (PRUH),3.18,Darent Valley,12.64,Princess Royal (PRUH),3.18,Kings College Hospital,16.71
BR60JS,51.37864,0.101503,South,Princess Royal (PRUH),3.23,Darent Valley,12.59,Princess Royal (PRUH),3.23,Kings College Hospital,16.71
BR60JT,51.379073,0.101954,South,Princess Royal (PRUH),3.27,Darent Valley,12.54,Princess Royal (PRUH),3.27,Kings College Hospital,16.71
BR60JU,51.375714,0.099673,South,Princess Royal (PRUH),2.97,Darent Valley,12.86,Princess Royal (PRUH),2.97,Kings College Hospital,16.81
BR60JW,51.377574,0.100247,South,Princess Royal (PRUH),3.09,Darent Valley,12.72,Princess Royal (PRUH),3.09,Kings College Hospital,16.71
BR60JX,51.374715,0.097702,South,Princess Royal (PRUH),2.81,Darent Valley,13.04,Princess Royal (PRUH),2.81,Kings College Hospital,16.77
BR60JY,51.379512,0.102534,South,Princess Royal (PRUH),3.33,Darent Valley,12.48,Princess Royal (PRUH),3.33,Kings College Hospital,16.71
BR60JZ,51.379944,0.103,South,Princess Royal (PRUH),3.38,Darent Valley,12.42,Princess Royal (PRUH),3.38,Kings College Hospital,16.71
BR60LA,51.381004,0.104068,South,Princess Royal (PRUH),3.51,Darent Valley,12.3,Princess Royal (PRUH),3.51,Kings College Hospital,16.7
BR60LB,51.381325,0.105219,South,Princess Royal (PRUH),3.59,Darent Valley,12.21,Princess Royal (PRUH),3.59,Kings College Hospital,16.74
BR60LD,51.37683,0.099164,South,Princess Royal (PRUH),2.99,Darent Valley,12.83,Princess Royal (PRUH),2.99,Kings College Hospital,16.7
BR60LE,51.380793,0.1038,South,Princess Royal (PRUH),3.48,Darent Valley,12.33,Princess Royal (PRUH),3.48,Kings College Hospital,16.7
BR60LF,51.379381,0.102787,South,Princess Royal (PRUH),3.34,Darent Valley,12.47,Princess Royal (PRUH),3.34,Kings College Hospital,16.73
BR60LG,51.378633,0.101919,South,Princess Royal (PRUH),3.25,Darent Valley,12.56,Princess Royal (PRUH),3.25,Kings College Hospital,16.73
BR60LH,51.376936,0.099269,South,Princess Royal (PRUH),3.0,Darent Valley,12.82,Princess Royal (PRUH),3.0,Kings College Hospital,16.7
BR60LJ,51.376915,0.100418,South,Princess Royal (PRUH),3.07,Darent Valley,12.75,Princess Royal (PRUH),3.07,Kings College Hospital,16.77
BR60LL,51.37695,0.099471,South,Princess Royal (PRUH),3.02,Darent Valley,12.8,Princess Royal (PRUH),3.02,Kings College Hospital,16.71
BR60LN,51.377554,0.100878,South,Princess Royal (PRUH),3.13,Darent Valley,12.69,Princess Royal (PRUH),3.13,Kings College Hospital,16.75
BR60LP,51.376936,0.099269,South,Princess Royal (PRUH),3.0,Darent Valley,12.82,Princess Royal (PRUH),3.0,Kings College Hospital,16.7
BR60LQ,51.377841,0.101409,South,Princess Royal (PRUH),3.18,Darent Valley,12.64,Princess Royal (PRUH),3.18,Kings College Hospital,16.76
BR60LR,51.378574,0.09818,South,Princess Royal (PRUH),3.02,Darent Valley,12.79,Princess Royal (PRUH),3.02,Kings College Hospital,16.53
BR60LS,51.376314,0.099327,South,Princess Royal (PRUH),2.98,Darent Valley,12.85,Princess Royal (PRUH),2.98,Kings College Hospital,16.75
BR60LT,51.374266,0.09771,South,Princess Royal (PRUH),2.79,Darent Valley,13.06,Princess Royal (PRUH),2.79,Kings College Hospital,16.8
BR60LU,51.374943,0.09856,South,Princess Royal (PRUH),2.87,Darent Valley,12.97,Princess Royal (PRUH),2.87,Kings College Hospital,16.8
BR60LW,51.377172,0.100616,South,Princess Royal (PRUH),3.1,Darent Valley,12.72,Princess Royal (PRUH),3.1,Kings College Hospital,16.76
BR60LX,51.37958,0.102264,South,Princess Royal (PRUH),3.32,Darent Valley,12.49,Princess Royal (PRUH),3.32,Kings College Hospital,16.69
BR60LZ,51.375932,0.099094,South,Princess Royal (PRUH),2.95,Darent Valley,12.88,Princess Royal (PRUH),2.95,Kings College Hospital,16.76
BR60NA,51.381377,0.10581,South,Princess Royal (PRUH),3.63,Darent Valley,12.18,Princess Royal (PRUH),3.63,Kings College Hospital,16.77
BR60NB,51.375495,0.098844,South,Princess Royal (PRUH),2.91,Darent Valley,12.92,Princess Royal (PRUH),2.91,Kings College Hospital,16.78
BR60ND,51.375094,0.098668,South,Princess Royal (PRUH),2.88,Darent Valley,12.96,Princess Royal (PRUH),2.88,Kings College Hospital,16.79
BR60NE,51.373787,0.098306,South,Princess Royal (PRUH),2.81,Darent Valley,13.05,Princess Royal (PRUH),2.81,Kings College Hospital,16.86
BR60NF,51.374554,0.098154,South,Princess Royal (PRUH),2.83,Darent Valley,13.02,Princess Royal (PRUH),2.83,Kings College Hospital,16.8
BR60NG,51.374119,0.097862,South,Princess Royal (PRUH),2.79,Darent Valley,13.06,Princess Royal (PRUH),2.79,Kings College Hospital,16.82
BR60NH,51.374012,0.096836,South,Princess Royal (PRUH),2.72,Darent Valley,13.13,Princess Royal (PRUH),2.72,Kings College Hospital,16.77
BR60NJ,51.374003,0.098345,South,Princess Royal (PRUH),2.82,Darent Valley,13.04,Princess Royal (PRUH),2.82,Kings College Hospital,16.85
BR60NL,51.375049,0.098177,South,Princess Royal (PRUH),2.85,Darent Valley,12.99,Princess Royal (PRUH),2.85,Kings College Hospital,16.77
BR60NN,51.373796,0.098321,South,Princess Royal (PRUH),2.81,Darent Valley,13.05,Princess Royal (PRUH),2.81,Kings College Hospital,16.86
BR60NP,51.375876,0.099666,South,Princess Royal (PRUH),2.98,Darent Valley,12.85,Princess Royal (PRUH),2.98,Kings College Hospital,16.79
BR60NQ,51.373658,0.097496,South,Princess Royal (PRUH),2.75,Darent Valley,13.11,Princess Royal (PRUH),2.75,Kings College Hospital,16.83
BR60NR,51.375143,0.099431,South,Princess Royal (PRUH),2.94,Darent Valley,12.91,Princess Royal (PRUH),2.94,Kings College Hospital,16.83
BR60NS,51.375464,0.099604,South,Princess Royal (PRUH),2.96,Darent Valley,12.88,Princess Royal (PRUH),2.96,Kings College Hospital,16.82
BR60NT,51.375011,0.099296,South,Princess Royal (PRUH),2.92,Darent Valley,12.92,Princess Royal (PRUH),2.92,Kings College Hospital,16.83
BR60NU,51.378574,0.09818,South,Princess Royal (PRUH),3.02,Darent Valley,12.79,Princess Royal (PRUH),3.02,Kings College Hospital,16.53
BR60NW,51.374739,0.098924,South,Princess Royal (PRUH),2.89,Darent Valley,12.96,Princess Royal (PRUH),2.89,Kings College Hospital,16.83
BR60NX,51.375049,0.098177,South,Princess Royal (PRUH),2.85,Darent Valley,12.99,Princess Royal (PRUH),2.85,Kings College Hospital,16.77
BR60NY,51.375093,0.099199,South,Princess Royal (PRUH),2.92,Darent Valley,12.93,Princess Royal (PRUH),2.92,Kings College Hospital,16.82
BR60NZ,51.375938,0.099712,South,Princess Royal (PRUH),2.99,Darent Valley,12.85,Princess Royal (PRUH),2.99,Kings College Hospital,16.79
BR60PA,51.375138,0.099187,South,Princess Royal (PRUH),2.92,Darent Valley,12.92,Princess Royal (PRUH),2.92,Kings College Hospital,16.82
BR60PB,51.37799,0.107121,South,Princess Royal (PRUH),3.55,Darent Valley,12.29,Princess Royal (PRUH),3.55,Kings College Hospital,17.07
BR60PD,51.374266,0.09771,South,Princess Royal (PRUH),2.79,Darent Valley,13.06,Princess Royal (PRUH),2.79,Kings College Hospital,16.8
BR60PE,51.37683,0.099164,South,Princess Royal (PRUH),2.99,Darent Valley,12.83,Princess Royal (PRUH),2.99,Kings College Hospital,16.7
BR60PF,51.376417,0.100108,South,Princess Royal (PRUH),3.03,Darent Valley,12.8,Princess Royal (PRUH),3.03,Kings College Hospital,16.78
BR60PG,51.375363,0.097688,South,Princess Royal (PRUH),2.83,Darent Valley,13.0,Princess Royal (PRUH),2.83,Kings College Hospital,16.72
BR60PH,51.373457,0.098665,South,Princess Royal (PRUH),2.82,Darent Valley,13.05,Princess Royal (PRUH),2.82,Kings College Hospital,16.91
BR60PJ,51.37683,0.099164,South,Princess Royal (PRUH),2.99,Darent Valley,12.83,Princess Royal (PRUH),2.99,Kings College Hospital,16.7
BR60PL,51.378277,0.107709,South,Princess Royal (PRUH),3.6,Darent Valley,12.24,Princess Royal (PRUH),3.6,Kings College Hospital,17.08
BR60PN,51.37921,0.108312,South,Princess Royal (PRUH),3.68,Darent Valley,12.15,Princess Royal (PRUH),3.68,Kings College Hospital,17.05
BR60PP,51.37586,0.098085,South,Princess Royal (PRUH),2.88,Darent Valley,12.95,Princess Royal (PRUH),2.88,Kings College Hospital,16.71
BR60PQ,51.37683,0.099164,South,Princess Royal (PRUH),2.99,Darent Valley,12.83,Princess Royal (PRUH),2.99,Kings College Hospital,16.7
BR60PR,51.375318,0.089137,South,Princess Royal (PRUH),2.29,Darent Valley,13.52,Princess Royal (PRUH),2.29,Kings College Hospital,16.26
BR60PS,51.375259,0.098,South,Princess Royal (PRUH),2.85,Darent Valley,12.99,Princess Royal (PRUH),2.85,Kings College Hospital,16.75
BR60PT,51.37683,0.099164,South,Princess Royal (PRUH),2.99,Darent Valley,12.83,Princess Royal (PRUH),2.99,Kings College Hospital,16.7
BR60PU,51.376743,0.109463,South,Princess Royal (PRUH),3.65,Darent Valley,12.22,Princess Royal (PRUH),3.65,Kings College Hospital,17.28
BR60PW,51.3804,0.109128,South,Princess Royal (PRUH),3.79,Darent Valley,12.03,Princess Royal (PRUH),3.79,Kings College Hospital,17.02
BR60PX,51.374087,0.109671,South,Princess Royal (PRUH),3.57,Darent Valley,12.37,Princess Royal (PRUH),3.57,Kings College Hospital,17.47
BR60PY,51.37323,0.108827,South,Princess Royal (PRUH),3.49,Darent Valley,12.47,Princess Royal (PRUH),3.49,Kings College Hospital,17.48
BR60PZ,51.375878,0.108576,South,Princess Royal (PRUH),3.56,Darent Valley,12.33,Princess Royal (PRUH),3.56,Kings College Hospital,17.29
BR60QA,51.377814,0.108449,South,Princess Royal (PRUH),3.63,Darent Valley,12.22,Princess Royal (PRUH),3.63,Kings College Hospital,17.15
BR60QB,51.377151,0.106292,South,Princess Royal (PRUH),3.46,Darent Valley,12.39,Princess Royal (PRUH),3.46,Kings College Hospital,17.08
BR60QD,51.377473,0.106407,South,Princess Royal (PRUH),3.48,Darent Valley,12.36,Princess Royal (PRUH),3.48,Kings College Hospital,17.06
BR60QE,51.376548,0.105847,South,Princess Royal (PRUH),3.41,Darent Valley,12.45,Princess Royal (PRUH),3.41,Kings College Hospital,17.09
BR60QF,51.376919,0.104197,South,Princess Royal (PRUH),3.32,Darent Valley,12.52,Princess Royal (PRUH),3.32,Kings College Hospital,16.97
BR60QG,51.376161,0.106361,South,Princess Royal (PRUH),3.43,Darent Valley,12.44,Princess Royal (PRUH),3.43,Kings College Hospital,17.15
BR60QH,51.374382,0.106236,South,Princess Royal (PRUH),3.35,Darent Valley,12.55,Princess Royal (PRUH),3.35,Kings College Hospital,17.26
BR60QJ,51.373791,0.10664,South,Princess Royal (PRUH),3.36,Darent Valley,12.57,Princess Royal (PRUH),3.36,Kings College Hospital,17.32
BR60QL,51.372636,0.100826,South,Princess Royal (PRUH),2.94,Darent Valley,12.97,Princess Royal (PRUH),2.94,Kings College Hospital,17.08
BR60QN,51.371993,0.104589,South,Princess Royal (PRUH),3.18,Darent Valley,12.79,Princess Royal (PRUH),3.18,Kings College Hospital,17.33
BR60QP,51.372201,0.106524,South,Princess Royal (PRUH),3.31,Darent Valley,12.67,Princess Royal (PRUH),3.31,Kings College Hospital,17.42
BR60QQ,51.375618,0.107543,South,Princess Royal (PRUH),3.48,Darent Valley,12.4,Princess Royal (PRUH),3.48,Kings College Hospital,17.25
BR60QR,51.372975,0.102493,South,Princess Royal (PRUH),3.06,Darent Valley,12.86,Princess Royal (PRUH),3.06,Kings College Hospital,17.15
BR60QS,51.374206,0.100524,South,Princess Royal (PRUH),2.97,Darent Valley,12.9,Princess Royal (PRUH),2.97,Kings College Hospital,16.96
BR60QT,51.373807,0.101727,South,Princess Royal (PRUH),3.04,Darent Valley,12.85,Princess Royal (PRUH),3.04,Kings College Hospital,17.05
BR60QU,51.373528,0.104243,South,Princess Royal (PRUH),3.2,Darent Valley,12.72,Princess Royal (PRUH),3.2,Kings College Hospital,17.21
BR60QW,51.371389,0.10768,South,Princess Royal (PRUH),3.37,Darent Valley,12.65,Princess Royal (PRUH),3.37,Kings College Hospital,17.54
BR60QX,51.373007,0.105225,South,Princess Royal (PRUH),3.25,Darent Valley,12.7,Princess Royal (PRUH),3.25,Kings College Hospital,17.29
BR60QY,51.373605,0.107437,South,Princess Royal (PRUH),3.41,Darent Valley,12.53,Princess Royal (PRUH),3.41,Kings College Hospital,17.38
BR60QZ,51.373335,0.107984,South,Princess Royal (PRUH),3.44,Darent Valley,12.52,Princess Royal (PRUH),3.44,Kings College Hospital,17.42
BR60RA,51.374869,0.104664,South,Princess Royal (PRUH),3.27,Darent Valley,12.62,Princess Royal (PRUH),3.27,Kings College Hospital,17.14
BR60RB,51.375087,0.102059,South,Princess Royal (PRUH),3.1,Darent Valley,12.76,Princess Royal (PRUH),3.1,Kings College Hospital,16.98
BR60RE,51.375138,0.099187,South,Princess Royal (PRUH),2.92,Darent Valley,12.92,Princess Royal (PRUH),2.92,Kings College Hospital,16.82
BR60RF,51.375113,0.100623,South,Princess Royal (PRUH),3.01,Darent Valley,12.84,Princess Royal (PRUH),3.01,Kings College Hospital,16.9
BR60RG,51.375556,0.10346,South,Princess Royal (PRUH),3.21,Darent Valley,12.65,Princess Royal (PRUH),3.21,Kings College Hospital,17.02
BR60RH,51.375144,0.105883,South,Princess Royal (PRUH),3.36,Darent Valley,12.53,Princess Royal (PRUH),3.36,Kings College Hospital,17.19
BR60RJ,51.37509,0.105364,South,Princess Royal (PRUH),3.32,Darent Valley,12.56,Princess Royal (PRUH),3.32,Kings College Hospital,17.16
BR60RL,51.374299,0.104379,South,Princess Royal (PRUH),3.23,Darent Valley,12.67,Princess Royal (PRUH),3.23,Kings College Hospital,17.16
BR60RQ,51.37545,0.103871,South,Princess Royal (PRUH),3.24,Darent Valley,12.63,Princess Royal (PRUH),3.24,Kings College Hospital,17.05
BR60RT,51.37573,0.101298,South,Princess Royal (PRUH),3.08,Darent Valley,12.76,Princess Royal (PRUH),3.08,Kings College Hospital,16.89
BR60RU,51.374873,0.101445,South,Princess Royal (PRUH),3.06,Darent Valley,12.81,Princess Royal (PRUH),3.06,Kings College Hospital,16.96
BR60RW,51.374011,0.104409,South,Princess Royal (PRUH),3.22,Darent Valley,12.68,Princess Royal (PRUH),3.22,Kings College Hospital,17.18
BR60RX,51.375107,0.095924,South,Princess Royal (PRUH),2.71,Darent Valley,13.12,Princess Royal (PRUH),2.71,Kings College Hospital,16.64
BR60RY,51.373573,0.096242,South,Princess Royal (PRUH),2.67,Darent Valley,13.19,Princess Royal (PRUH),2.67,Kings College Hospital,16.77
BR60RZ,51.37248,0.094482,South,Princess Royal (PRUH),2.51,Darent Valley,13.36,Princess Royal (PRUH),2.51,Kings College Hospital,16.75
BR60SA,51.371994,0.09196,South,Princess Royal (PRUH),2.33,Darent Valley,13.53,Princess Royal (PRUH),2.33,Kings College Hospital,16.65
BR60SB,51.383956,0.088869,South,Princess Royal (PRUH),2.86,Darent Valley,13.08,Princess Royal (PRUH),2.86,Kings College Hospital,15.65
BR60SD,51.372626,0.093368,South,Princess Royal (PRUH),2.44,Darent Valley,13.41,Princess Royal (PRUH),2.44,Kings College Hospital,16.68
BR60SE,51.3735,0.090764,South,Princess Royal (PRUH),2.31,Darent Valley,13.52,Princess Royal (PRUH),2.31,Kings College Hospital,16.48
BR60SF,51.373689,0.091218,South,Princess Royal (PRUH),2.35,Darent Valley,13.48,Princess Royal (PRUH),2.35,Kings College Hospital,16.49
BR60SG,51.36964,0.094353,South,Princess Royal (PRUH),2.43,Darent Valley,13.53,Princess Royal (PRUH),2.43,Kings College Hospital,16.95
BR60SH,51.373503,0.094586,South,Princess Royal (PRUH),2.56,Darent Valley,13.29,Princess Royal (PRUH),2.56,Kings College Hospital,16.68
BR60SJ,51.372834,0.093765,South,Princess Royal (PRUH),2.48,Darent Valley,13.38,Princess Royal (PRUH),2.48,Kings College Hospital,16.69
BR60SL,51.375362,0.089685,South,Princess Royal (PRUH),2.33,Darent Valley,13.48,Princess Royal (PRUH),2.33,Kings College Hospital,16.29
BR60SN,51.368194,0.093784,South,Princess Royal (PRUH),2.36,Darent Valley,13.65,Princess Royal (PRUH),2.36,Kings College Hospital,17.02
BR60SP,51.369898,0.095054,South,Princess Royal (PRUH),2.48,Darent Valley,13.48,Princess Royal (PRUH),2.48,Kings College Hospital,16.96
BR60SQ,51.369505,0.093887,South,Princess Royal (PRUH),2.39,Darent Valley,13.57,Princess Royal (PRUH),2.39,Kings College Hospital,16.93
BR60SR,51.373317,0.095425,South,Princess Royal (PRUH),2.6,Darent Valley,13.25,Princess Royal (PRUH),2.6,Kings College Hospital,16.74
BR60SS,51.37368,0.096764,South,Princess Royal (PRUH),2.71,Darent Valley,13.15,Princess Royal (PRUH),2.71,Kings College Hospital,16.79
BR60ST,51.372863,0.090146,South,Princess Royal (PRUH),2.24,Darent Valley,13.59,Princess Royal (PRUH),2.24,Kings College Hospital,16.49
BR60SU,51.372622,0.089014,South,Princess Royal (PRUH),2.16,Darent Valley,13.67,Princess Royal (PRUH),2.16,Kings College Hospital,16.45
BR60SW,51.36962,0.092972,South,Princess Royal (PRUH),2.33,Darent Valley,13.61,Princess Royal (PRUH),2.33,Kings College Hospital,16.87
BR60SX,51.373128,0.08944,South,Princess Royal (PRUH),2.21,Darent Valley,13.62,Princess Royal (PRUH),2.21,Kings College Hospital,16.43
BR60SY,51.377738,0.101145,South,Princess Royal (PRUH),3.16,Darent Valley,12.66,Princess Royal (PRUH),3.16,Kings College Hospital,16.75
BR60SZ,51.375138,0.099187,South,Princess Royal (PRUH),2.92,Darent Valley,12.92,Princess Royal (PRUH),2.92,Kings College Hospital,16.82
BR60TA,51.380489,0.083595,South,Princess Royal (PRUH),2.33,Darent Valley,13.58,Princess Royal (PRUH),2.33,Kings College Hospital,15.6
BR60TB,51.38031,0.09665,South,Princess Royal (PRUH),3.02,Darent Valley,12.79,Princess Royal (PRUH),3.02,Kings College Hospital,16.33
BR60TD,51.379406,0.097916,South,Princess Royal (PRUH),3.05,Darent Valley,12.76,Princess Royal (PRUH),3.05,Kings College Hospital,16.46
BR60TE,51.375942,0.102011,South,Princess Royal (PRUH),3.13,Darent Valley,12.71,Princess Royal (PRUH),3.13,Kings College Hospital,16.92
BR60TF,51.37691,0.100705,South,Princess Royal (PRUH),3.09,Darent Valley,12.73,Princess Royal (PRUH),3.09,Kings College Hospital,16.78
BR60TG,51.376011,0.100664,South,Princess Royal (PRUH),3.05,Darent Valley,12.79,Princess Royal (PRUH),3.05,Kings College Hospital,16.84
BR60TH,51.377061,0.101301,South,Princess Royal (PRUH),3.14,Darent Valley,12.69,Princess Royal (PRUH),3.14,Kings College Hospital,16.8
BR60TJ,51.376983,0.103137,South,Princess Royal (PRUH),3.25,Darent Valley,12.58,Princess Royal (PRUH),3.25,Kings College Hospital,16.91
BR60TL,51.377061,0.101301,South,Princess Royal (PRUH),3.14,Darent Valley,12.69,Princess Royal (PRUH),3.14,Kings College Hospital,16.8
BR60TN,51.377061,0.101301,South,Princess Royal (PRUH),3.14,Darent Valley,12.69,Princess Royal (PRUH),3.14,Kings College Hospital,16.8
BR60TP,51.382004,0.092416,South,Princess Royal (PRUH),2.9,Darent Valley,12.96,Princess Royal (PRUH),2.9,Kings College Hospital,15.98
BR60TQ,51.376011,0.100664,South,Princess Royal (PRUH),3.05,Darent Valley,12.79,Princess Royal (PRUH),3.05,Kings College Hospital,16.84
BR60TR,51.38228,0.093104,South,Princess Royal (PRUH),2.95,Darent Valley,12.9,Princess Royal (PRUH),2.95,Kings College Hospital,16.0
BR60TS,51.381683,0.089771,South,Princess Royal (PRUH),2.73,Darent Valley,13.14,Princess Royal (PRUH),2.73,Kings College Hospital,15.86
BR60TT,51.382288,0.09115,South,Princess Royal (PRUH),2.85,Darent Valley,13.02,Princess Royal (PRUH),2.85,Kings College Hospital,15.89
BR60TU,51.382328,0.089916,South,Princess Royal (PRUH),2.79,Darent Valley,13.1,Princess Royal (PRUH),2.79,Kings College Hospital,15.82
BR60TW,51.376973,0.101699,South,Princess Royal (PRUH),3.16,Darent Valley,12.67,Princess Royal (PRUH),3.16,Kings College Hospital,16.83
BR60TX,51.382776,0.090468,South,Princess Royal (PRUH),2.85,Darent Valley,13.04,Princess Royal (PRUH),2.85,Kings College Hospital,15.82
BR60TY,51.383728,0.090037,South,Princess Royal (PRUH),2.9,Darent Valley,13.02,Princess Royal (PRUH),2.9,Kings College Hospital,15.73
BR60TZ,51.379529,0.094559,South,Princess Royal (PRUH),2.86,Darent Valley,12.96,Princess Royal (PRUH),2.86,Kings College Hospital,16.27
BR60UA,51.37683,0.099164,South,Princess Royal (PRUH),2.99,Darent Valley,12.83,Princess Royal (PRUH),2.99,Kings College Hospital,16.7
BR60UB,51.378574,0.09818,South,Princess Royal (PRUH),3.02,Darent Valley,12.79,Princess Royal (PRUH),3.02,Kings College Hospital,16.53
BR60UD,51.378574,0.09818,South,Princess Royal (PRUH),3.02,Darent Valley,12.79,Princess Royal (PRUH),3.02,Kings College Hospital,16.53
BR60UE,51.382955,0.10709,South,Princess Royal (PRUH),3.8,Darent Valley,12.01,Princess Royal (PRUH),3.8,Kings College Hospital,16.75
BR60UF,51.37683,0.099164,South,Princess Royal (PRUH),2.99,Darent Valley,12.83,Princess Royal (PRUH),2.99,Kings College Hospital,16.7
BR60UG,51.37683,0.099164,South,Princess Royal (PRUH),2.99,Darent Valley,12.83,Princess Royal (PRUH),2.99,Kings College Hospital,16.7
BR60UH,51.37683,0.099164,South,Princess Royal (PRUH),2.99,Darent Valley,12.83,Princess Royal (PRUH),2.99,Kings College Hospital,16.7
BR60UN,51.376137,0.101173,South,Princess Royal (PRUH),3.09,Darent Valley,12.75,Princess Royal (PRUH),3.09,Kings College Hospital,16.86
BR60UP,51.38479,0.102086,South,Princess Royal (PRUH),3.62,Darent Valley,12.22,Princess Royal (PRUH),3.62,Kings College Hospital,16.34
BR60UQ,51.384467,0.103537,South,Princess Royal (PRUH),3.68,Darent Valley,12.15,Princess Royal (PRUH),3.68,Kings College Hospital,16.45
BR60UR,51.384726,0.102601,South,Princess Royal (PRUH),3.64,Darent Valley,12.19,Princess Royal (PRUH),3.64,Kings College Hospital,16.38
BR60US,51.3838,0.102127,South,Princess Royal (PRUH),3.56,Darent Valley,12.27,Princess Royal (PRUH),3.56,Kings College Hospital,16.41
BR60UT,51.381377,0.102347,South,Princess Royal (PRUH),3.42,Darent Valley,12.39,Princess Royal (PRUH),3.42,Kings College Hospital,16.58
BR60UW,51.376781,0.107884,South,Princess Royal (PRUH),3.55,Darent Valley,12.31,Princess Royal (PRUH),3.55,Kings College Hospital,17.19
BR60UY,51.37683,0.099164,South,Princess Royal (PRUH),2.99,Darent Valley,12.83,Princess Royal (PRUH),2.99,Kings College Hospital,16.7
BR60UZ,51.3838,0.102127,South,Princess Royal (PRUH),3.56,Darent Valley,12.27,Princess Royal (PRUH),3.56,Kings College Hospital,16.41
BR60WA,51.383469,0.092454,South,Princess Royal (PRUH),3.0,Darent Valley,12.88,Princess Royal (PRUH),3.0,Kings College Hospital,15.89
BR60WB,51.383803,0.092915,South,Princess Royal (PRUH),3.05,Darent Valley,12.84,Princess Royal (PRUH),3.05,Kings College Hospital,15.89
BR60WD,51.384304,0.092521,South,Princess Royal (PRUH),3.07,Darent Valley,12.84,Princess Royal (PRUH),3.07,Kings College Hospital,15.83
BR60WE,51.383638,0.091556,South,Princess Royal (PRUH),2.97,Darent Valley,12.93,Princess Royal (PRUH),2.97,Kings College Hospital,15.82
BR60WF,51.383638,0.091556,South,Princess Royal (PRUH),2.97,Darent Valley,12.93,Princess Royal (PRUH),2.97,Kings College Hospital,15.82
BR60WG,51.37683,0.099164,South,Princess Royal (PRUH),2.99,Darent Valley,12.83,Princess Royal (PRUH),2.99,Kings College Hospital,16.7
BR60WH,51.37683,0.099164,South,Princess Royal (PRUH),2.99,Darent Valley,12.83,Princess Royal (PRUH),2.99,Kings College Hospital,16.7
BR60WJ,51.37683,0.099164,South,Princess Royal (PRUH),2.99,Darent Valley,12.83,Princess Royal (PRUH),2.99,Kings College Hospital,16.7
BR60WL,51.37683,0.099164,South,Princess Royal (PRUH),2.99,Darent Valley,12.83,Princess Royal (PRUH),2.99,Kings College Hospital,16.7
BR60WN,51.378574,0.09818,South,Princess Royal (PRUH),3.02,Darent Valley,12.79,Princess Royal (PRUH),3.02,Kings College Hospital,16.53
BR60WP,51.37683,0.099164,South,Princess Royal (PRUH),2.99,Darent Valley,12.83,Princess Royal (PRUH),2.99,Kings College Hospital,16.7
BR60WQ,51.37683,0.099164,South,Princess Royal (PRUH),2.99,Darent Valley,12.83,Princess Royal (PRUH),2.99,Kings College Hospital,16.7
BR60WR,51.37683,0.099164,South,Princess Royal (PRUH),2.99,Darent Valley,12.83,Princess Royal (PRUH),2.99,Kings College Hospital,16.7
BR60WS,51.37683,0.099164,South,Princess Royal (PRUH),2.99,Darent Valley,12.83,Princess Royal (PRUH),2.99,Kings College Hospital,16.7
BR60WT,51.37683,0.099164,South,Princess Royal (PRUH),2.99,Darent Valley,12.83,Princess Royal (PRUH),2.99,Kings College Hospital,16.7
BR60WU,51.37683,0.099164,South,Princess Royal (PRUH),2.99,Darent Valley,12.83,Princess Royal (PRUH),2.99,Kings College Hospital,16.7
BR60WW,51.37683,0.099164,South,Princess Royal (PRUH),2.99,Darent Valley,12.83,Princess Royal (PRUH),2.99,Kings College Hospital,16.7
BR60WX,51.375362,0.093708,South,Princess Royal (PRUH),2.58,Darent Valley,13.24,Princess Royal (PRUH),2.58,Kings College Hospital,16.51
BR60WY,51.37683,0.099164,South,Princess Royal (PRUH),2.99,Darent Valley,12.83,Princess Royal (PRUH),2.99,Kings College Hospital,16.7
BR60WZ,51.37683,0.099164,South,Princess Royal (PRUH),2.99,Darent Valley,12.83,Princess Royal (PRUH),2.99,Kings College Hospital,16.7
BR60XA,51.380452,0.095262,South,Princess Royal (PRUH),2.95,Darent Valley,12.87,Princess Royal (PRUH),2.95,Kings College Hospital,16.24
BR60XB,51.371305,0.09177,South,Princess Royal (PRUH),2.29,Darent Valley,13.59,Princess Royal (PRUH),2.29,Kings College Hospital,16.69
BR60XD,51.380153,0.101888,South,Princess Royal (PRUH),3.33,Darent Valley,12.48,Princess Royal (PRUH),3.33,Kings College Hospital,16.63
BR60XE,51.37683,0.099164,South,Princess Royal (PRUH),2.99,Darent Valley,12.83,Princess Royal (PRUH),2.99,Kings College Hospital,16.7
BR60XF,51.37683,0.099164,South,Princess Royal (PRUH),2.99,Darent Valley,12.83,Princess Royal (PRUH),2.99,Kings College Hospital,16.7
BR60XG,51.37683,0.099164,South,Princess Royal (PRUH),2.99,Darent Valley,12.83,Princess Royal (PRUH),2.99,Kings College Hospital,16.7
BR60XH,51.37683,0.099164,South,Princess Royal (PRUH),2.99,Darent Valley,12.83,Princess Royal (PRUH),2.99,Kings College Hospital,16.7
BR60XJ,51.37683,0.099164,South,Princess Royal (PRUH),2.99,Darent Valley,12.83,Princess Royal (PRUH),2.99,Kings College Hospital,16.7
BR60XL,51.37683,0.099164,South,Princess Royal (PRUH),2.99,Darent Valley,12.83,Princess Royal (PRUH),2.99,Kings College Hospital,16.7
BR60XN,51.37683,0.099164,South,Princess Royal (PRUH),2.99,Darent Valley,12.83,Princess Royal (PRUH),2.99,Kings College Hospital,16.7
BR60XP,51.37683,0.099164,South,Princess Royal (PRUH),2.99,Darent Valley,12.83,Princess Royal (PRUH),2.99,Kings College Hospital,16.7
BR60XQ,51.37683,0.099164,South,Princess Royal (PRUH),2.99,Darent Valley,12.83,Princess Royal (PRUH),2.99,Kings College Hospital,16.7
BR60XR,51.37683,0.099164,South,Princess Royal (PRUH),2.99,Darent Valley,12.83,Princess Royal (PRUH),2.99,Kings College Hospital,16.7
BR60XS,51.37683,0.099164,South,Princess Royal (PRUH),2.99,Darent Valley,12.83,Princess Royal (PRUH),2.99,Kings College Hospital,16.7
BR60XT,51.37683,0.099164,South,Princess Royal (PRUH),2.99,Darent Valley,12.83,Princess Royal (PRUH),2.99,Kings College Hospital,16.7
BR60XU,51.37683,0.099164,South,Princess Royal (PRUH),2.99,Darent Valley,12.83,Princess Royal (PRUH),2.99,Kings College Hospital,16.7
BR60XW,51.37683,0.099164,South,Princess Royal (PRUH),2.99,Darent Valley,12.83,Princess Royal (PRUH),2.99,Kings College Hospital,16.7
BR60XY,51.37683,0.099164,South,Princess Royal (PRUH),2.99,Darent Valley,12.83,Princess Royal (PRUH),2.99,Kings College Hospital,16.7
BR60XZ,51.37683,0.099164,South,Princess Royal (PRUH),2.99,Darent Valley,12.83,Princess Royal (PRUH),2.99,Kings College Hospital,16.7
BR60YA,51.37683,0.099164,South,Princess Royal (PRUH),2.99,Darent Valley,12.83,Princess Royal (PRUH),2.99,Kings College Hospital,16.7
BR60YB,51.37683,0.099164,South,Princess Royal (PRUH),2.99,Darent Valley,12.83,Princess Royal (PRUH),2.99,Kings College Hospital,16.7
BR60YD,51.37683,0.099164,South,Princess Royal (PRUH),2.99,Darent Valley,12.83,Princess Royal (PRUH),2.99,Kings College Hospital,16.7
BR60YE,51.37683,0.099164,South,Princess Royal (PRUH),2.99,Darent Valley,12.83,Princess Royal (PRUH),2.99,Kings College Hospital,16.7
BR60YF,51.37683,0.099164,South,Princess Royal (PRUH),2.99,Darent Valley,12.83,Princess Royal (PRUH),2.99,Kings College Hospital,16.7
BR60YG,51.37683,0.099164,South,Princess Royal (PRUH),2.99,Darent Valley,12.83,Princess Royal (PRUH),2.99,Kings College Hospital,16.7
BR60YH,51.37683,0.099164,South,Princess Royal (PRUH),2.99,Darent Valley,12.83,Princess Royal (PRUH),2.99,Kings College Hospital,16.7
BR60YJ,51.37683,0.099164,South,Princess Royal (PRUH),2.99,Darent Valley,12.83,Princess Royal (PRUH),2.99,Kings College Hospital,16.7
BR60YT,51.37683,0.099164,South,Princess Royal (PRUH),2.99,Darent Valley,12.83,Princess Royal (PRUH),2.99,Kings College Hospital,16.7
BR60YU,51.37683,0.099164,South,Princess Royal (PRUH),2.99,Darent Valley,12.83,Princess Royal (PRUH),2.99,Kings College Hospital,16.7
BR60YW,51.37683,0.099164,South,Princess Royal (PRUH),2.99,Darent Valley,12.83,Princess Royal (PRUH),2.99,Kings College Hospital,16.7
BR60YY,51.37683,0.099164,South,Princess Royal (PRUH),2.99,Darent Valley,12.83,Princess Royal (PRUH),2.99,Kings College Hospital,16.7
BR60YZ,51.37683,0.099164,South,Princess Royal (PRUH),2.99,Darent Valley,12.83,Princess Royal (PRUH),2.99,Kings College Hospital,16.7
BR60ZA,51.37683,0.099164,South,Princess Royal (PRUH),2.99,Darent Valley,12.83,Princess Royal (PRUH),2.99,Kings College Hospital,16.7
BR60ZB,51.37683,0.099164,South,Princess Royal (PRUH),2.99,Darent Valley,12.83,Princess Royal (PRUH),2.99,Kings College Hospital,16.7
BR60ZD,51.37683,0.099164,South,Princess Royal (PRUH),2.99,Darent Valley,12.83,Princess Royal (PRUH),2.99,Kings College Hospital,16.7
BR60ZE,51.384329,0.08811,South,Princess Royal (PRUH),2.85,Darent Valley,13.11,Princess Royal (PRUH),2.85,Kings College Hospital,15.59
BR60ZF,51.37683,0.099164,South,Princess Royal (PRUH),2.99,Darent Valley,12.83,Princess Royal (PRUH),2.99,Kings College Hospital,16.7
BR60ZG,51.37683,0.099164,South,Princess Royal (PRUH),2.99,Darent Valley,12.83,Princess Royal (PRUH),2.99,Kings College Hospital,16.7
BR60ZH,51.378574,0.09818,South,Princess Royal (PRUH),3.02,Darent Valley,12.79,Princess Royal (PRUH),3.02,Kings College Hospital,16.53
BR60ZJ,51.378574,0.09818,South,Princess Royal (PRUH),3.02,Darent Valley,12.79,Princess Royal (PRUH),3.02,Kings College Hospital,16.53
BR60ZL,51.37683,0.099164,South,Princess Royal (PRUH),2.99,Darent Valley,12.83,Princess Royal (PRUH),2.99,Kings College Hospital,16.7
BR60ZN,51.37683,0.099164,South,Princess Royal (PRUH),2.99,Darent Valley,12.83,Princess Royal (PRUH),2.99,Kings College Hospital,16.7
BR60ZP,51.37683,0.099164,South,Princess Royal (PRUH),2.99,Darent Valley,12.83,Princess Royal (PRUH),2.99,Kings College Hospital,16.7
BR60ZQ,51.37683,0.099164,South,Princess Royal (PRUH),2.99,Darent Valley,12.83,Princess Royal (PRUH),2.99,Kings College Hospital,16.7
BR60ZR,51.37683,0.099164,South,Princess Royal (PRUH),2.99,Darent Valley,12.83,Princess Royal (PRUH),2.99,Kings College Hospital,16.7
BR60ZS,51.378574,0.09818,South,Princess Royal (PRUH),3.02,Darent Valley,12.79,Princess Royal (PRUH),3.02,Kings College Hospital,16.53
BR60ZT,51.378574,0.09818,South,Princess Royal (PRUH),3.02,Darent Valley,12.79,Princess Royal (PRUH),3.02,Kings College Hospital,16.53
BR60ZU,51.37683,0.099164,South,Princess Royal (PRUH),2.99,Darent Valley,12.83,Princess Royal (PRUH),2.99,Kings College Hospital,16.7
BR60ZW,51.378574,0.09818,South,Princess Royal (PRUH),3.02,Darent Valley,12.79,Princess Royal (PRUH),3.02,Kings College Hospital,16.53
BR60ZX,51.378574,0.09818,South,Princess Royal (PRUH),3.02,Darent Valley,12.79,Princess Royal (PRUH),3.02,Kings College Hospital,16.53
BR60ZY,51.378574,0.09818,South,Princess Royal (PRUH),3.02,Darent Valley,12.79,Princess Royal (PRUH),3.02,Kings College Hospital,16.53
BR60ZZ,51.378574,0.09818,South,Princess Royal (PRUH),3.02,Darent Valley,12.79,Princess Royal (PRUH),3.02,Kings College Hospital,16.53
BR61AD,51.37683,0.099164,South,Princess Royal (PRUH),2.99,Darent Valley,12.83,Princess Royal (PRUH),2.99,Kings College Hospital,16.7
BR61AF,51.37683,0.099164,South,Princess Royal (PRUH),2.99,Darent Valley,12.83,Princess Royal (PRUH),2.99,Kings College Hospital,16.7
BR61AN,51.37683,0.099164,South,Princess Royal (PRUH),2.99,Darent Valley,12.83,Princess Royal (PRUH),2.99,Kings College Hospital,16.7
BR61AP,51.37683,0.099164,South,Princess Royal (PRUH),2.99,Darent Valley,12.83,Princess Royal (PRUH),2.99,Kings College Hospital,16.7
BR61AS,51.37683,0.099164,South,Princess Royal (PRUH),2.99,Darent Valley,12.83,Princess Royal (PRUH),2.99,Kings College Hospital,16.7
BR61AU,51.37683,0.099164,South,Princess Royal (PRUH),2.99,Darent Valley,12.83,Princess Royal (PRUH),2.99,Kings College Hospital,16.7
BR61AX,51.37683,0.099164,South,Princess Royal (PRUH),2.99,Darent Valley,12.83,Princess Royal (PRUH),2.99,Kings College Hospital,16.7
BR61AY,51.37683,0.099164,South,Princess Royal (PRUH),2.99,Darent Valley,12.83,Princess Royal (PRUH),2.99,Kings College Hospital,16.7
BR61BB,51.37683,0.099164,South,Princess Royal (PRUH),2.99,Darent Valley,12.83,Princess Royal (PRUH),2.99,Kings College Hospital,16.7
BR61BE,51.37683,0.099164,South,Princess Royal (PRUH),2.99,Darent Valley,12.83,Princess Royal (PRUH),2.99,Kings College Hospital,16.7
BR61BN,51.37683,0.099164,South,Princess Royal (PRUH),2.99,Darent Valley,12.83,Princess Royal (PRUH),2.99,Kings College Hospital,16.7
BR61BQ,51.37683,0.099164,South,Princess Royal (PRUH),2.99,Darent Valley,12.83,Princess Royal (PRUH),2.99,Kings College Hospital,16.7
BR61BU,51.37683,0.099164,South,Princess Royal (PRUH),2.99,Darent Valley,12.83,Princess Royal (PRUH),2.99,Kings College Hospital,16.7
BR61BW,51.37683,0.099164,South,Princess Royal (PRUH),2.99,Darent Valley,12.83,Princess Royal (PRUH),2.99,Kings College Hospital,16.7
BR61DD,51.37683,0.099164,South,Princess Royal (PRUH),2.99,Darent Valley,12.83,Princess Royal (PRUH),2.99,Kings College Hospital,16.7
BR61DF,51.37683,0.099164,South,Princess Royal (PRUH),2.99,Darent Valley,12.83,Princess Royal (PRUH),2.99,Kings College Hospital,16.7
BR61DG,51.37683,0.099164,South,Princess Royal (PRUH),2.99,Darent Valley,12.83,Princess Royal (PRUH),2.99,Kings College Hospital,16.7
BR61DH,51.37683,0.099164,South,Princess Royal (PRUH),2.99,Darent Valley,12.83,Princess Royal (PRUH),2.99,Kings College Hospital,16.7
BR61DJ,51.37683,0.099164,South,Princess Royal (PRUH),2.99,Darent Valley,12.83,Princess Royal (PRUH),2.99,Kings College Hospital,16.7
BR61DP,51.37683,0.099164,South,Princess Royal (PRUH),2.99,Darent Valley,12.83,Princess Royal (PRUH),2.99,Kings College Hospital,16.7
BR61DR,51.37683,0.099164,South,Princess Royal (PRUH),2.99,Darent Valley,12.83,Princess Royal (PRUH),2.99,Kings College Hospital,16.7
BR61DS,51.37683,0.099164,South,Princess Royal (PRUH),2.99,Darent Valley,12.83,Princess Royal (PRUH),2.99,Kings College Hospital,16.7
BR61DW,51.37683,0.099164,South,Princess Royal (PRUH),2.99,Darent Valley,12.83,Princess Royal (PRUH),2.99,Kings College Hospital,16.7
BR61DY,51.37683,0.099164,South,Princess Royal (PRUH),2.99,Darent Valley,12.83,Princess Royal (PRUH),2.99,Kings College Hospital,16.7
BR61DZ,51.37683,0.099164,South,Princess Royal (PRUH),2.99,Darent Valley,12.83,Princess Royal (PRUH),2.99,Kings College Hospital,16.7
BR61EA,51.37683,0.099164,South,Princess Royal (PRUH),2.99,Darent Valley,12.83,Princess Royal (PRUH),2.99,Kings College Hospital,16.7
BR61EB,51.37683,0.099164,South,Princess Royal (PRUH),2.99,Darent Valley,12.83,Princess Royal (PRUH),2.99,Kings College Hospital,16.7
BR61ED,51.37683,0.099164,South,Princess Royal (PRUH),2.99,Darent Valley,12.83,Princess Royal (PRUH),2.99,Kings College Hospital,16.7
BR61EE,51.37683,0.099164,South,Princess Royal (PRUH),2.99,Darent Valley,12.83,Princess Royal (PRUH),2.99,Kings College Hospital,16.7
BR61EF,51.37683,0.099164,South,Princess Royal (PRUH),2.99,Darent Valley,12.83,Princess Royal (PRUH),2.99,Kings College Hospital,16.7
BR61EG,51.37683,0.099164,South,Princess Royal (PRUH),2.99,Darent Valley,12.83,Princess Royal (PRUH),2.99,Kings College Hospital,16.7
BR61EH,51.37683,0.099164,South,Princess Royal (PRUH),2.99,Darent Valley,12.83,Princess Royal (PRUH),2.99,Kings College Hospital,16.7
BR61EJ,51.37683,0.099164,South,Princess Royal (PRUH),2.99,Darent Valley,12.83,Princess Royal (PRUH),2.99,Kings College Hospital,16.7
BR61EL,51.37683,0.099164,South,Princess Royal (PRUH),2.99,Darent Valley,12.83,Princess Royal (PRUH),2.99,Kings College Hospital,16.7
BR61EN,51.37683,0.099164,South,Princess Royal (PRUH),2.99,Darent Valley,12.83,Princess Royal (PRUH),2.99,Kings College Hospital,16.7
BR61EP,51.37683,0.099164,South,Princess Royal (PRUH),2.99,Darent Valley,12.83,Princess Royal (PRUH),2.99,Kings College Hospital,16.7
BR61EQ,51.37683,0.099164,South,Princess Royal (PRUH),2.99,Darent Valley,12.83,Princess Royal (PRUH),2.99,Kings College Hospital,16.7
BR61ER,51.37683,0.099164,South,Princess Royal (PRUH),2.99,Darent Valley,12.83,Princess Royal (PRUH),2.99,Kings College Hospital,16.7
BR61ES,51.37683,0.099164,South,Princess Royal (PRUH),2.99,Darent Valley,12.83,Princess Royal (PRUH),2.99,Kings College Hospital,16.7
BR61ET,51.37683,0.099164,South,Princess Royal (PRUH),2.99,Darent Valley,12.83,Princess Royal (PRUH),2.99,Kings College Hospital,16.7
BR61EU,51.37683,0.099164,South,Princess Royal (PRUH),2.99,Darent Valley,12.83,Princess Royal (PRUH),2.99,Kings College Hospital,16.7
BR61EW,51.37683,0.099164,South,Princess Royal (PRUH),2.99,Darent Valley,12.83,Princess Royal (PRUH),2.99,Kings College Hospital,16.7
BR61EX,51.37683,0.099164,South,Princess Royal (PRUH),2.99,Darent Valley,12.83,Princess Royal (PRUH),2.99,Kings College Hospital,16.7
BR61EY,51.37683,0.099164,South,Princess Royal (PRUH),2.99,Darent Valley,12.83,Princess Royal (PRUH),2.99,Kings College Hospital,16.7
BR61EZ,51.37683,0.099164,South,Princess Royal (PRUH),2.99,Darent Valley,12.83,Princess Royal (PRUH),2.99,Kings College Hospital,16.7
BR61FA,51.37683,0.099164,South,Princess Royal (PRUH),2.99,Darent Valley,12.83,Princess Royal (PRUH),2.99,Kings College Hospital,16.7
BR61FB,51.37683,0.099164,South,Princess Royal (PRUH),2.99,Darent Valley,12.83,Princess Royal (PRUH),2.99,Kings College Hospital,16.7
BR61FD,51.37683,0.099164,South,Princess Royal (PRUH),2.99,Darent Valley,12.83,Princess Royal (PRUH),2.99,Kings College Hospital,16.7
BR61FE,51.37683,0.099164,South,Princess Royal (PRUH),2.99,Darent Valley,12.83,Princess Royal (PRUH),2.99,Kings College Hospital,16.7
BR61FF,51.37683,0.099164,South,Princess Royal (PRUH),2.99,Darent Valley,12.83,Princess Royal (PRUH),2.99,Kings College Hospital,16.7
BR61FG,51.37683,0.099164,South,Princess Royal (PRUH),2.99,Darent Valley,12.83,Princess Royal (PRUH),2.99,Kings College Hospital,16.7
BR61FH,51.37683,0.099164,South,Princess Royal (PRUH),2.99,Darent Valley,12.83,Princess Royal (PRUH),2.99,Kings College Hospital,16.7
BR61FJ,51.37683,0.099164,South,Princess Royal (PRUH),2.99,Darent Valley,12.83,Princess Royal (PRUH),2.99,Kings College Hospital,16.7
BR61FL,51.37683,0.099164,South,Princess Royal (PRUH),2.99,Darent Valley,12.83,Princess Royal (PRUH),2.99,Kings College Hospital,16.7
BR61FN,51.37683,0.099164,South,Princess Royal (PRUH),2.99,Darent Valley,12.83,Princess Royal (PRUH),2.99,Kings College Hospital,16.7
BR61FP,51.37683,0.099164,South,Princess Royal (PRUH),2.99,Darent Valley,12.83,Princess Royal (PRUH),2.99,Kings College Hospital,16.7
BR61FQ,51.37683,0.099164,South,Princess Royal (PRUH),2.99,Darent Valley,12.83,Princess Royal (PRUH),2.99,Kings College Hospital,16.7
BR61FR,51.37683,0.099164,South,Princess Royal (PRUH),2.99,Darent Valley,12.83,Princess Royal (PRUH),2.99,Kings College Hospital,16.7
BR61FS,51.37683,0.099164,South,Princess Royal (PRUH),2.99,Darent Valley,12.83,Princess Royal (PRUH),2.99,Kings College Hospital,16.7
BR61FT,51.37683,0.099164,South,Princess Royal (PRUH),2.99,Darent Valley,12.83,Princess Royal (PRUH),2.99,Kings College Hospital,16.7
BR61FU,51.37683,0.099164,South,Princess Royal (PRUH),2.99,Darent Valley,12.83,Princess Royal (PRUH),2.99,Kings College Hospital,16.7
BR61FW,51.37683,0.099164,South,Princess Royal (PRUH),2.99,Darent Valley,12.83,Princess Royal (PRUH),2.99,Kings College Hospital,16.7
BR61FX,51.37683,0.099164,South,Princess Royal (PRUH),2.99,Darent Valley,12.83,Princess Royal (PRUH),2.99,Kings College Hospital,16.7
BR61FY,51.37683,0.099164,South,Princess Royal (PRUH),2.99,Darent Valley,12.83,Princess Royal (PRUH),2.99,Kings College Hospital,16.7
BR61FZ,51.37683,0.099164,South,Princess Royal (PRUH),2.99,Darent Valley,12.83,Princess Royal (PRUH),2.99,Kings College Hospital,16.7
BR61GA,51.37683,0.099164,South,Princess Royal (PRUH),2.99,Darent Valley,12.83,Princess Royal (PRUH),2.99,Kings College Hospital,16.7
BR61GB,51.37683,0.099164,South,Princess Royal (PRUH),2.99,Darent Valley,12.83,Princess Royal (PRUH),2.99,Kings College Hospital,16.7
BR61GD,51.37683,0.099164,South,Princess Royal (PRUH),2.99,Darent Valley,12.83,Princess Royal (PRUH),2.99,Kings College Hospital,16.7
BR61GE,51.37683,0.099164,South,Princess Royal (PRUH),2.99,Darent Valley,12.83,Princess Royal (PRUH),2.99,Kings College Hospital,16.7
BR61GF,51.37683,0.099164,South,Princess Royal (PRUH),2.99,Darent Valley,12.83,Princess Royal (PRUH),2.99,Kings College Hospital,16.7
BR61GG,51.37683,0.099164,South,Princess Royal (PRUH),2.99,Darent Valley,12.83,Princess Royal (PRUH),2.99,Kings College Hospital,16.7
BR61GH,51.37683,0.099164,South,Princess Royal (PRUH),2.99,Darent Valley,12.83,Princess Royal (PRUH),2.99,Kings College Hospital,16.7
BR61GJ,51.37683,0.099164,South,Princess Royal (PRUH),2.99,Darent Valley,12.83,Princess Royal (PRUH),2.99,Kings College Hospital,16.7
BR61GL,51.37683,0.099164,South,Princess Royal (PRUH),2.99,Darent Valley,12.83,Princess Royal (PRUH),2.99,Kings College Hospital,16.7
BR61GN,51.37683,0.099164,South,Princess Royal (PRUH),2.99,Darent Valley,12.83,Princess Royal (PRUH),2.99,Kings College Hospital,16.7
BR61GP,51.37683,0.099164,South,Princess Royal (PRUH),2.99,Darent Valley,12.83,Princess Royal (PRUH),2.99,Kings College Hospital,16.7
BR61GQ,51.37683,0.099164,South,Princess Royal (PRUH),2.99,Darent Valley,12.83,Princess Royal (PRUH),2.99,Kings College Hospital,16.7
BR61GR,51.37683,0.099164,South,Princess Royal (PRUH),2.99,Darent Valley,12.83,Princess Royal (PRUH),2.99,Kings College Hospital,16.7
BR61GS,51.37683,0.099164,South,Princess Royal (PRUH),2.99,Darent Valley,12.83,Princess Royal (PRUH),2.99,Kings College Hospital,16.7
BR61GT,51.37683,0.099164,South,Princess Royal (PRUH),2.99,Darent Valley,12.83,Princess Royal (PRUH),2.99,Kings College Hospital,16.7
BR61GU,51.37683,0.099164,South,Princess Royal (PRUH),2.99,Darent Valley,12.83,Princess Royal (PRUH),2.99,Kings College Hospital,16.7
BR61GW,51.37683,0.099164,South,Princess Royal (PRUH),2.99,Darent Valley,12.83,Princess Royal (PRUH),2.99,Kings College Hospital,16.7
BR61GX,51.37683,0.099164,South,Princess Royal (PRUH),2.99,Darent Valley,12.83,Princess Royal (PRUH),2.99,Kings College Hospital,16.7
BR61GY,51.37683,0.099164,South,Princess Royal (PRUH),2.99,Darent Valley,12.83,Princess Royal (PRUH),2.99,Kings College Hospital,16.7
BR61HA,51.37683,0.099164,South,Princess Royal (PRUH),2.99,Darent Valley,12.83,Princess Royal (PRUH),2.99,Kings College Hospital,16.7
BR61HB,51.37683,0.099164,South,Princess Royal (PRUH),2.99,Darent Valley,12.83,Princess Royal (PRUH),2.99,Kings College Hospital,16.7
BR61HD,51.37683,0.099164,South,Princess Royal (PRUH),2.99,Darent Valley,12.83,Princess Royal (PRUH),2.99,Kings College Hospital,16.7
BR61HE,51.37683,0.099164,South,Princess Royal (PRUH),2.99,Darent Valley,12.83,Princess Royal (PRUH),2.99,Kings College Hospital,16.7
BR61HF,51.37683,0.099164,South,Princess Royal (PRUH),2.99,Darent Valley,12.83,Princess Royal (PRUH),2.99,Kings College Hospital,16.7
BR61HG,51.37683,0.099164,South,Princess Royal (PRUH),2.99,Darent Valley,12.83,Princess Royal (PRUH),2.99,Kings College Hospital,16.7
BR61HJ,51.37683,0.099164,South,Princess Royal (PRUH),2.99,Darent Valley,12.83,Princess Royal (PRUH),2.99,Kings College Hospital,16.7
BR61HL,51.37683,0.099164,South,Princess Royal (PRUH),2.99,Darent Valley,12.83,Princess Royal (PRUH),2.99,Kings College Hospital,16.7
BR61HN,51.37683,0.099164,South,Princess Royal (PRUH),2.99,Darent Valley,12.83,Princess Royal (PRUH),2.99,Kings College Hospital,16.7
BR61HP,51.37683,0.099164,South,Princess Royal (PRUH),2.99,Darent Valley,12.83,Princess Royal (PRUH),2.99,Kings College Hospital,16.7
BR61HQ,51.37683,0.099164,South,Princess Royal (PRUH),2.99,Darent Valley,12.83,Princess Royal (PRUH),2.99,Kings College Hospital,16.7
BR61HR,51.37683,0.099164,South,Princess Royal (PRUH),2.99,Darent Valley,12.83,Princess Royal (PRUH),2.99,Kings College Hospital,16.7
BR61HS,51.37683,0.099164,South,Princess Royal (PRUH),2.99,Darent Valley,12.83,Princess Royal (PRUH),2.99,Kings College Hospital,16.7
BR61HT,51.37683,0.099164,South,Princess Royal (PRUH),2.99,Darent Valley,12.83,Princess Royal (PRUH),2.99,Kings College Hospital,16.7
BR61HU,51.37683,0.099164,South,Princess Royal (PRUH),2.99,Darent Valley,12.83,Princess Royal (PRUH),2.99,Kings College Hospital,16.7
BR61HW,51.37683,0.099164,South,Princess Royal (PRUH),2.99,Darent Valley,12.83,Princess Royal (PRUH),2.99,Kings College Hospital,16.7
BR61HX,51.37683,0.099164,South,Princess Royal (PRUH),2.99,Darent Valley,12.83,Princess Royal (PRUH),2.99,Kings College Hospital,16.7
BR61HY,51.37683,0.099164,South,Princess Royal (PRUH),2.99,Darent Valley,12.83,Princess Royal (PRUH),2.99,Kings College Hospital,16.7
BR61HZ,51.37683,0.099164,South,Princess Royal (PRUH),2.99,Darent Valley,12.83,Princess Royal (PRUH),2.99,Kings College Hospital,16.7
BR61JA,51.37683,0.099164,South,Princess Royal (PRUH),2.99,Darent Valley,12.83,Princess Royal (PRUH),2.99,Kings College Hospital,16.7
BR61JB,51.37683,0.099164,South,Princess Royal (PRUH),2.99,Darent Valley,12.83,Princess Royal (PRUH),2.99,Kings College Hospital,16.7
BR61JD,51.37683,0.099164,South,Princess Royal (PRUH),2.99,Darent Valley,12.83,Princess Royal (PRUH),2.99,Kings College Hospital,16.7
BR61JF,51.37683,0.099164,South,Princess Royal (PRUH),2.99,Darent Valley,12.83,Princess Royal (PRUH),2.99,Kings College Hospital,16.7
BR61JG,51.37683,0.099164,South,Princess Royal (PRUH),2.99,Darent Valley,12.83,Princess Royal (PRUH),2.99,Kings College Hospital,16.7
BR61JH,51.37683,0.099164,South,Princess Royal (PRUH),2.99,Darent Valley,12.83,Princess Royal (PRUH),2.99,Kings College Hospital,16.7
BR61JJ,51.37683,0.099164,South,Princess Royal (PRUH),2.99,Darent Valley,12.83,Princess Royal (PRUH),2.99,Kings College Hospital,16.7
BR61JL,51.37683,0.099164,South,Princess Royal (PRUH),2.99,Darent Valley,12.83,Princess Royal (PRUH),2.99,Kings College Hospital,16.7
BR61JN,51.37683,0.099164,South,Princess Royal (PRUH),2.99,Darent Valley,12.83,Princess Royal (PRUH),2.99,Kings College Hospital,16.7
BR61JP,51.37683,0.099164,South,Princess Royal (PRUH),2.99,Darent Valley,12.83,Princess Royal (PRUH),2.99,Kings College Hospital,16.7
BR61JQ,51.37683,0.099164,South,Princess Royal (PRUH),2.99,Darent Valley,12.83,Princess Royal (PRUH),2.99,Kings College Hospital,16.7
BR61JR,51.37683,0.099164,South,Princess Royal (PRUH),2.99,Darent Valley,12.83,Princess Royal (PRUH),2.99,Kings College Hospital,16.7
BR61JS,51.37683,0.099164,South,Princess Royal (PRUH),2.99,Darent Valley,12.83,Princess Royal (PRUH),2.99,Kings College Hospital,16.7
BR61JT,51.37683,0.099164,South,Princess Royal (PRUH),2.99,Darent Valley,12.83,Princess Royal (PRUH),2.99,Kings College Hospital,16.7
BR61JU,51.37683,0.099164,South,Princess Royal (PRUH),2.99,Darent Valley,12.83,Princess Royal (PRUH),2.99,Kings College Hospital,16.7
BR61JW,51.37683,0.099164,South,Princess Royal (PRUH),2.99,Darent Valley,12.83,Princess Royal (PRUH),2.99,Kings College Hospital,16.7
BR61JX,51.37683,0.099164,South,Princess Royal (PRUH),2.99,Darent Valley,12.83,Princess Royal (PRUH),2.99,Kings College Hospital,16.7
BR61JY,51.37683,0.099164,South,Princess Royal (PRUH),2.99,Darent Valley,12.83,Princess Royal (PRUH),2.99,Kings College Hospital,16.7
BR61JZ,51.37683,0.099164,South,Princess Royal (PRUH),2.99,Darent Valley,12.83,Princess Royal (PRUH),2.99,Kings College Hospital,16.7
BR61LA,51.37683,0.099164,South,Princess Royal (PRUH),2.99,Darent Valley,12.83,Princess Royal (PRUH),2.99,Kings College Hospital,16.7
BR61LB,51.37683,0.099164,South,Princess Royal (PRUH),2.99,Darent Valley,12.83,Princess Royal (PRUH),2.99,Kings College Hospital,16.7
BR61LD,51.37683,0.099164,South,Princess Royal (PRUH),2.99,Darent Valley,12.83,Princess Royal (PRUH),2.99,Kings College Hospital,16.7
BR61LE,51.37683,0.099164,South,Princess Royal (PRUH),2.99,Darent Valley,12.83,Princess Royal (PRUH),2.99,Kings College Hospital,16.7
BR61LF,51.37683,0.099164,South,Princess Royal (PRUH),2.99,Darent Valley,12.83,Princess Royal (PRUH),2.99,Kings College Hospital,16.7
BR61LG,51.37683,0.099164,South,Princess Royal (PRUH),2.99,Darent Valley,12.83,Princess Royal (PRUH),2.99,Kings College Hospital,16.7
BR61LH,51.37683,0.099164,South,Princess Royal (PRUH),2.99,Darent Valley,12.83,Princess Royal (PRUH),2.99,Kings College Hospital,16.7
BR61LJ,51.37683,0.099164,South,Princess Royal (PRUH),2.99,Darent Valley,12.83,Princess Royal (PRUH),2.99,Kings College Hospital,16.7
BR61LL,51.37683,0.099164,South,Princess Royal (PRUH),2.99,Darent Valley,12.83,Princess Royal (PRUH),2.99,Kings College Hospital,16.7
BR61LP,51.37683,0.099164,South,Princess Royal (PRUH),2.99,Darent Valley,12.83,Princess Royal (PRUH),2.99,Kings College Hospital,16.7
BR61LQ,51.37683,0.099164,South,Princess Royal (PRUH),2.99,Darent Valley,12.83,Princess Royal (PRUH),2.99,Kings College Hospital,16.7
BR61LR,51.37683,0.099164,South,Princess Royal (PRUH),2.99,Darent Valley,12.83,Princess Royal (PRUH),2.99,Kings College Hospital,16.7
BR61LS,51.37683,0.099164,South,Princess Royal (PRUH),2.99,Darent Valley,12.83,Princess Royal (PRUH),2.99,Kings College Hospital,16.7
BR61LT,51.37683,0.099164,South,Princess Royal (PRUH),2.99,Darent Valley,12.83,Princess Royal (PRUH),2.99,Kings College Hospital,16.7
BR61LU,51.37683,0.099164,South,Princess Royal (PRUH),2.99,Darent Valley,12.83,Princess Royal (PRUH),2.99,Kings College Hospital,16.7
BR61LW,51.37683,0.099164,South,Princess Royal (PRUH),2.99,Darent Valley,12.83,Princess Royal (PRUH),2.99,Kings College Hospital,16.7
BR61LX,51.37683,0.099164,South,Princess Royal (PRUH),2.99,Darent Valley,12.83,Princess Royal (PRUH),2.99,Kings College Hospital,16.7
BR61LY,51.37683,0.099164,South,Princess Royal (PRUH),2.99,Darent Valley,12.83,Princess Royal (PRUH),2.99,Kings College Hospital,16.7
BR61LZ,51.37683,0.099164,South,Princess Royal (PRUH),2.99,Darent Valley,12.83,Princess Royal (PRUH),2.99,Kings College Hospital,16.7
BR61NA,51.37683,0.099164,South,Princess Royal (PRUH),2.99,Darent Valley,12.83,Princess Royal (PRUH),2.99,Kings College Hospital,16.7
BR61NB,51.37683,0.099164,South,Princess Royal (PRUH),2.99,Darent Valley,12.83,Princess Royal (PRUH),2.99,Kings College Hospital,16.7
BR61ND,51.37683,0.099164,South,Princess Royal (PRUH),2.99,Darent Valley,12.83,Princess Royal (PRUH),2.99,Kings College Hospital,16.7
BR61NE,51.37683,0.099164,South,Princess Royal (PRUH),2.99,Darent Valley,12.83,Princess Royal (PRUH),2.99,Kings College Hospital,16.7
BR61NG,51.37683,0.099164,South,Princess Royal (PRUH),2.99,Darent Valley,12.83,Princess Royal (PRUH),2.99,Kings College Hospital,16.7
BR61NH,51.37683,0.099164,South,Princess Royal (PRUH),2.99,Darent Valley,12.83,Princess Royal (PRUH),2.99,Kings College Hospital,16.7
BR61NJ,51.37683,0.099164,South,Princess Royal (PRUH),2.99,Darent Valley,12.83,Princess Royal (PRUH),2.99,Kings College Hospital,16.7
BR61NL,51.37683,0.099164,South,Princess Royal (PRUH),2.99,Darent Valley,12.83,Princess Royal (PRUH),2.99,Kings College Hospital,16.7
BR61NN,51.37683,0.099164,South,Princess Royal (PRUH),2.99,Darent Valley,12.83,Princess Royal (PRUH),2.99,Kings College Hospital,16.7
BR61NP,51.37683,0.099164,South,Princess Royal (PRUH),2.99,Darent Valley,12.83,Princess Royal (PRUH),2.99,Kings College Hospital,16.7
BR61NQ,51.37683,0.099164,South,Princess Royal (PRUH),2.99,Darent Valley,12.83,Princess Royal (PRUH),2.99,Kings College Hospital,16.7
BR61NR,51.37683,0.099164,South,Princess Royal (PRUH),2.99,Darent Valley,12.83,Princess Royal (PRUH),2.99,Kings College Hospital,16.7
BR61NS,51.37683,0.099164,South,Princess Royal (PRUH),2.99,Darent Valley,12.83,Princess Royal (PRUH),2.99,Kings College Hospital,16.7
BR61NT,51.37683,0.099164,South,Princess Royal (PRUH),2.99,Darent Valley,12.83,Princess Royal (PRUH),2.99,Kings College Hospital,16.7
BR61NU,51.37683,0.099164,South,Princess Royal (PRUH),2.99,Darent Valley,12.83,Princess Royal (PRUH),2.99,Kings College Hospital,16.7
BR61NW,51.37683,0.099164,South,Princess Royal (PRUH),2.99,Darent Valley,12.83,Princess Royal (PRUH),2.99,Kings College Hospital,16.7
BR61NX,51.37683,0.099164,South,Princess Royal (PRUH),2.99,Darent Valley,12.83,Princess Royal (PRUH),2.99,Kings College Hospital,16.7
BR61NY,51.37683,0.099164,South,Princess Royal (PRUH),2.99,Darent Valley,12.83,Princess Royal (PRUH),2.99,Kings College Hospital,16.7
BR61NZ,51.37683,0.099164,South,Princess Royal (PRUH),2.99,Darent Valley,12.83,Princess Royal (PRUH),2.99,Kings College Hospital,16.7
BR61PA,51.37683,0.099164,South,Princess Royal (PRUH),2.99,Darent Valley,12.83,Princess Royal (PRUH),2.99,Kings College Hospital,16.7
BR61PB,51.37683,0.099164,South,Princess Royal (PRUH),2.99,Darent Valley,12.83,Princess Royal (PRUH),2.99,Kings College Hospital,16.7
BR61PE,51.37683,0.099164,South,Princess Royal (PRUH),2.99,Darent Valley,12.83,Princess Royal (PRUH),2.99,Kings College Hospital,16.7
BR61PF,51.37683,0.099164,South,Princess Royal (PRUH),2.99,Darent Valley,12.83,Princess Royal (PRUH),2.99,Kings College Hospital,16.7
BR61PG,51.37683,0.099164,South,Princess Royal (PRUH),2.99,Darent Valley,12.83,Princess Royal (PRUH),2.99,Kings College Hospital,16.7
BR61PH,51.37683,0.099164,South,Princess Royal (PRUH),2.99,Darent Valley,12.83,Princess Royal (PRUH),2.99,Kings College Hospital,16.7
BR61PJ,51.37683,0.099164,South,Princess Royal (PRUH),2.99,Darent Valley,12.83,Princess Royal (PRUH),2.99,Kings College Hospital,16.7
BR61PL,51.37683,0.099164,South,Princess Royal (PRUH),2.99,Darent Valley,12.83,Princess Royal (PRUH),2.99,Kings College Hospital,16.7
BR61PN,51.37683,0.099164,South,Princess Royal (PRUH),2.99,Darent Valley,12.83,Princess Royal (PRUH),2.99,Kings College Hospital,16.7
BR61PP,51.37683,0.099164,South,Princess Royal (PRUH),2.99,Darent Valley,12.83,Princess Royal (PRUH),2.99,Kings College Hospital,16.7
BR61PQ,51.37683,0.099164,South,Princess Royal (PRUH),2.99,Darent Valley,12.83,Princess Royal (PRUH),2.99,Kings College Hospital,16.7
BR61PR,51.37683,0.099164,South,Princess Royal (PRUH),2.99,Darent Valley,12.83,Princess Royal (PRUH),2.99,Kings College Hospital,16.7
BR66AA,51.352043,0.090219,South,Princess Royal (PRUH),2.58,Darent Valley,14.91,Princess Royal (PRUH),2.58,Kings College Hospital,18.07
BR66AB,51.352018,0.09164,South,Princess Royal (PRUH),2.67,Darent Valley,14.83,Princess Royal (PRUH),2.67,Kings College Hospital,18.14
BR66AD,51.35118,0.092722,South,Princess Royal (PRUH),2.78,Darent Valley,14.83,Princess Royal (PRUH),2.78,Kings College Hospital,18.26
BR66AE,51.350651,0.094679,South,Princess Royal (PRUH),2.93,Darent Valley,14.76,Princess Royal (PRUH),2.93,Kings College Hospital,18.4
BR66AF,51.351751,0.092001,South,Princess Royal (PRUH),2.7,Darent Valley,14.83,Princess Royal (PRUH),2.7,Kings College Hospital,18.18
BR66AG,51.350851,0.095062,South,Princess Royal (PRUH),2.94,Darent Valley,14.73,Princess Royal (PRUH),2.94,Kings College Hospital,18.4
BR66AH,51.351073,0.09467,South,Princess Royal (PRUH),2.9,Darent Valley,14.73,Princess Royal (PRUH),2.9,Kings College Hospital,18.37
BR66AJ,51.350312,0.095511,South,Princess Royal (PRUH),2.99,Darent Valley,14.74,Princess Royal (PRUH),2.99,Kings College Hospital,18.47
BR66AL,51.350235,0.095766,South,Princess Royal (PRUH),3.01,Darent Valley,14.73,Princess Royal (PRUH),3.01,Kings College Hospital,18.49
BR66AN,51.350266,0.09706,South,Princess Royal (PRUH),3.09,Darent Valley,14.66,Princess Royal (PRUH),3.09,Kings College Hospital,18.55
BR66AP,51.350267,0.099028,South,Princess Royal (PRUH),3.2,Darent Valley,14.56,Princess Royal (PRUH),3.2,Kings College Hospital,18.64
BR66AQ,51.351533,0.093125,South,Princess Royal (PRUH),2.78,Darent Valley,14.78,Princess Royal (PRUH),2.78,Kings College Hospital,18.26
BR66AR,51.350607,0.098641,South,Princess Royal (PRUH),3.16,Darent Valley,14.56,Princess Royal (PRUH),3.16,Kings College Hospital,18.6
BR66AS,51.349904,0.107699,South,Princess Royal (PRUH),3.74,Darent Valley,14.13,Princess Royal (PRUH),3.74,Kings College Hospital,19.1
BR66AT,51.349066,0.108293,South,Princess Royal (PRUH),3.82,Darent Valley,14.17,Princess Royal (PRUH),3.82,Kings College Hospital,19.2
BR66AU,51.350322,0.099949,South,Princess Royal (PRUH),3.25,Darent Valley,14.51,Princess Royal (PRUH),3.25,Kings College Hospital,18.69
BR66AW,51.350207,0.096339,South,Princess Royal (PRUH),3.05,Darent Valley,14.71,Princess Royal (PRUH),3.05,Kings College Hospital,18.52
BR66AX,51.351584,0.091275,South,Princess Royal (PRUH),2.67,Darent Valley,14.88,Princess Royal (PRUH),2.67,Kings College Hospital,18.16
BR66AY,51.351357,0.09543,South,Princess Royal (PRUH),2.93,Darent Valley,14.67,Princess Royal (PRUH),2.93,Kings College Hospital,18.38
BR66AZ,51.349894,0.095219,South,Princess Royal (PRUH),3.01,Darent Valley,14.79,Princess Royal (PRUH),3.01,Kings College Hospital,18.49
BR66BA,51.349604,0.096355,South,Princess Royal (PRUH),3.09,Darent Valley,14.75,Princess Royal (PRUH),3.09,Kings College Hospital,18.57
BR66BB,51.349654,0.097104,South,Princess Royal (PRUH),3.13,Darent Valley,14.71,Princess Royal (PRUH),3.13,Kings College Hospital,18.6
BR66BD,51.349634,0.098697,South,Princess Royal (PRUH),3.22,Darent Valley,14.62,Princess Royal (PRUH),3.22,Kings College Hospital,18.68
BR66BE,51.349785,0.099853,South,Princess Royal (PRUH),3.28,Darent Valley,14.55,Princess Royal (PRUH),3.28,Kings College Hospital,18.72
BR66BF,51.356601,0.087295,South,Princess Royal (PRUH),2.14,Darent Valley,14.76,Princess Royal (PRUH),2.14,Kings College Hospital,17.57
BR66BG,51.354367,0.090023,South,Princess Royal (PRUH),2.43,Darent Valley,14.76,Princess Royal (PRUH),2.43,Kings College Hospital,17.88
BR66BH,51.350952,0.089896,South,Princess Royal (PRUH),2.64,Darent Valley,15.0,Princess Royal (PRUH),2.64,Kings College Hospital,18.15
BR66BJ,51.351468,0.089173,South,Princess Royal (PRUH),2.56,Darent Valley,15.0,Princess Royal (PRUH),2.56,Kings College Hospital,18.07
BR66BL,51.354484,0.091005,South,Princess Royal (PRUH),2.48,Darent Valley,14.7,Princess Royal (PRUH),2.48,Kings College Hospital,17.92
BR66BN,51.350632,0.086651,South,Princess Royal (PRUH),2.49,Darent Valley,15.2,Princess Royal (PRUH),2.49,Kings College Hospital,18.02
BR66BP,51.353592,0.091094,South,Princess Royal (PRUH),2.54,Darent Valley,14.75,Princess Royal (PRUH),2.54,Kings College Hospital,17.99
BR66BQ,51.353074,0.08939,South,Princess Royal (PRUH),2.47,Darent Valley,14.88,Princess Royal (PRUH),2.47,Kings College Hospital,17.95
BR66BS,51.352516,0.088445,South,Princess Royal (PRUH),2.45,Darent Valley,14.97,Princess Royal (PRUH),2.45,Kings College Hospital,17.95
BR66BT,51.350289,0.088215,South,Princess Royal (PRUH),2.6,Darent Valley,15.14,Princess Royal (PRUH),2.6,Kings College Hospital,18.12
BR66BU,51.351948,0.08852,South,Princess Royal (PRUH),2.5,Darent Valley,15.01,Princess Royal (PRUH),2.5,Kings College Hospital,18.0
BR66BW,51.349685,0.087297,South,Princess Royal (PRUH),2.59,Darent Valley,15.23,Princess Royal (PRUH),2.59,Kings College Hospital,18.12
BR66BX,51.348561,0.085767,South,Princess Royal (PRUH),2.61,Darent Valley,15.39,Princess Royal (PRUH),2.61,Kings College Hospital,18.14
BR66BY,51.345949,0.082977,South,Princess Royal (PRUH),2.71,Darent Valley,15.72,Princess Royal (PRUH),2.71,Kings College Hospital,18.23
BR66BZ,51.349053,0.085961,South,Princess Royal (PRUH),2.58,Darent Valley,15.34,Princess Royal (PRUH),2.58,Kings College Hospital,18.11
BR66DA,51.35596,0.088458,South,Princess Royal (PRUH),2.25,Darent Valley,14.74,Princess Royal (PRUH),2.25,Kings College Hospital,17.68
BR66DB,51.354876,0.088725,South,Princess Royal (PRUH),2.32,Darent Valley,14.79,Princess Royal (PRUH),2.32,Kings College Hospital,17.78
BR66DD,51.35562,0.089879,South,Princess Royal (PRUH),2.35,Darent Valley,14.68,Princess Royal (PRUH),2.35,Kings College Hospital,17.77
BR66DE,51.355802,0.091237,South,Princess Royal (PRUH),2.43,Darent Valley,14.59,Princess Royal (PRUH),2.43,Kings College Hospital,17.83
BR66DF,51.355762,0.093476,South,Princess Royal (PRUH),2.57,Darent Valley,14.47,Princess Royal (PRUH),2.57,Kings College Hospital,17.94
BR66DG,51.353864,0.09451,South,Princess Royal (PRUH),2.73,Darent Valley,14.55,Princess Royal (PRUH),2.73,Kings College Hospital,18.14
BR66DH,51.351874,0.096143,South,Princess Royal (PRUH),2.94,Darent Valley,14.6,Princess Royal (PRUH),2.94,Kings College Hospital,18.38
BR66DJ,51.356693,0.090689,South,Princess Royal (PRUH),2.35,Darent Valley,14.56,Princess Royal (PRUH),2.35,Kings College Hospital,17.73
BR66DL,51.356835,0.092807,South,Princess Royal (PRUH),2.48,Darent Valley,14.44,Princess Royal (PRUH),2.48,Kings College Hospital,17.82
BR66DN,51.354188,0.096004,South,Princess Royal (PRUH),2.8,Darent Valley,14.44,Princess Royal (PRUH),2.8,Kings College Hospital,18.19
BR66DP,51.353913,0.095316,South,Princess Royal (PRUH),2.78,Darent Valley,14.5,Princess Royal (PRUH),2.78,Kings College Hospital,18.18
BR66DQ,51.351644,0.096936,South,Princess Royal (PRUH),3.0,Darent Valley,14.57,Princess Royal (PRUH),3.0,Kings College Hospital,18.43
BR66DR,51.354358,0.093053,South,Princess Royal (PRUH),2.61,Darent Valley,14.59,Princess Royal (PRUH),2.61,Kings College Hospital,18.03
BR66DS,51.354967,0.095221,South,Princess Royal (PRUH),2.72,Darent Valley,14.43,Princess Royal (PRUH),2.72,Kings College Hospital,18.09
BR66DT,51.352595,0.093547,South,Princess Royal (PRUH),2.74,Darent Valley,14.69,Princess Royal (PRUH),2.74,Kings College Hospital,18.19
BR66DU,51.352208,0.093099,South,Princess Royal (PRUH),2.74,Darent Valley,14.74,Princess Royal (PRUH),2.74,Kings College Hospital,18.2
BR66DW,51.353702,0.095537,South,Princess Royal (PRUH),2.8,Darent Valley,14.5,Princess Royal (PRUH),2.8,Kings College Hospital,18.2
BR66DX,51.353795,0.103382,South,Princess Royal (PRUH),3.29,Darent Valley,14.08,Princess Royal (PRUH),3.29,Kings College Hospital,18.59
BR66DY,51.352069,0.094299,South,Princess Royal (PRUH),2.82,Darent Valley,14.68,Princess Royal (PRUH),2.82,Kings College Hospital,18.27
BR66DZ,51.351692,0.094282,South,Princess Royal (PRUH),2.84,Darent Valley,14.71,Princess Royal (PRUH),2.84,Kings College Hospital,18.3
BR66EA,51.352928,0.09655,South,Princess Royal (PRUH),2.9,Darent Valley,14.5,Princess Royal (PRUH),2.9,Kings College Hospital,18.31
BR66EB,51.352009,0.098188,South,Princess Royal (PRUH),3.05,Darent Valley,14.48,Princess Royal (PRUH),3.05,Kings College Hospital,18.47
BR66ED,51.355588,0.100219,South,Princess Royal (PRUH),3.01,Darent Valley,14.12,Princess Royal (PRUH),3.01,Kings College Hospital,18.29
BR66EE,51.354041,0.10223,South,Princess Royal (PRUH),3.2,Darent Valley,14.12,Princess Royal (PRUH),3.2,Kings College Hospital,18.51
BR66EF,51.354385,0.102102,South,Princess Royal (PRUH),3.18,Darent Valley,14.1,Princess Royal (PRUH),3.18,Kings College Hospital,18.48
BR66EG,51.356331,0.100899,South,Princess Royal (PRUH),3.02,Darent Valley,14.03,Princess Royal (PRUH),3.02,Kings College Hospital,18.27
BR66EH,51.356929,0.099131,South,Princess Royal (PRUH),2.88,Darent Valley,14.08,Princess Royal (PRUH),2.88,Kings College Hospital,18.14
BR66EJ,51.355443,0.098761,South,Princess Royal (PRUH),2.92,Darent Valley,14.21,Princess Royal (PRUH),2.92,Kings College Hospital,18.23
BR66EL,51.355514,0.09931,South,Princess Royal (PRUH),2.95,Darent Valley,14.17,Princess Royal (PRUH),2.95,Kings College Hospital,18.25
BR66EN,51.357551,0.127944,South,Princess Royal (PRUH),4.8,Darent Valley,12.53,Princess Royal (PRUH),4.8,Kings College Hospital,19.6
BR66EP,51.357848,0.125946,South,Princess Royal (PRUH),4.66,Darent Valley,12.6,Princess Royal (PRUH),4.66,Kings College Hospital,19.47
BR66EQ,51.356586,0.101226,South,Princess Royal (PRUH),3.03,Darent Valley,13.99,Princess Royal (PRUH),3.03,Kings College Hospital,18.27
BR66ER,51.357156,0.117497,South,Princess Royal (PRUH),4.1,Darent Valley,13.09,Princess Royal (PRUH),4.1,Kings College Hospital,19.07
BR66ES,51.358479,0.102448,South,Princess Royal (PRUH),3.05,Darent Valley,13.8,Princess Royal (PRUH),3.05,Kings College Hospital,18.19
BR66ET,51.352105,0.095349,South,Princess Royal (PRUH),2.88,Darent Valley,14.62,Princess Royal (PRUH),2.88,Kings College Hospital,18.32
BR66EU,51.35648,0.107613,South,Princess Royal (PRUH),3.46,Darent Valley,13.66,Princess Royal (PRUH),3.46,Kings College Hospital,18.6
BR66EW,51.35855,0.126927,South,Princess Royal (PRUH),4.71,Darent Valley,12.5,Princess Royal (PRUH),4.71,Kings College Hospital,19.47
BR66EX,51.358551,0.104448,South,Princess Royal (PRUH),3.18,Darent Valley,13.68,Princess Royal (PRUH),3.18,Kings College Hospital,18.29
BR66EY,51.35635,0.105324,South,Princess Royal (PRUH),3.31,Darent Valley,13.79,Princess Royal (PRUH),3.31,Kings College Hospital,18.49
BR66EZ,51.35635,0.105324,South,Princess Royal (PRUH),3.31,Darent Valley,13.79,Princess Royal (PRUH),3.31,Kings College Hospital,18.49
BR66FL,51.351904,0.088963,South,Princess Royal (PRUH),2.52,Darent Valley,14.98,Princess Royal (PRUH),2.52,Kings College Hospital,18.02
BR66GU,51.37683,0.099164,South,Princess Royal (PRUH),2.99,Darent Valley,12.83,Princess Royal (PRUH),2.99,Kings College Hospital,16.7
BR66GX,51.37683,0.099164,South,Princess Royal (PRUH),2.99,Darent Valley,12.83,Princess Royal (PRUH),2.99,Kings College Hospital,16.7
BR66HA,51.357639,0.10567,South,Princess Royal (PRUH),3.29,Darent Valley,13.68,Princess Royal (PRUH),3.29,Kings College Hospital,18.42
BR66HB,51.358001,0.127419,South,Princess Royal (PRUH),4.76,Darent Valley,12.52,Princess Royal (PRUH),4.76,Kings College Hospital,19.54
BR66HD,51.355726,0.104017,South,Princess Royal (PRUH),3.25,Darent Valley,13.9,Princess Royal (PRUH),3.25,Kings College Hospital,18.47
BR66HE,51.354857,0.101837,South,Princess Royal (PRUH),3.14,Darent Valley,14.08,Princess Royal (PRUH),3.14,Kings College Hospital,18.43
BR66HF,51.354818,0.100499,South,Princess Royal (PRUH),3.06,Darent Valley,14.16,Princess Royal (PRUH),3.06,Kings College Hospital,18.37
BR66HG,51.353776,0.098944,South,Princess Royal (PRUH),3.01,Darent Valley,14.31,Princess Royal (PRUH),3.01,Kings College Hospital,18.37
BR66HH,51.355977,0.107087,South,Princess Royal (PRUH),3.44,Darent Valley,13.72,Princess Royal (PRUH),3.44,Kings College Hospital,18.61
BR66HJ,51.355338,0.105622,South,Princess Royal (PRUH),3.37,Darent Valley,13.85,Princess Royal (PRUH),3.37,Kings College Hospital,18.59
BR66HL,51.355036,0.108409,South,Princess Royal (PRUH),3.56,Darent Valley,13.72,Princess Royal (PRUH),3.56,Kings College Hospital,18.75
BR66HN,51.352861,0.105293,South,Princess Royal (PRUH),3.45,Darent Valley,14.04,Princess Royal (PRUH),3.45,Kings College Hospital,18.76
BR66HP,51.353401,0.109813,South,Princess Royal (PRUH),3.72,Darent Valley,13.77,Princess Royal (PRUH),3.72,Kings College Hospital,18.95
BR66HQ,51.353571,0.09734,South,Princess Royal (PRUH),2.92,Darent Valley,14.41,Princess Royal (PRUH),2.92,Kings College Hospital,18.3
BR66HR,51.350793,0.110296,South,Princess Royal (PRUH),3.86,Darent Valley,13.93,Princess Royal (PRUH),3.86,Kings College Hospital,19.17
BR66HS,51.351736,0.11235,South,Princess Royal (PRUH),3.95,Darent Valley,13.76,Princess Royal (PRUH),3.95,Kings College Hospital,19.2
BR66HT,51.352287,0.099723,South,Princess Royal (PRUH),3.13,Darent Valley,14.38,Princess Royal (PRUH),3.13,Kings College Hospital,18.52
BR66HU,51.352025,0.100286,South,Princess Royal (PRUH),3.18,Darent Valley,14.37,Princess Royal (PRUH),3.18,Kings College Hospital,18.57
BR66HW,51.352394,0.105774,South,Princess Royal (PRUH),3.5,Darent Valley,14.05,Princess Royal (PRUH),3.5,Kings College Hospital,18.82
BR66HX,51.359351,0.090436,South,Princess Royal (PRUH),2.22,Darent Valley,14.4,Princess Royal (PRUH),2.22,Kings College Hospital,17.51
BR66HY,51.359369,0.093468,South,Princess Royal (PRUH),2.42,Darent Valley,14.23,Princess Royal (PRUH),2.42,Kings College Hospital,17.66
BR66HZ,51.359075,0.098295,South,Princess Royal (PRUH),2.76,Darent Valley,13.98,Princess Royal (PRUH),2.76,Kings College Hospital,17.93
BR66JA,51.358685,0.101006,South,Princess Royal (PRUH),2.95,Darent Valley,13.86,Princess Royal (PRUH),2.95,Kings College Hospital,18.1
BR66JB,51.357135,0.104196,South,Princess Royal (PRUH),3.21,Darent Valley,13.79,Princess Royal (PRUH),3.21,Kings College Hospital,18.38
BR66JD,51.358436,0.097361,South,Princess Royal (PRUH),2.71,Darent Valley,14.08,Princess Royal (PRUH),2.71,Kings College Hospital,17.93
BR66JE,51.359843,0.096621,South,Princess Royal (PRUH),2.62,Darent Valley,14.02,Princess Royal (PRUH),2.62,Kings College Hospital,17.79
BR66JF,51.360151,0.091967,South,Princess Royal (PRUH),2.3,Darent Valley,14.26,Princess Royal (PRUH),2.3,Kings College Hospital,17.53
BR66JG,51.35913,0.102794,South,Princess Royal (PRUH),3.06,Darent Valley,13.73,Princess Royal (PRUH),3.06,Kings College Hospital,18.16
BR66JH,51.358282,0.100399,South,Princess Royal (PRUH),2.92,Darent Valley,13.92,Princess Royal (PRUH),2.92,Kings College Hospital,18.1
BR66JJ,51.358112,0.099386,South,Princess Royal (PRUH),2.86,Darent Valley,13.99,Princess Royal (PRUH),2.86,Kings College Hospital,18.06
BR66JL,51.357662,0.101405,South,Princess Royal (PRUH),3.01,Darent Valley,13.91,Princess Royal (PRUH),3.01,Kings College Hospital,18.2
BR66JN,51.360004,0.102173,South,Princess Royal (PRUH),2.99,Darent Valley,13.71,Princess Royal (PRUH),2.99,Kings College Hospital,18.06
BR66JP,51.360808,0.100946,South,Princess Royal (PRUH),2.89,Darent Valley,13.72,Princess Royal (PRUH),2.89,Kings College Hospital,17.94
BR66JQ,51.360044,0.100437,South,Princess Royal (PRUH),2.87,Darent Valley,13.8,Princess Royal (PRUH),2.87,Kings College Hospital,17.97
BR66JR,51.356767,0.103174,South,Princess Royal (PRUH),3.15,Darent Valley,13.88,Princess Royal (PRUH),3.15,Kings College Hospital,18.35
BR66JS,51.358035,0.089558,South,Princess Royal (PRUH),2.22,Darent Valley,14.54,Princess Royal (PRUH),2.22,Kings College Hospital,17.57
BR66JT,51.358413,0.091097,South,Princess Royal (PRUH),2.3,Darent Valley,14.43,Princess Royal (PRUH),2.3,Kings College Hospital,17.62
BR66JU,51.359144,0.091964,South,Princess Royal (PRUH),2.33,Darent Valley,14.33,Princess Royal (PRUH),2.33,Kings College Hospital,17.6
BR66JW,51.358629,0.096106,South,Princess Royal (PRUH),2.62,Darent Valley,14.13,Princess Royal (PRUH),2.62,Kings College Hospital,17.85
BR66JX,51.354981,0.091401,South,Princess Royal (PRUH),2.48,Darent Valley,14.64,Princess Royal (PRUH),2.48,Kings College Hospital,17.9
BR66JY,51.354108,0.092424,South,Princess Royal (PRUH),2.59,Darent Valley,14.64,Princess Royal (PRUH),2.59,Kings College Hospital,18.02
BR66JZ,51.354654,0.09209,South,Princess Royal (PRUH),2.54,Darent Valley,14.62,Princess Royal (PRUH),2.54,Kings College Hospital,17.96
BR66LA,51.357342,0.094151,South,Princess Royal (PRUH),2.54,Darent Valley,14.33,Princess Royal (PRUH),2.54,Kings College Hospital,17.85
BR66LB,51.357771,0.094788,South,Princess Royal (PRUH),2.57,Darent Valley,14.26,Princess Royal (PRUH),2.57,Kings College Hospital,17.85
BR66LD,51.357675,0.095617,South,Princess Royal (PRUH),2.63,Darent Valley,14.23,Princess Royal (PRUH),2.63,Kings College Hospital,17.9
BR66LE,51.356918,0.094218,South,Princess Royal (PRUH),2.56,Darent Valley,14.35,Princess Royal (PRUH),2.56,Kings College Hospital,17.89
BR66LF,51.357209,0.095021,South,Princess Royal (PRUH),2.6,Darent Valley,14.29,Princess Royal (PRUH),2.6,Kings College Hospital,17.91
BR66LG,51.357267,0.095828,South,Princess Royal (PRUH),2.65,Darent Valley,14.24,Princess Royal (PRUH),2.65,Kings College Hospital,17.94
BR66LH,51.356876,0.097577,South,Princess Royal (PRUH),2.78,Darent Valley,14.17,Princess Royal (PRUH),2.78,Kings College Hospital,18.06
BR66LJ,51.357482,0.096858,South,Princess Royal (PRUH),2.71,Darent Valley,14.17,Princess Royal (PRUH),2.71,Kings College Hospital,17.98
BR66LL,51.357451,0.096124,South,Princess Royal (PRUH),2.67,Darent Valley,14.21,Princess Royal (PRUH),2.67,Kings College Hospital,17.94
BR66LN,51.358678,0.092848,South,Princess Royal (PRUH),2.41,Darent Valley,14.31,Princess Royal (PRUH),2.41,Kings College Hospital,17.68
BR66LP,51.357386,0.097198,South,Princess Royal (PRUH),2.74,Darent Valley,14.16,Princess Royal (PRUH),2.74,Kings College Hospital,18.0
BR66LQ,51.356761,0.095978,South,Princess Royal (PRUH),2.68,Darent Valley,14.27,Princess Royal (PRUH),2.68,Kings College Hospital,17.99
BR66LR,51.357164,0.098538,South,Princess Royal (PRUH),2.84,Darent Valley,14.1,Princess Royal (PRUH),2.84,Kings College Hospital,18.09
BR66LS,51.357245,0.094061,South,Princess Royal (PRUH),2.54,Darent Valley,14.34,Princess Royal (PRUH),2.54,Kings College Hospital,17.86
BR66LT,51.358109,0.091457,South,Princess Royal (PRUH),2.34,Darent Valley,14.43,Princess Royal (PRUH),2.34,Kings College Hospital,17.66
BR66LU,51.357518,0.091315,South,Princess Royal (PRUH),2.35,Darent Valley,14.47,Princess Royal (PRUH),2.35,Kings College Hospital,17.7
BR66LW,51.358371,0.095433,South,Princess Royal (PRUH),2.59,Darent Valley,14.19,Princess Royal (PRUH),2.59,Kings College Hospital,17.84
BR66LX,51.37683,0.099164,South,Princess Royal (PRUH),2.99,Darent Valley,12.83,Princess Royal (PRUH),2.99,Kings College Hospital,16.7
BR66LY,51.357296,0.09119,South,Princess Royal (PRUH),2.35,Darent Valley,14.5,Princess Royal (PRUH),2.35,Kings College Hospital,17.71
BR66LZ,51.37683,0.099164,South,Princess Royal (PRUH),2.99,Darent Valley,12.83,Princess Royal (PRUH),2.99,Kings College Hospital,16.7
BR66NA,51.358244,0.090458,South,Princess Royal (PRUH),2.27,Darent Valley,14.47,Princess Royal (PRUH),2.27,Kings College Hospital,17.6
BR66NB,51.357399,0.090434,South,Princess Royal (PRUH),2.3,Darent Valley,14.53,Princess Royal (PRUH),2.3,Kings College Hospital,17.66
BR66ND,51.357245,0.094061,South,Princess Royal (PRUH),2.54,Darent Valley,14.34,Princess Royal (PRUH),2.54,Kings College Hospital,17.86
BR66NE,51.356295,0.09689,South,Princess Royal (PRUH),2.76,Darent Valley,14.25,Princess Royal (PRUH),2.76,Kings College Hospital,18.07
BR66NF,51.357387,0.100689,South,Princess Royal (PRUH),2.97,Darent Valley,13.97,Princess Royal (PRUH),2.97,Kings College Hospital,18.18
BR66NG,51.358475,0.094174,South,Princess Royal (PRUH),2.5,Darent Valley,14.25,Princess Royal (PRUH),2.5,Kings College Hospital,17.77
BR66NH,51.358194,0.091231,South,Princess Royal (PRUH),2.32,Darent Valley,14.43,Princess Royal (PRUH),2.32,Kings College Hospital,17.64
BR66NJ,51.358194,0.091231,South,Princess Royal (PRUH),2.32,Darent Valley,14.43,Princess Royal (PRUH),2.32,Kings College Hospital,17.64
BR66NL,51.354916,0.096066,South,Princess Royal (PRUH),2.77,Darent Valley,14.39,Princess Royal (PRUH),2.77,Kings College Hospital,18.14
BR66NN,51.358767,0.126822,South,Princess Royal (PRUH),4.7,Darent Valley,12.49,Princess Royal (PRUH),4.7,Kings College Hospital,19.45
BR66NP,51.358206,0.092625,South,Princess Royal (PRUH),2.41,Darent Valley,14.36,Princess Royal (PRUH),2.41,Kings College Hospital,17.71
BR66NQ,51.358194,0.091231,South,Princess Royal (PRUH),2.32,Darent Valley,14.43,Princess Royal (PRUH),2.32,Kings College Hospital,17.64
BR66NR,51.358181,0.092997,South,Princess Royal (PRUH),2.43,Darent Valley,14.34,Princess Royal (PRUH),2.43,Kings College Hospital,17.73
BR66NS,51.37683,0.099164,South,Princess Royal (PRUH),2.99,Darent Valley,12.83,Princess Royal (PRUH),2.99,Kings College Hospital,16.7
BR66NT,51.358194,0.091231,South,Princess Royal (PRUH),2.32,Darent Valley,14.43,Princess Royal (PRUH),2.32,Kings College Hospital,17.64
BR66NU,51.353685,0.088944,South,Princess Royal (PRUH),2.41,Darent Valley,14.86,Princess Royal (PRUH),2.41,Kings College Hospital,17.88
BR66NW,51.354084,0.088746,South,Princess Royal (PRUH),2.37,Darent Valley,14.85,Princess Royal (PRUH),2.37,Kings College Hospital,17.84
BR66NX,51.353225,0.088477,South,Princess Royal (PRUH),2.41,Darent Valley,14.92,Princess Royal (PRUH),2.41,Kings College Hospital,17.9
BR66NY,51.353554,0.089239,South,Princess Royal (PRUH),2.43,Darent Valley,14.86,Princess Royal (PRUH),2.43,Kings College Hospital,17.91
BR66NZ,51.35407,0.089507,South,Princess Royal (PRUH),2.42,Darent Valley,14.81,Princess Royal (PRUH),2.42,Kings College Hospital,17.88
BR66PA,51.354757,0.087829,South,Princess Royal (PRUH),2.28,Darent Valley,14.85,Princess Royal (PRUH),2.28,Kings College Hospital,17.74
BR66PB,51.349209,0.090822,South,Princess Royal (PRUH),2.81,Darent Valley,15.07,Princess Royal (PRUH),2.81,Kings College Hospital,18.33
BR66PD,51.349209,0.090822,South,Princess Royal (PRUH),2.81,Darent Valley,15.07,Princess Royal (PRUH),2.81,Kings College Hospital,18.33
BR66PE,51.349209,0.090822,South,Princess Royal (PRUH),2.81,Darent Valley,15.07,Princess Royal (PRUH),2.81,Kings College Hospital,18.33
BR66PF,51.349209,0.090822,South,Princess Royal (PRUH),2.81,Darent Valley,15.07,Princess Royal (PRUH),2.81,Kings College Hospital,18.33
BR66PG,51.349209,0.090822,South,Princess Royal (PRUH),2.81,Darent Valley,15.07,Princess Royal (PRUH),2.81,Kings College Hospital,18.33
BR66PJ,51.37683,0.099164,South,Princess Royal (PRUH),2.99,Darent Valley,12.83,Princess Royal (PRUH),2.99,Kings College Hospital,16.7
BR66PP,51.349209,0.090822,South,Princess Royal (PRUH),2.81,Darent Valley,15.07,Princess Royal (PRUH),2.81,Kings College Hospital,18.33
BR66PQ,51.354924,0.096081,South,Princess Royal (PRUH),2.77,Darent Valley,14.39,Princess Royal (PRUH),2.77,Kings College Hospital,18.14
BR66PR,51.349209,0.090822,South,Princess Royal (PRUH),2.81,Darent Valley,15.07,Princess Royal (PRUH),2.81,Kings College Hospital,18.33
BR66PS,51.349209,0.090822,South,Princess Royal (PRUH),2.81,Darent Valley,15.07,Princess Royal (PRUH),2.81,Kings College Hospital,18.33
BR66ST,51.358194,0.091231,South,Princess Royal (PRUH),2.32,Darent Valley,14.43,Princess Royal (PRUH),2.32,Kings College Hospital,17.64
BR66UA,51.354924,0.096081,South,Princess Royal (PRUH),2.77,Darent Valley,14.39,Princess Royal (PRUH),2.77,Kings College Hospital,18.14
BR66UB,51.354924,0.096081,South,Princess Royal (PRUH),2.77,Darent Valley,14.39,Princess Royal (PRUH),2.77,Kings College Hospital,18.14
BR66UD,51.354924,0.096081,South,Princess Royal (PRUH),2.77,Darent Valley,14.39,Princess Royal (PRUH),2.77,Kings College Hospital,18.14
BR66UE,51.354924,0.096081,South,Princess Royal (PRUH),2.77,Darent Valley,14.39,Princess Royal (PRUH),2.77,Kings College Hospital,18.14
BR66WA,51.37683,0.099164,South,Princess Royal (PRUH),2.99,Darent Valley,12.83,Princess Royal (PRUH),2.99,Kings College Hospital,16.7
BR66WB,51.37683,0.099164,South,Princess Royal (PRUH),2.99,Darent Valley,12.83,Princess Royal (PRUH),2.99,Kings College Hospital,16.7
BR66WD,51.37683,0.099164,South,Princess Royal (PRUH),2.99,Darent Valley,12.83,Princess Royal (PRUH),2.99,Kings College Hospital,16.7
BR66WE,51.37683,0.099164,South,Princess Royal (PRUH),2.99,Darent Valley,12.83,Princess Royal (PRUH),2.99,Kings College Hospital,16.7
BR66WF,51.37683,0.099164,South,Princess Royal (PRUH),2.99,Darent Valley,12.83,Princess Royal (PRUH),2.99,Kings College Hospital,16.7
BR66WG,51.37683,0.099164,South,Princess Royal (PRUH),2.99,Darent Valley,12.83,Princess Royal (PRUH),2.99,Kings College Hospital,16.7
BR66WH,51.37683,0.099164,South,Princess Royal (PRUH),2.99,Darent Valley,12.83,Princess Royal (PRUH),2.99,Kings College Hospital,16.7
BR66WJ,51.37683,0.099164,South,Princess Royal (PRUH),2.99,Darent Valley,12.83,Princess Royal (PRUH),2.99,Kings College Hospital,16.7
BR66WL,51.37683,0.099164,South,Princess Royal (PRUH),2.99,Darent Valley,12.83,Princess Royal (PRUH),2.99,Kings College Hospital,16.7
BR66WN,51.37683,0.099164,South,Princess Royal (PRUH),2.99,Darent Valley,12.83,Princess Royal (PRUH),2.99,Kings College Hospital,16.7
BR66WP,51.37683,0.099164,South,Princess Royal (PRUH),2.99,Darent Valley,12.83,Princess Royal (PRUH),2.99,Kings College Hospital,16.7
BR66WQ,51.37683,0.099164,South,Princess Royal (PRUH),2.99,Darent Valley,12.83,Princess Royal (PRUH),2.99,Kings College Hospital,16.7
BR66WR,51.37683,0.099164,South,Princess Royal (PRUH),2.99,Darent Valley,12.83,Princess Royal (PRUH),2.99,Kings College Hospital,16.7
BR66WS,51.37683,0.099164,South,Princess Royal (PRUH),2.99,Darent Valley,12.83,Princess Royal (PRUH),2.99,Kings College Hospital,16.7
BR66WT,51.37683,0.099164,South,Princess Royal (PRUH),2.99,Darent Valley,12.83,Princess Royal (PRUH),2.99,Kings College Hospital,16.7
BR66WU,51.37683,0.099164,South,Princess Royal (PRUH),2.99,Darent Valley,12.83,Princess Royal (PRUH),2.99,Kings College Hospital,16.7
BR66WW,51.37683,0.099164,South,Princess Royal (PRUH),2.99,Darent Valley,12.83,Princess Royal (PRUH),2.99,Kings College Hospital,16.7
BR66WX,51.37683,0.099164,South,Princess Royal (PRUH),2.99,Darent Valley,12.83,Princess Royal (PRUH),2.99,Kings College Hospital,16.7
BR66WY,51.37683,0.099164,South,Princess Royal (PRUH),2.99,Darent Valley,12.83,Princess Royal (PRUH),2.99,Kings College Hospital,16.7
BR66WZ,51.37683,0.099164,South,Princess Royal (PRUH),2.99,Darent Valley,12.83,Princess Royal (PRUH),2.99,Kings College Hospital,16.7
BR66XA,51.37683,0.099164,South,Princess Royal (PRUH),2.99,Darent Valley,12.83,Princess Royal (PRUH),2.99,Kings College Hospital,16.7
BR66XE,51.37683,0.099164,South,Princess Royal (PRUH),2.99,Darent Valley,12.83,Princess Royal (PRUH),2.99,Kings College Hospital,16.7
BR66XQ,51.37683,0.099164,South,Princess Royal (PRUH),2.99,Darent Valley,12.83,Princess Royal (PRUH),2.99,Kings College Hospital,16.7
BR66XZ,51.37683,0.099164,South,Princess Royal (PRUH),2.99,Darent Valley,12.83,Princess Royal (PRUH),2.99,Kings College Hospital,16.7
BR66YB,51.37683,0.099164,South,Princess Royal (PRUH),2.99,Darent Valley,12.83,Princess Royal (PRUH),2.99,Kings College Hospital,16.7
BR66YZ,51.37683,0.099164,South,Princess Royal (PRUH),2.99,Darent Valley,12.83,Princess Royal (PRUH),2.99,Kings College Hospital,16.7
BR66ZA,51.37683,0.099164,South,Princess Royal (PRUH),2.99,Darent Valley,12.83,Princess Royal (PRUH),2.99,Kings College Hospital,16.7
BR66ZB,51.354757,0.087829,South,Princess Royal (PRUH),2.28,Darent Valley,14.85,Princess Royal (PRUH),2.28,Kings College Hospital,17.74
BR66ZD,51.37683,0.099164,South,Princess Royal (PRUH),2.99,Darent Valley,12.83,Princess Royal (PRUH),2.99,Kings College Hospital,16.7
BR66ZE,51.37683,0.099164,South,Princess Royal (PRUH),2.99,Darent Valley,12.83,Princess Royal (PRUH),2.99,Kings College Hospital,16.7
BR66ZF,51.37683,0.099164,South,Princess Royal (PRUH),2.99,Darent Valley,12.83,Princess Royal (PRUH),2.99,Kings College Hospital,16.7
BR66ZG,51.354924,0.096081,South,Princess Royal (PRUH),2.77,Darent Valley,14.39,Princess Royal (PRUH),2.77,Kings College Hospital,18.14
BR66ZH,51.37683,0.099164,South,Princess Royal (PRUH),2.99,Darent Valley,12.83,Princess Royal (PRUH),2.99,Kings College Hospital,16.7
BR66ZJ,51.354924,0.096081,South,Princess Royal (PRUH),2.77,Darent Valley,14.39,Princess Royal (PRUH),2.77,Kings College Hospital,18.14
BR66ZL,51.354924,0.096081,South,Princess Royal (PRUH),2.77,Darent Valley,14.39,Princess Royal (PRUH),2.77,Kings College Hospital,18.14
BR66ZN,51.349209,0.090822,South,Princess Royal (PRUH),2.81,Darent Valley,15.07,Princess Royal (PRUH),2.81,Kings College Hospital,18.33
BR66ZP,51.349209,0.090822,South,Princess Royal (PRUH),2.81,Darent Valley,15.07,Princess Royal (PRUH),2.81,Kings College Hospital,18.33
BR66ZQ,51.354924,0.096081,South,Princess Royal (PRUH),2.77,Darent Valley,14.39,Princess Royal (PRUH),2.77,Kings College Hospital,18.14
BR66ZR,51.354924,0.096081,South,Princess Royal (PRUH),2.77,Darent Valley,14.39,Princess Royal (PRUH),2.77,Kings College Hospital,18.14
BR66ZS,51.354924,0.096081,South,Princess Royal (PRUH),2.77,Darent Valley,14.39,Princess Royal (PRUH),2.77,Kings College Hospital,18.14
BR66ZT,51.37683,0.099164,South,Princess Royal (PRUH),2.99,Darent Valley,12.83,Princess Royal (PRUH),2.99,Kings College Hospital,16.7
BR66ZU,51.354924,0.096081,South,Princess Royal (PRUH),2.77,Darent Valley,14.39,Princess Royal (PRUH),2.77,Kings College Hospital,18.14
BR66ZW,51.354924,0.096081,South,Princess Royal (PRUH),2.77,Darent Valley,14.39,Princess Royal (PRUH),2.77,Kings College Hospital,18.14
BR66ZX,51.354924,0.096081,South,Princess Royal (PRUH),2.77,Darent Valley,14.39,Princess Royal (PRUH),2.77,Kings College Hospital,18.14
BR66ZY,51.354924,0.096081,South,Princess Royal (PRUH),2.77,Darent Valley,14.39,Princess Royal (PRUH),2.77,Kings College Hospital,18.14
BR66ZZ,51.354924,0.096081,South,Princess Royal (PRUH),2.77,Darent Valley,14.39,Princess Royal (PRUH),2.77,Kings College Hospital,18.14
BR67AA,51.366729,0.06079,South,Princess Royal (PRUH),0.14,Darent Valley,15.7,Princess Royal (PRUH),0.14,Kings College Hospital,15.48
BR67AB,51.365092,0.059768,South,Princess Royal (PRUH),0.06,Darent Valley,15.85,Princess Royal (PRUH),0.06,Kings College Hospital,15.57
BR67AD,51.363075,0.058399,South,Princess Royal (PRUH),0.3,Darent Valley,16.04,Princess Royal (PRUH),0.3,Kings College Hospital,15.67
BR67AE,51.364427,0.062267,South,Princess Royal (PRUH),0.2,Darent Valley,15.74,Princess Royal (PRUH),0.2,Kings College Hospital,15.74
BR67AF,51.363376,0.06222,South,Princess Royal (PRUH),0.29,Darent Valley,15.8,Princess Royal (PRUH),0.29,Kings College Hospital,15.82
BR67AG,51.362366,0.062907,South,Princess Royal (PRUH),0.41,Darent Valley,15.81,Princess Royal (PRUH),0.41,Kings College Hospital,15.94
BR67AH,51.362635,0.060391,South,Princess Royal (PRUH),0.33,Darent Valley,15.95,Princess Royal (PRUH),0.33,Kings College Hospital,15.8
BR67AJ,51.363559,0.05947,South,Princess Royal (PRUH),0.23,Darent Valley,15.95,Princess Royal (PRUH),0.23,Kings College Hospital,15.68
BR67AL,51.362918,0.06115,South,Princess Royal (PRUH),0.31,Darent Valley,15.89,Princess Royal (PRUH),0.31,Kings College Hospital,15.81
BR67AN,51.363631,0.060005,South,Princess Royal (PRUH),0.22,Darent Valley,15.92,Princess Royal (PRUH),0.22,Kings College Hospital,15.7
BR67AP,51.364229,0.063307,South,Princess Royal (PRUH),0.28,Darent Valley,15.68,Princess Royal (PRUH),0.28,Kings College Hospital,15.8
BR67AQ,51.361896,0.062541,South,Princess Royal (PRUH),0.45,Darent Valley,15.86,Princess Royal (PRUH),0.45,Kings College Hospital,15.96
BR67AR,51.365357,0.063084,South,Princess Royal (PRUH),0.22,Darent Valley,15.63,Princess Royal (PRUH),0.22,Kings College Hospital,15.7
BR67AS,51.361333,0.06434,South,Princess Royal (PRUH),0.56,Darent Valley,15.79,Princess Royal (PRUH),0.56,Kings College Hospital,16.09
BR67AT,51.361333,0.065389,South,Princess Royal (PRUH),0.6,Darent Valley,15.73,Princess Royal (PRUH),0.6,Kings College Hospital,16.14
BR67AU,51.361325,0.066351,South,Princess Royal (PRUH),0.65,Darent Valley,15.67,Princess Royal (PRUH),0.65,Kings College Hospital,16.18
BR67AW,51.364999,0.061488,South,Princess Royal (PRUH),0.12,Darent Valley,15.75,Princess Royal (PRUH),0.12,Kings College Hospital,15.66
BR67AX,51.37683,0.099164,South,Princess Royal (PRUH),2.99,Darent Valley,12.83,Princess Royal (PRUH),2.99,Kings College Hospital,16.7
BR67AY,51.35928,0.073139,South,Princess Royal (PRUH),1.15,Darent Valley,15.39,Princess Royal (PRUH),1.15,Kings College Hospital,16.67
BR67AZ,51.35971,0.072756,South,Princess Royal (PRUH),1.1,Darent Valley,15.39,Princess Royal (PRUH),1.1,Kings College Hospital,16.62
BR67BA,51.359059,0.069869,South,Princess Royal (PRUH),1.0,Darent Valley,15.6,Princess Royal (PRUH),1.0,Kings College Hospital,16.54
BR67BB,51.359801,0.068609,South,Princess Royal (PRUH),0.88,Darent Valley,15.63,Princess Royal (PRUH),0.88,Kings College Hospital,16.42
BR67BD,51.359874,0.067032,South,Princess Royal (PRUH),0.8,Darent Valley,15.72,Princess Royal (PRUH),0.8,Kings College Hospital,16.34
BR67BE,51.360391,0.066768,South,Princess Royal (PRUH),0.75,Darent Valley,15.7,Princess Royal (PRUH),0.75,Kings College Hospital,16.28
BR67BF,51.363667,0.061529,South,Princess Royal (PRUH),0.24,Darent Valley,15.82,Princess Royal (PRUH),0.24,Kings College Hospital,15.77
BR67BG,51.359024,0.070872,South,Princess Royal (PRUH),1.05,Darent Valley,15.54,Princess Royal (PRUH),1.05,Kings College Hospital,16.59
BR67BH,51.361973,0.061726,South,Princess Royal (PRUH),0.42,Darent Valley,15.91,Princess Royal (PRUH),0.42,Kings College Hospital,15.92
BR67BJ,51.360852,0.071759,South,Princess Royal (PRUH),0.97,Darent Valley,15.38,Princess Royal (PRUH),0.97,Kings College Hospital,16.48
BR67BL,51.358921,0.06699,South,Princess Royal (PRUH),0.89,Darent Valley,15.77,Princess Royal (PRUH),0.89,Kings College Hospital,16.41
BR67BN,51.361352,0.063264,South,Princess Royal (PRUH),0.52,Darent Valley,15.85,Princess Royal (PRUH),0.52,Kings College Hospital,16.04
BR67BP,51.359957,0.065901,South,Princess Royal (PRUH),0.75,Darent Valley,15.78,Princess Royal (PRUH),0.75,Kings College Hospital,16.28
BR67BQ,51.359967,0.065327,South,Princess Royal (PRUH),0.73,Darent Valley,15.81,Princess Royal (PRUH),0.73,Kings College Hospital,16.25
BR67BS,51.362072,0.060193,South,Princess Royal (PRUH),0.39,Darent Valley,15.99,Princess Royal (PRUH),0.39,Kings College Hospital,15.84
BR67BT,51.361506,0.062208,South,Princess Royal (PRUH),0.48,Darent Valley,15.9,Princess Royal (PRUH),0.48,Kings College Hospital,15.98
BR67BU,51.360139,0.059647,South,Princess Royal (PRUH),0.61,Darent Valley,16.14,Princess Royal (PRUH),0.61,Kings College Hospital,15.97
BR67BW,51.361906,0.060933,South,Princess Royal (PRUH),0.42,Darent Valley,15.96,Princess Royal (PRUH),0.42,Kings College Hospital,15.88
BR67BX,51.359501,0.070822,South,Princess Royal (PRUH),1.01,Darent Valley,15.52,Princess Royal (PRUH),1.01,Kings College Hospital,16.54
BR67BY,51.360336,0.070429,South,Princess Royal (PRUH),0.93,Darent Valley,15.49,Princess Royal (PRUH),0.93,Kings College Hospital,16.46
BR67BZ,51.36026,0.068601,South,Princess Royal (PRUH),0.84,Darent Valley,15.6,Princess Royal (PRUH),0.84,Kings College Hospital,16.38
BR67DA,51.358618,0.070955,South,Princess Royal (PRUH),1.09,Darent Valley,15.56,Princess Royal (PRUH),1.09,Kings College Hospital,16.62
BR67DB,51.359035,0.071778,South,Princess Royal (PRUH),1.1,Darent Valley,15.49,Princess Royal (PRUH),1.1,Kings College Hospital,16.63
BR67DD,51.35945,0.071179,South,Princess Royal (PRUH),1.03,Darent Valley,15.5,Princess Royal (PRUH),1.03,Kings College Hospital,16.57
BR67DE,51.359692,0.071204,South,Princess Royal (PRUH),1.02,Darent Valley,15.48,Princess Royal (PRUH),1.02,Kings College Hospital,16.55
BR67DF,51.361003,0.07033,South,Princess Royal (PRUH),0.88,Darent Valley,15.45,Princess Royal (PRUH),0.88,Kings College Hospital,16.4
BR67DG,51.360011,0.069466,South,Princess Royal (PRUH),0.9,Darent Valley,15.56,Princess Royal (PRUH),0.9,Kings College Hospital,16.44
BR67DH,51.360478,0.066973,South,Princess Royal (PRUH),0.75,Darent Valley,15.68,Princess Royal (PRUH),0.75,Kings College Hospital,16.28
BR67DJ,51.363045,0.07486,South,Princess Royal (PRUH),1.07,Darent Valley,15.07,Princess Royal (PRUH),1.07,Kings College Hospital,16.45
BR67DL,51.362712,0.073323,South,Princess Royal (PRUH),0.98,Darent Valley,15.18,Princess Royal (PRUH),0.98,Kings College Hospital,16.41
BR67DN,51.360442,0.074556,South,Princess Royal (PRUH),1.16,Darent Valley,15.24,Princess Royal (PRUH),1.16,Kings College Hospital,16.65
BR67DP,51.361427,0.077373,South,Princess Royal (PRUH),1.29,Darent Valley,15.02,Princess Royal (PRUH),1.29,Kings College Hospital,16.7
BR67DQ,51.36033,0.067685,South,Princess Royal (PRUH),0.79,Darent Valley,15.65,Princess Royal (PRUH),0.79,Kings College Hospital,16.33
BR67DR,51.356506,0.085582,South,Princess Royal (PRUH),2.04,Darent Valley,14.86,Princess Royal (PRUH),2.04,Kings College Hospital,17.49
BR67DS,51.360648,0.077151,South,Princess Royal (PRUH),1.31,Darent Valley,15.08,Princess Royal (PRUH),1.31,Kings College Hospital,16.76
BR67DT,51.360487,0.075564,South,Princess Royal (PRUH),1.22,Darent Valley,15.18,Princess Royal (PRUH),1.22,Kings College Hospital,16.69
BR67DU,51.361926,0.075054,South,Princess Royal (PRUH),1.12,Darent Valley,15.12,Princess Royal (PRUH),1.12,Kings College Hospital,16.55
BR67DW,51.360756,0.075633,South,Princess Royal (PRUH),1.21,Darent Valley,15.16,Princess Royal (PRUH),1.21,Kings College Hospital,16.67
BR67DX,51.362027,0.075949,South,Princess Royal (PRUH),1.18,Darent Valley,15.06,Princess Royal (PRUH),1.18,Kings College Hospital,16.59
BR67DY,51.361558,0.07452,South,Princess Royal (PRUH),1.1,Darent Valley,15.18,Princess Royal (PRUH),1.1,Kings College Hospital,16.56
BR67DZ,51.360928,0.074075,South,Princess Royal (PRUH),1.11,Darent Valley,15.24,Princess Royal (PRUH),1.11,Kings College Hospital,16.58
BR67EA,51.360253,0.073068,South,Princess Royal (PRUH),1.08,Darent Valley,15.34,Princess Royal (PRUH),1.08,Kings College Hospital,16.59
BR67EB,51.361574,0.073616,South,Princess Royal (PRUH),1.05,Darent Valley,15.23,Princess Royal (PRUH),1.05,Kings College Hospital,16.51
BR67ED,51.361147,0.072864,South,Princess Royal (PRUH),1.02,Darent Valley,15.3,Princess Royal (PRUH),1.02,Kings College Hospital,16.51
BR67EE,51.359585,0.075264,South,Princess Royal (PRUH),1.25,Darent Valley,15.25,Princess Royal (PRUH),1.25,Kings College Hospital,16.75
BR67EF,51.359669,0.076575,South,Princess Royal (PRUH),1.33,Darent Valley,15.17,Princess Royal (PRUH),1.33,Kings College Hospital,16.81
BR67EG,51.361514,0.071947,South,Princess Royal (PRUH),0.95,Darent Valley,15.33,Princess Royal (PRUH),0.95,Kings College Hospital,16.43
BR67EH,51.358929,0.080808,South,Princess Royal (PRUH),1.62,Darent Valley,14.98,Princess Royal (PRUH),1.62,Kings College Hospital,17.07
BR67EJ,51.359231,0.083019,South,Princess Royal (PRUH),1.75,Darent Valley,14.83,Princess Royal (PRUH),1.75,Kings College Hospital,17.15
BR67EL,51.359563,0.080032,South,Princess Royal (PRUH),1.54,Darent Valley,14.98,Princess Royal (PRUH),1.54,Kings College Hospital,16.98
BR67EN,51.360905,0.078915,South,Princess Royal (PRUH),1.41,Darent Valley,14.96,Princess Royal (PRUH),1.41,Kings College Hospital,16.82
BR67EP,51.360245,0.078066,South,Princess Royal (PRUH),1.39,Darent Valley,15.05,Princess Royal (PRUH),1.39,Kings College Hospital,16.83
BR67EQ,51.359051,0.073904,South,Princess Royal (PRUH),1.21,Darent Valley,15.36,Princess Royal (PRUH),1.21,Kings College Hospital,16.73
BR67ER,51.358785,0.083803,South,Princess Royal (PRUH),1.82,Darent Valley,14.81,Princess Royal (PRUH),1.82,Kings College Hospital,17.23
BR67ES,51.358408,0.083786,South,Princess Royal (PRUH),1.83,Darent Valley,14.84,Princess Royal (PRUH),1.83,Kings College Hospital,17.26
BR67ET,51.358476,0.084508,South,Princess Royal (PRUH),1.88,Darent Valley,14.79,Princess Royal (PRUH),1.88,Kings College Hospital,17.29
BR67EU,51.356976,0.083405,South,Princess Royal (PRUH),1.89,Darent Valley,14.95,Princess Royal (PRUH),1.89,Kings College Hospital,17.35
BR67EW,51.359975,0.081128,South,Princess Royal (PRUH),1.59,Darent Valley,14.89,Princess Royal (PRUH),1.59,Kings College Hospital,17.0
BR67EX,51.356342,0.083635,South,Princess Royal (PRUH),1.94,Darent Valley,14.98,Princess Royal (PRUH),1.94,Kings College Hospital,17.41
BR67EY,51.354868,0.084631,South,Princess Royal (PRUH),2.09,Darent Valley,15.02,Princess Royal (PRUH),2.09,Kings College Hospital,17.58
BR67EZ,51.354715,0.085127,South,Princess Royal (PRUH),2.12,Darent Valley,15.0,Princess Royal (PRUH),2.12,Kings College Hospital,17.61
BR67FA,51.371426,0.122035,South,Princess Royal (PRUH),4.35,Darent Valley,11.84,Princess Royal (PRUH),4.35,Kings College Hospital,18.33
BR67FB,51.348979,0.088586,South,Princess Royal (PRUH),2.71,Darent Valley,15.21,Princess Royal (PRUH),2.71,Kings College Hospital,18.24
BR67FD,51.36396,0.059186,South,Princess Royal (PRUH),0.19,Darent Valley,15.95,Princess Royal (PRUH),0.19,Kings College Hospital,15.63
BR67FE,51.373554,0.123743,South,Princess Royal (PRUH),4.51,Darent Valley,11.6,Princess Royal (PRUH),4.51,Kings College Hospital,18.29
BR67FF,51.33101,0.049428,South,Princess Royal (PRUH),3.92,Darent Valley,18.58,Princess Royal (PRUH),3.92,Kings College Hospital,18.14
BR67FG,51.363626,0.064371,South,Princess Royal (PRUH),0.37,Darent Valley,15.65,Princess Royal (PRUH),0.37,Kings College Hospital,15.9
BR67FH,51.364042,0.065238,South,Princess Royal (PRUH),0.4,Darent Valley,15.58,Princess Royal (PRUH),0.4,Kings College Hospital,15.91
BR67FJ,51.363577,0.064067,South,Princess Royal (PRUH),0.36,Darent Valley,15.68,Princess Royal (PRUH),0.36,Kings College Hospital,15.89
BR67FL,51.363549,0.065158,South,Princess Royal (PRUH),0.42,Darent Valley,15.61,Princess Royal (PRUH),0.42,Kings College Hospital,15.95
BR67FN,51.362565,0.064381,South,Princess Royal (PRUH),0.45,Darent Valley,15.71,Princess Royal (PRUH),0.45,Kings College Hospital,15.99
BR67FP,51.332682,0.107212,South,Princess Royal (PRUH),4.91,Darent Valley,15.51,Princess Royal (PRUH),4.91,Kings College Hospital,20.45
BR67GB,51.359097,0.06569,South,Princess Royal (PRUH),0.82,Darent Valley,15.84,Princess Royal (PRUH),0.82,Kings College Hospital,16.34
BR67GE,51.361788,0.072692,South,Princess Royal (PRUH),0.98,Darent Valley,15.27,Princess Royal (PRUH),0.98,Kings College Hospital,16.45
BR67GJ,51.3583,0.139125,South,Princess Royal (PRUH),5.55,Darent Valley,11.92,Princess Royal (PRUH),5.55,Kings College Hospital,20.16
BR67GL,51.37683,0.099164,South,Princess Royal (PRUH),2.99,Darent Valley,12.83,Princess Royal (PRUH),2.99,Kings College Hospital,16.7
BR67GN,51.36659,0.060985,South,Princess Royal (PRUH),0.13,Darent Valley,15.69,Princess Royal (PRUH),0.13,Kings College Hospital,15.5
BR67GZ,51.350897,0.051277,South,Princess Royal (PRUH),1.74,Darent Valley,17.18,Princess Royal (PRUH),1.74,Kings College Hospital,16.4
BR67HA,51.338663,0.114664,South,Princess Royal (PRUH),4.84,Darent Valley,14.67,Princess Royal (PRUH),4.84,Kings College Hospital,20.32
BR67HB,51.356283,0.085442,South,Princess Royal (PRUH),2.05,Darent Valley,14.88,Princess Royal (PRUH),2.05,Kings College Hospital,17.5
BR67HD,51.355283,0.086072,South,Princess Royal (PRUH),2.14,Darent Valley,14.91,Princess Royal (PRUH),2.14,Kings College Hospital,17.61
BR67HE,51.356328,0.084942,South,Princess Royal (PRUH),2.02,Darent Valley,14.91,Princess Royal (PRUH),2.02,Kings College Hospital,17.48
BR67HF,51.357044,0.084644,South,Princess Royal (PRUH),1.96,Darent Valley,14.88,Princess Royal (PRUH),1.96,Kings College Hospital,17.41
BR67HG,51.345118,0.059276,South,Princess Royal (PRUH),2.28,Darent Valley,17.08,Princess Royal (PRUH),2.28,Kings College Hospital,17.25
BR67HH,51.354764,0.056921,South,Princess Royal (PRUH),1.22,Darent Valley,16.61,Princess Royal (PRUH),1.22,Kings College Hospital,16.31
BR67HJ,51.340005,0.057525,South,Princess Royal (PRUH),2.85,Darent Valley,17.52,Princess Royal (PRUH),2.85,Kings College Hospital,17.63
BR67HL,51.339982,0.056806,South,Princess Royal (PRUH),2.86,Darent Valley,17.56,Princess Royal (PRUH),2.86,Kings College Hospital,17.61
BR67HN,51.340429,0.05796,South,Princess Royal (PRUH),2.8,Darent Valley,17.47,Princess Royal (PRUH),2.8,Kings College Hospital,17.61
BR67HP,51.341043,0.05783,South,Princess Royal (PRUH),2.73,Darent Valley,17.43,Princess Royal (PRUH),2.73,Kings College Hospital,17.55
BR67HQ,51.339447,0.054987,South,Princess Royal (PRUH),2.93,Darent Valley,17.7,Princess Royal (PRUH),2.93,Kings College Hospital,17.58
BR67HR,51.340663,0.056434,South,Princess Royal (PRUH),2.78,Darent Valley,17.54,Princess Royal (PRUH),2.78,Kings College Hospital,17.53
BR67HS,51.364668,0.059836,South,Princess Royal (PRUH),0.1,Darent Valley,15.87,Princess Royal (PRUH),0.1,Kings College Hospital,15.6
BR67HT,51.335537,0.054324,South,Princess Royal (PRUH),3.37,Darent Valley,18.0,Princess Royal (PRUH),3.37,Kings College Hospital,17.91
BR67HU,51.335699,0.053829,South,Princess Royal (PRUH),3.35,Darent Valley,18.02,Princess Royal (PRUH),3.35,Kings College Hospital,17.88
BR67HW,51.341008,0.057239,South,Princess Royal (PRUH),2.74,Darent Valley,17.47,Princess Royal (PRUH),2.74,Kings College Hospital,17.53
BR67HX,51.336268,0.053682,South,Princess Royal (PRUH),3.29,Darent Valley,17.99,Princess Royal (PRUH),3.29,Kings College Hospital,17.82
BR67HY,51.336576,0.053567,South,Princess Royal (PRUH),3.26,Darent Valley,17.97,Princess Royal (PRUH),3.26,Kings College Hospital,17.79
BR67HZ,51.336559,0.053997,South,Princess Royal (PRUH),3.26,Darent Valley,17.95,Princess Royal (PRUH),3.26,Kings College Hospital,17.81
BR67JA,51.344518,0.047862,South,Princess Royal (PRUH),2.49,Darent Valley,17.77,Princess Royal (PRUH),2.49,Kings College Hospital,16.84
BR67JB,51.346627,0.051172,South,Princess Royal (PRUH),2.2,Darent Valley,17.45,Princess Royal (PRUH),2.2,Kings College Hospital,16.78
BR67JD,51.345111,0.055614,South,Princess Royal (PRUH),2.3,Darent Valley,17.29,Princess Royal (PRUH),2.3,Kings College Hospital,17.1
BR67JE,51.343037,0.051299,South,Princess Royal (PRUH),2.58,Darent Valley,17.67,Princess Royal (PRUH),2.58,Kings College Hospital,17.11
BR67JF,51.339211,0.052565,South,Princess Royal (PRUH),2.98,Darent Valley,17.85,Princess Royal (PRUH),2.98,Kings College Hospital,17.51
BR67JG,51.339578,0.05215,South,Princess Royal (PRUH),2.94,Darent Valley,17.85,Princess Royal (PRUH),2.94,Kings College Hospital,17.46
BR67JH,51.35143,0.075169,South,Princess Royal (PRUH),1.9,Darent Valley,15.78,Princess Royal (PRUH),1.9,Kings College Hospital,17.41
BR67JJ,51.332225,0.050903,South,Princess Royal (PRUH),3.76,Darent Valley,18.42,Princess Royal (PRUH),3.76,Kings College Hospital,18.09
BR67JL,51.341861,0.064988,South,Princess Royal (PRUH),2.66,Darent Valley,16.98,Princess Royal (PRUH),2.66,Kings College Hospital,17.78
BR67JN,51.336551,0.055016,South,Princess Royal (PRUH),3.25,Darent Valley,17.89,Princess Royal (PRUH),3.25,Kings College Hospital,17.85
BR67JP,51.335575,0.053192,South,Princess Royal (PRUH),3.37,Darent Valley,18.06,Princess Royal (PRUH),3.37,Kings College Hospital,17.86
BR67JQ,51.340162,0.052148,South,Princess Royal (PRUH),2.88,Darent Valley,17.81,Princess Royal (PRUH),2.88,Kings College Hospital,17.4
BR67JR,51.335513,0.053649,South,Princess Royal (PRUH),3.37,Darent Valley,18.04,Princess Royal (PRUH),3.37,Kings College Hospital,17.89
BR67JS,51.335587,0.052503,South,Princess Royal (PRUH),3.38,Darent Valley,18.1,Princess Royal (PRUH),3.38,Kings College Hospital,17.84
BR67JT,51.324537,0.054407,South,Princess Royal (PRUH),4.58,Darent Valley,18.78,Princess Royal (PRUH),4.58,Kings College Hospital,18.94
BR67JU,51.32339,0.055188,South,Princess Royal (PRUH),4.71,Darent Valley,18.82,Princess Royal (PRUH),4.71,Kings College Hospital,19.07
BR67JW,51.336781,0.05471,South,Princess Royal (PRUH),3.23,Darent Valley,17.89,Princess Royal (PRUH),3.23,Kings College Hospital,17.81
BR67JX,51.323977,0.055602,South,Princess Royal (PRUH),4.64,Darent Valley,18.75,Princess Royal (PRUH),4.64,Kings College Hospital,19.03
BR67JY,51.325208,0.055126,South,Princess Royal (PRUH),4.5,Darent Valley,18.69,Princess Royal (PRUH),4.5,Kings College Hospital,18.9
BR67JZ,51.324178,0.05541,South,Princess Royal (PRUH),4.62,Darent Valley,18.75,Princess Royal (PRUH),4.62,Kings College Hospital,19.01
BR67LA,51.322439,0.05816,South,Princess Royal (PRUH),4.8,Darent Valley,18.74,Princess Royal (PRUH),4.8,Kings College Hospital,19.27
BR67LB,51.331223,0.046997,South,Princess Royal (PRUH),3.93,Darent Valley,18.7,Princess Royal (PRUH),3.93,Kings College Hospital,18.03
BR67LD,51.333788,0.040709,South,Princess Royal (PRUH),3.78,Darent Valley,18.87,Princess Royal (PRUH),3.78,Kings College Hospital,17.56
BR67LE,51.330088,0.061976,South,Princess Royal (PRUH),3.95,Darent Valley,17.97,Princess Royal (PRUH),3.95,Kings College Hospital,18.71
BR67LF,51.334608,0.056049,South,Princess Royal (PRUH),3.46,Darent Valley,17.97,Princess Royal (PRUH),3.46,Kings College Hospital,18.06
BR67LG,51.326026,0.062339,South,Princess Royal (PRUH),4.4,Darent Valley,18.25,Princess Royal (PRUH),4.4,Kings College Hospital,19.1
BR67LH,51.326497,0.064183,South,Princess Royal (PRUH),4.36,Darent Valley,18.12,Princess Royal (PRUH),4.36,Kings College Hospital,19.13
BR67LJ,51.322938,0.05224,South,Princess Royal (PRUH),4.77,Darent Valley,19.01,Princess Royal (PRUH),4.77,Kings College Hospital,19.01
BR67LL,51.360125,0.075705,South,Princess Royal (PRUH),1.25,Darent Valley,15.19,Princess Royal (PRUH),1.25,Kings College Hospital,16.73
BR67LN,51.321138,0.050796,South,Princess Royal (PRUH),4.99,Darent Valley,19.21,Princess Royal (PRUH),4.99,Kings College Hospital,19.13
BR67LP,51.349468,0.088364,South,Princess Royal (PRUH),2.66,Darent Valley,15.19,Princess Royal (PRUH),2.66,Kings College Hospital,18.19
BR67LQ,51.325863,0.062877,South,Princess Royal (PRUH),4.42,Darent Valley,18.24,Princess Royal (PRUH),4.42,Kings College Hospital,19.14
BR67LR,51.348961,0.0886,South,Princess Royal (PRUH),2.71,Darent Valley,15.21,Princess Royal (PRUH),2.71,Kings College Hospital,18.24
BR67LS,51.344692,0.098988,South,Princess Royal (PRUH),3.57,Darent Valley,14.97,Princess Royal (PRUH),3.57,Kings College Hospital,19.08
BR67LT,51.344133,0.111556,South,Princess Royal (PRUH),4.3,Darent Valley,14.38,Princess Royal (PRUH),4.3,Kings College Hospital,19.74
BR67LU,51.34386,0.111227,South,Princess Royal (PRUH),4.3,Darent Valley,14.42,Princess Royal (PRUH),4.3,Kings College Hospital,19.75
BR67LW,51.34926,0.087953,South,Princess Royal (PRUH),2.66,Darent Valley,15.22,Princess Royal (PRUH),2.66,Kings College Hospital,18.19
BR67LX,51.343773,0.111094,South,Princess Royal (PRUH),4.3,Darent Valley,14.43,Princess Royal (PRUH),4.3,Kings College Hospital,19.75
BR67LY,51.343703,0.111938,South,Princess Royal (PRUH),4.35,Darent Valley,14.4,Princess Royal (PRUH),4.35,Kings College Hospital,19.8
BR67LZ,51.344163,0.111916,South,Princess Royal (PRUH),4.32,Darent Valley,14.36,Princess Royal (PRUH),4.32,Kings College Hospital,19.76
BR67NA,51.34325,0.111142,South,Princess Royal (PRUH),4.33,Darent Valley,14.47,Princess Royal (PRUH),4.33,Kings College Hospital,19.79
BR67NB,51.342262,0.111097,South,Princess Royal (PRUH),4.4,Darent Valley,14.55,Princess Royal (PRUH),4.4,Kings College Hospital,19.87
BR67ND,51.35908,0.065647,South,Princess Royal (PRUH),0.82,Darent Valley,15.84,Princess Royal (PRUH),0.82,Kings College Hospital,16.34
BR67NE,51.340434,0.111716,South,Princess Royal (PRUH),4.55,Darent Valley,14.67,Princess Royal (PRUH),4.55,Kings College Hospital,20.04
BR67NF,51.339862,0.110498,South,Princess Royal (PRUH),4.53,Darent Valley,14.77,Princess Royal (PRUH),4.53,Kings College Hospital,20.03
BR67NG,51.338105,0.113705,South,Princess Royal (PRUH),4.82,Darent Valley,14.76,Princess Royal (PRUH),4.82,Kings College Hospital,20.32
BR67NH,51.340539,0.110903,South,Princess Royal (PRUH),4.5,Darent Valley,14.7,Princess Royal (PRUH),4.5,Kings College Hospital,19.99
BR67NJ,51.340401,0.111026,South,Princess Royal (PRUH),4.52,Darent Valley,14.7,Princess Royal (PRUH),4.52,Kings College Hospital,20.01
BR67NL,51.338884,0.111889,South,Princess Royal (PRUH),4.67,Darent Valley,14.78,Princess Royal (PRUH),4.67,Kings College Hospital,20.17
BR67NN,51.33875,0.112357,South,Princess Royal (PRUH),4.7,Darent Valley,14.77,Princess Royal (PRUH),4.7,Kings College Hospital,20.21
BR67NP,51.338327,0.112825,South,Princess Royal (PRUH),4.76,Darent Valley,14.79,Princess Royal (PRUH),4.76,Kings College Hospital,20.26
BR67NQ,51.340145,0.111775,South,Princess Royal (PRUH),4.58,Darent Valley,14.69,Princess Royal (PRUH),4.58,Kings College Hospital,20.07
BR67NR,51.332595,0.115993,South,Princess Royal (PRUH),5.35,Darent Valley,15.11,Princess Royal (PRUH),5.35,Kings College Hospital,20.87
BR67NS,51.342697,0.114376,South,Princess Royal (PRUH),4.55,Darent Valley,14.36,Princess Royal (PRUH),4.55,Kings College Hospital,19.99
BR67NT,51.342057,0.114461,South,Princess Royal (PRUH),4.6,Darent Valley,14.41,Princess Royal (PRUH),4.6,Kings College Hospital,20.05
BR67NU,51.336181,0.114177,South,Princess Royal (PRUH),4.99,Darent Valley,14.9,Princess Royal (PRUH),4.99,Kings College Hospital,20.5
BR67NW,51.338626,0.11271,South,Princess Royal (PRUH),4.73,Darent Valley,14.77,Princess Royal (PRUH),4.73,Kings College Hospital,20.23
BR67NX,51.333249,0.115176,South,Princess Royal (PRUH),5.26,Darent Valley,15.09,Princess Royal (PRUH),5.26,Kings College Hospital,20.78
BR67NY,51.33244,0.107631,South,Princess Royal (PRUH),4.95,Darent Valley,15.51,Princess Royal (PRUH),4.95,Kings College Hospital,20.49
BR67PA,51.338101,0.104947,South,Princess Royal (PRUH),4.37,Darent Valley,15.18,Princess Royal (PRUH),4.37,Kings College Hospital,19.9
BR67PB,51.332412,0.09972,South,Princess Royal (PRUH),4.61,Darent Valley,15.89,Princess Royal (PRUH),4.61,Kings College Hospital,20.13
BR67PD,51.33922,0.110684,South,Princess Royal (PRUH),4.58,Darent Valley,14.82,Princess Royal (PRUH),4.58,Kings College Hospital,20.09
BR67PE,51.339504,0.110927,South,Princess Royal (PRUH),4.57,Darent Valley,14.78,Princess Royal (PRUH),4.57,Kings College Hospital,20.08
BR67PF,51.338596,0.111388,South,Princess Royal (PRUH),4.66,Darent Valley,14.83,Princess Royal (PRUH),4.66,Kings College Hospital,20.17
BR67PG,51.340014,0.11108,South,Princess Royal (PRUH),4.55,Darent Valley,14.73,Princess Royal (PRUH),4.55,Kings College Hospital,20.04
BR67PH,51.357201,0.136761,South,Princess Royal (PRUH),5.41,Darent Valley,12.12,Princess Royal (PRUH),5.41,Kings College Hospital,20.1
BR67PQ,51.338493,0.11012,South,Princess Royal (PRUH),4.6,Darent Valley,14.9,Princess Royal (PRUH),4.6,Kings College Hospital,20.12
BR67QB,51.337759,0.110416,South,Princess Royal (PRUH),4.67,Darent Valley,14.95,Princess Royal (PRUH),4.67,Kings College Hospital,20.19
BR67QL,51.350299,0.137517,South,Princess Royal (PRUH),5.64,Darent Valley,12.65,Princess Royal (PRUH),5.64,Kings College Hospital,20.62
BR67QN,51.353827,0.139821,South,Princess Royal (PRUH),5.69,Darent Valley,12.25,Princess Royal (PRUH),5.69,Kings College Hospital,20.5
BR67QP,51.351471,0.139295,South,Princess Royal (PRUH),5.73,Darent Valley,12.47,Princess Royal (PRUH),5.73,Kings College Hospital,20.64
BR67QR,51.351294,0.139172,South,Princess Royal (PRUH),5.72,Darent Valley,12.49,Princess Royal (PRUH),5.72,Kings College Hospital,20.64
BR67QS,51.348018,0.137325,South,Princess Royal (PRUH),5.71,Darent Valley,12.85,Princess Royal (PRUH),5.71,Kings College Hospital,20.78
BR67QT,51.351254,0.139859,South,Princess Royal (PRUH),5.77,Darent Valley,12.46,Princess Royal (PRUH),5.77,Kings College Hospital,20.68
BR67QU,51.354775,0.142537,South,Princess Royal (PRUH),5.86,Darent Valley,12.04,Princess Royal (PRUH),5.86,Kings College Hospital,20.58
BR67QW,51.353993,0.14059,South,Princess Royal (PRUH),5.74,Darent Valley,12.2,Princess Royal (PRUH),5.74,Kings College Hospital,20.53
BR67QX,51.354465,0.140354,South,Princess Royal (PRUH),5.71,Darent Valley,12.17,Princess Royal (PRUH),5.71,Kings College Hospital,20.49
BR67QY,51.354193,0.139494,South,Princess Royal (PRUH),5.66,Darent Valley,12.23,Princess Royal (PRUH),5.66,Kings College Hospital,20.46
BR67QZ,51.354444,0.139046,South,Princess Royal (PRUH),5.63,Darent Valley,12.23,Princess Royal (PRUH),5.63,Kings College Hospital,20.42
BR67RA,51.354632,0.13611,South,Princess Royal (PRUH),5.42,Darent Valley,12.36,Princess Royal (PRUH),5.42,Kings College Hospital,20.24
BR67RB,51.354669,0.13604,South,Princess Royal (PRUH),5.42,Darent Valley,12.36,Princess Royal (PRUH),5.42,Kings College Hospital,20.24
BR67RD,51.370548,0.121362,South,Princess Royal (PRUH),4.3,Darent Valley,11.94,Princess Royal (PRUH),4.3,Kings College Hospital,18.35
BR67RE,51.357056,0.12749,South,Princess Royal (PRUH),4.78,Darent Valley,12.59,Princess Royal (PRUH),4.78,Kings College Hospital,19.61
BR67RF,51.357023,0.127301,South,Princess Royal (PRUH),4.77,Darent Valley,12.6,Princess Royal (PRUH),4.77,Kings College Hospital,19.6
BR67RG,51.358469,0.130873,South,Princess Royal (PRUH),4.98,Darent Valley,12.31,Princess Royal (PRUH),4.98,Kings College Hospital,19.69
BR67RH,51.357908,0.128606,South,Princess Royal (PRUH),4.84,Darent Valley,12.47,Princess Royal (PRUH),4.84,Kings College Hospital,19.61
BR67RJ,51.357417,0.130839,South,Princess Royal (PRUH),5.0,Darent Valley,12.39,Princess Royal (PRUH),5.0,Kings College Hospital,19.76
BR67RL,51.357524,0.128416,South,Princess Royal (PRUH),4.83,Darent Valley,12.5,Princess Royal (PRUH),4.83,Kings College Hospital,19.63
BR67RN,51.357043,0.132114,South,Princess Royal (PRUH),5.1,Darent Valley,12.36,Princess Royal (PRUH),5.1,Kings College Hospital,19.86
BR67RP,51.36637,0.124157,South,Princess Royal (PRUH),4.45,Darent Valley,12.07,Princess Royal (PRUH),4.45,Kings College Hospital,18.79
BR67RQ,51.358334,0.129402,South,Princess Royal (PRUH),4.89,Darent Valley,12.39,Princess Royal (PRUH),4.89,Kings College Hospital,19.62
BR67RR,51.367969,0.123771,South,Princess Royal (PRUH),4.43,Darent Valley,11.98,Princess Royal (PRUH),4.43,Kings College Hospital,18.66
BR67RS,51.370575,0.123375,South,Princess Royal (PRUH),4.43,Darent Valley,11.82,Princess Royal (PRUH),4.43,Kings College Hospital,18.46
BR67RT,51.367213,0.1198,South,Princess Royal (PRUH),4.16,Darent Valley,12.25,Princess Royal (PRUH),4.16,Kings College Hospital,18.49
BR67RU,51.367589,0.120406,South,Princess Royal (PRUH),4.2,Darent Valley,12.19,Princess Royal (PRUH),4.2,Kings College Hospital,18.5
BR67RW,51.357043,0.132114,South,Princess Royal (PRUH),5.1,Darent Valley,12.36,Princess Royal (PRUH),5.1,Kings College Hospital,19.86
BR67RX,51.374421,0.125004,South,Princess Royal (PRUH),4.62,Darent Valley,11.48,Princess Royal (PRUH),4.62,Kings College Hospital,18.31
BR67RY,51.368292,0.124304,South,Princess Royal (PRUH),4.47,Darent Valley,11.93,Princess Royal (PRUH),4.47,Kings College Hospital,18.67
BR67RZ,51.368652,0.121777,South,Princess Royal (PRUH),4.3,Darent Valley,12.04,Princess Royal (PRUH),4.3,Kings College Hospital,18.5
BR67SA,51.343745,0.102664,South,Princess Royal (PRUH),3.83,Darent Valley,14.86,Princess Royal (PRUH),3.83,Kings College Hospital,19.34
BR67SB,51.345061,0.101978,South,Princess Royal (PRUH),3.7,Darent Valley,14.79,Princess Royal (PRUH),3.7,Kings College Hospital,19.2
BR67SD,51.346135,0.102285,South,Princess Royal (PRUH),3.65,Darent Valley,14.69,Princess Royal (PRUH),3.65,Kings College Hospital,19.13
BR67SE,51.345358,0.107936,South,Princess Royal (PRUH),4.02,Darent Valley,14.47,Princess Royal (PRUH),4.02,Kings College Hospital,19.47
BR67SF,51.344381,0.112773,South,Princess Royal (PRUH),4.36,Darent Valley,14.3,Princess Royal (PRUH),4.36,Kings College Hospital,19.78
BR67SG,51.344282,0.113774,South,Princess Royal (PRUH),4.42,Darent Valley,14.26,Princess Royal (PRUH),4.42,Kings College Hospital,19.84
BR67SH,51.344218,0.116298,South,Princess Royal (PRUH),4.58,Darent Valley,14.14,Princess Royal (PRUH),4.58,Kings College Hospital,19.97
BR67SJ,51.343409,0.116778,South,Princess Royal (PRUH),4.65,Darent Valley,14.19,Princess Royal (PRUH),4.65,Kings College Hospital,20.06
BR67SL,51.347276,0.112303,South,Princess Royal (PRUH),4.16,Darent Valley,14.1,Princess Royal (PRUH),4.16,Kings College Hospital,19.54
BR67SN,51.350576,0.11784,South,Princess Royal (PRUH),4.35,Darent Valley,13.57,Princess Royal (PRUH),4.35,Kings College Hospital,19.57
BR67SP,51.352097,0.122722,South,Princess Royal (PRUH),4.61,Darent Valley,13.21,Princess Royal (PRUH),4.61,Kings College Hospital,19.71
BR67SQ,51.344375,0.112615,South,Princess Royal (PRUH),4.35,Darent Valley,14.31,Princess Royal (PRUH),4.35,Kings College Hospital,19.78
BR67SR,51.347298,0.111601,South,Princess Royal (PRUH),4.12,Darent Valley,14.13,Princess Royal (PRUH),4.12,Kings College Hospital,19.5
BR67SS,51.348636,0.113673,South,Princess Royal (PRUH),4.18,Darent Valley,13.93,Princess Royal (PRUH),4.18,Kings College Hospital,19.5
BR67ST,51.350079,0.113495,South,Princess Royal (PRUH),4.1,Darent Valley,13.83,Princess Royal (PRUH),4.1,Kings College Hospital,19.38
BR67SU,51.340171,0.113312,South,Princess Royal (PRUH),4.66,Darent Valley,14.61,Princess Royal (PRUH),4.66,Kings College Hospital,20.14
BR67SW,51.350248,0.118069,South,Princess Royal (PRUH),4.38,Darent Valley,13.58,Princess Royal (PRUH),4.38,Kings College Hospital,19.61
BR67SX,51.37683,0.099164,South,Princess Royal (PRUH),2.99,Darent Valley,12.83,Princess Royal (PRUH),2.99,Kings College Hospital,16.7
BR67SY,51.340933,0.112457,South,Princess Royal (PRUH),4.56,Darent Valley,14.59,Princess Royal (PRUH),4.56,Kings College Hospital,20.04
BR67SZ,51.340695,0.112216,South,Princess Royal (PRUH),4.56,Darent Valley,14.62,Princess Royal (PRUH),4.56,Kings College Hospital,20.04
BR67TA,51.367351,0.118169,South,Princess Royal (PRUH),4.04,Darent Valley,12.33,Princess Royal (PRUH),4.04,Kings College Hospital,18.39
BR67TB,51.360807,0.071226,South,Princess Royal (PRUH),0.94,Darent Valley,15.41,Princess Royal (PRUH),0.94,Kings College Hospital,16.46
BR67TD,51.368048,0.122841,South,Princess Royal (PRUH),4.37,Darent Valley,12.03,Princess Royal (PRUH),4.37,Kings College Hospital,18.6
BR67TE,51.36155,0.068343,South,Princess Royal (PRUH),0.73,Darent Valley,15.54,Princess Royal (PRUH),0.73,Kings College Hospital,16.26
BR67TF,51.360346,0.072383,South,Princess Royal (PRUH),1.04,Darent Valley,15.37,Princess Royal (PRUH),1.04,Kings College Hospital,16.55
BR67TG,51.359893,0.078654,South,Princess Royal (PRUH),1.44,Darent Valley,15.04,Princess Royal (PRUH),1.44,Kings College Hospital,16.89
BR67TH,51.366195,0.124882,South,Princess Royal (PRUH),4.5,Darent Valley,12.05,Princess Royal (PRUH),4.5,Kings College Hospital,18.84
BR67TJ,51.363691,0.067822,South,Princess Royal (PRUH),0.58,Darent Valley,15.45,Princess Royal (PRUH),0.58,Kings College Hospital,16.06
BR67TL,51.36292,0.066164,South,Princess Royal (PRUH),0.52,Darent Valley,15.59,Princess Royal (PRUH),0.52,Kings College Hospital,16.05
BR67TN,51.36221,0.06764,South,Princess Royal (PRUH),0.65,Darent Valley,15.54,Princess Royal (PRUH),0.65,Kings College Hospital,16.17
BR67TP,51.360385,0.071681,South,Princess Royal (PRUH),1.0,Darent Valley,15.41,Princess Royal (PRUH),1.0,Kings College Hospital,16.51
BR67TQ,51.359294,0.077937,South,Princess Royal (PRUH),1.43,Darent Valley,15.12,Princess Royal (PRUH),1.43,Kings College Hospital,16.9
BR67TR,51.361348,0.065519,South,Princess Royal (PRUH),0.61,Darent Valley,15.72,Princess Royal (PRUH),0.61,Kings College Hospital,16.14
BR67TS,51.363101,0.068628,South,Princess Royal (PRUH),0.66,Darent Valley,15.43,Princess Royal (PRUH),0.66,Kings College Hospital,16.15
BR67TT,51.362565,0.068461,South,Princess Royal (PRUH),0.68,Darent Valley,15.47,Princess Royal (PRUH),0.68,Kings College Hospital,16.18
BR67TU,51.361462,0.062119,South,Princess Royal (PRUH),0.48,Darent Valley,15.91,Princess Royal (PRUH),0.48,Kings College Hospital,15.98
BR67TW,51.362348,0.067489,South,Princess Royal (PRUH),0.63,Darent Valley,15.54,Princess Royal (PRUH),0.63,Kings College Hospital,16.15
BR67TX,51.361424,0.061213,South,Princess Royal (PRUH),0.47,Darent Valley,15.97,Princess Royal (PRUH),0.47,Kings College Hospital,15.94
BR67TY,51.361424,0.061213,South,Princess Royal (PRUH),0.47,Darent Valley,15.97,Princess Royal (PRUH),0.47,Kings College Hospital,15.94
BR67TZ,51.34469,0.092053,South,Princess Royal (PRUH),3.22,Darent Valley,15.33,Princess Royal (PRUH),3.22,Kings College Hospital,18.75
BR67UA,51.364339,0.070322,South,Princess Royal (PRUH),0.73,Darent Valley,15.26,Princess Royal (PRUH),0.73,Kings College Hospital,16.13
BR67UB,51.364369,0.069131,South,Princess Royal (PRUH),0.65,Darent Valley,15.33,Princess Royal (PRUH),0.65,Kings College Hospital,16.07
BR67UD,51.362776,0.069246,South,Princess Royal (PRUH),0.71,Darent Valley,15.41,Princess Royal (PRUH),0.71,Kings College Hospital,16.2
BR67UE,51.363202,0.070026,South,Princess Royal (PRUH),0.75,Darent Valley,15.34,Princess Royal (PRUH),0.75,Kings College Hospital,16.21
BR67UF,51.362275,0.071105,South,Princess Royal (PRUH),0.86,Darent Valley,15.33,Princess Royal (PRUH),0.86,Kings College Hospital,16.33
BR67UG,51.36359,0.069441,South,Princess Royal (PRUH),0.69,Darent Valley,15.36,Princess Royal (PRUH),0.69,Kings College Hospital,16.15
BR67UH,51.3633,0.069097,South,Princess Royal (PRUH),0.68,Darent Valley,15.39,Princess Royal (PRUH),0.68,Kings College Hospital,16.15
BR67UJ,51.361959,0.069166,South,Princess Royal (PRUH),0.75,Darent Valley,15.47,Princess Royal (PRUH),0.75,Kings College Hospital,16.27
BR67UL,51.36316,0.070872,South,Princess Royal (PRUH),0.8,Darent Valley,15.3,Princess Royal (PRUH),0.8,Kings College Hospital,16.25
BR67UN,51.363659,0.07167,South,Princess Royal (PRUH),0.84,Darent Valley,15.22,Princess Royal (PRUH),0.84,Kings College Hospital,16.25
BR67UP,51.362478,0.07031,South,Princess Royal (PRUH),0.8,Darent Valley,15.37,Princess Royal (PRUH),0.8,Kings College Hospital,16.28
BR67UQ,51.36389,0.066725,South,Princess Royal (PRUH),0.5,Darent Valley,15.5,Princess Royal (PRUH),0.5,Kings College Hospital,15.99
BR67UR,51.362525,0.071734,South,Princess Royal (PRUH),0.88,Darent Valley,15.28,Princess Royal (PRUH),0.88,Kings College Hospital,16.34
BR67US,51.336661,0.053872,South,Princess Royal (PRUH),3.25,Darent Valley,17.95,Princess Royal (PRUH),3.25,Kings College Hospital,17.79
BR67UT,51.336205,0.053722,South,Princess Royal (PRUH),3.3,Darent Valley,17.99,Princess Royal (PRUH),3.3,Kings College Hospital,17.83
BR67UU,51.37683,0.099164,South,Princess Royal (PRUH),2.99,Darent Valley,12.83,Princess Royal (PRUH),2.99,Kings College Hospital,16.7
BR67UW,51.364362,0.066459,South,Princess Royal (PRUH),0.47,Darent Valley,15.49,Princess Royal (PRUH),0.47,Kings College Hospital,15.94
BR67UX,51.343779,0.112731,South,Princess Royal (PRUH),4.39,Darent Valley,14.35,Princess Royal (PRUH),4.39,Kings College Hospital,19.83
BR67UY,51.344357,0.113074,South,Princess Royal (PRUH),4.38,Darent Valley,14.29,Princess Royal (PRUH),4.38,Kings College Hospital,19.8
BR67UZ,51.37683,0.099164,South,Princess Royal (PRUH),2.99,Darent Valley,12.83,Princess Royal (PRUH),2.99,Kings College Hospital,16.7
BR67WA,51.362108,0.066285,South,Princess Royal (PRUH),0.58,Darent Valley,15.63,Princess Royal (PRUH),0.58,Kings College Hospital,16.12
BR67WB,51.361982,0.065289,South,Princess Royal (PRUH),0.54,Darent Valley,15.69,Princess Royal (PRUH),0.54,Kings College Hospital,16.08
BR67WD,51.362919,0.065719,South,Princess Royal (PRUH),0.5,Darent Valley,15.61,Princess Royal (PRUH),0.5,Kings College Hospital,16.02
BR67WE,51.364419,0.06682,South,Princess Royal (PRUH),0.49,Darent Valley,15.46,Princess Royal (PRUH),0.49,Kings College Hospital,15.96
BR67WF,51.363428,0.064377,South,Princess Royal (PRUH),0.39,Darent Valley,15.67,Princess Royal (PRUH),0.39,Kings College Hospital,15.92
BR67WG,51.364073,0.065023,South,Princess Royal (PRUH),0.39,Darent Valley,15.59,Princess Royal (PRUH),0.39,Kings College Hospital,15.9
BR67WH,51.362775,0.064175,South,Princess Royal (PRUH),0.43,Darent Valley,15.71,Princess Royal (PRUH),0.43,Kings College Hospital,15.96
BR67WJ,51.37683,0.099164,South,Princess Royal (PRUH),2.99,Darent Valley,12.83,Princess Royal (PRUH),2.99,Kings College Hospital,16.7
BR67WL,51.37683,0.099164,South,Princess Royal (PRUH),2.99,Darent Valley,12.83,Princess Royal (PRUH),2.99,Kings College Hospital,16.7
BR67WN,51.37683,0.099164,South,Princess Royal (PRUH),2.99,Darent Valley,12.83,Princess Royal (PRUH),2.99,Kings College Hospital,16.7
BR67WP,51.37683,0.099164,South,Princess Royal (PRUH),2.99,Darent Valley,12.83,Princess Royal (PRUH),2.99,Kings College Hospital,16.7
BR67WQ,51.37683,0.099164,South,Princess Royal (PRUH),2.99,Darent Valley,12.83,Princess Royal (PRUH),2.99,Kings College Hospital,16.7
BR67WR,51.37683,0.099164,South,Princess Royal (PRUH),2.99,Darent Valley,12.83,Princess Royal (PRUH),2.99,Kings College Hospital,16.7
BR67WS,51.37683,0.099164,South,Princess Royal (PRUH),2.99,Darent Valley,12.83,Princess Royal (PRUH),2.99,Kings College Hospital,16.7
BR67WT,51.37683,0.099164,South,Princess Royal (PRUH),2.99,Darent Valley,12.83,Princess Royal (PRUH),2.99,Kings College Hospital,16.7
BR67WU,51.37683,0.099164,South,Princess Royal (PRUH),2.99,Darent Valley,12.83,Princess Royal (PRUH),2.99,Kings College Hospital,16.7
BR67WW,51.37683,0.099164,South,Princess Royal (PRUH),2.99,Darent Valley,12.83,Princess Royal (PRUH),2.99,Kings College Hospital,16.7
BR67WX,51.37683,0.099164,South,Princess Royal (PRUH),2.99,Darent Valley,12.83,Princess Royal (PRUH),2.99,Kings College Hospital,16.7
BR67WY,51.37683,0.099164,South,Princess Royal (PRUH),2.99,Darent Valley,12.83,Princess Royal (PRUH),2.99,Kings College Hospital,16.7
BR67WZ,51.37683,0.099164,South,Princess Royal (PRUH),2.99,Darent Valley,12.83,Princess Royal (PRUH),2.99,Kings College Hospital,16.7
BR67XA,51.37683,0.099164,South,Princess Royal (PRUH),2.99,Darent Valley,12.83,Princess Royal (PRUH),2.99,Kings College Hospital,16.7
BR67XB,51.37683,0.099164,South,Princess Royal (PRUH),2.99,Darent Valley,12.83,Princess Royal (PRUH),2.99,Kings College Hospital,16.7
BR67XD,51.37683,0.099164,South,Princess Royal (PRUH),2.99,Darent Valley,12.83,Princess Royal (PRUH),2.99,Kings College Hospital,16.7
BR67XE,51.37683,0.099164,South,Princess Royal (PRUH),2.99,Darent Valley,12.83,Princess Royal (PRUH),2.99,Kings College Hospital,16.7
BR67XF,51.37683,0.099164,South,Princess Royal (PRUH),2.99,Darent Valley,12.83,Princess Royal (PRUH),2.99,Kings College Hospital,16.7
BR67XG,51.37683,0.099164,South,Princess Royal (PRUH),2.99,Darent Valley,12.83,Princess Royal (PRUH),2.99,Kings College Hospital,16.7
BR67XH,51.37683,0.099164,South,Princess Royal (PRUH),2.99,Darent Valley,12.83,Princess Royal (PRUH),2.99,Kings College Hospital,16.7
BR67XJ,51.37683,0.099164,South,Princess Royal (PRUH),2.99,Darent Valley,12.83,Princess Royal (PRUH),2.99,Kings College Hospital,16.7
BR67XL,51.37683,0.099164,South,Princess Royal (PRUH),2.99,Darent Valley,12.83,Princess Royal (PRUH),2.99,Kings College Hospital,16.7
BR67XN,51.37683,0.099164,South,Princess Royal (PRUH),2.99,Darent Valley,12.83,Princess Royal (PRUH),2.99,Kings College Hospital,16.7
BR67XP,51.37683,0.099164,South,Princess Royal (PRUH),2.99,Darent Valley,12.83,Princess Royal (PRUH),2.99,Kings College Hospital,16.7
BR67XQ,51.356751,0.082907,South,Princess Royal (PRUH),1.87,Darent Valley,15.0,Princess Royal (PRUH),1.87,Kings College Hospital,17.34
BR67XR,51.37683,0.099164,South,Princess Royal (PRUH),2.99,Darent Valley,12.83,Princess Royal (PRUH),2.99,Kings College Hospital,16.7
BR67XS,51.37683,0.099164,South,Princess Royal (PRUH),2.99,Darent Valley,12.83,Princess Royal (PRUH),2.99,Kings College Hospital,16.7
BR67XT,51.37683,0.099164,South,Princess Royal (PRUH),2.99,Darent Valley,12.83,Princess Royal (PRUH),2.99,Kings College Hospital,16.7
BR67XU,51.37683,0.099164,South,Princess Royal (PRUH),2.99,Darent Valley,12.83,Princess Royal (PRUH),2.99,Kings College Hospital,16.7
BR67XW,51.37683,0.099164,South,Princess Royal (PRUH),2.99,Darent Valley,12.83,Princess Royal (PRUH),2.99,Kings College Hospital,16.7
BR67XX,51.37683,0.099164,South,Princess Royal (PRUH),2.99,Darent Valley,12.83,Princess Royal (PRUH),2.99,Kings College Hospital,16.7
BR67XY,51.37683,0.099164,South,Princess Royal (PRUH),2.99,Darent Valley,12.83,Princess Royal (PRUH),2.99,Kings College Hospital,16.7
BR67XZ,51.37683,0.099164,South,Princess Royal (PRUH),2.99,Darent Valley,12.83,Princess Royal (PRUH),2.99,Kings College Hospital,16.7
BR67YA,51.37683,0.099164,South,Princess Royal (PRUH),2.99,Darent Valley,12.83,Princess Royal (PRUH),2.99,Kings College Hospital,16.7
BR67YB,51.37683,0.099164,South,Princess Royal (PRUH),2.99,Darent Valley,12.83,Princess Royal (PRUH),2.99,Kings College Hospital,16.7
BR67YD,51.37683,0.099164,South,Princess Royal (PRUH),2.99,Darent Valley,12.83,Princess Royal (PRUH),2.99,Kings College Hospital,16.7
BR67YQ,51.37683,0.099164,South,Princess Royal (PRUH),2.99,Darent Valley,12.83,Princess Royal (PRUH),2.99,Kings College Hospital,16.7
BR67YT,51.37683,0.099164,South,Princess Royal (PRUH),2.99,Darent Valley,12.83,Princess Royal (PRUH),2.99,Kings College Hospital,16.7
BR67YY,51.37683,0.099164,South,Princess Royal (PRUH),2.99,Darent Valley,12.83,Princess Royal (PRUH),2.99,Kings College Hospital,16.7
BR67YZ,51.37683,0.099164,South,Princess Royal (PRUH),2.99,Darent Valley,12.83,Princess Royal (PRUH),2.99,Kings College Hospital,16.7
BR67ZA,51.356751,0.082907,South,Princess Royal (PRUH),1.87,Darent Valley,15.0,Princess Royal (PRUH),1.87,Kings College Hospital,17.34
BR67ZJ,51.37683,0.099164,South,Princess Royal (PRUH),2.99,Darent Valley,12.83,Princess Royal (PRUH),2.99,Kings College Hospital,16.7
BR67ZL,51.36274,0.064633,South,Princess Royal (PRUH),0.45,Darent Valley,15.69,Princess Royal (PRUH),0.45,Kings College Hospital,15.99
BR67ZN,51.37683,0.099164,South,Princess Royal (PRUH),2.99,Darent Valley,12.83,Princess Royal (PRUH),2.99,Kings College Hospital,16.7
BR67ZP,51.356751,0.082907,South,Princess Royal (PRUH),1.87,Darent Valley,15.0,Princess Royal (PRUH),1.87,Kings College Hospital,17.34
BR67ZQ,51.37683,0.099164,South,Princess Royal (PRUH),2.99,Darent Valley,12.83,Princess Royal (PRUH),2.99,Kings College Hospital,16.7
BR67ZR,51.356751,0.082907,South,Princess Royal (PRUH),1.87,Darent Valley,15.0,Princess Royal (PRUH),1.87,Kings College Hospital,17.34
BR67ZS,51.356751,0.082907,South,Princess Royal (PRUH),1.87,Darent Valley,15.0,Princess Royal (PRUH),1.87,Kings College Hospital,17.34
BR67ZT,51.356751,0.082907,South,Princess Royal (PRUH),1.87,Darent Valley,15.0,Princess Royal (PRUH),1.87,Kings College Hospital,17.34
BR67ZU,51.37683,0.099164,South,Princess Royal (PRUH),2.99,Darent Valley,12.83,Princess Royal (PRUH),2.99,Kings College Hospital,16.7
BR67ZW,51.37683,0.099164,South,Princess Royal (PRUH),2.99,Darent Valley,12.83,Princess Royal (PRUH),2.99,Kings College Hospital,16.7
BR67ZX,51.37683,0.099164,South,Princess Royal (PRUH),2.99,Darent Valley,12.83,Princess Royal (PRUH),2.99,Kings College Hospital,16.7
BR67ZY,51.37683,0.099164,South,Princess Royal (PRUH),2.99,Darent Valley,12.83,Princess Royal (PRUH),2.99,Kings College Hospital,16.7
BR67ZZ,51.356751,0.082907,South,Princess Royal (PRUH),1.87,Darent Valley,15.0,Princess Royal (PRUH),1.87,Kings College Hospital,17.34
BR68AA,51.371956,0.088079,South,Princess Royal (PRUH),2.07,Darent Valley,13.77,Princess Royal (PRUH),2.07,Kings College Hospital,16.45
BR68AB,51.372422,0.08866,South,Princess Royal (PRUH),2.13,Darent Valley,13.71,Princess Royal (PRUH),2.13,Kings College Hospital,16.44
BR68AD,51.374234,0.088901,South,Princess Royal (PRUH),2.22,Darent Valley,13.59,Princess Royal (PRUH),2.22,Kings College Hospital,16.33
BR68AE,51.372442,0.086046,South,Princess Royal (PRUH),1.96,Darent Valley,13.86,Princess Royal (PRUH),1.96,Kings College Hospital,16.31
BR68AF,51.37288,0.085161,South,Princess Royal (PRUH),1.93,Darent Valley,13.89,Princess Royal (PRUH),1.93,Kings College Hospital,16.23
BR68AG,51.370502,0.079795,South,Princess Royal (PRUH),1.48,Darent Valley,14.34,Princess Royal (PRUH),1.48,Kings College Hospital,16.12
BR68AH,51.371926,0.080146,South,Princess Royal (PRUH),1.57,Darent Valley,14.24,Princess Royal (PRUH),1.57,Kings College Hospital,16.04
BR68AJ,51.371771,0.078717,South,Princess Royal (PRUH),1.47,Darent Valley,14.34,Princess Royal (PRUH),1.47,Kings College Hospital,15.97
BR68AL,51.371355,0.080911,South,Princess Royal (PRUH),1.59,Darent Valley,14.23,Princess Royal (PRUH),1.59,Kings College Hospital,16.12
BR68AN,51.371878,0.077788,South,Princess Royal (PRUH),1.42,Darent Valley,14.39,Princess Royal (PRUH),1.42,Kings College Hospital,15.92
BR68AP,51.372248,0.081267,South,Princess Royal (PRUH),1.65,Darent Valley,14.16,Princess Royal (PRUH),1.65,Kings College Hospital,16.07
BR68AQ,51.371022,0.081945,South,Princess Royal (PRUH),1.64,Darent Valley,14.19,Princess Royal (PRUH),1.64,Kings College Hospital,16.2
BR68AR,51.371796,0.082885,South,Princess Royal (PRUH),1.73,Darent Valley,14.09,Princess Royal (PRUH),1.73,Kings College Hospital,16.19
BR68AS,51.37055,0.078604,South,Princess Royal (PRUH),1.4,Darent Valley,14.41,Princess Royal (PRUH),1.4,Kings College Hospital,16.06
BR68AT,51.369484,0.077881,South,Princess Royal (PRUH),1.31,Darent Valley,14.52,Princess Royal (PRUH),1.31,Kings College Hospital,16.1
BR68AU,51.368939,0.075672,South,Princess Royal (PRUH),1.15,Darent Valley,14.68,Princess Royal (PRUH),1.15,Kings College Hospital,16.03
BR68AW,51.371773,0.077137,South,Princess Royal (PRUH),1.37,Darent Valley,14.43,Princess Royal (PRUH),1.37,Kings College Hospital,15.89
BR68AX,51.36996,0.079425,South,Princess Royal (PRUH),1.43,Darent Valley,14.4,Princess Royal (PRUH),1.43,Kings College Hospital,16.15
BR68AY,51.374268,0.081445,South,Princess Royal (PRUH),1.77,Darent Valley,14.04,Princess Royal (PRUH),1.77,Kings College Hospital,15.93
BR68AZ,51.376234,0.082152,South,Princess Royal (PRUH),1.94,Darent Valley,13.89,Princess Royal (PRUH),1.94,Kings College Hospital,15.83
BR68BA,51.37617,0.082695,South,Princess Royal (PRUH),1.97,Darent Valley,13.86,Princess Royal (PRUH),1.97,Kings College Hospital,15.86
BR68BB,51.374701,0.08089,South,Princess Royal (PRUH),1.77,Darent Valley,14.05,Princess Royal (PRUH),1.77,Kings College Hospital,15.87
BR68BD,51.374862,0.079389,South,Princess Royal (PRUH),1.69,Darent Valley,14.13,Princess Royal (PRUH),1.69,Kings College Hospital,15.78
BR68BE,51.375782,0.079732,South,Princess Royal (PRUH),1.78,Darent Valley,14.06,Princess Royal (PRUH),1.78,Kings College Hospital,15.73
BR68BF,51.378315,0.083453,South,Princess Royal (PRUH),2.16,Darent Valley,13.7,Princess Royal (PRUH),2.16,Kings College Hospital,15.75
BR68BG,51.37542,0.079888,South,Princess Royal (PRUH),1.76,Darent Valley,14.07,Princess Royal (PRUH),1.76,Kings College Hospital,15.77
BR68BH,51.374288,0.078788,South,Princess Royal (PRUH),1.62,Darent Valley,14.2,Princess Royal (PRUH),1.62,Kings College Hospital,15.79
BR68BJ,51.378066,0.083816,South,Princess Royal (PRUH),2.16,Darent Valley,13.69,Princess Royal (PRUH),2.16,Kings College Hospital,15.78
BR68BL,51.377671,0.082749,South,Princess Royal (PRUH),2.07,Darent Valley,13.78,Princess Royal (PRUH),2.07,Kings College Hospital,15.75
BR68BN,51.376619,0.084267,South,Princess Royal (PRUH),2.08,Darent Valley,13.74,Princess Royal (PRUH),2.08,Kings College Hospital,15.91
BR68BP,51.374376,0.083476,South,Princess Royal (PRUH),1.9,Darent Valley,13.91,Princess Royal (PRUH),1.9,Kings College Hospital,16.03
BR68BQ,51.374506,0.079703,South,Princess Royal (PRUH),1.69,Darent Valley,14.13,Princess Royal (PRUH),1.69,Kings College Hospital,15.82
BR68BS,51.374738,0.082817,South,Princess Royal (PRUH),1.88,Darent Valley,13.93,Princess Royal (PRUH),1.88,Kings College Hospital,15.97
BR68BT,51.373675,0.084967,South,Princess Royal (PRUH),1.95,Darent Valley,13.86,Princess Royal (PRUH),1.95,Kings College Hospital,16.16
BR68BU,51.374906,0.084535,South,Princess Royal (PRUH),1.99,Darent Valley,13.82,Princess Royal (PRUH),1.99,Kings College Hospital,16.05
BR68BW,51.376173,0.083557,South,Princess Royal (PRUH),2.01,Darent Valley,13.81,Princess Royal (PRUH),2.01,Kings College Hospital,15.9
BR68BX,51.375315,0.085286,South,Princess Royal (PRUH),2.06,Darent Valley,13.75,Princess Royal (PRUH),2.06,Kings College Hospital,16.06
BR68BY,51.377669,0.079803,South,Princess Royal (PRUH),1.92,Darent Valley,13.96,Princess Royal (PRUH),1.92,Kings College Hospital,15.6
BR68BZ,51.37691,0.078519,South,Princess Royal (PRUH),1.8,Darent Valley,14.08,Princess Royal (PRUH),1.8,Kings College Hospital,15.59
BR68DA,51.377562,0.081321,South,Princess Royal (PRUH),1.99,Darent Valley,13.87,Princess Royal (PRUH),1.99,Kings College Hospital,15.69
BR68DB,51.379228,0.081153,South,Princess Royal (PRUH),2.11,Darent Valley,13.8,Princess Royal (PRUH),2.11,Kings College Hospital,15.56
BR68DD,51.378018,0.081931,South,Princess Royal (PRUH),2.06,Darent Valley,13.81,Princess Royal (PRUH),2.06,Kings College Hospital,15.69
BR68DE,51.376551,0.079968,South,Princess Royal (PRUH),1.85,Darent Valley,14.01,Princess Royal (PRUH),1.85,Kings College Hospital,15.69
BR68DF,51.376707,0.080808,South,Princess Royal (PRUH),1.9,Darent Valley,13.95,Princess Royal (PRUH),1.9,Kings College Hospital,15.72
BR68DG,51.378563,0.08164,South,Princess Royal (PRUH),2.08,Darent Valley,13.8,Princess Royal (PRUH),2.08,Kings College Hospital,15.63
BR68DH,51.377581,0.081725,South,Princess Royal (PRUH),2.01,Darent Valley,13.85,Princess Royal (PRUH),2.01,Kings College Hospital,15.71
BR68DJ,51.376914,0.081349,South,Princess Royal (PRUH),1.94,Darent Valley,13.9,Princess Royal (PRUH),1.94,Kings College Hospital,15.73
BR68DL,51.377856,0.080415,South,Princess Royal (PRUH),1.97,Darent Valley,13.91,Princess Royal (PRUH),1.97,Kings College Hospital,15.62
BR68DN,51.377082,0.078943,South,Princess Royal (PRUH),1.83,Darent Valley,14.04,Princess Royal (PRUH),1.83,Kings College Hospital,15.6
BR68DP,51.377098,0.079562,South,Princess Royal (PRUH),1.87,Darent Valley,14.0,Princess Royal (PRUH),1.87,Kings College Hospital,15.63
BR68DQ,51.378225,0.080403,South,Princess Royal (PRUH),1.99,Darent Valley,13.89,Princess Royal (PRUH),1.99,Kings College Hospital,15.59
BR68DR,51.378094,0.07919,South,Princess Royal (PRUH),1.92,Darent Valley,13.98,Princess Royal (PRUH),1.92,Kings College Hospital,15.54
BR68DS,51.378183,0.081292,South,Princess Royal (PRUH),2.04,Darent Valley,13.84,Princess Royal (PRUH),2.04,Kings College Hospital,15.64
BR68DT,51.379354,0.082653,South,Princess Royal (PRUH),2.19,Darent Valley,13.7,Princess Royal (PRUH),2.19,Kings College Hospital,15.63
BR68DU,51.372098,0.073976,South,Princess Royal (PRUH),1.21,Darent Valley,14.61,Princess Royal (PRUH),1.21,Kings College Hospital,15.71
BR68DW,51.376495,0.079075,South,Princess Royal (PRUH),1.79,Darent Valley,14.06,Princess Royal (PRUH),1.79,Kings College Hospital,15.64
BR68DX,51.369952,0.076882,South,Princess Royal (PRUH),1.27,Darent Valley,14.55,Princess Royal (PRUH),1.27,Kings College Hospital,16.02
BR68DY,51.369989,0.07276,South,Princess Royal (PRUH),1.01,Darent Valley,14.8,Princess Royal (PRUH),1.01,Kings College Hospital,15.81
BR68DZ,51.370266,0.071839,South,Princess Royal (PRUH),0.97,Darent Valley,14.84,Princess Royal (PRUH),0.97,Kings College Hospital,15.74
BR68EA,51.370193,0.073416,South,Princess Royal (PRUH),1.06,Darent Valley,14.75,Princess Royal (PRUH),1.06,Kings College Hospital,15.82
BR68EB,51.370778,0.074376,South,Princess Royal (PRUH),1.15,Darent Valley,14.66,Princess Royal (PRUH),1.15,Kings College Hospital,15.83
BR68ED,51.372112,0.075255,South,Princess Royal (PRUH),1.28,Darent Valley,14.53,Princess Royal (PRUH),1.28,Kings College Hospital,15.77
BR68EE,51.371153,0.077109,South,Princess Royal (PRUH),1.34,Darent Valley,14.47,Princess Royal (PRUH),1.34,Kings College Hospital,15.94
BR68EF,51.37103,0.076428,South,Princess Royal (PRUH),1.29,Darent Valley,14.52,Princess Royal (PRUH),1.29,Kings College Hospital,15.91
BR68EG,51.370523,0.0756,South,Princess Royal (PRUH),1.21,Darent Valley,14.6,Princess Royal (PRUH),1.21,Kings College Hospital,15.91
BR68EH,51.368619,0.073431,South,Princess Royal (PRUH),0.99,Darent Valley,14.83,Princess Royal (PRUH),0.99,Kings College Hospital,15.95
BR68EJ,51.369142,0.072348,South,Princess Royal (PRUH),0.94,Darent Valley,14.87,Princess Royal (PRUH),0.94,Kings College Hospital,15.85
BR68EL,51.36876,0.068495,South,Princess Royal (PRUH),0.69,Darent Valley,15.12,Princess Royal (PRUH),0.69,Kings College Hospital,15.69
BR68EN,51.369706,0.069932,South,Princess Royal (PRUH),0.83,Darent Valley,14.98,Princess Royal (PRUH),0.83,Kings College Hospital,15.69
BR68EP,51.368955,0.066608,South,Princess Royal (PRUH),0.59,Darent Valley,15.22,Princess Royal (PRUH),0.59,Kings College Hospital,15.58
BR68EQ,51.370157,0.075426,South,Princess Royal (PRUH),1.18,Darent Valley,14.63,Princess Royal (PRUH),1.18,Kings College Hospital,15.93
BR68ER,51.365843,0.06358,South,Princess Royal (PRUH),0.25,Darent Valley,15.58,Princess Royal (PRUH),0.25,Kings College Hospital,15.69
BR68ES,51.371095,0.061014,South,Princess Royal (PRUH),0.62,Darent Valley,15.45,Princess Royal (PRUH),0.62,Kings College Hospital,15.14
BR68ET,51.37122,0.059555,South,Princess Royal (PRUH),0.63,Darent Valley,15.54,Princess Royal (PRUH),0.63,Kings College Hospital,15.06
BR68EU,51.371775,0.060686,South,Princess Royal (PRUH),0.69,Darent Valley,15.44,Princess Royal (PRUH),0.69,Kings College Hospital,15.07
BR68EW,51.367905,0.065497,South,Princess Royal (PRUH),0.46,Darent Valley,15.35,Princess Royal (PRUH),0.46,Kings College Hospital,15.61
BR68EX,51.371164,0.065256,South,Princess Royal (PRUH),0.72,Darent Valley,15.19,Princess Royal (PRUH),0.72,Kings College Hospital,15.34
BR68EY,51.369998,0.05996,South,Princess Royal (PRUH),0.49,Darent Valley,15.58,Princess Royal (PRUH),0.49,Kings College Hospital,15.18
BR68EZ,51.369764,0.061041,South,Princess Royal (PRUH),0.47,Darent Valley,15.52,Princess Royal (PRUH),0.47,Kings College Hospital,15.25
BR68FA,51.372627,0.056758,South,Princess Royal (PRUH),0.81,Darent Valley,15.64,Princess Royal (PRUH),0.81,Kings College Hospital,14.81
BR68FB,51.37041,0.061616,South,Princess Royal (PRUH),0.55,Darent Valley,15.45,Princess Royal (PRUH),0.55,Kings College Hospital,15.23
BR68FD,51.373465,0.086668,South,Princess Royal (PRUH),2.05,Darent Valley,13.77,Princess Royal (PRUH),2.05,Kings College Hospital,16.26
BR68HA,51.369729,0.062519,South,Princess Royal (PRUH),0.49,Darent Valley,15.43,Princess Royal (PRUH),0.49,Kings College Hospital,15.32
BR68HB,51.369404,0.062045,South,Princess Royal (PRUH),0.45,Darent Valley,15.48,Princess Royal (PRUH),0.45,Kings College Hospital,15.33
BR68HD,51.368933,0.061219,South,Princess Royal (PRUH),0.38,Darent Valley,15.55,Princess Royal (PRUH),0.38,Kings College Hospital,15.32
BR68HE,51.369086,0.063783,South,Princess Royal (PRUH),0.47,Darent Valley,15.39,Princess Royal (PRUH),0.47,Kings College Hospital,15.44
BR68HF,51.368761,0.063338,South,Princess Royal (PRUH),0.42,Darent Valley,15.43,Princess Royal (PRUH),0.42,Kings College Hospital,15.44
BR68HG,51.369937,0.063477,South,Princess Royal (PRUH),0.54,Darent Valley,15.36,Princess Royal (PRUH),0.54,Kings College Hospital,15.35
BR68HH,51.370483,0.065642,South,Princess Royal (PRUH),0.67,Darent Valley,15.2,Princess Royal (PRUH),0.67,Kings College Hospital,15.42
BR68HJ,51.370392,0.067218,South,Princess Royal (PRUH),0.73,Darent Valley,15.11,Princess Royal (PRUH),0.73,Kings College Hospital,15.5
BR68HL,51.371392,0.067148,South,Princess Royal (PRUH),0.81,Darent Valley,15.06,Princess Royal (PRUH),0.81,Kings College Hospital,15.42
BR68HN,51.371165,0.069308,South,Princess Royal (PRUH),0.89,Darent Valley,14.94,Princess Royal (PRUH),0.89,Kings College Hospital,15.54
BR68HP,51.36983,0.067969,South,Princess Royal (PRUH),0.73,Darent Valley,15.1,Princess Royal (PRUH),0.73,Kings College Hospital,15.58
BR68HQ,51.3694,0.065335,South,Princess Royal (PRUH),0.56,Darent Valley,15.28,Princess Royal (PRUH),0.56,Kings College Hospital,15.49
BR68HR,51.370478,0.068472,South,Princess Royal (PRUH),0.8,Darent Valley,15.03,Princess Royal (PRUH),0.8,Kings College Hospital,15.56
BR68HS,51.37194,0.068696,South,Princess Royal (PRUH),0.93,Darent Valley,14.94,Princess Royal (PRUH),0.93,Kings College Hospital,15.45
BR68HT,51.371207,0.070488,South,Princess Royal (PRUH),0.96,Darent Valley,14.87,Princess Royal (PRUH),0.96,Kings College Hospital,15.6
BR68HU,51.372623,0.081888,South,Princess Royal (PRUH),1.71,Darent Valley,14.1,Princess Royal (PRUH),1.71,Kings College Hospital,16.07
BR68HW,51.371299,0.069874,South,Princess Royal (PRUH),0.93,Darent Valley,14.9,Princess Royal (PRUH),0.93,Kings College Hospital,15.56
BR68HX,51.37273,0.079967,South,Princess Royal (PRUH),1.6,Darent Valley,14.21,Princess Royal (PRUH),1.6,Kings College Hospital,15.97
BR68HY,51.373048,0.081806,South,Princess Royal (PRUH),1.73,Darent Valley,14.08,Princess Royal (PRUH),1.73,Kings College Hospital,16.04
BR68HZ,51.3735,0.078609,South,Princess Royal (PRUH),1.56,Darent Valley,14.25,Princess Royal (PRUH),1.56,Kings College Hospital,15.84
BR68JA,51.373032,0.07761,South,Princess Royal (PRUH),1.48,Darent Valley,14.34,Princess Royal (PRUH),1.48,Kings College Hospital,15.82
BR68JB,51.373105,0.073519,South,Princess Royal (PRUH),1.26,Darent Valley,14.58,Princess Royal (PRUH),1.26,Kings College Hospital,15.61
BR68JD,51.373577,0.074776,South,Princess Royal (PRUH),1.36,Darent Valley,14.48,Princess Royal (PRUH),1.36,Kings College Hospital,15.64
BR68JE,51.372894,0.068121,South,Princess Royal (PRUH),0.99,Darent Valley,14.92,Princess Royal (PRUH),0.99,Kings College Hospital,15.35
BR68JF,51.371221,0.064569,South,Princess Royal (PRUH),0.7,Darent Valley,15.23,Princess Royal (PRUH),0.7,Kings College Hospital,15.31
BR68JG,51.372734,0.066505,South,Princess Royal (PRUH),0.91,Darent Valley,15.03,Princess Royal (PRUH),0.91,Kings College Hospital,15.28
BR68JH,51.372277,0.071499,South,Princess Royal (PRUH),1.09,Darent Valley,14.75,Princess Royal (PRUH),1.09,Kings College Hospital,15.57
BR68JJ,51.371833,0.071206,South,Princess Royal (PRUH),1.04,Darent Valley,14.79,Princess Royal (PRUH),1.04,Kings College Hospital,15.59
BR68JL,51.372139,0.072182,South,Princess Royal (PRUH),1.12,Darent Valley,14.72,Princess Royal (PRUH),1.12,Kings College Hospital,15.61
BR68JN,51.375128,0.065894,South,Princess Royal (PRUH),1.14,Darent Valley,14.95,Princess Royal (PRUH),1.14,Kings College Hospital,15.07
BR68JP,51.373861,0.06838,South,Princess Royal (PRUH),1.09,Darent Valley,14.86,Princess Royal (PRUH),1.09,Kings College Hospital,15.29
BR68JQ,51.371547,0.063951,South,Princess Royal (PRUH),0.72,Darent Valley,15.25,Princess Royal (PRUH),0.72,Kings College Hospital,15.25
BR68JR,51.373884,0.067059,South,Princess Royal (PRUH),1.04,Darent Valley,14.94,Princess Royal (PRUH),1.04,Kings College Hospital,15.22
BR68JS,51.377162,0.065281,South,Princess Royal (PRUH),1.34,Darent Valley,14.89,Princess Royal (PRUH),1.34,Kings College Hospital,14.88
BR68JT,51.375763,0.067101,South,Princess Royal (PRUH),1.23,Darent Valley,14.84,Princess Royal (PRUH),1.23,Kings College Hospital,15.08
BR68JU,51.375988,0.067585,South,Princess Royal (PRUH),1.27,Darent Valley,14.8,Princess Royal (PRUH),1.27,Kings College Hospital,15.09
BR68JW,51.37542,0.066654,South,Princess Royal (PRUH),1.19,Darent Valley,14.89,Princess Royal (PRUH),1.19,Kings College Hospital,15.08
BR68JX,51.375392,0.0698,South,Princess Royal (PRUH),1.28,Darent Valley,14.69,Princess Royal (PRUH),1.28,Kings College Hospital,15.25
BR68JY,51.373009,0.063169,South,Princess Royal (PRUH),0.85,Darent Valley,15.22,Princess Royal (PRUH),0.85,Kings College Hospital,15.1
BR68JZ,51.373222,0.06384,South,Princess Royal (PRUH),0.89,Darent Valley,15.17,Princess Royal (PRUH),0.89,Kings College Hospital,15.11
BR68LA,51.373304,0.064792,South,Princess Royal (PRUH),0.92,Darent Valley,15.11,Princess Royal (PRUH),0.92,Kings College Hospital,15.15
BR68LB,51.373055,0.064608,South,Princess Royal (PRUH),0.89,Darent Valley,15.13,Princess Royal (PRUH),0.89,Kings College Hospital,15.16
BR68LD,51.374406,0.065014,South,Princess Royal (PRUH),1.04,Darent Valley,15.04,Princess Royal (PRUH),1.04,Kings College Hospital,15.08
BR68LE,51.373385,0.066275,South,Princess Royal (PRUH),0.97,Darent Valley,15.01,Princess Royal (PRUH),0.97,Kings College Hospital,15.22
BR68LF,51.374572,0.066329,South,Princess Royal (PRUH),1.09,Darent Valley,14.95,Princess Royal (PRUH),1.09,Kings College Hospital,15.13
BR68LG,51.374645,0.063185,South,Princess Royal (PRUH),1.03,Darent Valley,15.14,Princess Royal (PRUH),1.03,Kings College Hospital,14.97
BR68LH,51.370442,0.057767,South,Princess Royal (PRUH),0.56,Darent Valley,15.69,Princess Royal (PRUH),0.56,Kings College Hospital,15.04
BR68LJ,51.370512,0.051219,South,Princess Royal (PRUH),0.82,Darent Valley,16.09,Princess Royal (PRUH),0.82,Kings College Hospital,14.72
BR68LL,51.370669,0.052993,South,Princess Royal (PRUH),0.74,Darent Valley,15.97,Princess Royal (PRUH),0.74,Kings College Hospital,14.79
BR68LN,51.368959,0.055143,South,Princess Royal (PRUH),0.5,Darent Valley,15.93,Princess Royal (PRUH),0.5,Kings College Hospital,15.03
BR68LP,51.369472,0.054591,South,Princess Royal (PRUH),0.57,Darent Valley,15.93,Princess Royal (PRUH),0.57,Kings College Hospital,14.96
BR68LQ,51.373867,0.061886,South,Princess Royal (PRUH),0.93,Darent Valley,15.26,Princess Royal (PRUH),0.93,Kings College Hospital,14.97
BR68LR,51.370034,0.054344,South,Princess Royal (PRUH),0.63,Darent Valley,15.92,Princess Royal (PRUH),0.63,Kings College Hospital,14.91
BR68LS,51.373278,0.058584,South,Princess Royal (PRUH),0.86,Darent Valley,15.49,Princess Royal (PRUH),0.86,Kings College Hospital,14.85
BR68LT,51.374524,0.059861,South,Princess Royal (PRUH),0.99,Darent Valley,15.35,Princess Royal (PRUH),0.99,Kings College Hospital,14.81
BR68LU,51.372643,0.062478,South,Princess Royal (PRUH),0.8,Darent Valley,15.28,Princess Royal (PRUH),0.8,Kings College Hospital,15.09
BR68LW,51.368706,0.055735,South,Princess Royal (PRUH),0.45,Darent Valley,15.9,Princess Royal (PRUH),0.45,Kings College Hospital,15.08
BR68LX,51.368315,0.052385,South,Princess Royal (PRUH),0.61,Darent Valley,16.13,Princess Royal (PRUH),0.61,Kings College Hospital,14.96
BR68LY,51.372268,0.058251,South,Princess Royal (PRUH),0.75,Darent Valley,15.56,Princess Royal (PRUH),0.75,Kings College Hospital,14.91
BR68LZ,51.372275,0.059401,South,Princess Royal (PRUH),0.74,Darent Valley,15.49,Princess Royal (PRUH),0.74,Kings College Hospital,14.97
BR68NA,51.369638,0.071753,South,Princess Royal (PRUH),0.93,Darent Valley,14.88,Princess Royal (PRUH),0.93,Kings College Hospital,15.78
BR68NB,51.363591,0.057647,South,Princess Royal (PRUH),0.28,Darent Valley,16.06,Princess Royal (PRUH),0.28,Kings College Hospital,15.59
BR68ND,51.366244,0.059174,South,Princess Royal (PRUH),0.09,Darent Valley,15.82,Princess Royal (PRUH),0.09,Kings College Hospital,15.44
BR68NE,51.363967,0.057233,South,Princess Royal (PRUH),0.26,Darent Valley,16.06,Princess Royal (PRUH),0.26,Kings College Hospital,15.54
BR68NF,51.365777,0.05299,South,Princess Royal (PRUH),0.49,Darent Valley,16.22,Princess Royal (PRUH),0.49,Kings College Hospital,15.2
BR68NG,51.364528,0.051425,South,Princess Royal (PRUH),0.61,Darent Valley,16.39,Princess Royal (PRUH),0.61,Kings College Hospital,15.23
BR68NH,51.363028,0.055941,South,Princess Royal (PRUH),0.4,Darent Valley,16.19,Princess Royal (PRUH),0.4,Kings College Hospital,15.56
BR68NJ,51.363871,0.053996,South,Princess Royal (PRUH),0.46,Darent Valley,16.27,Princess Royal (PRUH),0.46,Kings College Hospital,15.4
BR68NL,51.366703,0.054539,South,Princess Royal (PRUH),0.4,Darent Valley,16.08,Princess Royal (PRUH),0.4,Kings College Hospital,15.19
BR68NN,51.367381,0.054857,South,Princess Royal (PRUH),0.41,Darent Valley,16.02,Princess Royal (PRUH),0.41,Kings College Hospital,15.15
BR68NP,51.367436,0.056368,South,Princess Royal (PRUH),0.32,Darent Valley,15.93,Princess Royal (PRUH),0.32,Kings College Hospital,15.22
BR68NQ,51.364208,0.050176,South,Princess Royal (PRUH),0.7,Darent Valley,16.48,Princess Royal (PRUH),0.7,Kings College Hospital,15.2
BR68NR,51.367988,0.057197,South,Princess Royal (PRUH),0.33,Darent Valley,15.85,Princess Royal (PRUH),0.33,Kings College Hospital,15.21
BR68NS,51.363857,0.055834,South,Princess Royal (PRUH),0.35,Darent Valley,16.15,Princess Royal (PRUH),0.35,Kings College Hospital,15.49
BR68NT,51.365351,0.049078,South,Princess Royal (PRUH),0.76,Darent Valley,16.49,Princess Royal (PRUH),0.76,Kings College Hospital,15.05
BR68NU,51.368119,0.058453,South,Princess Royal (PRUH),0.3,Darent Valley,15.77,Princess Royal (PRUH),0.3,Kings College Hospital,15.26
BR68NW,51.368248,0.05672,South,Princess Royal (PRUH),0.37,Darent Valley,15.87,Princess Royal (PRUH),0.37,Kings College Hospital,15.17
BR68NX,51.367279,0.056088,South,Princess Royal (PRUH),0.33,Darent Valley,15.96,Princess Royal (PRUH),0.33,Kings College Hospital,15.21
BR68NY,51.366072,0.056695,South,Princess Royal (PRUH),0.24,Darent Valley,15.98,Princess Royal (PRUH),0.24,Kings College Hospital,15.34
BR68NZ,51.366071,0.055229,South,Princess Royal (PRUH),0.34,Darent Valley,16.07,Princess Royal (PRUH),0.34,Kings College Hospital,15.27
BR68PA,51.379678,0.082136,South,Princess Royal (PRUH),2.19,Darent Valley,13.71,Princess Royal (PRUH),2.19,Kings College Hospital,15.58
BR68PB,51.379334,0.080238,South,Princess Royal (PRUH),2.08,Darent Valley,13.85,Princess Royal (PRUH),2.08,Kings College Hospital,15.5
BR68PD,51.367509,0.071585,South,Princess Royal (PRUH),0.83,Darent Valley,15.0,Princess Royal (PRUH),0.83,Kings College Hospital,15.94
BR68PE,51.368871,0.071345,South,Princess Royal (PRUH),0.87,Darent Valley,14.94,Princess Royal (PRUH),0.87,Kings College Hospital,15.82
BR68PF,51.3681,0.071756,South,Princess Royal (PRUH),0.86,Darent Valley,14.96,Princess Royal (PRUH),0.86,Kings College Hospital,15.9
BR68PG,51.369012,0.070015,South,Princess Royal (PRUH),0.79,Darent Valley,15.02,Princess Royal (PRUH),0.79,Kings College Hospital,15.75
BR68PH,51.368273,0.070097,South,Princess Royal (PRUH),0.76,Darent Valley,15.05,Princess Royal (PRUH),0.76,Kings College Hospital,15.81
BR68PJ,51.364386,0.05797,South,Princess Royal (PRUH),0.2,Darent Valley,16.0,Princess Royal (PRUH),0.2,Kings College Hospital,15.54
BR68PL,51.371376,0.058843,South,Princess Royal (PRUH),0.65,Darent Valley,15.57,Princess Royal (PRUH),0.65,Kings College Hospital,15.01
BR68PN,51.372014,0.067536,South,Princess Royal (PRUH),0.88,Darent Valley,15.01,Princess Royal (PRUH),0.88,Kings College Hospital,15.39
BR68PP,51.371153,0.062339,South,Princess Royal (PRUH),0.64,Darent Valley,15.37,Princess Royal (PRUH),0.64,Kings College Hospital,15.2
BR68PQ,51.364794,0.057284,South,Princess Royal (PRUH),0.21,Darent Valley,16.02,Princess Royal (PRUH),0.21,Kings College Hospital,15.48
BR68PR,51.374438,0.086022,South,Princess Royal (PRUH),2.06,Darent Valley,13.75,Princess Royal (PRUH),2.06,Kings College Hospital,16.16
BR68PS,51.366678,0.052901,South,Princess Royal (PRUH),0.51,Darent Valley,16.18,Princess Royal (PRUH),0.51,Kings College Hospital,15.12
BR68PT,51.373169,0.068881,South,Princess Royal (PRUH),1.04,Darent Valley,14.86,Princess Royal (PRUH),1.04,Kings College Hospital,15.37
BR68PU,51.37683,0.099164,South,Princess Royal (PRUH),2.99,Darent Valley,12.83,Princess Royal (PRUH),2.99,Kings College Hospital,16.7
BR68PW,51.367011,0.054955,South,Princess Royal (PRUH),0.38,Darent Valley,16.04,Princess Royal (PRUH),0.38,Kings College Hospital,15.18
BR68PX,51.370388,0.113338,South,Princess Royal (PRUH),3.74,Darent Valley,12.39,Princess Royal (PRUH),3.74,Kings College Hospital,17.92
BR68PY,51.370388,0.113338,South,Princess Royal (PRUH),3.74,Darent Valley,12.39,Princess Royal (PRUH),3.74,Kings College Hospital,17.92
BR68PZ,51.370388,0.113338,South,Princess Royal (PRUH),3.74,Darent Valley,12.39,Princess Royal (PRUH),3.74,Kings College Hospital,17.92
BR68QA,51.370169,0.062022,South,Princess Royal (PRUH),0.53,Darent Valley,15.44,Princess Royal (PRUH),0.53,Kings College Hospital,15.26
BR68QB,51.379266,0.079516,South,Princess Royal (PRUH),2.04,Darent Valley,13.9,Princess Royal (PRUH),2.04,Kings College Hospital,15.47
BR68QD,51.37051,0.060011,South,Princess Royal (PRUH),0.55,Darent Valley,15.55,Princess Royal (PRUH),0.55,Kings College Hospital,15.14
BR68QE,51.373005,0.087236,South,Princess Royal (PRUH),2.06,Darent Valley,13.76,Princess Royal (PRUH),2.06,Kings College Hospital,16.33
BR68QF,51.376319,0.083435,South,Princess Royal (PRUH),2.02,Darent Valley,13.81,Princess Royal (PRUH),2.02,Kings College Hospital,15.89
BR68QG,51.37683,0.099164,South,Princess Royal (PRUH),2.99,Darent Valley,12.83,Princess Royal (PRUH),2.99,Kings College Hospital,16.7
BR68QH,51.372674,0.086143,South,Princess Royal (PRUH),1.98,Darent Valley,13.84,Princess Royal (PRUH),1.98,Kings College Hospital,16.29
BR68QJ,51.370188,0.061951,South,Princess Royal (PRUH),0.53,Darent Valley,15.44,Princess Royal (PRUH),0.53,Kings College Hospital,15.26
BR68QL,51.370188,0.061951,South,Princess Royal (PRUH),0.53,Darent Valley,15.44,Princess Royal (PRUH),0.53,Kings College Hospital,15.26
BR68QN,51.379091,0.07925,South,Princess Royal (PRUH),2.01,Darent Valley,13.92,Princess Royal (PRUH),2.01,Kings College Hospital,15.47
BR68QP,51.379091,0.07925,South,Princess Royal (PRUH),2.01,Darent Valley,13.92,Princess Royal (PRUH),2.01,Kings College Hospital,15.47
BR68QQ,51.37683,0.099164,South,Princess Royal (PRUH),2.99,Darent Valley,12.83,Princess Royal (PRUH),2.99,Kings College Hospital,16.7
BR68QR,51.379091,0.07925,South,Princess Royal (PRUH),2.01,Darent Valley,13.92,Princess Royal (PRUH),2.01,Kings College Hospital,15.47
BR68QS,51.372674,0.086143,South,Princess Royal (PRUH),1.98,Darent Valley,13.84,Princess Royal (PRUH),1.98,Kings College Hospital,16.29
BR68QT,51.372268,0.071484,South,Princess Royal (PRUH),1.09,Darent Valley,14.75,Princess Royal (PRUH),1.09,Kings College Hospital,15.57
BR68QU,51.372674,0.086143,South,Princess Royal (PRUH),1.98,Darent Valley,13.84,Princess Royal (PRUH),1.98,Kings College Hospital,16.29
BR68QW,51.372674,0.086143,South,Princess Royal (PRUH),1.98,Darent Valley,13.84,Princess Royal (PRUH),1.98,Kings College Hospital,16.29
BR68QX,51.37683,0.099164,South,Princess Royal (PRUH),2.99,Darent Valley,12.83,Princess Royal (PRUH),2.99,Kings College Hospital,16.7
BR68QY,51.37683,0.099164,South,Princess Royal (PRUH),2.99,Darent Valley,12.83,Princess Royal (PRUH),2.99,Kings College Hospital,16.7
BR68QZ,51.37683,0.099164,South,Princess Royal (PRUH),2.99,Darent Valley,12.83,Princess Royal (PRUH),2.99,Kings College Hospital,16.7
BR68RA,51.378129,0.082784,South,Princess Royal (PRUH),2.11,Darent Valley,13.75,Princess Royal (PRUH),2.11,Kings College Hospital,15.72
BR68RE,51.365071,0.055817,South,Princess Royal (PRUH),0.3,Darent Valley,16.09,Princess Royal (PRUH),0.3,Kings College Hospital,15.38
BR68SA,51.379091,0.07925,South,Princess Royal (PRUH),2.01,Darent Valley,13.92,Princess Royal (PRUH),2.01,Kings College Hospital,15.47
BR68SB,51.379091,0.07925,South,Princess Royal (PRUH),2.01,Darent Valley,13.92,Princess Royal (PRUH),2.01,Kings College Hospital,15.47
BR68SF,51.37683,0.099164,South,Princess Royal (PRUH),2.99,Darent Valley,12.83,Princess Royal (PRUH),2.99,Kings College Hospital,16.7
BR68SG,51.37683,0.099164,South,Princess Royal (PRUH),2.99,Darent Valley,12.83,Princess Royal (PRUH),2.99,Kings College Hospital,16.7
BR68UA,51.372268,0.071484,South,Princess Royal (PRUH),1.09,Darent Valley,14.75,Princess Royal (PRUH),1.09,Kings College Hospital,15.57
BR68UB,51.372268,0.071484,South,Princess Royal (PRUH),1.09,Darent Valley,14.75,Princess Royal (PRUH),1.09,Kings College Hospital,15.57
BR68UD,51.372268,0.071484,South,Princess Royal (PRUH),1.09,Darent Valley,14.75,Princess Royal (PRUH),1.09,Kings College Hospital,15.57
BR68UE,51.372268,0.071484,South,Princess Royal (PRUH),1.09,Darent Valley,14.75,Princess Royal (PRUH),1.09,Kings College Hospital,15.57
BR68UF,51.37683,0.099164,South,Princess Royal (PRUH),2.99,Darent Valley,12.83,Princess Royal (PRUH),2.99,Kings College Hospital,16.7
BR68UG,51.372277,0.071499,South,Princess Royal (PRUH),1.09,Darent Valley,14.75,Princess Royal (PRUH),1.09,Kings College Hospital,15.57
BR68UH,51.372277,0.071499,South,Princess Royal (PRUH),1.09,Darent Valley,14.75,Princess Royal (PRUH),1.09,Kings College Hospital,15.57
BR68UJ,51.37683,0.099164,South,Princess Royal (PRUH),2.99,Darent Valley,12.83,Princess Royal (PRUH),2.99,Kings College Hospital,16.7
BR68UL,51.37683,0.099164,South,Princess Royal (PRUH),2.99,Darent Valley,12.83,Princess Royal (PRUH),2.99,Kings College Hospital,16.7
BR68WA,51.37683,0.099164,South,Princess Royal (PRUH),2.99,Darent Valley,12.83,Princess Royal (PRUH),2.99,Kings College Hospital,16.7
BR68WB,51.37683,0.099164,South,Princess Royal (PRUH),2.99,Darent Valley,12.83,Princess Royal (PRUH),2.99,Kings College Hospital,16.7
BR68WD,51.37683,0.099164,South,Princess Royal (PRUH),2.99,Darent Valley,12.83,Princess Royal (PRUH),2.99,Kings College Hospital,16.7
BR68WJ,51.37683,0.099164,South,Princess Royal (PRUH),2.99,Darent Valley,12.83,Princess Royal (PRUH),2.99,Kings College Hospital,16.7
BR68WP,51.37683,0.099164,South,Princess Royal (PRUH),2.99,Darent Valley,12.83,Princess Royal (PRUH),2.99,Kings College Hospital,16.7
BR68WQ,51.37683,0.099164,South,Princess Royal (PRUH),2.99,Darent Valley,12.83,Princess Royal (PRUH),2.99,Kings College Hospital,16.7
BR68WR,51.37683,0.099164,South,Princess Royal (PRUH),2.99,Darent Valley,12.83,Princess Royal (PRUH),2.99,Kings College Hospital,16.7
BR68WS,51.37683,0.099164,South,Princess Royal (PRUH),2.99,Darent Valley,12.83,Princess Royal (PRUH),2.99,Kings College Hospital,16.7
BR68WT,51.37683,0.099164,South,Princess Royal (PRUH),2.99,Darent Valley,12.83,Princess Royal (PRUH),2.99,Kings College Hospital,16.7
BR68WU,51.37683,0.099164,South,Princess Royal (PRUH),2.99,Darent Valley,12.83,Princess Royal (PRUH),2.99,Kings College Hospital,16.7
BR68WW,51.37683,0.099164,South,Princess Royal (PRUH),2.99,Darent Valley,12.83,Princess Royal (PRUH),2.99,Kings College Hospital,16.7
BR68WX,51.37683,0.099164,South,Princess Royal (PRUH),2.99,Darent Valley,12.83,Princess Royal (PRUH),2.99,Kings College Hospital,16.7
BR68WY,51.37683,0.099164,South,Princess Royal (PRUH),2.99,Darent Valley,12.83,Princess Royal (PRUH),2.99,Kings College Hospital,16.7
BR68WZ,51.37683,0.099164,South,Princess Royal (PRUH),2.99,Darent Valley,12.83,Princess Royal (PRUH),2.99,Kings College Hospital,16.7
BR68XT,51.37683,0.099164,South,Princess Royal (PRUH),2.99,Darent Valley,12.83,Princess Royal (PRUH),2.99,Kings College Hospital,16.7
BR68YA,51.37683,0.099164,South,Princess Royal (PRUH),2.99,Darent Valley,12.83,Princess Royal (PRUH),2.99,Kings College Hospital,16.7
BR68YQ,51.37683,0.099164,South,Princess Royal (PRUH),2.99,Darent Valley,12.83,Princess Royal (PRUH),2.99,Kings College Hospital,16.7
BR68YT,51.37683,0.099164,South,Princess Royal (PRUH),2.99,Darent Valley,12.83,Princess Royal (PRUH),2.99,Kings College Hospital,16.7
BR68YW,51.37683,0.099164,South,Princess Royal (PRUH),2.99,Darent Valley,12.83,Princess Royal (PRUH),2.99,Kings College Hospital,16.7
BR68YX,51.37683,0.099164,South,Princess Royal (PRUH),2.99,Darent Valley,12.83,Princess Royal (PRUH),2.99,Kings College Hospital,16.7
BR68YZ,51.37683,0.099164,South,Princess Royal (PRUH),2.99,Darent Valley,12.83,Princess Royal (PRUH),2.99,Kings College Hospital,16.7
BR68ZA,51.37683,0.099164,South,Princess Royal (PRUH),2.99,Darent Valley,12.83,Princess Royal (PRUH),2.99,Kings College Hospital,16.7
BR68ZB,51.37683,0.099164,South,Princess Royal (PRUH),2.99,Darent Valley,12.83,Princess Royal (PRUH),2.99,Kings College Hospital,16.7
BR68ZD,51.37683,0.099164,South,Princess Royal (PRUH),2.99,Darent Valley,12.83,Princess Royal (PRUH),2.99,Kings College Hospital,16.7
BR68ZE,51.37683,0.099164,South,Princess Royal (PRUH),2.99,Darent Valley,12.83,Princess Royal (PRUH),2.99,Kings College Hospital,16.7
BR68ZF,51.37683,0.099164,South,Princess Royal (PRUH),2.99,Darent Valley,12.83,Princess Royal (PRUH),2.99,Kings College Hospital,16.7
BR68ZG,51.372674,0.086143,South,Princess Royal (PRUH),1.98,Darent Valley,13.84,Princess Royal (PRUH),1.98,Kings College Hospital,16.29
BR68ZH,51.37683,0.099164,South,Princess Royal (PRUH),2.99,Darent Valley,12.83,Princess Royal (PRUH),2.99,Kings College Hospital,16.7
BR68ZJ,51.372277,0.071499,South,Princess Royal (PRUH),1.09,Darent Valley,14.75,Princess Royal (PRUH),1.09,Kings College Hospital,15.57
BR68ZL,51.37683,0.099164,South,Princess Royal (PRUH),2.99,Darent Valley,12.83,Princess Royal (PRUH),2.99,Kings College Hospital,16.7
BR68ZN,51.372277,0.071499,South,Princess Royal (PRUH),1.09,Darent Valley,14.75,Princess Royal (PRUH),1.09,Kings College Hospital,15.57
BR68ZP,51.372674,0.086143,South,Princess Royal (PRUH),1.98,Darent Valley,13.84,Princess Royal (PRUH),1.98,Kings College Hospital,16.29
BR68ZQ,51.37683,0.099164,South,Princess Royal (PRUH),2.99,Darent Valley,12.83,Princess Royal (PRUH),2.99,Kings College Hospital,16.7
BR68ZR,51.372277,0.071499,South,Princess Royal (PRUH),1.09,Darent Valley,14.75,Princess Royal (PRUH),1.09,Kings College Hospital,15.57
BR68ZS,51.372277,0.071499,South,Princess Royal (PRUH),1.09,Darent Valley,14.75,Princess Royal (PRUH),1.09,Kings College Hospital,15.57
BR68ZT,51.372277,0.071499,South,Princess Royal (PRUH),1.09,Darent Valley,14.75,Princess Royal (PRUH),1.09,Kings College Hospital,15.57
BR68ZU,51.372277,0.071499,South,Princess Royal (PRUH),1.09,Darent Valley,14.75,Princess Royal (PRUH),1.09,Kings College Hospital,15.57
BR68ZW,51.37683,0.099164,South,Princess Royal (PRUH),2.99,Darent Valley,12.83,Princess Royal (PRUH),2.99,Kings College Hospital,16.7
BR68ZX,51.372277,0.071499,South,Princess Royal (PRUH),1.09,Darent Valley,14.75,Princess Royal (PRUH),1.09,Kings College Hospital,15.57
BR68ZY,51.372277,0.071499,South,Princess Royal (PRUH),1.09,Darent Valley,14.75,Princess Royal (PRUH),1.09,Kings College Hospital,15.57
BR68ZZ,51.37683,0.099164,South,Princess Royal (PRUH),2.99,Darent Valley,12.83,Princess Royal (PRUH),2.99,Kings College Hospital,16.7
BR69AA,51.37211,0.101089,South,Princess Royal (PRUH),2.94,Darent Valley,12.99,Princess Royal (PRUH),2.94,Kings College Hospital,17.13
BR69AB,51.371918,0.100232,South,Princess Royal (PRUH),2.88,Darent Valley,13.05,Princess Royal (PRUH),2.88,Kings College Hospital,17.1
BR69AD,51.371166,0.105083,South,Princess Royal (PRUH),3.19,Darent Valley,12.82,Princess Royal (PRUH),3.19,Kings College Hospital,17.41
BR69AE,51.371137,0.103688,South,Princess Royal (PRUH),3.09,Darent Valley,12.9,Princess Royal (PRUH),3.09,Kings College Hospital,17.34
BR69AF,51.370223,0.107482,South,Princess Royal (PRUH),3.34,Darent Valley,12.74,Princess Royal (PRUH),3.34,Kings College Hospital,17.61
BR69AG,51.369741,0.106325,South,Princess Royal (PRUH),3.25,Darent Valley,12.83,Princess Royal (PRUH),3.25,Kings College Hospital,17.58
BR69AH,51.369509,0.108211,South,Princess Royal (PRUH),3.37,Darent Valley,12.74,Princess Royal (PRUH),3.37,Kings College Hospital,17.7
BR69AJ,51.369328,0.106234,South,Princess Royal (PRUH),3.24,Darent Valley,12.87,Princess Royal (PRUH),3.24,Kings College Hospital,17.6
BR69AL,51.370255,0.103217,South,Princess Royal (PRUH),3.04,Darent Valley,12.98,Princess Royal (PRUH),3.04,Kings College Hospital,17.38
BR69AN,51.371321,0.099946,South,Princess Royal (PRUH),2.85,Darent Valley,13.1,Princess Royal (PRUH),2.85,Kings College Hospital,17.12
BR69AP,51.372066,0.095483,South,Princess Royal (PRUH),2.57,Darent Valley,13.32,Princess Royal (PRUH),2.57,Kings College Hospital,16.83
BR69AQ,51.370616,0.103133,South,Princess Royal (PRUH),3.05,Darent Valley,12.96,Princess Royal (PRUH),3.05,Kings College Hospital,17.35
BR69AR,51.371422,0.094822,South,Princess Royal (PRUH),2.5,Darent Valley,13.4,Princess Royal (PRUH),2.5,Kings College Hospital,16.84
BR69AS,51.37084,0.09468,South,Princess Royal (PRUH),2.48,Darent Valley,13.44,Princess Royal (PRUH),2.48,Kings College Hospital,16.88
BR69AT,51.36898,0.112095,South,Princess Royal (PRUH),3.64,Darent Valley,12.56,Princess Royal (PRUH),3.64,Kings College Hospital,17.95
BR69AU,51.37683,0.099164,South,Princess Royal (PRUH),2.99,Darent Valley,12.83,Princess Royal (PRUH),2.99,Kings College Hospital,16.7
BR69AW,51.371008,0.099846,South,Princess Royal (PRUH),2.83,Darent Valley,13.13,Princess Royal (PRUH),2.83,Kings College Hospital,17.14
BR69AX,51.371836,0.110818,South,Princess Royal (PRUH),3.6,Darent Valley,12.45,Princess Royal (PRUH),3.6,Kings College Hospital,17.68
BR69AY,51.371343,0.112735,South,Princess Royal (PRUH),3.72,Darent Valley,12.37,Princess Royal (PRUH),3.72,Kings College Hospital,17.82
BR69AZ,51.370371,0.115276,South,Princess Royal (PRUH),3.87,Darent Valley,12.29,Princess Royal (PRUH),3.87,Kings College Hospital,18.03
BR69BA,51.369801,0.115954,South,Princess Royal (PRUH),3.91,Darent Valley,12.29,Princess Royal (PRUH),3.91,Kings College Hospital,18.1
BR69BB,51.369484,0.120537,South,Princess Royal (PRUH),4.22,Darent Valley,12.05,Princess Royal (PRUH),4.22,Kings College Hospital,18.38
BR69BD,51.369832,0.121185,South,Princess Royal (PRUH),4.27,Darent Valley,11.99,Princess Royal (PRUH),4.27,Kings College Hospital,18.39
BR69BE,51.369845,0.119965,South,Princess Royal (PRUH),4.19,Darent Valley,12.06,Princess Royal (PRUH),4.19,Kings College Hospital,18.32
BR69BF,51.364589,0.108761,South,Princess Royal (PRUH),3.39,Darent Valley,13.03,Princess Royal (PRUH),3.39,Kings College Hospital,18.07
BR69BG,51.372078,0.113358,South,Princess Royal (PRUH),3.77,Darent Valley,12.29,Princess Royal (PRUH),3.77,Kings College Hospital,17.81
BR69BH,51.372835,0.116223,South,Princess Royal (PRUH),3.98,Darent Valley,12.07,Princess Royal (PRUH),3.98,Kings College Hospital,17.92
BR69BJ,51.371741,0.114607,South,Princess Royal (PRUH),3.85,Darent Valley,12.24,Princess Royal (PRUH),3.85,Kings College Hospital,17.9
BR69BL,51.370975,0.112186,South,Princess Royal (PRUH),3.67,Darent Valley,12.42,Princess Royal (PRUH),3.67,Kings College Hospital,17.82
BR69BN,51.370344,0.11177,South,Princess Royal (PRUH),3.63,Darent Valley,12.49,Princess Royal (PRUH),3.63,Kings College Hospital,17.84
BR69BP,51.370937,0.110791,South,Princess Royal (PRUH),3.58,Darent Valley,12.5,Princess Royal (PRUH),3.58,Kings College Hospital,17.74
BR69BQ,51.372419,0.114882,South,Princess Royal (PRUH),3.88,Darent Valley,12.18,Princess Royal (PRUH),3.88,Kings College Hospital,17.87
BR69BS,51.368539,0.120106,South,Princess Royal (PRUH),4.19,Darent Valley,12.14,Princess Royal (PRUH),4.19,Kings College Hospital,18.42
BR69BT,51.363464,0.112315,South,Princess Royal (PRUH),3.64,Darent Valley,12.91,Princess Royal (PRUH),3.64,Kings College Hospital,18.34
BR69BU,51.362985,0.112408,South,Princess Royal (PRUH),3.65,Darent Valley,12.94,Princess Royal (PRUH),3.65,Kings College Hospital,18.38
BR69BW,51.369863,0.1135,South,Princess Royal (PRUH),3.74,Darent Valley,12.42,Princess Royal (PRUH),3.74,Kings College Hospital,17.96
BR69BX,51.361656,0.115794,South,Princess Royal (PRUH),3.9,Darent Valley,12.85,Princess Royal (PRUH),3.9,Kings College Hospital,18.66
BR69BY,51.369962,0.110028,South,Princess Royal (PRUH),3.51,Darent Valley,12.61,Princess Royal (PRUH),3.51,Kings College Hospital,17.77
BR69BZ,51.366105,0.110468,South,Princess Royal (PRUH),3.5,Darent Valley,12.84,Princess Royal (PRUH),3.5,Kings College Hospital,18.06
BR69DA,51.36439,0.110806,South,Princess Royal (PRUH),3.53,Darent Valley,12.93,Princess Royal (PRUH),3.53,Kings College Hospital,18.2
BR69DB,51.37683,0.099164,South,Princess Royal (PRUH),2.99,Darent Valley,12.83,Princess Royal (PRUH),2.99,Kings College Hospital,16.7
BR69DD,51.36415,0.110177,South,Princess Royal (PRUH),3.49,Darent Valley,12.98,Princess Royal (PRUH),3.49,Kings College Hospital,18.18
BR69DE,51.366439,0.109406,South,Princess Royal (PRUH),3.43,Darent Valley,12.87,Princess Royal (PRUH),3.43,Kings College Hospital,17.98
BR69DF,51.369367,0.109067,South,Princess Royal (PRUH),3.43,Darent Valley,12.7,Princess Royal (PRUH),3.43,Kings College Hospital,17.75
BR69DG,51.361746,0.113787,South,Princess Royal (PRUH),3.76,Darent Valley,12.95,Princess Royal (PRUH),3.76,Kings College Hospital,18.54
BR69DH,51.364688,0.113247,South,Princess Royal (PRUH),3.7,Darent Valley,12.78,Princess Royal (PRUH),3.7,Kings College Hospital,18.31
BR69DJ,51.359915,0.111103,South,Princess Royal (PRUH),3.6,Darent Valley,13.23,Princess Royal (PRUH),3.6,Kings College Hospital,18.53
BR69DL,51.362588,0.111513,South,Princess Royal (PRUH),3.59,Darent Valley,13.02,Princess Royal (PRUH),3.59,Kings College Hospital,18.36
BR69DN,51.358058,0.106867,South,Princess Royal (PRUH),3.36,Darent Valley,13.59,Princess Royal (PRUH),3.36,Kings College Hospital,18.45
BR69DP,51.362528,0.11085,South,Princess Royal (PRUH),3.55,Darent Valley,13.06,Princess Royal (PRUH),3.55,Kings College Hospital,18.33
BR69DQ,51.359244,0.111417,South,Princess Royal (PRUH),3.64,Darent Valley,13.26,Princess Royal (PRUH),3.64,Kings College Hospital,18.6
BR69DR,51.369242,0.099032,South,Princess Royal (PRUH),2.74,Darent Valley,13.28,Princess Royal (PRUH),2.74,Kings College Hospital,17.22
BR69DS,51.368459,0.099557,South,Princess Royal (PRUH),2.76,Darent Valley,13.3,Princess Royal (PRUH),2.76,Kings College Hospital,17.31
BR69DT,51.365417,0.10821,South,Princess Royal (PRUH),3.35,Darent Valley,13.01,Princess Royal (PRUH),3.35,Kings College Hospital,17.98
BR69DU,51.366551,0.102156,South,Princess Royal (PRUH),2.93,Darent Valley,13.27,Princess Royal (PRUH),2.93,Kings College Hospital,17.58
BR69DW,51.358108,0.107587,South,Princess Royal (PRUH),3.41,Darent Valley,13.54,Princess Royal (PRUH),3.41,Kings College Hospital,18.48
BR69DX,51.366635,0.107504,South,Princess Royal (PRUH),3.3,Darent Valley,12.97,Princess Royal (PRUH),3.3,Kings College Hospital,17.86
BR69DY,51.365969,0.104012,South,Princess Royal (PRUH),3.06,Darent Valley,13.21,Princess Royal (PRUH),3.06,Kings College Hospital,17.72
BR69DZ,51.365047,0.108308,South,Princess Royal (PRUH),3.35,Darent Valley,13.03,Princess Royal (PRUH),3.35,Kings College Hospital,18.02
BR69EA,51.364919,0.105903,South,Princess Royal (PRUH),3.19,Darent Valley,13.17,Princess Royal (PRUH),3.19,Kings College Hospital,17.9
BR69EB,51.366046,0.107736,South,Princess Royal (PRUH),3.31,Darent Valley,12.99,Princess Royal (PRUH),3.31,Kings College Hospital,17.91
BR69ED,51.368408,0.106925,South,Princess Royal (PRUH),3.27,Darent Valley,12.89,Princess Royal (PRUH),3.27,Kings College Hospital,17.71
BR69EE,51.367743,0.107383,South,Princess Royal (PRUH),3.3,Darent Valley,12.9,Princess Royal (PRUH),3.3,Kings College Hospital,17.78
BR69EF,51.369103,0.103782,South,Princess Royal (PRUH),3.06,Darent Valley,13.02,Princess Royal (PRUH),3.06,Kings College Hospital,17.49
BR69EG,51.369778,0.102721,South,Princess Royal (PRUH),3.0,Darent Valley,13.04,Princess Royal (PRUH),3.0,Kings College Hospital,17.38
BR69EH,51.369881,0.099507,South,Princess Royal (PRUH),2.78,Darent Valley,13.22,Princess Royal (PRUH),2.78,Kings College Hospital,17.2
BR69EJ,51.367838,0.099083,South,Princess Royal (PRUH),2.72,Darent Valley,13.37,Princess Royal (PRUH),2.72,Kings College Hospital,17.33
BR69EL,51.367781,0.098247,South,Princess Royal (PRUH),2.67,Darent Valley,13.42,Princess Royal (PRUH),2.67,Kings College Hospital,17.29
BR69EN,51.365685,0.101786,South,Princess Royal (PRUH),2.9,Darent Valley,13.35,Princess Royal (PRUH),2.9,Kings College Hospital,17.62
BR69EP,51.364099,0.105018,South,Princess Royal (PRUH),3.13,Darent Valley,13.27,Princess Royal (PRUH),3.13,Kings College Hospital,17.91
BR69EQ,51.370589,0.099123,South,Princess Royal (PRUH),2.77,Darent Valley,13.2,Princess Royal (PRUH),2.77,Kings College Hospital,17.13
BR69ER,51.363666,0.105587,South,Princess Royal (PRUH),3.17,Darent Valley,13.27,Princess Royal (PRUH),3.17,Kings College Hospital,17.97
BR69ES,51.362474,0.112356,South,Princess Royal (PRUH),3.65,Darent Valley,12.98,Princess Royal (PRUH),3.65,Kings College Hospital,18.42
BR69ET,51.364217,0.108945,South,Princess Royal (PRUH),3.4,Darent Valley,13.05,Princess Royal (PRUH),3.4,Kings College Hospital,18.11
BR69EU,51.363685,0.110041,South,Princess Royal (PRUH),3.48,Darent Valley,13.02,Princess Royal (PRUH),3.48,Kings College Hospital,18.21
BR69EW,51.365526,0.101147,South,Princess Royal (PRUH),2.86,Darent Valley,13.4,Princess Royal (PRUH),2.86,Kings College Hospital,17.6
BR69EX,51.364916,0.103547,South,Princess Royal (PRUH),3.02,Darent Valley,13.3,Princess Royal (PRUH),3.02,Kings College Hospital,17.77
BR69EY,51.363389,0.101968,South,Princess Royal (PRUH),2.92,Darent Valley,13.49,Princess Royal (PRUH),2.92,Kings College Hospital,17.8
BR69EZ,51.363251,0.102652,South,Princess Royal (PRUH),2.97,Darent Valley,13.46,Princess Royal (PRUH),2.97,Kings College Hospital,17.85
BR69FA,51.37003,0.085104,South,Princess Royal (PRUH),1.81,Darent Valley,14.05,Princess Royal (PRUH),1.81,Kings College Hospital,16.43
BR69FB,51.367398,0.111059,South,Princess Royal (PRUH),3.55,Darent Valley,12.72,Princess Royal (PRUH),3.55,Kings College Hospital,18.0
BR69FD,51.364626,0.095144,South,Princess Royal (PRUH),2.44,Darent Valley,13.8,Princess Royal (PRUH),2.44,Kings College Hospital,17.35
BR69HA,51.362567,0.107691,South,Princess Royal (PRUH),3.33,Darent Valley,13.23,Princess Royal (PRUH),3.33,Kings College Hospital,18.16
BR69HB,51.362487,0.107127,South,Princess Royal (PRUH),3.29,Darent Valley,13.27,Princess Royal (PRUH),3.29,Kings College Hospital,18.14
BR69HD,51.361175,0.105588,South,Princess Royal (PRUH),3.2,Darent Valley,13.44,Princess Royal (PRUH),3.2,Kings College Hospital,18.15
BR69HE,51.360821,0.105729,South,Princess Royal (PRUH),3.22,Darent Valley,13.46,Princess Royal (PRUH),3.22,Kings College Hospital,18.18
BR69HF,51.361033,0.110479,South,Princess Royal (PRUH),3.54,Darent Valley,13.18,Princess Royal (PRUH),3.54,Kings College Hospital,18.42
BR69HG,51.362569,0.109573,South,Princess Royal (PRUH),3.46,Darent Valley,13.13,Princess Royal (PRUH),3.46,Kings College Hospital,18.26
BR69HH,51.361364,0.110552,South,Princess Royal (PRUH),3.54,Darent Valley,13.16,Princess Royal (PRUH),3.54,Kings College Hospital,18.4
BR69HJ,51.366493,0.098361,South,Princess Royal (PRUH),2.67,Darent Valley,13.49,Princess Royal (PRUH),2.67,Kings College Hospital,17.38
BR69HL,51.366243,0.09878,South,Princess Royal (PRUH),2.69,Darent Valley,13.49,Princess Royal (PRUH),2.69,Kings College Hospital,17.42
BR69HN,51.364389,0.100879,South,Princess Royal (PRUH),2.84,Darent Valley,13.49,Princess Royal (PRUH),2.84,Kings College Hospital,17.67
BR69HP,51.367441,0.097169,South,Princess Royal (PRUH),2.59,Darent Valley,13.5,Princess Royal (PRUH),2.59,Kings College Hospital,17.25
BR69HQ,51.362589,0.108971,South,Princess Royal (PRUH),3.42,Darent Valley,13.16,Princess Royal (PRUH),3.42,Kings College Hospital,18.23
BR69HR,51.366711,0.096748,South,Princess Royal (PRUH),2.55,Darent Valley,13.57,Princess Royal (PRUH),2.55,Kings College Hospital,17.28
BR69HS,51.36613,0.096534,South,Princess Royal (PRUH),2.54,Darent Valley,13.62,Princess Royal (PRUH),2.54,Kings College Hospital,17.32
BR69HT,51.364127,0.098899,South,Princess Royal (PRUH),2.71,Darent Valley,13.62,Princess Royal (PRUH),2.71,Kings College Hospital,17.59
BR69HU,51.36426,0.098029,South,Princess Royal (PRUH),2.64,Darent Valley,13.66,Princess Royal (PRUH),2.64,Kings College Hospital,17.53
BR69HW,51.364535,0.100254,South,Princess Royal (PRUH),2.8,Darent Valley,13.51,Princess Royal (PRUH),2.8,Kings College Hospital,17.63
BR69HX,51.362158,0.100418,South,Princess Royal (PRUH),2.83,Darent Valley,13.66,Princess Royal (PRUH),2.83,Kings College Hospital,17.81
BR69HY,51.361818,0.101825,South,Princess Royal (PRUH),2.93,Darent Valley,13.6,Princess Royal (PRUH),2.93,Kings College Hospital,17.91
BR69HZ,51.359891,0.10494,South,Princess Royal (PRUH),3.18,Darent Valley,13.56,Princess Royal (PRUH),3.18,Kings College Hospital,18.21
BR69JA,51.360536,0.103088,South,Princess Royal (PRUH),3.04,Darent Valley,13.62,Princess Royal (PRUH),3.04,Kings College Hospital,18.07
BR69JB,51.35923,0.105211,South,Princess Royal (PRUH),3.22,Darent Valley,13.59,Princess Royal (PRUH),3.22,Kings College Hospital,18.27
BR69JD,51.359325,0.107428,South,Princess Royal (PRUH),3.37,Darent Valley,13.47,Princess Royal (PRUH),3.37,Kings College Hospital,18.38
BR69JE,51.35879,0.10815,South,Princess Royal (PRUH),3.43,Darent Valley,13.47,Princess Royal (PRUH),3.43,Kings College Hospital,18.46
BR69JF,51.360264,0.106738,South,Princess Royal (PRUH),3.3,Darent Valley,13.44,Princess Royal (PRUH),3.3,Kings College Hospital,18.28
BR69JG,51.359945,0.10793,South,Princess Royal (PRUH),3.39,Darent Valley,13.4,Princess Royal (PRUH),3.39,Kings College Hospital,18.36
BR69JH,51.371261,0.097271,South,Princess Royal (PRUH),2.66,Darent Valley,13.26,Princess Royal (PRUH),2.66,Kings College Hospital,16.99
BR69JJ,51.371831,0.096565,South,Princess Royal (PRUH),2.63,Darent Valley,13.27,Princess Royal (PRUH),2.63,Kings College Hospital,16.91
BR69JL,51.37012,0.096228,South,Princess Royal (PRUH),2.56,Darent Valley,13.39,Princess Royal (PRUH),2.56,Kings College Hospital,17.01
BR69JN,51.368623,0.096418,South,Princess Royal (PRUH),2.55,Darent Valley,13.47,Princess Royal (PRUH),2.55,Kings College Hospital,17.13
BR69JP,51.370697,0.09611,South,Princess Royal (PRUH),2.57,Darent Valley,13.37,Princess Royal (PRUH),2.57,Kings College Hospital,16.96
BR69JQ,51.359349,0.109612,South,Princess Royal (PRUH),3.51,Darent Valley,13.35,Princess Royal (PRUH),3.51,Kings College Hospital,18.5
BR69JR,51.369869,0.096159,South,Princess Royal (PRUH),2.55,Darent Valley,13.41,Princess Royal (PRUH),2.55,Kings College Hospital,17.03
BR69JS,51.368027,0.094552,South,Princess Royal (PRUH),2.41,Darent Valley,13.62,Princess Royal (PRUH),2.41,Kings College Hospital,17.07
BR69JT,51.366273,0.09157,South,Princess Royal (PRUH),2.19,Darent Valley,13.9,Princess Royal (PRUH),2.19,Kings College Hospital,17.05
BR69JU,51.362503,0.095177,South,Princess Royal (PRUH),2.47,Darent Valley,13.93,Princess Royal (PRUH),2.47,Kings College Hospital,17.51
BR69JW,51.366816,0.095373,South,Princess Royal (PRUH),2.46,Darent Valley,13.65,Princess Royal (PRUH),2.46,Kings College Hospital,17.2
BR69JX,51.364146,0.092824,South,Princess Royal (PRUH),2.28,Darent Valley,13.96,Princess Royal (PRUH),2.28,Kings College Hospital,17.27
BR69JY,51.3636,0.091664,South,Princess Royal (PRUH),2.21,Darent Valley,14.06,Princess Royal (PRUH),2.21,Kings College Hospital,17.25
BR69JZ,51.362142,0.090219,South,Princess Royal (PRUH),2.13,Darent Valley,14.23,Princess Royal (PRUH),2.13,Kings College Hospital,17.29
BR69LA,51.363264,0.090873,South,Princess Royal (PRUH),2.16,Darent Valley,14.13,Princess Royal (PRUH),2.16,Kings College Hospital,17.24
BR69LB,51.364988,0.09302,South,Princess Royal (PRUH),2.29,Darent Valley,13.89,Princess Royal (PRUH),2.29,Kings College Hospital,17.22
BR69LD,51.362562,0.08939,South,Princess Royal (PRUH),2.07,Darent Valley,14.26,Princess Royal (PRUH),2.07,Kings College Hospital,17.21
BR69LE,51.361823,0.093494,South,Princess Royal (PRUH),2.36,Darent Valley,14.07,Princess Royal (PRUH),2.36,Kings College Hospital,17.48
BR69LF,51.361586,0.093152,South,Princess Royal (PRUH),2.34,Darent Valley,14.1,Princess Royal (PRUH),2.34,Kings College Hospital,17.48
BR69LG,51.360787,0.096089,South,Princess Royal (PRUH),2.56,Darent Valley,13.99,Princess Royal (PRUH),2.56,Kings College Hospital,17.69
BR69LH,51.363906,0.090644,South,Princess Royal (PRUH),2.14,Darent Valley,14.1,Princess Royal (PRUH),2.14,Kings College Hospital,17.18
BR69LJ,51.361614,0.090582,South,Princess Royal (PRUH),2.17,Darent Valley,14.25,Princess Royal (PRUH),2.17,Kings College Hospital,17.35
BR69LL,51.365077,0.105106,South,Princess Royal (PRUH),3.13,Darent Valley,13.2,Princess Royal (PRUH),3.13,Kings College Hospital,17.84
BR69LN,51.360677,0.099245,South,Princess Royal (PRUH),2.78,Darent Valley,13.82,Princess Royal (PRUH),2.78,Kings College Hospital,17.86
BR69LP,51.360794,0.088175,South,Princess Royal (PRUH),2.03,Darent Valley,14.44,Princess Royal (PRUH),2.03,Kings College Hospital,17.29
BR69LQ,51.36042,0.095541,South,Princess Royal (PRUH),2.53,Darent Valley,14.05,Princess Royal (PRUH),2.53,Kings College Hospital,17.69
BR69LR,51.360859,0.088566,South,Princess Royal (PRUH),2.05,Darent Valley,14.41,Princess Royal (PRUH),2.05,Kings College Hospital,17.3
BR69LS,51.360336,0.087608,South,Princess Royal (PRUH),2.0,Darent Valley,14.5,Princess Royal (PRUH),2.0,Kings College Hospital,17.29
BR69LT,51.360891,0.087246,South,Princess Royal (PRUH),1.96,Darent Valley,14.48,Princess Royal (PRUH),1.96,Kings College Hospital,17.23
BR69LU,51.362454,0.085837,South,Princess Royal (PRUH),1.83,Darent Valley,14.47,Princess Royal (PRUH),1.83,Kings College Hospital,17.04
BR69LW,51.360404,0.098399,South,Princess Royal (PRUH),2.73,Darent Valley,13.89,Princess Royal (PRUH),2.73,Kings College Hospital,17.84
BR69LX,51.363133,0.083095,South,Princess Royal (PRUH),1.63,Darent Valley,14.58,Princess Royal (PRUH),1.63,Kings College Hospital,16.85
BR69LY,51.362678,0.083377,South,Princess Royal (PRUH),1.66,Darent Valley,14.59,Princess Royal (PRUH),1.66,Kings College Hospital,16.9
BR69LZ,51.361826,0.08578,South,Princess Royal (PRUH),1.84,Darent Valley,14.51,Princess Royal (PRUH),1.84,Kings College Hospital,17.09
BR69NA,51.362104,0.08381,South,Princess Royal (PRUH),1.7,Darent Valley,14.6,Princess Royal (PRUH),1.7,Kings College Hospital,16.97
BR69NB,51.361601,0.08327,South,Princess Royal (PRUH),1.68,Darent Valley,14.67,Princess Royal (PRUH),1.68,Kings College Hospital,16.98
BR69ND,51.360771,0.085402,South,Princess Royal (PRUH),1.84,Darent Valley,14.6,Princess Royal (PRUH),1.84,Kings College Hospital,17.15
BR69NE,51.360966,0.083572,South,Princess Royal (PRUH),1.72,Darent Valley,14.69,Princess Royal (PRUH),1.72,Kings College Hospital,17.04
BR69NF,51.360514,0.083681,South,Princess Royal (PRUH),1.74,Darent Valley,14.71,Princess Royal (PRUH),1.74,Kings College Hospital,17.09
BR69NG,51.359726,0.085512,South,Princess Royal (PRUH),1.89,Darent Valley,14.66,Princess Royal (PRUH),1.89,Kings College Hospital,17.24
BR69NH,51.360137,0.08668,South,Princess Royal (PRUH),1.95,Darent Valley,14.56,Princess Royal (PRUH),1.95,Kings College Hospital,17.26
BR69NJ,51.359781,0.083949,South,Princess Royal (PRUH),1.78,Darent Valley,14.74,Princess Royal (PRUH),1.78,Kings College Hospital,17.16
BR69NL,51.358797,0.086677,South,Princess Royal (PRUH),2.0,Darent Valley,14.65,Princess Royal (PRUH),2.0,Kings College Hospital,17.37
BR69NN,51.363403,0.079516,South,Princess Royal (PRUH),1.38,Darent Valley,14.77,Princess Royal (PRUH),1.38,Kings College Hospital,16.65
BR69NP,51.36458,0.081107,South,Princess Royal (PRUH),1.47,Darent Valley,14.61,Princess Royal (PRUH),1.47,Kings College Hospital,16.64
BR69NQ,51.359378,0.085353,South,Princess Royal (PRUH),1.89,Darent Valley,14.69,Princess Royal (PRUH),1.89,Kings College Hospital,17.26
BR69NR,51.362479,0.07992,South,Princess Royal (PRUH),1.43,Darent Valley,14.81,Princess Royal (PRUH),1.43,Kings College Hospital,16.75
BR69NS,51.362833,0.080238,South,Princess Royal (PRUH),1.44,Darent Valley,14.77,Princess Royal (PRUH),1.44,Kings College Hospital,16.73
BR69NT,51.361154,0.080549,South,Princess Royal (PRUH),1.51,Darent Valley,14.85,Princess Royal (PRUH),1.51,Kings College Hospital,16.88
BR69NU,51.360703,0.082655,South,Princess Royal (PRUH),1.66,Darent Valley,14.76,Princess Royal (PRUH),1.66,Kings College Hospital,17.02
BR69NW,51.363713,0.078769,South,Princess Royal (PRUH),1.32,Darent Valley,14.8,Princess Royal (PRUH),1.32,Kings College Hospital,16.59
BR69NX,51.362655,0.081106,South,Princess Royal (PRUH),1.5,Darent Valley,14.73,Princess Royal (PRUH),1.5,Kings College Hospital,16.79
BR69NY,51.361571,0.081933,South,Princess Royal (PRUH),1.59,Darent Valley,14.75,Princess Royal (PRUH),1.59,Kings College Hospital,16.92
BR69NZ,51.361354,0.081478,South,Princess Royal (PRUH),1.56,Darent Valley,14.79,Princess Royal (PRUH),1.56,Kings College Hospital,16.91
BR69PA,51.363313,0.080532,South,Princess Royal (PRUH),1.45,Darent Valley,14.72,Princess Royal (PRUH),1.45,Kings College Hospital,16.71
BR69PB,51.364071,0.082908,South,Princess Royal (PRUH),1.6,Darent Valley,14.54,Princess Royal (PRUH),1.6,Kings College Hospital,16.77
BR69PD,51.363654,0.083119,South,Princess Royal (PRUH),1.62,Darent Valley,14.55,Princess Royal (PRUH),1.62,Kings College Hospital,16.81
BR69PE,51.363315,0.085977,South,Princess Royal (PRUH),1.82,Darent Valley,14.4,Princess Royal (PRUH),1.82,Kings College Hospital,16.98
BR69PF,51.36295,0.085788,South,Princess Royal (PRUH),1.81,Darent Valley,14.44,Princess Royal (PRUH),1.81,Kings College Hospital,17.0
BR69PG,51.362352,0.088059,South,Princess Royal (PRUH),1.98,Darent Valley,14.34,Princess Royal (PRUH),1.98,Kings College Hospital,17.16
BR69PH,51.364749,0.079175,South,Princess Royal (PRUH),1.33,Darent Valley,14.71,Princess Royal (PRUH),1.33,Kings College Hospital,16.53
BR69PJ,51.363105,0.08466,South,Princess Royal (PRUH),1.73,Darent Valley,14.49,Princess Royal (PRUH),1.73,Kings College Hospital,16.93
BR69PL,51.361197,0.087748,South,Princess Royal (PRUH),1.99,Darent Valley,14.44,Princess Royal (PRUH),1.99,Kings College Hospital,17.24
BR69PN,51.37034,0.08789,South,Princess Royal (PRUH),2.01,Darent Valley,13.87,Princess Royal (PRUH),2.01,Kings College Hospital,16.56
BR69PP,51.3678,0.084586,South,Princess Royal (PRUH),1.72,Darent Valley,14.21,Princess Royal (PRUH),1.72,Kings College Hospital,16.57
BR69PQ,51.3621,0.087545,South,Princess Royal (PRUH),1.95,Darent Valley,14.39,Princess Royal (PRUH),1.95,Kings College Hospital,17.16
BR69PR,51.367532,0.083482,South,Princess Royal (PRUH),1.64,Darent Valley,14.3,Princess Royal (PRUH),1.64,Kings College Hospital,16.54
BR69PS,51.366352,0.082609,South,Princess Royal (PRUH),1.57,Darent Valley,14.42,Princess Royal (PRUH),1.57,Kings College Hospital,16.58
BR69PT,51.366115,0.081277,South,Princess Royal (PRUH),1.48,Darent Valley,14.51,Princess Royal (PRUH),1.48,Kings College Hospital,16.53
BR69PU,51.364469,0.079723,South,Princess Royal (PRUH),1.38,Darent Valley,14.7,Princess Royal (PRUH),1.38,Kings College Hospital,16.58
BR69PW,51.369289,0.086334,South,Princess Royal (PRUH),1.87,Darent Valley,14.02,Princess Royal (PRUH),1.87,Kings College Hospital,16.55
BR69PX,51.365982,0.083196,South,Princess Royal (PRUH),1.61,Darent Valley,14.4,Princess Royal (PRUH),1.61,Kings College Hospital,16.64
BR69PY,51.365334,0.082204,South,Princess Royal (PRUH),1.54,Darent Valley,14.5,Princess Royal (PRUH),1.54,Kings College Hospital,16.64
BR69PZ,51.364997,0.08193,South,Princess Royal (PRUH),1.52,Darent Valley,14.54,Princess Royal (PRUH),1.52,Kings College Hospital,16.65
BR69QA,51.365441,0.084263,South,Princess Royal (PRUH),1.68,Darent Valley,14.37,Princess Royal (PRUH),1.68,Kings College Hospital,16.73
BR69QB,51.365234,0.084785,South,Princess Royal (PRUH),1.72,Darent Valley,14.36,Princess Royal (PRUH),1.72,Kings College Hospital,16.78
BR69QD,51.36187,0.07926,South,Princess Royal (PRUH),1.4,Darent Valley,14.88,Princess Royal (PRUH),1.4,Kings College Hospital,16.76
BR69QE,51.36727,0.08505,South,Princess Royal (PRUH),1.75,Darent Valley,14.22,Princess Royal (PRUH),1.75,Kings College Hospital,16.64
BR69QF,51.367383,0.086305,South,Princess Royal (PRUH),1.84,Darent Valley,14.14,Princess Royal (PRUH),1.84,Kings College Hospital,16.69
BR69QG,51.368126,0.087028,South,Princess Royal (PRUH),1.9,Darent Valley,14.05,Princess Royal (PRUH),1.9,Kings College Hospital,16.67
BR69QH,51.369619,0.087987,South,Princess Royal (PRUH),1.99,Darent Valley,13.91,Princess Royal (PRUH),1.99,Kings College Hospital,16.61
BR69QJ,51.369071,0.090002,South,Princess Royal (PRUH),2.12,Darent Valley,13.82,Princess Royal (PRUH),2.12,Kings College Hospital,16.76
BR69QL,51.368521,0.089546,South,Princess Royal (PRUH),2.08,Darent Valley,13.88,Princess Royal (PRUH),2.08,Kings College Hospital,16.78
BR69QN,51.368325,0.088948,South,Princess Royal (PRUH),2.03,Darent Valley,13.93,Princess Royal (PRUH),2.03,Kings College Hospital,16.76
BR69QP,51.366571,0.086441,South,Princess Royal (PRUH),1.84,Darent Valley,14.18,Princess Royal (PRUH),1.84,Kings College Hospital,16.76
BR69QQ,51.367974,0.086447,South,Princess Royal (PRUH),1.85,Darent Valley,14.09,Princess Royal (PRUH),1.85,Kings College Hospital,16.66
BR69QR,51.370018,0.090333,South,Princess Royal (PRUH),2.16,Darent Valley,13.75,Princess Royal (PRUH),2.16,Kings College Hospital,16.71
BR69QS,51.369529,0.090512,South,Princess Royal (PRUH),2.16,Darent Valley,13.76,Princess Royal (PRUH),2.16,Kings College Hospital,16.75
BR69QT,51.3681,0.09049,South,Princess Royal (PRUH),2.13,Darent Valley,13.85,Princess Royal (PRUH),2.13,Kings College Hospital,16.86
BR69QU,51.36817,0.090091,South,Princess Royal (PRUH),2.11,Darent Valley,13.87,Princess Royal (PRUH),2.11,Kings College Hospital,16.83
BR69QW,51.366863,0.087747,South,Princess Royal (PRUH),1.93,Darent Valley,14.08,Princess Royal (PRUH),1.93,Kings College Hospital,16.81
BR69QX,51.368726,0.088162,South,Princess Royal (PRUH),1.99,Darent Valley,13.95,Princess Royal (PRUH),1.99,Kings College Hospital,16.69
BR69QY,51.369074,0.087316,South,Princess Royal (PRUH),1.94,Darent Valley,13.98,Princess Royal (PRUH),1.94,Kings College Hospital,16.62
BR69QZ,51.370421,0.089403,South,Princess Royal (PRUH),2.11,Darent Valley,13.78,Princess Royal (PRUH),2.11,Kings College Hospital,16.63
BR69RA,51.370532,0.119767,South,Princess Royal (PRUH),4.19,Darent Valley,12.03,Princess Royal (PRUH),4.19,Kings College Hospital,18.27
BR69RB,51.369934,0.084438,South,Princess Royal (PRUH),1.76,Darent Valley,14.1,Princess Royal (PRUH),1.76,Kings College Hospital,16.41
BR69RD,51.370077,0.086514,South,Princess Royal (PRUH),1.91,Darent Valley,13.97,Princess Royal (PRUH),1.91,Kings College Hospital,16.5
BR69RE,51.370739,0.086716,South,Princess Royal (PRUH),1.94,Darent Valley,13.92,Princess Royal (PRUH),1.94,Kings College Hospital,16.46
BR69RF,51.370688,0.08453,South,Princess Royal (PRUH),1.79,Darent Valley,14.05,Princess Royal (PRUH),1.79,Kings College Hospital,16.35
BR69RG,51.371239,0.085934,South,Princess Royal (PRUH),1.91,Darent Valley,13.94,Princess Royal (PRUH),1.91,Kings College Hospital,16.39
BR69RH,51.366594,0.079086,South,Princess Royal (PRUH),1.33,Darent Valley,14.61,Princess Royal (PRUH),1.33,Kings College Hospital,16.39
BR69RJ,51.371322,0.084286,South,Princess Royal (PRUH),1.8,Darent Valley,14.03,Princess Royal (PRUH),1.8,Kings College Hospital,16.3
BR69RL,51.371062,0.083225,South,Princess Royal (PRUH),1.72,Darent Valley,14.11,Princess Royal (PRUH),1.72,Kings College Hospital,16.26
BR69RN,51.369079,0.079946,South,Princess Royal (PRUH),1.44,Darent Valley,14.42,Princess Royal (PRUH),1.44,Kings College Hospital,16.24
BR69RP,51.368952,0.083058,South,Princess Royal (PRUH),1.64,Darent Valley,14.24,Princess Royal (PRUH),1.64,Kings College Hospital,16.41
BR69RQ,51.371754,0.086791,South,Princess Royal (PRUH),1.98,Darent Valley,13.86,Princess Royal (PRUH),1.98,Kings College Hospital,16.39
BR69RR,51.369454,0.083138,South,Princess Royal (PRUH),1.66,Darent Valley,14.2,Princess Royal (PRUH),1.66,Kings College Hospital,16.37
BR69RS,51.368548,0.081473,South,Princess Royal (PRUH),1.53,Darent Valley,14.36,Princess Royal (PRUH),1.53,Kings College Hospital,16.36
BR69RT,51.368245,0.081804,South,Princess Royal (PRUH),1.54,Darent Valley,14.35,Princess Royal (PRUH),1.54,Kings College Hospital,16.4
BR69RU,51.367774,0.082013,South,Princess Royal (PRUH),1.55,Darent Valley,14.37,Princess Royal (PRUH),1.55,Kings College Hospital,16.44
BR69RW,51.368908,0.080441,South,Princess Royal (PRUH),1.47,Darent Valley,14.4,Princess Royal (PRUH),1.47,Kings College Hospital,16.28
BR69RX,51.367737,0.0826,South,Princess Royal (PRUH),1.59,Darent Valley,14.34,Princess Royal (PRUH),1.59,Kings College Hospital,16.48
BR69RY,51.367302,0.080253,South,Princess Royal (PRUH),1.42,Darent Valley,14.5,Princess Royal (PRUH),1.42,Kings College Hospital,16.39
BR69RZ,51.367443,0.080935,South,Princess Royal (PRUH),1.47,Darent Valley,14.45,Princess Royal (PRUH),1.47,Kings College Hospital,16.41
BR69SA,51.367848,0.077864,South,Princess Royal (PRUH),1.27,Darent Valley,14.61,Princess Royal (PRUH),1.27,Kings College Hospital,16.23
BR69SB,51.367205,0.07808,South,Princess Royal (PRUH),1.27,Darent Valley,14.63,Princess Royal (PRUH),1.27,Kings College Hospital,16.29
BR69SD,51.366186,0.080289,South,Princess Royal (PRUH),1.41,Darent Valley,14.56,Princess Royal (PRUH),1.41,Kings College Hospital,16.48
BR69SE,51.369469,0.110925,South,Princess Royal (PRUH),3.56,Darent Valley,12.59,Princess Royal (PRUH),3.56,Kings College Hospital,17.85
BR69SF,51.366127,0.100212,South,Princess Royal (PRUH),2.79,Darent Valley,13.41,Princess Royal (PRUH),2.79,Kings College Hospital,17.51
BR69SG,51.363308,0.087901,South,Princess Royal (PRUH),1.95,Darent Valley,14.29,Princess Royal (PRUH),1.95,Kings College Hospital,17.08
BR69SH,51.36685,0.104052,South,Princess Royal (PRUH),3.06,Darent Valley,13.15,Princess Royal (PRUH),3.06,Kings College Hospital,17.66
BR69SJ,51.364173,0.085786,South,Princess Royal (PRUH),1.8,Darent Valley,14.36,Princess Royal (PRUH),1.8,Kings College Hospital,16.91
BR69SL,51.365083,0.086689,South,Princess Royal (PRUH),1.85,Darent Valley,14.25,Princess Royal (PRUH),1.85,Kings College Hospital,16.89
BR69SN,51.364214,0.088014,South,Princess Royal (PRUH),1.95,Darent Valley,14.23,Princess Royal (PRUH),1.95,Kings College Hospital,17.02
BR69SP,51.363827,0.086531,South,Princess Royal (PRUH),1.85,Darent Valley,14.34,Princess Royal (PRUH),1.85,Kings College Hospital,16.97
BR69SQ,51.362909,0.088587,South,Princess Royal (PRUH),2.01,Darent Valley,14.28,Princess Royal (PRUH),2.01,Kings College Hospital,17.15
BR69SR,51.364765,0.088413,South,Princess Royal (PRUH),1.97,Darent Valley,14.17,Princess Royal (PRUH),1.97,Kings College Hospital,17.0
BR69SS,51.363791,0.089532,South,Princess Royal (PRUH),2.06,Darent Valley,14.17,Princess Royal (PRUH),2.06,Kings College Hospital,17.13
BR69ST,51.367044,0.100728,South,Princess Royal (PRUH),2.83,Darent Valley,13.32,Princess Royal (PRUH),2.83,Kings College Hospital,17.47
BR69SU,51.367524,0.076873,South,Princess Royal (PRUH),1.19,Darent Valley,14.69,Princess Royal (PRUH),1.19,Kings College Hospital,16.2
BR69SW,51.363826,0.087106,South,Princess Royal (PRUH),1.89,Darent Valley,14.31,Princess Royal (PRUH),1.89,Kings College Hospital,17.0
BR69SX,51.363717,0.114726,South,Princess Royal (PRUH),3.81,Darent Valley,12.77,Princess Royal (PRUH),3.81,Kings College Hospital,18.45
BR69SY,51.363066,0.090375,South,Princess Royal (PRUH),2.13,Darent Valley,14.17,Princess Royal (PRUH),2.13,Kings College Hospital,17.23
BR69SZ,51.363535,0.089793,South,Princess Royal (PRUH),2.08,Darent Valley,14.17,Princess Royal (PRUH),2.08,Kings College Hospital,17.16
BR69TA,51.366381,0.088515,South,Princess Royal (PRUH),1.98,Darent Valley,14.07,Princess Royal (PRUH),1.98,Kings College Hospital,16.88
BR69TB,51.37683,0.099164,South,Princess Royal (PRUH),2.99,Darent Valley,12.83,Princess Royal (PRUH),2.99,Kings College Hospital,16.7
BR69TD,51.369143,0.084402,South,Princess Royal (PRUH),1.74,Darent Valley,14.15,Princess Royal (PRUH),1.74,Kings College Hospital,16.46
BR69TE,51.369496,0.083815,South,Princess Royal (PRUH),1.71,Darent Valley,14.16,Princess Royal (PRUH),1.71,Kings College Hospital,16.41
BR69TF,51.369115,0.112604,South,Princess Royal (PRUH),3.67,Darent Valley,12.52,Princess Royal (PRUH),3.67,Kings College Hospital,17.96
BR69TG,51.369646,0.112571,South,Princess Royal (PRUH),3.68,Darent Valley,12.49,Princess Royal (PRUH),3.68,Kings College Hospital,17.93
BR69TH,51.36965,0.11135,South,Princess Royal (PRUH),3.59,Darent Valley,12.55,Princess Royal (PRUH),3.59,Kings College Hospital,17.86
BR69TJ,51.37683,0.099164,South,Princess Royal (PRUH),2.99,Darent Valley,12.83,Princess Royal (PRUH),2.99,Kings College Hospital,16.7
BR69TL,51.366211,0.093004,South,Princess Royal (PRUH),2.29,Darent Valley,13.82,Princess Royal (PRUH),2.29,Kings College Hospital,17.13
BR69TN,51.366481,0.093505,South,Princess Royal (PRUH),2.33,Darent Valley,13.77,Princess Royal (PRUH),2.33,Kings College Hospital,17.13
BR69TP,51.36502,0.090752,South,Princess Royal (PRUH),2.14,Darent Valley,14.02,Princess Royal (PRUH),2.14,Kings College Hospital,17.1
BR69TQ,51.367324,0.091144,South,Princess Royal (PRUH),2.17,Darent Valley,13.86,Princess Royal (PRUH),2.17,Kings College Hospital,16.95
BR69TR,51.366783,0.089697,South,Princess Royal (PRUH),2.07,Darent Valley,13.98,Princess Royal (PRUH),2.07,Kings College Hospital,16.91
BR69TS,51.367545,0.091844,South,Princess Royal (PRUH),2.22,Darent Valley,13.8,Princess Royal (PRUH),2.22,Kings College Hospital,16.97
BR69TT,51.368621,0.09149,South,Princess Royal (PRUH),2.21,Darent Valley,13.76,Princess Royal (PRUH),2.21,Kings College Hospital,16.87
BR69TU,51.365924,0.08792,South,Princess Royal (PRUH),1.94,Darent Valley,14.13,Princess Royal (PRUH),1.94,Kings College Hospital,16.88
BR69TW,51.364455,0.089634,South,Princess Royal (PRUH),2.06,Darent Valley,14.12,Princess Royal (PRUH),2.06,Kings College Hospital,17.08
BR69TX,51.365535,0.089066,South,Princess Royal (PRUH),2.02,Darent Valley,14.09,Princess Royal (PRUH),2.02,Kings College Hospital,16.97
BR69TY,51.365019,0.089272,South,Princess Royal (PRUH),2.03,Darent Valley,14.11,Princess Royal (PRUH),2.03,Kings College Hospital,17.02
BR69TZ,51.366736,0.089321,South,Princess Royal (PRUH),2.04,Darent Valley,14.0,Princess Royal (PRUH),2.04,Kings College Hospital,16.9
BR69UA,51.37683,0.099164,South,Princess Royal (PRUH),2.99,Darent Valley,12.83,Princess Royal (PRUH),2.99,Kings College Hospital,16.7
BR69UB,51.366456,0.090372,South,Princess Royal (PRUH),2.11,Darent Valley,13.96,Princess Royal (PRUH),2.11,Kings College Hospital,16.97
BR69UD,51.367211,0.089875,South,Princess Royal (PRUH),2.08,Darent Valley,13.94,Princess Royal (PRUH),2.08,Kings College Hospital,16.89
BR69UE,51.36424,0.091104,South,Princess Royal (PRUH),2.16,Darent Valley,14.05,Princess Royal (PRUH),2.16,Kings College Hospital,17.17
BR69UF,51.365544,0.090618,South,Princess Royal (PRUH),2.13,Darent Valley,14.0,Princess Royal (PRUH),2.13,Kings College Hospital,17.05
BR69UG,51.364484,0.091517,South,Princess Royal (PRUH),2.19,Darent Valley,14.01,Princess Royal (PRUH),2.19,Kings College Hospital,17.18
BR69UH,51.364246,0.092254,South,Princess Royal (PRUH),2.24,Darent Valley,13.99,Princess Royal (PRUH),2.24,Kings College Hospital,17.23
BR69UJ,51.357457,0.107802,South,Princess Royal (PRUH),3.44,Darent Valley,13.58,Princess Royal (PRUH),3.44,Kings College Hospital,18.54
BR69UL,51.37683,0.099164,South,Princess Royal (PRUH),2.99,Darent Valley,12.83,Princess Royal (PRUH),2.99,Kings College Hospital,16.7
BR69UN,51.37683,0.099164,South,Princess Royal (PRUH),2.99,Darent Valley,12.83,Princess Royal (PRUH),2.99,Kings College Hospital,16.7
BR69UP,51.372494,0.096192,South,Princess Royal (PRUH),2.63,Darent Valley,13.25,Princess Royal (PRUH),2.63,Kings College Hospital,16.84
BR69UQ,51.364459,0.092953,South,Princess Royal (PRUH),2.29,Darent Valley,13.93,Princess Royal (PRUH),2.29,Kings College Hospital,17.25
BR69UR,51.373039,0.096907,South,Princess Royal (PRUH),2.69,Darent Valley,13.18,Princess Royal (PRUH),2.69,Kings College Hospital,16.84
BR69US,51.372494,0.096192,South,Princess Royal (PRUH),2.63,Darent Valley,13.25,Princess Royal (PRUH),2.63,Kings College Hospital,16.84
BR69UT,51.37683,0.099164,South,Princess Royal (PRUH),2.99,Darent Valley,12.83,Princess Royal (PRUH),2.99,Kings College Hospital,16.7
BR69UX,51.37683,0.099164,South,Princess Royal (PRUH),2.99,Darent Valley,12.83,Princess Royal (PRUH),2.99,Kings College Hospital,16.7
BR69UY,51.37683,0.099164,South,Princess Royal (PRUH),2.99,Darent Valley,12.83,Princess Royal (PRUH),2.99,Kings College Hospital,16.7
BR69UZ,51.37683,0.099164,South,Princess Royal (PRUH),2.99,Darent Valley,12.83,Princess Royal (PRUH),2.99,Kings College Hospital,16.7
BR69WA,51.36272,0.104653,South,Princess Royal (PRUH),3.12,Darent Valley,13.39,Princess Royal (PRUH),3.12,Kings College Hospital,17.99
BR69WB,51.363236,0.105969,South,Princess Royal (PRUH),3.2,Darent Valley,13.28,Princess Royal (PRUH),3.2,Kings College Hospital,18.02
BR69WD,51.362158,0.105934,South,Princess Royal (PRUH),3.21,Darent Valley,13.35,Princess Royal (PRUH),3.21,Kings College Hospital,18.1
BR69WE,51.362222,0.103883,South,Princess Royal (PRUH),3.07,Darent Valley,13.46,Princess Royal (PRUH),3.07,Kings College Hospital,17.99
BR69WF,51.37683,0.099164,South,Princess Royal (PRUH),2.99,Darent Valley,12.83,Princess Royal (PRUH),2.99,Kings College Hospital,16.7
BR69WG,51.37683,0.099164,South,Princess Royal (PRUH),2.99,Darent Valley,12.83,Princess Royal (PRUH),2.99,Kings College Hospital,16.7
BR69WH,51.37683,0.099164,South,Princess Royal (PRUH),2.99,Darent Valley,12.83,Princess Royal (PRUH),2.99,Kings College Hospital,16.7
BR69WJ,51.37683,0.099164,South,Princess Royal (PRUH),2.99,Darent Valley,12.83,Princess Royal (PRUH),2.99,Kings College Hospital,16.7
BR69WL,51.37683,0.099164,South,Princess Royal (PRUH),2.99,Darent Valley,12.83,Princess Royal (PRUH),2.99,Kings College Hospital,16.7
BR69WN,51.37683,0.099164,South,Princess Royal (PRUH),2.99,Darent Valley,12.83,Princess Royal (PRUH),2.99,Kings College Hospital,16.7
BR69WP,51.37683,0.099164,South,Princess Royal (PRUH),2.99,Darent Valley,12.83,Princess Royal (PRUH),2.99,Kings College Hospital,16.7
BR69WQ,51.37683,0.099164,South,Princess Royal (PRUH),2.99,Darent Valley,12.83,Princess Royal (PRUH),2.99,Kings College Hospital,16.7
BR69WR,51.37683,0.099164,South,Princess Royal (PRUH),2.99,Darent Valley,12.83,Princess Royal (PRUH),2.99,Kings College Hospital,16.7
BR69WS,51.37683,0.099164,South,Princess Royal (PRUH),2.99,Darent Valley,12.83,Princess Royal (PRUH),2.99,Kings College Hospital,16.7
BR69WT,51.37683,0.099164,South,Princess Royal (PRUH),2.99,Darent Valley,12.83,Princess Royal (PRUH),2.99,Kings College Hospital,16.7
BR69WU,51.37683,0.099164,South,Princess Royal (PRUH),2.99,Darent Valley,12.83,Princess Royal (PRUH),2.99,Kings College Hospital,16.7
BR69WW,51.37683,0.099164,South,Princess Royal (PRUH),2.99,Darent Valley,12.83,Princess Royal (PRUH),2.99,Kings College Hospital,16.7
BR69WX,51.37683,0.099164,South,Princess Royal (PRUH),2.99,Darent Valley,12.83,Princess Royal (PRUH),2.99,Kings College Hospital,16.7
BR69WY,51.37683,0.099164,South,Princess Royal (PRUH),2.99,Darent Valley,12.83,Princess Royal (PRUH),2.99,Kings College Hospital,16.7
BR69WZ,51.37683,0.099164,South,Princess Royal (PRUH),2.99,Darent Valley,12.83,Princess Royal (PRUH),2.99,Kings College Hospital,16.7
BR69XA,51.364276,0.093591,South,Princess Royal (PRUH),2.34,Darent Valley,13.91,Princess Royal (PRUH),2.34,Kings College Hospital,17.3
BR69XB,51.363944,0.095055,South,Princess Royal (PRUH),2.44,Darent Valley,13.84,Princess Royal (PRUH),2.44,Kings College Hospital,17.4
BR69XD,51.362829,0.096599,South,Princess Royal (PRUH),2.56,Darent Valley,13.83,Princess Royal (PRUH),2.56,Kings College Hospital,17.56
BR69XE,51.362321,0.097826,South,Princess Royal (PRUH),2.65,Darent Valley,13.79,Princess Royal (PRUH),2.65,Kings College Hospital,17.66
BR69XF,51.363831,0.093844,South,Princess Royal (PRUH),2.36,Darent Valley,13.92,Princess Royal (PRUH),2.36,Kings College Hospital,17.35
BR69XG,51.363559,0.094506,South,Princess Royal (PRUH),2.41,Darent Valley,13.9,Princess Royal (PRUH),2.41,Kings College Hospital,17.4
BR69XH,51.364918,0.093922,South,Princess Royal (PRUH),2.36,Darent Valley,13.85,Princess Royal (PRUH),2.36,Kings College Hospital,17.27
BR69XJ,51.364742,0.094733,South,Princess Royal (PRUH),2.41,Darent Valley,13.81,Princess Royal (PRUH),2.41,Kings College Hospital,17.32
BR69XL,51.364341,0.095504,South,Princess Royal (PRUH),2.47,Darent Valley,13.79,Princess Royal (PRUH),2.47,Kings College Hospital,17.39
BR69XN,51.363814,0.096328,South,Princess Royal (PRUH),2.53,Darent Valley,13.78,Princess Royal (PRUH),2.53,Kings College Hospital,17.47
BR69XP,51.36143,0.098862,South,Princess Royal (PRUH),2.74,Darent Valley,13.79,Princess Royal (PRUH),2.74,Kings College Hospital,17.78
BR69XQ,51.361589,0.096543,South,Princess Royal (PRUH),2.58,Darent Valley,13.91,Princess Royal (PRUH),2.58,Kings College Hospital,17.65
BR69XR,51.362126,0.09615,South,Princess Royal (PRUH),2.54,Darent Valley,13.9,Princess Royal (PRUH),2.54,Kings College Hospital,17.59
BR69XS,51.362395,0.09872,South,Princess Royal (PRUH),2.71,Darent Valley,13.74,Princess Royal (PRUH),2.71,Kings College Hospital,17.7
BR69XT,51.363292,0.09685,South,Princess Royal (PRUH),2.57,Darent Valley,13.78,Princess Royal (PRUH),2.57,Kings College Hospital,17.54
BR69XU,51.363073,0.093019,South,Princess Royal (PRUH),2.31,Darent Valley,14.02,Princess Royal (PRUH),2.31,Kings College Hospital,17.36
BR69XW,51.362614,0.097537,South,Princess Royal (PRUH),2.63,Darent Valley,13.79,Princess Royal (PRUH),2.63,Kings College Hospital,17.63
BR69XX,51.37683,0.099164,South,Princess Royal (PRUH),2.99,Darent Valley,12.83,Princess Royal (PRUH),2.99,Kings College Hospital,16.7
BR69XY,51.363532,0.096516,South,Princess Royal (PRUH),2.55,Darent Valley,13.79,Princess Royal (PRUH),2.55,Kings College Hospital,17.51
BR69XZ,51.363255,0.096877,South,Princess Royal (PRUH),2.57,Darent Valley,13.79,Princess Royal (PRUH),2.57,Kings College Hospital,17.54
BR69YA,51.37683,0.099164,South,Princess Royal (PRUH),2.99,Darent Valley,12.83,Princess Royal (PRUH),2.99,Kings College Hospital,16.7
BR69YB,51.37683,0.099164,South,Princess Royal (PRUH),2.99,Darent Valley,12.83,Princess Royal (PRUH),2.99,Kings College Hospital,16.7
BR69YD,51.37683,0.099164,South,Princess Royal (PRUH),2.99,Darent Valley,12.83,Princess Royal (PRUH),2.99,Kings College Hospital,16.7
BR69YE,51.37683,0.099164,South,Princess Royal (PRUH),2.99,Darent Valley,12.83,Princess Royal (PRUH),2.99,Kings College Hospital,16.7
BR69YF,51.37683,0.099164,South,Princess Royal (PRUH),2.99,Darent Valley,12.83,Princess Royal (PRUH),2.99,Kings College Hospital,16.7
BR69YG,51.37683,0.099164,South,Princess Royal (PRUH),2.99,Darent Valley,12.83,Princess Royal (PRUH),2.99,Kings College Hospital,16.7
BR69YT,51.37683,0.099164,South,Princess Royal (PRUH),2.99,Darent Valley,12.83,Princess Royal (PRUH),2.99,Kings College Hospital,16.7
BR69YU,51.37683,0.099164,South,Princess Royal (PRUH),2.99,Darent Valley,12.83,Princess Royal (PRUH),2.99,Kings College Hospital,16.7
BR69YW,51.37683,0.099164,South,Princess Royal (PRUH),2.99,Darent Valley,12.83,Princess Royal (PRUH),2.99,Kings College Hospital,16.7
BR69YX,51.37683,0.099164,South,Princess Royal (PRUH),2.99,Darent Valley,12.83,Princess Royal (PRUH),2.99,Kings College Hospital,16.7
BR69YY,51.37683,0.099164,South,Princess Royal (PRUH),2.99,Darent Valley,12.83,Princess Royal (PRUH),2.99,Kings College Hospital,16.7
BR69YZ,51.37683,0.099164,South,Princess Royal (PRUH),2.99,Darent Valley,12.83,Princess Royal (PRUH),2.99,Kings College Hospital,16.7
BR69ZA,51.37683,0.099164,South,Princess Royal (PRUH),2.99,Darent Valley,12.83,Princess Royal (PRUH),2.99,Kings College Hospital,16.7
BR69ZB,51.36495,0.094642,South,Princess Royal (PRUH),2.41,Darent Valley,13.8,Princess Royal (PRUH),2.41,Kings College Hospital,17.3
BR69ZD,51.365884,0.096738,South,Princess Royal (PRUH),2.55,Darent Valley,13.63,Princess Royal (PRUH),2.55,Kings College Hospital,17.34
BR69ZE,51.37683,0.099164,South,Princess Royal (PRUH),2.99,Darent Valley,12.83,Princess Royal (PRUH),2.99,Kings College Hospital,16.7
BR69ZF,51.37683,0.099164,South,Princess Royal (PRUH),2.99,Darent Valley,12.83,Princess Royal (PRUH),2.99,Kings College Hospital,16.7
BR69ZG,51.37683,0.099164,South,Princess Royal (PRUH),2.99,Darent Valley,12.83,Princess Royal (PRUH),2.99,Kings College Hospital,16.7
BR69ZH,51.37683,0.099164,South,Princess Royal (PRUH),2.99,Darent Valley,12.83,Princess Royal (PRUH),2.99,Kings College Hospital,16.7
BR69ZJ,51.37683,0.099164,South,Princess Royal (PRUH),2.99,Darent Valley,12.83,Princess Royal (PRUH),2.99,Kings College Hospital,16.7
BR69ZL,51.37683,0.099164,South,Princess Royal (PRUH),2.99,Darent Valley,12.83,Princess Royal (PRUH),2.99,Kings College Hospital,16.7
BR69ZN,51.365884,0.096738,South,Princess Royal (PRUH),2.55,Darent Valley,13.63,Princess Royal (PRUH),2.55,Kings College Hospital,17.34
BR69ZP,51.365884,0.096738,South,Princess Royal (PRUH),2.55,Darent Valley,13.63,Princess Royal (PRUH),2.55,Kings College Hospital,17.34
BR69ZQ,51.37683,0.099164,South,Princess Royal (PRUH),2.99,Darent Valley,12.83,Princess Royal (PRUH),2.99,Kings College Hospital,16.7
BR69ZR,51.365884,0.096738,South,Princess Royal (PRUH),2.55,Darent Valley,13.63,Princess Royal (PRUH),2.55,Kings College Hospital,17.34
BR69ZS,51.37683,0.099164,South,Princess Royal (PRUH),2.99,Darent Valley,12.83,Princess Royal (PRUH),2.99,Kings College Hospital,16.7
BR69ZT,51.37683,0.099164,South,Princess Royal (PRUH),2.99,Darent Valley,12.83,Princess Royal (PRUH),2.99,Kings College Hospital,16.7
BR69ZU,51.35632,0.095455,South,Princess Royal (PRUH),2.67,Darent Valley,14.33,Princess Royal (PRUH),2.67,Kings College Hospital,18.0
BR69ZW,51.37683,0.099164,South,Princess Royal (PRUH),2.99,Darent Valley,12.83,Princess Royal (PRUH),2.99,Kings College Hospital,16.7
BR69ZX,51.365884,0.096738,South,Princess Royal (PRUH),2.55,Darent Valley,13.63,Princess Royal (PRUH),2.55,Kings College Hospital,17.34
BR69ZY,51.365884,0.096738,South,Princess Royal (PRUH),2.55,Darent Valley,13.63,Princess Royal (PRUH),2.55,Kings College Hospital,17.34
BR69ZZ,51.37683,0.099164,South,Princess Royal (PRUH),2.99,Darent Valley,12.83,Princess Royal (PRUH),2.99,Kings College Hospital,16.7
BR75AA,51.416161,0.067987,South,Princess Royal (PRUH),5.65,Darent Valley,13.39,Princess Royal (PRUH),5.65,Kings College Hospital,12.51
BR75AB,51.416732,0.06876,South,Princess Royal (PRUH),5.72,Darent Valley,13.32,Princess Royal (PRUH),5.72,Kings College Hospital,12.52
BR75AD,51.416161,0.067987,South,Princess Royal (PRUH),5.65,Darent Valley,13.39,Princess Royal (PRUH),5.65,Kings College Hospital,12.51
BR75AE,51.417493,0.067889,South,Princess Royal (PRUH),5.8,Darent Valley,13.37,Princess Royal (PRUH),5.8,Kings College Hospital,12.43
BR75AF,51.418043,0.067338,South,Princess Royal (PRUH),5.85,Darent Valley,13.4,Princess Royal (PRUH),5.85,Kings College Hospital,12.37
BR75AG,51.419394,0.065673,South,Princess Royal (PRUH),5.99,Darent Valley,13.49,Princess Royal (PRUH),5.99,Kings College Hospital,12.2
BR75AH,51.416161,0.067987,South,Princess Royal (PRUH),5.65,Darent Valley,13.39,Princess Royal (PRUH),5.65,Kings College Hospital,12.51
BR75AJ,51.415936,0.068005,South,Princess Royal (PRUH),5.62,Darent Valley,13.39,Princess Royal (PRUH),5.62,Kings College Hospital,12.52
BR75AL,51.417051,0.068473,South,Princess Royal (PRUH),5.75,Darent Valley,13.34,Princess Royal (PRUH),5.75,Kings College Hospital,12.49
BR75AN,51.418186,0.067877,South,Princess Royal (PRUH),5.87,Darent Valley,13.36,Princess Royal (PRUH),5.87,Kings College Hospital,12.4
BR75AP,51.418156,0.06858,South,Princess Royal (PRUH),5.87,Darent Valley,13.31,Princess Royal (PRUH),5.87,Kings College Hospital,12.44
BR75AQ,51.419678,0.066938,South,Princess Royal (PRUH),6.03,Darent Valley,13.4,Princess Royal (PRUH),6.03,Kings College Hospital,12.26
BR75AS,51.418531,0.067691,South,Princess Royal (PRUH),5.91,Darent Valley,13.37,Princess Royal (PRUH),5.91,Kings College Hospital,12.37
BR75AT,51.416531,0.067917,South,Princess Royal (PRUH),5.69,Darent Valley,13.38,Princess Royal (PRUH),5.69,Kings College Hospital,12.48
BR75AU,51.420326,0.055647,South,Princess Royal (PRUH),6.09,Darent Valley,14.17,Princess Royal (PRUH),6.09,Kings College Hospital,11.53
BR75AW,51.417958,0.068068,South,Princess Royal (PRUH),5.85,Darent Valley,13.35,Princess Royal (PRUH),5.85,Kings College Hospital,12.42
BR75AX,51.416971,0.067951,South,Princess Royal (PRUH),5.74,Darent Valley,13.37,Princess Royal (PRUH),5.74,Kings College Hospital,12.46
BR75AY,51.41929,0.068488,South,Princess Royal (PRUH),6.0,Darent Valley,13.3,Princess Royal (PRUH),6.0,Kings College Hospital,12.38
BR75AZ,51.418639,0.068703,South,Princess Royal (PRUH),5.93,Darent Valley,13.3,Princess Royal (PRUH),5.93,Kings College Hospital,12.43
BR75BA,51.419635,0.066303,South,Princess Royal (PRUH),6.02,Darent Valley,13.45,Princess Royal (PRUH),6.02,Kings College Hospital,12.23
BR75BB,51.418907,0.065234,South,Princess Royal (PRUH),5.94,Darent Valley,13.53,Princess Royal (PRUH),5.94,Kings College Hospital,12.2
BR75BD,51.418882,0.066671,South,Princess Royal (PRUH),5.94,Darent Valley,13.43,Princess Royal (PRUH),5.94,Kings College Hospital,12.29
BR75BE,51.418272,0.067104,South,Princess Royal (PRUH),5.88,Darent Valley,13.41,Princess Royal (PRUH),5.88,Kings College Hospital,12.34
BR75BF,51.414762,0.05035,South,Princess Royal (PRUH),5.51,Darent Valley,14.62,Princess Royal (PRUH),5.51,Kings College Hospital,11.52
BR75BG,51.41868,0.064318,South,Princess Royal (PRUH),5.91,Darent Valley,13.6,Princess Royal (PRUH),5.91,Kings College Hospital,12.15
BR75BH,51.416871,0.067501,South,Princess Royal (PRUH),5.72,Darent Valley,13.41,Princess Royal (PRUH),5.72,Kings College Hospital,12.44
BR75BJ,51.416626,0.060989,South,Princess Royal (PRUH),5.67,Darent Valley,13.86,Princess Royal (PRUH),5.67,Kings College Hospital,12.05
BR75BL,51.419765,0.066078,South,Princess Royal (PRUH),6.04,Darent Valley,13.46,Princess Royal (PRUH),6.04,Kings College Hospital,12.21
BR75BN,51.417742,0.066059,South,Princess Royal (PRUH),5.81,Darent Valley,13.49,Princess Royal (PRUH),5.81,Kings College Hospital,12.31
BR75BP,51.416237,0.063676,South,Princess Royal (PRUH),5.64,Darent Valley,13.68,Princess Royal (PRUH),5.64,Kings College Hospital,12.24
BR75BQ,51.419352,0.064981,South,Princess Royal (PRUH),5.99,Darent Valley,13.54,Princess Royal (PRUH),5.99,Kings College Hospital,12.16
BR75BS,51.415433,0.060792,South,Princess Royal (PRUH),5.54,Darent Valley,13.89,Princess Royal (PRUH),5.54,Kings College Hospital,12.11
BR75BT,51.415948,0.060139,South,Princess Royal (PRUH),5.6,Darent Valley,13.93,Princess Royal (PRUH),5.6,Kings College Hospital,12.04
BR75BU,51.417747,0.064736,South,Princess Royal (PRUH),5.81,Darent Valley,13.58,Princess Royal (PRUH),5.81,Kings College Hospital,12.22
BR75BW,51.417393,0.066978,South,Princess Royal (PRUH),5.78,Darent Valley,13.43,Princess Royal (PRUH),5.78,Kings College Hospital,12.38
BR75BX,51.418191,0.066094,South,Princess Royal (PRUH),5.86,Darent Valley,13.48,Princess Royal (PRUH),5.86,Kings College Hospital,12.29
BR75BY,51.417345,0.063567,South,Princess Royal (PRUH),5.76,Darent Valley,13.67,Princess Royal (PRUH),5.76,Kings College Hospital,12.17
BR75BZ,51.41688,0.062899,South,Princess Royal (PRUH),5.71,Darent Valley,13.72,Princess Royal (PRUH),5.71,Kings College Hospital,12.16
BR75DA,51.416464,0.062003,South,Princess Royal (PRUH),5.66,Darent Valley,13.79,Princess Royal (PRUH),5.66,Kings College Hospital,12.12
BR75DB,51.415273,0.059174,South,Princess Royal (PRUH),5.52,Darent Valley,14.01,Princess Royal (PRUH),5.52,Kings College Hospital,12.02
BR75DD,51.416813,0.055432,South,Princess Royal (PRUH),5.7,Darent Valley,14.24,Princess Royal (PRUH),5.7,Kings College Hospital,11.71
BR75DE,51.417951,0.064889,South,Princess Royal (PRUH),5.83,Darent Valley,13.57,Princess Royal (PRUH),5.83,Kings College Hospital,12.22
BR75DF,51.41742,0.062348,South,Princess Royal (PRUH),5.76,Darent Valley,13.75,Princess Royal (PRUH),5.76,Kings College Hospital,12.1
BR75DG,51.415508,0.052957,South,Princess Royal (PRUH),5.57,Darent Valley,14.43,Princess Royal (PRUH),5.57,Kings College Hospital,11.63
BR75DH,51.417635,0.057785,South,Princess Royal (PRUH),5.79,Darent Valley,14.06,Princess Royal (PRUH),5.79,Kings College Hospital,11.81
BR75DJ,51.419245,0.051644,South,Princess Royal (PRUH),5.99,Darent Valley,14.46,Princess Royal (PRUH),5.99,Kings College Hospital,11.35
BR75DL,51.419584,0.051788,South,Princess Royal (PRUH),6.03,Darent Valley,14.44,Princess Royal (PRUH),6.03,Kings College Hospital,11.34
BR75DN,51.418626,0.053601,South,Princess Royal (PRUH),5.91,Darent Valley,14.33,Princess Royal (PRUH),5.91,Kings College Hospital,11.5
BR75DP,51.417446,0.056266,South,Princess Royal (PRUH),5.77,Darent Valley,14.17,Princess Royal (PRUH),5.77,Kings College Hospital,11.72
BR75DQ,51.415948,0.052963,South,Princess Royal (PRUH),5.62,Darent Valley,14.42,Princess Royal (PRUH),5.62,Kings College Hospital,11.61
BR75DR,51.4177,0.05668,South,Princess Royal (PRUH),5.8,Darent Valley,14.14,Princess Royal (PRUH),5.8,Kings College Hospital,11.73
BR75DS,51.419158,0.057637,South,Princess Royal (PRUH),5.96,Darent Valley,14.05,Princess Royal (PRUH),5.96,Kings College Hospital,11.72
BR75DT,51.418437,0.054628,South,Princess Royal (PRUH),5.89,Darent Valley,14.27,Princess Royal (PRUH),5.89,Kings College Hospital,11.57
BR75DU,51.418287,0.052909,South,Princess Royal (PRUH),5.88,Darent Valley,14.39,Princess Royal (PRUH),5.88,Kings College Hospital,11.47
BR75DW,51.419317,0.0511,South,Princess Royal (PRUH),6.0,Darent Valley,14.5,Princess Royal (PRUH),6.0,Kings College Hospital,11.31
BR75DY,51.417254,0.050821,South,Princess Royal (PRUH),5.78,Darent Valley,14.54,Princess Royal (PRUH),5.78,Kings College Hospital,11.4
BR75DZ,51.416613,0.051468,South,Princess Royal (PRUH),5.7,Darent Valley,14.51,Princess Royal (PRUH),5.7,Kings College Hospital,11.48
BR75EA,51.417362,0.050783,South,Princess Royal (PRUH),5.79,Darent Valley,14.55,Princess Royal (PRUH),5.79,Kings College Hospital,11.4
BR75EB,51.417734,0.051116,South,Princess Royal (PRUH),5.83,Darent Valley,14.52,Princess Royal (PRUH),5.83,Kings College Hospital,11.4
BR75ED,51.416452,0.049376,South,Princess Royal (PRUH),5.7,Darent Valley,14.66,Princess Royal (PRUH),5.7,Kings College Hospital,11.36
BR75EE,51.415087,0.047718,South,Princess Royal (PRUH),5.57,Darent Valley,14.79,Princess Royal (PRUH),5.57,Kings College Hospital,11.34
BR75EF,51.415757,0.05002,South,Princess Royal (PRUH),5.62,Darent Valley,14.62,Princess Royal (PRUH),5.62,Kings College Hospital,11.44
BR75EG,51.417261,0.045773,South,Princess Royal (PRUH),5.83,Darent Valley,14.89,Princess Royal (PRUH),5.83,Kings College Hospital,11.1
BR75EH,51.415183,0.049434,South,Princess Royal (PRUH),5.56,Darent Valley,14.67,Princess Royal (PRUH),5.56,Kings College Hospital,11.44
BR75ES,51.418147,0.048071,South,Princess Royal (PRUH),5.9,Darent Valley,14.72,Princess Royal (PRUH),5.9,Kings College Hospital,11.19
BR75ET,51.417386,0.048382,South,Princess Royal (PRUH),5.81,Darent Valley,14.71,Princess Royal (PRUH),5.81,Kings College Hospital,11.25
BR75EX,51.416394,0.062935,South,Princess Royal (PRUH),5.65,Darent Valley,13.73,Princess Royal (PRUH),5.65,Kings College Hospital,12.18
BR75EY,51.413774,0.065635,South,Princess Royal (PRUH),5.37,Darent Valley,13.59,Princess Royal (PRUH),5.37,Kings College Hospital,12.49
BR75EZ,51.413309,0.067038,South,Princess Royal (PRUH),5.33,Darent Valley,13.51,Princess Royal (PRUH),5.33,Kings College Hospital,12.6
BR75FA,51.419904,0.066315,South,Princess Royal (PRUH),6.05,Darent Valley,13.44,Princess Royal (PRUH),6.05,Kings College Hospital,12.21
BR75FB,51.417952,0.063278,South,Princess Royal (PRUH),5.83,Darent Valley,13.68,Princess Royal (PRUH),5.83,Kings College Hospital,12.12
BR75FD,51.417491,0.0675,South,Princess Royal (PRUH),5.79,Darent Valley,13.4,Princess Royal (PRUH),5.79,Kings College Hospital,12.41
BR75FE,51.408115,0.074454,South,Princess Royal (PRUH),4.83,Darent Valley,13.12,Princess Royal (PRUH),4.83,Kings College Hospital,13.33
BR75FF,51.420959,0.054899,South,Princess Royal (PRUH),6.17,Darent Valley,14.21,Princess Royal (PRUH),6.17,Kings College Hospital,11.46
BR75FG,51.420664,0.055317,South,Princess Royal (PRUH),6.13,Darent Valley,14.19,Princess Royal (PRUH),6.13,Kings College Hospital,11.5
BR75FJ,51.420342,0.053692,South,Princess Royal (PRUH),6.1,Darent Valley,14.3,Princess Royal (PRUH),6.1,Kings College Hospital,11.41
BR75FL,51.420416,0.054098,South,Princess Royal (PRUH),6.11,Darent Valley,14.27,Princess Royal (PRUH),6.11,Kings College Hospital,11.43
BR75FR,51.420091,0.053666,South,Princess Royal (PRUH),6.08,Darent Valley,14.31,Princess Royal (PRUH),6.08,Kings College Hospital,11.42
BR75FS,51.419748,0.055276,South,Princess Royal (PRUH),6.03,Darent Valley,14.2,Princess Royal (PRUH),6.03,Kings College Hospital,11.54
BR75FT,51.409334,0.077687,South,Princess Royal (PRUH),5.02,Darent Valley,12.87,Princess Royal (PRUH),5.02,Kings College Hospital,13.46
BR75HA,51.412235,0.06571,South,Princess Royal (PRUH),5.2,Darent Valley,13.62,Princess Royal (PRUH),5.2,Kings College Hospital,12.58
BR75HB,51.411977,0.066561,South,Princess Royal (PRUH),5.18,Darent Valley,13.57,Princess Royal (PRUH),5.18,Kings College Hospital,12.64
BR75HD,51.408795,0.067525,South,Princess Royal (PRUH),4.83,Darent Valley,13.57,Princess Royal (PRUH),4.83,Kings College Hospital,12.88
BR75HE,51.414078,0.056043,South,Princess Royal (PRUH),5.4,Darent Valley,14.24,Princess Royal (PRUH),5.4,Kings College Hospital,11.9
BR75HF,51.410602,0.061423,South,Princess Royal (PRUH),5.0,Darent Valley,13.94,Princess Royal (PRUH),5.0,Kings College Hospital,12.41
BR75HG,51.413634,0.052629,South,Princess Royal (PRUH),5.37,Darent Valley,14.48,Princess Royal (PRUH),5.37,Kings College Hospital,11.72
BR75HH,51.41019,0.062871,South,Princess Royal (PRUH),4.96,Darent Valley,13.86,Princess Royal (PRUH),4.96,Kings College Hospital,12.52
BR75HJ,51.411224,0.06542,South,Princess Royal (PRUH),5.09,Darent Valley,13.66,Princess Royal (PRUH),5.09,Kings College Hospital,12.62
BR75HL,51.412679,0.057332,South,Princess Royal (PRUH),5.24,Darent Valley,14.18,Princess Royal (PRUH),5.24,Kings College Hospital,12.05
BR75HN,51.414253,0.052714,South,Princess Royal (PRUH),5.43,Darent Valley,14.47,Princess Royal (PRUH),5.43,Kings College Hospital,11.69
BR75HP,51.410914,0.060545,South,Princess Royal (PRUH),5.04,Darent Valley,14.0,Princess Royal (PRUH),5.04,Kings College Hospital,12.34
BR75HQ,51.4103,0.062243,South,Princess Royal (PRUH),4.97,Darent Valley,13.9,Princess Royal (PRUH),4.97,Kings College Hospital,12.48
BR75HR,51.415027,0.056776,South,Princess Royal (PRUH),5.5,Darent Valley,14.17,Princess Royal (PRUH),5.5,Kings College Hospital,11.89
BR75HS,51.411165,0.059564,South,Princess Royal (PRUH),5.07,Darent Valley,14.06,Princess Royal (PRUH),5.07,Kings College Hospital,12.27
BR75HT,51.412732,0.054803,South,Princess Royal (PRUH),5.25,Darent Valley,14.35,Princess Royal (PRUH),5.25,Kings College Hospital,11.9
BR75HU,51.414667,0.055782,South,Princess Royal (PRUH),5.46,Darent Valley,14.25,Princess Royal (PRUH),5.46,Kings College Hospital,11.85
BR75HW,51.416304,0.058314,South,Princess Royal (PRUH),5.64,Darent Valley,14.05,Princess Royal (PRUH),5.64,Kings College Hospital,11.91
BR75HX,51.408247,0.055177,South,Princess Royal (PRUH),4.75,Darent Valley,14.42,Princess Royal (PRUH),4.75,Kings College Hospital,12.19
BR75HY,51.408322,0.054505,South,Princess Royal (PRUH),4.77,Darent Valley,14.47,Princess Royal (PRUH),4.77,Kings College Hospital,12.14
BR75HZ,51.4091,0.054266,South,Princess Royal (PRUH),4.85,Darent Valley,14.46,Princess Royal (PRUH),4.85,Kings College Hospital,12.08
BR75JA,51.410766,0.052601,South,Princess Royal (PRUH),5.05,Darent Valley,14.54,Princess Royal (PRUH),5.05,Kings College Hospital,11.88
BR75JB,51.410187,0.053308,South,Princess Royal (PRUH),4.98,Darent Valley,14.51,Princess Royal (PRUH),4.98,Kings College Hospital,11.96
BR75JD,51.410337,0.052409,South,Princess Royal (PRUH),5.0,Darent Valley,14.56,Princess Royal (PRUH),5.0,Kings College Hospital,11.9
BR75JE,51.409204,0.053466,South,Princess Royal (PRUH),4.87,Darent Valley,14.52,Princess Royal (PRUH),4.87,Kings College Hospital,12.03
BR75JF,51.411704,0.050874,South,Princess Royal (PRUH),5.17,Darent Valley,14.64,Princess Royal (PRUH),5.17,Kings College Hospital,11.73
BR75JG,51.41205,0.052716,South,Princess Royal (PRUH),5.19,Darent Valley,14.51,Princess Royal (PRUH),5.19,Kings College Hospital,11.81
BR75JH,51.409156,0.054671,South,Princess Royal (PRUH),4.86,Darent Valley,14.44,Princess Royal (PRUH),4.86,Kings College Hospital,12.1
BR75JJ,51.411787,0.05177,South,Princess Royal (PRUH),5.17,Darent Valley,14.58,Princess Royal (PRUH),5.17,Kings College Hospital,11.77
BR75JL,51.411763,0.052142,South,Princess Royal (PRUH),5.16,Darent Valley,14.55,Princess Royal (PRUH),5.16,Kings College Hospital,11.8
BR75JN,51.411683,0.052585,South,Princess Royal (PRUH),5.15,Darent Valley,14.52,Princess Royal (PRUH),5.15,Kings College Hospital,11.83
BR75JP,51.411392,0.053808,South,Princess Royal (PRUH),5.11,Darent Valley,14.45,Princess Royal (PRUH),5.11,Kings College Hospital,11.92
BR75JQ,51.412239,0.053213,South,Princess Royal (PRUH),5.21,Darent Valley,14.47,Princess Royal (PRUH),5.21,Kings College Hospital,11.83
BR75JR,51.410836,0.055279,South,Princess Royal (PRUH),5.04,Darent Valley,14.36,Princess Royal (PRUH),5.04,Kings College Hospital,12.04
BR75JS,51.408251,0.057564,South,Princess Royal (PRUH),4.75,Darent Valley,14.26,Princess Royal (PRUH),4.75,Kings College Hospital,12.33
BR75JT,51.410073,0.056208,South,Princess Royal (PRUH),4.95,Darent Valley,14.31,Princess Royal (PRUH),4.95,Kings College Hospital,12.14
BR75JU,51.411022,0.053375,South,Princess Royal (PRUH),5.07,Darent Valley,14.48,Princess Royal (PRUH),5.07,Kings College Hospital,11.91
BR75JW,51.411657,0.053029,South,Princess Royal (PRUH),5.14,Darent Valley,14.49,Princess Royal (PRUH),5.14,Kings College Hospital,11.86
BR75JX,51.409131,0.05815,South,Princess Royal (PRUH),4.84,Darent Valley,14.2,Princess Royal (PRUH),4.84,Kings College Hospital,12.31
BR75JY,51.409929,0.056734,South,Princess Royal (PRUH),4.93,Darent Valley,14.28,Princess Royal (PRUH),4.93,Kings College Hospital,12.18
BR75JZ,51.411044,0.058294,South,Princess Royal (PRUH),5.05,Darent Valley,14.15,Princess Royal (PRUH),5.05,Kings College Hospital,12.2
BR75LA,51.409723,0.058191,South,Princess Royal (PRUH),4.91,Darent Valley,14.18,Princess Royal (PRUH),4.91,Kings College Hospital,12.27
BR75LB,51.407156,0.052784,South,Princess Royal (PRUH),4.65,Darent Valley,14.61,Princess Royal (PRUH),4.65,Kings College Hospital,12.12
BR75LD,51.407762,0.051072,South,Princess Royal (PRUH),4.73,Darent Valley,14.71,Princess Royal (PRUH),4.73,Kings College Hospital,11.98
BR75LE,51.408135,0.047738,South,Princess Royal (PRUH),4.81,Darent Valley,14.93,Princess Royal (PRUH),4.81,Kings College Hospital,11.77
BR75LF,51.409048,0.052064,South,Princess Royal (PRUH),4.86,Darent Valley,14.62,Princess Royal (PRUH),4.86,Kings College Hospital,11.96
BR75LG,51.408377,0.051876,South,Princess Royal (PRUH),4.79,Darent Valley,14.64,Princess Royal (PRUH),4.79,Kings College Hospital,11.99
BR75LH,51.409216,0.046075,South,Princess Royal (PRUH),4.95,Darent Valley,15.02,Princess Royal (PRUH),4.95,Kings College Hospital,11.6
BR75LJ,51.408913,0.048003,South,Princess Royal (PRUH),4.89,Darent Valley,14.89,Princess Royal (PRUH),4.89,Kings College Hospital,11.73
BR75LL,51.4085,0.045856,South,Princess Royal (PRUH),4.87,Darent Valley,15.05,Princess Royal (PRUH),4.87,Kings College Hospital,11.64
BR75LN,51.410564,0.044065,South,Princess Royal (PRUH),5.12,Darent Valley,15.13,Princess Royal (PRUH),5.12,Kings College Hospital,11.4
BR75LP,51.40957,0.045386,South,Princess Royal (PRUH),4.99,Darent Valley,15.06,Princess Royal (PRUH),4.99,Kings College Hospital,11.54
BR75LQ,51.409464,0.050918,South,Princess Royal (PRUH),4.92,Darent Valley,14.68,Princess Royal (PRUH),4.92,Kings College Hospital,11.87
BR75LR,51.411568,0.046338,South,Princess Royal (PRUH),5.2,Darent Valley,14.95,Princess Royal (PRUH),5.2,Kings College Hospital,11.47
BR75LS,51.411739,0.047856,South,Princess Royal (PRUH),5.2,Darent Valley,14.85,Princess Royal (PRUH),5.2,Kings College Hospital,11.55
BR75LT,51.412359,0.047337,South,Princess Royal (PRUH),5.27,Darent Valley,14.87,Princess Royal (PRUH),5.27,Kings College Hospital,11.48
BR75LU,51.413088,0.046809,South,Princess Royal (PRUH),5.36,Darent Valley,14.89,Princess Royal (PRUH),5.36,Kings College Hospital,11.41
BR75LW,51.409371,0.044903,South,Princess Royal (PRUH),4.98,Darent Valley,15.1,Princess Royal (PRUH),4.98,Kings College Hospital,11.53
BR75LX,51.41474,0.068469,South,Princess Royal (PRUH),5.5,Darent Valley,13.38,Princess Royal (PRUH),5.5,Kings College Hospital,12.61
BR75LY,51.409107,0.062549,South,Princess Royal (PRUH),4.84,Darent Valley,13.9,Princess Royal (PRUH),4.84,Kings College Hospital,12.57
BR75LZ,51.408769,0.060808,South,Princess Royal (PRUH),4.8,Darent Valley,14.03,Princess Royal (PRUH),4.8,Kings College Hospital,12.48
BR75NA,51.408074,0.057398,South,Princess Royal (PRUH),4.73,Darent Valley,14.28,Princess Royal (PRUH),4.73,Kings College Hospital,12.33
BR75NB,51.408826,0.059632,South,Princess Royal (PRUH),4.81,Darent Valley,14.11,Princess Royal (PRUH),4.81,Kings College Hospital,12.41
BR75ND,51.408704,0.06197,South,Princess Royal (PRUH),4.79,Darent Valley,13.95,Princess Royal (PRUH),4.79,Kings College Hospital,12.56
BR75NE,51.408225,0.059001,South,Princess Royal (PRUH),4.74,Darent Valley,14.16,Princess Royal (PRUH),4.74,Kings College Hospital,12.41
BR75NF,51.407993,0.056359,South,Princess Royal (PRUH),4.72,Darent Valley,14.35,Princess Royal (PRUH),4.72,Kings College Hospital,12.27
BR75NG,51.408059,0.061294,South,Princess Royal (PRUH),4.72,Darent Valley,14.01,Princess Royal (PRUH),4.72,Kings College Hospital,12.55
BR75NH,51.410157,0.060137,South,Princess Royal (PRUH),4.95,Darent Valley,14.04,Princess Royal (PRUH),4.95,Kings College Hospital,12.36
BR75NJ,51.409164,0.056757,South,Princess Royal (PRUH),4.85,Darent Valley,14.29,Princess Royal (PRUH),4.85,Kings College Hospital,12.22
BR75NL,51.407677,0.056963,South,Princess Royal (PRUH),4.68,Darent Valley,14.31,Princess Royal (PRUH),4.68,Kings College Hospital,12.33
BR75NN,51.405433,0.057711,South,Princess Royal (PRUH),4.43,Darent Valley,14.32,Princess Royal (PRUH),4.43,Kings College Hospital,12.51
BR75NP,51.407679,0.055827,South,Princess Royal (PRUH),4.69,Darent Valley,14.39,Princess Royal (PRUH),4.69,Kings College Hospital,12.26
BR75NQ,51.408038,0.059942,South,Princess Royal (PRUH),4.72,Darent Valley,14.1,Princess Royal (PRUH),4.72,Kings College Hospital,12.48
BR75NR,51.408844,0.062163,South,Princess Royal (PRUH),4.81,Darent Valley,13.93,Princess Royal (PRUH),4.81,Kings College Hospital,12.56
BR75NS,51.402692,0.061743,South,Princess Royal (PRUH),4.13,Darent Valley,14.12,Princess Royal (PRUH),4.13,Kings College Hospital,12.91
BR75NT,51.406373,0.059004,South,Princess Royal (PRUH),4.53,Darent Valley,14.21,Princess Royal (PRUH),4.53,Kings College Hospital,12.52
BR75NU,51.404785,0.060845,South,Princess Royal (PRUH),4.36,Darent Valley,14.13,Princess Royal (PRUH),4.36,Kings College Hospital,12.73
BR75NW,51.408445,0.056725,South,Princess Royal (PRUH),4.77,Darent Valley,14.31,Princess Royal (PRUH),4.77,Kings College Hospital,12.26
BR75NX,51.413358,0.057592,South,Princess Royal (PRUH),5.31,Darent Valley,14.15,Princess Royal (PRUH),5.31,Kings College Hospital,12.03
BR75NY,51.407907,0.062265,South,Princess Royal (PRUH),4.71,Darent Valley,13.95,Princess Royal (PRUH),4.71,Kings College Hospital,12.62
BR75NZ,51.405131,0.061091,South,Princess Royal (PRUH),4.4,Darent Valley,14.1,Princess Royal (PRUH),4.4,Kings College Hospital,12.72
BR75PA,51.405958,0.059072,South,Princess Royal (PRUH),4.49,Darent Valley,14.21,Princess Royal (PRUH),4.49,Kings College Hospital,12.55
BR75PB,51.407136,0.060074,South,Princess Royal (PRUH),4.62,Darent Valley,14.12,Princess Royal (PRUH),4.62,Kings College Hospital,12.54
BR75PD,51.407182,0.063124,South,Princess Royal (PRUH),4.63,Darent Valley,13.91,Princess Royal (PRUH),4.63,Kings College Hospital,12.71
BR75PE,51.410557,0.0757,South,Princess Royal (PRUH),5.12,Darent Valley,12.98,Princess Royal (PRUH),5.12,Kings College Hospital,13.27
BR75PF,51.409682,0.076351,South,Princess Royal (PRUH),5.03,Darent Valley,12.95,Princess Royal (PRUH),5.03,Kings College Hospital,13.36
BR75PG,51.411391,0.074775,South,Princess Royal (PRUH),5.19,Darent Valley,13.02,Princess Royal (PRUH),5.19,Kings College Hospital,13.17
BR75PH,51.410351,0.07106,South,Princess Royal (PRUH),5.03,Darent Valley,13.3,Princess Royal (PRUH),5.03,Kings College Hospital,13.0
BR75PJ,51.409488,0.069008,South,Princess Royal (PRUH),4.92,Darent Valley,13.46,Princess Royal (PRUH),4.92,Kings College Hospital,12.93
BR75PL,51.408409,0.07208,South,Princess Royal (PRUH),4.83,Darent Valley,13.27,Princess Royal (PRUH),4.83,Kings College Hospital,13.17
BR75PN,51.408532,0.074228,South,Princess Royal (PRUH),4.87,Darent Valley,13.13,Princess Royal (PRUH),4.87,Kings College Hospital,13.3
BR75PP,51.408422,0.072828,South,Princess Royal (PRUH),4.84,Darent Valley,13.22,Princess Royal (PRUH),4.84,Kings College Hospital,13.22
BR75PQ,51.41065,0.072958,South,Princess Royal (PRUH),5.09,Darent Valley,13.16,Princess Royal (PRUH),5.09,Kings College Hospital,13.1
BR75PR,51.407099,0.071891,South,Princess Royal (PRUH),4.69,Darent Valley,13.32,Princess Royal (PRUH),4.69,Kings College Hospital,13.24
BR75PS,51.407743,0.073632,South,Princess Royal (PRUH),4.78,Darent Valley,13.19,Princess Royal (PRUH),4.78,Kings College Hospital,13.3
BR75PT,51.401596,0.069831,South,Princess Royal (PRUH),4.06,Darent Valley,13.62,Princess Royal (PRUH),4.06,Kings College Hospital,13.44
BR75PU,51.408539,0.074861,South,Princess Royal (PRUH),4.88,Darent Valley,13.08,Princess Royal (PRUH),4.88,Kings College Hospital,13.33
BR75PW,51.406633,0.073308,South,Princess Royal (PRUH),4.66,Darent Valley,13.24,Princess Royal (PRUH),4.66,Kings College Hospital,13.35
BR75PX,51.408327,0.075657,South,Princess Royal (PRUH),4.87,Darent Valley,13.03,Princess Royal (PRUH),4.87,Kings College Hospital,13.39
BR75PY,51.408674,0.077887,South,Princess Royal (PRUH),4.95,Darent Valley,12.88,Princess Royal (PRUH),4.95,Kings College Hospital,13.51
BR75PZ,51.408879,0.074963,South,Princess Royal (PRUH),4.92,Darent Valley,13.07,Princess Royal (PRUH),4.92,Kings College Hospital,13.32
BR75QA,51.407896,0.077679,South,Princess Royal (PRUH),4.86,Darent Valley,12.91,Princess Royal (PRUH),4.86,Kings College Hospital,13.54
BR75QB,51.408435,0.079213,South,Princess Royal (PRUH),4.95,Darent Valley,12.79,Princess Royal (PRUH),4.95,Kings College Hospital,13.6
BR75QD,51.406039,0.078947,South,Princess Royal (PRUH),4.68,Darent Valley,12.88,Princess Royal (PRUH),4.68,Kings College Hospital,13.72
BR75QE,51.406014,0.078298,South,Princess Royal (PRUH),4.67,Darent Valley,12.92,Princess Royal (PRUH),4.67,Kings College Hospital,13.68
BR75QF,51.40497,0.077374,South,Princess Royal (PRUH),4.54,Darent Valley,13.01,Princess Royal (PRUH),4.54,Kings College Hospital,13.68
BR75QG,51.406444,0.07839,South,Princess Royal (PRUH),4.72,Darent Valley,12.9,Princess Royal (PRUH),4.72,Kings College Hospital,13.66
BR75QH,51.405842,0.076378,South,Princess Royal (PRUH),4.62,Darent Valley,13.05,Princess Royal (PRUH),4.62,Kings College Hospital,13.58
BR75QJ,51.406466,0.07668,South,Princess Royal (PRUH),4.69,Darent Valley,13.02,Princess Royal (PRUH),4.69,Kings College Hospital,13.56
BR75QL,51.404649,0.076669,South,Princess Royal (PRUH),4.49,Darent Valley,13.07,Princess Royal (PRUH),4.49,Kings College Hospital,13.66
BR75QN,51.405627,0.079834,South,Princess Royal (PRUH),4.66,Darent Valley,12.83,Princess Royal (PRUH),4.66,Kings College Hospital,13.79
BR75QP,51.417071,0.063267,South,Princess Royal (PRUH),5.73,Darent Valley,13.69,Princess Royal (PRUH),5.73,Kings College Hospital,12.17
BR75QQ,51.40613,0.077887,South,Princess Royal (PRUH),4.67,Darent Valley,12.94,Princess Royal (PRUH),4.67,Kings College Hospital,13.65
BR75QR,51.411189,0.054619,South,Princess Royal (PRUH),5.08,Darent Valley,14.4,Princess Royal (PRUH),5.08,Kings College Hospital,11.98
BR75QS,51.406626,0.056873,South,Princess Royal (PRUH),4.57,Darent Valley,14.35,Princess Royal (PRUH),4.57,Kings College Hospital,12.38
BR75QT,51.407431,0.048929,South,Princess Royal (PRUH),4.71,Darent Valley,14.87,Princess Royal (PRUH),4.71,Kings College Hospital,11.88
BR75QU,51.406949,0.061546,South,Princess Royal (PRUH),4.6,Darent Valley,14.02,Princess Royal (PRUH),4.6,Kings College Hospital,12.64
BR75QW,51.406557,0.07966,South,Princess Royal (PRUH),4.75,Darent Valley,12.81,Princess Royal (PRUH),4.75,Kings College Hospital,13.73
BR75QX,51.407248,0.057275,South,Princess Royal (PRUH),4.63,Darent Valley,14.3,Princess Royal (PRUH),4.63,Kings College Hospital,12.37
BR75QY,51.407386,0.067361,South,Princess Royal (PRUH),4.67,Darent Valley,13.62,Princess Royal (PRUH),4.67,Kings College Hospital,12.95
BR75QZ,51.408194,0.058755,South,Princess Royal (PRUH),4.74,Darent Valley,14.18,Princess Royal (PRUH),4.74,Kings College Hospital,12.4
BR75RA,51.409287,0.055367,South,Princess Royal (PRUH),4.87,Darent Valley,14.39,Princess Royal (PRUH),4.87,Kings College Hospital,12.13
BR75RB,51.410489,0.055048,South,Princess Royal (PRUH),5.0,Darent Valley,14.38,Princess Royal (PRUH),5.0,Kings College Hospital,12.04
BR75RD,51.407907,0.062265,South,Princess Royal (PRUH),4.71,Darent Valley,13.95,Princess Royal (PRUH),4.71,Kings College Hospital,12.62
BR75RE,51.405435,0.061737,South,Princess Royal (PRUH),4.43,Darent Valley,14.05,Princess Royal (PRUH),4.43,Kings College Hospital,12.74
BR75RF,51.405263,0.062261,South,Princess Royal (PRUH),4.41,Darent Valley,14.02,Princess Royal (PRUH),4.41,Kings College Hospital,12.78
BR75RG,51.405077,0.062612,South,Princess Royal (PRUH),4.39,Darent Valley,14.0,Princess Royal (PRUH),4.39,Kings College Hospital,12.81
BR75RH,51.409597,0.054619,South,Princess Royal (PRUH),4.91,Darent Valley,14.43,Princess Royal (PRUH),4.91,Kings College Hospital,12.07
BR75RJ,51.414117,0.046625,South,Princess Royal (PRUH),5.47,Darent Valley,14.88,Princess Royal (PRUH),5.47,Kings College Hospital,11.33
BR75RL,51.414962,0.046116,South,Princess Royal (PRUH),5.57,Darent Valley,14.9,Princess Royal (PRUH),5.57,Kings College Hospital,11.26
BR75RN,51.406685,0.065258,South,Princess Royal (PRUH),4.58,Darent Valley,13.78,Princess Royal (PRUH),4.58,Kings College Hospital,12.87
BR75RP,51.405603,0.060867,South,Princess Royal (PRUH),4.45,Darent Valley,14.1,Princess Royal (PRUH),4.45,Kings College Hospital,12.68
BR75RQ,51.4046,0.062634,South,Princess Royal (PRUH),4.34,Darent Valley,14.01,Princess Royal (PRUH),4.34,Kings College Hospital,12.84
BR75RR,51.405479,0.061753,South,Princess Royal (PRUH),4.44,Darent Valley,14.05,Princess Royal (PRUH),4.44,Kings College Hospital,12.74
BR75RS,51.407169,0.047422,South,Princess Royal (PRUH),4.7,Darent Valley,14.97,Princess Royal (PRUH),4.7,Kings College Hospital,11.81
BR75RT,51.41213,0.047615,South,Princess Royal (PRUH),5.24,Darent Valley,14.85,Princess Royal (PRUH),5.24,Kings College Hospital,11.51
BR75RU,51.419093,0.058756,South,Princess Royal (PRUH),5.95,Darent Valley,13.97,Princess Royal (PRUH),5.95,Kings College Hospital,11.79
BR75RW,51.407799,0.065337,South,Princess Royal (PRUH),4.71,Darent Valley,13.75,Princess Royal (PRUH),4.71,Kings College Hospital,12.81
BR75RX,51.407116,0.065824,South,Princess Royal (PRUH),4.63,Darent Valley,13.73,Princess Royal (PRUH),4.63,Kings College Hospital,12.88
BR75RY,51.405887,0.063641,South,Princess Royal (PRUH),4.49,Darent Valley,13.91,Princess Royal (PRUH),4.49,Kings College Hospital,12.82
BR75RZ,51.405962,0.064449,South,Princess Royal (PRUH),4.5,Darent Valley,13.85,Princess Royal (PRUH),4.5,Kings College Hospital,12.86
BR75SA,51.410936,0.045433,South,Princess Royal (PRUH),5.14,Darent Valley,15.03,Princess Royal (PRUH),5.14,Kings College Hospital,11.46
BR75SB,51.407601,0.077033,South,Princess Royal (PRUH),4.82,Darent Valley,12.96,Princess Royal (PRUH),4.82,Kings College Hospital,13.52
BR75SD,51.407532,0.078396,South,Princess Royal (PRUH),4.83,Darent Valley,12.87,Princess Royal (PRUH),4.83,Kings College Hospital,13.6
BR75SE,51.410968,0.047692,South,Princess Royal (PRUH),5.12,Darent Valley,14.87,Princess Royal (PRUH),5.12,Kings College Hospital,11.59
BR75SF,51.411829,0.048881,South,Princess Royal (PRUH),5.2,Darent Valley,14.77,Princess Royal (PRUH),5.2,Kings College Hospital,11.6
BR75SH,51.412036,0.053506,South,Princess Royal (PRUH),5.18,Darent Valley,14.45,Princess Royal (PRUH),5.18,Kings College Hospital,11.86
BR75SJ,51.406074,0.062686,South,Princess Royal (PRUH),4.5,Darent Valley,13.97,Princess Royal (PRUH),4.5,Kings College Hospital,12.76
BR75SL,51.412743,0.057766,South,Princess Royal (PRUH),5.24,Darent Valley,14.15,Princess Royal (PRUH),5.24,Kings College Hospital,12.07
BR75SN,51.420501,0.053829,South,Princess Royal (PRUH),6.12,Darent Valley,14.29,Princess Royal (PRUH),6.12,Kings College Hospital,11.41
BR75SQ,51.413642,0.057806,South,Princess Royal (PRUH),5.34,Darent Valley,14.13,Princess Royal (PRUH),5.34,Kings College Hospital,12.03
BR75SR,51.420033,0.052341,South,Princess Royal (PRUH),6.08,Darent Valley,14.4,Princess Royal (PRUH),6.08,Kings College Hospital,11.35
BR75SS,51.420033,0.052341,South,Princess Royal (PRUH),6.08,Darent Valley,14.4,Princess Royal (PRUH),6.08,Kings College Hospital,11.35
BR75ST,51.420033,0.052341,South,Princess Royal (PRUH),6.08,Darent Valley,14.4,Princess Royal (PRUH),6.08,Kings College Hospital,11.35
BR75SU,51.37683,0.099164,South,Princess Royal (PRUH),2.99,Darent Valley,12.83,Princess Royal (PRUH),2.99,Kings College Hospital,16.7
BR75SW,51.413358,0.057592,South,Princess Royal (PRUH),5.31,Darent Valley,14.15,Princess Royal (PRUH),5.31,Kings College Hospital,12.03
BR75SY,51.420033,0.052341,South,Princess Royal (PRUH),6.08,Darent Valley,14.4,Princess Royal (PRUH),6.08,Kings College Hospital,11.35
BR75TA,51.41559,0.049265,South,Princess Royal (PRUH),5.61,Darent Valley,14.68,Princess Royal (PRUH),5.61,Kings College Hospital,11.41
BR75TB,51.41559,0.049265,South,Princess Royal (PRUH),5.61,Darent Valley,14.68,Princess Royal (PRUH),5.61,Kings College Hospital,11.41
BR75TD,51.41559,0.049265,South,Princess Royal (PRUH),5.61,Darent Valley,14.68,Princess Royal (PRUH),5.61,Kings College Hospital,11.41
BR75TE,51.41559,0.049265,South,Princess Royal (PRUH),5.61,Darent Valley,14.68,Princess Royal (PRUH),5.61,Kings College Hospital,11.41
BR75TF,51.41559,0.049265,South,Princess Royal (PRUH),5.61,Darent Valley,14.68,Princess Royal (PRUH),5.61,Kings College Hospital,11.41
BR75TG,51.37683,0.099164,South,Princess Royal (PRUH),2.99,Darent Valley,12.83,Princess Royal (PRUH),2.99,Kings College Hospital,16.7
BR75TH,51.413358,0.057592,South,Princess Royal (PRUH),5.31,Darent Valley,14.15,Princess Royal (PRUH),5.31,Kings College Hospital,12.03
BR75TJ,51.420033,0.052341,South,Princess Royal (PRUH),6.08,Darent Valley,14.4,Princess Royal (PRUH),6.08,Kings College Hospital,11.35
BR75TL,51.413349,0.057577,South,Princess Royal (PRUH),5.31,Darent Valley,14.15,Princess Royal (PRUH),5.31,Kings College Hospital,12.03
BR75TP,51.37683,0.099164,South,Princess Royal (PRUH),2.99,Darent Valley,12.83,Princess Royal (PRUH),2.99,Kings College Hospital,16.7
BR75TQ,51.420033,0.052341,South,Princess Royal (PRUH),6.08,Darent Valley,14.4,Princess Royal (PRUH),6.08,Kings College Hospital,11.35
BR75TR,51.420033,0.052341,South,Princess Royal (PRUH),6.08,Darent Valley,14.4,Princess Royal (PRUH),6.08,Kings College Hospital,11.35
BR75TS,51.420033,0.052341,South,Princess Royal (PRUH),6.08,Darent Valley,14.4,Princess Royal (PRUH),6.08,Kings College Hospital,11.35
BR75TX,51.420033,0.052341,South,Princess Royal (PRUH),6.08,Darent Valley,14.4,Princess Royal (PRUH),6.08,Kings College Hospital,11.35
BR75TY,51.420033,0.052341,South,Princess Royal (PRUH),6.08,Darent Valley,14.4,Princess Royal (PRUH),6.08,Kings College Hospital,11.35
BR75UA,51.37683,0.099164,South,Princess Royal (PRUH),2.99,Darent Valley,12.83,Princess Royal (PRUH),2.99,Kings College Hospital,16.7
BR75UB,51.420033,0.052341,South,Princess Royal (PRUH),6.08,Darent Valley,14.4,Princess Royal (PRUH),6.08,Kings College Hospital,11.35
BR75UY,51.37683,0.099164,South,Princess Royal (PRUH),2.99,Darent Valley,12.83,Princess Royal (PRUH),2.99,Kings College Hospital,16.7
BR75WA,51.37683,0.099164,South,Princess Royal (PRUH),2.99,Darent Valley,12.83,Princess Royal (PRUH),2.99,Kings College Hospital,16.7
BR75WD,51.37683,0.099164,South,Princess Royal (PRUH),2.99,Darent Valley,12.83,Princess Royal (PRUH),2.99,Kings College Hospital,16.7
BR75WF,51.37683,0.099164,South,Princess Royal (PRUH),2.99,Darent Valley,12.83,Princess Royal (PRUH),2.99,Kings College Hospital,16.7
BR75WJ,51.37683,0.099164,South,Princess Royal (PRUH),2.99,Darent Valley,12.83,Princess Royal (PRUH),2.99,Kings College Hospital,16.7
BR75WN,51.37683,0.099164,South,Princess Royal (PRUH),2.99,Darent Valley,12.83,Princess Royal (PRUH),2.99,Kings College Hospital,16.7
BR75WQ,51.37683,0.099164,South,Princess Royal (PRUH),2.99,Darent Valley,12.83,Princess Royal (PRUH),2.99,Kings College Hospital,16.7
BR75WS,51.37683,0.099164,South,Princess Royal (PRUH),2.99,Darent Valley,12.83,Princess Royal (PRUH),2.99,Kings College Hospital,16.7
BR75WT,51.37683,0.099164,South,Princess Royal (PRUH),2.99,Darent Valley,12.83,Princess Royal (PRUH),2.99,Kings College Hospital,16.7
BR75WW,51.37683,0.099164,South,Princess Royal (PRUH),2.99,Darent Valley,12.83,Princess Royal (PRUH),2.99,Kings College Hospital,16.7
BR75XB,51.413358,0.057592,South,Princess Royal (PRUH),5.31,Darent Valley,14.15,Princess Royal (PRUH),5.31,Kings College Hospital,12.03
BR75XQ,51.413617,0.059243,South,Princess Royal (PRUH),5.34,Darent Valley,14.03,Princess Royal (PRUH),5.34,Kings College Hospital,12.11
BR75XT,51.4159,0.061331,South,Princess Royal (PRUH),5.59,Darent Valley,13.85,Princess Royal (PRUH),5.59,Kings College Hospital,12.11
BR75YW,51.37683,0.099164,South,Princess Royal (PRUH),2.99,Darent Valley,12.83,Princess Royal (PRUH),2.99,Kings College Hospital,16.7
BR75ZH,51.37683,0.099164,South,Princess Royal (PRUH),2.99,Darent Valley,12.83,Princess Royal (PRUH),2.99,Kings College Hospital,16.7
BR75ZJ,51.413358,0.057592,South,Princess Royal (PRUH),5.31,Darent Valley,14.15,Princess Royal (PRUH),5.31,Kings College Hospital,12.03
BR75ZN,51.37683,0.099164,South,Princess Royal (PRUH),2.99,Darent Valley,12.83,Princess Royal (PRUH),2.99,Kings College Hospital,16.7
BR75ZQ,51.413358,0.057592,South,Princess Royal (PRUH),5.31,Darent Valley,14.15,Princess Royal (PRUH),5.31,Kings College Hospital,12.03
BR75ZS,51.418135,0.058008,South,Princess Royal (PRUH),5.84,Darent Valley,14.04,Princess Royal (PRUH),5.84,Kings College Hospital,11.79
BR75ZT,51.413358,0.057592,South,Princess Royal (PRUH),5.31,Darent Valley,14.15,Princess Royal (PRUH),5.31,Kings College Hospital,12.03
BR75ZW,51.413358,0.057592,South,Princess Royal (PRUH),5.31,Darent Valley,14.15,Princess Royal (PRUH),5.31,Kings College Hospital,12.03
BR75ZX,51.413358,0.057592,South,Princess Royal (PRUH),5.31,Darent Valley,14.15,Princess Royal (PRUH),5.31,Kings College Hospital,12.03
BR75ZY,51.37683,0.099164,South,Princess Royal (PRUH),2.99,Darent Valley,12.83,Princess Royal (PRUH),2.99,Kings College Hospital,16.7
BR75ZZ,51.413358,0.057592,South,Princess Royal (PRUH),5.31,Darent Valley,14.15,Princess Royal (PRUH),5.31,Kings College Hospital,12.03
BR76AA,51.417424,0.071798,South,Princess Royal (PRUH),5.82,Darent Valley,13.1,Princess Royal (PRUH),5.82,Kings College Hospital,12.68
BR76AB,51.417705,0.073249,South,Princess Royal (PRUH),5.87,Darent Valley,13.0,Princess Royal (PRUH),5.87,Kings College Hospital,12.75
BR76AD,51.418756,0.071757,South,Princess Royal (PRUH),5.97,Darent Valley,13.08,Princess Royal (PRUH),5.97,Kings College Hospital,12.61
BR76AE,51.416911,0.073371,South,Princess Royal (PRUH),5.78,Darent Valley,13.0,Princess Royal (PRUH),5.78,Kings College Hospital,12.8
BR76AF,51.417055,0.07437,South,Princess Royal (PRUH),5.81,Darent Valley,12.93,Princess Royal (PRUH),5.81,Kings College Hospital,12.86
BR76AG,51.418725,0.069426,South,Princess Royal (PRUH),5.94,Darent Valley,13.24,Princess Royal (PRUH),5.94,Kings College Hospital,12.47
BR76AH,51.417257,0.070596,South,Princess Royal (PRUH),5.79,Darent Valley,13.19,Princess Royal (PRUH),5.79,Kings College Hospital,12.61
BR76AJ,51.418179,0.069286,South,Princess Royal (PRUH),5.88,Darent Valley,13.26,Princess Royal (PRUH),5.88,Kings College Hospital,12.48
BR76AN,51.420396,0.069516,South,Princess Royal (PRUH),6.13,Darent Valley,13.21,Princess Royal (PRUH),6.13,Kings College Hospital,12.39
BR76AP,51.420587,0.069438,South,Princess Royal (PRUH),6.15,Darent Valley,13.22,Princess Royal (PRUH),6.15,Kings College Hospital,12.38
BR76AQ,51.419432,0.06963,South,Princess Royal (PRUH),6.02,Darent Valley,13.22,Princess Royal (PRUH),6.02,Kings College Hospital,12.44
BR76AR,51.420654,0.06819,South,Princess Royal (PRUH),6.15,Darent Valley,13.3,Princess Royal (PRUH),6.15,Kings College Hospital,12.3
BR76AS,51.421036,0.068423,South,Princess Royal (PRUH),6.19,Darent Valley,13.28,Princess Royal (PRUH),6.19,Kings College Hospital,12.29
BR76AT,51.422378,0.067318,South,Princess Royal (PRUH),6.33,Darent Valley,13.34,Princess Royal (PRUH),6.33,Kings College Hospital,12.16
BR76AW,51.420807,0.068671,South,Princess Royal (PRUH),6.17,Darent Valley,13.27,Princess Royal (PRUH),6.17,Kings College Hospital,12.32
BR76BA,51.419675,0.06862,South,Princess Royal (PRUH),6.04,Darent Valley,13.29,Princess Royal (PRUH),6.04,Kings College Hospital,12.37
BR76BB,51.420227,0.067926,South,Princess Royal (PRUH),6.1,Darent Valley,13.33,Princess Royal (PRUH),6.1,Kings College Hospital,12.3
BR76BD,51.420663,0.068176,South,Princess Royal (PRUH),6.15,Darent Valley,13.3,Princess Royal (PRUH),6.15,Kings College Hospital,12.29
BR76BE,51.414359,0.079367,South,Princess Royal (PRUH),5.59,Darent Valley,12.64,Princess Royal (PRUH),5.59,Kings College Hospital,13.3
BR76BF,51.411885,0.08042,South,Princess Royal (PRUH),5.34,Darent Valley,12.63,Princess Royal (PRUH),5.34,Kings College Hospital,13.49
BR76BG,51.420729,0.066956,South,Princess Royal (PRUH),6.15,Darent Valley,13.39,Princess Royal (PRUH),6.15,Kings College Hospital,12.21
BR76BH,51.422103,0.07014,South,Princess Royal (PRUH),6.32,Darent Valley,13.15,Princess Royal (PRUH),6.32,Kings College Hospital,12.35
BR76BJ,51.421594,0.070462,South,Princess Royal (PRUH),6.27,Darent Valley,13.13,Princess Royal (PRUH),6.27,Kings College Hospital,12.39
BR76BQ,51.421018,0.066897,South,Princess Royal (PRUH),6.18,Darent Valley,13.39,Princess Royal (PRUH),6.18,Kings College Hospital,12.2
BR76BS,51.422414,0.073922,South,Princess Royal (PRUH),6.39,Darent Valley,12.88,Princess Royal (PRUH),6.39,Kings College Hospital,12.57
BR76BT,51.422255,0.073239,South,Princess Royal (PRUH),6.37,Darent Valley,12.93,Princess Royal (PRUH),6.37,Kings College Hospital,12.54
BR76BU,51.420163,0.071548,South,Princess Royal (PRUH),6.12,Darent Valley,13.08,Princess Royal (PRUH),6.12,Kings College Hospital,12.53
BR76BW,51.421414,0.069432,South,Princess Royal (PRUH),6.24,Darent Valley,13.21,Princess Royal (PRUH),6.24,Kings College Hospital,12.34
BR76BX,51.420652,0.071857,South,Princess Royal (PRUH),6.18,Darent Valley,13.05,Princess Royal (PRUH),6.18,Kings College Hospital,12.52
BR76BY,51.421819,0.071436,South,Princess Royal (PRUH),6.3,Darent Valley,13.06,Princess Royal (PRUH),6.3,Kings College Hospital,12.44
BR76BZ,51.42172,0.071992,South,Princess Royal (PRUH),6.3,Darent Valley,13.03,Princess Royal (PRUH),6.3,Kings College Hospital,12.48
BR76DA,51.421218,0.062721,South,Princess Royal (PRUH),6.19,Darent Valley,13.67,Princess Royal (PRUH),6.19,Kings College Hospital,11.93
BR76DB,51.421074,0.064239,South,Princess Royal (PRUH),6.18,Darent Valley,13.57,Princess Royal (PRUH),6.18,Kings College Hospital,12.03
BR76DD,51.420764,0.06142,South,Princess Royal (PRUH),6.13,Darent Valley,13.77,Princess Royal (PRUH),6.13,Kings College Hospital,11.87
BR76DE,51.421796,0.060518,South,Princess Royal (PRUH),6.25,Darent Valley,13.81,Princess Royal (PRUH),6.25,Kings College Hospital,11.76
BR76DF,51.421769,0.060013,South,Princess Royal (PRUH),6.25,Darent Valley,13.85,Princess Royal (PRUH),6.25,Kings College Hospital,11.73
BR76FA,51.410889,0.078778,South,Princess Royal (PRUH),5.2,Darent Valley,12.76,Princess Royal (PRUH),5.2,Kings College Hospital,13.44
BR76FD,51.42191,0.06117,South,Princess Royal (PRUH),6.26,Darent Valley,13.77,Princess Royal (PRUH),6.26,Kings College Hospital,11.8
BR76FE,51.422066,0.061537,South,Princess Royal (PRUH),6.28,Darent Valley,13.74,Princess Royal (PRUH),6.28,Kings College Hospital,11.81
BR76GL,51.422634,0.082318,South,Princess Royal (PRUH),6.53,Darent Valley,12.3,Princess Royal (PRUH),6.53,Kings College Hospital,13.1
BR76HA,51.418072,0.092006,South,Princess Royal (PRUH),6.24,Darent Valley,11.71,Princess Royal (PRUH),6.24,Kings College Hospital,13.92
BR76HB,51.417357,0.090765,South,Princess Royal (PRUH),6.14,Darent Valley,11.81,Princess Royal (PRUH),6.14,Kings College Hospital,13.87
BR76HD,51.418069,0.095731,South,Princess Royal (PRUH),6.34,Darent Valley,11.45,Princess Royal (PRUH),6.34,Kings College Hospital,14.15
BR76HE,51.418617,0.089212,South,Princess Royal (PRUH),6.23,Darent Valley,11.89,Princess Royal (PRUH),6.23,Kings College Hospital,13.71
BR76HF,51.418042,0.089689,South,Princess Royal (PRUH),6.18,Darent Valley,11.87,Princess Royal (PRUH),6.18,Kings College Hospital,13.77
BR76HH,51.417056,0.089514,South,Princess Royal (PRUH),6.08,Darent Valley,11.9,Princess Royal (PRUH),6.08,Kings College Hospital,13.8
BR76HJ,51.422119,0.086955,South,Princess Royal (PRUH),6.56,Darent Valley,11.99,Princess Royal (PRUH),6.56,Kings College Hospital,13.42
BR76HN,51.421548,0.065915,South,Princess Royal (PRUH),6.23,Darent Valley,13.45,Princess Royal (PRUH),6.23,Kings College Hospital,12.11
BR76HP,51.420992,0.065817,South,Princess Royal (PRUH),6.17,Darent Valley,13.46,Princess Royal (PRUH),6.17,Kings College Hospital,12.13
BR76HR,51.421627,0.06704,South,Princess Royal (PRUH),6.25,Darent Valley,13.37,Princess Royal (PRUH),6.25,Kings College Hospital,12.18
BR76HW,51.421822,0.065654,South,Princess Royal (PRUH),6.26,Darent Valley,13.46,Princess Royal (PRUH),6.26,Kings College Hospital,12.08
BR76JA,51.422419,0.065997,South,Princess Royal (PRUH),6.33,Darent Valley,13.43,Princess Royal (PRUH),6.33,Kings College Hospital,12.07
BR76JB,51.422102,0.064616,South,Princess Royal (PRUH),6.29,Darent Valley,13.53,Princess Royal (PRUH),6.29,Kings College Hospital,12.0
BR76JD,51.421699,0.063994,South,Princess Royal (PRUH),6.24,Darent Valley,13.58,Princess Royal (PRUH),6.24,Kings College Hospital,11.98
BR76LD,51.420391,0.075427,South,Princess Royal (PRUH),6.19,Darent Valley,12.81,Princess Royal (PRUH),6.19,Kings College Hospital,12.76
BR76LE,51.412673,0.077047,South,Princess Royal (PRUH),5.37,Darent Valley,12.84,Princess Royal (PRUH),5.37,Kings College Hospital,13.24
BR76LF,51.412426,0.075756,South,Princess Royal (PRUH),5.32,Darent Valley,12.93,Princess Royal (PRUH),5.32,Kings College Hospital,13.18
BR76LG,51.415378,0.079716,South,Princess Royal (PRUH),5.7,Darent Valley,12.6,Princess Royal (PRUH),5.7,Kings College Hospital,13.27
BR76LH,51.413412,0.077958,South,Princess Royal (PRUH),5.46,Darent Valley,12.76,Princess Royal (PRUH),5.46,Kings College Hospital,13.26
BR76LJ,51.417805,0.076691,South,Princess Royal (PRUH),5.92,Darent Valley,12.76,Princess Royal (PRUH),5.92,Kings College Hospital,12.96
BR76LL,51.413582,0.078512,South,Princess Royal (PRUH),5.49,Darent Valley,12.72,Princess Royal (PRUH),5.49,Kings College Hospital,13.29
BR76LN,51.415256,0.0931,South,Princess Royal (PRUH),5.98,Darent Valley,11.69,Princess Royal (PRUH),5.98,Kings College Hospital,14.11
BR76LQ,51.414992,0.075599,South,Princess Royal (PRUH),5.6,Darent Valley,12.89,Princess Royal (PRUH),5.6,Kings College Hospital,13.03
BR76LR,51.414257,0.083087,South,Princess Royal (PRUH),5.64,Darent Valley,12.39,Princess Royal (PRUH),5.64,Kings College Hospital,13.54
BR76LS,51.411586,0.096168,South,Princess Royal (PRUH),5.7,Darent Valley,11.57,Princess Royal (PRUH),5.7,Kings College Hospital,14.48
BR76LT,51.418686,0.076213,South,Princess Royal (PRUH),6.01,Darent Valley,12.78,Princess Royal (PRUH),6.01,Kings College Hospital,12.89
BR76LU,51.417229,0.075701,South,Princess Royal (PRUH),5.84,Darent Valley,12.84,Princess Royal (PRUH),5.84,Kings College Hospital,12.93
BR76LW,51.408643,0.089778,South,Princess Royal (PRUH),5.21,Darent Valley,12.08,Princess Royal (PRUH),5.21,Kings College Hospital,14.23
BR76LX,51.4196,0.076384,South,Princess Royal (PRUH),6.11,Darent Valley,12.75,Princess Royal (PRUH),6.11,Kings College Hospital,12.86
BR76LY,51.419405,0.077741,South,Princess Royal (PRUH),6.11,Darent Valley,12.66,Princess Royal (PRUH),6.11,Kings College Hospital,12.95
BR76LZ,51.417403,0.077046,South,Princess Royal (PRUH),5.88,Darent Valley,12.74,Princess Royal (PRUH),5.88,Kings College Hospital,13.01
BR76NA,51.418715,0.077652,South,Princess Royal (PRUH),6.03,Darent Valley,12.68,Princess Royal (PRUH),6.03,Kings College Hospital,12.98
BR76NB,51.4191,0.076217,South,Princess Royal (PRUH),6.05,Darent Valley,12.77,Princess Royal (PRUH),6.05,Kings College Hospital,12.87
BR76ND,51.415313,0.077771,South,Princess Royal (PRUH),5.66,Darent Valley,12.73,Princess Royal (PRUH),5.66,Kings College Hospital,13.15
BR76NE,51.419517,0.077545,South,Princess Royal (PRUH),6.12,Darent Valley,12.67,Princess Royal (PRUH),6.12,Kings College Hospital,12.94
BR76NF,51.41806,0.077522,South,Princess Royal (PRUH),5.96,Darent Valley,12.7,Princess Royal (PRUH),5.96,Kings College Hospital,13.0
BR76NJ,51.411541,0.074968,South,Princess Royal (PRUH),5.21,Darent Valley,13.0,Princess Royal (PRUH),5.21,Kings College Hospital,13.18
BR76NL,51.41717,0.075525,South,Princess Royal (PRUH),5.83,Darent Valley,12.85,Princess Royal (PRUH),5.83,Kings College Hospital,12.92
BR76NN,51.41218,0.075457,South,Princess Royal (PRUH),5.29,Darent Valley,12.96,Princess Royal (PRUH),5.29,Kings College Hospital,13.17
BR76NP,51.416131,0.078283,South,Princess Royal (PRUH),5.76,Darent Valley,12.68,Princess Royal (PRUH),5.76,Kings College Hospital,13.14
BR76NR,51.411588,0.075373,South,Princess Royal (PRUH),5.22,Darent Valley,12.98,Princess Royal (PRUH),5.22,Kings College Hospital,13.2
BR76NS,51.411041,0.076283,South,Princess Royal (PRUH),5.18,Darent Valley,12.93,Princess Royal (PRUH),5.18,Kings College Hospital,13.28
BR76NT,51.412326,0.078369,South,Princess Royal (PRUH),5.35,Darent Valley,12.75,Princess Royal (PRUH),5.35,Kings College Hospital,13.34
BR76NU,51.411704,0.077449,South,Princess Royal (PRUH),5.27,Darent Valley,12.83,Princess Royal (PRUH),5.27,Kings College Hospital,13.32
BR76NW,51.411698,0.076255,South,Princess Royal (PRUH),5.25,Darent Valley,12.91,Princess Royal (PRUH),5.25,Kings College Hospital,13.25
BR76NX,51.412494,0.079052,South,Princess Royal (PRUH),5.38,Darent Valley,12.7,Princess Royal (PRUH),5.38,Kings College Hospital,13.38
BR76NY,51.412647,0.080023,South,Princess Royal (PRUH),5.41,Darent Valley,12.64,Princess Royal (PRUH),5.41,Kings College Hospital,13.43
BR76NZ,51.411216,0.077556,South,Princess Royal (PRUH),5.22,Darent Valley,12.84,Princess Royal (PRUH),5.22,Kings College Hospital,13.35
BR76PA,51.413578,0.080784,South,Princess Royal (PRUH),5.53,Darent Valley,12.56,Princess Royal (PRUH),5.53,Kings College Hospital,13.43
BR76PB,51.413141,0.080578,South,Princess Royal (PRUH),5.48,Darent Valley,12.59,Princess Royal (PRUH),5.48,Kings College Hospital,13.44
BR76PD,51.412181,0.079959,South,Princess Royal (PRUH),5.36,Darent Valley,12.65,Princess Royal (PRUH),5.36,Kings College Hospital,13.45
BR76PE,51.411386,0.082195,South,Princess Royal (PRUH),5.32,Darent Valley,12.52,Princess Royal (PRUH),5.32,Kings College Hospital,13.63
BR76PF,51.410294,0.082404,South,Princess Royal (PRUH),5.21,Darent Valley,12.53,Princess Royal (PRUH),5.21,Kings College Hospital,13.7
BR76PG,51.409775,0.080223,South,Princess Royal (PRUH),5.11,Darent Valley,12.69,Princess Royal (PRUH),5.11,Kings College Hospital,13.59
BR76PH,51.411459,0.080602,South,Princess Royal (PRUH),5.3,Darent Valley,12.62,Princess Royal (PRUH),5.3,Kings College Hospital,13.52
BR76PJ,51.409788,0.081532,South,Princess Royal (PRUH),5.14,Darent Valley,12.6,Princess Royal (PRUH),5.14,Kings College Hospital,13.67
BR76PL,51.415074,0.086691,South,Princess Royal (PRUH),5.8,Darent Valley,12.13,Princess Royal (PRUH),5.8,Kings College Hospital,13.72
BR76PN,51.415035,0.087351,South,Princess Royal (PRUH),5.82,Darent Valley,12.09,Princess Royal (PRUH),5.82,Kings College Hospital,13.76
BR76PP,51.414625,0.088123,South,Princess Royal (PRUH),5.79,Darent Valley,12.04,Princess Royal (PRUH),5.79,Kings College Hospital,13.83
BR76PQ,51.408997,0.081511,South,Princess Royal (PRUH),5.05,Darent Valley,12.62,Princess Royal (PRUH),5.05,Kings College Hospital,13.71
BR76PR,51.414643,0.088671,South,Princess Royal (PRUH),5.8,Darent Valley,12.0,Princess Royal (PRUH),5.8,Kings College Hospital,13.86
BR76PS,51.415449,0.087327,South,Princess Royal (PRUH),5.86,Darent Valley,12.08,Princess Royal (PRUH),5.86,Kings College Hospital,13.74
BR76PT,51.415856,0.089244,South,Princess Royal (PRUH),5.95,Darent Valley,11.94,Princess Royal (PRUH),5.95,Kings College Hospital,13.84
BR76PU,51.414276,0.081492,South,Princess Royal (PRUH),5.61,Darent Valley,12.5,Princess Royal (PRUH),5.61,Kings College Hospital,13.44
BR76PW,51.415013,0.088573,South,Princess Royal (PRUH),5.84,Darent Valley,12.0,Princess Royal (PRUH),5.84,Kings College Hospital,13.84
BR76PX,51.415095,0.08954,South,Princess Royal (PRUH),5.87,Darent Valley,11.93,Princess Royal (PRUH),5.87,Kings College Hospital,13.9
BR76PY,51.415352,0.089753,South,Princess Royal (PRUH),5.9,Darent Valley,11.92,Princess Royal (PRUH),5.9,Kings College Hospital,13.9
BR76PZ,51.415727,0.089914,South,Princess Royal (PRUH),5.95,Darent Valley,11.9,Princess Royal (PRUH),5.95,Kings College Hospital,13.89
BR76QA,51.409392,0.079012,South,Princess Royal (PRUH),5.04,Darent Valley,12.78,Princess Royal (PRUH),5.04,Kings College Hospital,13.54
BR76QB,51.410951,0.077818,South,Princess Royal (PRUH),5.19,Darent Valley,12.82,Princess Royal (PRUH),5.19,Kings College Hospital,13.38
BR76QD,51.410812,0.078041,South,Princess Royal (PRUH),5.18,Darent Valley,12.81,Princess Royal (PRUH),5.18,Kings College Hospital,13.4
BR76QE,51.408637,0.082012,South,Princess Royal (PRUH),5.02,Darent Valley,12.6,Princess Royal (PRUH),5.02,Kings College Hospital,13.76
BR76QF,51.410424,0.077592,South,Princess Royal (PRUH),5.13,Darent Valley,12.85,Princess Royal (PRUH),5.13,Kings College Hospital,13.4
BR76QG,51.410036,0.078164,South,Princess Royal (PRUH),5.1,Darent Valley,12.82,Princess Royal (PRUH),5.1,Kings College Hospital,13.45
BR76QH,51.400697,0.090048,South,Princess Royal (PRUH),4.42,Darent Valley,12.31,Princess Royal (PRUH),4.42,Kings College Hospital,14.68
BR76QJ,51.398982,0.095462,South,Princess Royal (PRUH),4.45,Darent Valley,12.01,Princess Royal (PRUH),4.45,Kings College Hospital,15.1
BR76QL,51.399236,0.096308,South,Princess Royal (PRUH),4.51,Darent Valley,11.95,Princess Royal (PRUH),4.51,Kings College Hospital,15.14
BR76QN,51.399132,0.091573,South,Princess Royal (PRUH),4.32,Darent Valley,12.26,Princess Royal (PRUH),4.32,Kings College Hospital,14.86
BR76QP,51.399175,0.099252,South,Princess Royal (PRUH),4.62,Darent Valley,11.76,Princess Royal (PRUH),4.62,Kings College Hospital,15.32
BR76QQ,51.408328,0.080704,South,Princess Royal (PRUH),4.96,Darent Valley,12.69,Princess Royal (PRUH),4.96,Kings College Hospital,13.7
BR76QR,51.399667,0.097894,South,Princess Royal (PRUH),4.61,Darent Valley,11.83,Princess Royal (PRUH),4.61,Kings College Hospital,15.21
BR76QS,51.400694,0.091241,South,Princess Royal (PRUH),4.46,Darent Valley,12.23,Princess Royal (PRUH),4.46,Kings College Hospital,14.75
BR76QT,51.400131,0.08903,South,Princess Royal (PRUH),4.34,Darent Valley,12.39,Princess Royal (PRUH),4.34,Kings College Hospital,14.65
BR76QU,51.401367,0.089317,South,Princess Royal (PRUH),4.47,Darent Valley,12.33,Princess Royal (PRUH),4.47,Kings College Hospital,14.6
BR76QW,51.399643,0.091165,South,Princess Royal (PRUH),4.36,Darent Valley,12.27,Princess Royal (PRUH),4.36,Kings College Hospital,14.81
BR76QX,51.401324,0.093197,South,Princess Royal (PRUH),4.59,Darent Valley,12.08,Princess Royal (PRUH),4.59,Kings College Hospital,14.84
BR76QY,51.40107,0.094867,South,Princess Royal (PRUH),4.63,Darent Valley,11.98,Princess Royal (PRUH),4.63,Kings College Hospital,14.95
BR76QZ,51.400507,0.095144,South,Princess Royal (PRUH),4.58,Darent Valley,11.98,Princess Royal (PRUH),4.58,Kings College Hospital,15.0
BR76RA,51.397902,0.08798,South,Princess Royal (PRUH),4.08,Darent Valley,12.54,Princess Royal (PRUH),4.08,Kings College Hospital,14.72
BR76RB,51.396406,0.088631,South,Princess Royal (PRUH),3.96,Darent Valley,12.56,Princess Royal (PRUH),3.96,Kings College Hospital,14.85
BR76RD,51.397274,0.089389,South,Princess Royal (PRUH),4.07,Darent Valley,12.47,Princess Royal (PRUH),4.07,Kings College Hospital,14.84
BR76RE,51.39828,0.092986,South,Princess Royal (PRUH),4.29,Darent Valley,12.2,Princess Royal (PRUH),4.29,Kings College Hospital,15.0
BR76RF,51.397905,0.094335,South,Princess Royal (PRUH),4.31,Darent Valley,12.13,Princess Royal (PRUH),4.31,Kings College Hospital,15.1
BR76RG,51.39821,0.097411,South,Princess Royal (PRUH),4.46,Darent Valley,11.91,Princess Royal (PRUH),4.46,Kings College Hospital,15.26
BR76RH,51.397086,0.092831,South,Princess Royal (PRUH),4.18,Darent Valley,12.26,Princess Royal (PRUH),4.18,Kings College Hospital,15.06
BR76RJ,51.39664,0.092667,South,Princess Royal (PRUH),4.13,Darent Valley,12.28,Princess Royal (PRUH),4.13,Kings College Hospital,15.07
BR76RL,51.395412,0.089434,South,Princess Royal (PRUH),3.89,Darent Valley,12.54,Princess Royal (PRUH),3.89,Kings College Hospital,14.96
BR76RN,51.395858,0.092157,South,Princess Royal (PRUH),4.04,Darent Valley,12.35,Princess Royal (PRUH),4.04,Kings College Hospital,15.09
BR76RQ,51.397078,0.094814,South,Princess Royal (PRUH),4.25,Darent Valley,12.13,Princess Royal (PRUH),4.25,Kings College Hospital,15.17
BR76RR,51.42307,0.087603,South,Princess Royal (PRUH),6.67,Darent Valley,11.93,Princess Royal (PRUH),6.67,Kings College Hospital,13.42
BR76RS,51.415863,0.075193,South,Princess Royal (PRUH),5.69,Darent Valley,12.9,Princess Royal (PRUH),5.69,Kings College Hospital,12.97
BR76RT,51.415977,0.07632,South,Princess Royal (PRUH),5.71,Darent Valley,12.82,Princess Royal (PRUH),5.71,Kings College Hospital,13.03
BR76RU,51.419152,0.075299,South,Princess Royal (PRUH),6.05,Darent Valley,12.83,Princess Royal (PRUH),6.05,Kings College Hospital,12.81
BR76RW,51.395473,0.092527,South,Princess Royal (PRUH),4.02,Darent Valley,12.34,Princess Royal (PRUH),4.02,Kings College Hospital,15.13
BR76RX,51.418386,0.075394,South,Princess Royal (PRUH),5.97,Darent Valley,12.84,Princess Royal (PRUH),5.97,Kings College Hospital,12.85
BR76RY,51.419566,0.074268,South,Princess Royal (PRUH),6.08,Darent Valley,12.9,Princess Royal (PRUH),6.08,Kings College Hospital,12.73
BR76RZ,51.418556,0.073891,South,Princess Royal (PRUH),5.97,Darent Valley,12.94,Princess Royal (PRUH),5.97,Kings College Hospital,12.75
BR76SA,51.409929,0.083681,South,Princess Royal (PRUH),5.2,Darent Valley,12.45,Princess Royal (PRUH),5.2,Kings College Hospital,13.79
BR76SB,51.421326,0.063689,South,Princess Royal (PRUH),6.2,Darent Valley,13.6,Princess Royal (PRUH),6.2,Kings College Hospital,11.98
BR76SD,51.418846,0.08495,South,Princess Royal (PRUH),6.17,Darent Valley,12.18,Princess Royal (PRUH),6.17,Kings College Hospital,13.43
BR76SE,51.400068,0.094045,South,Princess Royal (PRUH),4.5,Darent Valley,12.06,Princess Royal (PRUH),4.5,Kings College Hospital,14.96
BR76SG,51.418729,0.075294,South,Princess Royal (PRUH),6.0,Darent Valley,12.84,Princess Royal (PRUH),6.0,Kings College Hospital,12.83
BR76SH,51.416063,0.088203,South,Princess Royal (PRUH),5.94,Darent Valley,12.01,Princess Royal (PRUH),5.94,Kings College Hospital,13.77
BR76SL,51.397833,0.087287,South,Princess Royal (PRUH),4.05,Darent Valley,12.59,Princess Royal (PRUH),4.05,Kings College Hospital,14.69
BR76SN,51.411492,0.076706,South,Princess Royal (PRUH),5.23,Darent Valley,12.89,Princess Royal (PRUH),5.23,Kings College Hospital,13.28
BR76SP,51.409642,0.080634,South,Princess Royal (PRUH),5.1,Darent Valley,12.67,Princess Royal (PRUH),5.1,Kings College Hospital,13.62
BR76SR,51.409642,0.080634,South,Princess Royal (PRUH),5.1,Darent Valley,12.67,Princess Royal (PRUH),5.1,Kings College Hospital,13.62
BR76ST,51.409642,0.080634,South,Princess Royal (PRUH),5.1,Darent Valley,12.67,Princess Royal (PRUH),5.1,Kings College Hospital,13.62
BR76SZ,51.409642,0.080634,South,Princess Royal (PRUH),5.1,Darent Valley,12.67,Princess Royal (PRUH),5.1,Kings College Hospital,13.62
BR76TL,51.414303,0.078444,South,Princess Royal (PRUH),5.56,Darent Valley,12.71,Princess Royal (PRUH),5.56,Kings College Hospital,13.25
BR76TN,51.411376,0.075119,South,Princess Royal (PRUH),5.2,Darent Valley,13.0,Princess Royal (PRUH),5.2,Kings College Hospital,13.19
BR76TP,51.414186,0.077964,South,Princess Royal (PRUH),5.54,Darent Valley,12.74,Princess Royal (PRUH),5.54,Kings College Hospital,13.22
BR76TR,51.414186,0.077964,South,Princess Royal (PRUH),5.54,Darent Valley,12.74,Princess Royal (PRUH),5.54,Kings College Hospital,13.22
BR76TS,51.414186,0.077964,South,Princess Royal (PRUH),5.54,Darent Valley,12.74,Princess Royal (PRUH),5.54,Kings College Hospital,13.22
BR76TT,51.414186,0.077964,South,Princess Royal (PRUH),5.54,Darent Valley,12.74,Princess Royal (PRUH),5.54,Kings College Hospital,13.22
BR76TW,51.412414,0.076446,South,Princess Royal (PRUH),5.33,Darent Valley,12.88,Princess Royal (PRUH),5.33,Kings College Hospital,13.22
BR76UB,51.37683,0.099164,South,Princess Royal (PRUH),2.99,Darent Valley,12.83,Princess Royal (PRUH),2.99,Kings College Hospital,16.7
BR76UD,51.4191,0.070622,South,Princess Royal (PRUH),5.99,Darent Valley,13.16,Princess Royal (PRUH),5.99,Kings College Hospital,12.52
BR76UE,51.37683,0.099164,South,Princess Royal (PRUH),2.99,Darent Valley,12.83,Princess Royal (PRUH),2.99,Kings College Hospital,16.7
BR76UG,51.37683,0.099164,South,Princess Royal (PRUH),2.99,Darent Valley,12.83,Princess Royal (PRUH),2.99,Kings College Hospital,16.7
BR76UH,51.37683,0.099164,South,Princess Royal (PRUH),2.99,Darent Valley,12.83,Princess Royal (PRUH),2.99,Kings College Hospital,16.7
BR76UJ,51.4191,0.070622,South,Princess Royal (PRUH),5.99,Darent Valley,13.16,Princess Royal (PRUH),5.99,Kings College Hospital,12.52
BR76UL,51.37683,0.099164,South,Princess Royal (PRUH),2.99,Darent Valley,12.83,Princess Royal (PRUH),2.99,Kings College Hospital,16.7
BR76UN,51.414186,0.077964,South,Princess Royal (PRUH),5.54,Darent Valley,12.74,Princess Royal (PRUH),5.54,Kings College Hospital,13.22
BR76UP,51.414186,0.077964,South,Princess Royal (PRUH),5.54,Darent Valley,12.74,Princess Royal (PRUH),5.54,Kings College Hospital,13.22
BR76UQ,51.4191,0.070608,South,Princess Royal (PRUH),5.99,Darent Valley,13.16,Princess Royal (PRUH),5.99,Kings College Hospital,12.52
BR76UR,51.414186,0.077964,South,Princess Royal (PRUH),5.54,Darent Valley,12.74,Princess Royal (PRUH),5.54,Kings College Hospital,13.22
BR76UT,51.414186,0.077964,South,Princess Royal (PRUH),5.54,Darent Valley,12.74,Princess Royal (PRUH),5.54,Kings College Hospital,13.22
BR76UU,51.414186,0.077964,South,Princess Royal (PRUH),5.54,Darent Valley,12.74,Princess Royal (PRUH),5.54,Kings College Hospital,13.22
BR76UW,51.414186,0.077964,South,Princess Royal (PRUH),5.54,Darent Valley,12.74,Princess Royal (PRUH),5.54,Kings College Hospital,13.22
BR76UY,51.4191,0.070608,South,Princess Royal (PRUH),5.99,Darent Valley,13.16,Princess Royal (PRUH),5.99,Kings College Hospital,12.52
BR76WG,51.37683,0.099164,South,Princess Royal (PRUH),2.99,Darent Valley,12.83,Princess Royal (PRUH),2.99,Kings College Hospital,16.7
BR76WH,51.37683,0.099164,South,Princess Royal (PRUH),2.99,Darent Valley,12.83,Princess Royal (PRUH),2.99,Kings College Hospital,16.7
BR76WJ,51.37683,0.099164,South,Princess Royal (PRUH),2.99,Darent Valley,12.83,Princess Royal (PRUH),2.99,Kings College Hospital,16.7
BR76WQ,51.37683,0.099164,South,Princess Royal (PRUH),2.99,Darent Valley,12.83,Princess Royal (PRUH),2.99,Kings College Hospital,16.7
BR76WS,51.37683,0.099164,South,Princess Royal (PRUH),2.99,Darent Valley,12.83,Princess Royal (PRUH),2.99,Kings College Hospital,16.7
BR76WU,51.37683,0.099164,South,Princess Royal (PRUH),2.99,Darent Valley,12.83,Princess Royal (PRUH),2.99,Kings College Hospital,16.7
BR76WW,51.37683,0.099164,South,Princess Royal (PRUH),2.99,Darent Valley,12.83,Princess Royal (PRUH),2.99,Kings College Hospital,16.7
BR76WY,51.37683,0.099164,South,Princess Royal (PRUH),2.99,Darent Valley,12.83,Princess Royal (PRUH),2.99,Kings College Hospital,16.7
BR76WZ,51.37683,0.099164,South,Princess Royal (PRUH),2.99,Darent Valley,12.83,Princess Royal (PRUH),2.99,Kings College Hospital,16.7
BR76XA,51.37683,0.099164,South,Princess Royal (PRUH),2.99,Darent Valley,12.83,Princess Royal (PRUH),2.99,Kings College Hospital,16.7
BR76XE,51.414186,0.077964,South,Princess Royal (PRUH),5.54,Darent Valley,12.74,Princess Royal (PRUH),5.54,Kings College Hospital,13.22
BR76XF,51.4191,0.070622,South,Princess Royal (PRUH),5.99,Darent Valley,13.16,Princess Royal (PRUH),5.99,Kings College Hospital,12.52
BR76XG,51.4191,0.070622,South,Princess Royal (PRUH),5.99,Darent Valley,13.16,Princess Royal (PRUH),5.99,Kings College Hospital,12.52
BR76XH,51.4191,0.070622,South,Princess Royal (PRUH),5.99,Darent Valley,13.16,Princess Royal (PRUH),5.99,Kings College Hospital,12.52
BR76XJ,51.37683,0.099164,South,Princess Royal (PRUH),2.99,Darent Valley,12.83,Princess Royal (PRUH),2.99,Kings College Hospital,16.7
BR76XL,51.4191,0.070622,South,Princess Royal (PRUH),5.99,Darent Valley,13.16,Princess Royal (PRUH),5.99,Kings College Hospital,12.52
BR76XN,51.4191,0.070608,South,Princess Royal (PRUH),5.99,Darent Valley,13.16,Princess Royal (PRUH),5.99,Kings College Hospital,12.52
BR76XP,51.4191,0.070608,South,Princess Royal (PRUH),5.99,Darent Valley,13.16,Princess Royal (PRUH),5.99,Kings College Hospital,12.52
BR76YQ,51.37683,0.099164,South,Princess Royal (PRUH),2.99,Darent Valley,12.83,Princess Royal (PRUH),2.99,Kings College Hospital,16.7
BR76ZA,51.37683,0.099164,South,Princess Royal (PRUH),2.99,Darent Valley,12.83,Princess Royal (PRUH),2.99,Kings College Hospital,16.7
BR76ZG,51.37683,0.099164,South,Princess Royal (PRUH),2.99,Darent Valley,12.83,Princess Royal (PRUH),2.99,Kings College Hospital,16.7
BR76ZJ,51.37683,0.099164,South,Princess Royal (PRUH),2.99,Darent Valley,12.83,Princess Royal (PRUH),2.99,Kings College Hospital,16.7
BR76ZP,51.37683,0.099164,South,Princess Royal (PRUH),2.99,Darent Valley,12.83,Princess Royal (PRUH),2.99,Kings College Hospital,16.7
BR76ZQ,51.4191,0.070622,South,Princess Royal (PRUH),5.99,Darent Valley,13.16,Princess Royal (PRUH),5.99,Kings College Hospital,12.52
BR76ZT,51.4191,0.070622,South,Princess Royal (PRUH),5.99,Darent Valley,13.16,Princess Royal (PRUH),5.99,Kings College Hospital,12.52
BR76ZU,51.37683,0.099164,South,Princess Royal (PRUH),2.99,Darent Valley,12.83,Princess Royal (PRUH),2.99,Kings College Hospital,16.7
BR76ZW,51.4191,0.070622,South,Princess Royal (PRUH),5.99,Darent Valley,13.16,Princess Royal (PRUH),5.99,Kings College Hospital,12.52
BR76ZX,51.414186,0.077964,South,Princess Royal (PRUH),5.54,Darent Valley,12.74,Princess Royal (PRUH),5.54,Kings College Hospital,13.22
BR76ZZ,51.4191,0.070608,South,Princess Royal (PRUH),5.99,Darent Valley,13.16,Princess Royal (PRUH),5.99,Kings College Hospital,12.52
BR86NP,51.366942,0.054277,South,Princess Royal (PRUH),0.42,Darent Valley,16.08,Princess Royal (PRUH),0.42,Kings College Hospital,15.16
BR87QG,51.402058,0.151977,South,Princess Royal (PRUH),7.56,Darent Valley,8.27,Princess Royal (PRUH),7.56,Kings College Hospital,18.44
BR87QH,51.402128,0.150615,South,Princess Royal (PRUH),7.49,Darent Valley,8.35,Princess Royal (PRUH),7.49,Kings College Hospital,18.35
BR87QJ,51.397298,0.14425,South,Princess Royal (PRUH),6.83,Darent Valley,8.99,Princess Royal (PRUH),6.83,Kings College Hospital,18.17
BR87QL,51.400905,0.155503,South,Princess Royal (PRUH),7.7,Darent Valley,8.11,Princess Royal (PRUH),7.7,Kings College Hospital,18.72
BR87QN,51.401827,0.149335,South,Princess Royal (PRUH),7.39,Darent Valley,8.44,Princess Royal (PRUH),7.39,Kings College Hospital,18.28
BR87QP,51.403453,0.148952,South,Princess Royal (PRUH),7.47,Darent Valley,8.39,Princess Royal (PRUH),7.47,Kings College Hospital,18.19
BR87QQ,51.402144,0.151176,South,Princess Royal (PRUH),7.52,Darent Valley,8.31,Princess Royal (PRUH),7.52,Kings College Hospital,18.39
BR87QR,51.395951,0.146127,South,Princess Royal (PRUH),6.86,Darent Valley,8.94,Princess Royal (PRUH),6.86,Kings College Hospital,18.36
BR87QW,51.399687,0.145885,South,Princess Royal (PRUH),7.06,Darent Valley,8.76,Princess Royal (PRUH),7.06,Kings College Hospital,18.16
BR88EP,51.38429,0.145481,South,Princess Royal (PRUH),6.29,Darent Valley,9.68,Princess Royal (PRUH),6.29,Kings College Hospital,18.92
CR00AA,51.340341,-0.005032,South,Princess Royal (PRUH),5.32,Epsom Hospital,18.66,Princess Royal (PRUH),5.32,St. Georges Hospital,15.24
CR00AB,51.337592,-0.002079,South,Princess Royal (PRUH),5.32,Epsom Hospital,18.84,Princess Royal (PRUH),5.32,St. Georges Hospital,15.59
CR00AD,51.335322,-0.001302,South,Princess Royal (PRUH),5.43,Epsom Hospital,18.88,Princess Royal (PRUH),5.43,St. Georges Hospital,15.8
CR00AE,51.340719,-0.004528,South,Princess Royal (PRUH),5.27,Epsom Hospital,18.7,Princess Royal (PRUH),5.27,St. Georges Hospital,15.24
CR00AF,51.338316,-0.001244,South,Princess Royal (PRUH),5.22,Epsom Hospital,18.9,Princess Royal (PRUH),5.22,St. Georges Hospital,15.59
CR00AG,51.336594,-0.0005,South,Princess Royal (PRUH),5.3,Epsom Hospital,18.94,Princess Royal (PRUH),5.3,St. Georges Hospital,15.75
CR00AH,51.334555,-0.002211,South,Princess Royal (PRUH),5.53,Epsom Hospital,18.81,Princess Royal (PRUH),5.53,St. Georges Hospital,15.81
CR00AJ,51.334617,-2.6e-05,South,Princess Royal (PRUH),5.41,Epsom Hospital,18.96,Princess Royal (PRUH),5.41,St. Georges Hospital,15.92
CR00AL,51.334029,-0.005134,South,Princess Royal (PRUH),5.73,Epsom Hospital,18.61,Princess Royal (PRUH),5.73,St. Georges Hospital,15.69
CR00AN,51.334292,-0.008985,South,Princess Royal (PRUH),5.92,Epsom Hospital,18.34,Princess Royal (PRUH),5.92,St. Georges Hospital,15.47
CR00AP,51.334731,-0.011493,South,Princess Royal (PRUH),6.04,Epsom Hospital,18.17,Princess Royal (PRUH),6.04,St. Georges Hospital,15.31
CR00AQ,51.334901,-0.007752,South,Princess Royal (PRUH),5.81,Epsom Hospital,18.43,Princess Royal (PRUH),5.81,St. Georges Hospital,15.49
CR00AR,51.334311,-0.006342,South,Princess Royal (PRUH),5.77,Epsom Hospital,18.52,Princess Royal (PRUH),5.77,St. Georges Hospital,15.61
CR00AS,51.340025,-0.002361,South,Princess Royal (PRUH),5.18,Epsom Hospital,18.84,Princess Royal (PRUH),5.18,St. Georges Hospital,15.41
CR00AT,51.341204,-0.00185,South,Princess Royal (PRUH),5.08,Epsom Hospital,18.89,Princess Royal (PRUH),5.08,St. Georges Hospital,15.35
CR00AU,51.33478,-0.005934,South,Princess Royal (PRUH),5.72,Epsom Hospital,18.55,Princess Royal (PRUH),5.72,St. Georges Hospital,15.59
CR00AW,51.334606,-0.008885,South,Princess Royal (PRUH),5.9,Epsom Hospital,18.35,Princess Royal (PRUH),5.9,St. Georges Hospital,15.45
CR00AX,51.340033,-0.002806,South,Princess Royal (PRUH),5.21,Epsom Hospital,18.81,Princess Royal (PRUH),5.21,St. Georges Hospital,15.38
CR00AY,51.341031,-0.002806,South,Princess Royal (PRUH),5.15,Epsom Hospital,18.82,Princess Royal (PRUH),5.15,St. Georges Hospital,15.31
CR00AZ,51.339797,-0.001653,South,Princess Royal (PRUH),5.15,Epsom Hospital,18.89,Princess Royal (PRUH),5.15,St. Georges Hospital,15.46
CR00BA,51.338801,-0.01024,South,Princess Royal (PRUH),5.72,Epsom Hospital,18.28,Princess Royal (PRUH),5.72,St. Georges Hospital,15.08
CR00BB,51.338352,-0.009211,South,Princess Royal (PRUH),5.68,Epsom Hospital,18.35,Princess Royal (PRUH),5.68,St. Georges Hospital,15.16
CR00BD,51.337137,-0.015007,South,Princess Royal (PRUH),6.1,Epsom Hospital,17.94,Princess Royal (PRUH),6.1,St. Georges Hospital,14.95
CR00BE,51.337161,-0.007382,South,Princess Royal (PRUH),5.65,Epsom Hospital,18.47,Princess Royal (PRUH),5.65,St. Georges Hospital,15.34
CR00BF,51.336016,-0.00512,South,Princess Royal (PRUH),5.59,Epsom Hospital,18.62,Princess Royal (PRUH),5.59,St. Georges Hospital,15.55
CR00BG,51.335591,-0.002295,South,Princess Royal (PRUH),5.46,Epsom Hospital,18.81,Princess Royal (PRUH),5.46,St. Georges Hospital,15.73
CR00BH,51.335873,-0.003015,South,Princess Royal (PRUH),5.48,Epsom Hospital,18.76,Princess Royal (PRUH),5.48,St. Georges Hospital,15.67
CR00BJ,51.335362,-0.004172,South,Princess Royal (PRUH),5.58,Epsom Hospital,18.68,Princess Royal (PRUH),5.58,St. Georges Hospital,15.64
CR00BL,51.336731,-0.00483,South,Princess Royal (PRUH),5.53,Epsom Hospital,18.64,Princess Royal (PRUH),5.53,St. Georges Hospital,15.51
CR00BN,51.337056,-0.004385,South,Princess Royal (PRUH),5.48,Epsom Hospital,18.68,Princess Royal (PRUH),5.48,St. Georges Hospital,15.51
CR00BP,51.337913,-0.007191,South,Princess Royal (PRUH),5.59,Epsom Hospital,18.49,Princess Royal (PRUH),5.59,St. Georges Hospital,15.3
CR00BQ,51.337673,-0.003655,South,Princess Royal (PRUH),5.4,Epsom Hospital,18.73,Princess Royal (PRUH),5.4,St. Georges Hospital,15.5
CR00BR,51.336082,-0.002633,South,Princess Royal (PRUH),5.45,Epsom Hospital,18.79,Princess Royal (PRUH),5.45,St. Georges Hospital,15.67
CR00BS,51.338232,-0.007407,South,Princess Royal (PRUH),5.58,Epsom Hospital,18.48,Princess Royal (PRUH),5.58,St. Georges Hospital,15.27
CR00BT,51.337414,-0.006911,South,Princess Royal (PRUH),5.6,Epsom Hospital,18.5,Princess Royal (PRUH),5.6,St. Georges Hospital,15.35
CR00BU,51.338256,-0.004089,South,Princess Royal (PRUH),5.39,Epsom Hospital,18.71,Princess Royal (PRUH),5.39,St. Georges Hospital,15.44
CR00BW,51.336777,-0.002273,South,Princess Royal (PRUH),5.38,Epsom Hospital,18.82,Princess Royal (PRUH),5.38,St. Georges Hospital,15.64
CR00BX,51.3352,-0.002614,South,Princess Royal (PRUH),5.51,Epsom Hospital,18.79,Princess Royal (PRUH),5.51,St. Georges Hospital,15.74
CR00BY,51.334533,-0.004624,South,Princess Royal (PRUH),5.66,Epsom Hospital,18.64,Princess Royal (PRUH),5.66,St. Georges Hospital,15.68
CR00BZ,51.337618,-0.012057,South,Princess Royal (PRUH),5.89,Epsom Hospital,18.15,Princess Royal (PRUH),5.89,St. Georges Hospital,15.07
CR00DA,51.341282,-0.017657,South,Princess Royal (PRUH),6.03,Epsom Hospital,17.79,Princess Royal (PRUH),6.03,St. Georges Hospital,14.51
CR00DB,51.339903,-0.015319,South,Princess Royal (PRUH),5.96,Epsom Hospital,17.94,Princess Royal (PRUH),5.96,St. Georges Hospital,14.73
CR00DD,51.342052,-0.017969,South,Princess Royal (PRUH),6.01,Epsom Hospital,17.78,Princess Royal (PRUH),6.01,St. Georges Hospital,14.43
CR00DE,51.342149,-0.017333,South,Princess Royal (PRUH),5.97,Epsom Hospital,17.83,Princess Royal (PRUH),5.97,St. Georges Hospital,14.46
CR00DF,51.34184,-0.017145,South,Princess Royal (PRUH),5.97,Epsom Hospital,17.84,Princess Royal (PRUH),5.97,St. Georges Hospital,14.49
CR00DG,51.339788,-0.01383,South,Princess Royal (PRUH),5.88,Epsom Hospital,18.04,Princess Royal (PRUH),5.88,St. Georges Hospital,14.81
CR00DH,51.340437,-0.01498,South,Princess Royal (PRUH),5.91,Epsom Hospital,17.97,Princess Royal (PRUH),5.91,St. Georges Hospital,14.71
CR00DJ,51.339524,-0.014143,South,Princess Royal (PRUH),5.91,Epsom Hospital,18.02,Princess Royal (PRUH),5.91,St. Georges Hospital,14.82
CR00DL,51.338554,-0.013711,South,Princess Royal (PRUH),5.94,Epsom Hospital,18.04,Princess Royal (PRUH),5.94,St. Georges Hospital,14.91
CR00DN,51.337637,-0.011625,South,Princess Royal (PRUH),5.87,Epsom Hospital,18.18,Princess Royal (PRUH),5.87,St. Georges Hospital,15.09
CR00DP,51.335961,-0.008755,South,Princess Royal (PRUH),5.8,Epsom Hospital,18.37,Princess Royal (PRUH),5.8,St. Georges Hospital,15.36
CR00DQ,51.336246,-0.010164,South,Princess Royal (PRUH),5.86,Epsom Hospital,18.27,Princess Royal (PRUH),5.86,St. Georges Hospital,15.27
CR00DR,51.335971,-0.010405,South,Princess Royal (PRUH),5.9,Epsom Hospital,18.25,Princess Royal (PRUH),5.9,St. Georges Hospital,15.27
CR00DS,51.335646,-0.010836,South,Princess Royal (PRUH),5.94,Epsom Hospital,18.22,Princess Royal (PRUH),5.94,St. Georges Hospital,15.28
CR00DT,51.335744,-0.01188,South,Princess Royal (PRUH),5.99,Epsom Hospital,18.15,Princess Royal (PRUH),5.99,St. Georges Hospital,15.21
CR00DU,51.338315,-0.014439,South,Princess Royal (PRUH),5.99,Epsom Hospital,17.99,Princess Royal (PRUH),5.99,St. Georges Hospital,14.89
CR00DW,51.337465,-0.013126,South,Princess Royal (PRUH),5.96,Epsom Hospital,18.07,Princess Royal (PRUH),5.96,St. Georges Hospital,15.02
CR00DX,51.34046,-0.016888,South,Princess Royal (PRUH),6.03,Epsom Hospital,17.84,Princess Royal (PRUH),6.03,St. Georges Hospital,14.61
CR00DY,51.336616,-0.012933,South,Princess Royal (PRUH),6.0,Epsom Hospital,18.08,Princess Royal (PRUH),6.0,St. Georges Hospital,15.1
CR00DZ,51.337947,-0.014527,South,Princess Royal (PRUH),6.02,Epsom Hospital,17.98,Princess Royal (PRUH),6.02,St. Georges Hospital,14.91
CR00EA,51.339218,-0.009892,South,Princess Royal (PRUH),5.67,Epsom Hospital,18.31,Princess Royal (PRUH),5.67,St. Georges Hospital,15.06
CR00EB,51.338655,-0.007461,South,Princess Royal (PRUH),5.56,Epsom Hospital,18.48,Princess Royal (PRUH),5.56,St. Georges Hospital,15.23
CR00ED,51.339994,-0.012184,South,Princess Royal (PRUH),5.76,Epsom Hospital,18.16,Princess Royal (PRUH),5.76,St. Georges Hospital,14.89
CR00EE,51.339156,-0.007812,South,Princess Royal (PRUH),5.55,Epsom Hospital,18.45,Princess Royal (PRUH),5.55,St. Georges Hospital,15.18
CR00EF,51.339005,-0.004775,South,Princess Royal (PRUH),5.38,Epsom Hospital,18.66,Princess Royal (PRUH),5.38,St. Georges Hospital,15.35
CR00EG,51.341824,-0.008213,South,Princess Royal (PRUH),5.42,Epsom Hospital,18.45,Princess Royal (PRUH),5.42,St. Georges Hospital,14.97
CR00EH,51.339831,-0.006289,South,Princess Royal (PRUH),5.42,Epsom Hospital,18.57,Princess Royal (PRUH),5.42,St. Georges Hospital,15.21
CR00EJ,51.343745,-0.007484,South,Princess Royal (PRUH),5.28,Epsom Hospital,18.52,Princess Royal (PRUH),5.28,St. Georges Hospital,14.87
CR00EL,51.339054,-0.01244,South,Princess Royal (PRUH),5.83,Epsom Hospital,18.13,Princess Royal (PRUH),5.83,St. Georges Hospital,14.94
CR00EN,51.353077,-0.018484,South,Princess Royal (PRUH),5.62,Epsom Hospital,17.91,Princess Royal (PRUH),5.62,St. Georges Hospital,13.63
CR00EP,51.343608,-0.00838,South,Princess Royal (PRUH),5.34,Epsom Hospital,18.46,Princess Royal (PRUH),5.34,St. Georges Hospital,14.83
CR00EQ,51.344405,-0.006594,South,Princess Royal (PRUH),5.19,Epsom Hospital,18.59,Princess Royal (PRUH),5.19,St. Georges Hospital,14.87
CR00ER,51.339713,-0.007817,South,Princess Royal (PRUH),5.52,Epsom Hospital,18.46,Princess Royal (PRUH),5.52,St. Georges Hospital,15.14
CR00ES,51.344748,-0.008259,South,Princess Royal (PRUH),5.28,Epsom Hospital,18.48,Princess Royal (PRUH),5.28,St. Georges Hospital,14.76
CR00ET,51.34117,-0.009419,South,Princess Royal (PRUH),5.53,Epsom Hospital,18.36,Princess Royal (PRUH),5.53,St. Georges Hospital,14.95
CR00EU,51.340406,-0.006236,South,Princess Royal (PRUH),5.39,Epsom Hospital,18.58,Princess Royal (PRUH),5.39,St. Georges Hospital,15.17
CR00EW,51.34026,-0.005582,South,Princess Royal (PRUH),5.36,Epsom Hospital,18.62,Princess Royal (PRUH),5.36,St. Georges Hospital,15.22
CR00EX,51.338629,-0.0038,South,Princess Royal (PRUH),5.35,Epsom Hospital,18.73,Princess Royal (PRUH),5.35,St. Georges Hospital,15.43
CR00EY,51.339298,-0.00614,South,Princess Royal (PRUH),5.45,Epsom Hospital,18.57,Princess Royal (PRUH),5.45,St. Georges Hospital,15.26
CR00EZ,51.341408,-0.008605,South,Princess Royal (PRUH),5.47,Epsom Hospital,18.42,Princess Royal (PRUH),5.47,St. Georges Hospital,14.97
CR00FA,51.340154,-0.001465,South,Princess Royal (PRUH),5.12,Epsom Hospital,18.9,Princess Royal (PRUH),5.12,St. Georges Hospital,15.45
CR00FB,51.351483,-0.009834,South,Princess Royal (PRUH),5.1,Epsom Hospital,18.47,Princess Royal (PRUH),5.1,Kings College Hospital,14.18
CR00FD,51.350627,-0.011293,South,Princess Royal (PRUH),5.22,Epsom Hospital,18.36,Princess Royal (PRUH),5.22,St. Georges Hospital,14.19
CR00FE,51.340603,-0.015791,South,Princess Royal (PRUH),5.95,Epsom Hospital,17.92,Princess Royal (PRUH),5.95,St. Georges Hospital,14.65
CR00HA,51.34195,-0.012444,South,Princess Royal (PRUH),5.68,Epsom Hospital,18.16,Princess Royal (PRUH),5.68,St. Georges Hospital,14.73
CR00HB,51.346473,-0.011373,South,Princess Royal (PRUH),5.39,Epsom Hospital,18.29,Princess Royal (PRUH),5.39,St. Georges Hospital,14.47
CR00HD,51.347564,-0.007275,South,Princess Royal (PRUH),5.08,Epsom Hospital,18.59,Princess Royal (PRUH),5.08,St. Georges Hospital,14.62
CR00HE,51.344615,-0.012114,South,Princess Royal (PRUH),5.52,Epsom Hospital,18.22,Princess Royal (PRUH),5.52,St. Georges Hospital,14.56
CR00HF,51.341306,-0.011567,South,Princess Royal (PRUH),5.66,Epsom Hospital,18.22,Princess Royal (PRUH),5.66,St. Georges Hospital,14.82
CR00HG,51.34788,-0.011068,South,Princess Royal (PRUH),5.31,Epsom Hospital,18.33,Princess Royal (PRUH),5.31,St. Georges Hospital,14.39
CR00HH,51.343744,-0.01274,South,Princess Royal (PRUH),5.61,Epsom Hospital,18.16,Princess Royal (PRUH),5.61,St. Georges Hospital,14.59
CR00HJ,51.346371,-0.007442,South,Princess Royal (PRUH),5.15,Epsom Hospital,18.56,Princess Royal (PRUH),5.15,St. Georges Hospital,14.69
CR00HL,51.348798,-0.006891,South,Princess Royal (PRUH),5.01,Epsom Hospital,18.63,Princess Royal (PRUH),5.01,Kings College Hospital,14.54
CR00HN,51.345207,-0.006688,South,Princess Royal (PRUH),5.16,Epsom Hospital,18.6,Princess Royal (PRUH),5.16,St. Georges Hospital,14.81
CR00HP,51.345884,-0.006314,South,Princess Royal (PRUH),5.1,Epsom Hospital,18.63,Princess Royal (PRUH),5.1,St. Georges Hospital,14.79
CR00HQ,51.345918,-0.005695,South,Princess Royal (PRUH),5.06,Epsom Hospital,18.67,Princess Royal (PRUH),5.06,St. Georges Hospital,14.82
CR00HR,51.345909,-0.009415,South,Princess Royal (PRUH),5.29,Epsom Hospital,18.42,Princess Royal (PRUH),5.29,St. Georges Hospital,14.62
CR00HS,51.342536,-0.010437,South,Princess Royal (PRUH),5.52,Epsom Hospital,18.31,Princess Royal (PRUH),5.52,St. Georges Hospital,14.8
CR00HT,51.340752,-0.011807,South,Princess Royal (PRUH),5.7,Epsom Hospital,18.19,Princess Royal (PRUH),5.7,St. Georges Hospital,14.85
CR00HU,51.345683,-0.008779,South,Princess Royal (PRUH),5.26,Epsom Hospital,18.46,Princess Royal (PRUH),5.26,St. Georges Hospital,14.67
CR00HW,51.343226,-0.009747,South,Princess Royal (PRUH),5.44,Epsom Hospital,18.36,Princess Royal (PRUH),5.44,St. Georges Hospital,14.78
CR00HX,51.344025,-0.010186,South,Princess Royal (PRUH),5.43,Epsom Hospital,18.34,Princess Royal (PRUH),5.43,St. Georges Hospital,14.7
CR00HY,51.345494,-0.008255,South,Princess Royal (PRUH),5.24,Epsom Hospital,18.49,Princess Royal (PRUH),5.24,St. Georges Hospital,14.71
CR00HZ,51.343039,-0.009295,South,Princess Royal (PRUH),5.43,Epsom Hospital,18.39,Princess Royal (PRUH),5.43,St. Georges Hospital,14.82
CR00JA,51.344382,-0.018557,South,Princess Royal (PRUH),5.94,Epsom Hospital,17.77,Princess Royal (PRUH),5.94,St. Georges Hospital,14.23
CR00JB,51.342086,-0.015727,South,Princess Royal (PRUH),5.87,Epsom Hospital,17.94,Princess Royal (PRUH),5.87,St. Georges Hospital,14.55
CR00JD,51.34096,-0.014009,South,Princess Royal (PRUH),5.82,Epsom Hospital,18.04,Princess Royal (PRUH),5.82,St. Georges Hospital,14.72
CR00JE,51.345127,-0.018468,South,Princess Royal (PRUH),5.91,Epsom Hospital,17.78,Princess Royal (PRUH),5.91,St. Georges Hospital,14.18
CR00JF,51.344374,-0.017036,South,Princess Royal (PRUH),5.85,Epsom Hospital,17.87,Princess Royal (PRUH),5.85,St. Georges Hospital,14.31
CR00JG,51.343015,-0.016434,South,Princess Royal (PRUH),5.87,Epsom Hospital,17.9,Princess Royal (PRUH),5.87,St. Georges Hospital,14.44
CR00JH,51.342501,-0.014733,South,Princess Royal (PRUH),5.79,Epsom Hospital,18.01,Princess Royal (PRUH),5.79,St. Georges Hospital,14.57
CR00JJ,51.342849,-0.014545,South,Princess Royal (PRUH),5.76,Epsom Hospital,18.03,Princess Royal (PRUH),5.76,St. Georges Hospital,14.56
CR00JL,51.341739,-0.01488,South,Princess Royal (PRUH),5.84,Epsom Hospital,17.99,Princess Royal (PRUH),5.84,St. Georges Hospital,14.62
CR00JN,51.341659,-0.012787,South,Princess Royal (PRUH),5.71,Epsom Hospital,18.13,Princess Royal (PRUH),5.71,St. Georges Hospital,14.73
CR00JP,51.340656,-0.012486,South,Princess Royal (PRUH),5.75,Epsom Hospital,18.15,Princess Royal (PRUH),5.75,St. Georges Hospital,14.82
CR00JQ,51.342503,-0.012708,South,Princess Royal (PRUH),5.66,Epsom Hospital,18.15,Princess Royal (PRUH),5.66,St. Georges Hospital,14.68
CR00JR,51.341578,-0.013336,South,Princess Royal (PRUH),5.75,Epsom Hospital,18.1,Princess Royal (PRUH),5.75,St. Georges Hospital,14.71
CR00JS,51.334251,-0.011829,South,Princess Royal (PRUH),6.09,Epsom Hospital,18.14,Princess Royal (PRUH),6.09,St. Georges Hospital,15.33
CR00JT,51.335616,-0.013881,South,Princess Royal (PRUH),6.12,Epsom Hospital,18.01,Princess Royal (PRUH),6.12,St. Georges Hospital,15.12
CR00JU,51.338954,-0.00123,South,Princess Royal (PRUH),5.18,Epsom Hospital,18.91,Princess Royal (PRUH),5.18,St. Georges Hospital,15.54
CR00JW,51.342453,-0.016688,South,Princess Royal (PRUH),5.91,Epsom Hospital,17.87,Princess Royal (PRUH),5.91,St. Georges Hospital,14.47
CR00LA,51.344142,-0.019803,South,Princess Royal (PRUH),6.03,Epsom Hospital,17.68,Princess Royal (PRUH),6.03,St. Georges Hospital,14.18
CR00LB,51.343964,-0.02093,South,Princess Royal (PRUH),6.11,Epsom Hospital,17.6,Princess Royal (PRUH),6.11,St. Georges Hospital,14.14
CR00LD,51.341708,-0.019951,South,Princess Royal (PRUH),6.15,Epsom Hospital,17.64,Princess Royal (PRUH),6.15,St. Georges Hospital,14.35
CR00LE,51.344136,-0.020478,South,Princess Royal (PRUH),6.08,Epsom Hospital,17.63,Princess Royal (PRUH),6.08,St. Georges Hospital,14.15
CR00LF,51.342319,-0.019407,South,Princess Royal (PRUH),6.09,Epsom Hospital,17.68,Princess Royal (PRUH),6.09,St. Georges Hospital,14.34
CR00LG,51.344255,-0.021693,South,Princess Royal (PRUH),6.15,Epsom Hospital,17.55,Princess Royal (PRUH),6.15,St. Georges Hospital,14.08
CR00LH,51.345388,-0.021702,South,Princess Royal (PRUH),6.1,Epsom Hospital,17.56,Princess Royal (PRUH),6.1,St. Georges Hospital,13.99
CR00LJ,51.34316,-0.020735,South,Princess Royal (PRUH),6.14,Epsom Hospital,17.6,Princess Royal (PRUH),6.14,St. Georges Hospital,14.21
CR00LL,51.341867,-0.018709,South,Princess Royal (PRUH),6.07,Epsom Hospital,17.73,Princess Royal (PRUH),6.07,St. Georges Hospital,14.41
CR00LN,51.339895,-0.017487,South,Princess Royal (PRUH),6.09,Epsom Hospital,17.79,Princess Royal (PRUH),6.09,St. Georges Hospital,14.62
CR00LP,51.339083,-0.01521,South,Princess Royal (PRUH),6.0,Epsom Hospital,17.94,Princess Royal (PRUH),6.0,St. Georges Hospital,14.79
CR00LQ,51.33929,-0.013622,South,Princess Royal (PRUH),5.89,Epsom Hospital,18.05,Princess Royal (PRUH),5.89,St. Georges Hospital,14.86
CR00LR,51.341001,-0.018043,South,Princess Royal (PRUH),6.07,Epsom Hospital,17.76,Princess Royal (PRUH),6.07,St. Georges Hospital,14.51
CR00LS,51.339572,-0.015936,South,Princess Royal (PRUH),6.02,Epsom Hospital,17.9,Princess Royal (PRUH),6.02,St. Georges Hospital,14.72
CR00LT,51.338846,-0.016642,South,Princess Royal (PRUH),6.1,Epsom Hospital,17.84,Princess Royal (PRUH),6.1,St. Georges Hospital,14.74
CR00LU,51.337889,-0.01641,South,Princess Royal (PRUH),6.14,Epsom Hospital,17.85,Princess Royal (PRUH),6.14,St. Georges Hospital,14.82
CR00LW,51.339428,-0.018599,South,Princess Royal (PRUH),6.19,Epsom Hospital,17.71,Princess Royal (PRUH),6.19,St. Georges Hospital,14.59
CR00LX,51.340737,-0.019447,South,Princess Royal (PRUH),6.17,Epsom Hospital,17.66,Princess Royal (PRUH),6.17,St. Georges Hospital,14.45
CR00NA,51.343438,-0.014304,South,Princess Royal (PRUH),5.72,Epsom Hospital,18.05,Princess Royal (PRUH),5.72,St. Georges Hospital,14.53
CR00NB,51.344693,-0.013015,South,Princess Royal (PRUH),5.58,Epsom Hospital,18.15,Princess Royal (PRUH),5.58,St. Georges Hospital,14.51
CR00ND,51.343407,-0.01511,South,Princess Royal (PRUH),5.77,Epsom Hospital,17.99,Princess Royal (PRUH),5.77,St. Georges Hospital,14.49
CR00NE,51.345986,-0.01237,South,Princess Royal (PRUH),5.48,Epsom Hospital,18.22,Princess Royal (PRUH),5.48,St. Georges Hospital,14.45
CR00NF,51.347242,-0.011641,South,Princess Royal (PRUH),5.38,Epsom Hospital,18.28,Princess Royal (PRUH),5.38,St. Georges Hospital,14.4
CR00NG,51.345914,-0.012905,South,Princess Royal (PRUH),5.52,Epsom Hospital,18.18,Princess Royal (PRUH),5.52,St. Georges Hospital,14.43
CR00NH,51.344554,-0.013825,South,Princess Royal (PRUH),5.64,Epsom Hospital,18.1,Princess Royal (PRUH),5.64,St. Georges Hospital,14.47
CR00NJ,51.34767,-0.011924,South,Princess Royal (PRUH),5.38,Epsom Hospital,18.27,Princess Royal (PRUH),5.38,St. Georges Hospital,14.36
CR00NL,51.346329,-0.017195,South,Princess Royal (PRUH),5.77,Epsom Hospital,17.89,Princess Royal (PRUH),5.77,St. Georges Hospital,14.17
CR00NN,51.346728,-0.014205,South,Princess Royal (PRUH),5.56,Epsom Hospital,18.1,Princess Royal (PRUH),5.56,St. Georges Hospital,14.3
CR00NP,51.346665,-0.017425,South,Princess Royal (PRUH),5.77,Epsom Hospital,17.88,Princess Royal (PRUH),5.77,St. Georges Hospital,14.13
CR00NQ,51.347097,-0.014232,South,Princess Royal (PRUH),5.55,Epsom Hospital,18.1,Princess Royal (PRUH),5.55,St. Georges Hospital,14.27
CR00NR,51.344533,-0.015219,South,Princess Royal (PRUH),5.72,Epsom Hospital,18.0,Princess Royal (PRUH),5.72,St. Georges Hospital,14.4
CR00NU,51.345925,-0.015662,South,Princess Royal (PRUH),5.69,Epsom Hospital,17.99,Princess Royal (PRUH),5.69,St. Georges Hospital,14.28
CR00NW,51.346259,-0.015705,South,Princess Royal (PRUH),5.68,Epsom Hospital,17.99,Princess Royal (PRUH),5.68,St. Georges Hospital,14.25
CR00NX,51.343803,-0.015121,South,Princess Royal (PRUH),5.75,Epsom Hospital,18.0,Princess Royal (PRUH),5.75,St. Georges Hospital,14.46
CR00NY,51.345238,-0.015433,South,Princess Royal (PRUH),5.71,Epsom Hospital,17.99,Princess Royal (PRUH),5.71,St. Georges Hospital,14.34
CR00NZ,51.345569,-0.015347,South,Princess Royal (PRUH),5.69,Epsom Hospital,18.0,Princess Royal (PRUH),5.69,St. Georges Hospital,14.32
CR00PA,51.347706,-0.017811,South,Princess Royal (PRUH),5.76,Epsom Hospital,17.86,Princess Royal (PRUH),5.76,St. Georges Hospital,14.04
CR00PB,51.348212,-0.013667,South,Princess Royal (PRUH),5.47,Epsom Hospital,18.16,Princess Royal (PRUH),5.47,St. Georges Hospital,14.23
CR00PD,51.348249,-0.017515,South,Princess Royal (PRUH),5.72,Epsom Hospital,17.89,Princess Royal (PRUH),5.72,St. Georges Hospital,14.01
CR00PE,51.347035,-0.01751,South,Princess Royal (PRUH),5.76,Epsom Hospital,17.88,Princess Royal (PRUH),5.76,St. Georges Hospital,14.1
CR00PF,51.347463,-0.014087,South,Princess Royal (PRUH),5.53,Epsom Hospital,18.12,Princess Royal (PRUH),5.53,St. Georges Hospital,14.25
CR00PG,51.347354,-0.017711,South,Princess Royal (PRUH),5.76,Epsom Hospital,17.87,Princess Royal (PRUH),5.76,St. Georges Hospital,14.07
CR00PH,51.348653,-0.013706,South,Princess Royal (PRUH),5.45,Epsom Hospital,18.16,Princess Royal (PRUH),5.45,St. Georges Hospital,14.19
CR00PJ,51.347794,-0.013987,South,Princess Royal (PRUH),5.51,Epsom Hospital,18.13,Princess Royal (PRUH),5.51,St. Georges Hospital,14.24
CR00PL,51.34965,-0.010474,South,Princess Royal (PRUH),5.2,Epsom Hospital,18.4,Princess Royal (PRUH),5.2,St. Georges Hospital,14.3
CR00PN,51.352454,-0.008729,South,Princess Royal (PRUH),4.99,Epsom Hospital,18.57,Princess Royal (PRUH),4.99,Kings College Hospital,14.11
CR00PP,51.352345,-0.009754,South,Princess Royal (PRUH),5.06,Epsom Hospital,18.49,Princess Royal (PRUH),5.06,Kings College Hospital,14.1
CR00PQ,51.351319,-0.011852,South,Princess Royal (PRUH),5.24,Epsom Hospital,18.33,Princess Royal (PRUH),5.24,St. Georges Hospital,14.11
CR00PR,51.351517,-0.011298,South,Princess Royal (PRUH),5.19,Epsom Hospital,18.37,Princess Royal (PRUH),5.19,St. Georges Hospital,14.13
CR00PS,51.347349,-0.020095,South,Princess Royal (PRUH),5.92,Epsom Hospital,17.7,Princess Royal (PRUH),5.92,St. Georges Hospital,13.94
CR00QA,51.351158,-0.023579,South,Princess Royal (PRUH),6.02,Epsom Hospital,17.52,Princess Royal (PRUH),6.02,St. Georges Hospital,13.48
CR00QB,51.350392,-0.022951,South,Princess Royal (PRUH),6.0,Epsom Hospital,17.55,Princess Royal (PRUH),6.0,St. Georges Hospital,13.57
CR00QD,51.349692,-0.022508,South,Princess Royal (PRUH),6.0,Epsom Hospital,17.57,Princess Royal (PRUH),6.0,St. Georges Hospital,13.64
CR00QE,51.350994,-0.021317,South,Princess Royal (PRUH),5.88,Epsom Hospital,17.68,Princess Royal (PRUH),5.88,St. Georges Hospital,13.62
CR00QF,51.352169,-0.017963,South,Princess Royal (PRUH),5.62,Epsom Hospital,17.93,Princess Royal (PRUH),5.62,St. Georges Hospital,13.72
CR00QG,51.353262,-0.013994,South,Princess Royal (PRUH),5.32,Epsom Hospital,18.22,Princess Royal (PRUH),5.32,St. Georges Hospital,13.87
CR00QH,51.351466,-0.020507,South,Princess Royal (PRUH),5.81,Epsom Hospital,17.74,Princess Royal (PRUH),5.81,St. Georges Hospital,13.63
CR00QJ,51.352066,-0.010814,South,Princess Royal (PRUH),5.14,Epsom Hospital,18.42,Princess Royal (PRUH),5.14,Kings College Hospital,14.1
CR00QL,51.353268,-0.015919,South,Princess Royal (PRUH),5.45,Epsom Hospital,18.09,Princess Royal (PRUH),5.45,St. Georges Hospital,13.76
CR00QN,51.352337,-0.010357,South,Princess Royal (PRUH),5.1,Epsom Hospital,18.45,Princess Royal (PRUH),5.1,Kings College Hospital,14.08
CR00QP,51.35037,-0.021674,South,Princess Royal (PRUH),5.92,Epsom Hospital,17.64,Princess Royal (PRUH),5.92,St. Georges Hospital,13.64
CR00QQ,51.351536,-0.022572,South,Princess Royal (PRUH),5.94,Epsom Hospital,17.6,Princess Royal (PRUH),5.94,St. Georges Hospital,13.51
CR00QR,51.352809,-0.014301,South,Princess Royal (PRUH),5.35,Epsom Hospital,18.19,Princess Royal (PRUH),5.35,St. Georges Hospital,13.88
CR00QS,51.349064,-0.016244,South,Princess Royal (PRUH),5.6,Epsom Hospital,17.99,Princess Royal (PRUH),5.6,St. Georges Hospital,14.03
CR00QT,51.350792,-0.012047,South,Princess Royal (PRUH),5.27,Epsom Hospital,18.31,Princess Royal (PRUH),5.27,St. Georges Hospital,14.14
CR00QU,51.350609,-0.016623,South,Princess Royal (PRUH),5.58,Epsom Hospital,17.99,Princess Royal (PRUH),5.58,St. Georges Hospital,13.9
CR00QW,51.349929,-0.016824,South,Princess Royal (PRUH),5.61,Epsom Hospital,17.97,Princess Royal (PRUH),5.61,St. Georges Hospital,13.93
CR00QX,51.351864,-0.015347,South,Princess Royal (PRUH),5.45,Epsom Hospital,18.1,Princess Royal (PRUH),5.45,St. Georges Hospital,13.88
CR00QY,51.351729,-0.015842,South,Princess Royal (PRUH),5.49,Epsom Hospital,18.07,Princess Royal (PRUH),5.49,St. Georges Hospital,13.87
CR00QZ,51.350776,-0.015897,South,Princess Royal (PRUH),5.52,Epsom Hospital,18.05,Princess Royal (PRUH),5.52,St. Georges Hospital,13.93
CR00RA,51.354462,-0.012089,South,Princess Royal (PRUH),5.16,Epsom Hospital,18.37,Princess Royal (PRUH),5.16,Kings College Hospital,13.82
CR00RB,51.351818,-0.014746,South,Princess Royal (PRUH),5.41,Epsom Hospital,18.14,Princess Royal (PRUH),5.41,St. Georges Hospital,13.92
CR00RD,51.351172,-0.014329,South,Princess Royal (PRUH),5.4,Epsom Hospital,18.16,Princess Royal (PRUH),5.4,St. Georges Hospital,13.99
CR00RE,51.355348,-0.012913,South,Princess Royal (PRUH),5.19,Epsom Hospital,18.33,Princess Royal (PRUH),5.19,Kings College Hospital,13.7
CR00RF,51.354266,-0.010058,South,Princess Royal (PRUH),5.02,Epsom Hospital,18.51,Princess Royal (PRUH),5.02,Kings College Hospital,13.89
CR00RG,51.352799,-0.020664,South,Princess Royal (PRUH),5.78,Epsom Hospital,17.75,Princess Royal (PRUH),5.78,St. Georges Hospital,13.53
CR00RH,51.351036,-0.013717,South,Princess Royal (PRUH),5.37,Epsom Hospital,18.2,Princess Royal (PRUH),5.37,St. Georges Hospital,14.03
CR00RJ,51.354634,-0.016951,South,Princess Royal (PRUH),5.48,Epsom Hospital,18.04,Princess Royal (PRUH),5.48,St. Georges Hospital,13.61
CR00RL,51.352194,-0.019455,South,Princess Royal (PRUH),5.71,Epsom Hospital,17.83,Princess Royal (PRUH),5.71,St. Georges Hospital,13.64
CR00RN,51.35325,-0.01806,South,Princess Royal (PRUH),5.59,Epsom Hospital,17.94,Princess Royal (PRUH),5.59,St. Georges Hospital,13.64
CR00RP,51.353796,-0.016858,South,Princess Royal (PRUH),5.5,Epsom Hospital,18.03,Princess Royal (PRUH),5.5,St. Georges Hospital,13.67
CR00RQ,51.35394,-0.016349,South,Princess Royal (PRUH),5.46,Epsom Hospital,18.07,Princess Royal (PRUH),5.46,St. Georges Hospital,13.69
CR00RR,51.354161,-0.015047,South,Princess Royal (PRUH),5.36,Epsom Hospital,18.16,Princess Royal (PRUH),5.36,St. Georges Hospital,13.75
CR00RS,51.354206,-0.013982,South,Princess Royal (PRUH),5.29,Epsom Hospital,18.24,Princess Royal (PRUH),5.29,St. Georges Hospital,13.8
CR00RT,51.354659,-0.012598,South,Princess Royal (PRUH),5.19,Epsom Hospital,18.34,Princess Royal (PRUH),5.19,Kings College Hospital,13.78
CR00RU,51.355797,-0.012879,South,Princess Royal (PRUH),5.18,Epsom Hospital,18.34,Princess Royal (PRUH),5.18,Kings College Hospital,13.66
CR00RW,51.354517,-0.009516,South,Princess Royal (PRUH),4.98,Epsom Hospital,18.55,Princess Royal (PRUH),4.98,Kings College Hospital,13.88
CR00RX,51.352226,-0.012804,South,Princess Royal (PRUH),5.27,Epsom Hospital,18.28,Princess Royal (PRUH),5.27,St. Georges Hospital,14.0
CR00RY,51.352706,-0.01995,South,Princess Royal (PRUH),5.73,Epsom Hospital,17.8,Princess Royal (PRUH),5.73,St. Georges Hospital,13.57
CR00RZ,51.354433,-0.016242,South,Princess Royal (PRUH),5.44,Epsom Hospital,18.09,Princess Royal (PRUH),5.44,St. Georges Hospital,13.66
CR00SA,51.347805,-0.021526,South,Princess Royal (PRUH),6.0,Epsom Hospital,17.61,Princess Royal (PRUH),6.0,St. Georges Hospital,13.83
CR00SB,51.347446,-0.021068,South,Princess Royal (PRUH),5.98,Epsom Hospital,17.64,Princess Royal (PRUH),5.98,St. Georges Hospital,13.88
CR00SD,51.354031,-0.010557,South,Princess Royal (PRUH),5.07,Epsom Hospital,18.47,Princess Royal (PRUH),5.07,Kings College Hospital,13.9
CR00SE,51.353857,-0.011383,South,Princess Royal (PRUH),5.13,Epsom Hospital,18.41,Princess Royal (PRUH),5.13,Kings College Hospital,13.9
CR00SF,51.336075,-0.012799,South,Princess Royal (PRUH),6.03,Epsom Hospital,18.09,Princess Royal (PRUH),6.03,St. Georges Hospital,15.14
CR00SG,51.336104,-0.013472,South,Princess Royal (PRUH),6.07,Epsom Hospital,18.04,Princess Royal (PRUH),6.07,St. Georges Hospital,15.11
CR00SH,51.354364,-0.019046,South,Princess Royal (PRUH),5.63,Epsom Hospital,17.89,Princess Royal (PRUH),5.63,St. Georges Hospital,13.51
CR00SJ,51.347873,-0.020259,South,Princess Royal (PRUH),5.91,Epsom Hospital,17.7,Princess Royal (PRUH),5.91,St. Georges Hospital,13.89
CR00SL,51.355058,-0.013299,South,Princess Royal (PRUH),5.22,Epsom Hospital,18.3,Princess Royal (PRUH),5.22,Kings College Hospital,13.72
CR00TA,51.348893,-0.022082,South,Princess Royal (PRUH),5.99,Epsom Hospital,17.59,Princess Royal (PRUH),5.99,St. Georges Hospital,13.72
CR00TB,51.348352,-0.01988,South,Princess Royal (PRUH),5.87,Epsom Hospital,17.73,Princess Royal (PRUH),5.87,St. Georges Hospital,13.88
CR00TD,51.348623,-0.017771,South,Princess Royal (PRUH),5.72,Epsom Hospital,17.88,Princess Royal (PRUH),5.72,St. Georges Hospital,13.97
CR00TE,51.349249,-0.016538,South,Princess Royal (PRUH),5.62,Epsom Hospital,17.98,Princess Royal (PRUH),5.62,St. Georges Hospital,14.0
CR00TF,51.349731,-0.014736,South,Princess Royal (PRUH),5.48,Epsom Hospital,18.11,Princess Royal (PRUH),5.48,St. Georges Hospital,14.06
CR00TG,51.348832,-0.019529,South,Princess Royal (PRUH),5.83,Epsom Hospital,17.76,Princess Royal (PRUH),5.83,St. Georges Hospital,13.86
CR00TH,51.348358,-0.021287,South,Princess Royal (PRUH),5.96,Epsom Hospital,17.64,Princess Royal (PRUH),5.96,St. Georges Hospital,13.8
CR00TJ,51.349837,-0.015679,South,Princess Royal (PRUH),5.54,Epsom Hospital,18.04,Princess Royal (PRUH),5.54,St. Georges Hospital,14.0
CR00TL,51.349832,-0.020692,South,Princess Royal (PRUH),5.87,Epsom Hospital,17.7,Princess Royal (PRUH),5.87,St. Georges Hospital,13.73
CR00TN,51.351028,-0.018055,South,Princess Royal (PRUH),5.66,Epsom Hospital,17.9,Princess Royal (PRUH),5.66,St. Georges Hospital,13.79
CR00TP,51.349255,-0.02165,South,Princess Royal (PRUH),5.95,Epsom Hospital,17.63,Princess Royal (PRUH),5.95,St. Georges Hospital,13.72
CR00TQ,51.350555,-0.020374,South,Princess Royal (PRUH),5.83,Epsom Hospital,17.73,Princess Royal (PRUH),5.83,St. Georges Hospital,13.7
CR00TR,51.351404,-0.018455,South,Princess Royal (PRUH),5.67,Epsom Hospital,17.88,Princess Royal (PRUH),5.67,St. Georges Hospital,13.74
CR00TS,51.352018,-0.017021,South,Princess Royal (PRUH),5.56,Epsom Hospital,17.99,Princess Royal (PRUH),5.56,St. Georges Hospital,13.78
CR00TT,51.348329,-0.019005,South,Princess Royal (PRUH),5.81,Epsom Hospital,17.79,Princess Royal (PRUH),5.81,St. Georges Hospital,13.93
CR00TU,51.349293,-0.019681,South,Princess Royal (PRUH),5.82,Epsom Hospital,17.76,Princess Royal (PRUH),5.82,St. Georges Hospital,13.82
CR00TW,51.350166,-0.017575,South,Princess Royal (PRUH),5.65,Epsom Hospital,17.92,Princess Royal (PRUH),5.65,St. Georges Hospital,13.88
CR00TX,51.347781,-0.020651,South,Princess Royal (PRUH),5.94,Epsom Hospital,17.67,Princess Royal (PRUH),5.94,St. Georges Hospital,13.88
CR00TY,51.349501,-0.020275,South,Princess Royal (PRUH),5.85,Epsom Hospital,17.72,Princess Royal (PRUH),5.85,St. Georges Hospital,13.78
CR00TZ,51.350419,-0.018168,South,Princess Royal (PRUH),5.68,Epsom Hospital,17.88,Princess Royal (PRUH),5.68,St. Georges Hospital,13.83
CR00XA,51.3544,-0.015338,South,Princess Royal (PRUH),5.38,Epsom Hospital,18.15,Princess Royal (PRUH),5.38,St. Georges Hospital,13.72
CR05AD,51.366529,-0.023189,South,Princess Royal (PRUH),5.78,Epsom Hospital,17.9,Princess Royal (PRUH),5.78,Kings College Hospital,12.28
CR05AH,51.362688,-0.028512,South,Princess Royal (PRUH),6.15,Epsom Hospital,17.44,Princess Royal (PRUH),6.15,St. Georges Hospital,12.43
CR05AN,51.360144,-0.031739,South,Princess Royal (PRUH),6.4,Epsom Hospital,17.16,Princess Royal (PRUH),6.4,St. Georges Hospital,12.42
CR05AP,51.365781,-0.023078,South,Princess Royal (PRUH),5.77,Epsom Hospital,17.89,Princess Royal (PRUH),5.77,Kings College Hospital,12.36
CR05AQ,51.358604,-0.03001,South,Princess Royal (PRUH),6.3,Epsom Hospital,17.24,Princess Royal (PRUH),6.3,St. Georges Hospital,12.62
CR05AS,51.358613,-0.031087,South,Princess Royal (PRUH),6.37,Epsom Hospital,17.17,Princess Royal (PRUH),6.37,St. Georges Hospital,12.56
CR05AU,51.360408,-0.030363,South,Princess Royal (PRUH),6.3,Epsom Hospital,17.26,Princess Royal (PRUH),6.3,St. Georges Hospital,12.48
CR05AW,51.359873,-0.029553,South,Princess Royal (PRUH),6.25,Epsom Hospital,17.3,Princess Royal (PRUH),6.25,St. Georges Hospital,12.56
CR05AX,51.358804,-0.031208,South,Princess Royal (PRUH),6.38,Epsom Hospital,17.16,Princess Royal (PRUH),6.38,St. Georges Hospital,12.54
CR05AY,51.358882,-0.029969,South,Princess Royal (PRUH),6.29,Epsom Hospital,17.25,Princess Royal (PRUH),6.29,St. Georges Hospital,12.6
CR08EF,51.37459,-0.026046,South,Princess Royal (PRUH),6.06,Epsom Hospital,17.96,Princess Royal (PRUH),6.06,Kings College Hospital,11.38
CR08EG,51.372923,-0.025328,South,Princess Royal (PRUH),5.98,Epsom Hospital,17.95,Princess Royal (PRUH),5.98,Kings College Hospital,11.57
CR08EJ,51.370796,-0.025031,South,Princess Royal (PRUH),5.93,Epsom Hospital,17.9,Princess Royal (PRUH),5.93,Kings College Hospital,11.79
CR08EP,51.374635,-0.025527,South,Princess Royal (PRUH),6.02,Epsom Hospital,17.99,Princess Royal (PRUH),6.02,Kings College Hospital,11.39
CR08EQ,51.372933,-0.024853,South,Princess Royal (PRUH),5.95,Epsom Hospital,17.98,Princess Royal (PRUH),5.95,Kings College Hospital,11.58
CR08ER,51.371327,-0.024534,South,Princess Royal (PRUH),5.9,Epsom Hospital,17.95,Princess Royal (PRUH),5.9,Kings College Hospital,11.75
CR08EX,51.370604,-0.025916,South,Princess Royal (PRUH),5.99,Epsom Hospital,17.84,Princess Royal (PRUH),5.99,Kings College Hospital,11.79
CR08EY,51.370943,-0.026318,South,Princess Royal (PRUH),6.02,Epsom Hospital,17.82,Princess Royal (PRUH),6.02,Kings College Hospital,11.74
CR08HZ,51.363208,-0.030013,South,Princess Royal (PRUH),6.25,Epsom Hospital,17.35,Princess Royal (PRUH),6.25,St. Georges Hospital,12.32
CR08JE,51.365805,-0.029355,South,Princess Royal (PRUH),6.2,Epsom Hospital,17.47,Princess Royal (PRUH),6.2,St. Georges Hospital,12.19
CR08JF,51.365486,-0.028033,South,Princess Royal (PRUH),6.11,Epsom Hospital,17.55,Princess Royal (PRUH),6.11,Kings College Hospital,12.26
CR08JG,51.365787,-0.026124,South,Princess Royal (PRUH),5.98,Epsom Hospital,17.68,Princess Royal (PRUH),5.98,Kings College Hospital,12.28
CR08JH,51.365759,-0.025507,South,Princess Royal (PRUH),5.94,Epsom Hospital,17.72,Princess Royal (PRUH),5.94,Kings College Hospital,12.3
CR08JJ,51.365788,-0.027259,South,Princess Royal (PRUH),6.06,Epsom Hospital,17.61,Princess Royal (PRUH),6.06,Kings College Hospital,12.25
CR08JL,51.365104,-0.026685,South,Princess Royal (PRUH),6.02,Epsom Hospital,17.63,Princess Royal (PRUH),6.02,Kings College Hospital,12.33
CR08JN,51.36639,-0.027233,South,Princess Royal (PRUH),6.06,Epsom Hospital,17.63,Princess Royal (PRUH),6.06,Kings College Hospital,12.19
CR08JP,51.366847,-0.027141,South,Princess Royal (PRUH),6.05,Epsom Hospital,17.65,Princess Royal (PRUH),6.05,Kings College Hospital,12.14
CR08JQ,51.365995,-0.028313,South,Princess Royal (PRUH),6.13,Epsom Hospital,17.54,Princess Royal (PRUH),6.13,Kings College Hospital,12.2
CR08JR,51.366579,-0.028302,South,Princess Royal (PRUH),6.13,Epsom Hospital,17.56,Princess Royal (PRUH),6.13,Kings College Hospital,12.14
CR08JS,51.366454,-0.029442,South,Princess Royal (PRUH),6.21,Epsom Hospital,17.48,Princess Royal (PRUH),6.21,Kings College Hospital,12.12
CR08JT,51.366796,-0.028896,South,Princess Royal (PRUH),6.17,Epsom Hospital,17.53,Princess Royal (PRUH),6.17,Kings College Hospital,12.1
CR08LA,51.368261,-0.026735,South,Princess Royal (PRUH),6.03,Epsom Hospital,17.71,Princess Royal (PRUH),6.03,Kings College Hospital,12.01
CR08LD,51.367094,-0.026829,South,Princess Royal (PRUH),6.03,Epsom Hospital,17.67,Princess Royal (PRUH),6.03,Kings College Hospital,12.12
CR08LE,51.3682,-0.025244,South,Princess Royal (PRUH),5.92,Epsom Hospital,17.81,Princess Royal (PRUH),5.92,Kings College Hospital,12.05
CR08LF,51.368462,-0.025865,South,Princess Royal (PRUH),5.97,Epsom Hospital,17.78,Princess Royal (PRUH),5.97,Kings College Hospital,12.01
CR08LG,51.367419,-0.025321,South,Princess Royal (PRUH),5.93,Epsom Hospital,17.78,Princess Royal (PRUH),5.93,Kings College Hospital,12.13
CR08LH,51.368046,-0.026213,South,Princess Royal (PRUH),5.99,Epsom Hospital,17.74,Princess Royal (PRUH),5.99,Kings College Hospital,12.04
CR08LJ,51.367653,-0.025885,South,Princess Royal (PRUH),5.97,Epsom Hospital,17.75,Princess Royal (PRUH),5.97,Kings College Hospital,12.09
CR08LN,51.36694,-0.026261,South,Princess Royal (PRUH),5.99,Epsom Hospital,17.71,Princess Royal (PRUH),5.99,Kings College Hospital,12.16
CR08LP,51.366413,-0.025393,South,Princess Royal (PRUH),5.93,Epsom Hospital,17.75,Princess Royal (PRUH),5.93,Kings College Hospital,12.23
CR08LQ,51.366711,-0.025969,South,Princess Royal (PRUH),5.97,Epsom Hospital,17.72,Princess Royal (PRUH),5.97,Kings College Hospital,12.19
CR08LR,51.36786,-0.027457,South,Princess Royal (PRUH),6.08,Epsom Hospital,17.65,Princess Royal (PRUH),6.08,Kings College Hospital,12.03
CR08LW,51.36738,-0.028871,South,Princess Royal (PRUH),6.17,Epsom Hospital,17.54,Princess Royal (PRUH),6.17,Kings College Hospital,12.04
CR08LZ,51.367461,-0.027819,South,Princess Royal (PRUH),6.1,Epsom Hospital,17.62,Princess Royal (PRUH),6.1,Kings College Hospital,12.06
CR08NA,51.371942,-0.026879,South,Princess Royal (PRUH),6.07,Epsom Hospital,17.82,Princess Royal (PRUH),6.07,Kings College Hospital,11.62
CR08NB,51.371607,-0.026778,South,Princess Royal (PRUH),6.06,Epsom Hospital,17.81,Princess Royal (PRUH),6.06,Kings College Hospital,11.66
CR08NF,51.369158,-0.027674,South,Princess Royal (PRUH),6.1,Epsom Hospital,17.68,Princess Royal (PRUH),6.1,Kings College Hospital,11.89
CR08NH,51.369499,-0.028176,South,Princess Royal (PRUH),6.14,Epsom Hospital,17.65,Princess Royal (PRUH),6.14,Kings College Hospital,11.84
CR08NL,51.369151,-0.02562,South,Princess Royal (PRUH),5.96,Epsom Hospital,17.81,Princess Royal (PRUH),5.96,Kings College Hospital,11.94
CR08NN,51.369456,-0.026152,South,Princess Royal (PRUH),6.0,Epsom Hospital,17.79,Princess Royal (PRUH),6.0,Kings College Hospital,11.9
CR08NP,51.368536,-0.028663,South,Princess Royal (PRUH),6.16,Epsom Hospital,17.59,Princess Royal (PRUH),6.16,Kings College Hospital,11.93
CR08NQ,51.368542,-0.02737,South,Princess Royal (PRUH),6.07,Epsom Hospital,17.68,Princess Royal (PRUH),6.07,Kings College Hospital,11.96
CR08NU,51.370043,-0.025754,South,Princess Royal (PRUH),5.97,Epsom Hospital,17.83,Princess Royal (PRUH),5.97,Kings College Hospital,11.85
CR08NW,51.369982,-0.027466,South,Princess Royal (PRUH),6.09,Epsom Hospital,17.72,Princess Royal (PRUH),6.09,Kings College Hospital,11.81
CR08NY,51.369717,-0.025078,South,Princess Royal (PRUH),5.92,Epsom Hospital,17.87,Princess Royal (PRUH),5.92,Kings College Hospital,11.9
CR08NZ,51.369664,-0.027293,South,Princess Royal (PRUH),6.08,Epsom Hospital,17.72,Princess Royal (PRUH),6.08,Kings College Hospital,11.85
CR09AA,51.337607,-0.020989,South,Princess Royal (PRUH),6.43,Epsom Hospital,17.53,Princess Royal (PRUH),6.43,St. Georges Hospital,14.61
CR09AD,51.340179,-0.022056,South,Princess Royal (PRUH),6.36,Epsom Hospital,17.48,Princess Royal (PRUH),6.36,St. Georges Hospital,14.36
CR09AF,51.348199,-0.034807,South,Princess Royal (PRUH),6.86,Epsom Hospital,16.7,Princess Royal (PRUH),6.86,St. Georges Hospital,13.1
CR09AG,51.350919,-0.034533,South,Princess Royal (PRUH),6.76,Epsom Hospital,16.77,Princess Royal (PRUH),6.76,St. Georges Hospital,12.92
CR09AH,51.346001,-0.035691,South,Princess Royal (PRUH),6.99,Epsom Hospital,16.61,Princess Royal (PRUH),6.99,St. Georges Hospital,13.23
CR09AJ,51.350553,-0.035238,South,Princess Royal (PRUH),6.82,Epsom Hospital,16.71,Princess Royal (PRUH),6.82,St. Georges Hospital,12.91
CR09AL,51.347725,-0.036594,South,Princess Royal (PRUH),7.0,Epsom Hospital,16.57,Princess Royal (PRUH),7.0,St. Georges Hospital,13.05
CR09AU,51.346867,-0.034232,South,Princess Royal (PRUH),6.87,Epsom Hospital,16.72,Princess Royal (PRUH),6.87,St. Georges Hospital,13.23
CR09AW,51.346817,-0.03231,South,Princess Royal (PRUH),6.74,Epsom Hospital,16.85,Princess Royal (PRUH),6.74,St. Georges Hospital,13.34
CR09AZ,51.357932,-0.022109,South,Princess Royal (PRUH),5.76,Epsom Hospital,17.76,Princess Royal (PRUH),5.76,St. Georges Hospital,13.1
CR09BA,51.352365,-0.034988,South,Princess Royal (PRUH),6.76,Epsom Hospital,16.77,Princess Royal (PRUH),6.76,St. Georges Hospital,12.79
CR09BB,51.351595,-0.033556,South,Princess Royal (PRUH),6.68,Epsom Hospital,16.85,Princess Royal (PRUH),6.68,St. Georges Hospital,12.92
CR09BD,51.349678,-0.032949,South,Princess Royal (PRUH),6.69,Epsom Hospital,16.86,Princess Royal (PRUH),6.69,St. Georges Hospital,13.09
CR09BE,51.351673,-0.032878,South,Princess Royal (PRUH),6.63,Epsom Hospital,16.9,Princess Royal (PRUH),6.63,St. Georges Hospital,12.95
CR09BF,51.34907,-0.032616,South,Princess Royal (PRUH),6.69,Epsom Hospital,16.87,Princess Royal (PRUH),6.69,St. Georges Hospital,13.15
CR09BS,51.355274,-0.019724,South,Princess Royal (PRUH),5.65,Epsom Hospital,17.87,Princess Royal (PRUH),5.65,St. Georges Hospital,13.41
CR09DA,51.352639,-0.024492,South,Princess Royal (PRUH),6.04,Epsom Hospital,17.49,Princess Royal (PRUH),6.04,St. Georges Hospital,13.33
CR09DB,51.352653,-0.023199,South,Princess Royal (PRUH),5.95,Epsom Hospital,17.58,Princess Royal (PRUH),5.95,St. Georges Hospital,13.4
CR09DD,51.352836,-0.022832,South,Princess Royal (PRUH),5.92,Epsom Hospital,17.61,Princess Royal (PRUH),5.92,St. Georges Hospital,13.41
CR09DE,51.355029,-0.021717,South,Princess Royal (PRUH),5.79,Epsom Hospital,17.73,Princess Royal (PRUH),5.79,St. Georges Hospital,13.32
CR09DF,51.35548,-0.021252,South,Princess Royal (PRUH),5.75,Epsom Hospital,17.77,Princess Royal (PRUH),5.75,St. Georges Hospital,13.31
CR09DG,51.354095,-0.027101,South,Princess Royal (PRUH),6.18,Epsom Hospital,17.34,Princess Royal (PRUH),6.18,St. Georges Hospital,13.09
CR09DH,51.353868,-0.021681,South,Princess Royal (PRUH),5.82,Epsom Hospital,17.7,Princess Royal (PRUH),5.82,St. Georges Hospital,13.4
CR09DJ,51.353357,-0.025509,South,Princess Royal (PRUH),6.09,Epsom Hospital,17.43,Princess Royal (PRUH),6.09,St. Georges Hospital,13.23
CR09DL,51.354843,-0.026135,South,Princess Royal (PRUH),6.1,Epsom Hospital,17.42,Princess Royal (PRUH),6.1,St. Georges Hospital,13.09
CR09DN,51.353769,-0.024874,South,Princess Royal (PRUH),6.04,Epsom Hospital,17.48,Princess Royal (PRUH),6.04,St. Georges Hospital,13.23
CR09DP,51.35399,-0.024635,South,Princess Royal (PRUH),6.02,Epsom Hospital,17.51,Princess Royal (PRUH),6.02,St. Georges Hospital,13.23
CR09DQ,51.354077,-0.023367,South,Princess Royal (PRUH),5.93,Epsom Hospital,17.59,Princess Royal (PRUH),5.93,St. Georges Hospital,13.29
CR09DR,51.354722,-0.02377,South,Princess Royal (PRUH),5.94,Epsom Hospital,17.58,Princess Royal (PRUH),5.94,St. Georges Hospital,13.23
CR09DS,51.354887,-0.022355,South,Princess Royal (PRUH),5.84,Epsom Hospital,17.68,Princess Royal (PRUH),5.84,St. Georges Hospital,13.29
CR09DT,51.355406,-0.024875,South,Princess Royal (PRUH),6.0,Epsom Hospital,17.52,Princess Royal (PRUH),6.0,St. Georges Hospital,13.12
CR09DU,51.355935,-0.023732,South,Princess Royal (PRUH),5.91,Epsom Hospital,17.61,Princess Royal (PRUH),5.91,St. Georges Hospital,13.15
CR09DW,51.356197,-0.022715,South,Princess Royal (PRUH),5.84,Epsom Hospital,17.68,Princess Royal (PRUH),5.84,St. Georges Hospital,13.19
CR09DX,51.355769,-0.020809,South,Princess Royal (PRUH),5.72,Epsom Hospital,17.8,Princess Royal (PRUH),5.72,St. Georges Hospital,13.32
CR09DY,51.354383,-0.020725,South,Princess Royal (PRUH),5.74,Epsom Hospital,17.78,Princess Royal (PRUH),5.74,St. Georges Hospital,13.42
CR09DZ,51.354707,-0.020194,South,Princess Royal (PRUH),5.7,Epsom Hospital,17.82,Princess Royal (PRUH),5.7,St. Georges Hospital,13.43
CR09EA,51.356089,-0.013656,South,Princess Royal (PRUH),5.22,Epsom Hospital,18.3,Princess Royal (PRUH),5.22,Kings College Hospital,13.61
CR09EB,51.356109,-0.014819,South,Princess Royal (PRUH),5.3,Epsom Hospital,18.22,Princess Royal (PRUH),5.3,Kings College Hospital,13.57
CR09ED,51.358577,-0.017212,South,Princess Royal (PRUH),5.42,Epsom Hospital,18.11,Princess Royal (PRUH),5.42,Kings College Hospital,13.25
CR09EE,51.357527,-0.016237,South,Princess Royal (PRUH),5.37,Epsom Hospital,18.15,Princess Royal (PRUH),5.37,Kings College Hospital,13.39
CR09EF,51.356587,-0.015459,South,Princess Royal (PRUH),5.33,Epsom Hospital,18.18,Princess Royal (PRUH),5.33,Kings College Hospital,13.51
CR09EG,51.35654,-0.017989,South,Princess Royal (PRUH),5.51,Epsom Hospital,18.01,Princess Royal (PRUH),5.51,St. Georges Hospital,13.43
CR09EH,51.359318,-0.017912,South,Princess Royal (PRUH),5.45,Epsom Hospital,18.08,Princess Royal (PRUH),5.45,Kings College Hospital,13.16
CR09EJ,51.357304,-0.018502,South,Princess Royal (PRUH),5.53,Epsom Hospital,17.99,Princess Royal (PRUH),5.53,St. Georges Hospital,13.35
CR09EL,51.356878,-0.017242,South,Princess Royal (PRUH),5.45,Epsom Hospital,18.07,Princess Royal (PRUH),5.45,Kings College Hospital,13.43
CR09EN,51.357329,-0.017294,South,Princess Royal (PRUH),5.44,Epsom Hospital,18.07,Princess Royal (PRUH),5.44,Kings College Hospital,13.38
CR09EP,51.357462,-0.020377,South,Princess Royal (PRUH),5.65,Epsom Hospital,17.87,Princess Royal (PRUH),5.65,St. Georges Hospital,13.23
CR09EQ,51.357939,-0.019868,South,Princess Royal (PRUH),5.61,Epsom Hospital,17.91,Princess Royal (PRUH),5.61,St. Georges Hospital,13.23
CR09ER,51.358039,-0.019404,South,Princess Royal (PRUH),5.58,Epsom Hospital,17.95,Princess Royal (PRUH),5.58,St. Georges Hospital,13.25
CR09ES,51.358198,-0.018722,South,Princess Royal (PRUH),5.53,Epsom Hospital,18.0,Princess Royal (PRUH),5.53,Kings College Hospital,13.25
CR09ET,51.358436,-0.018396,South,Princess Royal (PRUH),5.5,Epsom Hospital,18.02,Princess Royal (PRUH),5.5,Kings College Hospital,13.24
CR09EU,51.356176,-0.019843,South,Princess Royal (PRUH),5.64,Epsom Hospital,17.88,Princess Royal (PRUH),5.64,St. Georges Hospital,13.35
CR09EW,51.356519,-0.018895,South,Princess Royal (PRUH),5.57,Epsom Hospital,17.95,Princess Royal (PRUH),5.57,St. Georges Hospital,13.38
CR09EX,51.357373,-0.020998,South,Princess Royal (PRUH),5.7,Epsom Hospital,17.82,Princess Royal (PRUH),5.7,St. Georges Hospital,13.2
CR09EY,51.356949,-0.021419,South,Princess Royal (PRUH),5.73,Epsom Hospital,17.79,Princess Royal (PRUH),5.73,St. Georges Hospital,13.21
CR09EZ,51.356657,-0.022236,South,Princess Royal (PRUH),5.8,Epsom Hospital,17.72,Princess Royal (PRUH),5.8,St. Georges Hospital,13.18
CR09FX,51.356657,-0.022236,South,Princess Royal (PRUH),5.8,Epsom Hospital,17.72,Princess Royal (PRUH),5.8,St. Georges Hospital,13.18
CR09HA,51.347159,-0.035024,South,Princess Royal (PRUH),6.91,Epsom Hospital,16.67,Princess Royal (PRUH),6.91,St. Georges Hospital,13.17
CR09HB,51.345934,-0.035435,South,Princess Royal (PRUH),6.98,Epsom Hospital,16.63,Princess Royal (PRUH),6.98,St. Georges Hospital,13.24
CR09HD,51.345051,-0.03533,South,Princess Royal (PRUH),7.0,Epsom Hospital,16.62,Princess Royal (PRUH),7.0,St. Georges Hospital,13.32
CR09HE,51.344494,-0.035382,South,Princess Royal (PRUH),7.03,Epsom Hospital,16.61,Princess Royal (PRUH),7.03,St. Georges Hospital,13.36
CR09HF,51.344086,-0.036261,South,Princess Royal (PRUH),7.1,Epsom Hospital,16.54,Princess Royal (PRUH),7.1,St. Georges Hospital,13.34
CR09HG,51.343162,-0.036373,South,Princess Royal (PRUH),7.14,Epsom Hospital,16.52,Princess Royal (PRUH),7.14,St. Georges Hospital,13.41
CR09HH,51.341846,-0.036716,South,Princess Royal (PRUH),7.22,Epsom Hospital,16.48,Princess Royal (PRUH),7.22,St. Georges Hospital,13.49
CR09HJ,51.34262,-0.036252,South,Princess Royal (PRUH),7.16,Epsom Hospital,16.52,Princess Royal (PRUH),7.16,St. Georges Hospital,13.46
CR09HL,51.34139,-0.036893,South,Princess Royal (PRUH),7.25,Epsom Hospital,16.47,Princess Royal (PRUH),7.25,St. Georges Hospital,13.52
CR09HN,51.34097,-0.037558,South,Princess Royal (PRUH),7.31,Epsom Hospital,16.41,Princess Royal (PRUH),7.31,St. Georges Hospital,13.52
CR09HP,51.34037,-0.03665,South,Princess Royal (PRUH),7.27,Epsom Hospital,16.47,Princess Royal (PRUH),7.27,St. Georges Hospital,13.61
CR09HQ,51.339864,-0.03703,South,Princess Royal (PRUH),7.32,Epsom Hospital,16.44,Princess Royal (PRUH),7.32,St. Georges Hospital,13.64
CR09HR,51.339065,-0.036619,South,Princess Royal (PRUH),7.33,Epsom Hospital,16.46,Princess Royal (PRUH),7.33,St. Georges Hospital,13.72
CR09HS,51.347043,-0.036695,South,Princess Royal (PRUH),7.02,Epsom Hospital,16.56,Princess Royal (PRUH),7.02,St. Georges Hospital,13.1
CR09HT,51.346287,-0.037187,South,Princess Royal (PRUH),7.08,Epsom Hospital,16.51,Princess Royal (PRUH),7.08,St. Georges Hospital,13.13
CR09HU,51.339597,-0.03832,South,Princess Royal (PRUH),7.41,Epsom Hospital,16.35,Princess Royal (PRUH),7.41,St. Georges Hospital,13.59
CR09HW,51.3406,-0.03855,South,Princess Royal (PRUH),7.39,Epsom Hospital,16.34,Princess Royal (PRUH),7.39,St. Georges Hospital,13.5
CR09HX,51.344586,-0.037647,South,Princess Royal (PRUH),7.17,Epsom Hospital,16.45,Princess Royal (PRUH),7.17,St. Georges Hospital,13.24
CR09HY,51.342918,-0.038436,South,Princess Royal (PRUH),7.29,Epsom Hospital,16.38,Princess Royal (PRUH),7.29,St. Georges Hospital,13.33
CR09JG,51.345474,-0.037494,South,Princess Royal (PRUH),7.13,Epsom Hospital,16.48,Princess Royal (PRUH),7.13,St. Georges Hospital,13.17
CR09UG,51.343918,-0.003355,South,Princess Royal (PRUH),5.02,Epsom Hospital,18.81,Princess Royal (PRUH),5.02,St. Georges Hospital,15.08
CR23QW,51.348286,-0.011179,South,Princess Royal (PRUH),5.3,Epsom Hospital,18.33,Princess Royal (PRUH),5.3,St. Georges Hospital,14.36
CR39PP,51.319163,0.009089,South,Princess Royal (PRUH),6.26,Epsom Hospital,19.59,Princess Royal (PRUH),6.26,St. Georges Hospital,17.54
CR39PQ,51.333517,0.011152,South,Princess Royal (PRUH),4.92,Epsom Hospital,19.73,Princess Royal (PRUH),4.92,St. Georges Hospital,16.59
CR69PP,51.325627,0.004477,South,Princess Royal (PRUH),5.88,Epsom Hospital,19.25,Princess Royal (PRUH),5.88,St. Georges Hospital,16.81
CR69PQ,51.333521,0.009875,South,Princess Royal (PRUH),4.98,Epsom Hospital,19.64,Princess Royal (PRUH),4.98,St. Georges Hospital,16.52
CR90AA,51.333333,-0.003843,South,Princess Royal (PRUH),5.7,Epsom Hospital,18.69,Princess Royal (PRUH),5.7,St. Georges Hospital,15.81
CR90AD,51.342077,-0.004555,South,Princess Royal (PRUH),5.19,Epsom Hospital,18.71,Princess Royal (PRUH),5.19,St. Georges Hospital,15.15
CR90AF,51.342077,-0.004555,South,Princess Royal (PRUH),5.19,Epsom Hospital,18.71,Princess Royal (PRUH),5.19,St. Georges Hospital,15.15
CR90AP,51.340867,-0.013841,South,Princess Royal (PRUH),5.82,Epsom Hospital,18.05,Princess Royal (PRUH),5.82,St. Georges Hospital,14.74
CR90BA,51.343392,-0.00523,South,Princess Royal (PRUH),5.16,Epsom Hospital,18.68,Princess Royal (PRUH),5.16,St. Georges Hospital,15.02
CR90BB,51.342773,-0.004238,South,Princess Royal (PRUH),5.13,Epsom Hospital,18.74,Princess Royal (PRUH),5.13,St. Georges Hospital,15.11
CR90BD,51.342717,-0.003077,South,Princess Royal (PRUH),5.07,Epsom Hospital,18.82,Princess Royal (PRUH),5.07,St. Georges Hospital,15.18
CR90BE,51.342797,-0.005673,South,Princess Royal (PRUH),5.22,Epsom Hospital,18.64,Princess Royal (PRUH),5.22,St. Georges Hospital,15.03
CR90BG,51.343392,-0.00523,South,Princess Royal (PRUH),5.16,Epsom Hospital,18.68,Princess Royal (PRUH),5.16,St. Georges Hospital,15.02
CR90BL,51.342797,-0.005673,South,Princess Royal (PRUH),5.22,Epsom Hospital,18.64,Princess Royal (PRUH),5.22,St. Georges Hospital,15.03
CR90BN,51.344529,-0.004362,South,Princess Royal (PRUH),5.05,Epsom Hospital,18.75,Princess Royal (PRUH),5.05,St. Georges Hospital,14.99
CR90BP,51.342077,-0.004555,South,Princess Royal (PRUH),5.19,Epsom Hospital,18.71,Princess Royal (PRUH),5.19,St. Georges Hospital,15.15
CR90BQ,51.340867,-0.013841,South,Princess Royal (PRUH),5.82,Epsom Hospital,18.05,Princess Royal (PRUH),5.82,St. Georges Hospital,14.74
CR90BR,51.341,-0.005751,South,Princess Royal (PRUH),5.32,Epsom Hospital,18.61,Princess Royal (PRUH),5.32,St. Georges Hospital,15.16
CR90BS,51.343672,-0.004199,South,Princess Royal (PRUH),5.08,Epsom Hospital,18.75,Princess Royal (PRUH),5.08,St. Georges Hospital,15.05
CR90BT,51.344421,-0.005444,South,Princess Royal (PRUH),5.12,Epsom Hospital,18.67,Princess Royal (PRUH),5.12,St. Georges Hospital,14.93
CR90BU,51.341875,-0.004277,South,Princess Royal (PRUH),5.18,Epsom Hospital,18.73,Princess Royal (PRUH),5.18,St. Georges Hospital,15.17
CR90DA,51.341776,-0.002716,South,Princess Royal (PRUH),5.1,Epsom Hospital,18.83,Princess Royal (PRUH),5.1,St. Georges Hospital,15.27
CR90DB,51.341776,-0.002716,South,Princess Royal (PRUH),5.1,Epsom Hospital,18.83,Princess Royal (PRUH),5.1,St. Georges Hospital,15.27
CR90DD,51.343672,-0.004199,South,Princess Royal (PRUH),5.08,Epsom Hospital,18.75,Princess Royal (PRUH),5.08,St. Georges Hospital,15.05
CR90DE,51.342717,-0.003077,South,Princess Royal (PRUH),5.07,Epsom Hospital,18.82,Princess Royal (PRUH),5.07,St. Georges Hospital,15.18
CR90DG,51.342717,-0.003077,South,Princess Royal (PRUH),5.07,Epsom Hospital,18.82,Princess Royal (PRUH),5.07,St. Georges Hospital,15.18
CR90DL,51.341776,-0.002716,South,Princess Royal (PRUH),5.1,Epsom Hospital,18.83,Princess Royal (PRUH),5.1,St. Georges Hospital,15.27
CR90EA,51.341508,-0.003905,South,Princess Royal (PRUH),5.18,Epsom Hospital,18.75,Princess Royal (PRUH),5.18,St. Georges Hospital,15.22
CR90EB,51.340867,-0.013841,South,Princess Royal (PRUH),5.82,Epsom Hospital,18.05,Princess Royal (PRUH),5.82,St. Georges Hospital,14.74
CR90ED,51.342773,-0.004238,South,Princess Royal (PRUH),5.13,Epsom Hospital,18.74,Princess Royal (PRUH),5.13,St. Georges Hospital,15.11
CR90EE,51.341508,-0.003905,South,Princess Royal (PRUH),5.18,Epsom Hospital,18.75,Princess Royal (PRUH),5.18,St. Georges Hospital,15.22
CR90EG,51.340867,-0.013841,South,Princess Royal (PRUH),5.82,Epsom Hospital,18.05,Princess Royal (PRUH),5.82,St. Georges Hospital,14.74
CR90EJ,51.340867,-0.013841,South,Princess Royal (PRUH),5.82,Epsom Hospital,18.05,Princess Royal (PRUH),5.82,St. Georges Hospital,14.74
CR90EL,51.341508,-0.003905,South,Princess Royal (PRUH),5.18,Epsom Hospital,18.75,Princess Royal (PRUH),5.18,St. Georges Hospital,15.22
CR90EN,51.334831,-0.013197,South,Princess Royal (PRUH),6.13,Epsom Hospital,18.05,Princess Royal (PRUH),6.13,St. Georges Hospital,15.22
CR90EP,51.341508,-0.003905,South,Princess Royal (PRUH),5.18,Epsom Hospital,18.75,Princess Royal (PRUH),5.18,St. Georges Hospital,15.22
CR90EQ,51.348359,-0.015485,South,Princess Royal (PRUH),5.58,Epsom Hospital,18.03,Princess Royal (PRUH),5.58,St. Georges Hospital,14.12
CR90ER,51.35047,-0.034064,South,Princess Royal (PRUH),6.74,Epsom Hospital,16.79,Princess Royal (PRUH),6.74,St. Georges Hospital,12.97
CR90ES,51.340867,-0.013841,South,Princess Royal (PRUH),5.82,Epsom Hospital,18.05,Princess Royal (PRUH),5.82,St. Georges Hospital,14.74
CR90ET,51.341508,-0.003905,South,Princess Royal (PRUH),5.18,Epsom Hospital,18.75,Princess Royal (PRUH),5.18,St. Georges Hospital,15.22
CR90EU,51.341508,-0.003905,South,Princess Royal (PRUH),5.18,Epsom Hospital,18.75,Princess Royal (PRUH),5.18,St. Georges Hospital,15.22
CR90EX,51.341508,-0.003905,South,Princess Royal (PRUH),5.18,Epsom Hospital,18.75,Princess Royal (PRUH),5.18,St. Georges Hospital,15.22
CR90EY,51.340867,-0.013841,South,Princess Royal (PRUH),5.82,Epsom Hospital,18.05,Princess Royal (PRUH),5.82,St. Georges Hospital,14.74
CR90EZ,51.341508,-0.003905,South,Princess Royal (PRUH),5.18,Epsom Hospital,18.75,Princess Royal (PRUH),5.18,St. Georges Hospital,15.22
CR90SA,51.341508,-0.003905,South,Princess Royal (PRUH),5.18,Epsom Hospital,18.75,Princess Royal (PRUH),5.18,St. Georges Hospital,15.22
CR90WT,51.340867,-0.013841,South,Princess Royal (PRUH),5.82,Epsom Hospital,18.05,Princess Royal (PRUH),5.82,St. Georges Hospital,14.74
CR90XZ,51.340858,-0.013841,South,Princess Royal (PRUH),5.82,Epsom Hospital,18.05,Princess Royal (PRUH),5.82,St. Georges Hospital,14.74
CR90YJ,51.340867,-0.013841,South,Princess Royal (PRUH),5.82,Epsom Hospital,18.05,Princess Royal (PRUH),5.82,St. Georges Hospital,14.74
CR90ZG,51.340867,-0.013841,South,Princess Royal (PRUH),5.82,Epsom Hospital,18.05,Princess Royal (PRUH),5.82,St. Georges Hospital,14.74
CR90ZH,51.342077,-0.004555,South,Princess Royal (PRUH),5.19,Epsom Hospital,18.71,Princess Royal (PRUH),5.19,St. Georges Hospital,15.15
CR90ZJ,51.340867,-0.013841,South,Princess Royal (PRUH),5.82,Epsom Hospital,18.05,Princess Royal (PRUH),5.82,St. Georges Hospital,14.74
CR90ZP,51.340867,-0.013841,South,Princess Royal (PRUH),5.82,Epsom Hospital,18.05,Princess Royal (PRUH),5.82,St. Georges Hospital,14.74
CR90ZS,51.340867,-0.013841,South,Princess Royal (PRUH),5.82,Epsom Hospital,18.05,Princess Royal (PRUH),5.82,St. Georges Hospital,14.74
CR90ZT,51.340858,-0.013841,South,Princess Royal (PRUH),5.82,Epsom Hospital,18.05,Princess Royal (PRUH),5.82,St. Georges Hospital,14.74
CR91HS,51.341813,-0.014992,South,Princess Royal (PRUH),5.84,Epsom Hospital,17.98,Princess Royal (PRUH),5.84,St. Georges Hospital,14.61
DA144QT,51.423401,0.111812,South,Princess Royal (PRUH),7.36,Darent Valley,10.26,Princess Royal (PRUH),7.36,Kings College Hospital,14.97
DA144QU,51.423049,0.112371,South,Princess Royal (PRUH),7.35,Darent Valley,10.23,Princess Royal (PRUH),7.35,Kings College Hospital,15.02
DA144QX,51.423794,0.110938,South,Princess Royal (PRUH),7.37,Darent Valley,10.32,Princess Royal (PRUH),7.37,Kings College Hospital,14.9
DA145AA,51.412062,0.111246,South,Princess Royal (PRUH),6.27,Darent Valley,10.54,Princess Royal (PRUH),6.27,Kings College Hospital,15.41
DA145AB,51.414444,0.120761,South,Princess Royal (PRUH),6.88,Darent Valley,9.83,Princess Royal (PRUH),6.88,Kings College Hospital,15.91
DA145AD,51.414594,0.125859,South,Princess Royal (PRUH),7.11,Darent Valley,9.49,Princess Royal (PRUH),7.11,Kings College Hospital,16.23
DA145AE,51.418423,0.124498,South,Princess Royal (PRUH),7.38,Darent Valley,9.48,Princess Royal (PRUH),7.38,Kings College Hospital,15.99
DA145AF,51.413143,0.12457,South,Princess Royal (PRUH),6.93,Darent Valley,9.61,Princess Royal (PRUH),6.93,Kings College Hospital,16.21
DA145AG,51.419393,0.122601,South,Princess Royal (PRUH),7.39,Darent Valley,9.59,Princess Royal (PRUH),7.39,Kings College Hospital,15.83
DA145AH,51.414055,0.12536,South,Princess Royal (PRUH),7.04,Darent Valley,9.54,Princess Royal (PRUH),7.04,Kings College Hospital,16.22
DA145AJ,51.413288,0.125468,South,Princess Royal (PRUH),6.98,Darent Valley,9.55,Princess Royal (PRUH),6.98,Kings College Hospital,16.26
DA145AN,51.415103,0.130528,South,Princess Royal (PRUH),7.37,Darent Valley,9.16,Princess Royal (PRUH),7.37,Kings College Hospital,16.51
DA145AP,51.409868,0.145355,South,Princess Royal (PRUH),7.7,Darent Valley,8.35,Princess Royal (PRUH),7.7,Kings College Hospital,17.68
DA145AQ,51.419847,0.122853,South,Princess Royal (PRUH),7.44,Darent Valley,9.57,Princess Royal (PRUH),7.44,Kings College Hospital,15.83
DA145AR,51.409798,0.14771,South,Princess Royal (PRUH),7.82,Darent Valley,8.2,Princess Royal (PRUH),7.82,Kings College Hospital,17.84
DA145AW,51.413892,0.134786,South,Princess Royal (PRUH),7.47,Darent Valley,8.91,Princess Royal (PRUH),7.47,Kings College Hospital,16.84
DA145AX,51.410089,0.143137,South,Princess Royal (PRUH),7.6,Darent Valley,8.48,Princess Royal (PRUH),7.6,Kings College Hospital,17.53
DA145AY,51.410419,0.140305,South,Princess Royal (PRUH),7.48,Darent Valley,8.66,Princess Royal (PRUH),7.48,Kings College Hospital,17.33
DA145AZ,51.410687,0.140907,South,Princess Royal (PRUH),7.53,Darent Valley,8.61,Princess Royal (PRUH),7.53,Kings College Hospital,17.36
DA145BA,51.411343,0.139471,South,Princess Royal (PRUH),7.5,Darent Valley,8.68,Princess Royal (PRUH),7.5,Kings College Hospital,17.24
DA145BB,51.411139,0.140281,South,Princess Royal (PRUH),7.53,Darent Valley,8.63,Princess Royal (PRUH),7.53,Kings College Hospital,17.3
DA145BD,51.4109,0.141046,South,Princess Royal (PRUH),7.55,Darent Valley,8.59,Princess Royal (PRUH),7.55,Kings College Hospital,17.36
DA145BE,51.413804,0.134178,South,Princess Royal (PRUH),7.43,Darent Valley,8.95,Princess Royal (PRUH),7.43,Kings College Hospital,16.8
DA145BG,51.413364,0.134661,South,Princess Royal (PRUH),7.42,Darent Valley,8.93,Princess Royal (PRUH),7.42,Kings College Hospital,16.85
DA145BH,51.415519,0.120998,South,Princess Royal (PRUH),6.98,Darent Valley,9.79,Princess Royal (PRUH),6.98,Kings College Hospital,15.88
DA145BJ,51.415356,0.12798,South,Princess Royal (PRUH),7.27,Darent Valley,9.32,Princess Royal (PRUH),7.27,Kings College Hospital,16.34
DA145BL,51.414804,0.123223,South,Princess Royal (PRUH),7.01,Darent Valley,9.66,Princess Royal (PRUH),7.01,Kings College Hospital,16.05
DA145BN,51.412562,0.122846,South,Princess Royal (PRUH),6.8,Darent Valley,9.75,Princess Royal (PRUH),6.8,Kings College Hospital,16.12
DA145BQ,51.411382,0.132858,South,Princess Royal (PRUH),7.17,Darent Valley,9.12,Princess Royal (PRUH),7.17,Kings College Hospital,16.81
DA145BS,51.419162,0.118434,South,Princess Royal (PRUH),7.2,Darent Valley,9.88,Princess Royal (PRUH),7.2,Kings College Hospital,15.57
DA145BT,51.419644,0.119132,South,Princess Royal (PRUH),7.28,Darent Valley,9.82,Princess Royal (PRUH),7.28,Kings College Hospital,15.59
DA145BU,51.419388,0.119365,South,Princess Royal (PRUH),7.26,Darent Valley,9.81,Princess Royal (PRUH),7.26,Kings College Hospital,15.62
DA145BW,51.409862,0.142752,South,Princess Royal (PRUH),7.56,Darent Valley,8.52,Princess Royal (PRUH),7.56,Kings College Hospital,17.51
DA145BX,51.418924,0.118696,South,Princess Royal (PRUH),7.19,Darent Valley,9.87,Princess Royal (PRUH),7.19,Kings College Hospital,15.59
DA145BY,51.417516,0.116459,South,Princess Royal (PRUH),6.98,Darent Valley,10.05,Princess Royal (PRUH),6.98,Kings College Hospital,15.51
DA145BZ,51.417336,0.116998,South,Princess Royal (PRUH),6.98,Darent Valley,10.02,Princess Royal (PRUH),6.98,Kings College Hospital,15.55
DA145DA,51.418447,0.118185,South,Princess Royal (PRUH),7.13,Darent Valley,9.91,Princess Royal (PRUH),7.13,Kings College Hospital,15.58
DA145DB,51.418447,0.118185,South,Princess Royal (PRUH),7.13,Darent Valley,9.91,Princess Royal (PRUH),7.13,Kings College Hospital,15.58
DA145DD,51.417883,0.115096,South,Princess Royal (PRUH),6.96,Darent Valley,10.14,Princess Royal (PRUH),6.96,Kings College Hospital,15.4
DA145DE,51.417063,0.115662,South,Princess Royal (PRUH),6.9,Darent Valley,10.12,Princess Royal (PRUH),6.9,Kings College Hospital,15.47
DA145DF,51.415995,0.118029,South,Princess Royal (PRUH),6.9,Darent Valley,9.98,Princess Royal (PRUH),6.9,Kings College Hospital,15.67
DA145DG,51.416123,0.116438,South,Princess Royal (PRUH),6.85,Darent Valley,10.08,Princess Royal (PRUH),6.85,Kings College Hospital,15.56
DA145DH,51.41625,0.114848,South,Princess Royal (PRUH),6.8,Darent Valley,10.19,Princess Royal (PRUH),6.8,Kings College Hospital,15.45
DA145DJ,51.415275,0.114558,South,Princess Royal (PRUH),6.7,Darent Valley,10.23,Princess Royal (PRUH),6.7,Kings College Hospital,15.48
DA145DL,51.414929,0.113794,South,Princess Royal (PRUH),6.63,Darent Valley,10.29,Princess Royal (PRUH),6.63,Kings College Hospital,15.44
DA145DN,51.414655,0.114041,South,Princess Royal (PRUH),6.62,Darent Valley,10.28,Princess Royal (PRUH),6.62,Kings College Hospital,15.47
DA145DP,51.415581,0.115047,South,Princess Royal (PRUH),6.74,Darent Valley,10.19,Princess Royal (PRUH),6.74,Kings College Hospital,15.49
DA145DQ,51.416922,0.115497,South,Princess Royal (PRUH),6.88,Darent Valley,10.13,Princess Royal (PRUH),6.88,Kings College Hospital,15.47
DA145DR,51.415366,0.112535,South,Princess Royal (PRUH),6.63,Darent Valley,10.37,Princess Royal (PRUH),6.63,Kings College Hospital,15.34
DA145DS,51.414467,0.112493,South,Princess Royal (PRUH),6.54,Darent Valley,10.39,Princess Royal (PRUH),6.54,Kings College Hospital,15.38
DA145DT,51.41479,0.115543,South,Princess Royal (PRUH),6.69,Darent Valley,10.18,Princess Royal (PRUH),6.69,Kings College Hospital,15.56
DA145DU,51.415288,0.116846,South,Princess Royal (PRUH),6.79,Darent Valley,10.08,Princess Royal (PRUH),6.79,Kings College Hospital,15.62
DA145DW,51.414304,0.11309,South,Princess Royal (PRUH),6.55,Darent Valley,10.36,Princess Royal (PRUH),6.55,Kings College Hospital,15.42
DA145DX,51.415444,0.113171,South,Princess Royal (PRUH),6.66,Darent Valley,10.32,Princess Royal (PRUH),6.66,Kings College Hospital,15.38
DA145DY,51.415444,0.113171,South,Princess Royal (PRUH),6.66,Darent Valley,10.32,Princess Royal (PRUH),6.66,Kings College Hospital,15.38
DA145DZ,51.415432,0.116334,South,Princess Royal (PRUH),6.78,Darent Valley,10.11,Princess Royal (PRUH),6.78,Kings College Hospital,15.58
DA145EA,51.414806,0.11563,South,Princess Royal (PRUH),6.7,Darent Valley,10.17,Princess Royal (PRUH),6.7,Kings College Hospital,15.57
DA145ED,51.420351,0.118345,South,Princess Royal (PRUH),7.31,Darent Valley,9.86,Princess Royal (PRUH),7.31,Kings College Hospital,15.52
DA145EE,51.41503,0.116172,South,Princess Royal (PRUH),6.74,Darent Valley,10.13,Princess Royal (PRUH),6.74,Kings College Hospital,15.59
DA145EF,51.415881,0.120857,South,Princess Royal (PRUH),7.01,Darent Valley,9.79,Princess Royal (PRUH),7.01,Kings College Hospital,15.86
DA145EG,51.415335,0.12168,South,Princess Royal (PRUH),6.99,Darent Valley,9.75,Princess Royal (PRUH),6.99,Kings College Hospital,15.93
DA145EN,51.417869,0.123279,South,Princess Royal (PRUH),7.28,Darent Valley,9.58,Princess Royal (PRUH),7.28,Kings College Hospital,15.93
DA145ER,51.422799,0.133101,South,Princess Royal (PRUH),8.13,Darent Valley,8.81,Princess Royal (PRUH),8.13,Kings College Hospital,16.39
DA145FA,51.413899,0.118061,South,Princess Royal (PRUH),6.71,Darent Valley,10.03,Princess Royal (PRUH),6.71,Kings College Hospital,15.76
DA145FD,51.418084,0.11837,South,Princess Royal (PRUH),7.1,Darent Valley,9.91,Princess Royal (PRUH),7.1,Kings College Hospital,15.61
DA145FE,51.411754,0.12278,South,Princess Royal (PRUH),6.73,Darent Valley,9.77,Princess Royal (PRUH),6.73,Kings College Hospital,16.15
DA145FH,51.417072,0.121156,South,Princess Royal (PRUH),7.12,Darent Valley,9.74,Princess Royal (PRUH),7.12,Kings College Hospital,15.83
DA145HA,51.415293,0.112071,South,Princess Royal (PRUH),6.6,Darent Valley,10.4,Princess Royal (PRUH),6.6,Kings College Hospital,15.32
DA145HB,51.41673,0.123154,South,Princess Royal (PRUH),7.18,Darent Valley,9.62,Princess Royal (PRUH),7.18,Kings College Hospital,15.97
DA145HE,51.420781,0.133827,South,Princess Royal (PRUH),7.99,Darent Valley,8.8,Princess Royal (PRUH),7.99,Kings College Hospital,16.51
DA145HF,51.420485,0.132289,South,Princess Royal (PRUH),7.9,Darent Valley,8.91,Princess Royal (PRUH),7.9,Kings College Hospital,16.42
DA145HH,51.417026,0.121183,South,Princess Royal (PRUH),7.12,Darent Valley,9.74,Princess Royal (PRUH),7.12,Kings College Hospital,15.83
DA145HJ,51.418534,0.118837,South,Princess Royal (PRUH),7.16,Darent Valley,9.87,Princess Royal (PRUH),7.16,Kings College Hospital,15.62
DA145HL,51.41817,0.119582,South,Princess Royal (PRUH),7.16,Darent Valley,9.82,Princess Royal (PRUH),7.16,Kings College Hospital,15.68
DA145HN,51.41789,0.119181,South,Princess Royal (PRUH),7.12,Darent Valley,9.86,Princess Royal (PRUH),7.12,Kings College Hospital,15.67
DA145HP,51.417072,0.121156,South,Princess Royal (PRUH),7.12,Darent Valley,9.74,Princess Royal (PRUH),7.12,Kings College Hospital,15.83
DA145HQ,51.416238,0.114013,South,Princess Royal (PRUH),6.76,Darent Valley,10.25,Princess Royal (PRUH),6.76,Kings College Hospital,15.4
DA145HR,51.412755,0.121143,South,Princess Royal (PRUH),6.74,Darent Valley,9.85,Princess Royal (PRUH),6.74,Kings College Hospital,16.01
DA145HS,51.416093,0.123053,South,Princess Royal (PRUH),7.12,Darent Valley,9.64,Princess Royal (PRUH),7.12,Kings College Hospital,15.99
DA145HT,51.418312,0.12166,South,Princess Royal (PRUH),7.26,Darent Valley,9.68,Princess Royal (PRUH),7.26,Kings College Hospital,15.81
DA145HU,51.417701,0.122149,South,Princess Royal (PRUH),7.22,Darent Valley,9.66,Princess Royal (PRUH),7.22,Kings College Hospital,15.87
DA145HW,51.419396,0.123925,South,Princess Royal (PRUH),7.45,Darent Valley,9.5,Princess Royal (PRUH),7.45,Kings College Hospital,15.92
DA145HX,51.415813,0.125125,South,Princess Royal (PRUH),7.18,Darent Valley,9.5,Princess Royal (PRUH),7.18,Kings College Hospital,16.13
DA145HY,51.414731,0.112304,South,Princess Royal (PRUH),6.56,Darent Valley,10.4,Princess Royal (PRUH),6.56,Kings College Hospital,15.36
DA145HZ,51.417329,0.120334,South,Princess Royal (PRUH),7.11,Darent Valley,9.79,Princess Royal (PRUH),7.11,Kings College Hospital,15.76
DA145JA,51.409668,0.144023,South,Princess Royal (PRUH),7.62,Darent Valley,8.44,Princess Royal (PRUH),7.62,Kings College Hospital,17.6
DA145JB,51.415348,0.124442,South,Princess Royal (PRUH),7.11,Darent Valley,9.56,Princess Royal (PRUH),7.11,Kings College Hospital,16.11
DA145JD,51.416981,0.122677,South,Princess Royal (PRUH),7.18,Darent Valley,9.64,Princess Royal (PRUH),7.18,Kings College Hospital,15.93
DA145JE,51.416473,0.124436,South,Princess Royal (PRUH),7.21,Darent Valley,9.53,Princess Royal (PRUH),7.21,Kings College Hospital,16.06
DA145JF,51.417668,0.124981,South,Princess Royal (PRUH),7.34,Darent Valley,9.47,Princess Royal (PRUH),7.34,Kings College Hospital,16.05
DA145JG,51.418092,0.126367,South,Princess Royal (PRUH),7.43,Darent Valley,9.37,Princess Royal (PRUH),7.43,Kings College Hospital,16.12
DA145JH,51.418917,0.127484,South,Princess Royal (PRUH),7.55,Darent Valley,9.27,Princess Royal (PRUH),7.55,Kings College Hospital,16.17
DA145JJ,51.41959,0.12809,South,Princess Royal (PRUH),7.64,Darent Valley,9.22,Princess Royal (PRUH),7.64,Kings College Hospital,16.18
DA145JL,51.418112,0.12923,South,Princess Royal (PRUH),7.56,Darent Valley,9.17,Princess Royal (PRUH),7.56,Kings College Hospital,16.31
DA145JN,51.417431,0.126121,South,Princess Royal (PRUH),7.37,Darent Valley,9.4,Princess Royal (PRUH),7.37,Kings College Hospital,16.13
DA145JP,51.416396,0.123699,South,Princess Royal (PRUH),7.17,Darent Valley,9.59,Princess Royal (PRUH),7.17,Kings College Hospital,16.02
DA145JQ,51.419244,0.129283,South,Princess Royal (PRUH),7.66,Darent Valley,9.14,Princess Royal (PRUH),7.66,Kings College Hospital,16.27
DA145JR,51.417033,0.128763,South,Princess Royal (PRUH),7.45,Darent Valley,9.23,Princess Royal (PRUH),7.45,Kings College Hospital,16.32
DA145JS,51.41698,0.127682,South,Princess Royal (PRUH),7.4,Darent Valley,9.3,Princess Royal (PRUH),7.4,Kings College Hospital,16.25
DA145JW,51.416971,0.126185,South,Princess Royal (PRUH),7.33,Darent Valley,9.4,Princess Royal (PRUH),7.33,Kings College Hospital,16.16
DA145JX,51.417854,0.124155,South,Princess Royal (PRUH),7.32,Darent Valley,9.52,Princess Royal (PRUH),7.32,Kings College Hospital,15.99
DA145JY,51.419787,0.126144,South,Princess Royal (PRUH),7.57,Darent Valley,9.34,Princess Royal (PRUH),7.57,Kings College Hospital,16.05
DA145JZ,51.419186,0.126547,South,Princess Royal (PRUH),7.54,Darent Valley,9.33,Princess Royal (PRUH),7.54,Kings College Hospital,16.09
DA145LA,51.420415,0.127697,South,Princess Royal (PRUH),7.69,Darent Valley,9.23,Princess Royal (PRUH),7.69,Kings College Hospital,16.12
DA145LB,51.420712,0.129178,South,Princess Royal (PRUH),7.78,Darent Valley,9.12,Princess Royal (PRUH),7.78,Kings College Hospital,16.21
DA145LD,51.420099,0.128272,South,Princess Royal (PRUH),7.69,Darent Valley,9.19,Princess Royal (PRUH),7.69,Kings College Hospital,16.17
DA145LE,51.420092,0.131149,South,Princess Royal (PRUH),7.82,Darent Valley,9.0,Princess Royal (PRUH),7.82,Kings College Hospital,16.36
DA145LF,51.419694,0.130756,South,Princess Royal (PRUH),7.76,Darent Valley,9.03,Princess Royal (PRUH),7.76,Kings College Hospital,16.35
DA145LG,51.418596,0.130791,South,Princess Royal (PRUH),7.67,Darent Valley,9.05,Princess Royal (PRUH),7.67,Kings College Hospital,16.39
DA145LH,51.418834,0.130112,South,Princess Royal (PRUH),7.66,Darent Valley,9.09,Princess Royal (PRUH),7.66,Kings College Hospital,16.34
DA145LJ,51.418642,0.129772,South,Princess Royal (PRUH),7.63,Darent Valley,9.12,Princess Royal (PRUH),7.63,Kings College Hospital,16.33
DA145LL,51.419276,0.130046,South,Princess Royal (PRUH),7.7,Darent Valley,9.09,Princess Royal (PRUH),7.7,Kings College Hospital,16.32
DA145LQ,51.41912,0.130701,South,Princess Royal (PRUH),7.71,Darent Valley,9.05,Princess Royal (PRUH),7.71,Kings College Hospital,16.37
DA145LR,51.418792,0.126457,South,Princess Royal (PRUH),7.5,Darent Valley,9.34,Princess Royal (PRUH),7.5,Kings College Hospital,16.1
DA145LS,51.416128,0.127067,South,Princess Royal (PRUH),7.3,Darent Valley,9.37,Princess Royal (PRUH),7.3,Kings College Hospital,16.25
DA145LT,51.416788,0.129859,South,Princess Royal (PRUH),7.48,Darent Valley,9.16,Princess Royal (PRUH),7.48,Kings College Hospital,16.4
DA145LU,51.416752,0.131827,South,Princess Royal (PRUH),7.56,Darent Valley,9.03,Princess Royal (PRUH),7.56,Kings College Hospital,16.53
DA145LX,51.41789,0.132528,South,Princess Royal (PRUH),7.69,Darent Valley,8.95,Princess Royal (PRUH),7.69,Kings College Hospital,16.53
DA145LY,51.418158,0.133619,South,Princess Royal (PRUH),7.76,Darent Valley,8.87,Princess Royal (PRUH),7.76,Kings College Hospital,16.59
DA145LZ,51.42103,0.130516,South,Princess Royal (PRUH),7.87,Darent Valley,9.02,Princess Royal (PRUH),7.87,Kings College Hospital,16.29
DA145NA,51.421136,0.132103,South,Princess Royal (PRUH),7.95,Darent Valley,8.91,Princess Royal (PRUH),7.95,Kings College Hospital,16.39
DA145NB,51.421538,0.129778,South,Princess Royal (PRUH),7.88,Darent Valley,9.06,Princess Royal (PRUH),7.88,Kings College Hospital,16.22
DA145ND,51.421615,0.131478,South,Princess Royal (PRUH),7.96,Darent Valley,8.94,Princess Royal (PRUH),7.96,Kings College Hospital,16.33
DA145NE,51.422685,0.129514,South,Princess Royal (PRUH),7.97,Darent Valley,9.06,Princess Royal (PRUH),7.97,Kings College Hospital,16.16
DA145NF,51.422722,0.130451,South,Princess Royal (PRUH),8.01,Darent Valley,8.99,Princess Royal (PRUH),8.01,Kings College Hospital,16.22
DA145NG,51.423921,0.131773,South,Princess Royal (PRUH),8.18,Darent Valley,8.88,Princess Royal (PRUH),8.18,Kings College Hospital,16.27
DA145NH,51.414747,0.1159,South,Princess Royal (PRUH),6.7,Darent Valley,10.15,Princess Royal (PRUH),6.7,Kings College Hospital,15.58
DA145NJ,51.414441,0.11393,South,Princess Royal (PRUH),6.6,Darent Valley,10.3,Princess Royal (PRUH),6.6,Kings College Hospital,15.47
DA145NL,51.411694,0.124603,South,Princess Royal (PRUH),6.81,Darent Valley,9.65,Princess Royal (PRUH),6.81,Kings College Hospital,16.27
DA145NP,51.414441,0.11393,South,Princess Royal (PRUH),6.6,Darent Valley,10.3,Princess Royal (PRUH),6.6,Kings College Hospital,15.47
DA145NQ,51.423554,0.132173,South,Princess Royal (PRUH),8.16,Darent Valley,8.86,Princess Royal (PRUH),8.16,Kings College Hospital,16.31
DA145NR,51.414441,0.11393,South,Princess Royal (PRUH),6.6,Darent Valley,10.3,Princess Royal (PRUH),6.6,Kings College Hospital,15.47
DA145NS,51.414441,0.11393,South,Princess Royal (PRUH),6.6,Darent Valley,10.3,Princess Royal (PRUH),6.6,Kings College Hospital,15.47
DA145NT,51.418792,0.126457,South,Princess Royal (PRUH),7.5,Darent Valley,9.34,Princess Royal (PRUH),7.5,Kings College Hospital,16.1
DA145NW,51.414441,0.11393,South,Princess Royal (PRUH),6.6,Darent Valley,10.3,Princess Royal (PRUH),6.6,Kings College Hospital,15.47
DA145PA,51.417498,0.118443,South,Princess Royal (PRUH),7.05,Darent Valley,9.92,Princess Royal (PRUH),7.05,Kings College Hospital,15.63
DA145PB,51.417636,0.118766,South,Princess Royal (PRUH),7.08,Darent Valley,9.89,Princess Royal (PRUH),7.08,Kings College Hospital,15.65
DA145PD,51.417681,0.118811,South,Princess Royal (PRUH),7.08,Darent Valley,9.89,Princess Royal (PRUH),7.08,Kings College Hospital,15.65
DA145PE,51.417527,0.118358,South,Princess Royal (PRUH),7.05,Darent Valley,9.92,Princess Royal (PRUH),7.05,Kings College Hospital,15.63
DA145PH,51.417111,0.115492,South,Princess Royal (PRUH),6.9,Darent Valley,10.13,Princess Royal (PRUH),6.9,Kings College Hospital,15.46
DA145QY,51.417111,0.115492,South,Princess Royal (PRUH),6.9,Darent Valley,10.13,Princess Royal (PRUH),6.9,Kings College Hospital,15.46
DA145RH,51.418106,0.121161,South,Princess Royal (PRUH),7.22,Darent Valley,9.72,Princess Royal (PRUH),7.22,Kings College Hospital,15.79
DA145SS,51.417111,0.115492,South,Princess Royal (PRUH),6.9,Darent Valley,10.13,Princess Royal (PRUH),6.9,Kings College Hospital,15.46
DA145TA,51.418106,0.121161,South,Princess Royal (PRUH),7.22,Darent Valley,9.72,Princess Royal (PRUH),7.22,Kings College Hospital,15.79
DA145UB,51.418634,0.127715,South,Princess Royal (PRUH),7.54,Darent Valley,9.26,Princess Royal (PRUH),7.54,Kings College Hospital,16.19
DA145WA,51.418106,0.121161,South,Princess Royal (PRUH),7.22,Darent Valley,9.72,Princess Royal (PRUH),7.22,Kings College Hospital,15.79
DA145WB,51.418106,0.121161,South,Princess Royal (PRUH),7.22,Darent Valley,9.72,Princess Royal (PRUH),7.22,Kings College Hospital,15.79
DA145WS,51.418106,0.121161,South,Princess Royal (PRUH),7.22,Darent Valley,9.72,Princess Royal (PRUH),7.22,Kings College Hospital,15.79
DA145XP,51.418106,0.121161,South,Princess Royal (PRUH),7.22,Darent Valley,9.72,Princess Royal (PRUH),7.22,Kings College Hospital,15.79
DA145ZN,51.417111,0.115492,South,Princess Royal (PRUH),6.9,Darent Valley,10.13,Princess Royal (PRUH),6.9,Kings College Hospital,15.46
DA145ZP,51.418634,0.127715,South,Princess Royal (PRUH),7.54,Darent Valley,9.26,Princess Royal (PRUH),7.54,Kings College Hospital,16.19
DA146AN,51.423414,0.098536,South,Princess Royal (PRUH),6.96,Darent Valley,11.18,Princess Royal (PRUH),6.96,Kings College Hospital,14.11
DA146AP,51.423482,0.099273,South,Princess Royal (PRUH),6.99,Darent Valley,11.12,Princess Royal (PRUH),6.99,Kings College Hospital,14.16
DA146AT,51.422697,0.097899,South,Princess Royal (PRUH),6.87,Darent Valley,11.23,Princess Royal (PRUH),6.87,Kings College Hospital,14.1
DA146AU,51.42209,0.094664,South,Princess Royal (PRUH),6.73,Darent Valley,11.46,Princess Royal (PRUH),6.73,Kings College Hospital,13.91
DA146AW,51.423487,0.099517,South,Princess Royal (PRUH),7.0,Darent Valley,11.11,Princess Royal (PRUH),7.0,Kings College Hospital,14.17
DA146AX,51.421879,0.094352,South,Princess Royal (PRUH),6.7,Darent Valley,11.48,Princess Royal (PRUH),6.7,Kings College Hospital,13.9
DA146AY,51.422692,0.094705,South,Princess Royal (PRUH),6.79,Darent Valley,11.45,Princess Royal (PRUH),6.79,Kings College Hospital,13.89
DA146BA,51.423142,0.094165,South,Princess Royal (PRUH),6.82,Darent Valley,11.48,Princess Royal (PRUH),6.82,Kings College Hospital,13.84
DA146BB,51.422341,0.097681,South,Princess Royal (PRUH),6.83,Darent Valley,11.25,Princess Royal (PRUH),6.83,Kings College Hospital,14.1
DA146BD,51.422192,0.099501,South,Princess Royal (PRUH),6.86,Darent Valley,11.13,Princess Royal (PRUH),6.86,Kings College Hospital,14.22
DA146BE,51.421986,0.099463,South,Princess Royal (PRUH),6.84,Darent Valley,11.13,Princess Royal (PRUH),6.84,Kings College Hospital,14.23
DA146BG,51.422496,0.099587,South,Princess Royal (PRUH),6.9,Darent Valley,11.12,Princess Royal (PRUH),6.9,Kings College Hospital,14.21
DA146BH,51.422933,0.09978,South,Princess Royal (PRUH),6.95,Darent Valley,11.1,Princess Royal (PRUH),6.95,Kings College Hospital,14.21
DA146BJ,51.423092,0.099988,South,Princess Royal (PRUH),6.97,Darent Valley,11.08,Princess Royal (PRUH),6.97,Kings College Hospital,14.22
DA146BL,51.423214,0.100152,South,Princess Royal (PRUH),6.99,Darent Valley,11.07,Princess Royal (PRUH),6.99,Kings College Hospital,14.22
DA146BP,51.421072,0.098745,South,Princess Royal (PRUH),6.73,Darent Valley,11.2,Princess Royal (PRUH),6.73,Kings College Hospital,14.22
DA146BQ,51.422746,0.099714,South,Princess Royal (PRUH),6.93,Darent Valley,11.1,Princess Royal (PRUH),6.93,Kings College Hospital,14.21
DA146BS,51.423438,0.103759,South,Princess Royal (PRUH),7.11,Darent Valley,10.82,Princess Royal (PRUH),7.11,Kings College Hospital,14.45
DA146BU,51.42356,0.105965,South,Princess Royal (PRUH),7.19,Darent Valley,10.66,Princess Royal (PRUH),7.19,Kings College Hospital,14.59
DA146DG,51.423017,0.098101,South,Princess Royal (PRUH),6.91,Darent Valley,11.21,Princess Royal (PRUH),6.91,Kings College Hospital,14.1
DA146DP,51.42332,0.100301,South,Princess Royal (PRUH),7.0,Darent Valley,11.06,Princess Royal (PRUH),7.0,Kings College Hospital,14.23
DA146FH,51.423678,0.108401,South,Princess Royal (PRUH),7.28,Darent Valley,10.49,Princess Royal (PRUH),7.28,Kings College Hospital,14.74
DA146HD,51.421991,0.094141,South,Princess Royal (PRUH),6.7,Darent Valley,11.5,Princess Royal (PRUH),6.7,Kings College Hospital,13.88
DA146HF,51.423042,0.109235,South,Princess Royal (PRUH),7.24,Darent Valley,10.44,Princess Royal (PRUH),7.24,Kings College Hospital,14.82
DA146HG,51.42355,0.109014,South,Princess Royal (PRUH),7.29,Darent Valley,10.45,Princess Royal (PRUH),7.29,Kings College Hospital,14.79
DA146HP,51.423678,0.108401,South,Princess Royal (PRUH),7.28,Darent Valley,10.49,Princess Royal (PRUH),7.28,Kings College Hospital,14.74
DA146HQ,51.423678,0.108401,South,Princess Royal (PRUH),7.28,Darent Valley,10.49,Princess Royal (PRUH),7.28,Kings College Hospital,14.74
DA146HS,51.423556,0.107159,South,Princess Royal (PRUH),7.23,Darent Valley,10.58,Princess Royal (PRUH),7.23,Kings College Hospital,14.67
DA146HT,51.423556,0.107159,South,Princess Royal (PRUH),7.23,Darent Valley,10.58,Princess Royal (PRUH),7.23,Kings College Hospital,14.67
DA146HW,51.422632,0.108555,South,Princess Royal (PRUH),7.18,Darent Valley,10.5,Princess Royal (PRUH),7.18,Kings College Hospital,14.79
DA146HX,51.420239,0.115104,South,Princess Royal (PRUH),7.18,Darent Valley,10.09,Princess Royal (PRUH),7.18,Kings College Hospital,15.31
DA146HY,51.422,0.110208,South,Princess Royal (PRUH),7.17,Darent Valley,10.39,Princess Royal (PRUH),7.17,Kings College Hospital,14.92
DA146HZ,51.423291,0.110397,South,Princess Royal (PRUH),7.31,Darent Valley,10.36,Princess Royal (PRUH),7.31,Kings College Hospital,14.89
DA146JA,51.422492,0.11036,South,Princess Royal (PRUH),7.23,Darent Valley,10.38,Princess Royal (PRUH),7.23,Kings College Hospital,14.91
DA146JB,51.421707,0.10995,South,Princess Royal (PRUH),7.14,Darent Valley,10.42,Princess Royal (PRUH),7.14,Kings College Hospital,14.92
DA146JD,51.421465,0.111953,South,Princess Royal (PRUH),7.18,Darent Valley,10.28,Princess Royal (PRUH),7.18,Kings College Hospital,15.06
DA146JE,51.421173,0.111666,South,Princess Royal (PRUH),7.14,Darent Valley,10.31,Princess Royal (PRUH),7.14,Kings College Hospital,15.05
DA146JF,51.42175,0.112585,South,Princess Royal (PRUH),7.23,Darent Valley,10.23,Princess Royal (PRUH),7.23,Kings College Hospital,15.09
DA146JG,51.421391,0.113517,South,Princess Royal (PRUH),7.23,Darent Valley,10.18,Princess Royal (PRUH),7.23,Kings College Hospital,15.16
DA146JH,51.419131,0.113212,South,Princess Royal (PRUH),7.0,Darent Valley,10.24,Princess Royal (PRUH),7.0,Kings College Hospital,15.23
DA146JJ,51.418844,0.11363,South,Princess Royal (PRUH),6.99,Darent Valley,10.22,Princess Royal (PRUH),6.99,Kings College Hospital,15.27
DA146JL,51.418687,0.1124,South,Princess Royal (PRUH),6.93,Darent Valley,10.3,Princess Royal (PRUH),6.93,Kings College Hospital,15.2
DA146JN,51.418253,0.113516,South,Princess Royal (PRUH),6.93,Darent Valley,10.24,Princess Royal (PRUH),6.93,Kings College Hospital,15.29
DA146JP,51.419521,0.114984,South,Princess Royal (PRUH),7.11,Darent Valley,10.11,Princess Royal (PRUH),7.11,Kings College Hospital,15.33
DA146JQ,51.420276,0.11302,South,Princess Royal (PRUH),7.11,Darent Valley,10.23,Princess Royal (PRUH),7.11,Kings College Hospital,15.17
DA146JR,51.418859,0.117298,South,Princess Royal (PRUH),7.13,Darent Valley,9.97,Princess Royal (PRUH),7.13,Kings College Hospital,15.51
DA146JS,51.420225,0.115376,South,Princess Royal (PRUH),7.19,Darent Valley,10.07,Princess Royal (PRUH),7.19,Kings College Hospital,15.33
DA146JT,51.419597,0.117793,South,Princess Royal (PRUH),7.22,Darent Valley,9.92,Princess Royal (PRUH),7.22,Kings College Hospital,15.51
DA146JU,51.419588,0.116771,South,Princess Royal (PRUH),7.18,Darent Valley,9.99,Princess Royal (PRUH),7.18,Kings College Hospital,15.44
DA146JW,51.419808,0.115026,South,Princess Royal (PRUH),7.14,Darent Valley,10.1,Princess Royal (PRUH),7.14,Kings College Hospital,15.32
DA146JY,51.420915,0.114517,South,Princess Royal (PRUH),7.22,Darent Valley,10.12,Princess Royal (PRUH),7.22,Kings College Hospital,15.25
DA146JZ,51.421,0.111788,South,Princess Royal (PRUH),7.13,Darent Valley,10.3,Princess Royal (PRUH),7.13,Kings College Hospital,15.06
DA146LA,51.419833,0.114179,South,Princess Royal (PRUH),7.11,Darent Valley,10.16,Princess Royal (PRUH),7.11,Kings College Hospital,15.27
DA146LB,51.419177,0.116623,South,Princess Royal (PRUH),7.14,Darent Valley,10.01,Princess Royal (PRUH),7.14,Kings College Hospital,15.45
DA146LD,51.419012,0.109826,South,Princess Royal (PRUH),6.87,Darent Valley,10.47,Princess Royal (PRUH),6.87,Kings College Hospital,15.02
DA146LE,51.417318,0.103995,South,Princess Royal (PRUH),6.51,Darent Valley,10.9,Princess Royal (PRUH),6.51,Kings College Hospital,14.71
DA146LF,51.419142,0.100066,South,Princess Royal (PRUH),6.57,Darent Valley,11.14,Princess Royal (PRUH),6.57,Kings College Hospital,14.38
DA146LG,51.421209,0.110143,South,Princess Royal (PRUH),7.09,Darent Valley,10.41,Princess Royal (PRUH),7.09,Kings College Hospital,14.95
DA146LH,51.422125,0.108258,South,Princess Royal (PRUH),7.12,Darent Valley,10.53,Princess Royal (PRUH),7.12,Kings College Hospital,14.79
DA146LJ,51.420813,0.10919,South,Princess Royal (PRUH),7.02,Darent Valley,10.48,Princess Royal (PRUH),7.02,Kings College Hospital,14.9
DA146LL,51.422969,0.106815,South,Princess Royal (PRUH),7.16,Darent Valley,10.61,Princess Royal (PRUH),7.16,Kings College Hospital,14.67
DA146LN,51.422615,0.107978,South,Princess Royal (PRUH),7.16,Darent Valley,10.54,Princess Royal (PRUH),7.16,Kings College Hospital,14.75
DA146LP,51.422842,0.108881,South,Princess Royal (PRUH),7.21,Darent Valley,10.47,Princess Royal (PRUH),7.21,Kings College Hospital,14.8
DA146LQ,51.42169,0.109417,South,Princess Royal (PRUH),7.12,Darent Valley,10.45,Princess Royal (PRUH),7.12,Kings College Hospital,14.88
DA146LR,51.419675,0.107958,South,Princess Royal (PRUH),6.87,Darent Valley,10.59,Princess Royal (PRUH),6.87,Kings College Hospital,14.87
DA146LS,51.419375,0.107657,South,Princess Royal (PRUH),6.83,Darent Valley,10.61,Princess Royal (PRUH),6.83,Kings College Hospital,14.86
DA146LT,51.419041,0.101687,South,Princess Royal (PRUH),6.61,Darent Valley,11.03,Princess Royal (PRUH),6.61,Kings College Hospital,14.49
DA146LU,51.416117,0.102272,South,Princess Royal (PRUH),6.34,Darent Valley,11.05,Princess Royal (PRUH),6.34,Kings College Hospital,14.66
DA146LW,51.420708,0.110508,South,Princess Royal (PRUH),7.06,Darent Valley,10.39,Princess Royal (PRUH),7.06,Kings College Hospital,14.99
DA146LX,51.413894,0.111848,South,Princess Royal (PRUH),6.46,Darent Valley,10.45,Princess Royal (PRUH),6.46,Kings College Hospital,15.36
DA146LY,51.414221,0.110195,South,Princess Royal (PRUH),6.43,Darent Valley,10.55,Princess Royal (PRUH),6.43,Kings College Hospital,15.24
DA146SA,51.41801,0.115533,South,Princess Royal (PRUH),6.99,Darent Valley,10.1,Princess Royal (PRUH),6.99,Kings College Hospital,15.43
DA146SE,51.41801,0.115533,South,Princess Royal (PRUH),6.99,Darent Valley,10.1,Princess Royal (PRUH),6.99,Kings College Hospital,15.43
DA146SF,51.41801,0.115533,South,Princess Royal (PRUH),6.99,Darent Valley,10.1,Princess Royal (PRUH),6.99,Kings College Hospital,15.43
DA146SG,51.41844,0.115625,South,Princess Royal (PRUH),7.03,Darent Valley,10.09,Princess Royal (PRUH),7.03,Kings College Hospital,15.41
DA146SH,51.418257,0.115789,South,Princess Royal (PRUH),7.02,Darent Valley,10.08,Princess Royal (PRUH),7.02,Kings College Hospital,15.43
DA146SJ,51.4185,0.11626,South,Princess Royal (PRUH),7.06,Darent Valley,10.04,Princess Royal (PRUH),7.06,Kings College Hospital,15.45
DA146SL,51.418812,0.116404,South,Princess Royal (PRUH),7.09,Darent Valley,10.03,Princess Royal (PRUH),7.09,Kings College Hospital,15.45
DA146SQ,51.418481,0.116317,South,Princess Royal (PRUH),7.06,Darent Valley,10.04,Princess Royal (PRUH),7.06,Kings College Hospital,15.46
DA146SS,51.423582,0.105721,South,Princess Royal (PRUH),7.19,Darent Valley,10.68,Princess Royal (PRUH),7.19,Kings College Hospital,14.57
DA146ST,51.423678,0.108401,South,Princess Royal (PRUH),7.28,Darent Valley,10.49,Princess Royal (PRUH),7.28,Kings College Hospital,14.74
DA146TP,51.422094,0.095958,South,Princess Royal (PRUH),6.76,Darent Valley,11.37,Princess Royal (PRUH),6.76,Kings College Hospital,14.0
DA146TS,51.421809,0.099311,South,Princess Royal (PRUH),6.82,Darent Valley,11.14,Princess Royal (PRUH),6.82,Kings College Hospital,14.22
DA146TW,51.421965,0.095578,South,Princess Royal (PRUH),6.74,Darent Valley,11.4,Princess Royal (PRUH),6.74,Kings College Hospital,13.98
DA146UQ,51.422838,0.097057,South,Princess Royal (PRUH),6.86,Darent Valley,11.28,Princess Royal (PRUH),6.86,Kings College Hospital,14.04
DA146XX,51.422838,0.097057,South,Princess Royal (PRUH),6.86,Darent Valley,11.28,Princess Royal (PRUH),6.86,Kings College Hospital,14.04
DA146YA,51.422838,0.097057,South,Princess Royal (PRUH),6.86,Darent Valley,11.28,Princess Royal (PRUH),6.86,Kings College Hospital,14.04
DA146YY,51.418157,0.103861,South,Princess Royal (PRUH),6.59,Darent Valley,10.9,Princess Royal (PRUH),6.59,Kings College Hospital,14.67
DA146ZP,51.422838,0.097057,South,Princess Royal (PRUH),6.86,Darent Valley,11.28,Princess Royal (PRUH),6.86,Kings College Hospital,14.04
DA146ZR,51.422838,0.097057,South,Princess Royal (PRUH),6.86,Darent Valley,11.28,Princess Royal (PRUH),6.86,Kings College Hospital,14.04
DA146ZT,51.422838,0.097057,South,Princess Royal (PRUH),6.86,Darent Valley,11.28,Princess Royal (PRUH),6.86,Kings College Hospital,14.04
TN147HR,51.345434,0.13159,South,Princess Royal (PRUH),5.45,Darent Valley,13.32,Princess Royal (PRUH),5.45,Kings College Hospital,20.66
TN147NQ,51.307969,0.079507,South,Princess Royal (PRUH),6.55,Darent Valley,18.84,Princess Royal (PRUH),6.55,Kings College Hospital,21.43
TN147NZ,51.305824,0.08228,South,Princess Royal (PRUH),6.82,Darent Valley,18.9,Princess Royal (PRUH),6.82,Kings College Hospital,21.74
TN147QA,51.314815,0.074794,South,Princess Royal (PRUH),5.74,Darent Valley,18.5,Princess Royal (PRUH),5.74,Kings College Hospital,20.62
TN147QB,51.317688,0.074106,South,Princess Royal (PRUH),5.42,Darent Valley,18.3,Princess Royal (PRUH),5.42,Kings College Hospital,20.33
TN147QD,51.312681,0.076994,South,Princess Royal (PRUH),6.0,Darent Valley,18.57,Princess Royal (PRUH),6.0,Kings College Hospital,20.9
TN147QE,51.309133,0.080292,South,Princess Royal (PRUH),6.44,Darent Valley,18.71,Princess Royal (PRUH),6.44,Kings College Hospital,21.35
TN147QF,51.319986,0.072315,South,Princess Royal (PRUH),5.14,Darent Valley,18.21,Princess Royal (PRUH),5.14,Kings College Hospital,20.04
TN147QG,51.317298,0.080833,South,Princess Royal (PRUH),5.56,Darent Valley,18.01,Princess Royal (PRUH),5.56,Kings College Hospital,20.63
TN147QH,51.313278,0.071712,South,Princess Royal (PRUH),5.87,Darent Valley,18.77,Princess Royal (PRUH),5.87,Kings College Hospital,20.64
TN147QJ,51.322406,0.06921,South,Princess Royal (PRUH),4.85,Darent Valley,18.18,Princess Royal (PRUH),4.85,Kings College Hospital,19.7
TN147QL,51.320788,0.071175,South,Princess Royal (PRUH),5.04,Darent Valley,18.2,Princess Royal (PRUH),5.04,Kings College Hospital,19.93
TN147QN,51.32792,0.082348,South,Princess Royal (PRUH),4.47,Darent Valley,17.09,Princess Royal (PRUH),4.47,Kings College Hospital,19.74
TN147QP,51.327045,0.073351,South,Princess Royal (PRUH),4.39,Darent Valley,17.61,Princess Royal (PRUH),4.39,Kings College Hospital,19.45
TN147QQ,51.317341,0.074865,South,Princess Royal (PRUH),5.46,Darent Valley,18.29,Princess Royal (PRUH),5.46,Kings College Hospital,20.39
TN147QR,51.321235,0.070807,South,Princess Royal (PRUH),4.99,Darent Valley,18.19,Princess Royal (PRUH),4.99,Kings College Hospital,19.87
TN147QS,51.332896,0.074562,South,Princess Royal (PRUH),3.77,Darent Valley,17.11,Princess Royal (PRUH),3.77,Kings College Hospital,18.97
TN147QT,51.327202,0.071621,South,Princess Royal (PRUH),4.35,Darent Valley,17.69,Princess Royal (PRUH),4.35,Kings College Hospital,19.36
TN147QU,51.334435,0.074503,South,Princess Royal (PRUH),3.61,Darent Valley,17.0,Princess Royal (PRUH),3.61,Kings College Hospital,18.84
TN147QX,51.334706,0.073424,South,Princess Royal (PRUH),3.56,Darent Valley,17.04,Princess Royal (PRUH),3.56,Kings College Hospital,18.77
TN147QY,51.335966,0.075936,South,Princess Royal (PRUH),3.48,Darent Valley,16.81,Princess Royal (PRUH),3.48,Kings College Hospital,18.76
TN147RA,51.335944,0.077169,South,Princess Royal (PRUH),3.51,Darent Valley,16.75,Princess Royal (PRUH),3.51,Kings College Hospital,18.82
TN147RB,51.338285,0.080032,South,Princess Royal (PRUH),3.34,Darent Valley,16.43,Princess Royal (PRUH),3.34,Kings College Hospital,18.74
TN147RD,51.339774,0.080788,South,Princess Royal (PRUH),3.21,Darent Valley,16.28,Princess Royal (PRUH),3.21,Kings College Hospital,18.65
TN147RE,51.33902,0.081716,South,Princess Royal (PRUH),3.32,Darent Valley,16.29,Princess Royal (PRUH),3.32,Kings College Hospital,18.75
TN147RF,51.338664,0.081513,South,Princess Royal (PRUH),3.35,Darent Valley,16.32,Princess Royal (PRUH),3.35,Kings College Hospital,18.77
TN147RG,51.334544,0.080035,South,Princess Royal (PRUH),3.72,Darent Valley,16.71,Princess Royal (PRUH),3.72,Kings College Hospital,19.06
TN147SF,51.322774,0.097558,South,Princess Royal (PRUH),5.43,Darent Valley,16.78,Princess Royal (PRUH),5.43,Kings College Hospital,20.85
TN161BW,51.314322,0.033745,South,Princess Royal (PRUH),5.99,Darent Valley,20.6,Princess Royal (PRUH),5.99,St. Georges Hospital,19.17
TN161DF,51.314322,0.033745,South,Princess Royal (PRUH),5.99,Darent Valley,20.6,Princess Royal (PRUH),5.99,St. Georges Hospital,19.17
TN161DW,51.314322,0.033745,South,Princess Royal (PRUH),5.99,Darent Valley,20.6,Princess Royal (PRUH),5.99,St. Georges Hospital,19.17
TN161EY,51.314322,0.033745,South,Princess Royal (PRUH),5.99,Darent Valley,20.6,Princess Royal (PRUH),5.99,St. Georges Hospital,19.17
TN161RZ,51.314322,0.033745,South,Princess Royal (PRUH),5.99,Darent Valley,20.6,Princess Royal (PRUH),5.99,St. Georges Hospital,19.17
TN161ST,51.314322,0.033745,South,Princess Royal (PRUH),5.99,Darent Valley,20.6,Princess Royal (PRUH),5.99,St. Georges Hospital,19.17
TN161UE,51.314322,0.033745,South,Princess Royal (PRUH),5.99,Darent Valley,20.6,Princess Royal (PRUH),5.99,St. Georges Hospital,19.17
TN161WA,51.314322,0.033745,South,Princess Royal (PRUH),5.99,Darent Valley,20.6,Princess Royal (PRUH),5.99,St. Georges Hospital,19.17
TN161WB,51.314322,0.033745,South,Princess Royal (PRUH),5.99,Darent Valley,20.6,Princess Royal (PRUH),5.99,St. Georges Hospital,19.17
TN161WD,51.314322,0.033745,South,Princess Royal (PRUH),5.99,Darent Valley,20.6,Princess Royal (PRUH),5.99,St. Georges Hospital,19.17
TN161WE,51.314322,0.033745,South,Princess Royal (PRUH),5.99,Darent Valley,20.6,Princess Royal (PRUH),5.99,St. Georges Hospital,19.17
TN161WF,51.314322,0.033745,South,Princess Royal (PRUH),5.99,Darent Valley,20.6,Princess Royal (PRUH),5.99,St. Georges Hospital,19.17
TN161WG,51.314322,0.033745,South,Princess Royal (PRUH),5.99,Darent Valley,20.6,Princess Royal (PRUH),5.99,St. Georges Hospital,19.17
TN161WH,51.314322,0.033745,South,Princess Royal (PRUH),5.99,Darent Valley,20.6,Princess Royal (PRUH),5.99,St. Georges Hospital,19.17
TN161WJ,51.314322,0.033745,South,Princess Royal (PRUH),5.99,Darent Valley,20.6,Princess Royal (PRUH),5.99,St. Georges Hospital,19.17
TN161WL,51.314322,0.033745,South,Princess Royal (PRUH),5.99,Darent Valley,20.6,Princess Royal (PRUH),5.99,St. Georges Hospital,19.17
TN161WN,51.314322,0.033745,South,Princess Royal (PRUH),5.99,Darent Valley,20.6,Princess Royal (PRUH),5.99,St. Georges Hospital,19.17
TN161WP,51.314322,0.033745,South,Princess Royal (PRUH),5.99,Darent Valley,20.6,Princess Royal (PRUH),5.99,St. Georges Hospital,19.17
TN161WQ,51.314322,0.033745,South,Princess Royal (PRUH),5.99,Darent Valley,20.6,Princess Royal (PRUH),5.99,St. Georges Hospital,19.17
TN161WR,51.314322,0.033745,South,Princess Royal (PRUH),5.99,Darent Valley,20.6,Princess Royal (PRUH),5.99,St. Georges Hospital,19.17
TN161WT,51.314322,0.033745,South,Princess Royal (PRUH),5.99,Darent Valley,20.6,Princess Royal (PRUH),5.99,St. Georges Hospital,19.17
TN161WU,51.314322,0.033745,South,Princess Royal (PRUH),5.99,Darent Valley,20.6,Princess Royal (PRUH),5.99,St. Georges Hospital,19.17
TN161WW,51.314322,0.033745,South,Princess Royal (PRUH),5.99,Darent Valley,20.6,Princess Royal (PRUH),5.99,St. Georges Hospital,19.17
TN161WY,51.314322,0.033745,South,Princess Royal (PRUH),5.99,Darent Valley,20.6,Princess Royal (PRUH),5.99,St. Georges Hospital,19.17
TN161WZ,51.314322,0.033745,South,Princess Royal (PRUH),5.99,Darent Valley,20.6,Princess Royal (PRUH),5.99,St. Georges Hospital,19.17
TN161XA,51.314322,0.033745,South,Princess Royal (PRUH),5.99,Darent Valley,20.6,Princess Royal (PRUH),5.99,St. Georges Hospital,19.17
TN161XB,51.314322,0.033745,South,Princess Royal (PRUH),5.99,Darent Valley,20.6,Princess Royal (PRUH),5.99,St. Georges Hospital,19.17
TN161XF,51.314322,0.033745,South,Princess Royal (PRUH),5.99,Darent Valley,20.6,Princess Royal (PRUH),5.99,St. Georges Hospital,19.17
TN161XH,51.314322,0.033745,South,Princess Royal (PRUH),5.99,Darent Valley,20.6,Princess Royal (PRUH),5.99,St. Georges Hospital,19.17
TN161XL,51.314322,0.033745,South,Princess Royal (PRUH),5.99,Darent Valley,20.6,Princess Royal (PRUH),5.99,St. Georges Hospital,19.17
TN161XP,51.314322,0.033745,South,Princess Royal (PRUH),5.99,Darent Valley,20.6,Princess Royal (PRUH),5.99,St. Georges Hospital,19.17
TN161XQ,51.314322,0.033745,South,Princess Royal (PRUH),5.99,Darent Valley,20.6,Princess Royal (PRUH),5.99,St. Georges Hospital,19.17
TN161XT,51.314322,0.033745,South,Princess Royal (PRUH),5.99,Darent Valley,20.6,Princess Royal (PRUH),5.99,St. Georges Hospital,19.17
TN161XY,51.314322,0.033745,South,Princess Royal (PRUH),5.99,Darent Valley,20.6,Princess Royal (PRUH),5.99,St. Georges Hospital,19.17
TN161XZ,51.314322,0.033745,South,Princess Royal (PRUH),5.99,Darent Valley,20.6,Princess Royal (PRUH),5.99,St. Georges Hospital,19.17
TN161YA,51.314322,0.033745,South,Princess Royal (PRUH),5.99,Darent Valley,20.6,Princess Royal (PRUH),5.99,St. Georges Hospital,19.17
TN161YB,51.314322,0.033745,South,Princess Royal (PRUH),5.99,Darent Valley,20.6,Princess Royal (PRUH),5.99,St. Georges Hospital,19.17
TN161YF,51.314322,0.033745,South,Princess Royal (PRUH),5.99,Darent Valley,20.6,Princess Royal (PRUH),5.99,St. Georges Hospital,19.17
TN161YL,51.314322,0.033745,South,Princess Royal (PRUH),5.99,Darent Valley,20.6,Princess Royal (PRUH),5.99,St. Georges Hospital,19.17
TN161YN,51.314322,0.033745,South,Princess Royal (PRUH),5.99,Darent Valley,20.6,Princess Royal (PRUH),5.99,St. Georges Hospital,19.17
TN161YQ,51.314322,0.033745,South,Princess Royal (PRUH),5.99,Darent Valley,20.6,Princess Royal (PRUH),5.99,St. Georges Hospital,19.17
TN161YW,51.314322,0.033745,South,Princess Royal (PRUH),5.99,Darent Valley,20.6,Princess Royal (PRUH),5.99,St. Georges Hospital,19.17
TN161YZ,51.314322,0.033745,South,Princess Royal (PRUH),5.99,Darent Valley,20.6,Princess Royal (PRUH),5.99,St. Georges Hospital,19.17
TN161ZA,51.314322,0.033745,South,Princess Royal (PRUH),5.99,Darent Valley,20.6,Princess Royal (PRUH),5.99,St. Georges Hospital,19.17
TN161ZL,51.314322,0.033745,South,Princess Royal (PRUH),5.99,Darent Valley,20.6,Princess Royal (PRUH),5.99,St. Georges Hospital,19.17
TN161ZN,51.314322,0.033745,South,Princess Royal (PRUH),5.99,Darent Valley,20.6,Princess Royal (PRUH),5.99,St. Georges Hospital,19.17
TN161ZQ,51.314322,0.033745,South,Princess Royal (PRUH),5.99,Darent Valley,20.6,Princess Royal (PRUH),5.99,St. Georges Hospital,19.17
TN161ZS,51.314322,0.033745,South,Princess Royal (PRUH),5.99,Darent Valley,20.6,Princess Royal (PRUH),5.99,St. Georges Hospital,19.17
TN161ZT,51.314322,0.033745,South,Princess Royal (PRUH),5.99,Darent Valley,20.6,Princess Royal (PRUH),5.99,St. Georges Hospital,19.17
TN161ZY,51.314322,0.033745,South,Princess Royal (PRUH),5.99,Darent Valley,20.6,Princess Royal (PRUH),5.99,St. Georges Hospital,19.17
TN162AW,51.314322,0.033745,South,Princess Royal (PRUH),5.99,Darent Valley,20.6,Princess Royal (PRUH),5.99,St. Georges Hospital,19.17
TN162AZ,51.314322,0.033745,South,Princess Royal (PRUH),5.99,Darent Valley,20.6,Princess Royal (PRUH),5.99,St. Georges Hospital,19.17
TN162BY,51.314322,0.033745,South,Princess Royal (PRUH),5.99,Darent Valley,20.6,Princess Royal (PRUH),5.99,St. Georges Hospital,19.17
TN162DZ,51.314322,0.033745,South,Princess Royal (PRUH),5.99,Darent Valley,20.6,Princess Royal (PRUH),5.99,St. Georges Hospital,19.17
TN162HL,51.304198,0.050098,South,Princess Royal (PRUH),6.86,Darent Valley,20.54,Princess Royal (PRUH),6.86,Kings College Hospital,20.74
TN162HN,51.301736,0.051996,South,Princess Royal (PRUH),7.12,Darent Valley,20.65,Princess Royal (PRUH),7.12,St. Georges Hospital,21.04
TN162HP,51.299449,0.05264,South,Princess Royal (PRUH),7.37,Darent Valley,20.8,Princess Royal (PRUH),7.37,St. Georges Hospital,21.25
TN162HR,51.29866,0.060696,South,Princess Royal (PRUH),7.44,Darent Valley,20.48,Princess Royal (PRUH),7.44,Kings College Hospital,21.63
TN162HS,51.303173,0.063853,South,Princess Royal (PRUH),6.95,Darent Valley,19.97,Princess Royal (PRUH),6.95,Kings College Hospital,21.31
TN162HT,51.309074,0.071465,South,Princess Royal (PRUH),6.34,Darent Valley,19.12,Princess Royal (PRUH),6.34,Kings College Hospital,21.02
TN162HU,51.29479,0.073604,South,Princess Royal (PRUH),7.93,Darent Valley,20.23,Princess Royal (PRUH),7.93,Kings College Hospital,22.45
TN162HW,51.295143,0.054083,South,Princess Royal (PRUH),7.85,Darent Valley,21.08,Princess Royal (PRUH),7.85,St. Georges Hospital,21.64
TN162HX,51.293936,0.061846,South,Princess Royal (PRUH),7.97,Darent Valley,20.82,Princess Royal (PRUH),7.97,St. Georges Hospital,22.13
TN162HY,51.2934,0.073885,South,Princess Royal (PRUH),8.09,Darent Valley,20.33,Princess Royal (PRUH),8.09,Kings College Hospital,22.6
TN162JA,51.297729,0.076749,South,Princess Royal (PRUH),7.64,Darent Valley,19.83,Princess Royal (PRUH),7.64,Kings College Hospital,22.29
TN162JB,51.296091,0.083388,South,Princess Royal (PRUH),7.9,Darent Valley,19.69,Princess Royal (PRUH),7.9,Kings College Hospital,22.69
TN162JD,51.297704,0.085756,South,Princess Royal (PRUH),7.76,Darent Valley,19.44,Princess Royal (PRUH),7.76,Kings College Hospital,22.62
TN162JE,51.296334,0.085924,South,Princess Royal (PRUH),7.91,Darent Valley,19.56,Princess Royal (PRUH),7.91,Kings College Hospital,22.76
TN162LF,51.314322,0.033745,South,Princess Royal (PRUH),5.99,Darent Valley,20.6,Princess Royal (PRUH),5.99,St. Georges Hospital,19.17
TN162LY,51.300569,0.04414,South,Princess Royal (PRUH),7.31,Darent Valley,21.12,Princess Royal (PRUH),7.31,St. Georges Hospital,20.73
TN162LZ,51.300569,0.04414,South,Princess Royal (PRUH),7.31,Darent Valley,21.12,Princess Royal (PRUH),7.31,St. Georges Hospital,20.73
TN162NN,51.307048,0.032089,South,Princess Royal (PRUH),6.79,Epsom Hospital,21.28,Princess Royal (PRUH),6.79,St. Georges Hospital,19.62
TN162NP,51.303989,0.026947,South,Princess Royal (PRUH),7.23,Epsom Hospital,20.96,Princess Royal (PRUH),7.23,St. Georges Hospital,19.6
TN162NS,51.298897,0.044639,South,Princess Royal (PRUH),7.49,Darent Valley,21.23,Princess Royal (PRUH),7.49,St. Georges Hospital,20.88
TN162NW,51.306457,0.030901,South,Princess Royal (PRUH),6.88,Epsom Hospital,21.2,Princess Royal (PRUH),6.88,St. Georges Hospital,19.61
TN162PB,51.30729,0.034195,South,Princess Royal (PRUH),6.73,Darent Valley,21.1,Princess Royal (PRUH),6.73,St. Georges Hospital,19.71
TN162WA,51.314322,0.033745,South,Princess Royal (PRUH),5.99,Darent Valley,20.6,Princess Royal (PRUH),5.99,St. Georges Hospital,19.17
TN162WB,51.314322,0.033745,South,Princess Royal (PRUH),5.99,Darent Valley,20.6,Princess Royal (PRUH),5.99,St. Georges Hospital,19.17
TN162WE,51.314322,0.033745,South,Princess Royal (PRUH),5.99,Darent Valley,20.6,Princess Royal (PRUH),5.99,St. Georges Hospital,19.17
TN162WY,51.30729,0.034195,South,Princess Royal (PRUH),6.73,Darent Valley,21.1,Princess Royal (PRUH),6.73,St. Georges Hospital,19.71
TN162WZ,51.314322,0.033745,South,Princess Royal (PRUH),5.99,Darent Valley,20.6,Princess Royal (PRUH),5.99,St. Georges Hospital,19.17
TN162XA,51.314322,0.033745,South,Princess Royal (PRUH),5.99,Darent Valley,20.6,Princess Royal (PRUH),5.99,St. Georges Hospital,19.17
TN162ZA,51.314322,0.033745,South,Princess Royal (PRUH),5.99,Darent Valley,20.6,Princess Royal (PRUH),5.99,St. Georges Hospital,19.17
TN162ZN,51.314322,0.033745,South,Princess Royal (PRUH),5.99,Darent Valley,20.6,Princess Royal (PRUH),5.99,St. Georges Hospital,19.17
TN162ZR,51.314322,0.033745,South,Princess Royal (PRUH),5.99,Darent Valley,20.6,Princess Royal (PRUH),5.99,St. Georges Hospital,19.17
TN162ZS,51.314322,0.033745,South,Princess Royal (PRUH),5.99,Darent Valley,20.6,Princess Royal (PRUH),5.99,St. Georges Hospital,19.17
TN162ZT,51.314322,0.033745,South,Princess Royal (PRUH),5.99,Darent Valley,20.6,Princess Royal (PRUH),5.99,St. Georges Hospital,19.17
TN162ZU,51.314322,0.033745,South,Princess Royal (PRUH),5.99,Darent Valley,20.6,Princess Royal (PRUH),5.99,St. Georges Hospital,19.17
TN162ZW,51.314322,0.033745,South,Princess Royal (PRUH),5.99,Darent Valley,20.6,Princess Royal (PRUH),5.99,St. Georges Hospital,19.17
TN162ZX,51.314322,0.033745,South,Princess Royal (PRUH),5.99,Darent Valley,20.6,Princess Royal (PRUH),5.99,St. Georges Hospital,19.17
TN162ZZ,51.314322,0.033745,South,Princess Royal (PRUH),5.99,Darent Valley,20.6,Princess Royal (PRUH),5.99,St. Georges Hospital,19.17
TN163AA,51.317949,0.059293,South,Princess Royal (PRUH),5.3,Darent Valley,19.02,Princess Royal (PRUH),5.3,Kings College Hospital,19.74
TN163AB,51.320271,0.059713,South,Princess Royal (PRUH),5.04,Darent Valley,18.82,Princess Royal (PRUH),5.04,Kings College Hospital,19.53
TN163AD,51.316227,0.059029,South,Princess Royal (PRUH),5.49,Darent Valley,19.16,Princess Royal (PRUH),5.49,Kings College Hospital,19.89
TN163AE,51.315675,0.059737,South,Princess Royal (PRUH),5.55,Darent Valley,19.17,Princess Royal (PRUH),5.55,Kings College Hospital,19.97
TN163AF,51.317342,0.062107,South,Princess Royal (PRUH),5.37,Darent Valley,18.92,Princess Royal (PRUH),5.37,Kings College Hospital,19.9
TN163AG,51.31861,0.06413,South,Princess Royal (PRUH),5.23,Darent Valley,18.72,Princess Royal (PRUH),5.23,Kings College Hospital,19.86
TN163AH,51.314946,0.062301,South,Princess Royal (PRUH),5.63,Darent Valley,19.1,Princess Royal (PRUH),5.63,Kings College Hospital,20.13
TN163AJ,51.31103,0.062556,South,Princess Royal (PRUH),6.07,Darent Valley,19.39,Princess Royal (PRUH),6.07,Kings College Hospital,20.51
TN163AL,51.313359,0.063593,South,Princess Royal (PRUH),5.81,Darent Valley,19.16,Princess Royal (PRUH),5.81,Kings College Hospital,20.33
TN163AN,51.313871,0.063071,South,Princess Royal (PRUH),5.76,Darent Valley,19.14,Princess Royal (PRUH),5.76,Kings College Hospital,20.26
TN163AP,51.313546,0.063688,South,Princess Royal (PRUH),5.79,Darent Valley,19.14,Princess Royal (PRUH),5.79,Kings College Hospital,20.31
TN163AQ,51.314322,0.033745,South,Princess Royal (PRUH),5.99,Darent Valley,20.6,Princess Royal (PRUH),5.99,St. Georges Hospital,19.17
TN163AR,51.314387,0.063438,South,Princess Royal (PRUH),5.7,Darent Valley,19.09,Princess Royal (PRUH),5.7,Kings College Hospital,20.23
TN163AS,51.313871,0.064133,South,Princess Royal (PRUH),5.76,Darent Valley,19.09,Princess Royal (PRUH),5.76,Kings College Hospital,20.3
TN163AT,51.313157,0.064847,South,Princess Royal (PRUH),5.84,Darent Valley,19.11,Princess Royal (PRUH),5.84,Kings College Hospital,20.39
TN163AU,51.314945,0.045483,South,Princess Royal (PRUH),5.72,Darent Valley,19.95,Princess Royal (PRUH),5.72,Kings College Hospital,19.54
TN163AW,51.312849,0.061906,South,Princess Royal (PRUH),5.87,Darent Valley,19.28,Princess Royal (PRUH),5.87,Kings College Hospital,20.31
TN163AX,51.314861,0.052324,South,Princess Royal (PRUH),5.67,Darent Valley,19.6,Princess Royal (PRUH),5.67,Kings College Hospital,19.78
TN163AY,51.31146,0.034379,South,Princess Royal (PRUH),6.28,Darent Valley,20.78,Princess Royal (PRUH),6.28,St. Georges Hospital,19.41
TN163AZ,51.3204,0.031245,South,Princess Royal (PRUH),5.41,Darent Valley,20.3,Princess Royal (PRUH),5.41,Kings College Hospital,18.53
TN163BA,51.310211,0.035831,South,Princess Royal (PRUH),6.38,Darent Valley,20.8,Princess Royal (PRUH),6.38,St. Georges Hospital,19.58
TN163BB,51.308348,0.038517,South,Princess Royal (PRUH),6.54,Darent Valley,20.8,Princess Royal (PRUH),6.54,St. Georges Hospital,19.86
TN163BD,51.307764,0.040514,South,Princess Royal (PRUH),6.57,Darent Valley,20.74,Princess Royal (PRUH),6.57,St. Georges Hospital,20.0
TN163BE,51.317372,0.033134,South,Princess Royal (PRUH),5.68,Darent Valley,20.42,Princess Royal (PRUH),5.68,Kings College Hospital,18.89
TN163BF,51.307158,0.040731,South,Princess Royal (PRUH),6.63,Darent Valley,20.78,Princess Royal (PRUH),6.63,St. Georges Hospital,20.06
TN163BG,51.318389,0.033107,South,Princess Royal (PRUH),5.57,Darent Valley,20.35,Princess Royal (PRUH),5.57,Kings College Hospital,18.79
TN163BH,51.322932,0.040786,South,Princess Royal (PRUH),4.93,Darent Valley,19.61,Princess Royal (PRUH),4.93,Kings College Hospital,18.6
TN163BJ,51.318197,0.034333,South,Princess Royal (PRUH),5.56,Darent Valley,20.29,Princess Royal (PRUH),5.56,Kings College Hospital,18.85
TN163BL,51.318725,0.03394,South,Princess Royal (PRUH),5.52,Darent Valley,20.28,Princess Royal (PRUH),5.52,Kings College Hospital,18.78
TN163BN,51.322755,0.036458,South,Princess Royal (PRUH),5.04,Darent Valley,19.86,Princess Royal (PRUH),5.04,Kings College Hospital,18.47
TN163BP,51.331889,0.02891,South,Princess Royal (PRUH),4.33,Darent Valley,19.65,Princess Royal (PRUH),4.33,Kings College Hospital,17.33
TN163BQ,51.314322,0.033745,South,Princess Royal (PRUH),5.99,Darent Valley,20.6,Princess Royal (PRUH),5.99,St. Georges Hospital,19.17
TN163BR,51.320664,0.026377,South,Princess Royal (PRUH),5.52,Darent Valley,20.55,Princess Royal (PRUH),5.52,St. Georges Hospital,18.32
TN163BS,51.316971,0.029801,South,Princess Royal (PRUH),5.8,Darent Valley,20.62,Princess Royal (PRUH),5.8,St. Georges Hospital,18.77
TN163BT,51.320505,0.027245,South,Princess Royal (PRUH),5.51,Darent Valley,20.51,Princess Royal (PRUH),5.51,St. Georges Hospital,18.38
TN163BU,51.319146,0.027817,South,Princess Royal (PRUH),5.63,Darent Valley,20.58,Princess Royal (PRUH),5.63,St. Georges Hospital,18.5
TN163BW,51.319898,0.032184,South,Princess Royal (PRUH),5.44,Darent Valley,20.29,Princess Royal (PRUH),5.44,Kings College Hospital,18.61
TN163BX,51.317416,0.028529,South,Princess Royal (PRUH),5.79,Darent Valley,20.66,Princess Royal (PRUH),5.79,St. Georges Hospital,18.67
TN163BY,51.31579,0.02995,South,Princess Royal (PRUH),5.92,Darent Valley,20.7,Princess Royal (PRUH),5.92,St. Georges Hospital,18.86
TN163BZ,51.31448,0.030294,South,Princess Royal (PRUH),6.05,Darent Valley,20.78,Princess Royal (PRUH),6.05,St. Georges Hospital,18.98
TN163DA,51.31495,0.029138,South,Princess Royal (PRUH),6.03,Darent Valley,20.8,Princess Royal (PRUH),6.03,St. Georges Hospital,18.88
TN163DB,51.314838,0.027842,South,Princess Royal (PRUH),6.07,Epsom Hospital,20.91,Princess Royal (PRUH),6.07,St. Georges Hospital,18.82
TN163DD,51.316163,0.027154,South,Princess Royal (PRUH),5.95,Epsom Hospital,20.86,Princess Royal (PRUH),5.95,St. Georges Hospital,18.69
TN163DE,51.317807,0.027743,South,Princess Royal (PRUH),5.77,Darent Valley,20.67,Princess Royal (PRUH),5.77,St. Georges Hospital,18.6
TN163DF,51.314424,0.028857,South,Princess Royal (PRUH),6.09,Darent Valley,20.86,Princess Royal (PRUH),6.09,St. Georges Hospital,18.9
TN163DG,51.317864,0.026023,South,Princess Royal (PRUH),5.81,Epsom Hospital,20.77,Princess Royal (PRUH),5.81,St. Georges Hospital,18.5
TN163DH,51.320609,0.02537,South,Princess Royal (PRUH),5.55,Darent Valley,20.61,Princess Royal (PRUH),5.55,St. Georges Hospital,18.27
TN163DJ,51.319721,0.025761,South,Princess Royal (PRUH),5.63,Darent Valley,20.65,Princess Royal (PRUH),5.63,St. Georges Hospital,18.35
TN163DL,51.318629,0.026488,South,Princess Royal (PRUH),5.72,Darent Valley,20.68,Princess Royal (PRUH),5.72,St. Georges Hospital,18.47
TN163DN,51.316136,0.026105,South,Princess Royal (PRUH),5.98,Epsom Hospital,20.79,Princess Royal (PRUH),5.98,St. Georges Hospital,18.64
TN163DP,51.318872,0.024948,South,Princess Royal (PRUH),5.74,Epsom Hospital,20.69,Princess Royal (PRUH),5.74,St. Georges Hospital,18.37
TN163DQ,51.315872,0.030427,South,Princess Royal (PRUH),5.9,Darent Valley,20.67,Princess Royal (PRUH),5.9,St. Georges Hospital,18.88
TN163DR,51.3203,0.024036,South,Princess Royal (PRUH),5.62,Epsom Hospital,20.62,Princess Royal (PRUH),5.62,St. Georges Hospital,18.22
TN163DS,51.313282,0.033039,South,Princess Royal (PRUH),6.11,Darent Valley,20.72,Princess Royal (PRUH),6.11,St. Georges Hospital,19.21
TN163DT,51.315084,0.032803,South,Princess Royal (PRUH),5.93,Darent Valley,20.6,Princess Royal (PRUH),5.93,St. Georges Hospital,19.06
TN163DU,51.320588,0.028182,South,Princess Royal (PRUH),5.47,Darent Valley,20.46,Princess Royal (PRUH),5.47,St. Georges Hospital,18.42
TN163DW,51.315679,0.028568,South,Princess Royal (PRUH),5.96,Darent Valley,20.78,Princess Royal (PRUH),5.96,St. Georges Hospital,18.8
TN163DX,51.315114,0.03368,South,Princess Royal (PRUH),5.9,Darent Valley,20.55,Princess Royal (PRUH),5.9,St. Georges Hospital,19.11
TN163DY,51.316216,0.03393,South,Princess Royal (PRUH),5.78,Darent Valley,20.46,Princess Royal (PRUH),5.78,St. Georges Hospital,19.04
TN163DZ,51.314322,0.033745,South,Princess Royal (PRUH),5.99,Darent Valley,20.6,Princess Royal (PRUH),5.99,St. Georges Hospital,19.17
TN163EA,51.318032,0.032417,South,Princess Royal (PRUH),5.63,Darent Valley,20.41,Princess Royal (PRUH),5.63,Kings College Hospital,18.8
TN163EB,51.324612,0.024269,South,Princess Royal (PRUH),5.19,Darent Valley,20.4,Princess Royal (PRUH),5.19,Kings College Hospital,17.9
TN163ED,51.315407,0.033406,South,Princess Royal (PRUH),5.88,Darent Valley,20.54,Princess Royal (PRUH),5.88,St. Georges Hospital,19.07
TN163EE,51.325622,0.022045,South,Princess Royal (PRUH),5.17,Epsom Hospital,20.47,Princess Royal (PRUH),5.17,St. Georges Hospital,17.73
TN163EF,51.328795,0.017477,South,Princess Royal (PRUH),5.05,Epsom Hospital,20.16,Princess Royal (PRUH),5.05,St. Georges Hospital,17.26
TN163EG,51.327141,0.022112,South,Princess Royal (PRUH),5.02,Darent Valley,20.35,Princess Royal (PRUH),5.02,Kings College Hospital,17.58
TN163EH,51.329254,0.023698,South,Princess Royal (PRUH),4.76,Darent Valley,20.12,Princess Royal (PRUH),4.76,Kings College Hospital,17.42
TN163EJ,51.327178,0.023607,South,Princess Royal (PRUH),4.96,Darent Valley,20.26,Princess Royal (PRUH),4.96,Kings College Hospital,17.62
TN163EL,51.329951,0.02393,South,Princess Royal (PRUH),4.69,Darent Valley,20.06,Princess Royal (PRUH),4.69,Kings College Hospital,17.36
TN163EN,51.32933,0.021878,South,Princess Royal (PRUH),4.82,Darent Valley,20.22,Princess Royal (PRUH),4.82,Kings College Hospital,17.35
TN163EP,51.309365,0.032263,South,Princess Royal (PRUH),6.54,Darent Valley,21.05,Princess Royal (PRUH),6.54,St. Georges Hospital,19.46
TN163EQ,51.314322,0.033745,South,Princess Royal (PRUH),5.99,Darent Valley,20.6,Princess Royal (PRUH),5.99,St. Georges Hospital,19.17
TN163ER,51.330611,0.022179,South,Princess Royal (PRUH),4.69,Darent Valley,20.12,Princess Royal (PRUH),4.69,Kings College Hospital,17.23
TN163ES,51.331761,0.022789,South,Princess Royal (PRUH),4.56,Darent Valley,20.01,Princess Royal (PRUH),4.56,Kings College Hospital,17.14
TN163ET,51.332093,0.026967,South,Princess Royal (PRUH),4.38,Darent Valley,19.75,Princess Royal (PRUH),4.38,Kings College Hospital,17.24
TN163EU,51.331889,0.025781,South,Princess Royal (PRUH),4.44,Darent Valley,19.83,Princess Royal (PRUH),4.44,Kings College Hospital,17.23
TN163EW,51.33025,0.022278,South,Princess Royal (PRUH),4.72,Darent Valley,20.13,Princess Royal (PRUH),4.72,Kings College Hospital,17.27
TN163EX,51.331916,0.025265,South,Princess Royal (PRUH),4.46,Darent Valley,19.86,Princess Royal (PRUH),4.46,Kings College Hospital,17.21
TN163EY,51.312907,0.063731,South,Princess Royal (PRUH),5.86,Darent Valley,19.19,Princess Royal (PRUH),5.86,Kings College Hospital,20.38
TN163EZ,51.312884,0.063974,South,Princess Royal (PRUH),5.87,Darent Valley,19.18,Princess Royal (PRUH),5.87,Kings College Hospital,20.39
TN163FA,51.325264,0.022991,South,Princess Royal (PRUH),5.17,Darent Valley,20.42,Princess Royal (PRUH),5.17,St. Georges Hospital,17.81
TN163FB,51.3096,0.03632,South,Princess Royal (PRUH),6.44,Darent Valley,20.82,Princess Royal (PRUH),6.44,St. Georges Hospital,19.65
TN163FD,51.312093,0.041395,South,Princess Royal (PRUH),6.09,Darent Valley,20.37,Princess Royal (PRUH),6.09,Kings College Hospital,19.68
TN163FE,51.311022,0.03578,South,Princess Royal (PRUH),6.3,Darent Valley,20.74,Princess Royal (PRUH),6.3,St. Georges Hospital,19.52
TN163FH,51.312851,0.038674,South,Princess Royal (PRUH),6.05,Darent Valley,20.46,Princess Royal (PRUH),6.05,St. Georges Hospital,19.53
TN163FJ,51.312429,0.035498,South,Princess Royal (PRUH),6.15,Darent Valley,20.65,Princess Royal (PRUH),6.15,St. Georges Hospital,19.4
TN163FL,51.329727,0.025485,South,Princess Royal (PRUH),4.65,Darent Valley,19.99,Princess Royal (PRUH),4.65,Kings College Hospital,17.43
TN163FN,51.310973,0.061162,South,Princess Royal (PRUH),6.07,Darent Valley,19.47,Princess Royal (PRUH),6.07,Kings College Hospital,20.47
TN163FP,51.312261,0.033798,South,Princess Royal (PRUH),6.2,Darent Valley,20.75,Princess Royal (PRUH),6.2,St. Georges Hospital,19.32
TN163FS,51.314322,0.033745,South,Princess Royal (PRUH),5.99,Darent Valley,20.6,Princess Royal (PRUH),5.99,St. Georges Hospital,19.17
TN163GA,51.313696,0.020502,South,Princess Royal (PRUH),6.39,Epsom Hospital,20.41,Princess Royal (PRUH),6.39,St. Georges Hospital,18.53
TN163GB,51.332042,0.024209,South,Princess Royal (PRUH),4.48,Darent Valley,19.91,Princess Royal (PRUH),4.48,Kings College Hospital,17.16
TN163GD,51.330761,0.024927,South,Princess Royal (PRUH),4.58,Darent Valley,19.95,Princess Royal (PRUH),4.58,Kings College Hospital,17.31
TN163GE,51.314322,0.033745,South,Princess Royal (PRUH),5.99,Darent Valley,20.6,Princess Royal (PRUH),5.99,St. Georges Hospital,19.17
TN163GF,51.331288,0.024635,South,Princess Royal (PRUH),4.54,Darent Valley,19.93,Princess Royal (PRUH),4.54,Kings College Hospital,17.25
TN163GG,51.332021,0.02593,South,Princess Royal (PRUH),4.42,Darent Valley,19.81,Princess Royal (PRUH),4.42,Kings College Hospital,17.22
TN163GH,51.331889,0.026786,South,Princess Royal (PRUH),4.4,Darent Valley,19.77,Princess Royal (PRUH),4.4,Kings College Hospital,17.26
TN163GJ,51.330212,0.025004,South,Princess Royal (PRUH),4.63,Darent Valley,19.98,Princess Royal (PRUH),4.63,Kings College Hospital,17.36
TN163GL,51.331898,0.025236,South,Princess Royal (PRUH),4.46,Darent Valley,19.86,Princess Royal (PRUH),4.46,Kings College Hospital,17.21
TN163GW,51.30997,0.036279,South,Princess Royal (PRUH),6.4,Darent Valley,20.79,Princess Royal (PRUH),6.4,St. Georges Hospital,19.62
TN163GX,51.314322,0.033745,South,Princess Royal (PRUH),5.99,Darent Valley,20.6,Princess Royal (PRUH),5.99,St. Georges Hospital,19.17
TN163GY,51.314322,0.033745,South,Princess Royal (PRUH),5.99,Darent Valley,20.6,Princess Royal (PRUH),5.99,St. Georges Hospital,19.17
TN163HA,51.310436,0.034291,South,Princess Royal (PRUH),6.39,Darent Valley,20.86,Princess Royal (PRUH),6.39,St. Georges Hospital,19.48
TN163HB,51.310076,0.032768,South,Princess Royal (PRUH),6.46,Darent Valley,20.97,Princess Royal (PRUH),6.46,St. Georges Hospital,19.43
TN163HD,51.310839,0.033362,South,Princess Royal (PRUH),6.36,Darent Valley,20.88,Princess Royal (PRUH),6.36,St. Georges Hospital,19.4
TN163HE,51.309073,0.035608,South,Princess Royal (PRUH),6.51,Darent Valley,20.89,Princess Royal (PRUH),6.51,St. Georges Hospital,19.65
TN163HF,51.307909,0.035858,South,Princess Royal (PRUH),6.63,Darent Valley,20.97,Princess Royal (PRUH),6.63,St. Georges Hospital,19.75
TN163HG,51.306475,0.039137,South,Princess Royal (PRUH),6.73,Darent Valley,20.91,Princess Royal (PRUH),6.73,St. Georges Hospital,20.03
TN163HH,51.305061,0.042389,South,Princess Royal (PRUH),6.84,Darent Valley,20.86,Princess Royal (PRUH),6.84,St. Georges Hospital,20.3
TN163HJ,51.304012,0.043246,South,Princess Royal (PRUH),6.95,Darent Valley,20.9,Princess Royal (PRUH),6.95,St. Georges Hospital,20.42
TN163HL,51.306855,0.041636,South,Princess Royal (PRUH),6.66,Darent Valley,20.76,Princess Royal (PRUH),6.66,St. Georges Hospital,20.13
TN163HN,51.30606,0.041802,South,Princess Royal (PRUH),6.74,Darent Valley,20.81,Princess Royal (PRUH),6.74,St. Georges Hospital,20.2
TN163HP,51.30482,0.044358,South,Princess Royal (PRUH),6.85,Darent Valley,20.78,Princess Royal (PRUH),6.85,St. Georges Hospital,20.42
TN163HQ,51.30549,0.042537,South,Princess Royal (PRUH),6.79,Darent Valley,20.82,Princess Royal (PRUH),6.79,St. Georges Hospital,20.28
TN163HR,51.305783,0.04585,South,Princess Royal (PRUH),6.72,Darent Valley,20.63,Princess Royal (PRUH),6.72,St. Georges Hospital,20.43
TN163HS,51.305928,0.043202,South,Princess Royal (PRUH),6.74,Darent Valley,20.75,Princess Royal (PRUH),6.74,St. Georges Hospital,20.28
TN163HT,51.303969,0.044162,South,Princess Royal (PRUH),6.94,Darent Valley,20.85,Princess Royal (PRUH),6.94,St. Georges Hospital,20.47
TN163HU,51.303647,0.045095,South,Princess Royal (PRUH),6.97,Darent Valley,20.83,Princess Royal (PRUH),6.97,St. Georges Hospital,20.55
TN163HW,51.305986,0.042946,South,Princess Royal (PRUH),6.73,Darent Valley,20.76,Princess Royal (PRUH),6.73,St. Georges Hospital,20.26
TN163HX,51.304961,0.045555,South,Princess Royal (PRUH),6.82,Darent Valley,20.71,Princess Royal (PRUH),6.82,St. Georges Hospital,20.47
TN163HY,51.304139,0.045733,South,Princess Royal (PRUH),6.91,Darent Valley,20.76,Princess Royal (PRUH),6.91,St. Georges Hospital,20.54
TN163HZ,51.314322,0.033745,South,Princess Royal (PRUH),5.99,Darent Valley,20.6,Princess Royal (PRUH),5.99,St. Georges Hospital,19.17
TN163JA,51.30524,0.048078,South,Princess Royal (PRUH),6.76,Darent Valley,20.56,Princess Royal (PRUH),6.76,St. Georges Hospital,20.58
TN163JB,51.305765,0.047398,South,Princess Royal (PRUH),6.71,Darent Valley,20.55,Princess Royal (PRUH),6.71,St. Georges Hospital,20.51
TN163JD,51.305038,0.045773,South,Princess Royal (PRUH),6.81,Darent Valley,20.69,Princess Royal (PRUH),6.81,St. Georges Hospital,20.48
TN163JE,51.306186,0.047489,South,Princess Royal (PRUH),6.66,Darent Valley,20.52,Princess Royal (PRUH),6.66,Kings College Hospital,20.46
TN163JF,51.306835,0.045853,South,Princess Royal (PRUH),6.61,Darent Valley,20.55,Princess Royal (PRUH),6.61,St. Georges Hospital,20.35
TN163JG,51.306805,0.045006,South,Princess Royal (PRUH),6.62,Darent Valley,20.59,Princess Royal (PRUH),6.62,St. Georges Hospital,20.31
TN163JH,51.307274,0.042831,South,Princess Royal (PRUH),6.59,Darent Valley,20.66,Princess Royal (PRUH),6.59,St. Georges Hospital,20.16
TN163JJ,51.307135,0.045149,South,Princess Royal (PRUH),6.58,Darent Valley,20.56,Princess Royal (PRUH),6.58,St. Georges Hospital,20.29
TN163JL,51.305787,0.046639,South,Princess Royal (PRUH),6.72,Darent Valley,20.59,Princess Royal (PRUH),6.72,St. Georges Hospital,20.47
TN163JN,51.30603,0.047152,South,Princess Royal (PRUH),6.68,Darent Valley,20.54,Princess Royal (PRUH),6.68,St. Georges Hospital,20.48
TN163JP,51.313981,0.033673,South,Princess Royal (PRUH),6.02,Darent Valley,20.63,Princess Royal (PRUH),6.02,St. Georges Hospital,19.19
TN163JQ,51.310421,0.02373,South,Princess Royal (PRUH),6.63,Epsom Hospital,20.67,Princess Royal (PRUH),6.63,St. Georges Hospital,18.94
TN163JR,51.312894,0.034141,South,Princess Royal (PRUH),6.13,Darent Valley,20.69,Princess Royal (PRUH),6.13,St. Georges Hospital,19.29
TN163JS,51.313347,0.033932,South,Princess Royal (PRUH),6.09,Darent Valley,20.67,Princess Royal (PRUH),6.09,St. Georges Hospital,19.25
TN163JT,51.312452,0.033189,South,Princess Royal (PRUH),6.2,Darent Valley,20.77,Princess Royal (PRUH),6.2,St. Georges Hospital,19.28
TN163JU,51.310884,0.035946,South,Princess Royal (PRUH),6.31,Darent Valley,20.74,Princess Royal (PRUH),6.31,St. Georges Hospital,19.53
TN163JW,51.312794,0.034725,South,Princess Royal (PRUH),6.13,Darent Valley,20.66,Princess Royal (PRUH),6.13,St. Georges Hospital,19.33
TN163JX,51.314322,0.033745,South,Princess Royal (PRUH),5.99,Darent Valley,20.6,Princess Royal (PRUH),5.99,St. Georges Hospital,19.17
TN163JY,51.309093,0.038077,South,Princess Royal (PRUH),6.47,Darent Valley,20.77,Princess Royal (PRUH),6.47,St. Georges Hospital,19.78
TN163JZ,51.308013,0.041228,South,Princess Royal (PRUH),6.53,Darent Valley,20.69,Princess Royal (PRUH),6.53,St. Georges Hospital,20.02
TN163LA,51.307698,0.042807,South,Princess Royal (PRUH),6.55,Darent Valley,20.63,Princess Royal (PRUH),6.55,St. Georges Hospital,20.13
TN163LB,51.312357,0.036557,South,Princess Royal (PRUH),6.14,Darent Valley,20.6,Princess Royal (PRUH),6.14,St. Georges Hospital,19.46
TN163LD,51.312299,0.039367,South,Princess Royal (PRUH),6.1,Darent Valley,20.46,Princess Royal (PRUH),6.1,St. Georges Hospital,19.61
TN163LE,51.3117,0.036585,South,Princess Royal (PRUH),6.21,Darent Valley,20.65,Princess Royal (PRUH),6.21,St. Georges Hospital,19.51
TN163LF,51.311478,0.037451,South,Princess Royal (PRUH),6.22,Darent Valley,20.62,Princess Royal (PRUH),6.22,St. Georges Hospital,19.57
TN163LG,51.311326,0.03842,South,Princess Royal (PRUH),6.22,Darent Valley,20.58,Princess Royal (PRUH),6.22,St. Georges Hospital,19.63
TN163LH,51.309708,0.039969,South,Princess Royal (PRUH),6.37,Darent Valley,20.62,Princess Royal (PRUH),6.37,St. Georges Hospital,19.83
TN163LJ,51.310051,0.037804,South,Princess Royal (PRUH),6.37,Darent Valley,20.71,Princess Royal (PRUH),6.37,St. Georges Hospital,19.69
TN163LL,51.309995,0.04156,South,Princess Royal (PRUH),6.31,Darent Valley,20.52,Princess Royal (PRUH),6.31,St. Georges Hospital,19.89
TN163LN,51.311147,0.04098,South,Princess Royal (PRUH),6.2,Darent Valley,20.46,Princess Royal (PRUH),6.2,St. Georges Hospital,19.78
TN163LP,51.30844,0.041491,South,Princess Royal (PRUH),6.48,Darent Valley,20.64,Princess Royal (PRUH),6.48,St. Georges Hospital,20.0
TN163LQ,51.308671,0.039091,South,Princess Royal (PRUH),6.49,Darent Valley,20.75,Princess Royal (PRUH),6.49,St. Georges Hospital,19.86
TN163LR,51.314322,0.033745,South,Princess Royal (PRUH),5.99,Darent Valley,20.6,Princess Royal (PRUH),5.99,St. Georges Hospital,19.17
TN163LS,51.31112,0.039429,South,Princess Royal (PRUH),6.22,Darent Valley,20.55,Princess Royal (PRUH),6.22,St. Georges Hospital,19.7
TN163LT,51.310164,0.040621,South,Princess Royal (PRUH),6.31,Darent Valley,20.56,Princess Royal (PRUH),6.31,St. Georges Hospital,19.83
TN163LU,51.310774,0.042269,South,Princess Royal (PRUH),6.22,Darent Valley,20.43,Princess Royal (PRUH),6.22,Kings College Hospital,19.84
TN163LW,51.319182,0.028851,South,Princess Royal (PRUH),5.6,Darent Valley,20.52,Princess Royal (PRUH),5.6,St. Georges Hospital,18.56
TN163LX,51.308782,0.043544,South,Princess Royal (PRUH),6.42,Darent Valley,20.51,Princess Royal (PRUH),6.42,St. Georges Hospital,20.09
TN163LY,51.314677,0.040204,South,Princess Royal (PRUH),5.83,Darent Valley,20.24,Princess Royal (PRUH),5.83,Kings College Hospital,19.39
TN163LZ,51.312034,0.042699,South,Princess Royal (PRUH),6.08,Darent Valley,20.31,Princess Royal (PRUH),6.08,Kings College Hospital,19.73
TN163NA,51.312956,0.040386,South,Princess Royal (PRUH),6.01,Darent Valley,20.36,Princess Royal (PRUH),6.01,Kings College Hospital,19.56
TN163NB,51.308562,0.040693,South,Princess Royal (PRUH),6.48,Darent Valley,20.67,Princess Royal (PRUH),6.48,St. Georges Hospital,19.95
TN163ND,51.308857,0.03303,South,Princess Royal (PRUH),6.58,Darent Valley,21.04,Princess Royal (PRUH),6.58,St. Georges Hospital,19.53
TN163NF,51.310051,0.026927,South,Princess Royal (PRUH),6.59,Epsom Hospital,20.89,Princess Royal (PRUH),6.59,St. Georges Hospital,19.13
TN163NG,51.308981,0.025861,South,Princess Royal (PRUH),6.73,Epsom Hospital,20.83,Princess Royal (PRUH),6.73,St. Georges Hospital,19.16
TN163NH,51.308738,0.023297,South,Princess Royal (PRUH),6.82,Epsom Hospital,20.65,Princess Royal (PRUH),6.82,St. Georges Hospital,19.05
TN163NJ,51.307349,0.021442,South,Princess Royal (PRUH),7.01,Epsom Hospital,20.54,Princess Royal (PRUH),7.01,St. Georges Hospital,19.07
TN163NL,51.306998,0.022488,South,Princess Royal (PRUH),7.02,Epsom Hospital,20.62,Princess Royal (PRUH),7.02,St. Georges Hospital,19.14
TN163NN,51.306304,0.021525,South,Princess Royal (PRUH),7.11,Epsom Hospital,20.56,Princess Royal (PRUH),7.11,St. Georges Hospital,19.15
TN163NP,51.306246,0.020748,South,Princess Royal (PRUH),7.14,Epsom Hospital,20.5,Princess Royal (PRUH),7.14,St. Georges Hospital,19.12
TN163NQ,51.309645,0.025977,South,Princess Royal (PRUH),6.66,Epsom Hospital,20.83,Princess Royal (PRUH),6.66,St. Georges Hospital,19.12
TN163NR,51.307595,0.020735,South,Princess Royal (PRUH),7.0,Epsom Hospital,20.49,Princess Royal (PRUH),7.0,St. Georges Hospital,19.01
TN163NS,51.308488,0.022123,South,Princess Royal (PRUH),6.87,Epsom Hospital,20.57,Princess Royal (PRUH),6.87,St. Georges Hospital,19.01
TN163NT,51.305401,0.02018,South,Princess Royal (PRUH),7.24,Epsom Hospital,20.48,Princess Royal (PRUH),7.24,St. Georges Hospital,19.16
TN163NU,51.304933,0.021221,South,Princess Royal (PRUH),7.26,Epsom Hospital,20.55,Princess Royal (PRUH),7.26,St. Georges Hospital,19.24
TN163NX,51.303666,0.021208,South,Princess Royal (PRUH),7.4,Epsom Hospital,20.57,Princess Royal (PRUH),7.4,St. Georges Hospital,19.34
TN163NY,51.30416,0.019681,South,Princess Royal (PRUH),7.38,Epsom Hospital,20.46,Princess Royal (PRUH),7.38,St. Georges Hospital,19.23
TN163NZ,51.303188,0.018634,South,Princess Royal (PRUH),7.51,Epsom Hospital,20.4,Princess Royal (PRUH),7.51,St. Georges Hospital,19.26
TN163PA,51.303181,0.020125,South,Princess Royal (PRUH),7.47,Epsom Hospital,20.5,Princess Royal (PRUH),7.47,St. Georges Hospital,19.33
TN163PB,51.302435,0.019562,South,Princess Royal (PRUH),7.56,Epsom Hospital,20.47,Princess Royal (PRUH),7.56,St. Georges Hospital,19.36
TN163PD,51.302329,0.017864,South,Princess Royal (PRUH),7.62,Epsom Hospital,20.36,Princess Royal (PRUH),7.62,St. Georges Hospital,19.29
TN163PE,51.301736,0.018369,South,Princess Royal (PRUH),7.67,Epsom Hospital,20.4,Princess Royal (PRUH),7.67,St. Georges Hospital,19.36
TN163PG,51.308854,0.025928,South,Princess Royal (PRUH),6.74,Epsom Hospital,20.83,Princess Royal (PRUH),6.74,St. Georges Hospital,19.17
TN163PH,51.307503,0.02396,South,Princess Royal (PRUH),6.93,Epsom Hospital,20.71,Princess Royal (PRUH),6.93,St. Georges Hospital,19.18
TN163PJ,51.306006,0.022674,South,Princess Royal (PRUH),7.12,Epsom Hospital,20.64,Princess Royal (PRUH),7.12,St. Georges Hospital,19.23
TN163PL,51.304689,0.021842,South,Princess Royal (PRUH),7.27,Epsom Hospital,20.6,Princess Royal (PRUH),7.27,St. Georges Hospital,19.29
TN163PN,51.307584,0.022916,South,Princess Royal (PRUH),6.95,Epsom Hospital,20.64,Princess Royal (PRUH),6.95,St. Georges Hospital,19.12
TN163PP,51.304324,0.020047,South,Princess Royal (PRUH),7.36,Epsom Hospital,20.48,Princess Royal (PRUH),7.36,St. Georges Hospital,19.23
TN163PR,51.328909,0.024415,South,Princess Royal (PRUH),4.77,Darent Valley,20.1,Princess Royal (PRUH),4.77,Kings College Hospital,17.47
TN163PS,51.3204,0.03123,South,Princess Royal (PRUH),5.41,Darent Valley,20.3,Princess Royal (PRUH),5.41,Kings College Hospital,18.53
TN163PZ,51.303688,0.019889,South,Princess Royal (PRUH),7.43,Epsom Hospital,20.48,Princess Royal (PRUH),7.43,St. Georges Hospital,19.28
TN163QA,51.307913,0.028325,South,Princess Royal (PRUH),6.78,Epsom Hospital,21.01,Princess Royal (PRUH),6.78,St. Georges Hospital,19.37
TN163QB,51.307269,0.029201,South,Princess Royal (PRUH),6.83,Epsom Hospital,21.08,Princess Royal (PRUH),6.83,St. Georges Hospital,19.46
TN163QD,51.307581,0.030405,South,Princess Royal (PRUH),6.77,Epsom Hospital,21.16,Princess Royal (PRUH),6.77,St. Georges Hospital,19.5
TN163QE,51.307303,0.031369,South,Princess Royal (PRUH),6.78,Epsom Hospital,21.23,Princess Royal (PRUH),6.78,St. Georges Hospital,19.57
TN163QF,51.308615,0.027768,South,Princess Royal (PRUH),6.72,Epsom Hospital,20.96,Princess Royal (PRUH),6.72,St. Georges Hospital,19.29
TN163QG,51.306818,0.030788,South,Princess Royal (PRUH),6.84,Epsom Hospital,21.19,Princess Royal (PRUH),6.84,St. Georges Hospital,19.57
TN163QH,51.306746,0.029766,South,Princess Royal (PRUH),6.87,Epsom Hospital,21.12,Princess Royal (PRUH),6.87,St. Georges Hospital,19.53
TN163QJ,51.30705,0.028818,South,Princess Royal (PRUH),6.86,Epsom Hospital,21.05,Princess Royal (PRUH),6.86,St. Georges Hospital,19.46
TN163QL,51.306708,0.028315,South,Princess Royal (PRUH),6.91,Epsom Hospital,21.02,Princess Royal (PRUH),6.91,St. Georges Hospital,19.46
TN163QN,51.306163,0.029711,South,Princess Royal (PRUH),6.94,Epsom Hospital,21.12,Princess Royal (PRUH),6.94,St. Georges Hospital,19.57
TN163QP,51.307591,0.027178,South,Princess Royal (PRUH),6.84,Epsom Hospital,20.93,Princess Royal (PRUH),6.84,St. Georges Hospital,19.33
TN163QQ,51.306211,0.030044,South,Princess Royal (PRUH),6.92,Epsom Hospital,21.15,Princess Royal (PRUH),6.92,St. Georges Hospital,19.58
TN163QR,51.307401,0.025691,South,Princess Royal (PRUH),6.9,Epsom Hospital,20.83,Princess Royal (PRUH),6.9,St. Georges Hospital,19.27
TN163QS,51.302722,0.020636,South,Princess Royal (PRUH),7.51,Epsom Hospital,20.54,Princess Royal (PRUH),7.51,St. Georges Hospital,19.39
TN163QT,51.306715,0.024298,South,Princess Royal (PRUH),7.0,Epsom Hospital,20.74,Princess Royal (PRUH),7.0,St. Georges Hospital,19.26
TN163QU,51.305907,0.024205,South,Princess Royal (PRUH),7.09,Epsom Hospital,20.75,Princess Royal (PRUH),7.09,St. Georges Hospital,19.32
TN163QW,51.308146,0.02736,South,Princess Royal (PRUH),6.78,Epsom Hospital,20.94,Princess Royal (PRUH),6.78,St. Georges Hospital,19.3
TN163QX,51.304694,0.023119,South,Princess Royal (PRUH),7.24,Epsom Hospital,20.69,Princess Royal (PRUH),7.24,St. Georges Hospital,19.36
TN163QY,51.30678,0.027285,South,Princess Royal (PRUH),6.92,Epsom Hospital,20.95,Princess Royal (PRUH),6.92,St. Georges Hospital,19.4
TN163QZ,51.307125,0.026583,South,Princess Royal (PRUH),6.9,Epsom Hospital,20.9,Princess Royal (PRUH),6.9,St. Georges Hospital,19.34
TN163RA,51.306048,0.028544,South,Princess Royal (PRUH),6.97,Epsom Hospital,21.05,Princess Royal (PRUH),6.97,St. Georges Hospital,19.52
TN163RB,51.305625,0.028052,South,Princess Royal (PRUH),7.03,Epsom Hospital,21.02,Princess Royal (PRUH),7.03,St. Georges Hospital,19.53
TN163RD,51.306711,0.026593,South,Princess Royal (PRUH),6.95,Epsom Hospital,20.9,Princess Royal (PRUH),6.95,St. Georges Hospital,19.37
TN163RE,51.30689,0.025597,South,Princess Royal (PRUH),6.95,Epsom Hospital,20.83,Princess Royal (PRUH),6.95,St. Georges Hospital,19.31
TN163RG,51.305956,0.025527,South,Princess Royal (PRUH),7.05,Epsom Hospital,20.84,Princess Royal (PRUH),7.05,St. Georges Hospital,19.38
TN163RH,51.306185,0.026326,South,Princess Royal (PRUH),7.01,Epsom Hospital,20.89,Princess Royal (PRUH),7.01,St. Georges Hospital,19.4
TN163RJ,51.305386,0.02731,South,Princess Royal (PRUH),7.07,Epsom Hospital,20.97,Princess Royal (PRUH),7.07,St. Georges Hospital,19.51
TN163RL,51.305011,0.027135,South,Princess Royal (PRUH),7.11,Epsom Hospital,20.96,Princess Royal (PRUH),7.11,St. Georges Hospital,19.53
TN163RN,51.305317,0.026102,South,Princess Royal (PRUH),7.1,Epsom Hospital,20.89,Princess Royal (PRUH),7.1,St. Georges Hospital,19.46
TN163RP,51.306033,0.024727,South,Princess Royal (PRUH),7.06,Epsom Hospital,20.78,Princess Royal (PRUH),7.06,St. Georges Hospital,19.33
TN163RR,51.305471,0.02707,South,Princess Royal (PRUH),7.07,Epsom Hospital,20.95,Princess Royal (PRUH),7.07,St. Georges Hospital,19.49
TN163RZ,51.311626,0.032564,South,Princess Royal (PRUH),6.3,Darent Valley,20.86,Princess Royal (PRUH),6.3,St. Georges Hospital,19.3
TN163SA,51.316819,0.034961,South,Princess Royal (PRUH),5.7,Darent Valley,20.36,Princess Royal (PRUH),5.7,Kings College Hospital,19.01
TN163SB,51.316489,0.038419,South,Princess Royal (PRUH),5.66,Darent Valley,20.2,Princess Royal (PRUH),5.66,Kings College Hospital,19.15
TN163SD,51.315718,0.041886,South,Princess Royal (PRUH),5.69,Darent Valley,20.08,Princess Royal (PRUH),5.69,Kings College Hospital,19.34
TN163SE,51.316993,0.03837,South,Princess Royal (PRUH),5.61,Darent Valley,20.17,Princess Royal (PRUH),5.61,Kings College Hospital,19.1
TN163SF,51.31692,0.034822,South,Princess Royal (PRUH),5.69,Darent Valley,20.36,Princess Royal (PRUH),5.69,Kings College Hospital,18.99
TN163SG,51.318167,0.035494,South,Princess Royal (PRUH),5.54,Darent Valley,20.23,Princess Royal (PRUH),5.54,Kings College Hospital,18.89
TN163SH,51.316523,0.035909,South,Princess Royal (PRUH),5.71,Darent Valley,20.33,Princess Royal (PRUH),5.71,Kings College Hospital,19.06
TN163SJ,51.316481,0.034745,South,Princess Royal (PRUH),5.74,Darent Valley,20.4,Princess Royal (PRUH),5.74,Kings College Hospital,19.03
TN163SL,51.316258,0.03772,South,Princess Royal (PRUH),5.7,Darent Valley,20.25,Princess Royal (PRUH),5.7,Kings College Hospital,19.15
TN163SN,51.315806,0.037327,South,Princess Royal (PRUH),5.76,Darent Valley,20.31,Princess Royal (PRUH),5.76,Kings College Hospital,19.18
TN163SP,51.315403,0.034626,South,Princess Royal (PRUH),5.85,Darent Valley,20.48,Princess Royal (PRUH),5.85,St. Georges Hospital,19.14
TN163SQ,51.315335,0.041683,South,Princess Royal (PRUH),5.73,Darent Valley,20.12,Princess Royal (PRUH),5.73,Kings College Hospital,19.37
TN163SR,51.315849,0.034875,South,Princess Royal (PRUH),5.8,Darent Valley,20.43,Princess Royal (PRUH),5.8,St. Georges Hospital,19.12
TN163SS,51.315566,0.036125,South,Princess Royal (PRUH),5.81,Darent Valley,20.39,Princess Royal (PRUH),5.81,Kings College Hospital,19.17
TN163ST,51.316167,0.040371,South,Princess Royal (PRUH),5.66,Darent Valley,20.12,Princess Royal (PRUH),5.66,Kings College Hospital,19.25
TN163SY,51.314322,0.033745,South,Princess Royal (PRUH),5.99,Darent Valley,20.6,Princess Royal (PRUH),5.99,St. Georges Hospital,19.17
TN163SZ,51.311626,0.032564,South,Princess Royal (PRUH),6.3,Darent Valley,20.86,Princess Royal (PRUH),6.3,St. Georges Hospital,19.3
TN163TA,51.30672,0.036479,South,Princess Royal (PRUH),6.75,Darent Valley,21.03,Princess Royal (PRUH),6.75,St. Georges Hospital,19.87
TN163TB,51.306125,0.036539,South,Princess Royal (PRUH),6.81,Darent Valley,21.07,Princess Royal (PRUH),6.81,St. Georges Hospital,19.92
TN163TD,51.303825,0.040024,South,Princess Royal (PRUH),7.01,Darent Valley,21.07,Princess Royal (PRUH),7.01,St. Georges Hospital,20.27
TN163TE,51.310232,0.032546,South,Princess Royal (PRUH),6.45,Darent Valley,20.97,Princess Royal (PRUH),6.45,St. Georges Hospital,19.41
TN163TF,51.310236,0.031814,South,Princess Royal (PRUH),6.46,Darent Valley,21.0,Princess Royal (PRUH),6.46,St. Georges Hospital,19.37
TN163TG,51.311296,0.032937,South,Princess Royal (PRUH),6.32,Darent Valley,20.87,Princess Royal (PRUH),6.32,St. Georges Hospital,19.35
TN163TH,51.308202,0.032398,South,Princess Royal (PRUH),6.66,Darent Valley,21.13,Princess Royal (PRUH),6.66,St. Georges Hospital,19.55
TN163TJ,51.31207,0.031838,South,Princess Royal (PRUH),6.27,Darent Valley,20.87,Princess Royal (PRUH),6.27,St. Georges Hospital,19.23
TN163TL,51.30867,0.03031,South,Princess Royal (PRUH),6.66,Epsom Hospital,21.14,Princess Royal (PRUH),6.66,St. Georges Hospital,19.41
TN163TN,51.30886,0.02765,South,Princess Royal (PRUH),6.7,Epsom Hospital,20.95,Princess Royal (PRUH),6.7,St. Georges Hospital,19.26
TN163TP,51.311196,0.031455,South,Princess Royal (PRUH),6.37,Darent Valley,20.95,Princess Royal (PRUH),6.37,St. Georges Hospital,19.28
TN163TQ,51.308558,0.03316,South,Princess Royal (PRUH),6.61,Darent Valley,21.06,Princess Royal (PRUH),6.61,St. Georges Hospital,19.56
TN163TR,51.31176,0.031609,South,Princess Royal (PRUH),6.3,Darent Valley,20.9,Princess Royal (PRUH),6.3,St. Georges Hospital,19.24
TN163TS,51.311335,0.028591,South,Princess Royal (PRUH),6.42,Epsom Hospital,20.99,Princess Royal (PRUH),6.42,St. Georges Hospital,19.12
TN163TT,51.311462,0.028023,South,Princess Royal (PRUH),6.42,Epsom Hospital,20.95,Princess Royal (PRUH),6.42,St. Georges Hospital,19.08
TN163TU,51.311263,0.027555,South,Princess Royal (PRUH),6.45,Epsom Hospital,20.92,Princess Royal (PRUH),6.45,St. Georges Hospital,19.07
TN163TW,51.308002,0.030984,South,Princess Royal (PRUH),6.71,Epsom Hospital,21.19,Princess Royal (PRUH),6.71,St. Georges Hospital,19.49
TN163TX,51.309604,0.027266,South,Princess Royal (PRUH),6.63,Epsom Hospital,20.92,Princess Royal (PRUH),6.63,St. Georges Hospital,19.18
TN163TY,51.313657,0.031621,South,Princess Royal (PRUH),6.1,Darent Valley,20.76,Princess Royal (PRUH),6.1,St. Georges Hospital,19.11
TN163TZ,51.308472,0.031908,South,Princess Royal (PRUH),6.65,Darent Valley,21.13,Princess Royal (PRUH),6.65,St. Georges Hospital,19.51
TN163UA,51.313837,0.032131,South,Princess Royal (PRUH),6.07,Darent Valley,20.72,Princess Royal (PRUH),6.07,St. Georges Hospital,19.12
TN163UB,51.314232,0.034775,South,Princess Royal (PRUH),5.97,Darent Valley,20.56,Princess Royal (PRUH),5.97,St. Georges Hospital,19.23
TN163UD,51.314939,0.035452,South,Princess Royal (PRUH),5.89,Darent Valley,20.47,Princess Royal (PRUH),5.89,St. Georges Hospital,19.21
TN163UE,51.315005,0.034292,South,Princess Royal (PRUH),5.9,Darent Valley,20.53,Princess Royal (PRUH),5.9,St. Georges Hospital,19.15
TN163UF,51.314322,0.033745,South,Princess Royal (PRUH),5.99,Darent Valley,20.6,Princess Royal (PRUH),5.99,St. Georges Hospital,19.17
TN163UG,51.310908,0.031471,South,Princess Royal (PRUH),6.4,Darent Valley,20.97,Princess Royal (PRUH),6.4,St. Georges Hospital,19.3
TN163UH,51.31191,0.03328,South,Princess Royal (PRUH),6.25,Darent Valley,20.81,Princess Royal (PRUH),6.25,St. Georges Hospital,19.32
TN163UJ,51.303798,0.041027,South,Princess Royal (PRUH),7.0,Darent Valley,21.02,Princess Royal (PRUH),7.0,St. Georges Hospital,20.32
TN163UL,51.311394,0.03089,South,Princess Royal (PRUH),6.36,Darent Valley,20.97,Princess Royal (PRUH),6.36,St. Georges Hospital,19.24
TN163UN,51.309612,0.030452,South,Princess Royal (PRUH),6.56,Epsom Hospital,21.14,Princess Royal (PRUH),6.56,St. Georges Hospital,19.35
TN163UQ,51.313218,0.031027,South,Princess Royal (PRUH),6.16,Darent Valley,20.83,Princess Royal (PRUH),6.16,St. Georges Hospital,19.11
TN163UR,51.314322,0.033745,South,Princess Royal (PRUH),5.99,Darent Valley,20.6,Princess Royal (PRUH),5.99,St. Georges Hospital,19.17
TN163US,51.314322,0.033745,South,Princess Royal (PRUH),5.99,Darent Valley,20.6,Princess Royal (PRUH),5.99,St. Georges Hospital,19.17
TN163UT,51.314007,0.024375,South,Princess Royal (PRUH),6.25,Epsom Hospital,20.68,Princess Royal (PRUH),6.25,St. Georges Hospital,18.7
TN163UU,51.312464,0.02468,South,Princess Royal (PRUH),6.4,Epsom Hospital,20.71,Princess Royal (PRUH),6.4,St. Georges Hospital,18.84
TN163UW,51.315591,0.031577,South,Princess Royal (PRUH),5.9,Darent Valley,20.63,Princess Royal (PRUH),5.9,St. Georges Hospital,18.96
TN163UX,51.311894,0.024871,South,Princess Royal (PRUH),6.45,Epsom Hospital,20.73,Princess Royal (PRUH),6.45,St. Georges Hospital,18.89
TN163UY,51.309487,0.022598,South,Princess Royal (PRUH),6.76,Epsom Hospital,20.6,Princess Royal (PRUH),6.76,St. Georges Hospital,18.96
TN163UZ,51.309365,0.022392,South,Princess Royal (PRUH),6.78,Epsom Hospital,20.58,Princess Royal (PRUH),6.78,St. Georges Hospital,18.96
TN163WA,51.314322,0.033745,South,Princess Royal (PRUH),5.99,Darent Valley,20.6,Princess Royal (PRUH),5.99,St. Georges Hospital,19.17
TN163WB,51.314322,0.033745,South,Princess Royal (PRUH),5.99,Darent Valley,20.6,Princess Royal (PRUH),5.99,St. Georges Hospital,19.17
TN163WD,51.314322,0.033745,South,Princess Royal (PRUH),5.99,Darent Valley,20.6,Princess Royal (PRUH),5.99,St. Georges Hospital,19.17
TN163WE,51.314322,0.033745,South,Princess Royal (PRUH),5.99,Darent Valley,20.6,Princess Royal (PRUH),5.99,St. Georges Hospital,19.17
TN163WF,51.314322,0.033745,South,Princess Royal (PRUH),5.99,Darent Valley,20.6,Princess Royal (PRUH),5.99,St. Georges Hospital,19.17
TN163WG,51.314322,0.033745,South,Princess Royal (PRUH),5.99,Darent Valley,20.6,Princess Royal (PRUH),5.99,St. Georges Hospital,19.17
TN163WH,51.314322,0.033745,South,Princess Royal (PRUH),5.99,Darent Valley,20.6,Princess Royal (PRUH),5.99,St. Georges Hospital,19.17
TN163WJ,51.314322,0.033745,South,Princess Royal (PRUH),5.99,Darent Valley,20.6,Princess Royal (PRUH),5.99,St. Georges Hospital,19.17
TN163WL,51.314322,0.033745,South,Princess Royal (PRUH),5.99,Darent Valley,20.6,Princess Royal (PRUH),5.99,St. Georges Hospital,19.17
TN163WN,51.314322,0.033745,South,Princess Royal (PRUH),5.99,Darent Valley,20.6,Princess Royal (PRUH),5.99,St. Georges Hospital,19.17
TN163WP,51.314322,0.033745,South,Princess Royal (PRUH),5.99,Darent Valley,20.6,Princess Royal (PRUH),5.99,St. Georges Hospital,19.17
TN163WQ,51.314322,0.033745,South,Princess Royal (PRUH),5.99,Darent Valley,20.6,Princess Royal (PRUH),5.99,St. Georges Hospital,19.17
TN163WR,51.314322,0.033745,South,Princess Royal (PRUH),5.99,Darent Valley,20.6,Princess Royal (PRUH),5.99,St. Georges Hospital,19.17
TN163WS,51.314322,0.033745,South,Princess Royal (PRUH),5.99,Darent Valley,20.6,Princess Royal (PRUH),5.99,St. Georges Hospital,19.17
TN163WT,51.314322,0.033745,South,Princess Royal (PRUH),5.99,Darent Valley,20.6,Princess Royal (PRUH),5.99,St. Georges Hospital,19.17
TN163WU,51.314322,0.033745,South,Princess Royal (PRUH),5.99,Darent Valley,20.6,Princess Royal (PRUH),5.99,St. Georges Hospital,19.17
TN163WW,51.314322,0.033745,South,Princess Royal (PRUH),5.99,Darent Valley,20.6,Princess Royal (PRUH),5.99,St. Georges Hospital,19.17
TN163WX,51.314322,0.033745,South,Princess Royal (PRUH),5.99,Darent Valley,20.6,Princess Royal (PRUH),5.99,St. Georges Hospital,19.17
TN163WY,51.314322,0.033745,South,Princess Royal (PRUH),5.99,Darent Valley,20.6,Princess Royal (PRUH),5.99,St. Georges Hospital,19.17
TN163WZ,51.314322,0.033745,South,Princess Royal (PRUH),5.99,Darent Valley,20.6,Princess Royal (PRUH),5.99,St. Georges Hospital,19.17
TN163XA,51.309383,0.021374,South,Princess Royal (PRUH),6.8,Epsom Hospital,20.51,Princess Royal (PRUH),6.8,St. Georges Hospital,18.9
TN163XB,51.312485,0.023447,South,Princess Royal (PRUH),6.43,Epsom Hospital,20.63,Princess Royal (PRUH),6.43,St. Georges Hospital,18.77
TN163XD,51.313622,0.023756,South,Princess Royal (PRUH),6.3,Epsom Hospital,20.64,Princess Royal (PRUH),6.3,St. Georges Hospital,18.7
TN163XE,51.31311,0.023245,South,Princess Royal (PRUH),6.37,Epsom Hospital,20.61,Princess Royal (PRUH),6.37,St. Georges Hospital,18.71
TN163XF,51.312045,0.023959,South,Princess Royal (PRUH),6.46,Epsom Hospital,20.67,Princess Royal (PRUH),6.46,St. Georges Hospital,18.83
TN163XG,51.312861,0.022517,South,Princess Royal (PRUH),6.42,Epsom Hospital,20.56,Princess Royal (PRUH),6.42,St. Georges Hospital,18.7
TN163XH,51.312695,0.021218,South,Princess Royal (PRUH),6.47,Epsom Hospital,20.47,Princess Royal (PRUH),6.47,St. Georges Hospital,18.64
TN163XJ,51.313399,0.022612,South,Princess Royal (PRUH),6.36,Epsom Hospital,20.56,Princess Royal (PRUH),6.36,St. Georges Hospital,18.66
TN163XL,51.313792,0.023304,South,Princess Royal (PRUH),6.3,Epsom Hospital,20.61,Princess Royal (PRUH),6.3,St. Georges Hospital,18.67
TN163XN,51.314187,0.023852,South,Princess Royal (PRUH),6.24,Epsom Hospital,20.64,Princess Royal (PRUH),6.24,St. Georges Hospital,18.66
TN163XP,51.313979,0.024977,South,Princess Royal (PRUH),6.23,Epsom Hospital,20.72,Princess Royal (PRUH),6.23,St. Georges Hospital,18.74
TN163XQ,51.31037,0.026167,South,Princess Royal (PRUH),6.58,Epsom Hospital,20.83,Princess Royal (PRUH),6.58,St. Georges Hospital,19.07
TN163XR,51.314682,0.024893,South,Princess Royal (PRUH),6.16,Epsom Hospital,20.71,Princess Royal (PRUH),6.16,St. Georges Hospital,18.68
TN163XS,51.314542,0.026767,South,Princess Royal (PRUH),6.13,Epsom Hospital,20.84,Princess Royal (PRUH),6.13,St. Georges Hospital,18.79
TN163XT,51.313857,0.028372,South,Princess Royal (PRUH),6.16,Epsom Hospital,20.96,Princess Royal (PRUH),6.16,St. Georges Hospital,18.92
TN163XU,51.313931,0.02618,South,Princess Royal (PRUH),6.21,Epsom Hospital,20.81,Princess Royal (PRUH),6.21,St. Georges Hospital,18.8
TN163XW,51.310657,0.026739,South,Princess Royal (PRUH),6.53,Epsom Hospital,20.87,Princess Royal (PRUH),6.53,St. Georges Hospital,19.08
TN163XX,51.312424,0.026458,South,Princess Royal (PRUH),6.36,Epsom Hospital,20.84,Princess Royal (PRUH),6.36,St. Georges Hospital,18.93
TN163XY,51.311169,0.02623,South,Princess Royal (PRUH),6.49,Epsom Hospital,20.83,Princess Royal (PRUH),6.49,St. Georges Hospital,19.01
TN163XZ,51.313572,0.029264,South,Princess Royal (PRUH),6.17,Darent Valley,20.9,Princess Royal (PRUH),6.17,St. Georges Hospital,18.99
TN163YA,51.314322,0.033745,South,Princess Royal (PRUH),5.99,Darent Valley,20.6,Princess Royal (PRUH),5.99,St. Georges Hospital,19.17
TN163YB,51.305319,0.022859,South,Princess Royal (PRUH),7.18,Epsom Hospital,20.66,Princess Royal (PRUH),7.18,St. Georges Hospital,19.29
TN163YD,51.313132,0.028197,South,Princess Royal (PRUH),6.24,Epsom Hospital,20.95,Princess Royal (PRUH),6.24,St. Georges Hospital,18.97
TN163YE,51.309808,0.032154,South,Princess Royal (PRUH),6.5,Darent Valley,21.02,Princess Royal (PRUH),6.5,St. Georges Hospital,19.42
TN163YF,51.309807,0.032168,South,Princess Royal (PRUH),6.5,Darent Valley,21.02,Princess Royal (PRUH),6.5,St. Georges Hospital,19.42
TN163YG,51.314322,0.033745,South,Princess Royal (PRUH),5.99,Darent Valley,20.6,Princess Royal (PRUH),5.99,St. Georges Hospital,19.17
TN163YH,51.314322,0.033745,South,Princess Royal (PRUH),5.99,Darent Valley,20.6,Princess Royal (PRUH),5.99,St. Georges Hospital,19.17
TN163YJ,51.314322,0.033745,South,Princess Royal (PRUH),5.99,Darent Valley,20.6,Princess Royal (PRUH),5.99,St. Georges Hospital,19.17
TN163YL,51.314322,0.033745,South,Princess Royal (PRUH),5.99,Darent Valley,20.6,Princess Royal (PRUH),5.99,St. Georges Hospital,19.17
TN163YN,51.319366,0.033796,South,Princess Royal (PRUH),5.45,Darent Valley,20.24,Princess Royal (PRUH),5.45,Kings College Hospital,18.72
TN163YP,51.314322,0.033745,South,Princess Royal (PRUH),5.99,Darent Valley,20.6,Princess Royal (PRUH),5.99,St. Georges Hospital,19.17
TN163YQ,51.314322,0.033745,South,Princess Royal (PRUH),5.99,Darent Valley,20.6,Princess Royal (PRUH),5.99,St. Georges Hospital,19.17
TN163YR,51.314322,0.033745,South,Princess Royal (PRUH),5.99,Darent Valley,20.6,Princess Royal (PRUH),5.99,St. Georges Hospital,19.17
TN163YS,51.314322,0.033745,South,Princess Royal (PRUH),5.99,Darent Valley,20.6,Princess Royal (PRUH),5.99,St. Georges Hospital,19.17
TN163YT,51.314322,0.033745,South,Princess Royal (PRUH),5.99,Darent Valley,20.6,Princess Royal (PRUH),5.99,St. Georges Hospital,19.17
TN163YU,51.314322,0.033745,South,Princess Royal (PRUH),5.99,Darent Valley,20.6,Princess Royal (PRUH),5.99,St. Georges Hospital,19.17
TN163YW,51.314322,0.033745,South,Princess Royal (PRUH),5.99,Darent Valley,20.6,Princess Royal (PRUH),5.99,St. Georges Hospital,19.17
TN163YX,51.314322,0.033745,South,Princess Royal (PRUH),5.99,Darent Valley,20.6,Princess Royal (PRUH),5.99,St. Georges Hospital,19.17
TN163YY,51.301916,0.018377,South,Princess Royal (PRUH),7.65,Epsom Hospital,20.4,Princess Royal (PRUH),7.65,St. Georges Hospital,19.35
TN163YZ,51.314322,0.033745,South,Princess Royal (PRUH),5.99,Darent Valley,20.6,Princess Royal (PRUH),5.99,St. Georges Hospital,19.17
TN163ZA,51.311953,0.032894,South,Princess Royal (PRUH),6.26,Darent Valley,20.82,Princess Royal (PRUH),6.26,St. Georges Hospital,19.3
TN163ZB,51.311626,0.032564,South,Princess Royal (PRUH),6.3,Darent Valley,20.86,Princess Royal (PRUH),6.3,St. Georges Hospital,19.3
TN163ZD,51.311626,0.032564,South,Princess Royal (PRUH),6.3,Darent Valley,20.86,Princess Royal (PRUH),6.3,St. Georges Hospital,19.3
TN163ZE,51.314322,0.033745,South,Princess Royal (PRUH),5.99,Darent Valley,20.6,Princess Royal (PRUH),5.99,St. Georges Hospital,19.17
TN163ZF,51.311626,0.032564,South,Princess Royal (PRUH),6.3,Darent Valley,20.86,Princess Royal (PRUH),6.3,St. Georges Hospital,19.3
TN163ZG,51.314322,0.033745,South,Princess Royal (PRUH),5.99,Darent Valley,20.6,Princess Royal (PRUH),5.99,St. Georges Hospital,19.17
TN163ZH,51.311626,0.032564,South,Princess Royal (PRUH),6.3,Darent Valley,20.86,Princess Royal (PRUH),6.3,St. Georges Hospital,19.3
TN163ZJ,51.311953,0.032894,South,Princess Royal (PRUH),6.26,Darent Valley,20.82,Princess Royal (PRUH),6.26,St. Georges Hospital,19.3
TN163ZL,51.314322,0.033745,South,Princess Royal (PRUH),5.99,Darent Valley,20.6,Princess Royal (PRUH),5.99,St. Georges Hospital,19.17
TN163ZN,51.314322,0.033745,South,Princess Royal (PRUH),5.99,Darent Valley,20.6,Princess Royal (PRUH),5.99,St. Georges Hospital,19.17
TN163ZP,51.314322,0.033745,South,Princess Royal (PRUH),5.99,Darent Valley,20.6,Princess Royal (PRUH),5.99,St. Georges Hospital,19.17
TN163ZQ,51.314322,0.033745,South,Princess Royal (PRUH),5.99,Darent Valley,20.6,Princess Royal (PRUH),5.99,St. Georges Hospital,19.17
TN163ZR,51.314322,0.033745,South,Princess Royal (PRUH),5.99,Darent Valley,20.6,Princess Royal (PRUH),5.99,St. Georges Hospital,19.17
TN163ZS,51.311953,0.032894,South,Princess Royal (PRUH),6.26,Darent Valley,20.82,Princess Royal (PRUH),6.26,St. Georges Hospital,19.3
TN163ZT,51.314322,0.033745,South,Princess Royal (PRUH),5.99,Darent Valley,20.6,Princess Royal (PRUH),5.99,St. Georges Hospital,19.17
TN163ZU,51.311953,0.032894,South,Princess Royal (PRUH),6.26,Darent Valley,20.82,Princess Royal (PRUH),6.26,St. Georges Hospital,19.3
TN163ZW,51.314322,0.033745,South,Princess Royal (PRUH),5.99,Darent Valley,20.6,Princess Royal (PRUH),5.99,St. Georges Hospital,19.17
TN163ZX,51.311953,0.032894,South,Princess Royal (PRUH),6.26,Darent Valley,20.82,Princess Royal (PRUH),6.26,St. Georges Hospital,19.3
TN163ZY,51.314322,0.033745,South,Princess Royal (PRUH),5.99,Darent Valley,20.6,Princess Royal (PRUH),5.99,St. Georges Hospital,19.17
TN163ZZ,51.311953,0.032894,South,Princess Royal (PRUH),6.26,Darent Valley,20.82,Princess Royal (PRUH),6.26,St. Georges Hospital,19.3
TN169AA,51.314322,0.033745,South,Princess Royal (PRUH),5.99,Darent Valley,20.6,Princess Royal (PRUH),5.99,St. Georges Hospital,19.17
TN169AB,51.314322,0.033745,South,Princess Royal (PRUH),5.99,Darent Valley,20.6,Princess Royal (PRUH),5.99,St. Georges Hospital,19.17
TN169AD,51.314322,0.033745,South,Princess Royal (PRUH),5.99,Darent Valley,20.6,Princess Royal (PRUH),5.99,St. Georges Hospital,19.17
TN169AE,51.314322,0.033745,South,Princess Royal (PRUH),5.99,Darent Valley,20.6,Princess Royal (PRUH),5.99,St. Georges Hospital,19.17
TN169AF,51.314322,0.033745,South,Princess Royal (PRUH),5.99,Darent Valley,20.6,Princess Royal (PRUH),5.99,St. Georges Hospital,19.17
TN169AG,51.314322,0.033745,South,Princess Royal (PRUH),5.99,Darent Valley,20.6,Princess Royal (PRUH),5.99,St. Georges Hospital,19.17
TN169AH,51.314322,0.033745,South,Princess Royal (PRUH),5.99,Darent Valley,20.6,Princess Royal (PRUH),5.99,St. Georges Hospital,19.17
TN169AJ,51.314322,0.033745,South,Princess Royal (PRUH),5.99,Darent Valley,20.6,Princess Royal (PRUH),5.99,St. Georges Hospital,19.17
TN169AL,51.314322,0.033745,South,Princess Royal (PRUH),5.99,Darent Valley,20.6,Princess Royal (PRUH),5.99,St. Georges Hospital,19.17
TN169AN,51.314322,0.033745,South,Princess Royal (PRUH),5.99,Darent Valley,20.6,Princess Royal (PRUH),5.99,St. Georges Hospital,19.17
TN169AP,51.314322,0.033745,South,Princess Royal (PRUH),5.99,Darent Valley,20.6,Princess Royal (PRUH),5.99,St. Georges Hospital,19.17
TN169AQ,51.314322,0.033745,South,Princess Royal (PRUH),5.99,Darent Valley,20.6,Princess Royal (PRUH),5.99,St. Georges Hospital,19.17
TN169AR,51.314322,0.033745,South,Princess Royal (PRUH),5.99,Darent Valley,20.6,Princess Royal (PRUH),5.99,St. Georges Hospital,19.17
TN169AS,51.314322,0.033745,South,Princess Royal (PRUH),5.99,Darent Valley,20.6,Princess Royal (PRUH),5.99,St. Georges Hospital,19.17
TN169AT,51.314322,0.033745,South,Princess Royal (PRUH),5.99,Darent Valley,20.6,Princess Royal (PRUH),5.99,St. Georges Hospital,19.17
TN169AU,51.314322,0.033745,South,Princess Royal (PRUH),5.99,Darent Valley,20.6,Princess Royal (PRUH),5.99,St. Georges Hospital,19.17
TN169AW,51.314322,0.033745,South,Princess Royal (PRUH),5.99,Darent Valley,20.6,Princess Royal (PRUH),5.99,St. Georges Hospital,19.17
TN169AX,51.314322,0.033745,South,Princess Royal (PRUH),5.99,Darent Valley,20.6,Princess Royal (PRUH),5.99,St. Georges Hospital,19.17
TN169AY,51.314322,0.033745,South,Princess Royal (PRUH),5.99,Darent Valley,20.6,Princess Royal (PRUH),5.99,St. Georges Hospital,19.17
TN169AZ,51.314322,0.033745,South,Princess Royal (PRUH),5.99,Darent Valley,20.6,Princess Royal (PRUH),5.99,St. Georges Hospital,19.17
TN169BA,51.314322,0.033745,South,Princess Royal (PRUH),5.99,Darent Valley,20.6,Princess Royal (PRUH),5.99,St. Georges Hospital,19.17
TN169BB,51.314322,0.033745,South,Princess Royal (PRUH),5.99,Darent Valley,20.6,Princess Royal (PRUH),5.99,St. Georges Hospital,19.17
TN169BD,51.314322,0.033745,South,Princess Royal (PRUH),5.99,Darent Valley,20.6,Princess Royal (PRUH),5.99,St. Georges Hospital,19.17
TN169BE,51.314322,0.033745,South,Princess Royal (PRUH),5.99,Darent Valley,20.6,Princess Royal (PRUH),5.99,St. Georges Hospital,19.17
TN169BF,51.314322,0.033745,South,Princess Royal (PRUH),5.99,Darent Valley,20.6,Princess Royal (PRUH),5.99,St. Georges Hospital,19.17
TN169BG,51.314322,0.033745,South,Princess Royal (PRUH),5.99,Darent Valley,20.6,Princess Royal (PRUH),5.99,St. Georges Hospital,19.17
TN169BH,51.314322,0.033745,South,Princess Royal (PRUH),5.99,Darent Valley,20.6,Princess Royal (PRUH),5.99,St. Georges Hospital,19.17
TN169BJ,51.314322,0.033745,South,Princess Royal (PRUH),5.99,Darent Valley,20.6,Princess Royal (PRUH),5.99,St. Georges Hospital,19.17
TN169BL,51.314322,0.033745,South,Princess Royal (PRUH),5.99,Darent Valley,20.6,Princess Royal (PRUH),5.99,St. Georges Hospital,19.17
TN169BN,51.314322,0.033745,South,Princess Royal (PRUH),5.99,Darent Valley,20.6,Princess Royal (PRUH),5.99,St. Georges Hospital,19.17
TN169BP,51.314322,0.033745,South,Princess Royal (PRUH),5.99,Darent Valley,20.6,Princess Royal (PRUH),5.99,St. Georges Hospital,19.17
TN169BQ,51.314322,0.033745,South,Princess Royal (PRUH),5.99,Darent Valley,20.6,Princess Royal (PRUH),5.99,St. Georges Hospital,19.17
TN169BR,51.314322,0.033745,South,Princess Royal (PRUH),5.99,Darent Valley,20.6,Princess Royal (PRUH),5.99,St. Georges Hospital,19.17
TN169BS,51.314322,0.033745,South,Princess Royal (PRUH),5.99,Darent Valley,20.6,Princess Royal (PRUH),5.99,St. Georges Hospital,19.17
TN169BT,51.314322,0.033745,South,Princess Royal (PRUH),5.99,Darent Valley,20.6,Princess Royal (PRUH),5.99,St. Georges Hospital,19.17
TN169BU,51.314322,0.033745,South,Princess Royal (PRUH),5.99,Darent Valley,20.6,Princess Royal (PRUH),5.99,St. Georges Hospital,19.17
TN169BW,51.314322,0.033745,South,Princess Royal (PRUH),5.99,Darent Valley,20.6,Princess Royal (PRUH),5.99,St. Georges Hospital,19.17
TN169BX,51.314322,0.033745,South,Princess Royal (PRUH),5.99,Darent Valley,20.6,Princess Royal (PRUH),5.99,St. Georges Hospital,19.17
TN169BY,51.314322,0.033745,South,Princess Royal (PRUH),5.99,Darent Valley,20.6,Princess Royal (PRUH),5.99,St. Georges Hospital,19.17
TN169BZ,51.314322,0.033745,South,Princess Royal (PRUH),5.99,Darent Valley,20.6,Princess Royal (PRUH),5.99,St. Georges Hospital,19.17
TN169DA,51.314322,0.033745,South,Princess Royal (PRUH),5.99,Darent Valley,20.6,Princess Royal (PRUH),5.99,St. Georges Hospital,19.17
TN169DB,51.314322,0.033745,South,Princess Royal (PRUH),5.99,Darent Valley,20.6,Princess Royal (PRUH),5.99,St. Georges Hospital,19.17
TN169DD,51.314322,0.033745,South,Princess Royal (PRUH),5.99,Darent Valley,20.6,Princess Royal (PRUH),5.99,St. Georges Hospital,19.17
TN169DE,51.314322,0.033745,South,Princess Royal (PRUH),5.99,Darent Valley,20.6,Princess Royal (PRUH),5.99,St. Georges Hospital,19.17
TN169DF,51.314322,0.033745,South,Princess Royal (PRUH),5.99,Darent Valley,20.6,Princess Royal (PRUH),5.99,St. Georges Hospital,19.17
TN169DG,51.314322,0.033745,South,Princess Royal (PRUH),5.99,Darent Valley,20.6,Princess Royal (PRUH),5.99,St. Georges Hospital,19.17
TN169DH,51.314322,0.033745,South,Princess Royal (PRUH),5.99,Darent Valley,20.6,Princess Royal (PRUH),5.99,St. Georges Hospital,19.17
TN169DJ,51.314322,0.033745,South,Princess Royal (PRUH),5.99,Darent Valley,20.6,Princess Royal (PRUH),5.99,St. Georges Hospital,19.17
TN169DL,51.314322,0.033745,South,Princess Royal (PRUH),5.99,Darent Valley,20.6,Princess Royal (PRUH),5.99,St. Georges Hospital,19.17
TN169DN,51.314322,0.033745,South,Princess Royal (PRUH),5.99,Darent Valley,20.6,Princess Royal (PRUH),5.99,St. Georges Hospital,19.17
TN169DP,51.314322,0.033745,South,Princess Royal (PRUH),5.99,Darent Valley,20.6,Princess Royal (PRUH),5.99,St. Georges Hospital,19.17
TN169DQ,51.314322,0.033745,South,Princess Royal (PRUH),5.99,Darent Valley,20.6,Princess Royal (PRUH),5.99,St. Georges Hospital,19.17
TN169DR,51.314322,0.033745,South,Princess Royal (PRUH),5.99,Darent Valley,20.6,Princess Royal (PRUH),5.99,St. Georges Hospital,19.17
TN169DS,51.314322,0.033745,South,Princess Royal (PRUH),5.99,Darent Valley,20.6,Princess Royal (PRUH),5.99,St. Georges Hospital,19.17
TN169DT,51.314322,0.033745,South,Princess Royal (PRUH),5.99,Darent Valley,20.6,Princess Royal (PRUH),5.99,St. Georges Hospital,19.17
TN169DU,51.314322,0.033745,South,Princess Royal (PRUH),5.99,Darent Valley,20.6,Princess Royal (PRUH),5.99,St. Georges Hospital,19.17
TN169DW,51.314322,0.033745,South,Princess Royal (PRUH),5.99,Darent Valley,20.6,Princess Royal (PRUH),5.99,St. Georges Hospital,19.17
TN169DX,51.314322,0.033745,South,Princess Royal (PRUH),5.99,Darent Valley,20.6,Princess Royal (PRUH),5.99,St. Georges Hospital,19.17
TN169DY,51.314322,0.033745,South,Princess Royal (PRUH),5.99,Darent Valley,20.6,Princess Royal (PRUH),5.99,St. Georges Hospital,19.17
TN169DZ,51.314322,0.033745,South,Princess Royal (PRUH),5.99,Darent Valley,20.6,Princess Royal (PRUH),5.99,St. Georges Hospital,19.17
TN169EA,51.314322,0.033745,South,Princess Royal (PRUH),5.99,Darent Valley,20.6,Princess Royal (PRUH),5.99,St. Georges Hospital,19.17
TN169EB,51.314322,0.033745,South,Princess Royal (PRUH),5.99,Darent Valley,20.6,Princess Royal (PRUH),5.99,St. Georges Hospital,19.17
TN169ED,51.314322,0.033745,South,Princess Royal (PRUH),5.99,Darent Valley,20.6,Princess Royal (PRUH),5.99,St. Georges Hospital,19.17
TN169EE,51.314322,0.033745,South,Princess Royal (PRUH),5.99,Darent Valley,20.6,Princess Royal (PRUH),5.99,St. Georges Hospital,19.17
TN169EF,51.314322,0.033745,South,Princess Royal (PRUH),5.99,Darent Valley,20.6,Princess Royal (PRUH),5.99,St. Georges Hospital,19.17
TN169EG,51.314322,0.033745,South,Princess Royal (PRUH),5.99,Darent Valley,20.6,Princess Royal (PRUH),5.99,St. Georges Hospital,19.17
TN169EH,51.314322,0.033745,South,Princess Royal (PRUH),5.99,Darent Valley,20.6,Princess Royal (PRUH),5.99,St. Georges Hospital,19.17
TN169EJ,51.314322,0.033745,South,Princess Royal (PRUH),5.99,Darent Valley,20.6,Princess Royal (PRUH),5.99,St. Georges Hospital,19.17
TN169EL,51.314322,0.033745,South,Princess Royal (PRUH),5.99,Darent Valley,20.6,Princess Royal (PRUH),5.99,St. Georges Hospital,19.17
TN169EN,51.314322,0.033745,South,Princess Royal (PRUH),5.99,Darent Valley,20.6,Princess Royal (PRUH),5.99,St. Georges Hospital,19.17
TN169EP,51.314322,0.033745,South,Princess Royal (PRUH),5.99,Darent Valley,20.6,Princess Royal (PRUH),5.99,St. Georges Hospital,19.17
TN169EQ,51.314322,0.033745,South,Princess Royal (PRUH),5.99,Darent Valley,20.6,Princess Royal (PRUH),5.99,St. Georges Hospital,19.17
TN169ER,51.314322,0.033745,South,Princess Royal (PRUH),5.99,Darent Valley,20.6,Princess Royal (PRUH),5.99,St. Georges Hospital,19.17
TN169ES,51.314322,0.033745,South,Princess Royal (PRUH),5.99,Darent Valley,20.6,Princess Royal (PRUH),5.99,St. Georges Hospital,19.17
TN169ET,51.314322,0.033745,South,Princess Royal (PRUH),5.99,Darent Valley,20.6,Princess Royal (PRUH),5.99,St. Georges Hospital,19.17
TN169EU,51.314322,0.033745,South,Princess Royal (PRUH),5.99,Darent Valley,20.6,Princess Royal (PRUH),5.99,St. Georges Hospital,19.17
TN169EW,51.314322,0.033745,South,Princess Royal (PRUH),5.99,Darent Valley,20.6,Princess Royal (PRUH),5.99,St. Georges Hospital,19.17
TN169EY,51.314322,0.033745,South,Princess Royal (PRUH),5.99,Darent Valley,20.6,Princess Royal (PRUH),5.99,St. Georges Hospital,19.17
TN169EZ,51.314322,0.033745,South,Princess Royal (PRUH),5.99,Darent Valley,20.6,Princess Royal (PRUH),5.99,St. Georges Hospital,19.17
TN169FA,51.314322,0.033745,South,Princess Royal (PRUH),5.99,Darent Valley,20.6,Princess Royal (PRUH),5.99,St. Georges Hospital,19.17
TN169FB,51.314322,0.033745,South,Princess Royal (PRUH),5.99,Darent Valley,20.6,Princess Royal (PRUH),5.99,St. Georges Hospital,19.17
TN169FD,51.314322,0.033745,South,Princess Royal (PRUH),5.99,Darent Valley,20.6,Princess Royal (PRUH),5.99,St. Georges Hospital,19.17
TN169FE,51.314322,0.033745,South,Princess Royal (PRUH),5.99,Darent Valley,20.6,Princess Royal (PRUH),5.99,St. Georges Hospital,19.17
TN169FF,51.314322,0.033745,South,Princess Royal (PRUH),5.99,Darent Valley,20.6,Princess Royal (PRUH),5.99,St. Georges Hospital,19.17
TN169FG,51.314322,0.033745,South,Princess Royal (PRUH),5.99,Darent Valley,20.6,Princess Royal (PRUH),5.99,St. Georges Hospital,19.17
TN169FJ,51.314322,0.033745,South,Princess Royal (PRUH),5.99,Darent Valley,20.6,Princess Royal (PRUH),5.99,St. Georges Hospital,19.17
TN169FL,51.314322,0.033745,South,Princess Royal (PRUH),5.99,Darent Valley,20.6,Princess Royal (PRUH),5.99,St. Georges Hospital,19.17
TN169FN,51.314322,0.033745,South,Princess Royal (PRUH),5.99,Darent Valley,20.6,Princess Royal (PRUH),5.99,St. Georges Hospital,19.17
TN169FP,51.314322,0.033745,South,Princess Royal (PRUH),5.99,Darent Valley,20.6,Princess Royal (PRUH),5.99,St. Georges Hospital,19.17
TN169FQ,51.314322,0.033745,South,Princess Royal (PRUH),5.99,Darent Valley,20.6,Princess Royal (PRUH),5.99,St. Georges Hospital,19.17
TN169FR,51.314322,0.033745,South,Princess Royal (PRUH),5.99,Darent Valley,20.6,Princess Royal (PRUH),5.99,St. Georges Hospital,19.17
TN169XX,51.314322,0.033745,South,Princess Royal (PRUH),5.99,Darent Valley,20.6,Princess Royal (PRUH),5.99,St. Georges Hospital,19.17
