Postcode,Latitude,Longitude,Side,Closest_Any,Distance_Any_km,Closest_L1,Distance_L1_km,Closest_L2,Distance_L2_km,Closest_L3,Distance_L3_km
HA36SE,51.620476,-0.34777,North,Watford General,5.01,Royal Free Hospital,14.65,Watford General,5.01,Queen Charlottes',13.85
HA36SF,51.623861,-0.348673,North,Watford General,4.73,Royal Free Hospital,14.9,Watford General,4.73,Queen Charlottes',14.19
HA36SG,51.620608,-0.348892,North,Watford General,4.94,Royal Free Hospital,14.73,Watford General,4.94,Queen Charlottes',13.9
HA36SJ,51.622616,-0.359958,North,Watford General,4.22,Royal Free Hospital,15.5,Watford General,4.22,Queen Charlottes',14.52
HA36SL,51.617752,-0.360697,North,Watford General,4.57,Royal Free Hospital,15.28,Watford General,4.57,Queen Charlottes',14.12
HA36SN,51.616519,-0.35934,North,Watford General,4.73,Royal Free Hospital,15.14,Watford General,4.73,Queen Charlottes',13.96
HA36SQ,51.621007,-0.348473,North,Watford General,4.93,Royal Free Hospital,14.72,Watford General,4.93,Queen Charlottes',13.92
HA36SY,51.62282,-0.356512,North,Watford General,4.38,Royal Free Hospital,15.31,Watford General,4.38,Queen Charlottes',14.4
HA47GD,51.588616,-0.435787,North,Watford General,7.0,West Middlesex,14.94,Watford General,7.0,Queen Charlottes',15.93
HA47GN,51.589718,-0.435446,North,Watford General,6.87,West Middlesex,15.03,Watford General,6.87,Queen Charlottes',15.97
HA47SD,51.588733,-0.435147,North,Watford General,6.97,West Middlesex,14.93,Watford General,6.97,Queen Charlottes',15.89
HA47SW,51.58868,-0.437185,North,Watford General,7.02,West Middlesex,15.0,Watford General,7.02,Queen Charlottes',16.01
HA47SY,51.588632,-0.435613,North,Watford General,6.99,West Middlesex,14.94,Watford General,6.99,Queen Charlottes',15.92
HA47TL,51.588816,-0.435938,North,Watford General,6.98,West Middlesex,14.97,Watford General,6.98,Queen Charlottes',15.95
HA47TP,51.589512,-0.436882,North,Watford General,6.93,West Middlesex,15.07,Watford General,6.93,Queen Charlottes',16.04
HA47TR,51.589485,-0.436233,North,Watford General,6.92,West Middlesex,15.04,Watford General,6.92,Queen Charlottes',16.0
HA47TS,51.590759,-0.436666,North,Watford General,6.79,West Middlesex,15.18,Watford General,6.79,Queen Charlottes',16.1
HA47TT,51.590333,-0.434414,North,Watford General,6.79,West Middlesex,15.06,Watford General,6.79,Queen Charlottes',15.94
HA47TU,51.58924,-0.435375,North,Watford General,6.92,West Middlesex,14.99,Watford General,6.92,Queen Charlottes',15.94
HA47TW,51.588375,-0.436603,North,Watford General,7.04,West Middlesex,14.95,Watford General,7.04,Queen Charlottes',15.96
HA47TX,51.588748,-0.434223,North,Watford General,6.95,West Middlesex,14.9,Watford General,6.95,Queen Charlottes',15.84
HA47TY,51.591031,-0.432759,North,Watford General,6.68,West Middlesex,15.07,Watford General,6.68,Queen Charlottes',15.88
HA47UE,51.590468,-0.435088,North,Watford General,6.79,West Middlesex,15.09,Watford General,6.79,Queen Charlottes',15.99
HA47UF,51.5883,-0.435711,North,Watford General,7.03,West Middlesex,14.91,Watford General,7.03,Queen Charlottes',15.9
HA47YP,51.589421,-0.434113,North,Watford General,6.88,West Middlesex,14.96,Watford General,6.88,Queen Charlottes',15.87
HA47YY,51.589418,-0.435196,North,Watford General,6.9,West Middlesex,15.0,Watford General,6.9,Queen Charlottes',15.93
HA52AJ,51.597784,-0.396805,North,Watford General,5.66,West Middlesex,14.71,Watford General,5.66,Queen Charlottes',14.28
HA52AN,51.597695,-0.397473,North,Watford General,5.67,West Middlesex,14.71,Watford General,5.67,Queen Charlottes',14.31
HA52AW,51.597489,-0.398909,North,Watford General,5.69,West Middlesex,14.73,Watford General,5.69,Queen Charlottes',14.37
HA52DA,51.595681,-0.404098,North,Watford General,5.87,West Middlesex,14.67,Watford General,5.87,Queen Charlottes',14.53
HA52DB,51.597594,-0.405244,North,Watford General,5.66,West Middlesex,14.9,Watford General,5.66,Queen Charlottes',14.72
HA52DE,51.595316,-0.402379,North,Watford General,5.92,West Middlesex,14.59,Watford General,5.92,Queen Charlottes',14.41
HA52DF,51.596425,-0.403971,North,Watford General,5.79,West Middlesex,14.74,Watford General,5.79,Queen Charlottes',14.57
HA52DG,51.598067,-0.405689,North,Watford General,5.61,West Middlesex,14.96,Watford General,5.61,Queen Charlottes',14.78
HA52DH,51.599257,-0.407886,North,Watford General,5.48,West Middlesex,15.14,Watford General,5.48,Queen Charlottes',14.98
HA52DJ,51.598201,-0.40492,North,Watford General,5.59,West Middlesex,14.95,Watford General,5.59,Queen Charlottes',14.74
HA52DL,51.597488,-0.402779,North,Watford General,5.67,West Middlesex,14.82,Watford General,5.67,Queen Charlottes',14.58
HA52DN,51.59707,-0.401133,North,Watford General,5.72,West Middlesex,14.74,Watford General,5.72,Queen Charlottes',14.46
HA52DP,51.597443,-0.404051,North,Watford General,5.68,West Middlesex,14.85,Watford General,5.68,Queen Charlottes',14.64
HA52DQ,51.598813,-0.407613,North,Watford General,5.53,West Middlesex,15.08,Watford General,5.53,Queen Charlottes',14.93
HA52DR,51.596268,-0.401002,North,Watford General,5.81,West Middlesex,14.65,Watford General,5.81,Queen Charlottes',14.4
HA52DS,51.596677,-0.400006,North,Watford General,5.77,West Middlesex,14.67,Watford General,5.77,Queen Charlottes',14.37
HA52DX,51.596161,-0.401757,North,Watford General,5.82,West Middlesex,14.66,Watford General,5.82,Queen Charlottes',14.43
HA52DY,51.596161,-0.401757,North,Watford General,5.82,West Middlesex,14.66,Watford General,5.82,Queen Charlottes',14.43
HA52DZ,51.596826,-0.399712,North,Watford General,5.76,West Middlesex,14.68,Watford General,5.76,Queen Charlottes',14.37
HA52FF,51.59102,-0.413198,North,Watford General,6.42,West Middlesex,14.44,Watford General,6.42,Queen Charlottes',14.74
HA52LB,51.594802,-0.418913,North,Watford General,6.05,West Middlesex,14.99,Watford General,6.05,Queen Charlottes',15.3
HA52LG,51.59532,-0.417336,North,Watford General,5.98,West Middlesex,15.0,Watford General,5.98,Queen Charlottes',15.25
HA52LX,51.594858,-0.413093,North,Watford General,5.99,West Middlesex,14.83,Watford General,5.99,Queen Charlottes',14.98
HA52LY,51.593462,-0.41356,North,Watford General,6.15,West Middlesex,14.7,Watford General,6.15,Queen Charlottes',14.91
HA52LZ,51.594932,-0.415848,North,Watford General,6.01,West Middlesex,14.92,Watford General,6.01,Queen Charlottes',15.14
HA52NA,51.594537,-0.415905,North,Watford General,6.05,West Middlesex,14.88,Watford General,6.05,Queen Charlottes',15.12
HA52NB,51.594499,-0.417148,North,Watford General,6.07,West Middlesex,14.91,Watford General,6.07,Queen Charlottes',15.18
HA52ND,51.591521,-0.415678,North,Watford General,6.38,West Middlesex,14.57,Watford General,6.38,Queen Charlottes',14.91
HA52NE,51.593168,-0.41513,North,Watford General,6.2,West Middlesex,14.72,Watford General,6.2,Queen Charlottes',14.99
HA52NF,51.59236,-0.413844,North,Watford General,6.28,West Middlesex,14.6,Watford General,6.28,Queen Charlottes',14.86
HA52NG,51.591591,-0.412831,North,Watford General,6.35,West Middlesex,14.49,Watford General,6.35,Queen Charlottes',14.76
HA52NL,51.594213,-0.419959,North,Watford General,6.13,West Middlesex,14.97,Watford General,6.13,Queen Charlottes',15.33
HA52NN,51.59127,-0.412424,North,Watford General,6.39,West Middlesex,14.45,Watford General,6.39,Queen Charlottes',14.71
HA52NP,51.593834,-0.415785,North,Watford General,6.13,West Middlesex,14.8,Watford General,6.13,Queen Charlottes',15.06
HA52NQ,51.590892,-0.413708,North,Watford General,6.44,West Middlesex,14.45,Watford General,6.44,Queen Charlottes',14.76
HA52NR,51.594056,-0.415575,North,Watford General,6.1,West Middlesex,14.82,Watford General,6.1,Queen Charlottes',15.07
HA52NS,51.594272,-0.418268,North,Watford General,6.1,West Middlesex,14.92,Watford General,6.1,Queen Charlottes',15.23
HA52NT,51.59368,-0.417725,North,Watford General,6.16,West Middlesex,14.85,Watford General,6.16,Queen Charlottes',15.17
HA52NU,51.594034,-0.418001,North,Watford General,6.13,West Middlesex,14.89,Watford General,6.13,Queen Charlottes',15.2
HA52NW,51.594318,-0.415061,North,Watford General,6.07,West Middlesex,14.83,Watford General,6.07,Queen Charlottes',15.05
HA52PA,51.599072,-0.409481,North,Watford General,5.51,West Middlesex,15.16,Watford General,5.51,Queen Charlottes',15.05
HA52PB,51.596684,-0.409737,North,Watford General,5.77,West Middlesex,14.92,Watford General,5.77,Queen Charlottes',14.91
HA52PD,51.594109,-0.40886,North,Watford General,6.06,West Middlesex,14.63,Watford General,6.06,Queen Charlottes',14.69
HA52PE,51.595656,-0.410264,North,Watford General,5.89,West Middlesex,14.83,Watford General,5.89,Queen Charlottes',14.87
HA52PG,51.594581,-0.407212,North,Watford General,6.0,West Middlesex,14.64,Watford General,6.0,Queen Charlottes',14.63
HA52PH,51.593406,-0.406806,North,Watford General,6.13,West Middlesex,14.51,Watford General,6.13,Queen Charlottes',14.53
HA52PQ,51.594262,-0.407584,North,Watford General,6.03,West Middlesex,14.62,Watford General,6.03,Queen Charlottes',14.63
HA52QB,51.592921,-0.408829,North,Watford General,6.19,West Middlesex,14.51,Watford General,6.19,Queen Charlottes',14.61
HA52QD,51.593627,-0.409166,North,Watford General,6.11,West Middlesex,14.59,Watford General,6.11,Queen Charlottes',14.68
HA52QE,51.594159,-0.409898,North,Watford General,6.05,West Middlesex,14.67,Watford General,6.05,Queen Charlottes',14.75
HA52RA,51.594852,-0.41663,North,Watford General,6.02,West Middlesex,14.93,Watford General,6.02,Queen Charlottes',15.18
HA53AE,51.600208,-0.397167,North,Watford General,5.39,West Middlesex,14.97,Watford General,5.39,Queen Charlottes',14.47
HA53DE,51.605447,-0.396896,North,Watford General,4.82,West Middlesex,15.51,Watford General,4.82,Queen Charlottes',14.83
HA53DT,51.599509,-0.396022,North,Watford General,5.48,West Middlesex,14.87,Watford General,5.48,Queen Charlottes',14.35
HA53DZ,51.5994,-0.395911,North,Watford General,5.49,West Middlesex,14.86,Watford General,5.49,Queen Charlottes',14.34
HA53ED,51.599206,-0.396206,North,Watford General,5.51,West Middlesex,14.84,Watford General,5.51,Queen Charlottes',14.34
HA53FF,51.60104,-0.394871,North,Watford General,5.32,West Middlesex,15.01,Watford General,5.32,Queen Charlottes',14.4
HA53GY,51.599289,-0.396377,North,Watford General,5.5,West Middlesex,14.86,Watford General,5.5,Queen Charlottes',14.36
HA53JA,51.599814,-0.397254,North,Watford General,5.44,West Middlesex,14.93,Watford General,5.44,Queen Charlottes',14.44
HA53JL,51.600097,-0.397561,North,Watford General,5.4,West Middlesex,14.97,Watford General,5.4,Queen Charlottes',14.48
HA53JS,51.599875,-0.396486,North,Watford General,5.44,West Middlesex,14.92,Watford General,5.44,Queen Charlottes',14.41
HA53JT,51.600001,-0.397752,North,Watford General,5.41,West Middlesex,14.96,Watford General,5.41,Queen Charlottes',14.48
HA53LU,51.601448,-0.388532,North,Watford General,5.35,West Middlesex,14.91,Watford General,5.35,Queen Charlottes',14.1
HA53LX,51.602418,-0.387819,North,Watford General,5.25,West Middlesex,15.0,Watford General,5.25,Queen Charlottes',14.14
HA53PP,51.599638,-0.392971,North,Watford General,5.49,West Middlesex,14.82,Watford General,5.49,Queen Charlottes',14.2
HA53PR,51.602441,-0.388786,North,Watford General,5.24,West Middlesex,15.02,Watford General,5.24,Queen Charlottes',14.19
HA53PU,51.603909,-0.383781,North,Watford General,5.16,West Middlesex,15.08,Watford General,5.16,Queen Charlottes',14.05
HA53PX,51.603443,-0.385169,North,Watford General,5.19,West Middlesex,15.06,Watford General,5.19,Queen Charlottes',14.08
HA53PY,51.602991,-0.385662,North,Watford General,5.23,West Middlesex,15.02,Watford General,5.23,Queen Charlottes',14.07
HA53PZ,51.603225,-0.386346,North,Watford General,5.19,West Middlesex,15.06,Watford General,5.19,Queen Charlottes',14.12
HA53QA,51.602865,-0.386316,North,Watford General,5.23,West Middlesex,15.02,Watford General,5.23,Queen Charlottes',14.1
HA53QB,51.603118,-0.387679,North,Watford General,5.18,West Middlesex,15.07,Watford General,5.18,Queen Charlottes',14.18
HA53QD,51.603254,-0.388439,North,Watford General,5.15,West Middlesex,15.1,Watford General,5.15,Queen Charlottes',14.23
HA53QE,51.604334,-0.387159,North,Watford General,5.06,West Middlesex,15.19,Watford General,5.06,Queen Charlottes',14.25
HA53QF,51.604334,-0.387809,North,Watford General,5.05,West Middlesex,15.21,Watford General,5.05,Queen Charlottes',14.28
HA53QG,51.604444,-0.388628,North,Watford General,5.02,West Middlesex,15.23,Watford General,5.02,Queen Charlottes',14.33
HA53QH,51.603011,-0.393632,North,Watford General,5.11,West Middlesex,15.19,Watford General,5.11,Queen Charlottes',14.48
HA53QJ,51.604619,-0.391568,North,Watford General,4.96,West Middlesex,15.31,Watford General,4.96,Queen Charlottes',14.49
HA53QL,51.604152,-0.391599,North,Watford General,5.01,West Middlesex,15.26,Watford General,5.01,Queen Charlottes',14.46
HA53QN,51.603817,-0.391452,North,Watford General,5.05,West Middlesex,15.23,Watford General,5.05,Queen Charlottes',14.43
HA53QP,51.60627,-0.389329,North,Watford General,4.81,West Middlesex,15.44,Watford General,4.81,Queen Charlottes',14.51
HA53QQ,51.603478,-0.391016,North,Watford General,5.09,West Middlesex,15.18,Watford General,5.09,Queen Charlottes',14.38
HA53QR,51.605498,-0.391436,North,Watford General,4.87,West Middlesex,15.4,Watford General,4.87,Queen Charlottes',14.55
HA53QS,51.605068,-0.391538,North,Watford General,4.91,West Middlesex,15.36,Watford General,4.91,Queen Charlottes',14.53
HA53QT,51.602755,-0.386782,North,Watford General,5.23,West Middlesex,15.02,Watford General,5.23,Queen Charlottes',14.11
HA53QU,51.602256,-0.387103,North,Watford General,5.28,West Middlesex,14.97,Watford General,5.28,Queen Charlottes',14.09
HA53QW,51.604787,-0.389381,North,Watford General,4.97,West Middlesex,15.29,Watford General,4.97,Queen Charlottes',14.4
HA53QX,51.602256,-0.387103,North,Watford General,5.28,West Middlesex,14.97,Watford General,5.28,Queen Charlottes',14.09
HA53RA,51.602836,-0.395299,North,Watford General,5.12,West Middlesex,15.2,Watford General,5.12,Queen Charlottes',14.56
HA53RB,51.604493,-0.394215,North,Watford General,4.95,West Middlesex,15.36,Watford General,4.95,Queen Charlottes',14.62
HA53RD,51.604283,-0.395248,North,Watford General,4.96,West Middlesex,15.36,Watford General,4.96,Queen Charlottes',14.66
HA53RE,51.605246,-0.394044,North,Watford General,4.86,West Middlesex,15.43,Watford General,4.86,Queen Charlottes',14.67
HA53RF,51.606007,-0.391172,North,Watford General,4.82,West Middlesex,15.45,Watford General,4.82,Queen Charlottes',14.58
HA53RG,51.609045,-0.388451,North,Watford General,4.53,West Middlesex,15.72,Watford General,4.53,Queen Charlottes',14.67
HA53RH,51.610485,-0.385916,North,Watford General,4.42,West Middlesex,15.83,Watford General,4.42,Queen Charlottes',14.66
HA53RJ,51.608129,-0.389191,North,Watford General,4.61,West Middlesex,15.64,Watford General,4.61,Queen Charlottes',14.64
HA53RL,51.605951,-0.392979,North,Watford General,4.8,West Middlesex,15.48,Watford General,4.8,Queen Charlottes',14.67
HA53RN,51.604852,-0.396729,North,Watford General,4.88,West Middlesex,15.45,Watford General,4.88,Queen Charlottes',14.78
HA53RP,51.609263,-0.382031,North,Watford General,4.63,West Middlesex,15.63,Watford General,4.63,Queen Charlottes',14.38
HA53RQ,51.609811,-0.383975,North,Watford General,4.53,West Middlesex,15.72,Watford General,4.53,Queen Charlottes',14.51
HA53RS,51.601396,-0.390021,North,Watford General,5.33,West Middlesex,14.94,Watford General,5.33,Queen Charlottes',14.18
HA53RT,51.60194,-0.388977,North,Watford General,5.29,West Middlesex,14.97,Watford General,5.29,Queen Charlottes',14.16
HA53RU,51.599803,-0.393846,North,Watford General,5.47,West Middlesex,14.85,Watford General,5.47,Queen Charlottes',14.26
HA53RW,51.610068,-0.382392,North,Watford General,4.54,West Middlesex,15.72,Watford General,4.54,Queen Charlottes',14.46
HA53RZ,51.59893,-0.395061,North,Watford General,5.55,West Middlesex,14.79,Watford General,5.55,Queen Charlottes',14.26
HA53SA,51.599474,-0.393468,North,Watford General,5.51,West Middlesex,14.81,Watford General,5.51,Queen Charlottes',14.22
HA53SB,51.599657,-0.395021,North,Watford General,5.47,West Middlesex,14.86,Watford General,5.47,Queen Charlottes',14.31
HA53SD,51.600451,-0.395181,North,Watford General,5.38,West Middlesex,14.95,Watford General,5.38,Queen Charlottes',14.38
HA53SE,51.600236,-0.39591,North,Watford General,5.4,West Middlesex,14.94,Watford General,5.4,Queen Charlottes',14.4
HA53SG,51.601737,-0.396478,North,Watford General,5.23,West Middlesex,15.12,Watford General,5.23,Queen Charlottes',14.54
HA53SH,51.60278,-0.397828,North,Watford General,5.11,West Middlesex,15.26,Watford General,5.11,Queen Charlottes',14.68
HA53SJ,51.60388,-0.398049,North,Watford General,4.98,West Middlesex,15.38,Watford General,4.98,Queen Charlottes',14.78
HA53SL,51.601572,-0.401567,North,Watford General,5.22,West Middlesex,15.22,Watford General,5.22,Queen Charlottes',14.8
HA53SN,51.60235,-0.399258,North,Watford General,5.14,West Middlesex,15.24,Watford General,5.14,Queen Charlottes',14.73
HA53SP,51.601968,-0.400239,North,Watford General,5.18,West Middlesex,15.23,Watford General,5.18,Queen Charlottes',14.75
HA53SQ,51.603952,-0.397339,North,Watford General,4.98,West Middlesex,15.37,Watford General,4.98,Queen Charlottes',14.74
HA53SR,51.60091,-0.398514,North,Watford General,5.31,West Middlesex,15.08,Watford General,5.31,Queen Charlottes',14.59
HA53SS,51.599812,-0.396445,North,Watford General,5.44,West Middlesex,14.91,Watford General,5.44,Queen Charlottes',14.4
HA53ST,51.599483,-0.396052,North,Watford General,5.48,West Middlesex,14.87,Watford General,5.48,Queen Charlottes',14.35
HA53SU,51.600379,-0.397782,North,Watford General,5.37,West Middlesex,15.0,Watford General,5.37,Queen Charlottes',14.51
HA53SW,51.600699,-0.398204,North,Watford General,5.33,West Middlesex,15.05,Watford General,5.33,Queen Charlottes',14.56
HA53SX,51.60535,-0.397694,North,Watford General,4.82,West Middlesex,15.52,Watford General,4.82,Queen Charlottes',14.86
HA53SY,51.600403,-0.394316,North,Watford General,5.4,West Middlesex,14.93,Watford General,5.4,Queen Charlottes',14.33
HA53SZ,51.600371,-0.396584,North,Watford General,5.38,West Middlesex,14.97,Watford General,5.38,Queen Charlottes',14.45
HA53TA,51.602415,-0.398072,North,Watford General,5.14,West Middlesex,15.22,Watford General,5.14,Queen Charlottes',14.67
HA53TB,51.602151,-0.394543,North,Watford General,5.2,West Middlesex,15.12,Watford General,5.2,Queen Charlottes',14.47
HA53TD,51.601683,-0.39456,North,Watford General,5.25,West Middlesex,15.07,Watford General,5.25,Queen Charlottes',14.43
HA53TE,51.598328,-0.397104,North,Watford General,5.6,West Middlesex,14.77,Watford General,5.6,Queen Charlottes',14.33
HA53TF,51.598151,-0.396677,North,Watford General,5.63,West Middlesex,14.74,Watford General,5.63,Queen Charlottes',14.29
HA53TG,51.598876,-0.397084,North,Watford General,5.54,West Middlesex,14.83,Watford General,5.54,Queen Charlottes',14.37
HA53TH,51.598738,-0.398172,North,Watford General,5.55,West Middlesex,14.84,Watford General,5.55,Queen Charlottes',14.42
HA53TJ,51.599479,-0.399734,North,Watford General,5.46,West Middlesex,14.95,Watford General,5.46,Queen Charlottes',14.55
HA53TN,51.598512,-0.399393,North,Watford General,5.57,West Middlesex,14.85,Watford General,5.57,Queen Charlottes',14.47
HA53TP,51.601185,-0.39888,North,Watford General,5.28,West Middlesex,15.11,Watford General,5.28,Queen Charlottes',14.63
HA53TQ,51.599075,-0.397135,North,Watford General,5.52,West Middlesex,14.85,Watford General,5.52,Queen Charlottes',14.38
HA53TR,51.600937,-0.402456,North,Watford General,5.29,West Middlesex,15.17,Watford General,5.29,Queen Charlottes',14.8
HA53TT,51.600023,-0.405303,North,Watford General,5.39,West Middlesex,15.15,Watford General,5.39,Queen Charlottes',14.89
HA53TU,51.599871,-0.404774,North,Watford General,5.41,West Middlesex,15.12,Watford General,5.41,Queen Charlottes',14.85
HA53TW,51.599922,-0.398578,North,Watford General,5.42,West Middlesex,14.97,Watford General,5.42,Queen Charlottes',14.52
HA53TX,51.598387,-0.402733,North,Watford General,5.57,West Middlesex,14.91,Watford General,5.57,Queen Charlottes',14.64
HA53TY,51.599048,-0.401107,North,Watford General,5.5,West Middlesex,14.94,Watford General,5.5,Queen Charlottes',14.6
HA53TZ,51.598801,-0.40279,North,Watford General,5.53,West Middlesex,14.96,Watford General,5.53,Queen Charlottes',14.67
HA53UA,51.598903,-0.401646,North,Watford General,5.52,West Middlesex,14.94,Watford General,5.52,Queen Charlottes',14.61
HA53UB,51.599245,-0.402371,North,Watford General,5.48,West Middlesex,14.99,Watford General,5.48,Queen Charlottes',14.68
HA53UD,51.600277,-0.402854,North,Watford General,5.36,West Middlesex,15.11,Watford General,5.36,Queen Charlottes',14.77
HA53UE,51.599861,-0.403331,North,Watford General,5.41,West Middlesex,15.08,Watford General,5.41,Queen Charlottes',14.77
HA53UF,51.599602,-0.404148,North,Watford General,5.44,West Middlesex,15.08,Watford General,5.44,Queen Charlottes',14.8
HA53UG,51.60036,-0.399703,North,Watford General,5.36,West Middlesex,15.05,Watford General,5.36,Queen Charlottes',14.61
HA53UH,51.601391,-0.396808,North,Watford General,5.27,West Middlesex,15.09,Watford General,5.27,Queen Charlottes',14.53
HA53UJ,51.602188,-0.397906,North,Watford General,5.17,West Middlesex,15.2,Watford General,5.17,Queen Charlottes',14.65
HA53UN,51.599331,-0.398079,North,Watford General,5.49,West Middlesex,14.9,Watford General,5.49,Queen Charlottes',14.45
HA53UP,51.602393,-0.40369,North,Watford General,5.13,West Middlesex,15.35,Watford General,5.13,Queen Charlottes',14.97
HA53UQ,51.600812,-0.401175,North,Watford General,5.31,West Middlesex,15.13,Watford General,5.31,Queen Charlottes',14.72
HA53UR,51.601765,-0.403192,North,Watford General,5.2,West Middlesex,15.28,Watford General,5.2,Queen Charlottes',14.9
HA53UT,51.602599,-0.402975,North,Watford General,5.11,West Middlesex,15.36,Watford General,5.11,Queen Charlottes',14.94
HA53UU,51.603937,-0.404184,North,Watford General,4.96,West Middlesex,15.53,Watford General,4.96,Queen Charlottes',15.1
HA53UX,51.60461,-0.40341,North,Watford General,4.88,West Middlesex,15.58,Watford General,4.88,Queen Charlottes',15.11
HA53UY,51.604449,-0.402823,North,Watford General,4.9,West Middlesex,15.55,Watford General,4.9,Queen Charlottes',15.07
HA53UZ,51.603211,-0.399704,North,Watford General,5.05,West Middlesex,15.34,Watford General,5.05,Queen Charlottes',14.81
HA53WB,51.602414,-0.398649,North,Watford General,5.14,West Middlesex,15.24,Watford General,5.14,Queen Charlottes',14.7
HA53WW,51.600387,-0.397768,North,Watford General,5.37,West Middlesex,15.0,Watford General,5.37,Queen Charlottes',14.51
HA53WX,51.599646,-0.39749,North,Watford General,5.45,West Middlesex,14.92,Watford General,5.45,Queen Charlottes',14.44
HA53XA,51.602859,-0.400323,North,Watford General,5.08,West Middlesex,15.32,Watford General,5.08,Queen Charlottes',14.82
HA53XB,51.603467,-0.401385,North,Watford General,5.01,West Middlesex,15.41,Watford General,5.01,Queen Charlottes',14.92
HA53XD,51.604465,-0.401985,North,Watford General,4.9,West Middlesex,15.53,Watford General,4.9,Queen Charlottes',15.02
HA53XE,51.605658,-0.39982,North,Watford General,4.78,West Middlesex,15.6,Watford General,4.78,Queen Charlottes',15.0
HA53XF,51.606338,-0.400186,North,Watford General,4.7,West Middlesex,15.68,Watford General,4.7,Queen Charlottes',15.07
HA53XG,51.604899,-0.401508,North,Watford General,4.85,West Middlesex,15.56,Watford General,4.85,Queen Charlottes',15.03
HA53XH,51.603784,-0.399554,North,Watford General,4.98,West Middlesex,15.4,Watford General,4.98,Queen Charlottes',14.85
HA53XJ,51.604745,-0.400127,North,Watford General,4.88,West Middlesex,15.51,Watford General,4.88,Queen Charlottes',14.95
HA53XQ,51.604123,-0.400033,North,Watford General,4.94,West Middlesex,15.45,Watford General,4.94,Queen Charlottes',14.9
HA53XT,51.609037,-0.398329,North,Watford General,4.41,West Middlesex,15.92,Watford General,4.41,Queen Charlottes',15.17
HA53XU,51.606819,-0.397902,North,Watford General,4.66,West Middlesex,15.68,Watford General,4.66,Queen Charlottes',14.98
HA53XX,51.606417,-0.398725,North,Watford General,4.7,West Middlesex,15.66,Watford General,4.7,Queen Charlottes',15.0
HA53XY,51.608912,-0.399027,North,Watford General,4.42,West Middlesex,15.93,Watford General,4.42,Queen Charlottes',15.2
HA53XZ,51.61033,-0.40019,North,Watford General,4.26,West Middlesex,16.1,Watford General,4.26,Queen Charlottes',15.36
HA53YA,51.613023,-0.400457,North,Watford General,3.96,West Middlesex,16.39,Watford General,3.96,Queen Charlottes',15.58
HA53YB,51.610118,-0.401093,North,Watford General,4.27,West Middlesex,16.1,Watford General,4.27,Queen Charlottes',15.39
HA53YD,51.612774,-0.401996,North,Watford General,3.98,West Middlesex,16.4,Watford General,3.98,Queen Charlottes',15.64
HA53YE,51.612308,-0.403472,North,Watford General,4.03,West Middlesex,16.38,Watford General,4.03,Queen Charlottes',15.68
HA53YF,51.611706,-0.402135,North,Watford General,4.09,West Middlesex,16.29,Watford General,4.09,Queen Charlottes',15.56
HA53YH,51.609257,-0.402611,North,Watford General,4.37,West Middlesex,16.04,Watford General,4.37,Queen Charlottes',15.41
HA53YJ,51.607503,-0.400564,North,Watford General,4.57,West Middlesex,15.81,Watford General,4.57,Queen Charlottes',15.17
HA53YP,51.607423,-0.401939,North,Watford General,4.57,West Middlesex,15.84,Watford General,4.57,Queen Charlottes',15.24
HA53YQ,51.604786,-0.398494,North,Watford General,4.88,West Middlesex,15.48,Watford General,4.88,Queen Charlottes',14.86
HA53YW,51.608629,-0.401377,North,Watford General,4.44,West Middlesex,15.95,Watford General,4.44,Queen Charlottes',15.3
HA53YX,51.599678,-0.395858,North,Watford General,5.46,West Middlesex,14.88,Watford General,5.46,Queen Charlottes',14.36
HA53YY,51.599443,-0.400414,North,Watford General,5.46,West Middlesex,14.97,Watford General,5.46,Queen Charlottes',14.59
HA53ZB,51.599743,-0.398021,North,Watford General,5.44,West Middlesex,14.94,Watford General,5.44,Queen Charlottes',14.48
HA53ZF,51.612279,-0.404628,North,Watford General,4.03,West Middlesex,16.41,Watford General,4.03,Queen Charlottes',15.73
HA54AA,51.614829,-0.370335,North,Watford General,4.43,Royal Free Hospital,15.73,Watford General,4.43,Queen Charlottes',14.29
HA54AB,51.61627,-0.36595,North,Watford General,4.47,Royal Free Hospital,15.53,Watford General,4.47,Queen Charlottes',14.22
HA54AD,51.614189,-0.37082,North,Watford General,4.47,Royal Free Hospital,15.73,Watford General,4.47,Queen Charlottes',14.26
HA54AE,51.614662,-0.369301,North,Watford General,4.48,Royal Free Hospital,15.66,Watford General,4.48,Queen Charlottes',14.23
HA54AF,51.615913,-0.365472,North,Watford General,4.52,Royal Free Hospital,15.48,Watford General,4.52,Queen Charlottes',14.17
HA54AG,51.617559,-0.364257,North,Watford General,4.43,Royal Free Hospital,15.49,Watford General,4.43,Queen Charlottes',14.26
HA54AH,51.618817,-0.367419,North,Watford General,4.18,Royal Free Hospital,15.75,Watford General,4.18,Queen Charlottes',14.5
HA54AL,51.619536,-0.366743,North,Watford General,4.15,Royal Free Hospital,15.75,Watford General,4.15,Queen Charlottes',14.53
HA54AN,51.616867,-0.363011,North,Watford General,4.54,Royal Free Hospital,15.38,Watford General,4.54,Queen Charlottes',14.14
HA54AP,51.614834,-0.362261,North,Watford General,4.75,Royal Free Hospital,15.23,Watford General,4.75,Queen Charlottes',13.93
HA54AQ,51.617322,-0.365306,North,Watford General,4.4,Royal Free Hospital,15.54,Watford General,4.4,Queen Charlottes',14.28
HA54AR,51.615103,-0.360937,North,Watford General,4.78,Royal Free Hospital,15.16,Watford General,4.78,Queen Charlottes',13.9
HA54AS,51.615669,-0.360887,North,Watford General,4.74,Royal Free Hospital,15.19,Watford General,4.74,Queen Charlottes',13.95
HA54AT,51.615398,-0.362081,North,Watford General,4.71,Royal Free Hospital,15.25,Watford General,4.71,Queen Charlottes',13.97
HA54AW,51.614718,-0.363001,North,Watford General,4.73,Royal Free Hospital,15.27,Watford General,4.73,Queen Charlottes',13.95
HA54AZ,51.614287,-0.361125,North,Watford General,4.85,Royal Free Hospital,15.13,Watford General,4.85,Queen Charlottes',13.84
HA54BA,51.615389,-0.364017,North,Watford General,4.63,Royal Free Hospital,15.37,Watford General,4.63,Queen Charlottes',14.06
HA54BF,51.609357,-0.373217,North,Watford General,4.86,West Middlesex,15.49,Watford General,4.86,Queen Charlottes',13.96
HA54BT,51.613334,-0.364322,North,Watford General,4.8,Royal Free Hospital,15.28,Watford General,4.8,Queen Charlottes',13.89
HA54BU,51.612891,-0.364136,North,Watford General,4.85,Royal Free Hospital,15.25,Watford General,4.85,Queen Charlottes',13.85
HA54DD,51.611339,-0.367052,North,Watford General,4.88,Royal Free Hospital,15.36,Watford General,4.88,Queen Charlottes',13.85
HA54DH,51.610862,-0.368932,North,Watford General,4.86,Royal Free Hospital,15.46,Watford General,4.86,Queen Charlottes',13.89
HA54DL,51.6136,-0.362146,North,Watford General,4.86,Royal Free Hospital,15.16,Watford General,4.86,Queen Charlottes',13.82
HA54DN,51.609357,-0.373217,North,Watford General,4.86,West Middlesex,15.49,Watford General,4.86,Queen Charlottes',13.96
HA54DW,51.609357,-0.373217,North,Watford General,4.86,West Middlesex,15.49,Watford General,4.86,Queen Charlottes',13.96
HA54EH,51.612736,-0.370497,North,Watford General,4.62,Royal Free Hospital,15.64,Watford General,4.62,Queen Charlottes',14.12
HA54EL,51.613776,-0.372814,North,Watford General,4.44,Royal Free Hospital,15.83,Watford General,4.44,Queen Charlottes',14.31
HA54EN,51.610963,-0.369101,North,Watford General,4.84,Royal Free Hospital,15.47,Watford General,4.84,Queen Charlottes',13.91
HA54EQ,51.608823,-0.372327,North,Watford General,4.94,West Middlesex,15.42,Watford General,4.94,Queen Charlottes',13.88
HA54ER,51.61182,-0.369302,North,Watford General,4.75,Royal Free Hospital,15.52,Watford General,4.75,Queen Charlottes',13.99
HA54ES,51.610958,-0.368091,North,Watford General,4.88,Royal Free Hospital,15.41,Watford General,4.88,Queen Charlottes',13.86
HA54ET,51.611479,-0.368693,North,Watford General,4.81,Royal Free Hospital,15.47,Watford General,4.81,Queen Charlottes',13.93
HA54EU,51.611104,-0.368215,North,Watford General,4.86,Royal Free Hospital,15.42,Watford General,4.86,Queen Charlottes',13.88
HA54EW,51.611118,-0.369255,North,Watford General,4.82,Royal Free Hospital,15.49,Watford General,4.82,Queen Charlottes',13.93
HA54EX,51.611788,-0.367613,North,Watford General,4.81,Royal Free Hospital,15.42,Watford General,4.81,Queen Charlottes',13.91
HA54EY,51.613093,-0.370932,North,Watford General,4.57,Royal Free Hospital,15.69,Watford General,4.57,Queen Charlottes',14.17
HA54EZ,51.612376,-0.369845,North,Watford General,4.68,Royal Free Hospital,15.58,Watford General,4.68,Queen Charlottes',14.06
HA54FG,51.608015,-0.374406,North,Watford General,4.96,West Middlesex,15.37,Watford General,4.96,Queen Charlottes',13.91
HA54FH,51.611325,-0.368569,North,Watford General,4.82,Royal Free Hospital,15.45,Watford General,4.82,Queen Charlottes',13.91
HA54GZ,51.609661,-0.371791,North,Watford General,4.88,West Middlesex,15.51,Watford General,4.88,Queen Charlottes',13.92
HA54HA,51.615045,-0.373563,North,Watford General,4.29,Royal Free Hospital,15.94,Watford General,4.29,Queen Charlottes',14.45
HA54HB,51.613651,-0.369034,North,Watford General,4.59,Royal Free Hospital,15.59,Watford General,4.59,Queen Charlottes',14.13
HA54HD,51.613365,-0.36786,North,Watford General,4.66,Royal Free Hospital,15.51,Watford General,4.66,Queen Charlottes',14.05
HA54HE,51.612561,-0.368264,North,Watford General,4.72,Royal Free Hospital,15.49,Watford General,4.72,Queen Charlottes',14.0
HA54HF,51.614226,-0.367063,North,Watford General,4.61,Royal Free Hospital,15.5,Watford General,4.61,Queen Charlottes',14.09
HA54HG,51.612248,-0.365777,North,Watford General,4.84,Royal Free Hospital,15.32,Watford General,4.84,Queen Charlottes',13.87
HA54HJ,51.610724,-0.36872,North,Watford General,4.88,Royal Free Hospital,15.44,Watford General,4.88,Queen Charlottes',13.87
HA54HL,51.613123,-0.369847,North,Watford General,4.61,Royal Free Hospital,15.62,Watford General,4.61,Queen Charlottes',14.12
HA54HP,51.607442,-0.375871,North,Watford General,4.98,West Middlesex,15.33,Watford General,4.98,Queen Charlottes',13.94
HA54HQ,51.610532,-0.368496,North,Watford General,4.9,Royal Free Hospital,15.41,Watford General,4.9,Queen Charlottes',13.84
HA54HR,51.607856,-0.374585,North,Watford General,4.97,West Middlesex,15.35,Watford General,4.97,Queen Charlottes',13.91
HA54HS,51.608243,-0.373286,North,Watford General,4.97,West Middlesex,15.37,Watford General,4.97,Queen Charlottes',13.88
HA54HW,51.609247,-0.372413,North,Watford General,4.9,West Middlesex,15.47,Watford General,4.9,Queen Charlottes',13.92
HA54HX,51.608368,-0.373888,North,Watford General,4.94,West Middlesex,15.4,Watford General,4.94,Queen Charlottes',13.92
HA54HY,51.608368,-0.373888,North,Watford General,4.94,West Middlesex,15.4,Watford General,4.94,Queen Charlottes',13.92
HA54JA,51.607467,-0.375711,North,Watford General,4.98,West Middlesex,15.33,Watford General,4.98,Queen Charlottes',13.93
HA54JB,51.607868,-0.375423,North,Watford General,4.95,West Middlesex,15.37,Watford General,4.95,Queen Charlottes',13.95
HA54JD,51.609267,-0.373856,North,Watford General,4.85,West Middlesex,15.49,Watford General,4.85,Queen Charlottes',13.99
HA54JE,51.609832,-0.369879,North,Watford General,4.92,Royal Free Hospital,15.47,Watford General,4.92,Queen Charlottes',13.85
HA54JF,51.610172,-0.370372,North,Watford General,4.87,Royal Free Hospital,15.52,Watford General,4.87,Queen Charlottes',13.9
HA54JG,51.611041,-0.371467,North,Watford General,4.75,Royal Free Hospital,15.62,Watford General,4.75,Queen Charlottes',14.02
HA54JH,51.60989,-0.371494,North,Watford General,4.86,West Middlesex,15.53,Watford General,4.86,Queen Charlottes',13.93
HA54JJ,51.610509,-0.370692,North,Watford General,4.83,Royal Free Hospital,15.55,Watford General,4.83,Queen Charlottes',13.94
HA54JL,51.609486,-0.37083,North,Watford General,4.92,West Middlesex,15.47,Watford General,4.92,Queen Charlottes',13.86
HA54JQ,51.610581,-0.371383,North,Watford General,4.8,West Middlesex,15.6,Watford General,4.8,Queen Charlottes',13.98
HA54JZ,51.609362,-0.371672,North,Watford General,4.91,West Middlesex,15.47,Watford General,4.91,Queen Charlottes',13.89
HA54LA,51.607885,-0.374743,North,Watford General,4.96,West Middlesex,15.36,Watford General,4.96,Queen Charlottes',13.92
HA54LD,51.608091,-0.374028,North,Watford General,4.96,West Middlesex,15.37,Watford General,4.96,Queen Charlottes',13.9
HA54PA,51.610125,-0.372843,North,Watford General,4.8,West Middlesex,15.57,Watford General,4.8,Queen Charlottes',14.01
HA54PB,51.610179,-0.373506,North,Watford General,4.77,West Middlesex,15.59,Watford General,4.77,Queen Charlottes',14.05
HA54PD,51.611644,-0.372125,North,Watford General,4.67,Royal Free Hospital,15.69,Watford General,4.67,Queen Charlottes',14.1
HA54PE,51.611036,-0.374371,North,Watford General,4.66,West Middlesex,15.69,Watford General,4.66,Queen Charlottes',14.16
HA54PF,51.611499,-0.377228,North,Watford General,4.53,West Middlesex,15.79,Watford General,4.53,Queen Charlottes',14.33
HA54PG,51.612091,-0.37842,North,Watford General,4.43,West Middlesex,15.87,Watford General,4.43,Queen Charlottes',14.43
HA54PH,51.609043,-0.374557,North,Watford General,4.85,West Middlesex,15.48,Watford General,4.85,Queen Charlottes',14.0
HA54PJ,51.608878,-0.375618,North,Watford General,4.84,West Middlesex,15.48,Watford General,4.84,Queen Charlottes',14.04
HA54PL,51.608408,-0.376775,North,Watford General,4.85,West Middlesex,15.45,Watford General,4.85,Queen Charlottes',14.06
HA54PP,51.609543,-0.378843,North,Watford General,4.68,West Middlesex,15.6,Watford General,4.68,Queen Charlottes',14.25
HA54PQ,51.611627,-0.376126,North,Watford General,4.55,West Middlesex,15.78,Watford General,4.55,Queen Charlottes',14.29
HA54PR,51.608079,-0.378376,North,Watford General,4.85,West Middlesex,15.44,Watford General,4.85,Queen Charlottes',14.11
HA54PS,51.608545,-0.37885,North,Watford General,4.79,West Middlesex,15.49,Watford General,4.79,Queen Charlottes',14.17
HA54PT,51.608149,-0.377579,North,Watford General,4.86,West Middlesex,15.43,Watford General,4.86,Queen Charlottes',14.07
HA54PU,51.607522,-0.377731,North,Watford General,4.92,West Middlesex,15.37,Watford General,4.92,Queen Charlottes',14.03
HA54PW,51.609851,-0.378399,North,Watford General,4.66,West Middlesex,15.63,Watford General,4.66,Queen Charlottes',14.25
HA54PX,51.608798,-0.380256,North,Watford General,4.72,West Middlesex,15.55,Watford General,4.72,Queen Charlottes',14.25
HA54PY,51.609351,-0.379962,North,Watford General,4.67,West Middlesex,15.6,Watford General,4.67,Queen Charlottes',14.28
HA54PZ,51.609681,-0.381063,North,Watford General,4.61,West Middlesex,15.65,Watford General,4.61,Queen Charlottes',14.36
HA54QE,51.613135,-0.374599,North,Watford General,4.44,West Middlesex,15.92,Watford General,4.44,Queen Charlottes',14.34
HA54QF,51.612849,-0.376674,North,Watford General,4.41,West Middlesex,15.92,Watford General,4.41,Queen Charlottes',14.41
HA54QG,51.612964,-0.377205,North,Watford General,4.38,West Middlesex,15.95,Watford General,4.38,Queen Charlottes',14.45
HA54QH,51.613278,-0.3778,North,Watford General,4.33,West Middlesex,15.99,Watford General,4.33,Queen Charlottes',14.5
HA54QJ,51.613376,-0.37836,North,Watford General,4.31,West Middlesex,16.01,Watford General,4.31,Queen Charlottes',14.53
HA54QL,51.614598,-0.377652,North,Watford General,4.2,West Middlesex,16.13,Watford General,4.2,Queen Charlottes',14.6
HA54QN,51.613748,-0.374692,North,Watford General,4.38,Royal Free Hospital,15.95,Watford General,4.38,Queen Charlottes',14.39
HA54QP,51.615084,-0.376378,North,Watford General,4.2,Royal Free Hospital,16.12,Watford General,4.2,Queen Charlottes',14.58
HA54QQ,51.613993,-0.376821,North,Watford General,4.29,West Middlesex,16.05,Watford General,4.29,Queen Charlottes',14.51
HA54QR,51.607489,-0.375364,North,Watford General,4.99,West Middlesex,15.32,Watford General,4.99,Queen Charlottes',13.91
HA54QW,51.612133,-0.374302,North,Watford General,4.55,West Middlesex,15.81,Watford General,4.55,Queen Charlottes',14.24
HA54QY,51.607489,-0.375364,North,Watford General,4.99,West Middlesex,15.32,Watford General,4.99,Queen Charlottes',13.91
HA54RF,51.607909,-0.376432,North,Watford General,4.91,West Middlesex,15.39,Watford General,4.91,Queen Charlottes',14.0
HA54RG,51.606894,-0.377219,North,Watford General,5.0,West Middlesex,15.29,Watford General,5.0,Queen Charlottes',13.96
HA54RH,51.606742,-0.380546,North,Watford General,4.93,West Middlesex,15.33,Watford General,4.93,Queen Charlottes',14.11
HA54RJ,51.607537,-0.380128,North,Watford General,4.86,West Middlesex,15.41,Watford General,4.86,Queen Charlottes',14.15
HA54RL,51.607844,-0.382818,North,Watford General,4.76,West Middlesex,15.49,Watford General,4.76,Queen Charlottes',14.3
HA54RN,51.606992,-0.387541,North,Watford General,4.76,West Middlesex,15.48,Watford General,4.76,Queen Charlottes',14.47
HA54RP,51.608704,-0.387798,North,Watford General,4.57,West Middlesex,15.67,Watford General,4.57,Queen Charlottes',14.62
HA54RQ,51.606553,-0.378531,North,Watford General,5.0,West Middlesex,15.27,Watford General,5.0,Queen Charlottes',13.99
HA54RR,51.607663,-0.386637,North,Watford General,4.71,West Middlesex,15.54,Watford General,4.71,Queen Charlottes',14.48
HA54RS,51.608103,-0.384643,North,Watford General,4.7,West Middlesex,15.55,Watford General,4.7,Queen Charlottes',14.41
HA54RT,51.609288,-0.383835,North,Watford General,4.59,West Middlesex,15.66,Watford General,4.59,Queen Charlottes',14.47
HA54RU,51.608207,-0.383094,North,Watford General,4.72,West Middlesex,15.53,Watford General,4.72,Queen Charlottes',14.35
HA54RW,51.607217,-0.388241,North,Watford General,4.73,West Middlesex,15.52,Watford General,4.73,Queen Charlottes',14.52
HA54RX,51.608175,-0.381362,North,Watford General,4.76,West Middlesex,15.5,Watford General,4.76,Queen Charlottes',14.26
HA54RY,51.606683,-0.378209,North,Watford General,4.99,West Middlesex,15.28,Watford General,4.99,Queen Charlottes',13.99
HA54RZ,51.607027,-0.379655,North,Watford General,4.92,West Middlesex,15.34,Watford General,4.92,Queen Charlottes',14.08
HA54SA,51.608602,-0.381722,North,Watford General,4.71,West Middlesex,15.55,Watford General,4.71,Queen Charlottes',14.31
HA54SE,51.60776,-0.376105,North,Watford General,4.94,West Middlesex,15.36,Watford General,4.94,Queen Charlottes',13.97
HA54SF,51.607192,-0.376645,North,Watford General,4.98,West Middlesex,15.31,Watford General,4.98,Queen Charlottes',13.95
HA54SG,51.604657,-0.382527,North,Watford General,5.11,West Middlesex,15.14,Watford General,5.11,Queen Charlottes',14.04
HA54SH,51.607345,-0.381853,North,Watford General,4.84,West Middlesex,15.42,Watford General,4.84,Queen Charlottes',14.22
HA54SJ,51.606163,-0.381563,North,Watford General,4.97,West Middlesex,15.28,Watford General,4.97,Queen Charlottes',14.11
HA54SL,51.605494,-0.380013,North,Watford General,5.07,West Middlesex,15.19,Watford General,5.07,Queen Charlottes',13.98
HA54SQ,51.606173,-0.382256,North,Watford General,4.95,West Middlesex,15.3,Watford General,4.95,Queen Charlottes',14.15
HA54TD,51.609348,-0.373218,North,Watford General,4.86,West Middlesex,15.49,Watford General,4.86,Queen Charlottes',13.96
HA54TE,51.604014,-0.384152,North,Watford General,5.14,West Middlesex,15.1,Watford General,5.14,Queen Charlottes',14.07
HA54TG,51.605009,-0.383929,North,Watford General,5.04,West Middlesex,15.2,Watford General,5.04,Queen Charlottes',14.14
HA54TJ,51.606146,-0.382907,North,Watford General,4.94,West Middlesex,15.31,Watford General,4.94,Queen Charlottes',14.18
HA54TL,51.605069,-0.385068,North,Watford General,5.01,West Middlesex,15.23,Watford General,5.01,Queen Charlottes',14.2
HA54TN,51.604534,-0.385405,North,Watford General,5.07,West Middlesex,15.18,Watford General,5.07,Queen Charlottes',14.18
HA54TP,51.605075,-0.386801,North,Watford General,4.98,West Middlesex,15.27,Watford General,4.98,Queen Charlottes',14.29
HA54TQ,51.605561,-0.383534,North,Watford General,4.99,West Middlesex,15.26,Watford General,4.99,Queen Charlottes',14.16
HA54TR,51.605743,-0.3863,North,Watford General,4.92,West Middlesex,15.33,Watford General,4.92,Queen Charlottes',14.31
HA54TS,51.605873,-0.387928,North,Watford General,4.88,West Middlesex,15.37,Watford General,4.88,Queen Charlottes',14.4
HA54TT,51.60639,-0.387577,North,Watford General,4.83,West Middlesex,15.42,Watford General,4.83,Queen Charlottes',14.43
HA54TU,51.605891,-0.389862,North,Watford General,4.85,West Middlesex,15.41,Watford General,4.85,Queen Charlottes',14.5
HA54TW,51.60438,-0.385973,North,Watford General,5.07,West Middlesex,15.18,Watford General,5.07,Queen Charlottes',14.19
HA54TX,51.60713,-0.385847,North,Watford General,4.78,West Middlesex,15.47,Watford General,4.78,Queen Charlottes',14.4
HA54TY,51.608508,-0.385986,North,Watford General,4.63,West Middlesex,15.62,Watford General,4.63,Queen Charlottes',14.51
HA54TZ,51.609436,-0.385462,North,Watford General,4.54,West Middlesex,15.71,Watford General,4.54,Queen Charlottes',14.56
HA54UA,51.612576,-0.387546,North,Watford General,4.16,West Middlesex,16.08,Watford General,4.16,Queen Charlottes',14.91
HA54UB,51.607265,-0.383864,North,Watford General,4.8,West Middlesex,15.44,Watford General,4.8,Queen Charlottes',14.31
HA54UD,51.606861,-0.383907,North,Watford General,4.85,West Middlesex,15.4,Watford General,4.85,Queen Charlottes',14.28
HA54UL,51.609357,-0.373217,North,Watford General,4.86,West Middlesex,15.49,Watford General,4.86,Queen Charlottes',13.96
HA54UN,51.609357,-0.373217,North,Watford General,4.86,West Middlesex,15.49,Watford General,4.86,Queen Charlottes',13.96
HA54UR,51.613701,-0.370664,North,Watford General,4.52,Royal Free Hospital,15.7,Watford General,4.52,Queen Charlottes',14.21
HA54UW,51.609357,-0.373217,North,Watford General,4.86,West Middlesex,15.49,Watford General,4.86,Queen Charlottes',13.96
HA54UZ,51.609348,-0.373218,North,Watford General,4.86,West Middlesex,15.49,Watford General,4.86,Queen Charlottes',13.96
HA54XA,51.609357,-0.373217,North,Watford General,4.86,West Middlesex,15.49,Watford General,4.86,Queen Charlottes',13.96
HA54XB,51.609357,-0.373217,North,Watford General,4.86,West Middlesex,15.49,Watford General,4.86,Queen Charlottes',13.96
HA54XD,51.609357,-0.373217,North,Watford General,4.86,West Middlesex,15.49,Watford General,4.86,Queen Charlottes',13.96
HA54XF,51.611943,-0.372316,North,Watford General,4.64,Royal Free Hospital,15.72,Watford General,4.64,Queen Charlottes',14.14
HA54XH,51.609357,-0.373217,North,Watford General,4.86,West Middlesex,15.49,Watford General,4.86,Queen Charlottes',13.96
HA54XJ,51.609348,-0.373218,North,Watford General,4.86,West Middlesex,15.49,Watford General,4.86,Queen Charlottes',13.96
HA54XL,51.609357,-0.373217,North,Watford General,4.86,West Middlesex,15.49,Watford General,4.86,Queen Charlottes',13.96
HA54XP,51.609357,-0.373217,North,Watford General,4.86,West Middlesex,15.49,Watford General,4.86,Queen Charlottes',13.96
HA54XQ,51.609357,-0.373217,North,Watford General,4.86,West Middlesex,15.49,Watford General,4.86,Queen Charlottes',13.96
HA54XW,51.609348,-0.373218,North,Watford General,4.86,West Middlesex,15.49,Watford General,4.86,Queen Charlottes',13.96
HA54YA,51.609357,-0.373217,North,Watford General,4.86,West Middlesex,15.49,Watford General,4.86,Queen Charlottes',13.96
HA54YD,51.609357,-0.373217,North,Watford General,4.86,West Middlesex,15.49,Watford General,4.86,Queen Charlottes',13.96
HA54YF,51.609357,-0.373217,North,Watford General,4.86,West Middlesex,15.49,Watford General,4.86,Queen Charlottes',13.96
HA54YG,51.609357,-0.373217,North,Watford General,4.86,West Middlesex,15.49,Watford General,4.86,Queen Charlottes',13.96
HA54YJ,51.609357,-0.373217,North,Watford General,4.86,West Middlesex,15.49,Watford General,4.86,Queen Charlottes',13.96
HA54YQ,51.609357,-0.373217,North,Watford General,4.86,West Middlesex,15.49,Watford General,4.86,Queen Charlottes',13.96
HA54YS,51.609357,-0.373217,North,Watford General,4.86,West Middlesex,15.49,Watford General,4.86,Queen Charlottes',13.96
HA54YU,51.609357,-0.373217,North,Watford General,4.86,West Middlesex,15.49,Watford General,4.86,Queen Charlottes',13.96
HA54YW,51.609357,-0.373217,North,Watford General,4.86,West Middlesex,15.49,Watford General,4.86,Queen Charlottes',13.96
HA54YX,51.609357,-0.373217,North,Watford General,4.86,West Middlesex,15.49,Watford General,4.86,Queen Charlottes',13.96
HA54YY,51.609357,-0.373217,North,Watford General,4.86,West Middlesex,15.49,Watford General,4.86,Queen Charlottes',13.96
HA54YZ,51.609357,-0.373217,North,Watford General,4.86,West Middlesex,15.49,Watford General,4.86,Queen Charlottes',13.96
HA61AA,51.611578,-0.423327,North,Watford General,4.3,West Middlesex,16.82,Watford General,4.3,Queen Charlottes',16.66
HA61AB,51.611564,-0.422923,North,Watford General,4.3,West Middlesex,16.8,Watford General,4.3,Queen Charlottes',16.64
HA61AD,51.611536,-0.422838,North,Watford General,4.3,West Middlesex,16.8,Watford General,4.3,Queen Charlottes',16.63
HA61AE,51.611425,-0.417281,North,Watford General,4.21,West Middlesex,16.63,Watford General,4.21,Queen Charlottes',16.33
HA61AF,51.611768,-0.421385,North,Watford General,4.25,West Middlesex,16.78,Watford General,4.25,Queen Charlottes',16.57
HA61AG,51.611874,-0.419909,North,Watford General,4.21,West Middlesex,16.75,Watford General,4.21,Queen Charlottes',16.5
HA61AH,51.611967,-0.41745,North,Watford General,4.16,West Middlesex,16.69,Watford General,4.16,Queen Charlottes',16.38
HA61AJ,51.61123,-0.421491,North,Watford General,4.31,West Middlesex,16.73,Watford General,4.31,Queen Charlottes',16.54
HA61AL,51.610979,-0.418871,North,Watford General,4.29,West Middlesex,16.63,Watford General,4.29,Queen Charlottes',16.38
HA61AN,51.610089,-0.415566,North,Watford General,4.34,West Middlesex,16.45,Watford General,4.34,Queen Charlottes',16.14
HA61AP,51.610515,-0.415118,North,Watford General,4.29,West Middlesex,16.48,Watford General,4.29,Queen Charlottes',16.15
HA61AQ,51.611901,-0.418593,North,Watford General,4.18,West Middlesex,16.72,Watford General,4.18,Queen Charlottes',16.43
HA61AR,51.609266,-0.415219,North,Watford General,4.42,West Middlesex,16.36,Watford General,4.42,Queen Charlottes',16.07
HA61AS,51.609312,-0.414582,North,Watford General,4.41,West Middlesex,16.35,Watford General,4.41,Queen Charlottes',16.04
HA61AT,51.609273,-0.412359,North,Watford General,4.39,West Middlesex,16.28,Watford General,4.39,Queen Charlottes',15.92
HA61AU,51.609515,-0.411672,North,Watford General,4.36,West Middlesex,16.29,Watford General,4.36,Queen Charlottes',15.9
HA61AW,51.610799,-0.417563,North,Watford General,4.29,West Middlesex,16.58,Watford General,4.29,Queen Charlottes',16.3
HA61AX,51.604498,-0.413739,North,Watford General,4.93,West Middlesex,15.83,Watford General,4.93,Queen Charlottes',15.66
HA61AY,51.603661,-0.415645,North,Watford General,5.04,West Middlesex,15.8,Watford General,5.04,Queen Charlottes',15.7
HA61AZ,51.609807,-0.415344,North,Watford General,4.37,West Middlesex,16.42,Watford General,4.37,Queen Charlottes',16.11
HA61BA,51.609377,-0.422104,North,Watford General,4.51,West Middlesex,16.56,Watford General,4.51,Queen Charlottes',16.44
HA61BB,51.603661,-0.415645,North,Watford General,5.04,West Middlesex,15.8,Watford General,5.04,Queen Charlottes',15.7
HA61BD,51.60448,-0.413739,North,Watford General,4.94,West Middlesex,15.83,Watford General,4.94,Queen Charlottes',15.65
HA61BE,51.610235,-0.420399,North,Watford General,4.39,West Middlesex,16.6,Watford General,4.39,Queen Charlottes',16.41
HA61BF,51.604498,-0.413739,North,Watford General,4.93,West Middlesex,15.83,Watford General,4.93,Queen Charlottes',15.66
HA61BG,51.609686,-0.417674,North,Watford General,4.41,West Middlesex,16.47,Watford General,4.41,Queen Charlottes',16.23
HA61BH,51.608914,-0.416473,North,Watford General,4.48,West Middlesex,16.36,Watford General,4.48,Queen Charlottes',16.11
HA61BJ,51.607788,-0.415602,North,Watford General,4.59,West Middlesex,16.22,Watford General,4.59,Queen Charlottes',15.98
HA61BL,51.606959,-0.416166,North,Watford General,4.69,West Middlesex,16.15,Watford General,4.69,Queen Charlottes',15.96
HA61BN,51.605854,-0.416897,North,Watford General,4.82,West Middlesex,16.05,Watford General,4.82,Queen Charlottes',15.92
HA61BP,51.60481,-0.416833,North,Watford General,4.93,West Middlesex,15.95,Watford General,4.93,Queen Charlottes',15.84
HA61BQ,51.609594,-0.418832,North,Watford General,4.44,West Middlesex,16.49,Watford General,4.44,Queen Charlottes',16.28
HA61BS,51.604571,-0.415844,North,Watford General,4.95,West Middlesex,15.89,Watford General,4.95,Queen Charlottes',15.77
HA61BT,51.603955,-0.413483,North,Watford General,4.99,West Middlesex,15.77,Watford General,4.99,Queen Charlottes',15.6
HA61BU,51.603156,-0.410262,North,Watford General,5.06,West Middlesex,15.6,Watford General,5.06,Queen Charlottes',15.37
HA61BW,51.60277,-0.411633,North,Watford General,5.11,West Middlesex,15.6,Watford General,5.11,Queen Charlottes',15.42
HA61BX,51.604225,-0.416145,North,Watford General,4.99,West Middlesex,15.87,Watford General,4.99,Queen Charlottes',15.77
HA61BY,51.6026,-0.410339,North,Watford General,5.12,West Middlesex,15.54,Watford General,5.12,Queen Charlottes',15.34
HA61BZ,51.602933,-0.409071,North,Watford General,5.08,West Middlesex,15.55,Watford General,5.08,Queen Charlottes',15.29
HA61DA,51.602738,-0.410609,North,Watford General,5.11,West Middlesex,15.57,Watford General,5.11,Queen Charlottes',15.36
HA61DB,51.603598,-0.41364,North,Watford General,5.03,West Middlesex,15.73,Watford General,5.03,Queen Charlottes',15.59
HA61DD,51.602271,-0.408618,North,Watford General,5.15,West Middlesex,15.47,Watford General,5.15,Queen Charlottes',15.22
HA61DE,51.602966,-0.412131,North,Watford General,5.09,West Middlesex,15.63,Watford General,5.09,Queen Charlottes',15.46
HA61DF,51.603661,-0.415645,North,Watford General,5.04,West Middlesex,15.8,Watford General,5.04,Queen Charlottes',15.7
HA61DG,51.602556,-0.412435,North,Watford General,5.14,West Middlesex,15.6,Watford General,5.14,Queen Charlottes',15.45
HA61DH,51.603402,-0.415163,North,Watford General,5.07,West Middlesex,15.76,Watford General,5.07,Queen Charlottes',15.66
HA61DJ,51.606559,-0.417869,North,Watford General,4.75,West Middlesex,16.15,Watford General,4.75,Queen Charlottes',16.02
HA61DL,51.604225,-0.416145,North,Watford General,4.99,West Middlesex,15.87,Watford General,4.99,Queen Charlottes',15.77
HA61DN,51.610706,-0.422635,North,Watford General,4.38,West Middlesex,16.71,Watford General,4.38,Queen Charlottes',16.57
HA61DP,51.609699,-0.421963,North,Watford General,4.48,West Middlesex,16.59,Watford General,4.48,Queen Charlottes',16.46
HA61DQ,51.603157,-0.414334,North,Watford General,5.09,West Middlesex,15.71,Watford General,5.09,Queen Charlottes',15.6
HA61DR,51.610465,-0.421431,North,Watford General,4.39,West Middlesex,16.65,Watford General,4.39,Queen Charlottes',16.48
HA61DS,51.608173,-0.420846,North,Watford General,4.62,West Middlesex,16.4,Watford General,4.62,Queen Charlottes',16.29
HA61DT,51.609252,-0.420852,North,Watford General,4.51,West Middlesex,16.51,Watford General,4.51,Queen Charlottes',16.37
HA61DU,51.606227,-0.419224,North,Watford General,4.81,West Middlesex,16.16,Watford General,4.81,Queen Charlottes',16.07
HA61DW,51.610129,-0.421861,North,Watford General,4.43,West Middlesex,16.63,Watford General,4.43,Queen Charlottes',16.48
HA61DX,51.608237,-0.420252,North,Watford General,4.61,West Middlesex,16.39,Watford General,4.61,Queen Charlottes',16.27
HA61DY,51.60722,-0.419507,North,Watford General,4.7,West Middlesex,16.27,Watford General,4.7,Queen Charlottes',16.16
HA61DZ,51.606318,-0.418672,North,Watford General,4.79,West Middlesex,16.15,Watford General,4.79,Queen Charlottes',16.05
HA61EA,51.60448,-0.413739,North,Watford General,4.94,West Middlesex,15.83,Watford General,4.94,Queen Charlottes',15.65
HA61EB,51.606529,-0.416946,North,Watford General,4.74,West Middlesex,16.12,Watford General,4.74,Queen Charlottes',15.97
HA61ED,51.608125,-0.415923,North,Watford General,4.56,West Middlesex,16.26,Watford General,4.56,Queen Charlottes',16.03
HA61EE,51.607709,-0.417771,North,Watford General,4.63,West Middlesex,16.27,Watford General,4.63,Queen Charlottes',16.1
HA61EF,51.608653,-0.417739,North,Watford General,4.52,West Middlesex,16.36,Watford General,4.52,Queen Charlottes',16.16
HA61EG,51.607466,-0.418444,North,Watford General,4.66,West Middlesex,16.26,Watford General,4.66,Queen Charlottes',16.11
HA61EH,51.608372,-0.418947,North,Watford General,4.57,West Middlesex,16.37,Watford General,4.57,Queen Charlottes',16.2
HA61EJ,51.610545,-0.419391,North,Watford General,4.34,West Middlesex,16.6,Watford General,4.34,Queen Charlottes',16.38
HA61EL,51.610906,-0.420794,North,Watford General,4.33,West Middlesex,16.68,Watford General,4.33,Queen Charlottes',16.48
HA61EN,51.607741,-0.418853,North,Watford General,4.64,West Middlesex,16.3,Watford General,4.64,Queen Charlottes',16.16
HA61EP,51.609655,-0.416722,North,Watford General,4.4,West Middlesex,16.44,Watford General,4.4,Queen Charlottes',16.18
HA61EQ,51.60879,-0.419236,North,Watford General,4.53,West Middlesex,16.42,Watford General,4.53,Queen Charlottes',16.25
HA61ER,51.610079,-0.416115,North,Watford General,4.35,West Middlesex,16.47,Watford General,4.35,Queen Charlottes',16.17
HA61ES,51.606944,-0.420441,North,Watford General,4.75,West Middlesex,16.26,Watford General,4.75,Queen Charlottes',16.19
HA61ET,51.606657,-0.421837,North,Watford General,4.8,West Middlesex,16.27,Watford General,4.8,Queen Charlottes',16.24
HA61EU,51.6062,-0.421896,North,Watford General,4.85,West Middlesex,16.23,Watford General,4.85,Queen Charlottes',16.22
HA61EW,51.610563,-0.418062,North,Watford General,4.32,West Middlesex,16.57,Watford General,4.32,Queen Charlottes',16.31
HA61EX,51.60711,-0.422081,North,Watford General,4.76,West Middlesex,16.33,Watford General,4.76,Queen Charlottes',16.29
HA61EY,51.606521,-0.423084,North,Watford General,4.84,West Middlesex,16.3,Watford General,4.84,Queen Charlottes',16.3
HA61EZ,51.605383,-0.424033,North,Watford General,4.98,West Middlesex,16.21,Watford General,4.98,Queen Charlottes',16.28
HA61FA,51.60703,-0.415441,North,Watford General,4.67,West Middlesex,16.13,Watford General,4.67,Queen Charlottes',15.92
HA61FB,51.600629,-0.408935,North,Watford General,5.33,West Middlesex,15.3,Watford General,5.33,Queen Charlottes',15.13
HA61FD,51.602311,-0.410263,North,Watford General,5.15,West Middlesex,15.51,Watford General,5.15,Queen Charlottes',15.32
HA61HA,51.605629,-0.420255,North,Watford General,4.89,West Middlesex,16.12,Watford General,4.89,Queen Charlottes',16.09
HA61HB,51.605495,-0.421025,North,Watford General,4.91,West Middlesex,16.13,Watford General,4.91,Queen Charlottes',16.12
HA61HD,51.604391,-0.4218,North,Watford General,5.05,West Middlesex,16.04,Watford General,5.05,Queen Charlottes',16.09
HA61HE,51.60424,-0.416578,North,Watford General,4.99,West Middlesex,15.88,Watford General,4.99,Queen Charlottes',15.79
HA61HF,51.605272,-0.42047,North,Watford General,4.93,West Middlesex,16.09,Watford General,4.93,Queen Charlottes',16.07
HA61HG,51.605004,-0.419223,North,Watford General,4.94,West Middlesex,16.03,Watford General,4.94,Queen Charlottes',15.99
HA61HH,51.603622,-0.419444,North,Watford General,5.09,West Middlesex,15.9,Watford General,5.09,Queen Charlottes',15.91
HA61HJ,51.60346,-0.4201,North,Watford General,5.12,West Middlesex,15.9,Watford General,5.12,Queen Charlottes',15.93
HA61HL,51.603934,-0.419939,North,Watford General,5.07,West Middlesex,15.94,Watford General,5.07,Queen Charlottes',15.96
HA61HN,51.601566,-0.422418,North,Watford General,5.36,West Middlesex,15.78,Watford General,5.36,Queen Charlottes',15.94
HA61HP,51.603464,-0.421775,North,Watford General,5.15,West Middlesex,15.95,Watford General,5.15,Queen Charlottes',16.02
HA61HQ,51.604476,-0.420079,North,Watford General,5.01,West Middlesex,16.0,Watford General,5.01,Queen Charlottes',16.0
HA61HR,51.602962,-0.418529,North,Watford General,5.15,West Middlesex,15.81,Watford General,5.15,Queen Charlottes',15.81
HA61HS,51.604138,-0.418401,North,Watford General,5.02,West Middlesex,15.92,Watford General,5.02,Queen Charlottes',15.88
HA61HT,51.603178,-0.419185,North,Watford General,5.14,West Middlesex,15.85,Watford General,5.14,Queen Charlottes',15.86
HA61HU,51.601804,-0.418684,North,Watford General,5.28,West Middlesex,15.69,Watford General,5.28,Queen Charlottes',15.74
HA61HW,51.602882,-0.421246,North,Watford General,5.2,West Middlesex,15.88,Watford General,5.2,Queen Charlottes',15.96
HA61HX,51.601583,-0.420988,North,Watford General,5.34,West Middlesex,15.74,Watford General,5.34,Queen Charlottes',15.86
HA61HY,51.601984,-0.421407,North,Watford General,5.3,West Middlesex,15.79,Watford General,5.3,Queen Charlottes',15.91
HA61HZ,51.601828,-0.421774,North,Watford General,5.32,West Middlesex,15.78,Watford General,5.32,Queen Charlottes',15.92
HA61JA,51.603661,-0.415645,North,Watford General,5.04,West Middlesex,15.8,Watford General,5.04,Queen Charlottes',15.7
HA61JB,51.596357,-0.416188,North,Watford General,5.85,West Middlesex,15.07,Watford General,5.85,Queen Charlottes',15.25
HA61JE,51.597028,-0.41192,North,Watford General,5.75,West Middlesex,15.02,Watford General,5.75,Queen Charlottes',15.05
HA61JF,51.597523,-0.412653,North,Watford General,5.7,West Middlesex,15.09,Watford General,5.7,Queen Charlottes',15.13
HA61JG,51.597367,-0.413063,North,Watford General,5.72,West Middlesex,15.08,Watford General,5.72,Queen Charlottes',15.14
HA61JH,51.598419,-0.41242,North,Watford General,5.59,West Middlesex,15.17,Watford General,5.59,Queen Charlottes',15.17
HA61JJ,51.599192,-0.412335,North,Watford General,5.51,West Middlesex,15.25,Watford General,5.51,Queen Charlottes',15.22
HA61JL,51.599867,-0.411099,North,Watford General,5.43,West Middlesex,15.28,Watford General,5.43,Queen Charlottes',15.2
HA61JN,51.600371,-0.410475,North,Watford General,5.37,West Middlesex,15.32,Watford General,5.37,Queen Charlottes',15.2
HA61JP,51.600197,-0.412228,North,Watford General,5.4,West Middlesex,15.35,Watford General,5.4,Queen Charlottes',15.28
HA61JQ,51.598038,-0.413459,North,Watford General,5.64,West Middlesex,15.16,Watford General,5.64,Queen Charlottes',15.2
HA61JR,51.598893,-0.413501,North,Watford General,5.55,West Middlesex,15.25,Watford General,5.55,Queen Charlottes',15.26
HA61JS,51.597979,-0.414428,North,Watford General,5.66,West Middlesex,15.18,Watford General,5.66,Queen Charlottes',15.25
HA61JT,51.600793,-0.412381,North,Watford General,5.33,West Middlesex,15.41,Watford General,5.33,Queen Charlottes',15.33
HA61JU,51.599062,-0.414044,North,Watford General,5.54,West Middlesex,15.28,Watford General,5.54,Queen Charlottes',15.3
HA61JW,51.600408,-0.411152,North,Watford General,5.37,West Middlesex,15.34,Watford General,5.37,Queen Charlottes',15.23
HA61JX,51.597061,-0.413695,North,Watford General,5.75,West Middlesex,15.07,Watford General,5.75,Queen Charlottes',15.15
HA61JY,51.597418,-0.414866,North,Watford General,5.72,West Middlesex,15.14,Watford General,5.72,Queen Charlottes',15.24
HA61JZ,51.597851,-0.416916,North,Watford General,5.7,West Middlesex,15.24,Watford General,5.7,Queen Charlottes',15.39
HA61LA,51.597194,-0.416881,North,Watford General,5.77,West Middlesex,15.17,Watford General,5.77,Queen Charlottes',15.34
HA61LB,51.596619,-0.415602,North,Watford General,5.82,West Middlesex,15.08,Watford General,5.82,Queen Charlottes',15.23
HA61LD,51.596918,-0.415143,North,Watford General,5.78,West Middlesex,15.1,Watford General,5.78,Queen Charlottes',15.23
HA61LF,51.598096,-0.411796,North,Watford General,5.63,West Middlesex,15.12,Watford General,5.63,Queen Charlottes',15.12
HA61LG,51.598976,-0.410321,North,Watford General,5.52,West Middlesex,15.17,Watford General,5.52,Queen Charlottes',15.09
HA61LJ,51.599488,-0.407676,North,Watford General,5.45,West Middlesex,15.15,Watford General,5.45,Queen Charlottes',14.98
HA61LL,51.599531,-0.410201,North,Watford General,5.46,West Middlesex,15.23,Watford General,5.46,Queen Charlottes',15.12
HA61LN,51.598976,-0.410321,North,Watford General,5.52,West Middlesex,15.17,Watford General,5.52,Queen Charlottes',15.09
HA61LP,51.599978,-0.409348,North,Watford General,5.41,West Middlesex,15.25,Watford General,5.41,Queen Charlottes',15.11
HA61LQ,51.598976,-0.410321,North,Watford General,5.52,West Middlesex,15.17,Watford General,5.52,Queen Charlottes',15.09
HA61LR,51.599628,-0.408017,North,Watford General,5.44,West Middlesex,15.18,Watford General,5.44,Queen Charlottes',15.01
HA61LS,51.599628,-0.408017,North,Watford General,5.44,West Middlesex,15.18,Watford General,5.44,Queen Charlottes',15.01
HA61LT,51.59967,-0.408507,North,Watford General,5.44,West Middlesex,15.2,Watford General,5.44,Queen Charlottes',15.04
HA61LU,51.599665,-0.40946,North,Watford General,5.44,West Middlesex,15.22,Watford General,5.44,Queen Charlottes',15.09
HA61LW,51.59989,-0.409452,North,Watford General,5.42,West Middlesex,15.24,Watford General,5.42,Queen Charlottes',15.11
HA61LX,51.599339,-0.411291,North,Watford General,5.49,West Middlesex,15.24,Watford General,5.49,Queen Charlottes',15.17
HA61LY,51.598051,-0.411133,North,Watford General,5.63,West Middlesex,15.1,Watford General,5.63,Queen Charlottes',15.08
HA61LZ,51.598175,-0.411634,North,Watford General,5.62,West Middlesex,15.13,Watford General,5.62,Queen Charlottes',15.11
HA61NA,51.596642,-0.411356,North,Watford General,5.79,West Middlesex,14.96,Watford General,5.79,Queen Charlottes',15.0
HA61NB,51.596397,-0.412476,North,Watford General,5.82,West Middlesex,14.97,Watford General,5.82,Queen Charlottes',15.04
HA61ND,51.596073,-0.412473,North,Watford General,5.85,West Middlesex,14.94,Watford General,5.85,Queen Charlottes',15.02
HA61NE,51.596163,-0.413841,North,Watford General,5.85,West Middlesex,14.98,Watford General,5.85,Queen Charlottes',15.1
HA61NF,51.595735,-0.41478,North,Watford General,5.91,West Middlesex,14.97,Watford General,5.91,Queen Charlottes',15.13
HA61NG,51.59525,-0.41549,North,Watford General,5.97,West Middlesex,14.94,Watford General,5.97,Queen Charlottes',15.14
HA61NH,51.596265,-0.416004,North,Watford General,5.86,West Middlesex,15.06,Watford General,5.86,Queen Charlottes',15.23
HA61NJ,51.596083,-0.416559,North,Watford General,5.89,West Middlesex,15.05,Watford General,5.89,Queen Charlottes',15.25
HA61NL,51.597163,-0.410587,North,Watford General,5.72,West Middlesex,14.99,Watford General,5.72,Queen Charlottes',14.99
HA61NP,51.598411,-0.410457,North,Watford General,5.58,West Middlesex,15.12,Watford General,5.58,Queen Charlottes',15.06
HA61NQ,51.600805,-0.40929,North,Watford General,5.31,West Middlesex,15.33,Watford General,5.31,Queen Charlottes',15.16
HA61NR,51.59452,-0.413365,North,Watford General,6.03,West Middlesex,14.8,Watford General,6.03,Queen Charlottes',14.97
HA61NS,51.599388,-0.410249,North,Watford General,5.47,West Middlesex,15.21,Watford General,5.47,Queen Charlottes',15.12
HA61NT,51.600773,-0.410259,North,Watford General,5.32,West Middlesex,15.35,Watford General,5.32,Queen Charlottes',15.21
HA61NU,51.601971,-0.409047,North,Watford General,5.18,West Middlesex,15.45,Watford General,5.18,Queen Charlottes',15.23
HA61NW,51.599998,-0.410112,North,Watford General,5.41,West Middlesex,15.27,Watford General,5.41,Queen Charlottes',15.15
HA61NX,51.602278,-0.408473,North,Watford General,5.15,West Middlesex,15.46,Watford General,5.15,Queen Charlottes',15.22
HA61NY,51.601391,-0.409371,North,Watford General,5.25,West Middlesex,15.39,Watford General,5.25,Queen Charlottes',15.2
HA61NZ,51.601101,-0.409236,North,Watford General,5.28,West Middlesex,15.36,Watford General,5.28,Queen Charlottes',15.18
HA61PA,51.60137,-0.409805,North,Watford General,5.25,West Middlesex,15.4,Watford General,5.25,Queen Charlottes',15.23
HA61PB,51.601186,-0.410186,North,Watford General,5.28,West Middlesex,15.4,Watford General,5.28,Queen Charlottes',15.23
HA61PD,51.601876,-0.410682,North,Watford General,5.2,West Middlesex,15.48,Watford General,5.2,Queen Charlottes',15.31
HA61PE,51.602322,-0.411085,North,Watford General,5.15,West Middlesex,15.54,Watford General,5.15,Queen Charlottes',15.36
HA61PF,51.602276,-0.409643,North,Watford General,5.15,West Middlesex,15.49,Watford General,5.15,Queen Charlottes',15.28
HA61PG,51.601971,-0.409047,North,Watford General,5.18,West Middlesex,15.45,Watford General,5.18,Queen Charlottes',15.23
HA61PH,51.60022,-0.407939,North,Watford General,5.37,West Middlesex,15.24,Watford General,5.37,Queen Charlottes',15.05
HA61PJ,51.600247,-0.405974,North,Watford General,5.37,West Middlesex,15.19,Watford General,5.37,Queen Charlottes',14.94
HA61PL,51.600675,-0.406306,North,Watford General,5.32,West Middlesex,15.24,Watford General,5.32,Queen Charlottes',14.99
HA61PN,51.600962,-0.407624,North,Watford General,5.29,West Middlesex,15.31,Watford General,5.29,Queen Charlottes',15.08
HA61PP,51.601513,-0.409785,North,Watford General,5.24,West Middlesex,15.42,Watford General,5.24,Queen Charlottes',15.24
HA61PQ,51.601197,-0.409045,North,Watford General,5.27,West Middlesex,15.37,Watford General,5.27,Queen Charlottes',15.17
HA61PS,51.602885,-0.413492,North,Watford General,5.11,West Middlesex,15.66,Watford General,5.11,Queen Charlottes',15.53
HA61PU,51.608863,-0.409976,North,Watford General,4.42,West Middlesex,16.18,Watford General,4.42,Queen Charlottes',15.76
HA61PW,51.601321,-0.407568,North,Watford General,5.25,West Middlesex,15.34,Watford General,5.25,Queen Charlottes',15.1
HA61PY,51.608839,-0.407579,North,Watford General,4.41,West Middlesex,16.12,Watford General,4.41,Queen Charlottes',15.63
HA61PZ,51.607594,-0.403984,North,Watford General,4.55,West Middlesex,15.9,Watford General,4.55,Queen Charlottes',15.36
HA61QA,51.608366,-0.407192,North,Watford General,4.47,West Middlesex,16.06,Watford General,4.47,Queen Charlottes',15.58
HA61QB,51.60711,-0.404116,North,Watford General,4.6,West Middlesex,15.86,Watford General,4.6,Queen Charlottes',15.33
HA61QD,51.605847,-0.402485,North,Watford General,4.75,West Middlesex,15.68,Watford General,4.75,Queen Charlottes',15.15
HA61QE,51.604751,-0.404531,North,Watford General,4.86,West Middlesex,15.62,Watford General,4.86,Queen Charlottes',15.18
HA61QF,51.606001,-0.403173,North,Watford General,4.73,West Middlesex,15.72,Watford General,4.73,Queen Charlottes',15.2
HA61QG,51.60308,-0.406655,North,Watford General,5.05,West Middlesex,15.5,Watford General,5.05,Queen Charlottes',15.17
HA61QH,51.604984,-0.405101,North,Watford General,4.84,West Middlesex,15.66,Watford General,4.84,Queen Charlottes',15.23
HA61QJ,51.603685,-0.4075,North,Watford General,4.99,West Middlesex,15.58,Watford General,4.99,Queen Charlottes',15.26
HA61QL,51.602074,-0.408018,North,Watford General,5.17,West Middlesex,15.43,Watford General,5.17,Queen Charlottes',15.18
HA61QN,51.601791,-0.407032,North,Watford General,5.2,West Middlesex,15.38,Watford General,5.2,Queen Charlottes',15.11
HA61QP,51.601575,-0.404397,North,Watford General,5.22,West Middlesex,15.29,Watford General,5.22,Queen Charlottes',14.95
HA61QQ,51.602797,-0.408282,North,Watford General,5.09,West Middlesex,15.51,Watford General,5.09,Queen Charlottes',15.24
HA61QR,51.600682,-0.402883,North,Watford General,5.32,West Middlesex,15.16,Watford General,5.32,Queen Charlottes',14.8
HA61QS,51.601198,-0.403168,North,Watford General,5.26,West Middlesex,15.22,Watford General,5.26,Queen Charlottes',14.86
HA61QT,51.600675,-0.403042,North,Watford General,5.32,West Middlesex,15.16,Watford General,5.32,Queen Charlottes',14.81
HA61QU,51.600675,-0.403042,North,Watford General,5.32,West Middlesex,15.16,Watford General,5.32,Queen Charlottes',14.81
HA61QW,51.601166,-0.404743,North,Watford General,5.26,West Middlesex,15.25,Watford General,5.26,Queen Charlottes',14.94
HA61RA,51.603446,-0.409111,North,Watford General,5.02,West Middlesex,15.6,Watford General,5.02,Queen Charlottes',15.33
HA61RB,51.603591,-0.409799,North,Watford General,5.01,West Middlesex,15.63,Watford General,5.01,Queen Charlottes',15.38
HA61RD,51.60373,-0.41082,North,Watford General,5.0,West Middlesex,15.67,Watford General,5.0,Queen Charlottes',15.44
HA61RE,51.604648,-0.41021,North,Watford General,4.89,West Middlesex,15.75,Watford General,4.89,Queen Charlottes',15.48
HA61RF,51.604639,-0.409488,North,Watford General,4.89,West Middlesex,15.73,Watford General,4.89,Queen Charlottes',15.44
HA61RG,51.604931,-0.406503,North,Watford General,4.85,West Middlesex,15.69,Watford General,4.85,Queen Charlottes',15.3
HA61RH,51.606092,-0.405293,North,Watford General,4.72,West Middlesex,15.78,Watford General,4.72,Queen Charlottes',15.32
HA61RJ,51.606308,-0.403928,North,Watford General,4.69,West Middlesex,15.77,Watford General,4.69,Queen Charlottes',15.26
HA61RL,51.60715,-0.405718,North,Watford General,4.6,West Middlesex,15.9,Watford General,4.6,Queen Charlottes',15.41
HA61RN,51.606958,-0.406143,North,Watford General,4.62,West Middlesex,15.89,Watford General,4.62,Queen Charlottes',15.42
HA61RP,51.606472,-0.407402,North,Watford General,4.68,West Middlesex,15.87,Watford General,4.68,Queen Charlottes',15.45
HA61RQ,51.605024,-0.407439,North,Watford General,4.84,West Middlesex,15.72,Watford General,4.84,Queen Charlottes',15.35
HA61RR,51.60754,-0.408564,North,Watford General,4.56,West Middlesex,16.01,Watford General,4.56,Queen Charlottes',15.59
HA61RS,51.608368,-0.409314,North,Watford General,4.47,West Middlesex,16.11,Watford General,4.47,Queen Charlottes',15.69
HA61RT,51.607556,-0.409776,North,Watford General,4.57,West Middlesex,16.04,Watford General,4.57,Queen Charlottes',15.66
HA61RU,51.606297,-0.411134,North,Watford General,4.71,West Middlesex,15.95,Watford General,4.71,Queen Charlottes',15.64
HA61RW,51.606635,-0.406833,North,Watford General,4.66,West Middlesex,15.87,Watford General,4.66,Queen Charlottes',15.44
HA61RX,51.607641,-0.410726,North,Watford General,4.56,West Middlesex,16.07,Watford General,4.56,Queen Charlottes',15.71
HA61RY,51.60448,-0.413739,North,Watford General,4.94,West Middlesex,15.83,Watford General,4.94,Queen Charlottes',15.65
HA61SA,51.608042,-0.415781,North,Watford General,4.56,West Middlesex,16.25,Watford General,4.56,Queen Charlottes',16.01
HA61SB,51.603927,-0.412083,North,Watford General,4.98,West Middlesex,15.73,Watford General,4.98,Queen Charlottes',15.53
HA61SD,51.605656,-0.414882,North,Watford General,4.82,West Middlesex,15.98,Watford General,4.82,Queen Charlottes',15.8
HA61SE,51.608207,-0.414721,North,Watford General,4.53,West Middlesex,16.24,Watford General,4.53,Queen Charlottes',15.97
HA61SF,51.608378,-0.414066,North,Watford General,4.51,West Middlesex,16.24,Watford General,4.51,Queen Charlottes',15.94
HA61SG,51.608406,-0.413458,North,Watford General,4.5,West Middlesex,16.22,Watford General,4.5,Queen Charlottes',15.91
HA61SH,51.605645,-0.416081,North,Watford General,4.83,West Middlesex,16.01,Watford General,4.83,Queen Charlottes',15.86
HA61SJ,51.606123,-0.415502,North,Watford General,4.77,West Middlesex,16.04,Watford General,4.77,Queen Charlottes',15.86
HA61SL,51.60737,-0.414664,North,Watford General,4.63,West Middlesex,16.15,Watford General,4.63,Queen Charlottes',15.9
HA61SN,51.605296,-0.415588,North,Watford General,4.86,West Middlesex,15.96,Watford General,4.86,Queen Charlottes',15.81
HA61SP,51.607435,-0.414142,North,Watford General,4.61,West Middlesex,16.14,Watford General,4.61,Queen Charlottes',15.88
HA61SQ,51.605294,-0.416079,North,Watford General,4.87,West Middlesex,15.97,Watford General,4.87,Queen Charlottes',15.84
HA61SR,51.60473,-0.414929,North,Watford General,4.92,West Middlesex,15.89,Watford General,4.92,Queen Charlottes',15.74
HA61SS,51.60628,-0.41385,North,Watford General,4.74,West Middlesex,16.02,Watford General,4.74,Queen Charlottes',15.78
HA61ST,51.604461,-0.413653,North,Watford General,4.94,West Middlesex,15.82,Watford General,4.94,Queen Charlottes',15.65
HA61SU,51.605276,-0.413394,North,Watford General,4.84,West Middlesex,15.9,Watford General,4.84,Queen Charlottes',15.69
HA61SW,51.60625,-0.414963,North,Watford General,4.75,West Middlesex,16.04,Watford General,4.75,Queen Charlottes',15.84
HA61SX,51.605992,-0.412488,North,Watford General,4.76,West Middlesex,15.95,Watford General,4.76,Queen Charlottes',15.69
HA61SY,51.605471,-0.413878,North,Watford General,4.83,West Middlesex,15.93,Watford General,4.83,Queen Charlottes',15.73
HA61SZ,51.606922,-0.412744,North,Watford General,4.66,West Middlesex,16.05,Watford General,4.66,Queen Charlottes',15.77
HA61TA,51.606885,-0.411995,North,Watford General,4.66,West Middlesex,16.03,Watford General,4.66,Queen Charlottes',15.73
HA61TB,51.607752,-0.412961,North,Watford General,4.57,West Middlesex,16.14,Watford General,4.57,Queen Charlottes',15.84
HA61TD,51.608003,-0.412894,North,Watford General,4.54,West Middlesex,16.17,Watford General,4.54,Queen Charlottes',15.85
HA61TE,51.608074,-0.412849,North,Watford General,4.53,West Middlesex,16.17,Watford General,4.53,Queen Charlottes',15.86
HA61TF,51.608689,-0.413102,North,Watford General,4.47,West Middlesex,16.24,Watford General,4.47,Queen Charlottes',15.91
HA61TG,51.608797,-0.412433,North,Watford General,4.45,West Middlesex,16.24,Watford General,4.45,Queen Charlottes',15.89
HA61TH,51.604716,-0.411218,North,Watford General,4.89,West Middlesex,15.79,Watford General,4.89,Queen Charlottes',15.53
HA61TJ,51.604712,-0.412258,North,Watford General,4.9,West Middlesex,15.81,Watford General,4.9,Queen Charlottes',15.59
HA61TL,51.605333,-0.411659,North,Watford General,4.82,West Middlesex,15.86,Watford General,4.82,Queen Charlottes',15.6
HA61TN,51.607777,-0.418809,North,Watford General,4.63,West Middlesex,16.3,Watford General,4.63,Queen Charlottes',16.16
HA61TQ,51.604468,-0.41153,North,Watford General,4.92,West Middlesex,15.77,Watford General,4.92,Queen Charlottes',15.53
HA61TS,51.603696,-0.415586,North,Watford General,5.04,West Middlesex,15.8,Watford General,5.04,Queen Charlottes',15.7
HA61TT,51.604498,-0.413739,North,Watford General,4.93,West Middlesex,15.83,Watford General,4.93,Queen Charlottes',15.66
HA61TU,51.603661,-0.415645,North,Watford General,5.04,West Middlesex,15.8,Watford General,5.04,Queen Charlottes',15.7
HA61TW,51.608042,-0.415781,North,Watford General,4.56,West Middlesex,16.25,Watford General,4.56,Queen Charlottes',16.01
HA61TX,51.604498,-0.413739,North,Watford General,4.93,West Middlesex,15.83,Watford General,4.93,Queen Charlottes',15.66
HA61TY,51.603661,-0.415645,North,Watford General,5.04,West Middlesex,15.8,Watford General,5.04,Queen Charlottes',15.7
HA61TZ,51.603696,-0.415586,North,Watford General,5.04,West Middlesex,15.8,Watford General,5.04,Queen Charlottes',15.7
HA61UA,51.609868,-0.417205,North,Watford General,4.38,West Middlesex,16.47,Watford General,4.38,Queen Charlottes',16.22
HA61UB,51.604498,-0.413739,North,Watford General,4.93,West Middlesex,15.83,Watford General,4.93,Queen Charlottes',15.66
HA61UD,51.605276,-0.418102,North,Watford General,4.9,West Middlesex,16.03,Watford General,4.9,Queen Charlottes',15.95
HA61UE,51.604498,-0.413739,North,Watford General,4.93,West Middlesex,15.83,Watford General,4.93,Queen Charlottes',15.66
HA61UF,51.604498,-0.413739,North,Watford General,4.93,West Middlesex,15.83,Watford General,4.93,Queen Charlottes',15.66
HA61UG,51.604498,-0.413739,North,Watford General,4.93,West Middlesex,15.83,Watford General,4.93,Queen Charlottes',15.66
HA61UH,51.603661,-0.415645,North,Watford General,5.04,West Middlesex,15.8,Watford General,5.04,Queen Charlottes',15.7
HA61UJ,51.606409,-0.416069,North,Watford General,4.75,West Middlesex,16.09,Watford General,4.75,Queen Charlottes',15.91
HA61UL,51.604498,-0.413739,North,Watford General,4.93,West Middlesex,15.83,Watford General,4.93,Queen Charlottes',15.66
HA61UN,51.603696,-0.415586,North,Watford General,5.04,West Middlesex,15.8,Watford General,5.04,Queen Charlottes',15.7
HA61UP,51.604498,-0.413739,North,Watford General,4.93,West Middlesex,15.83,Watford General,4.93,Queen Charlottes',15.66
HA61UQ,51.604498,-0.413739,North,Watford General,4.93,West Middlesex,15.83,Watford General,4.93,Queen Charlottes',15.66
HA61UR,51.60448,-0.413739,North,Watford General,4.94,West Middlesex,15.83,Watford General,4.94,Queen Charlottes',15.65
HA61US,51.604498,-0.413739,North,Watford General,4.93,West Middlesex,15.83,Watford General,4.93,Queen Charlottes',15.66
HA61UT,51.603696,-0.415586,North,Watford General,5.04,West Middlesex,15.8,Watford General,5.04,Queen Charlottes',15.7
HA61UU,51.60448,-0.413739,North,Watford General,4.94,West Middlesex,15.83,Watford General,4.94,Queen Charlottes',15.65
HA61UW,51.604498,-0.413739,North,Watford General,4.93,West Middlesex,15.83,Watford General,4.93,Queen Charlottes',15.66
HA61UX,51.604498,-0.413739,North,Watford General,4.93,West Middlesex,15.83,Watford General,4.93,Queen Charlottes',15.66
HA61UY,51.60448,-0.413739,North,Watford General,4.94,West Middlesex,15.83,Watford General,4.94,Queen Charlottes',15.65
HA61UZ,51.60448,-0.413739,North,Watford General,4.94,West Middlesex,15.83,Watford General,4.94,Queen Charlottes',15.65
HA61WA,51.604498,-0.413739,North,Watford General,4.93,West Middlesex,15.83,Watford General,4.93,Queen Charlottes',15.66
HA61WB,51.604498,-0.413739,North,Watford General,4.93,West Middlesex,15.83,Watford General,4.93,Queen Charlottes',15.66
HA61WD,51.604498,-0.413739,North,Watford General,4.93,West Middlesex,15.83,Watford General,4.93,Queen Charlottes',15.66
HA61WG,51.604498,-0.413739,North,Watford General,4.93,West Middlesex,15.83,Watford General,4.93,Queen Charlottes',15.66
HA61WP,51.604498,-0.413739,North,Watford General,4.93,West Middlesex,15.83,Watford General,4.93,Queen Charlottes',15.66
HA61XA,51.604498,-0.413739,North,Watford General,4.93,West Middlesex,15.83,Watford General,4.93,Queen Charlottes',15.66
HA61XJ,51.603696,-0.415586,North,Watford General,5.04,West Middlesex,15.8,Watford General,5.04,Queen Charlottes',15.7
HA61XN,51.603696,-0.415586,North,Watford General,5.04,West Middlesex,15.8,Watford General,5.04,Queen Charlottes',15.7
HA61XQ,51.603696,-0.415586,North,Watford General,5.04,West Middlesex,15.8,Watford General,5.04,Queen Charlottes',15.7
HA61XR,51.604498,-0.413739,North,Watford General,4.93,West Middlesex,15.83,Watford General,4.93,Queen Charlottes',15.66
HA61XZ,51.604498,-0.413739,North,Watford General,4.93,West Middlesex,15.83,Watford General,4.93,Queen Charlottes',15.66
HA61ZJ,51.603696,-0.415586,North,Watford General,5.04,West Middlesex,15.8,Watford General,5.04,Queen Charlottes',15.7
HA61ZL,51.603661,-0.415645,North,Watford General,5.04,West Middlesex,15.8,Watford General,5.04,Queen Charlottes',15.7
HA61ZN,51.603696,-0.415586,North,Watford General,5.04,West Middlesex,15.8,Watford General,5.04,Queen Charlottes',15.7
HA61ZQ,51.604498,-0.413739,North,Watford General,4.93,West Middlesex,15.83,Watford General,4.93,Queen Charlottes',15.66
HA61ZU,51.604498,-0.413739,North,Watford General,4.93,West Middlesex,15.83,Watford General,4.93,Queen Charlottes',15.66
HA61ZX,51.604498,-0.413739,North,Watford General,4.93,West Middlesex,15.83,Watford General,4.93,Queen Charlottes',15.66
HA62AA,51.613461,-0.426266,North,Watford General,4.17,West Middlesex,17.09,Watford General,4.17,Queen Charlottes',16.95
HA62AB,51.612448,-0.425796,North,Watford General,4.27,West Middlesex,16.97,Watford General,4.27,Queen Charlottes',16.86
HA62AD,51.612659,-0.42615,North,Watford General,4.25,West Middlesex,17.0,Watford General,4.25,Queen Charlottes',16.89
HA62AE,51.613633,-0.426997,North,Watford General,4.17,West Middlesex,17.13,Watford General,4.17,Queen Charlottes',17.0
HA62AF,51.613552,-0.425657,North,Watford General,4.15,West Middlesex,17.08,Watford General,4.15,Queen Charlottes',16.93
HA62AG,51.614702,-0.428274,North,Watford General,4.1,West Middlesex,17.27,Watford General,4.1,Queen Charlottes',17.15
HA62AH,51.616214,-0.426994,North,Watford General,3.91,West Middlesex,17.39,Watford General,3.91,Queen Charlottes',17.19
HA62AJ,51.615108,-0.426383,North,Watford General,4.01,West Middlesex,17.26,Watford General,4.01,Queen Charlottes',17.08
HA62AL,51.616257,-0.426184,North,Watford General,3.88,West Middlesex,17.37,Watford General,3.88,Queen Charlottes',17.15
HA62AN,51.616668,-0.426011,North,Watford General,3.84,West Middlesex,17.41,Watford General,3.84,Queen Charlottes',17.17
HA62AP,51.617207,-0.428679,North,Watford General,3.86,West Middlesex,17.54,Watford General,3.86,Queen Charlottes',17.35
HA62AQ,51.615273,-0.427287,North,Watford General,4.01,West Middlesex,17.3,Watford General,4.01,Queen Charlottes',17.14
HA62BD,51.612424,-0.426721,North,Watford General,4.29,West Middlesex,17.0,Watford General,4.29,Queen Charlottes',16.91
HA62BE,51.615047,-0.425793,North,Watford General,4.0,West Middlesex,17.24,Watford General,4.0,Queen Charlottes',17.04
HA62BF,51.604498,-0.413739,North,Watford General,4.93,West Middlesex,15.83,Watford General,4.93,Queen Charlottes',15.66
HA62BH,51.615086,-0.432768,North,Watford General,4.19,West Middlesex,17.44,Watford General,4.19,Queen Charlottes',17.42
HA62BJ,51.611354,-0.439554,North,Watford General,4.78,West Middlesex,17.28,Watford General,4.78,Queen Charlottes',17.53
HA62BL,51.613594,-0.432877,North,Watford General,4.34,West Middlesex,17.29,Watford General,4.34,Queen Charlottes',17.32
HA62BN,51.615679,-0.434119,North,Watford General,4.18,West Middlesex,17.54,Watford General,4.18,Queen Charlottes',17.53
HA62BS,51.613606,-0.427691,North,Watford General,4.19,West Middlesex,17.14,Watford General,4.19,Queen Charlottes',17.04
HA62BT,51.61427,-0.428275,North,Watford General,4.14,West Middlesex,17.23,Watford General,4.14,Queen Charlottes',17.12
HA62BU,51.613541,-0.428863,North,Watford General,4.23,West Middlesex,17.17,Watford General,4.23,Queen Charlottes',17.1
HA62BW,51.612372,-0.429554,North,Watford General,4.37,West Middlesex,17.07,Watford General,4.37,Queen Charlottes',17.05
HA62BX,51.613805,-0.429793,North,Watford General,4.23,West Middlesex,17.23,Watford General,4.23,Queen Charlottes',17.17
HA62BY,51.615259,-0.43022,North,Watford General,4.1,West Middlesex,17.38,Watford General,4.1,Queen Charlottes',17.29
HA62BZ,51.613353,-0.430256,North,Watford General,4.29,West Middlesex,17.19,Watford General,4.29,Queen Charlottes',17.16
HA62DA,51.614424,-0.430349,North,Watford General,4.19,West Middlesex,17.3,Watford General,4.19,Queen Charlottes',17.24
HA62DB,51.615317,-0.431893,North,Watford General,4.14,West Middlesex,17.44,Watford General,4.14,Queen Charlottes',17.39
HA62DD,51.613928,-0.433616,North,Watford General,4.33,West Middlesex,17.35,Watford General,4.33,Queen Charlottes',17.38
HA62DE,51.614852,-0.432126,North,Watford General,4.2,West Middlesex,17.4,Watford General,4.2,Queen Charlottes',17.37
HA62DF,51.613569,-0.435044,North,Watford General,4.42,West Middlesex,17.36,Watford General,4.42,Queen Charlottes',17.44
HA62DG,51.61515,-0.43421,North,Watford General,4.23,West Middlesex,17.49,Watford General,4.23,Queen Charlottes',17.5
HA62DH,51.616185,-0.433582,North,Watford General,4.11,West Middlesex,17.58,Watford General,4.11,Queen Charlottes',17.54
HA62DJ,51.616613,-0.432007,North,Watford General,4.02,West Middlesex,17.57,Watford General,4.02,Queen Charlottes',17.48
HA62DL,51.615904,-0.430082,North,Watford General,4.03,West Middlesex,17.45,Watford General,4.03,Queen Charlottes',17.33
HA62DN,51.616112,-0.428847,North,Watford General,3.97,West Middlesex,17.43,Watford General,3.97,Queen Charlottes',17.28
HA62DP,51.616907,-0.431752,North,Watford General,3.98,West Middlesex,17.6,Watford General,3.98,Queen Charlottes',17.49
HA62DQ,51.615499,-0.433403,North,Watford General,4.17,West Middlesex,17.5,Watford General,4.17,Queen Charlottes',17.48
HA62DR,51.612672,-0.443337,North,Watford General,4.8,West Middlesex,17.53,Watford General,4.8,Queen Charlottes',17.83
HA62DS,51.613831,-0.433779,North,Watford General,4.35,West Middlesex,17.35,Watford General,4.35,Queen Charlottes',17.38
HA62DT,51.604498,-0.413739,North,Watford General,4.93,West Middlesex,15.83,Watford General,4.93,Queen Charlottes',15.66
HA62DU,51.613831,-0.433779,North,Watford General,4.35,West Middlesex,17.35,Watford General,4.35,Queen Charlottes',17.38
HA62DW,51.612752,-0.434422,North,Watford General,4.48,West Middlesex,17.26,Watford General,4.48,Queen Charlottes',17.35
HA62DX,51.613831,-0.433779,North,Watford General,4.35,West Middlesex,17.35,Watford General,4.35,Queen Charlottes',17.38
HA62DY,51.613831,-0.433779,North,Watford General,4.35,West Middlesex,17.35,Watford General,4.35,Queen Charlottes',17.38
HA62DZ,51.613831,-0.433779,North,Watford General,4.35,West Middlesex,17.35,Watford General,4.35,Queen Charlottes',17.38
HA62EA,51.604498,-0.413739,North,Watford General,4.93,West Middlesex,15.83,Watford General,4.93,Queen Charlottes',15.66
HA62ES,51.603661,-0.415645,North,Watford General,5.04,West Middlesex,15.8,Watford General,5.04,Queen Charlottes',15.7
HA62EX,51.604498,-0.413739,North,Watford General,4.93,West Middlesex,15.83,Watford General,4.93,Queen Charlottes',15.66
HA62EY,51.613831,-0.433779,North,Watford General,4.35,West Middlesex,17.35,Watford General,4.35,Queen Charlottes',17.38
HA62EZ,51.603696,-0.415586,North,Watford General,5.04,West Middlesex,15.8,Watford General,5.04,Queen Charlottes',15.7
HA62FA,51.606514,-0.436052,North,Watford General,5.15,West Middlesex,16.69,Watford General,5.15,Queen Charlottes',17.02
HA62FB,51.604498,-0.413739,North,Watford General,4.93,West Middlesex,15.83,Watford General,4.93,Queen Charlottes',15.66
HA62FD,51.604971,-0.436279,North,Watford General,5.31,West Middlesex,16.54,Watford General,5.31,Queen Charlottes',16.93
HA62FE,51.606998,-0.436584,North,Watford General,5.12,West Middlesex,16.75,Watford General,5.12,Queen Charlottes',17.08
HA62FH,51.613831,-0.433779,North,Watford General,4.35,West Middlesex,17.35,Watford General,4.35,Queen Charlottes',17.38
HA62FJ,51.613831,-0.433779,North,Watford General,4.35,West Middlesex,17.35,Watford General,4.35,Queen Charlottes',17.38
HA62FL,51.603661,-0.415645,North,Watford General,5.04,West Middlesex,15.8,Watford General,5.04,Queen Charlottes',15.7
HA62FN,51.604498,-0.413739,North,Watford General,4.93,West Middlesex,15.83,Watford General,4.93,Queen Charlottes',15.66
HA62FP,51.60813,-0.425685,North,Watford General,4.72,West Middlesex,16.53,Watford General,4.72,Queen Charlottes',16.55
HA62FQ,51.613831,-0.433779,North,Watford General,4.35,West Middlesex,17.35,Watford General,4.35,Queen Charlottes',17.38
HA62FR,51.607227,-0.424763,North,Watford General,4.8,West Middlesex,16.42,Watford General,4.8,Queen Charlottes',16.44
HA62FS,51.608447,-0.429227,North,Watford General,4.77,West Middlesex,16.67,Watford General,4.77,Queen Charlottes',16.77
HA62FT,51.608899,-0.426713,North,Watford General,4.66,West Middlesex,16.64,Watford General,4.66,Queen Charlottes',16.66
HA62FU,51.604498,-0.413739,North,Watford General,4.93,West Middlesex,15.83,Watford General,4.93,Queen Charlottes',15.66
HA62FW,51.604498,-0.413739,North,Watford General,4.93,West Middlesex,15.83,Watford General,4.93,Queen Charlottes',15.66
HA62FX,51.608871,-0.427321,North,Watford General,4.68,West Middlesex,16.66,Watford General,4.68,Queen Charlottes',16.69
HA62FY,51.607856,-0.424713,North,Watford General,4.73,West Middlesex,16.48,Watford General,4.73,Queen Charlottes',16.48
HA62FZ,51.606416,-0.425976,North,Watford General,4.91,West Middlesex,16.37,Watford General,4.91,Queen Charlottes',16.45
HA62GA,51.616857,-0.442876,North,Watford General,4.4,West Middlesex,17.93,Watford General,4.4,Queen Charlottes',18.09
HA62GB,51.609641,-0.430428,North,Watford General,4.67,West Middlesex,16.83,Watford General,4.67,Queen Charlottes',16.92
HA62GD,51.609749,-0.429731,North,Watford General,4.64,West Middlesex,16.82,Watford General,4.64,Queen Charlottes',16.88
HA62GE,51.61132,-0.428204,North,Watford General,4.44,West Middlesex,16.93,Watford General,4.44,Queen Charlottes',16.91
HA62GF,51.615859,-0.440194,North,Watford General,4.38,West Middlesex,17.74,Watford General,4.38,Queen Charlottes',17.87
HA62GG,51.611695,-0.438127,North,Watford General,4.7,West Middlesex,17.27,Watford General,4.7,Queen Charlottes',17.48
HA62GH,51.604498,-0.413739,North,Watford General,4.93,West Middlesex,15.83,Watford General,4.93,Queen Charlottes',15.66
HA62GJ,51.604498,-0.413739,North,Watford General,4.93,West Middlesex,15.83,Watford General,4.93,Queen Charlottes',15.66
HA62GL,51.610874,-0.425793,North,Watford General,4.43,West Middlesex,16.81,Watford General,4.43,Queen Charlottes',16.75
HA62GN,51.611373,-0.424764,North,Watford General,4.36,West Middlesex,16.83,Watford General,4.36,Queen Charlottes',16.73
HA62GP,51.613831,-0.433779,North,Watford General,4.35,West Middlesex,17.35,Watford General,4.35,Queen Charlottes',17.38
HA62GQ,51.604498,-0.413739,North,Watford General,4.93,West Middlesex,15.83,Watford General,4.93,Queen Charlottes',15.66
HA62GR,51.604498,-0.413739,North,Watford General,4.93,West Middlesex,15.83,Watford General,4.93,Queen Charlottes',15.66
HA62GS,51.613831,-0.433779,North,Watford General,4.35,West Middlesex,17.35,Watford General,4.35,Queen Charlottes',17.38
HA62GT,51.604498,-0.413739,North,Watford General,4.93,West Middlesex,15.83,Watford General,4.93,Queen Charlottes',15.66
HA62GU,51.609607,-0.426544,North,Watford General,4.58,West Middlesex,16.71,Watford General,4.58,Queen Charlottes',16.7
HA62GW,51.611691,-0.425707,North,Watford General,4.34,West Middlesex,16.89,Watford General,4.34,Queen Charlottes',16.8
HA62GX,51.611244,-0.427267,North,Watford General,4.43,West Middlesex,16.89,Watford General,4.43,Queen Charlottes',16.85
HA62GY,51.618453,-0.443269,North,Watford General,4.28,West Middlesex,18.1,Watford General,4.28,Queen Charlottes',18.22
HA62GZ,51.613831,-0.433779,North,Watford General,4.35,West Middlesex,17.35,Watford General,4.35,Queen Charlottes',17.38
HA62HA,51.604498,-0.413739,North,Watford General,4.93,West Middlesex,15.83,Watford General,4.93,Queen Charlottes',15.66
HA62HB,51.604498,-0.413739,North,Watford General,4.93,West Middlesex,15.83,Watford General,4.93,Queen Charlottes',15.66
HA62HD,51.603696,-0.415586,North,Watford General,5.04,West Middlesex,15.8,Watford General,5.04,Queen Charlottes',15.7
HA62HE,51.606478,-0.425208,North,Watford General,4.88,West Middlesex,16.35,Watford General,4.88,Queen Charlottes',16.42
HA62HF,51.604498,-0.413739,North,Watford General,4.93,West Middlesex,15.83,Watford General,4.93,Queen Charlottes',15.66
HA62HG,51.604498,-0.413739,North,Watford General,4.93,West Middlesex,15.83,Watford General,4.93,Queen Charlottes',15.66
HA62HQ,51.612797,-0.429712,North,Watford General,4.33,West Middlesex,17.12,Watford General,4.33,Queen Charlottes',17.09
HA62JJ,51.603696,-0.415586,North,Watford General,5.04,West Middlesex,15.8,Watford General,5.04,Queen Charlottes',15.7
HA62JL,51.604498,-0.413739,North,Watford General,4.93,West Middlesex,15.83,Watford General,4.93,Queen Charlottes',15.66
HA62JN,51.604498,-0.413739,North,Watford General,4.93,West Middlesex,15.83,Watford General,4.93,Queen Charlottes',15.66
HA62JP,51.613168,-0.432588,North,Watford General,4.38,West Middlesex,17.24,Watford General,4.38,Queen Charlottes',17.27
HA62JR,51.603696,-0.415586,North,Watford General,5.04,West Middlesex,15.8,Watford General,5.04,Queen Charlottes',15.7
HA62JS,51.607388,-0.444933,North,Watford General,5.35,West Middlesex,17.07,Watford General,5.35,Queen Charlottes',17.58
HA62JT,51.613831,-0.433779,North,Watford General,4.35,West Middlesex,17.35,Watford General,4.35,Queen Charlottes',17.38
HA62JU,51.607919,-0.426761,North,Watford General,4.76,West Middlesex,16.54,Watford General,4.76,Queen Charlottes',16.6
HA62JW,51.616455,-0.4465,North,Watford General,4.59,West Middlesex,18.0,Watford General,4.59,Queen Charlottes',18.26
HA62JX,51.617657,-0.444278,North,Watford General,4.39,West Middlesex,18.05,Watford General,4.39,Queen Charlottes',18.22
HA62JY,51.613831,-0.433779,North,Watford General,4.35,West Middlesex,17.35,Watford General,4.35,Queen Charlottes',17.38
HA62JZ,51.609816,-0.441542,North,Watford General,5.0,West Middlesex,17.19,Watford General,5.0,Queen Charlottes',17.54
HA62LT,51.613831,-0.433779,North,Watford General,4.35,West Middlesex,17.35,Watford General,4.35,Queen Charlottes',17.38
HA62LX,51.613831,-0.433779,North,Watford General,4.35,West Middlesex,17.35,Watford General,4.35,Queen Charlottes',17.38
HA62LY,51.603661,-0.415645,North,Watford General,5.04,West Middlesex,15.8,Watford General,5.04,Queen Charlottes',15.7
HA62NA,51.613831,-0.433779,North,Watford General,4.35,West Middlesex,17.35,Watford General,4.35,Queen Charlottes',17.38
HA62NB,51.604498,-0.413739,North,Watford General,4.93,West Middlesex,15.83,Watford General,4.93,Queen Charlottes',15.66
HA62ND,51.603696,-0.415586,North,Watford General,5.04,West Middlesex,15.8,Watford General,5.04,Queen Charlottes',15.7
HA62NE,51.613831,-0.433779,North,Watford General,4.35,West Middlesex,17.35,Watford General,4.35,Queen Charlottes',17.38
HA62NF,51.6178,-0.443464,North,Watford General,4.34,West Middlesex,18.04,Watford General,4.34,Queen Charlottes',18.18
HA62NG,51.612413,-0.429235,North,Watford General,4.36,West Middlesex,17.07,Watford General,4.36,Queen Charlottes',17.04
HA62NH,51.611449,-0.434482,North,Watford General,4.61,West Middlesex,17.13,Watford General,4.61,Queen Charlottes',17.26
HA62NJ,51.612042,-0.436483,North,Watford General,4.61,West Middlesex,17.25,Watford General,4.61,Queen Charlottes',17.41
HA62NL,51.612294,-0.435839,North,Watford General,4.57,West Middlesex,17.25,Watford General,4.57,Queen Charlottes',17.39
HA62NN,51.612898,-0.437956,North,Watford General,4.58,West Middlesex,17.38,Watford General,4.58,Queen Charlottes',17.55
HA62NP,51.614487,-0.439837,North,Watford General,4.5,West Middlesex,17.6,Watford General,4.5,Queen Charlottes',17.76
HA62NQ,51.612297,-0.438121,North,Watford General,4.64,West Middlesex,17.33,Watford General,4.64,Queen Charlottes',17.52
HA62NR,51.613592,-0.440156,North,Watford General,4.59,West Middlesex,17.52,Watford General,4.59,Queen Charlottes',17.72
HA62NS,51.615143,-0.436391,North,Watford General,4.31,West Middlesex,17.56,Watford General,4.31,Queen Charlottes',17.62
HA62NT,51.617176,-0.439138,North,Watford General,4.22,West Middlesex,17.84,Watford General,4.22,Queen Charlottes',17.91
HA62NU,51.617742,-0.441126,North,Watford General,4.25,West Middlesex,17.96,Watford General,4.25,Queen Charlottes',18.05
HA62NW,51.613529,-0.438786,North,Watford General,4.55,West Middlesex,17.47,Watford General,4.55,Queen Charlottes',17.64
HA62NX,51.618187,-0.438785,North,Watford General,4.11,West Middlesex,17.93,Watford General,4.11,Queen Charlottes',17.96
HA62NY,51.61448,-0.435908,North,Watford General,4.36,West Middlesex,17.47,Watford General,4.36,Queen Charlottes',17.54
HA62NZ,51.618557,-0.440261,North,Watford General,4.14,West Middlesex,18.01,Watford General,4.14,Queen Charlottes',18.06
HA62PA,51.616954,-0.43734,North,Watford General,4.17,West Middlesex,17.77,Watford General,4.17,Queen Charlottes',17.79
HA62PB,51.615782,-0.435084,North,Watford General,4.2,West Middlesex,17.58,Watford General,4.2,Queen Charlottes',17.59
HA62PD,51.613788,-0.436625,North,Watford General,4.45,West Middlesex,17.43,Watford General,4.45,Queen Charlottes',17.54
HA62PE,51.616887,-0.435017,North,Watford General,4.09,West Middlesex,17.69,Watford General,4.09,Queen Charlottes',17.66
HA62PF,51.618156,-0.435089,North,Watford General,3.98,West Middlesex,17.82,Watford General,3.98,Queen Charlottes',17.76
HA62PG,51.617735,-0.433846,North,Watford General,3.97,West Middlesex,17.74,Watford General,3.97,Queen Charlottes',17.66
HA62PH,51.614283,-0.438659,North,Watford General,4.47,West Middlesex,17.54,Watford General,4.47,Queen Charlottes',17.68
HA62PJ,51.611824,-0.437675,North,Watford General,4.67,West Middlesex,17.27,Watford General,4.67,Queen Charlottes',17.46
HA62PL,51.61809,-0.432823,North,Watford General,3.9,West Middlesex,17.75,Watford General,3.9,Queen Charlottes',17.63
HA62PN,51.614482,-0.434681,North,Watford General,4.31,West Middlesex,17.44,Watford General,4.31,Queen Charlottes',17.48
HA62PP,51.604498,-0.413739,North,Watford General,4.93,West Middlesex,15.83,Watford General,4.93,Queen Charlottes',15.66
HA62PR,51.617096,-0.435862,North,Watford General,4.1,West Middlesex,17.74,Watford General,4.1,Queen Charlottes',17.72
HA62PS,51.617465,-0.435156,North,Watford General,4.04,West Middlesex,17.75,Watford General,4.04,Queen Charlottes',17.71
HA62PT,51.608465,-0.441415,North,Watford General,5.13,West Middlesex,17.05,Watford General,5.13,Queen Charlottes',17.45
HA62PU,51.603696,-0.415586,North,Watford General,5.04,West Middlesex,15.8,Watford General,5.04,Queen Charlottes',15.7
HA62PW,51.612748,-0.428082,North,Watford General,4.29,West Middlesex,17.07,Watford General,4.29,Queen Charlottes',17.0
HA62PX,51.612108,-0.425923,North,Watford General,4.31,West Middlesex,16.94,Watford General,4.31,Queen Charlottes',16.84
HA62PY,51.612146,-0.426081,North,Watford General,4.31,West Middlesex,16.95,Watford General,4.31,Queen Charlottes',16.85
HA62PZ,51.61179,-0.425689,North,Watford General,4.33,West Middlesex,16.9,Watford General,4.33,Queen Charlottes',16.81
HA62QA,51.604498,-0.413739,North,Watford General,4.93,West Middlesex,15.83,Watford General,4.93,Queen Charlottes',15.66
HA62QB,51.611807,-0.426309,North,Watford General,4.35,West Middlesex,16.92,Watford General,4.35,Queen Charlottes',16.84
HA62QD,51.609901,-0.440514,North,Watford General,4.96,West Middlesex,17.17,Watford General,4.96,Queen Charlottes',17.49
HA62QE,51.611792,-0.427205,North,Watford General,4.37,West Middlesex,16.95,Watford General,4.37,Queen Charlottes',16.89
HA62QF,51.611543,-0.425365,North,Watford General,4.35,West Middlesex,16.87,Watford General,4.35,Queen Charlottes',16.77
HA62QG,51.606583,-0.423688,North,Watford General,4.84,West Middlesex,16.32,Watford General,4.84,Queen Charlottes',16.34
HA62QH,51.605864,-0.425071,North,Watford General,4.95,West Middlesex,16.29,Watford General,4.95,Queen Charlottes',16.37
HA62QJ,51.604605,-0.425028,North,Watford General,5.08,West Middlesex,16.16,Watford General,5.08,Queen Charlottes',16.28
HA62QL,51.605156,-0.425889,North,Watford General,5.04,West Middlesex,16.24,Watford General,5.04,Queen Charlottes',16.37
HA62QN,51.610143,-0.432346,North,Watford General,4.68,West Middlesex,16.93,Watford General,4.68,Queen Charlottes',17.05
HA62QP,51.606017,-0.427101,North,Watford General,4.97,West Middlesex,16.36,Watford General,4.97,Queen Charlottes',16.49
HA62QQ,51.605915,-0.425459,North,Watford General,4.95,West Middlesex,16.3,Watford General,4.95,Queen Charlottes',16.39
HA62QR,51.604498,-0.413739,North,Watford General,4.93,West Middlesex,15.83,Watford General,4.93,Queen Charlottes',15.66
HA62QS,51.604498,-0.413739,North,Watford General,4.93,West Middlesex,15.83,Watford General,4.93,Queen Charlottes',15.66
HA62QT,51.609162,-0.430228,North,Watford General,4.72,West Middlesex,16.77,Watford General,4.72,Queen Charlottes',16.87
HA62QU,51.608235,-0.430216,North,Watford General,4.81,West Middlesex,16.68,Watford General,4.81,Queen Charlottes',16.81
HA62QW,51.608409,-0.430456,North,Watford General,4.8,West Middlesex,16.7,Watford General,4.8,Queen Charlottes',16.83
HA62QX,51.613831,-0.433779,North,Watford General,4.35,West Middlesex,17.35,Watford General,4.35,Queen Charlottes',17.38
HA62QY,51.612735,-0.435911,North,Watford General,4.53,West Middlesex,17.3,Watford General,4.53,Queen Charlottes',17.43
HA62QZ,51.614151,-0.438187,North,Watford General,4.47,West Middlesex,17.51,Watford General,4.47,Queen Charlottes',17.65
HA62RA,51.612696,-0.433587,North,Watford General,4.46,West Middlesex,17.23,Watford General,4.46,Queen Charlottes',17.3
HA62RB,51.612711,-0.433369,North,Watford General,4.45,West Middlesex,17.22,Watford General,4.45,Queen Charlottes',17.29
HA62RD,51.612158,-0.43375,North,Watford General,4.51,West Middlesex,17.18,Watford General,4.51,Queen Charlottes',17.27
HA62RE,51.607893,-0.444367,North,Watford General,5.28,West Middlesex,17.1,Watford General,5.28,Queen Charlottes',17.58
HA62RF,51.613465,-0.436016,North,Watford General,4.46,West Middlesex,17.38,Watford General,4.46,Queen Charlottes',17.48
HA62RG,51.616066,-0.444318,North,Watford General,4.53,West Middlesex,17.89,Watford General,4.53,Queen Charlottes',18.11
HA62RH,51.614155,-0.437147,North,Watford General,4.43,West Middlesex,17.48,Watford General,4.43,Queen Charlottes',17.59
HA62RJ,51.60661,-0.443891,North,Watford General,5.39,West Middlesex,16.95,Watford General,5.39,Queen Charlottes',17.47
HA62RL,51.607561,-0.443786,North,Watford General,5.3,West Middlesex,17.04,Watford General,5.3,Queen Charlottes',17.52
HA62RN,51.614926,-0.445802,North,Watford General,4.69,West Middlesex,17.83,Watford General,4.69,Queen Charlottes',18.12
HA62RP,51.614872,-0.437628,North,Watford General,4.38,West Middlesex,17.57,Watford General,4.38,Queen Charlottes',17.66
HA62RQ,51.61698,-0.443377,North,Watford General,4.41,West Middlesex,17.95,Watford General,4.41,Queen Charlottes',18.12
HA62RR,51.611483,-0.43643,North,Watford General,4.67,West Middlesex,17.19,Watford General,4.67,Queen Charlottes',17.37
HA62RS,51.616041,-0.438989,North,Watford General,4.32,West Middlesex,17.72,Watford General,4.32,Queen Charlottes',17.82
HA62RT,51.613698,-0.437957,North,Watford General,4.5,West Middlesex,17.46,Watford General,4.5,Queen Charlottes',17.6
HA62RU,51.616604,-0.440746,North,Watford General,4.34,West Middlesex,17.84,Watford General,4.34,Queen Charlottes',17.95
HA62RW,51.615447,-0.438316,North,Watford General,4.35,West Middlesex,17.64,Watford General,4.35,Queen Charlottes',17.74
HA62RX,51.615987,-0.441013,North,Watford General,4.4,West Middlesex,17.78,Watford General,4.4,Queen Charlottes',17.93
HA62RY,51.612493,-0.428481,North,Watford General,4.33,West Middlesex,17.05,Watford General,4.33,Queen Charlottes',17.01
HA62RZ,51.612971,-0.436711,North,Watford General,4.53,West Middlesex,17.35,Watford General,4.53,Queen Charlottes',17.49
HA62SA,51.612963,-0.437463,North,Watford General,4.56,West Middlesex,17.37,Watford General,4.56,Queen Charlottes',17.53
HA62SB,51.611616,-0.438953,North,Watford General,4.74,West Middlesex,17.28,Watford General,4.74,Queen Charlottes',17.52
HA62SD,51.608081,-0.44293,North,Watford General,5.22,West Middlesex,17.07,Watford General,5.22,Queen Charlottes',17.51
HA62SE,51.609867,-0.439331,North,Watford General,4.92,West Middlesex,17.12,Watford General,4.92,Queen Charlottes',17.42
HA62SF,51.610634,-0.437499,North,Watford General,4.78,West Middlesex,17.14,Watford General,4.78,Queen Charlottes',17.37
HA62SG,51.611058,-0.438236,North,Watford General,4.77,West Middlesex,17.21,Watford General,4.77,Queen Charlottes',17.44
HA62SH,51.607433,-0.445668,North,Watford General,5.37,West Middlesex,17.09,Watford General,5.37,Queen Charlottes',17.62
HA62SJ,51.60577,-0.44571,North,Watford General,5.53,West Middlesex,16.93,Watford General,5.53,Queen Charlottes',17.52
HA62SL,51.605593,-0.446568,North,Watford General,5.58,West Middlesex,16.95,Watford General,5.58,Queen Charlottes',17.56
HA62SN,51.604715,-0.447493,North,Watford General,5.7,West Middlesex,16.89,Watford General,5.7,Queen Charlottes',17.56
HA62SP,51.604513,-0.44789,North,Watford General,5.73,West Middlesex,16.89,Watford General,5.73,Queen Charlottes',17.57
HA62SQ,51.607015,-0.443299,North,Watford General,5.33,West Middlesex,16.97,Watford General,5.33,Queen Charlottes',17.46
HA62SR,51.604608,-0.446226,North,Watford General,5.66,West Middlesex,16.84,Watford General,5.66,Queen Charlottes',17.48
HA62SS,51.596337,-0.444978,North,Watford General,6.44,West Middlesex,16.0,Watford General,6.44,Queen Charlottes',16.91
HA62ST,51.599868,-0.451543,North,Watford General,6.3,West Middlesex,16.58,Watford General,6.3,Queen Charlottes',17.5
HA62SU,51.611072,-0.439318,North,Watford General,4.8,West Middlesex,17.24,Watford General,4.8,Queen Charlottes',17.5
HA62SW,51.602957,-0.447842,North,Watford General,5.88,West Middlesex,16.74,Watford General,5.88,Queen Charlottes',17.47
HA62SX,51.611967,-0.439678,North,Watford General,4.73,West Middlesex,17.34,Watford General,4.73,Queen Charlottes',17.58
HA62SY,51.611383,-0.440348,North,Watford General,4.81,West Middlesex,17.31,Watford General,4.81,Queen Charlottes',17.58
HA62SZ,51.611892,-0.440142,North,Watford General,4.75,West Middlesex,17.35,Watford General,4.75,Queen Charlottes',17.6
HA62TA,51.612885,-0.439733,North,Watford General,4.64,West Middlesex,17.43,Watford General,4.64,Queen Charlottes',17.65
HA62TB,51.605094,-0.444231,North,Watford General,5.55,West Middlesex,16.82,Watford General,5.55,Queen Charlottes',17.39
HA62TD,51.6061,-0.445468,North,Watford General,5.49,West Middlesex,16.96,Watford General,5.49,Queen Charlottes',17.53
HA62TE,51.607217,-0.446946,North,Watford General,5.44,West Middlesex,17.12,Watford General,5.44,Queen Charlottes',17.68
HA62TF,51.606831,-0.446324,North,Watford General,5.46,West Middlesex,17.06,Watford General,5.46,Queen Charlottes',17.62
HA62TG,51.610746,-0.437106,North,Watford General,4.76,West Middlesex,17.14,Watford General,4.76,Queen Charlottes',17.36
HA62TH,51.608832,-0.438529,North,Watford General,4.99,West Middlesex,17.0,Watford General,4.99,Queen Charlottes',17.31
HA62TJ,51.609337,-0.438699,North,Watford General,4.95,West Middlesex,17.05,Watford General,4.95,Queen Charlottes',17.35
HA62TL,51.609507,-0.437914,North,Watford General,4.91,West Middlesex,17.04,Watford General,4.91,Queen Charlottes',17.32
HA62TN,51.608856,-0.434932,North,Watford General,4.88,West Middlesex,16.89,Watford General,4.88,Queen Charlottes',17.11
HA62TP,51.607639,-0.437443,North,Watford General,5.08,West Middlesex,16.84,Watford General,5.08,Queen Charlottes',17.17
HA62TQ,51.611325,-0.437331,North,Watford General,4.71,West Middlesex,17.2,Watford General,4.71,Queen Charlottes',17.41
HA62TR,51.604612,-0.438356,North,Watford General,5.41,West Middlesex,16.58,Watford General,5.41,Queen Charlottes',17.03
HA62TS,51.605111,-0.438743,North,Watford General,5.37,West Middlesex,16.64,Watford General,5.37,Queen Charlottes',17.08
HA62TT,51.605049,-0.440117,North,Watford General,5.42,West Middlesex,16.68,Watford General,5.42,Queen Charlottes',17.16
HA62TU,51.602695,-0.44027,North,Watford General,5.66,West Middlesex,16.45,Watford General,5.66,Queen Charlottes',17.02
HA62TW,51.609334,-0.436446,North,Watford General,4.88,West Middlesex,16.98,Watford General,4.88,Queen Charlottes',17.23
HA62TX,51.60368,-0.442012,North,Watford General,5.61,West Middlesex,16.61,Watford General,5.61,Queen Charlottes',17.18
HA62TY,51.604462,-0.441321,North,Watford General,5.51,West Middlesex,16.66,Watford General,5.51,Queen Charlottes',17.19
HA62TZ,51.605918,-0.441228,North,Watford General,5.37,West Middlesex,16.8,Watford General,5.37,Queen Charlottes',17.27
HA62UA,51.605755,-0.442505,North,Watford General,5.43,West Middlesex,16.82,Watford General,5.43,Queen Charlottes',17.34
HA62UB,51.602774,-0.441466,North,Watford General,5.69,West Middlesex,16.5,Watford General,5.69,Queen Charlottes',17.09
HA62UD,51.607756,-0.440833,North,Watford General,5.18,West Middlesex,16.97,Watford General,5.18,Queen Charlottes',17.37
HA62UE,51.608003,-0.437749,North,Watford General,5.05,West Middlesex,16.89,Watford General,5.05,Queen Charlottes',17.21
HA62UF,51.607213,-0.43922,North,Watford General,5.18,West Middlesex,16.86,Watford General,5.18,Queen Charlottes',17.24
HA62UG,51.604292,-0.446815,North,Watford General,5.71,West Middlesex,16.83,Watford General,5.71,Queen Charlottes',17.49
HA62UH,51.613636,-0.437324,North,Watford General,4.49,West Middlesex,17.43,Watford General,4.49,Queen Charlottes',17.56
HA62UJ,51.609166,-0.44272,North,Watford General,5.1,West Middlesex,17.16,Watford General,5.1,Queen Charlottes',17.57
HA62UL,51.616128,-0.441528,North,Watford General,4.41,West Middlesex,17.81,Watford General,4.41,Queen Charlottes',17.96
HA62UN,51.611755,-0.428448,North,Watford General,4.4,West Middlesex,16.98,Watford General,4.4,Queen Charlottes',16.95
HA62UP,51.611513,-0.429193,North,Watford General,4.45,West Middlesex,16.98,Watford General,4.45,Queen Charlottes',16.98
HA62UQ,51.613831,-0.433779,North,Watford General,4.35,West Middlesex,17.35,Watford General,4.35,Queen Charlottes',17.38
HA62UR,51.611265,-0.430155,North,Watford General,4.5,West Middlesex,16.98,Watford General,4.5,Queen Charlottes',17.01
HA62US,51.604498,-0.413739,North,Watford General,4.93,West Middlesex,15.83,Watford General,4.93,Queen Charlottes',15.66
HA62UT,51.611639,-0.431875,North,Watford General,4.51,West Middlesex,17.07,Watford General,4.51,Queen Charlottes',17.13
HA62UU,51.612372,-0.428875,North,Watford General,4.35,West Middlesex,17.05,Watford General,4.35,Queen Charlottes',17.02
HA62UW,51.61295,-0.431729,North,Watford General,4.37,West Middlesex,17.2,Watford General,4.37,Queen Charlottes',17.21
HA62UX,51.612761,-0.433108,North,Watford General,4.43,West Middlesex,17.22,Watford General,4.43,Queen Charlottes',17.27
HA62UY,51.611998,-0.432499,North,Watford General,4.49,West Middlesex,17.12,Watford General,4.49,Queen Charlottes',17.19
HA62UZ,51.612407,-0.427444,North,Watford General,4.31,West Middlesex,17.02,Watford General,4.31,Queen Charlottes',16.94
HA62WA,51.613926,-0.436866,North,Watford General,4.44,West Middlesex,17.45,Watford General,4.44,Queen Charlottes',17.56
HA62WB,51.604498,-0.413739,North,Watford General,4.93,West Middlesex,15.83,Watford General,4.93,Queen Charlottes',15.66
HA62WD,51.603696,-0.415586,North,Watford General,5.04,West Middlesex,15.8,Watford General,5.04,Queen Charlottes',15.7
HA62WE,51.613831,-0.433779,North,Watford General,4.35,West Middlesex,17.35,Watford General,4.35,Queen Charlottes',17.38
HA62WF,51.604498,-0.413739,North,Watford General,4.93,West Middlesex,15.83,Watford General,4.93,Queen Charlottes',15.66
HA62WG,51.607555,-0.44266,North,Watford General,5.26,West Middlesex,17.01,Watford General,5.26,Queen Charlottes',17.46
HA62WH,51.613831,-0.433779,North,Watford General,4.35,West Middlesex,17.35,Watford General,4.35,Queen Charlottes',17.38
HA62WJ,51.604498,-0.413739,North,Watford General,4.93,West Middlesex,15.83,Watford General,4.93,Queen Charlottes',15.66
HA62WL,51.603696,-0.415586,North,Watford General,5.04,West Middlesex,15.8,Watford General,5.04,Queen Charlottes',15.7
HA62WN,51.604498,-0.413739,North,Watford General,4.93,West Middlesex,15.83,Watford General,4.93,Queen Charlottes',15.66
HA62WP,51.604498,-0.413739,North,Watford General,4.93,West Middlesex,15.83,Watford General,4.93,Queen Charlottes',15.66
HA62WQ,51.607272,-0.442987,North,Watford General,5.3,West Middlesex,16.99,Watford General,5.3,Queen Charlottes',17.46
HA62WR,51.604498,-0.413739,North,Watford General,4.93,West Middlesex,15.83,Watford General,4.93,Queen Charlottes',15.66
HA62WS,51.604498,-0.413739,North,Watford General,4.93,West Middlesex,15.83,Watford General,4.93,Queen Charlottes',15.66
HA62WT,51.603661,-0.415645,North,Watford General,5.04,West Middlesex,15.8,Watford General,5.04,Queen Charlottes',15.7
HA62WU,51.604498,-0.413739,North,Watford General,4.93,West Middlesex,15.83,Watford General,4.93,Queen Charlottes',15.66
HA62WW,51.604498,-0.413739,North,Watford General,4.93,West Middlesex,15.83,Watford General,4.93,Queen Charlottes',15.66
HA62WX,51.604498,-0.413739,North,Watford General,4.93,West Middlesex,15.83,Watford General,4.93,Queen Charlottes',15.66
HA62WY,51.604498,-0.413739,North,Watford General,4.93,West Middlesex,15.83,Watford General,4.93,Queen Charlottes',15.66
HA62WZ,51.604498,-0.413739,North,Watford General,4.93,West Middlesex,15.83,Watford General,4.93,Queen Charlottes',15.66
HA62XA,51.605386,-0.434401,North,Watford General,5.22,West Middlesex,16.52,Watford General,5.22,Queen Charlottes',16.85
HA62XB,51.605171,-0.435131,North,Watford General,5.26,West Middlesex,16.53,Watford General,5.26,Queen Charlottes',16.88
HA62XD,51.602523,-0.437489,North,Watford General,5.59,West Middlesex,16.34,Watford General,5.59,Queen Charlottes',16.85
HA62XE,51.603685,-0.436265,North,Watford General,5.44,West Middlesex,16.42,Watford General,5.44,Queen Charlottes',16.85
HA62XF,51.602116,-0.437286,North,Watford General,5.63,West Middlesex,16.3,Watford General,5.63,Queen Charlottes',16.81
HA62XG,51.603153,-0.438854,North,Watford General,5.57,West Middlesex,16.45,Watford General,5.57,Queen Charlottes',16.96
HA62XH,51.610637,-0.430928,North,Watford General,4.59,West Middlesex,16.94,Watford General,4.59,Queen Charlottes',17.01
HA62XJ,51.612274,-0.426957,North,Watford General,4.31,West Middlesex,16.99,Watford General,4.31,Queen Charlottes',16.91
HA62XL,51.611216,-0.423817,North,Watford General,4.35,West Middlesex,16.79,Watford General,4.35,Queen Charlottes',16.67
HA62XN,51.610904,-0.423307,North,Watford General,4.38,West Middlesex,16.75,Watford General,4.38,Queen Charlottes',16.62
HA62XP,51.612318,-0.428184,North,Watford General,4.34,West Middlesex,17.03,Watford General,4.34,Queen Charlottes',16.98
HA62XQ,51.610747,-0.431776,North,Watford General,4.6,West Middlesex,16.98,Watford General,4.6,Queen Charlottes',17.06
HA62XR,51.604498,-0.413739,North,Watford General,4.93,West Middlesex,15.83,Watford General,4.93,Queen Charlottes',15.66
HA62XS,51.611163,-0.422533,North,Watford General,4.33,West Middlesex,16.75,Watford General,4.33,Queen Charlottes',16.59
HA62XT,51.611161,-0.422389,North,Watford General,4.33,West Middlesex,16.75,Watford General,4.33,Queen Charlottes',16.58
HA62XU,51.607198,-0.444174,North,Watford General,5.34,West Middlesex,17.02,Watford General,5.34,Queen Charlottes',17.52
HA62XW,51.611236,-0.423296,North,Watford General,4.34,West Middlesex,16.78,Watford General,4.34,Queen Charlottes',16.64
HA62XX,51.611173,-0.42259,North,Watford General,4.33,West Middlesex,16.75,Watford General,4.33,Queen Charlottes',16.6
HA62XY,51.61124,-0.424913,North,Watford General,4.37,West Middlesex,16.83,Watford General,4.37,Queen Charlottes',16.73
HA62XZ,51.611143,-0.42509,North,Watford General,4.39,West Middlesex,16.82,Watford General,4.39,Queen Charlottes',16.73
HA62YA,51.611064,-0.425179,North,Watford General,4.4,West Middlesex,16.82,Watford General,4.4,Queen Charlottes',16.73
HA62YB,51.613831,-0.433779,North,Watford General,4.35,West Middlesex,17.35,Watford General,4.35,Queen Charlottes',17.38
HA62YD,51.611011,-0.425253,North,Watford General,4.41,West Middlesex,16.81,Watford General,4.41,Queen Charlottes',16.73
HA62YE,51.60986,-0.42798,North,Watford General,4.59,West Middlesex,16.77,Watford General,4.59,Queen Charlottes',16.8
HA62YF,51.611128,-0.425943,North,Watford General,4.41,West Middlesex,16.84,Watford General,4.41,Queen Charlottes',16.77
HA62YG,51.610411,-0.426112,North,Watford General,4.49,West Middlesex,16.78,Watford General,4.49,Queen Charlottes',16.73
HA62YH,51.610048,-0.426558,North,Watford General,4.54,West Middlesex,16.75,Watford General,4.54,Queen Charlottes',16.73
HA62YJ,51.609886,-0.425249,North,Watford General,4.52,West Middlesex,16.7,Watford General,4.52,Queen Charlottes',16.65
HA62YL,51.608388,-0.42546,North,Watford General,4.69,West Middlesex,16.55,Watford General,4.69,Queen Charlottes',16.56
HA62YN,51.610702,-0.425741,North,Watford General,4.45,West Middlesex,16.79,Watford General,4.45,Queen Charlottes',16.73
HA62YP,51.609768,-0.424444,North,Watford General,4.52,West Middlesex,16.66,Watford General,4.52,Queen Charlottes',16.6
HA62YQ,51.607713,-0.426147,North,Watford General,4.77,West Middlesex,16.5,Watford General,4.77,Queen Charlottes',16.55
HA62YR,51.608915,-0.423232,North,Watford General,4.59,West Middlesex,16.54,Watford General,4.59,Queen Charlottes',16.47
HA62YS,51.608024,-0.424534,North,Watford General,4.71,West Middlesex,16.49,Watford General,4.71,Queen Charlottes',16.48
HA62YT,51.607807,-0.423747,North,Watford General,4.71,West Middlesex,16.44,Watford General,4.71,Queen Charlottes',16.43
HA62YU,51.60751,-0.423035,North,Watford General,4.73,West Middlesex,16.39,Watford General,4.73,Queen Charlottes',16.37
HA62YW,51.610702,-0.425741,North,Watford General,4.45,West Middlesex,16.79,Watford General,4.45,Queen Charlottes',16.73
HA62YX,51.607285,-0.427058,North,Watford General,4.84,West Middlesex,16.49,Watford General,4.84,Queen Charlottes',16.57
HA62YY,51.607876,-0.428221,North,Watford General,4.8,West Middlesex,16.58,Watford General,4.8,Queen Charlottes',16.68
HA62YZ,51.606774,-0.425819,North,Watford General,4.87,West Middlesex,16.4,Watford General,4.87,Queen Charlottes',16.47
HA62ZA,51.604498,-0.413739,North,Watford General,4.93,West Middlesex,15.83,Watford General,4.93,Queen Charlottes',15.66
HA62ZB,51.606774,-0.425819,North,Watford General,4.87,West Middlesex,16.4,Watford General,4.87,Queen Charlottes',16.47
HA62ZD,51.604498,-0.413739,North,Watford General,4.93,West Middlesex,15.83,Watford General,4.93,Queen Charlottes',15.66
HA62ZE,51.606774,-0.425819,North,Watford General,4.87,West Middlesex,16.4,Watford General,4.87,Queen Charlottes',16.47
HA62ZF,51.603696,-0.415586,North,Watford General,5.04,West Middlesex,15.8,Watford General,5.04,Queen Charlottes',15.7
HA62ZG,51.603661,-0.415645,North,Watford General,5.04,West Middlesex,15.8,Watford General,5.04,Queen Charlottes',15.7
HA62ZH,51.604498,-0.413739,North,Watford General,4.93,West Middlesex,15.83,Watford General,4.93,Queen Charlottes',15.66
HA62ZJ,51.603696,-0.415586,North,Watford General,5.04,West Middlesex,15.8,Watford General,5.04,Queen Charlottes',15.7
HA62ZL,51.603696,-0.415586,North,Watford General,5.04,West Middlesex,15.8,Watford General,5.04,Queen Charlottes',15.7
HA62ZN,51.606774,-0.425819,North,Watford General,4.87,West Middlesex,16.4,Watford General,4.87,Queen Charlottes',16.47
HA62ZP,51.604498,-0.413739,North,Watford General,4.93,West Middlesex,15.83,Watford General,4.93,Queen Charlottes',15.66
HA62ZQ,51.603696,-0.415586,North,Watford General,5.04,West Middlesex,15.8,Watford General,5.04,Queen Charlottes',15.7
HA62ZR,51.603696,-0.415586,North,Watford General,5.04,West Middlesex,15.8,Watford General,5.04,Queen Charlottes',15.7
HA62ZT,51.604498,-0.413739,North,Watford General,4.93,West Middlesex,15.83,Watford General,4.93,Queen Charlottes',15.66
HA62ZU,51.603696,-0.415586,North,Watford General,5.04,West Middlesex,15.8,Watford General,5.04,Queen Charlottes',15.7
HA62ZW,51.603696,-0.415586,North,Watford General,5.04,West Middlesex,15.8,Watford General,5.04,Queen Charlottes',15.7
HA62ZX,51.604498,-0.413739,North,Watford General,4.93,West Middlesex,15.83,Watford General,4.93,Queen Charlottes',15.66
HA63AA,51.61243,-0.425118,North,Watford General,4.25,West Middlesex,16.95,Watford General,4.25,Queen Charlottes',16.82
HA63AB,51.612035,-0.423846,North,Watford General,4.27,West Middlesex,16.88,Watford General,4.27,Queen Charlottes',16.72
HA63AD,51.6117,-0.424349,North,Watford General,4.31,West Middlesex,16.86,Watford General,4.31,Queen Charlottes',16.73
HA63AE,51.611924,-0.424933,North,Watford General,4.3,West Middlesex,16.9,Watford General,4.3,Queen Charlottes',16.77
HA63AF,51.612028,-0.425334,North,Watford General,4.3,West Middlesex,16.92,Watford General,4.3,Queen Charlottes',16.8
HA63AG,51.611867,-0.424704,North,Watford General,4.3,West Middlesex,16.88,Watford General,4.3,Queen Charlottes',16.76
HA63AH,51.612652,-0.424287,North,Watford General,4.21,West Middlesex,16.95,Watford General,4.21,Queen Charlottes',16.79
HA63AJ,51.615196,-0.422884,North,Watford General,3.91,West Middlesex,17.17,Watford General,3.91,Queen Charlottes',16.9
HA63AL,51.615151,-0.422164,North,Watford General,3.9,West Middlesex,17.15,Watford General,3.9,Queen Charlottes',16.86
HA63AN,51.616693,-0.422529,North,Watford General,3.75,West Middlesex,17.31,Watford General,3.75,Queen Charlottes',16.99
HA63AQ,51.612263,-0.425441,North,Watford General,4.28,West Middlesex,16.94,Watford General,4.28,Queen Charlottes',16.83
HA63AS,51.613591,-0.422521,North,Watford General,4.07,West Middlesex,17.0,Watford General,4.07,Queen Charlottes',16.76
HA63BA,51.616538,-0.422982,North,Watford General,3.77,West Middlesex,17.31,Watford General,3.77,Queen Charlottes',17.0
HA63BB,51.616544,-0.424094,North,Watford General,3.8,West Middlesex,17.34,Watford General,3.8,Queen Charlottes',17.06
HA63BD,51.61507,-0.423539,North,Watford General,3.94,West Middlesex,17.18,Watford General,3.94,Queen Charlottes',16.92
HA63BE,51.614718,-0.4241,North,Watford General,3.99,West Middlesex,17.16,Watford General,3.99,Queen Charlottes',16.93
HA63BG,51.611631,-0.423889,North,Watford General,4.31,West Middlesex,16.84,Watford General,4.31,Queen Charlottes',16.7
HA63BJ,51.616248,-0.424162,North,Watford General,3.83,West Middlesex,17.31,Watford General,3.83,Queen Charlottes',17.04
HA63BQ,51.613066,-0.423651,North,Watford General,4.15,West Middlesex,16.98,Watford General,4.15,Queen Charlottes',16.79
HA63DN,51.604498,-0.413739,North,Watford General,4.93,West Middlesex,15.83,Watford General,4.93,Queen Charlottes',15.66
HA63DP,51.604498,-0.413739,North,Watford General,4.93,West Middlesex,15.83,Watford General,4.93,Queen Charlottes',15.66
HA63DW,51.604498,-0.413739,North,Watford General,4.93,West Middlesex,15.83,Watford General,4.93,Queen Charlottes',15.66
HA63FB,51.61476,-0.42118,North,Watford General,3.92,West Middlesex,17.08,Watford General,3.92,Queen Charlottes',16.78
HA63FE,51.610714,-0.415862,North,Watford General,4.27,West Middlesex,16.52,Watford General,4.27,Queen Charlottes',16.21
HA63FG,51.611946,-0.415241,North,Watford General,4.13,West Middlesex,16.63,Watford General,4.13,Queen Charlottes',16.26
HA63GA,51.61384,-0.414323,North,Watford General,3.91,West Middlesex,16.81,Watford General,3.91,Queen Charlottes',16.35
HA63JT,51.604498,-0.413739,North,Watford General,4.93,West Middlesex,15.83,Watford General,4.93,Queen Charlottes',15.66
HA63JX,51.603661,-0.415645,North,Watford General,5.04,West Middlesex,15.8,Watford General,5.04,Queen Charlottes',15.7
HA63JY,51.604498,-0.413739,North,Watford General,4.93,West Middlesex,15.83,Watford General,4.93,Queen Charlottes',15.66
HA63LB,51.616805,-0.420777,North,Watford General,3.7,West Middlesex,17.28,Watford General,3.7,Queen Charlottes',16.9
HA63LG,51.616549,-0.420512,North,Watford General,3.72,West Middlesex,17.25,Watford General,3.72,Queen Charlottes',16.87
HA63LT,51.613547,-0.4139,North,Watford General,3.94,West Middlesex,16.77,Watford General,3.94,Queen Charlottes',16.31
HA63LU,51.614191,-0.414961,North,Watford General,3.88,West Middlesex,16.86,Watford General,3.88,Queen Charlottes',16.41
HA63LX,51.615309,-0.418547,North,Watford General,3.81,West Middlesex,17.07,Watford General,3.81,Queen Charlottes',16.68
HA63LY,51.615761,-0.417376,North,Watford General,3.75,West Middlesex,17.08,Watford General,3.75,Queen Charlottes',16.65
HA63LZ,51.614217,-0.41626,North,Watford General,3.9,West Middlesex,16.9,Watford General,3.9,Queen Charlottes',16.48
HA63NB,51.615318,-0.414546,North,Watford General,3.75,West Middlesex,16.96,Watford General,3.75,Queen Charlottes',16.47
HA63ND,51.614177,-0.421302,North,Watford General,3.99,West Middlesex,17.02,Watford General,3.99,Queen Charlottes',16.74
HA63NE,51.616285,-0.418224,North,Watford General,3.7,West Middlesex,17.16,Watford General,3.7,Queen Charlottes',16.73
HA63NG,51.613052,-0.418568,North,Watford General,4.06,West Middlesex,16.84,Watford General,4.06,Queen Charlottes',16.52
HA63NH,51.614029,-0.42031,North,Watford General,3.98,West Middlesex,16.98,Watford General,3.98,Queen Charlottes',16.68
HA63NJ,51.613659,-0.418243,North,Watford General,3.99,West Middlesex,16.89,Watford General,3.99,Queen Charlottes',16.54
HA63NL,51.612742,-0.416903,North,Watford General,4.07,West Middlesex,16.76,Watford General,4.07,Queen Charlottes',16.41
HA63NN,51.612413,-0.415875,North,Watford General,4.09,West Middlesex,16.7,Watford General,4.09,Queen Charlottes',16.33
HA63NQ,51.615133,-0.419521,North,Watford General,3.85,West Middlesex,17.07,Watford General,3.85,Queen Charlottes',16.72
HA63NR,51.611374,-0.415492,North,Watford General,4.2,West Middlesex,16.58,Watford General,4.2,Queen Charlottes',16.23
HA63NS,51.611893,-0.413943,North,Watford General,4.12,West Middlesex,16.6,Watford General,4.12,Queen Charlottes',16.19
HA63NT,51.61279,-0.414446,North,Watford General,4.03,West Middlesex,16.7,Watford General,4.03,Queen Charlottes',16.28
HA63NU,51.613423,-0.415377,North,Watford General,3.97,West Middlesex,16.79,Watford General,3.97,Queen Charlottes',16.37
HA63NW,51.611735,-0.416259,North,Watford General,4.17,West Middlesex,16.64,Watford General,4.17,Queen Charlottes',16.3
HA63NX,51.613975,-0.413004,North,Watford General,3.88,West Middlesex,16.79,Watford General,3.88,Queen Charlottes',16.29
HA63NY,51.613289,-0.413447,North,Watford General,3.96,West Middlesex,16.73,Watford General,3.96,Queen Charlottes',16.26
HA63PR,51.613647,-0.410704,North,Watford General,3.9,West Middlesex,16.7,Watford General,3.9,Queen Charlottes',16.15
HA63PS,51.613094,-0.411041,North,Watford General,3.96,West Middlesex,16.65,Watford General,3.96,Queen Charlottes',16.13
HA63PT,51.604498,-0.413739,North,Watford General,4.93,West Middlesex,15.83,Watford General,4.93,Queen Charlottes',15.66
HA63PU,51.612577,-0.417357,North,Watford General,4.09,West Middlesex,16.75,Watford General,4.09,Queen Charlottes',16.42
HA63PX,51.610968,-0.416719,North,Watford General,4.26,West Middlesex,16.57,Watford General,4.26,Queen Charlottes',16.27
HA63QA,51.613176,-0.408439,North,Watford General,3.94,West Middlesex,16.59,Watford General,3.94,Queen Charlottes',16.0
HA63QB,51.610537,-0.414091,North,Watford General,4.27,West Middlesex,16.46,Watford General,4.27,Queen Charlottes',16.1
HA63QD,51.610528,-0.412777,North,Watford General,4.26,West Middlesex,16.42,Watford General,4.26,Queen Charlottes',16.03
HA63QE,51.611221,-0.412811,North,Watford General,4.18,West Middlesex,16.5,Watford General,4.18,Queen Charlottes',16.08
HA63QF,51.610896,-0.412086,North,Watford General,4.21,West Middlesex,16.45,Watford General,4.21,Queen Charlottes',16.02
HA63QG,51.610044,-0.410902,North,Watford General,4.3,West Middlesex,16.33,Watford General,4.3,Queen Charlottes',15.9
HA63QH,51.611391,-0.411447,North,Watford General,4.15,West Middlesex,16.48,Watford General,4.15,Queen Charlottes',16.02
HA63QJ,51.612818,-0.41251,North,Watford General,4.01,West Middlesex,16.65,Watford General,4.01,Queen Charlottes',16.18
HA63QL,51.612255,-0.411446,North,Watford General,4.06,West Middlesex,16.57,Watford General,4.06,Queen Charlottes',16.08
HA63QN,51.612428,-0.410285,North,Watford General,4.03,West Middlesex,16.56,Watford General,4.03,Queen Charlottes',16.04
HA63QP,51.61222,-0.409555,North,Watford General,4.05,West Middlesex,16.52,Watford General,4.05,Queen Charlottes',15.98
HA63QQ,51.610792,-0.411021,North,Watford General,4.22,West Middlesex,16.41,Watford General,4.22,Queen Charlottes',15.96
HA63QR,51.611265,-0.410094,North,Watford General,4.16,West Middlesex,16.43,Watford General,4.16,Queen Charlottes',15.94
HA63QS,51.610224,-0.409596,North,Watford General,4.27,West Middlesex,16.31,Watford General,4.27,Queen Charlottes',15.84
HA63QT,51.610252,-0.40896,North,Watford General,4.26,West Middlesex,16.3,Watford General,4.26,Queen Charlottes',15.81
HA63QU,51.610738,-0.407657,North,Watford General,4.2,West Middlesex,16.32,Watford General,4.2,Queen Charlottes',15.78
HA63QW,51.613357,-0.409819,North,Watford General,3.92,West Middlesex,16.64,Watford General,3.92,Queen Charlottes',16.08
HA63QX,51.610209,-0.40782,North,Watford General,4.26,West Middlesex,16.27,Watford General,4.26,Queen Charlottes',15.75
HA63QY,51.611959,-0.40487,North,Watford General,4.06,West Middlesex,16.38,Watford General,4.06,Queen Charlottes',15.72
HA63QZ,51.611474,-0.406909,North,Watford General,4.12,West Middlesex,16.38,Watford General,4.12,Queen Charlottes',15.79
HA63RA,51.603661,-0.415645,North,Watford General,5.04,West Middlesex,15.8,Watford General,5.04,Queen Charlottes',15.7
HA63RB,51.612026,-0.407193,North,Watford General,4.06,West Middlesex,16.44,Watford General,4.06,Queen Charlottes',15.85
HA63RD,51.611698,-0.40888,North,Watford General,4.1,West Middlesex,16.45,Watford General,4.1,Queen Charlottes',15.91
HA63RE,51.610765,-0.4064,North,Watford General,4.2,West Middlesex,16.29,Watford General,4.2,Queen Charlottes',15.71
HA63RF,51.612516,-0.414181,North,Watford General,4.06,West Middlesex,16.67,Watford General,4.06,Queen Charlottes',16.25
HA63RG,51.603696,-0.415586,North,Watford General,5.04,West Middlesex,15.8,Watford General,5.04,Queen Charlottes',15.7
HA63RJ,51.603696,-0.415586,North,Watford General,5.04,West Middlesex,15.8,Watford General,5.04,Queen Charlottes',15.7
HA63RL,51.604498,-0.413739,North,Watford General,4.93,West Middlesex,15.83,Watford General,4.93,Queen Charlottes',15.66
HA63RN,51.604498,-0.413739,North,Watford General,4.93,West Middlesex,15.83,Watford General,4.93,Queen Charlottes',15.66
HA63RR,51.603696,-0.415586,North,Watford General,5.04,West Middlesex,15.8,Watford General,5.04,Queen Charlottes',15.7
HA63RT,51.603696,-0.415586,North,Watford General,5.04,West Middlesex,15.8,Watford General,5.04,Queen Charlottes',15.7
HA63RU,51.604498,-0.413739,North,Watford General,4.93,West Middlesex,15.83,Watford General,4.93,Queen Charlottes',15.66
HA63RY,51.614392,-0.419893,North,Watford General,3.94,West Middlesex,17.01,Watford General,3.94,Queen Charlottes',16.68
HA63SA,51.614563,-0.417244,North,Watford General,3.87,West Middlesex,16.96,Watford General,3.87,Queen Charlottes',16.56
HA63SB,51.614917,-0.418806,North,Watford General,3.86,West Middlesex,17.03,Watford General,3.86,Queen Charlottes',16.66
HA63SD,51.615451,-0.421749,North,Watford General,3.86,West Middlesex,17.17,Watford General,3.86,Queen Charlottes',16.86
HA63SE,51.616124,-0.416338,North,Watford General,3.69,West Middlesex,17.09,Watford General,3.69,Queen Charlottes',16.62
HA63SF,51.615616,-0.41663,North,Watford General,3.75,West Middlesex,17.05,Watford General,3.75,Queen Charlottes',16.6
HA63SJ,51.615047,-0.420448,North,Watford General,3.88,West Middlesex,17.09,Watford General,3.88,Queen Charlottes',16.76
HA63SN,51.614411,-0.421337,North,Watford General,3.96,West Middlesex,17.05,Watford General,3.96,Queen Charlottes',16.76
HA63SP,51.604498,-0.413739,North,Watford General,4.93,West Middlesex,15.83,Watford General,4.93,Queen Charlottes',15.66
HA63SQ,51.603696,-0.415586,North,Watford General,5.04,West Middlesex,15.8,Watford General,5.04,Queen Charlottes',15.7
HA63SS,51.603696,-0.415586,North,Watford General,5.04,West Middlesex,15.8,Watford General,5.04,Queen Charlottes',15.7
HA63ST,51.604498,-0.413739,North,Watford General,4.93,West Middlesex,15.83,Watford General,4.93,Queen Charlottes',15.66
HA63SU,51.604498,-0.413739,North,Watford General,4.93,West Middlesex,15.83,Watford General,4.93,Queen Charlottes',15.66
HA63SX,51.604498,-0.413739,North,Watford General,4.93,West Middlesex,15.83,Watford General,4.93,Queen Charlottes',15.66
HA63SY,51.604498,-0.413739,North,Watford General,4.93,West Middlesex,15.83,Watford General,4.93,Queen Charlottes',15.66
HA63TA,51.603696,-0.415586,North,Watford General,5.04,West Middlesex,15.8,Watford General,5.04,Queen Charlottes',15.7
HA63TD,51.604498,-0.413739,North,Watford General,4.93,West Middlesex,15.83,Watford General,4.93,Queen Charlottes',15.66
HA63TE,51.604498,-0.413739,North,Watford General,4.93,West Middlesex,15.83,Watford General,4.93,Queen Charlottes',15.66
HA63TF,51.603696,-0.415586,North,Watford General,5.04,West Middlesex,15.8,Watford General,5.04,Queen Charlottes',15.7
HA63TG,51.604498,-0.413739,North,Watford General,4.93,West Middlesex,15.83,Watford General,4.93,Queen Charlottes',15.66
HA63TL,51.604498,-0.413739,North,Watford General,4.93,West Middlesex,15.83,Watford General,4.93,Queen Charlottes',15.66
HA63TN,51.604498,-0.413739,North,Watford General,4.93,West Middlesex,15.83,Watford General,4.93,Queen Charlottes',15.66
HA63TP,51.604498,-0.413739,North,Watford General,4.93,West Middlesex,15.83,Watford General,4.93,Queen Charlottes',15.66
HA63TQ,51.604498,-0.413739,North,Watford General,4.93,West Middlesex,15.83,Watford General,4.93,Queen Charlottes',15.66
HA63TR,51.603696,-0.415586,North,Watford General,5.04,West Middlesex,15.8,Watford General,5.04,Queen Charlottes',15.7
HA63TS,51.604498,-0.413739,North,Watford General,4.93,West Middlesex,15.83,Watford General,4.93,Queen Charlottes',15.66
HA63TT,51.603696,-0.415586,North,Watford General,5.04,West Middlesex,15.8,Watford General,5.04,Queen Charlottes',15.7
HA63TW,51.603696,-0.415586,North,Watford General,5.04,West Middlesex,15.8,Watford General,5.04,Queen Charlottes',15.7
HA63UA,51.604498,-0.413739,North,Watford General,4.93,West Middlesex,15.83,Watford General,4.93,Queen Charlottes',15.66
HA63WA,51.604498,-0.413739,North,Watford General,4.93,West Middlesex,15.83,Watford General,4.93,Queen Charlottes',15.66
HA63WB,51.603696,-0.415586,North,Watford General,5.04,West Middlesex,15.8,Watford General,5.04,Queen Charlottes',15.7
HA63WD,51.603661,-0.415645,North,Watford General,5.04,West Middlesex,15.8,Watford General,5.04,Queen Charlottes',15.7
HA63WE,51.604498,-0.413739,North,Watford General,4.93,West Middlesex,15.83,Watford General,4.93,Queen Charlottes',15.66
HA63WF,51.604498,-0.413739,North,Watford General,4.93,West Middlesex,15.83,Watford General,4.93,Queen Charlottes',15.66
HA63WG,51.604498,-0.413739,North,Watford General,4.93,West Middlesex,15.83,Watford General,4.93,Queen Charlottes',15.66
HA63WH,51.604498,-0.413739,North,Watford General,4.93,West Middlesex,15.83,Watford General,4.93,Queen Charlottes',15.66
HA63WJ,51.604498,-0.413739,North,Watford General,4.93,West Middlesex,15.83,Watford General,4.93,Queen Charlottes',15.66
HA63WL,51.603661,-0.415645,North,Watford General,5.04,West Middlesex,15.8,Watford General,5.04,Queen Charlottes',15.7
HA63XA,51.603696,-0.415586,North,Watford General,5.04,West Middlesex,15.8,Watford General,5.04,Queen Charlottes',15.7
HA63XN,51.604498,-0.413739,North,Watford General,4.93,West Middlesex,15.83,Watford General,4.93,Queen Charlottes',15.66
HA63XP,51.603696,-0.415586,North,Watford General,5.04,West Middlesex,15.8,Watford General,5.04,Queen Charlottes',15.7
HA63XQ,51.603661,-0.415645,North,Watford General,5.04,West Middlesex,15.8,Watford General,5.04,Queen Charlottes',15.7
HA63XR,51.603696,-0.415586,North,Watford General,5.04,West Middlesex,15.8,Watford General,5.04,Queen Charlottes',15.7
HA63ZG,51.604498,-0.413739,North,Watford General,4.93,West Middlesex,15.83,Watford General,4.93,Queen Charlottes',15.66
HA63ZH,51.604498,-0.413739,North,Watford General,4.93,West Middlesex,15.83,Watford General,4.93,Queen Charlottes',15.66
HA63ZJ,51.603696,-0.415586,North,Watford General,5.04,West Middlesex,15.8,Watford General,5.04,Queen Charlottes',15.7
HA63ZL,51.604498,-0.413739,North,Watford General,4.93,West Middlesex,15.83,Watford General,4.93,Queen Charlottes',15.66
HA63ZN,51.604498,-0.413739,North,Watford General,4.93,West Middlesex,15.83,Watford General,4.93,Queen Charlottes',15.66
HA63ZQ,51.603696,-0.415586,North,Watford General,5.04,West Middlesex,15.8,Watford General,5.04,Queen Charlottes',15.7
HA69AG,51.603696,-0.415586,North,Watford General,5.04,West Middlesex,15.8,Watford General,5.04,Queen Charlottes',15.7
HA69AN,51.603696,-0.415586,North,Watford General,5.04,West Middlesex,15.8,Watford General,5.04,Queen Charlottes',15.7
HA69AP,51.603696,-0.415586,North,Watford General,5.04,West Middlesex,15.8,Watford General,5.04,Queen Charlottes',15.7
HA69AQ,51.603696,-0.415586,North,Watford General,5.04,West Middlesex,15.8,Watford General,5.04,Queen Charlottes',15.7
HA69AT,51.603696,-0.415586,North,Watford General,5.04,West Middlesex,15.8,Watford General,5.04,Queen Charlottes',15.7
HA69AU,51.603696,-0.415586,North,Watford General,5.04,West Middlesex,15.8,Watford General,5.04,Queen Charlottes',15.7
HA69AX,51.603661,-0.415645,North,Watford General,5.04,West Middlesex,15.8,Watford General,5.04,Queen Charlottes',15.7
HA69AY,51.603696,-0.415586,North,Watford General,5.04,West Middlesex,15.8,Watford General,5.04,Queen Charlottes',15.7
HA69AZ,51.603696,-0.415586,North,Watford General,5.04,West Middlesex,15.8,Watford General,5.04,Queen Charlottes',15.7
HA69BA,51.604498,-0.413739,North,Watford General,4.93,West Middlesex,15.83,Watford General,4.93,Queen Charlottes',15.66
HA69BB,51.603696,-0.415586,North,Watford General,5.04,West Middlesex,15.8,Watford General,5.04,Queen Charlottes',15.7
HA69BD,51.603696,-0.415586,North,Watford General,5.04,West Middlesex,15.8,Watford General,5.04,Queen Charlottes',15.7
HA69BE,51.604498,-0.413739,North,Watford General,4.93,West Middlesex,15.83,Watford General,4.93,Queen Charlottes',15.66
HA69BF,51.604498,-0.413739,North,Watford General,4.93,West Middlesex,15.83,Watford General,4.93,Queen Charlottes',15.66
HA69BG,51.604498,-0.413739,North,Watford General,4.93,West Middlesex,15.83,Watford General,4.93,Queen Charlottes',15.66
HA69BH,51.604498,-0.413739,North,Watford General,4.93,West Middlesex,15.83,Watford General,4.93,Queen Charlottes',15.66
HA69BJ,51.604498,-0.413739,North,Watford General,4.93,West Middlesex,15.83,Watford General,4.93,Queen Charlottes',15.66
HA69BL,51.604498,-0.413739,North,Watford General,4.93,West Middlesex,15.83,Watford General,4.93,Queen Charlottes',15.66
HA69BN,51.603696,-0.415586,North,Watford General,5.04,West Middlesex,15.8,Watford General,5.04,Queen Charlottes',15.7
HA69BP,51.603696,-0.415586,North,Watford General,5.04,West Middlesex,15.8,Watford General,5.04,Queen Charlottes',15.7
HA69BQ,51.603696,-0.415586,North,Watford General,5.04,West Middlesex,15.8,Watford General,5.04,Queen Charlottes',15.7
HA69BR,51.603696,-0.415586,North,Watford General,5.04,West Middlesex,15.8,Watford General,5.04,Queen Charlottes',15.7
HA69BS,51.603696,-0.415586,North,Watford General,5.04,West Middlesex,15.8,Watford General,5.04,Queen Charlottes',15.7
HA69BT,51.603661,-0.415645,North,Watford General,5.04,West Middlesex,15.8,Watford General,5.04,Queen Charlottes',15.7
HA69BU,51.604498,-0.413739,North,Watford General,4.93,West Middlesex,15.83,Watford General,4.93,Queen Charlottes',15.66
HA69BW,51.603661,-0.415645,North,Watford General,5.04,West Middlesex,15.8,Watford General,5.04,Queen Charlottes',15.7
HA69BX,51.603696,-0.415586,North,Watford General,5.04,West Middlesex,15.8,Watford General,5.04,Queen Charlottes',15.7
HA69BY,51.604498,-0.413739,North,Watford General,4.93,West Middlesex,15.83,Watford General,4.93,Queen Charlottes',15.66
HA69BZ,51.603696,-0.415586,North,Watford General,5.04,West Middlesex,15.8,Watford General,5.04,Queen Charlottes',15.7
HA69DA,51.604498,-0.413739,North,Watford General,4.93,West Middlesex,15.83,Watford General,4.93,Queen Charlottes',15.66
HA69DB,51.603696,-0.415586,North,Watford General,5.04,West Middlesex,15.8,Watford General,5.04,Queen Charlottes',15.7
HA69DD,51.603696,-0.415586,North,Watford General,5.04,West Middlesex,15.8,Watford General,5.04,Queen Charlottes',15.7
HA69DE,51.604498,-0.413739,North,Watford General,4.93,West Middlesex,15.83,Watford General,4.93,Queen Charlottes',15.66
HA69DF,51.603696,-0.415586,North,Watford General,5.04,West Middlesex,15.8,Watford General,5.04,Queen Charlottes',15.7
HA69DG,51.603661,-0.415645,North,Watford General,5.04,West Middlesex,15.8,Watford General,5.04,Queen Charlottes',15.7
HA69DH,51.603696,-0.415586,North,Watford General,5.04,West Middlesex,15.8,Watford General,5.04,Queen Charlottes',15.7
HA69DJ,51.603696,-0.415586,North,Watford General,5.04,West Middlesex,15.8,Watford General,5.04,Queen Charlottes',15.7
HA69DL,51.603696,-0.415586,North,Watford General,5.04,West Middlesex,15.8,Watford General,5.04,Queen Charlottes',15.7
HA69DN,51.603696,-0.415586,North,Watford General,5.04,West Middlesex,15.8,Watford General,5.04,Queen Charlottes',15.7
HA69DP,51.604498,-0.413739,North,Watford General,4.93,West Middlesex,15.83,Watford General,4.93,Queen Charlottes',15.66
HA69DQ,51.603696,-0.415586,North,Watford General,5.04,West Middlesex,15.8,Watford General,5.04,Queen Charlottes',15.7
HA69DR,51.603696,-0.415586,North,Watford General,5.04,West Middlesex,15.8,Watford General,5.04,Queen Charlottes',15.7
HA69DS,51.603661,-0.415645,North,Watford General,5.04,West Middlesex,15.8,Watford General,5.04,Queen Charlottes',15.7
HA69DT,51.603696,-0.415586,North,Watford General,5.04,West Middlesex,15.8,Watford General,5.04,Queen Charlottes',15.7
HA69DU,51.603696,-0.415586,North,Watford General,5.04,West Middlesex,15.8,Watford General,5.04,Queen Charlottes',15.7
HA69DW,51.603696,-0.415586,North,Watford General,5.04,West Middlesex,15.8,Watford General,5.04,Queen Charlottes',15.7
HA69DX,51.603661,-0.415645,North,Watford General,5.04,West Middlesex,15.8,Watford General,5.04,Queen Charlottes',15.7
HA69DY,51.603696,-0.415586,North,Watford General,5.04,West Middlesex,15.8,Watford General,5.04,Queen Charlottes',15.7
HA69DZ,51.603661,-0.415645,North,Watford General,5.04,West Middlesex,15.8,Watford General,5.04,Queen Charlottes',15.7
HA69EA,51.603661,-0.415645,North,Watford General,5.04,West Middlesex,15.8,Watford General,5.04,Queen Charlottes',15.7
HA69EB,51.603696,-0.415586,North,Watford General,5.04,West Middlesex,15.8,Watford General,5.04,Queen Charlottes',15.7
HA69ED,51.603661,-0.415645,North,Watford General,5.04,West Middlesex,15.8,Watford General,5.04,Queen Charlottes',15.7
HA69EE,51.603696,-0.415586,North,Watford General,5.04,West Middlesex,15.8,Watford General,5.04,Queen Charlottes',15.7
HA69EF,51.603696,-0.415586,North,Watford General,5.04,West Middlesex,15.8,Watford General,5.04,Queen Charlottes',15.7
HA69EG,51.603661,-0.415645,North,Watford General,5.04,West Middlesex,15.8,Watford General,5.04,Queen Charlottes',15.7
HA69EH,51.603696,-0.415586,North,Watford General,5.04,West Middlesex,15.8,Watford General,5.04,Queen Charlottes',15.7
HA69EJ,51.603661,-0.415645,North,Watford General,5.04,West Middlesex,15.8,Watford General,5.04,Queen Charlottes',15.7
HA69EL,51.603696,-0.415586,North,Watford General,5.04,West Middlesex,15.8,Watford General,5.04,Queen Charlottes',15.7
HA69EN,51.603696,-0.415586,North,Watford General,5.04,West Middlesex,15.8,Watford General,5.04,Queen Charlottes',15.7
HA69EP,51.603696,-0.415586,North,Watford General,5.04,West Middlesex,15.8,Watford General,5.04,Queen Charlottes',15.7
HA69EQ,51.603696,-0.415586,North,Watford General,5.04,West Middlesex,15.8,Watford General,5.04,Queen Charlottes',15.7
HA69ER,51.603696,-0.415586,North,Watford General,5.04,West Middlesex,15.8,Watford General,5.04,Queen Charlottes',15.7
HA69ES,51.603661,-0.415645,North,Watford General,5.04,West Middlesex,15.8,Watford General,5.04,Queen Charlottes',15.7
HA69ET,51.603696,-0.415586,North,Watford General,5.04,West Middlesex,15.8,Watford General,5.04,Queen Charlottes',15.7
HA69EU,51.603696,-0.415586,North,Watford General,5.04,West Middlesex,15.8,Watford General,5.04,Queen Charlottes',15.7
HA69EW,51.603696,-0.415586,North,Watford General,5.04,West Middlesex,15.8,Watford General,5.04,Queen Charlottes',15.7
HA69EX,51.603661,-0.415645,North,Watford General,5.04,West Middlesex,15.8,Watford General,5.04,Queen Charlottes',15.7
HA69EY,51.603696,-0.415586,North,Watford General,5.04,West Middlesex,15.8,Watford General,5.04,Queen Charlottes',15.7
HA69EZ,51.603696,-0.415586,North,Watford General,5.04,West Middlesex,15.8,Watford General,5.04,Queen Charlottes',15.7
HA69FA,51.603696,-0.415586,North,Watford General,5.04,West Middlesex,15.8,Watford General,5.04,Queen Charlottes',15.7
HA69FB,51.603661,-0.415645,North,Watford General,5.04,West Middlesex,15.8,Watford General,5.04,Queen Charlottes',15.7
HA69FD,51.603661,-0.415645,North,Watford General,5.04,West Middlesex,15.8,Watford General,5.04,Queen Charlottes',15.7
HA69FE,51.603696,-0.415586,North,Watford General,5.04,West Middlesex,15.8,Watford General,5.04,Queen Charlottes',15.7
HA69FF,51.603696,-0.415586,North,Watford General,5.04,West Middlesex,15.8,Watford General,5.04,Queen Charlottes',15.7
HA69FG,51.603696,-0.415586,North,Watford General,5.04,West Middlesex,15.8,Watford General,5.04,Queen Charlottes',15.7
HA69FH,51.603696,-0.415586,North,Watford General,5.04,West Middlesex,15.8,Watford General,5.04,Queen Charlottes',15.7
HA69FJ,51.603661,-0.415645,North,Watford General,5.04,West Middlesex,15.8,Watford General,5.04,Queen Charlottes',15.7
HA69FN,51.603696,-0.415586,North,Watford General,5.04,West Middlesex,15.8,Watford General,5.04,Queen Charlottes',15.7
HA69FP,51.603661,-0.415645,North,Watford General,5.04,West Middlesex,15.8,Watford General,5.04,Queen Charlottes',15.7
HA69FQ,51.603696,-0.415586,North,Watford General,5.04,West Middlesex,15.8,Watford General,5.04,Queen Charlottes',15.7
HA69FR,51.603696,-0.415586,North,Watford General,5.04,West Middlesex,15.8,Watford General,5.04,Queen Charlottes',15.7
HA69FS,51.603661,-0.415645,North,Watford General,5.04,West Middlesex,15.8,Watford General,5.04,Queen Charlottes',15.7
HA69FT,51.603696,-0.415586,North,Watford General,5.04,West Middlesex,15.8,Watford General,5.04,Queen Charlottes',15.7
HA69FU,51.603696,-0.415586,North,Watford General,5.04,West Middlesex,15.8,Watford General,5.04,Queen Charlottes',15.7
HA69FW,51.603696,-0.415586,North,Watford General,5.04,West Middlesex,15.8,Watford General,5.04,Queen Charlottes',15.7
HA69FX,51.603696,-0.415586,North,Watford General,5.04,West Middlesex,15.8,Watford General,5.04,Queen Charlottes',15.7
HA69FY,51.603661,-0.415645,North,Watford General,5.04,West Middlesex,15.8,Watford General,5.04,Queen Charlottes',15.7
HA69FZ,51.603661,-0.415645,North,Watford General,5.04,West Middlesex,15.8,Watford General,5.04,Queen Charlottes',15.7
HA69GA,51.603661,-0.415645,North,Watford General,5.04,West Middlesex,15.8,Watford General,5.04,Queen Charlottes',15.7
HA69GB,51.603696,-0.415586,North,Watford General,5.04,West Middlesex,15.8,Watford General,5.04,Queen Charlottes',15.7
HA69GD,51.603661,-0.415645,North,Watford General,5.04,West Middlesex,15.8,Watford General,5.04,Queen Charlottes',15.7
HA69GE,51.603661,-0.415645,North,Watford General,5.04,West Middlesex,15.8,Watford General,5.04,Queen Charlottes',15.7
HA69GF,51.603661,-0.415645,North,Watford General,5.04,West Middlesex,15.8,Watford General,5.04,Queen Charlottes',15.7
HA69GG,51.603661,-0.415645,North,Watford General,5.04,West Middlesex,15.8,Watford General,5.04,Queen Charlottes',15.7
HA69GH,51.603661,-0.415645,North,Watford General,5.04,West Middlesex,15.8,Watford General,5.04,Queen Charlottes',15.7
HA69GJ,51.603661,-0.415645,North,Watford General,5.04,West Middlesex,15.8,Watford General,5.04,Queen Charlottes',15.7
HA69GL,51.603661,-0.415645,North,Watford General,5.04,West Middlesex,15.8,Watford General,5.04,Queen Charlottes',15.7
HA69GN,51.603661,-0.415645,North,Watford General,5.04,West Middlesex,15.8,Watford General,5.04,Queen Charlottes',15.7
HA69GP,51.603661,-0.415645,North,Watford General,5.04,West Middlesex,15.8,Watford General,5.04,Queen Charlottes',15.7
HA69GQ,51.603661,-0.415645,North,Watford General,5.04,West Middlesex,15.8,Watford General,5.04,Queen Charlottes',15.7
HA69GR,51.603661,-0.415645,North,Watford General,5.04,West Middlesex,15.8,Watford General,5.04,Queen Charlottes',15.7
HA69GS,51.603661,-0.415645,North,Watford General,5.04,West Middlesex,15.8,Watford General,5.04,Queen Charlottes',15.7
HA69GT,51.603661,-0.415645,North,Watford General,5.04,West Middlesex,15.8,Watford General,5.04,Queen Charlottes',15.7
HA69GU,51.603661,-0.415645,North,Watford General,5.04,West Middlesex,15.8,Watford General,5.04,Queen Charlottes',15.7
HA69GW,51.603661,-0.415645,North,Watford General,5.04,West Middlesex,15.8,Watford General,5.04,Queen Charlottes',15.7
HA69GX,51.603661,-0.415645,North,Watford General,5.04,West Middlesex,15.8,Watford General,5.04,Queen Charlottes',15.7
HA69GY,51.603661,-0.415645,North,Watford General,5.04,West Middlesex,15.8,Watford General,5.04,Queen Charlottes',15.7
HA69GZ,51.603661,-0.415645,North,Watford General,5.04,West Middlesex,15.8,Watford General,5.04,Queen Charlottes',15.7
HA69HA,51.603661,-0.415645,North,Watford General,5.04,West Middlesex,15.8,Watford General,5.04,Queen Charlottes',15.7
HA69HB,51.603661,-0.415645,North,Watford General,5.04,West Middlesex,15.8,Watford General,5.04,Queen Charlottes',15.7
HA69HD,51.603661,-0.415645,North,Watford General,5.04,West Middlesex,15.8,Watford General,5.04,Queen Charlottes',15.7
HA69HE,51.603661,-0.415645,North,Watford General,5.04,West Middlesex,15.8,Watford General,5.04,Queen Charlottes',15.7
HA69HF,51.603661,-0.415645,North,Watford General,5.04,West Middlesex,15.8,Watford General,5.04,Queen Charlottes',15.7
HA69HG,51.603661,-0.415645,North,Watford General,5.04,West Middlesex,15.8,Watford General,5.04,Queen Charlottes',15.7
HA69HH,51.603661,-0.415645,North,Watford General,5.04,West Middlesex,15.8,Watford General,5.04,Queen Charlottes',15.7
HA69HJ,51.603661,-0.415645,North,Watford General,5.04,West Middlesex,15.8,Watford General,5.04,Queen Charlottes',15.7
HA69HL,51.603661,-0.415645,North,Watford General,5.04,West Middlesex,15.8,Watford General,5.04,Queen Charlottes',15.7
HA69HN,51.603661,-0.415645,North,Watford General,5.04,West Middlesex,15.8,Watford General,5.04,Queen Charlottes',15.7
HA69HP,51.603661,-0.415645,North,Watford General,5.04,West Middlesex,15.8,Watford General,5.04,Queen Charlottes',15.7
HA69HQ,51.603661,-0.415645,North,Watford General,5.04,West Middlesex,15.8,Watford General,5.04,Queen Charlottes',15.7
HA69HR,51.603661,-0.415645,North,Watford General,5.04,West Middlesex,15.8,Watford General,5.04,Queen Charlottes',15.7
HA69HS,51.603661,-0.415645,North,Watford General,5.04,West Middlesex,15.8,Watford General,5.04,Queen Charlottes',15.7
HA69HT,51.603661,-0.415645,North,Watford General,5.04,West Middlesex,15.8,Watford General,5.04,Queen Charlottes',15.7
HA69HU,51.603661,-0.415645,North,Watford General,5.04,West Middlesex,15.8,Watford General,5.04,Queen Charlottes',15.7
HA69HW,51.603661,-0.415645,North,Watford General,5.04,West Middlesex,15.8,Watford General,5.04,Queen Charlottes',15.7
HA69HX,51.603661,-0.415645,North,Watford General,5.04,West Middlesex,15.8,Watford General,5.04,Queen Charlottes',15.7
HA69HY,51.603661,-0.415645,North,Watford General,5.04,West Middlesex,15.8,Watford General,5.04,Queen Charlottes',15.7
HA69HZ,51.603661,-0.415645,North,Watford General,5.04,West Middlesex,15.8,Watford General,5.04,Queen Charlottes',15.7
HA69JA,51.603661,-0.415645,North,Watford General,5.04,West Middlesex,15.8,Watford General,5.04,Queen Charlottes',15.7
HA69JB,51.603661,-0.415645,North,Watford General,5.04,West Middlesex,15.8,Watford General,5.04,Queen Charlottes',15.7
HA69JD,51.603661,-0.415645,North,Watford General,5.04,West Middlesex,15.8,Watford General,5.04,Queen Charlottes',15.7
HA69JE,51.603661,-0.415645,North,Watford General,5.04,West Middlesex,15.8,Watford General,5.04,Queen Charlottes',15.7
HA69JG,51.603661,-0.415645,North,Watford General,5.04,West Middlesex,15.8,Watford General,5.04,Queen Charlottes',15.7
HA69JH,51.603661,-0.415645,North,Watford General,5.04,West Middlesex,15.8,Watford General,5.04,Queen Charlottes',15.7
HA69JJ,51.603661,-0.415645,North,Watford General,5.04,West Middlesex,15.8,Watford General,5.04,Queen Charlottes',15.7
HA73FB,51.626532,-0.333449,North,Watford General,5.48,Royal Free Hospital,14.19,Watford General,5.48,Queen Charlottes',13.91
HA73FR,51.630264,-0.336664,North,Watford General,5.11,Royal Free Hospital,14.61,Watford General,5.11,Queen Charlottes',14.38
HA73FT,51.624146,-0.340861,North,Watford General,5.17,Royal Free Hospital,14.46,Watford General,5.17,Queen Charlottes',13.93
HA73GA,51.629478,-0.335118,North,Watford General,5.24,Royal Free Hospital,14.47,Watford General,5.24,Queen Charlottes',14.25
HA73GB,51.626613,-0.33661,North,Watford General,5.29,Royal Free Hospital,14.37,Watford General,5.29,Queen Charlottes',14.02
HA73GD,51.626915,-0.338304,North,Watford General,5.17,Royal Free Hospital,14.49,Watford General,5.17,Queen Charlottes',14.11
HA73GE,51.626934,-0.335139,North,Watford General,5.36,Royal Free Hospital,14.31,Watford General,5.36,Queen Charlottes',14.0
HA73GF,51.626906,-0.334447,North,Watford General,5.4,Royal Free Hospital,14.27,Watford General,5.4,Queen Charlottes',13.98
HA73GH,51.627512,-0.332214,North,Watford General,5.51,Royal Free Hospital,14.18,Watford General,5.51,Queen Charlottes',13.96
HA73GL,51.626518,-0.334403,North,Watford General,5.43,Royal Free Hospital,14.24,Watford General,5.43,Queen Charlottes',13.94
HA73HH,51.62655,-0.333448,North,Watford General,5.48,Royal Free Hospital,14.19,Watford General,5.48,Queen Charlottes',13.91
HA73HL,51.627387,-0.330383,North,Watford General,5.63,Royal Free Hospital,14.07,Watford General,5.63,Queen Charlottes',13.89
HA73HP,51.628705,-0.329425,North,Watford General,5.64,Royal Free Hospital,14.1,Watford General,5.64,Queen Charlottes',13.99
HA73HR,51.628748,-0.333108,North,Watford General,5.4,Royal Free Hospital,14.31,Watford General,5.4,Queen Charlottes',14.11
HA73HS,51.630635,-0.334267,North,Watford General,5.24,Royal Free Hospital,14.5,Watford General,5.24,Queen Charlottes',14.33
HA73HT,51.630543,-0.335411,North,Watford General,5.18,Royal Free Hospital,14.56,Watford General,5.18,Queen Charlottes',14.36
HA73HU,51.631143,-0.335187,North,Watford General,5.16,Royal Free Hospital,14.58,Watford General,5.16,Queen Charlottes',14.41
HA73HZ,51.629535,-0.337197,North,Watford General,5.11,Royal Free Hospital,14.59,Watford General,5.11,Queen Charlottes',14.32
HA73JA,51.629066,-0.337098,North,Watford General,5.14,Royal Free Hospital,14.56,Watford General,5.14,Queen Charlottes',14.28
HA73JB,51.628051,-0.337872,North,Watford General,5.14,Royal Free Hospital,14.53,Watford General,5.14,Queen Charlottes',14.2
HA73JD,51.62593,-0.341128,North,Watford General,5.05,Royal Free Hospital,14.59,Watford General,5.05,Queen Charlottes',14.11
HA73JE,51.624468,-0.340734,North,Watford General,5.15,Royal Free Hospital,14.47,Watford General,5.15,Queen Charlottes',13.96
HA73JF,51.622107,-0.344229,North,Watford General,5.1,Royal Free Hospital,14.54,Watford General,5.1,Queen Charlottes',13.86
HA73JY,51.631547,-0.333265,North,Watford General,5.27,Royal Free Hospital,14.5,Watford General,5.27,Queen Charlottes',14.39
HA73JZ,51.63119,-0.334058,North,Watford General,5.23,Royal Free Hospital,14.52,Watford General,5.23,Queen Charlottes',14.38
HA74WH,51.631144,-0.322009,North,Watford General,6.02,Royal Free Hospital,13.86,Watford General,6.02,Queen Charlottes',14.01
HA74WL,51.631583,-0.321892,North,Watford General,6.01,Royal Free Hospital,13.89,Watford General,6.01,Queen Charlottes',14.05
HA74WU,51.631755,-0.322594,North,Watford General,5.96,Royal Free Hospital,13.94,Watford General,5.96,Queen Charlottes',14.08
TW140TU,51.59708,-0.403168,North,Watford General,5.72,West Middlesex,14.79,Watford General,5.72,Queen Charlottes',14.57
UB32UW,51.606264,-0.417287,North,Watford General,4.78,West Middlesex,16.11,Watford General,4.78,Queen Charlottes',15.97
UB96AB,51.599728,-0.483515,North,Watford General,7.69,West Middlesex,17.83,Watford General,7.69,Queen Charlottes',19.41
UB96BA,51.59993,-0.482483,North,Watford General,7.62,West Middlesex,17.81,Watford General,7.62,Queen Charlottes',19.36
UB96BD,51.603907,-0.482639,North,Watford General,7.32,West Middlesex,18.16,Watford General,7.32,Queen Charlottes',19.58
UB96BE,51.606616,-0.491921,North,Watford General,7.62,West Middlesex,18.79,Watford General,7.62,Queen Charlottes',20.29
UB96BG,51.606942,-0.493485,North,Watford General,7.68,West Middlesex,18.89,Watford General,7.68,Queen Charlottes',20.4
UB96BH,51.607483,-0.492225,North,Watford General,7.58,West Middlesex,18.88,Watford General,7.58,Queen Charlottes',20.35
UB96BJ,51.604557,-0.483556,North,Watford General,7.32,West Middlesex,18.26,Watford General,7.32,Queen Charlottes',19.67
UB96BL,51.604434,-0.485134,North,Watford General,7.41,West Middlesex,18.31,Watford General,7.41,Queen Charlottes',19.76
UB96BN,51.606038,-0.492417,North,Watford General,7.68,West Middlesex,18.76,Watford General,7.68,Queen Charlottes',20.28
UB96BP,51.605156,-0.488851,North,Watford General,7.55,West Middlesex,18.53,Watford General,7.55,Queen Charlottes',20.02
UB96BQ,51.607695,-0.491178,North,Watford General,7.5,West Middlesex,18.86,Watford General,7.5,Queen Charlottes',20.3
UB96BS,51.604404,-0.486363,North,Watford General,7.48,West Middlesex,18.36,Watford General,7.48,Queen Charlottes',19.83
UB96BT,51.603032,-0.483116,North,Watford General,7.41,West Middlesex,18.11,Watford General,7.41,Queen Charlottes',19.56
UB96BU,51.603537,-0.482522,North,Watford General,7.34,West Middlesex,18.13,Watford General,7.34,Queen Charlottes',19.55
UB96BW,51.606499,-0.494048,North,Watford General,7.74,West Middlesex,18.87,Watford General,7.74,Queen Charlottes',20.41
UB96BX,51.603476,-0.482018,North,Watford General,7.32,West Middlesex,18.1,Watford General,7.32,Queen Charlottes',19.52
UB96BY,51.602007,-0.483165,North,Watford General,7.49,West Middlesex,18.02,Watford General,7.49,Queen Charlottes',19.51
UB96BZ,51.602109,-0.483421,North,Watford General,7.5,West Middlesex,18.04,Watford General,7.5,Queen Charlottes',19.53
UB96DA,51.600426,-0.483939,North,Watford General,7.65,West Middlesex,17.91,Watford General,7.65,Queen Charlottes',19.47
UB96DB,51.600219,-0.483917,North,Watford General,7.67,West Middlesex,17.89,Watford General,7.67,Queen Charlottes',19.46
UB96DD,51.600438,-0.484878,North,Watford General,7.7,West Middlesex,17.95,Watford General,7.7,Queen Charlottes',19.53
UB96DE,51.60328,-0.484277,North,Watford General,7.45,West Middlesex,18.18,Watford General,7.45,Queen Charlottes',19.64
UB96DG,51.602941,-0.485141,North,Watford General,7.52,West Middlesex,18.18,Watford General,7.52,Queen Charlottes',19.68
UB96DH,51.601704,-0.48407,North,Watford General,7.56,West Middlesex,18.03,Watford General,7.56,Queen Charlottes',19.55
UB96DJ,51.599987,-0.485456,North,Watford General,7.76,West Middlesex,17.94,Watford General,7.76,Queen Charlottes',19.54
UB96DL,51.599508,-0.484576,North,Watford General,7.76,West Middlesex,17.86,Watford General,7.76,Queen Charlottes',19.46
UB96DN,51.598474,-0.48464,North,Watford General,7.84,West Middlesex,17.77,Watford General,7.84,Queen Charlottes',19.41
UB96DP,51.59926,-0.483487,North,Watford General,7.72,West Middlesex,17.79,Watford General,7.72,Queen Charlottes',19.38
UB96DQ,51.600769,-0.484765,North,Watford General,7.67,West Middlesex,17.98,Watford General,7.67,Queen Charlottes',19.54
UB96DR,51.59798,-0.483227,North,Watford General,7.81,West Middlesex,17.67,Watford General,7.81,Queen Charlottes',19.3
UB96DS,51.597656,-0.483237,North,Watford General,7.84,West Middlesex,17.64,Watford General,7.84,Queen Charlottes',19.28
UB96DT,51.600868,-0.483362,North,Watford General,7.59,West Middlesex,17.93,Watford General,7.59,Queen Charlottes',19.46
UB96DU,51.59743,-0.483115,North,Watford General,7.85,West Middlesex,17.61,Watford General,7.85,Queen Charlottes',19.26
UB96DX,51.598548,-0.483395,North,Watford General,7.77,West Middlesex,17.72,Watford General,7.77,Queen Charlottes',19.34
UB96DY,51.597645,-0.483743,North,Watford General,7.86,West Middlesex,17.66,Watford General,7.86,Queen Charlottes',19.31
UB96DZ,51.597281,-0.483481,North,Watford General,7.88,West Middlesex,17.62,Watford General,7.88,Queen Charlottes',19.28
UB96EA,51.600633,-0.483297,North,Watford General,7.61,West Middlesex,17.9,Watford General,7.61,Queen Charlottes',19.44
UB96EB,51.6026,-0.48238,North,Watford General,7.41,West Middlesex,18.04,Watford General,7.41,Queen Charlottes',19.49
UB96ED,51.598666,-0.484171,North,Watford General,7.8,West Middlesex,17.77,Watford General,7.8,Queen Charlottes',19.39
UB96EE,51.602353,-0.4849,North,Watford General,7.55,West Middlesex,18.12,Watford General,7.55,Queen Charlottes',19.63
UB96EF,51.603526,-0.482363,North,Watford General,7.34,West Middlesex,18.12,Watford General,7.34,Queen Charlottes',19.54
UB96EG,51.605198,-0.4789,North,Watford General,7.03,West Middlesex,18.13,Watford General,7.03,Queen Charlottes',19.43
UB96EH,51.606524,-0.479173,North,Watford General,6.95,West Middlesex,18.26,Watford General,6.95,Queen Charlottes',19.52
UB96EJ,51.607185,-0.479541,North,Watford General,6.92,West Middlesex,18.33,Watford General,6.92,Queen Charlottes',19.58
UB96EL,51.606067,-0.477975,North,Watford General,6.92,West Middlesex,18.17,Watford General,6.92,Queen Charlottes',19.42
UB96EN,51.605714,-0.476341,North,Watford General,6.87,West Middlesex,18.07,Watford General,6.87,Queen Charlottes',19.3
UB96EP,51.606753,-0.477447,North,Watford General,6.84,West Middlesex,18.21,Watford General,6.84,Queen Charlottes',19.43
UB96EQ,51.60607,-0.480228,North,Watford General,7.04,West Middlesex,18.26,Watford General,7.04,Queen Charlottes',19.55
UB96ER,51.605962,-0.476794,North,Watford General,6.87,West Middlesex,18.11,Watford General,6.87,Queen Charlottes',19.34
UB96ES,51.606719,-0.475498,North,Watford General,6.75,West Middlesex,18.13,Watford General,6.75,Queen Charlottes',19.31
UB96ET,51.605815,-0.475153,North,Watford General,6.8,West Middlesex,18.03,Watford General,6.8,Queen Charlottes',19.24
UB96EU,51.604667,-0.473993,North,Watford General,6.83,West Middlesex,17.88,Watford General,6.83,Queen Charlottes',19.1
UB96EW,51.605953,-0.476102,North,Watford General,6.84,West Middlesex,18.08,Watford General,6.84,Queen Charlottes',19.3
UB96EX,51.604998,-0.47248,North,Watford General,6.73,West Middlesex,17.85,Watford General,6.73,Queen Charlottes',19.03
UB96EY,51.605546,-0.470353,North,Watford General,6.59,West Middlesex,17.82,Watford General,6.59,Queen Charlottes',18.94
UB96EZ,51.604488,-0.470634,North,Watford General,6.69,West Middlesex,17.73,Watford General,6.69,Queen Charlottes',18.89
UB96FB,51.610792,-0.49782,North,Watford General,7.68,West Middlesex,19.41,Watford General,7.68,Queen Charlottes',20.87
UB96FD,51.603029,-0.47669,North,Watford General,7.09,West Middlesex,17.84,Watford General,7.09,Queen Charlottes',19.17
UB96FE,51.610864,-0.497818,North,Watford General,7.68,West Middlesex,19.42,Watford General,7.68,Queen Charlottes',20.87
UB96FF,51.602485,-0.47912,North,Watford General,7.26,West Middlesex,17.89,Watford General,7.26,Queen Charlottes',19.29
UB96FG,51.609989,-0.497615,North,Watford General,7.72,West Middlesex,19.33,Watford General,7.72,Queen Charlottes',20.81
UB96FH,51.609493,-0.498166,North,Watford General,7.78,West Middlesex,19.31,Watford General,7.78,Queen Charlottes',20.82
UB96FJ,51.61152,-0.476825,North,Watford General,6.46,West Middlesex,18.62,Watford General,6.46,Queen Charlottes',19.67
UB96FL,51.602742,-0.47257,North,Watford General,6.92,West Middlesex,17.65,Watford General,6.92,Queen Charlottes',18.91
UB96HA,51.603707,-0.472755,North,Watford General,6.85,West Middlesex,17.74,Watford General,6.85,Queen Charlottes',18.98
UB96HB,51.604301,-0.472821,North,Watford General,6.81,West Middlesex,17.8,Watford General,6.81,Queen Charlottes',19.01
UB96HD,51.604372,-0.474162,North,Watford General,6.87,West Middlesex,17.86,Watford General,6.87,Queen Charlottes',19.1
UB96HE,51.606193,-0.49751,North,Watford General,7.95,West Middlesex,19.0,Watford General,7.95,Queen Charlottes',20.6
UB96HF,51.607103,-0.494158,North,Watford General,7.71,West Middlesex,18.93,Watford General,7.71,Queen Charlottes',20.45
UB96HG,51.605398,-0.483225,North,Watford General,7.24,West Middlesex,18.32,Watford General,7.24,Queen Charlottes',19.7
UB96HH,51.604525,-0.488005,North,Watford General,7.55,West Middlesex,18.44,Watford General,7.55,Queen Charlottes',19.94
UB96HJ,51.603471,-0.490711,North,Watford General,7.77,West Middlesex,18.47,Watford General,7.77,Queen Charlottes',20.04
UB96HL,51.602383,-0.495585,North,Watford General,8.11,West Middlesex,18.58,Watford General,8.11,Queen Charlottes',20.28
UB96HN,51.607722,-0.497531,North,Watford General,7.86,West Middlesex,19.13,Watford General,7.86,Queen Charlottes',20.68
UB96HP,51.608542,-0.496233,North,Watford General,7.73,West Middlesex,19.15,Watford General,7.73,Queen Charlottes',20.65
UB96HQ,51.613892,-0.496215,North,Watford General,7.4,West Middlesex,19.62,Watford General,7.4,Queen Charlottes',20.95
UB96HR,51.607949,-0.496989,North,Watford General,7.81,West Middlesex,19.13,Watford General,7.81,Queen Charlottes',20.66
UB96HS,51.612191,-0.495405,North,Watford General,7.46,West Middlesex,19.43,Watford General,7.46,Queen Charlottes',20.8
UB96HT,51.612067,-0.496232,North,Watford General,7.51,West Middlesex,19.45,Watford General,7.51,Queen Charlottes',20.84
UB96HU,51.613892,-0.496215,North,Watford General,7.4,West Middlesex,19.62,Watford General,7.4,Queen Charlottes',20.95
UB96HW,51.606922,-0.495478,North,Watford General,7.79,West Middlesex,18.97,Watford General,7.79,Queen Charlottes',20.52
UB96HX,51.613906,-0.496605,North,Watford General,7.42,West Middlesex,19.63,Watford General,7.42,Queen Charlottes',20.97
UB96HY,51.607668,-0.494688,North,Watford General,7.7,West Middlesex,19.0,Watford General,7.7,Queen Charlottes',20.51
UB96JA,51.612627,-0.497875,North,Watford General,7.57,West Middlesex,19.57,Watford General,7.57,Queen Charlottes',20.97
UB96JH,51.606732,-0.482747,North,Watford General,7.12,West Middlesex,18.42,Watford General,7.12,Queen Charlottes',19.74
UB96JT,51.60596,-0.480751,North,Watford General,7.07,West Middlesex,18.27,Watford General,7.07,Queen Charlottes',19.58
UB96JU,51.606647,-0.480396,North,Watford General,7.0,West Middlesex,18.32,Watford General,7.0,Queen Charlottes',19.6
UB96JX,51.607471,-0.48008,North,Watford General,6.93,West Middlesex,18.38,Watford General,6.93,Queen Charlottes',19.62
UB96JY,51.608519,-0.479092,North,Watford General,6.8,West Middlesex,18.43,Watford General,6.8,Queen Charlottes',19.63
UB96JZ,51.607591,-0.479672,North,Watford General,6.9,West Middlesex,18.37,Watford General,6.9,Queen Charlottes',19.61
UB96LA,51.607698,-0.478209,North,Watford General,6.81,West Middlesex,18.32,Watford General,6.81,Queen Charlottes',19.53
UB96LB,51.613213,-0.484019,North,Watford General,6.74,West Middlesex,19.06,Watford General,6.74,Queen Charlottes',20.19
UB96LD,51.609457,-0.481371,North,Watford General,6.85,West Middlesex,18.61,Watford General,6.85,Queen Charlottes',19.81
UB96LE,51.60962,-0.481496,North,Watford General,6.85,West Middlesex,18.63,Watford General,6.85,Queen Charlottes',19.83
UB96LF,51.609829,-0.481648,North,Watford General,6.84,West Middlesex,18.65,Watford General,6.84,Queen Charlottes',19.85
UB96LG,51.609975,-0.481816,North,Watford General,6.84,West Middlesex,18.67,Watford General,6.84,Queen Charlottes',19.87
UB96LH,51.613818,-0.48488,North,Watford General,6.75,West Middlesex,19.15,Watford General,6.75,Queen Charlottes',20.28
UB96LJ,51.609127,-0.480198,North,Watford General,6.81,West Middlesex,18.53,Watford General,6.81,Queen Charlottes',19.73
UB96LL,51.609911,-0.481732,North,Watford General,6.84,West Middlesex,18.67,Watford General,6.84,Queen Charlottes',19.86
UB96LN,51.611791,-0.484557,North,Watford General,6.86,West Middlesex,18.95,Watford General,6.86,Queen Charlottes',20.14
UB96LP,51.60795,-0.478909,North,Watford General,6.83,West Middlesex,18.37,Watford General,6.83,Queen Charlottes',19.58
UB96LQ,51.612992,-0.484243,North,Watford General,6.77,West Middlesex,19.04,Watford General,6.77,Queen Charlottes',20.19
UB96LR,51.605305,-0.48086,North,Watford General,7.13,West Middlesex,18.22,Watford General,7.13,Queen Charlottes',19.55
UB96LW,51.608338,-0.478289,North,Watford General,6.77,West Middlesex,18.38,Watford General,6.77,Queen Charlottes',19.57
UB96NA,51.595695,-0.470035,North,Watford General,7.41,West Middlesex,16.91,Watford General,7.41,Queen Charlottes',18.38
UB96NB,51.599427,-0.472147,North,Watford General,7.18,West Middlesex,17.33,Watford General,7.18,Queen Charlottes',18.7
UB96ND,51.60202,-0.4758,North,Watford General,7.13,West Middlesex,17.71,Watford General,7.13,Queen Charlottes',19.06
UB96NE,51.602945,-0.477791,North,Watford General,7.15,West Middlesex,17.88,Watford General,7.15,Queen Charlottes',19.23
UB96NF,51.603839,-0.480894,North,Watford General,7.24,West Middlesex,18.09,Watford General,7.24,Queen Charlottes',19.47
UB96NG,51.603144,-0.480686,North,Watford General,7.28,West Middlesex,18.02,Watford General,7.28,Queen Charlottes',19.42
UB96NH,51.603355,-0.47408,North,Watford General,6.94,West Middlesex,17.76,Watford General,6.94,Queen Charlottes',19.04
UB96NJ,51.603283,-0.473375,North,Watford General,6.92,West Middlesex,17.73,Watford General,6.92,Queen Charlottes',18.99
UB96NL,51.602418,-0.473953,North,Watford General,7.01,West Middlesex,17.67,Watford General,7.01,Queen Charlottes',18.98
UB96NN,51.60341,-0.474873,North,Watford General,6.98,West Middlesex,17.8,Watford General,6.98,Queen Charlottes',19.09
UB96NP,51.604495,-0.479428,North,Watford General,7.11,West Middlesex,18.08,Watford General,7.11,Queen Charlottes',19.42
UB96NQ,51.602777,-0.475241,North,Watford General,7.04,West Middlesex,17.76,Watford General,7.04,Queen Charlottes',19.07
UB96NR,51.604019,-0.481567,North,Watford General,7.26,West Middlesex,18.13,Watford General,7.26,Queen Charlottes',19.52
UB96NT,51.603896,-0.481123,North,Watford General,7.25,West Middlesex,18.1,Watford General,7.25,Queen Charlottes',19.49
UB96NU,51.59686,-0.471122,North,Watford General,7.35,West Middlesex,17.06,Watford General,7.35,Queen Charlottes',18.5
UB96NW,51.603343,-0.475886,North,Watford General,7.03,West Middlesex,17.84,Watford General,7.03,Queen Charlottes',19.14
UB96NX,51.602164,-0.473037,North,Watford General,6.99,West Middlesex,17.62,Watford General,6.99,Queen Charlottes',18.91
UB96NY,51.608917,-0.498849,North,Watford General,7.85,West Middlesex,19.29,Watford General,7.85,Queen Charlottes',20.83
UB96NZ,51.608917,-0.498849,North,Watford General,7.85,West Middlesex,19.29,Watford General,7.85,Queen Charlottes',20.83
UB96PF,51.613828,-0.484287,North,Watford General,6.72,West Middlesex,19.12,Watford General,6.72,Queen Charlottes',20.24
UB96PG,51.615844,-0.485116,North,Watford General,6.64,West Middlesex,19.34,Watford General,6.64,Queen Charlottes',20.41
UB96PH,51.615089,-0.485791,North,Watford General,6.72,West Middlesex,19.3,Watford General,6.72,Queen Charlottes',20.4
UB96PJ,51.615258,-0.48567,North,Watford General,6.71,West Middlesex,19.31,Watford General,6.71,Queen Charlottes',20.41
UB96PL,51.604217,-0.478846,North,Watford General,7.11,West Middlesex,18.04,Watford General,7.11,Queen Charlottes',19.37
UB96PN,51.605058,-0.476406,North,Watford General,6.92,West Middlesex,18.01,Watford General,6.92,Queen Charlottes',19.27
UB96PP,51.604441,-0.476715,North,Watford General,6.98,West Middlesex,17.97,Watford General,6.98,Queen Charlottes',19.25
UB96PQ,51.614591,-0.485533,North,Watford General,6.74,West Middlesex,19.24,Watford General,6.74,Queen Charlottes',20.36
UB96PR,51.605002,-0.474877,North,Watford General,6.85,West Middlesex,17.95,Watford General,6.85,Queen Charlottes',19.18
UB96PS,51.605764,-0.471935,North,Watford General,6.65,West Middlesex,17.9,Watford General,6.65,Queen Charlottes',19.04
UB96PT,51.608484,-0.46676,North,Watford General,6.18,West Middlesex,17.95,Watford General,6.18,Queen Charlottes',18.9
UB96PU,51.610922,-0.464092,North,Watford General,5.86,West Middlesex,18.08,Watford General,5.86,Queen Charlottes',18.89
UB96PW,51.603845,-0.478555,North,Watford General,7.12,West Middlesex,17.99,Watford General,7.12,Queen Charlottes',19.33
UB96PX,51.612526,-0.463648,North,Watford General,5.71,West Middlesex,18.21,Watford General,5.71,Queen Charlottes',18.97
UB96PY,51.612804,-0.458786,North,Watford General,5.45,West Middlesex,18.07,Watford General,5.45,Queen Charlottes',18.71
UB96PZ,51.611933,-0.456808,North,Watford General,5.43,West Middlesex,17.91,Watford General,5.43,Queen Charlottes',18.54
UB96QA,51.603638,-0.477176,North,Watford General,7.07,West Middlesex,17.92,Watford General,7.07,Queen Charlottes',19.24
UB96QB,51.603903,-0.476127,North,Watford General,7.0,West Middlesex,17.9,Watford General,7.0,Queen Charlottes',19.19
UB96QD,51.604141,-0.475079,North,Watford General,6.93,West Middlesex,17.88,Watford General,6.93,Queen Charlottes',19.14
UB96QE,51.604272,-0.479595,North,Watford General,7.14,West Middlesex,18.07,Watford General,7.14,Queen Charlottes',19.42
UB96QF,51.603477,-0.477917,North,Watford General,7.12,West Middlesex,17.93,Watford General,7.12,Queen Charlottes',19.27
UB96QG,51.608918,-0.482183,North,Watford General,6.93,West Middlesex,18.59,Watford General,6.93,Queen Charlottes',19.83
UB96QH,51.606147,-0.476499,North,Watford General,6.84,West Middlesex,18.11,Watford General,6.84,Queen Charlottes',19.34
UB96QJ,51.60435,-0.47656,North,Watford General,6.98,West Middlesex,17.95,Watford General,6.98,Queen Charlottes',19.24
UB96QL,51.604387,-0.479446,North,Watford General,7.12,West Middlesex,18.08,Watford General,7.12,Queen Charlottes',19.41
UB96QN,51.603526,-0.482363,North,Watford General,7.34,West Middlesex,18.12,Watford General,7.34,Queen Charlottes',19.54
UB96QP,51.602413,-0.478372,North,Watford General,7.22,West Middlesex,17.85,Watford General,7.22,Queen Charlottes',19.24
UB96QS,51.595678,-0.470757,North,Watford General,7.44,West Middlesex,16.94,Watford General,7.44,Queen Charlottes',18.42
UB96QT,51.594274,-0.46246,North,Watford General,7.23,West Middlesex,16.48,Watford General,7.23,Queen Charlottes',17.84
UB96QU,51.602274,-0.478766,North,Watford General,7.25,West Middlesex,17.86,Watford General,7.25,Queen Charlottes',19.26
UB96QW,51.601072,-0.481795,North,Watford General,7.5,West Middlesex,17.88,Watford General,7.5,Queen Charlottes',19.37
UB96RA,51.600606,-0.482591,North,Watford General,7.57,West Middlesex,17.87,Watford General,7.57,Queen Charlottes',19.4
UB96RB,51.601582,-0.482991,North,Watford General,7.52,West Middlesex,17.97,Watford General,7.52,Queen Charlottes',19.47
UB96RD,51.601922,-0.482157,North,Watford General,7.45,West Middlesex,17.97,Watford General,7.45,Queen Charlottes',19.44
UB96RE,51.601664,-0.481674,North,Watford General,7.45,West Middlesex,17.92,Watford General,7.45,Queen Charlottes',19.4
UB96RF,51.601403,-0.482304,North,Watford General,7.5,West Middlesex,17.93,Watford General,7.5,Queen Charlottes',19.42
UB96RG,51.601066,-0.481305,North,Watford General,7.47,West Middlesex,17.86,Watford General,7.47,Queen Charlottes',19.34
UB96RH,51.6026,-0.48238,North,Watford General,7.41,West Middlesex,18.04,Watford General,7.41,Queen Charlottes',19.49
UB96RJ,51.610197,-0.496959,North,Watford General,7.67,West Middlesex,19.32,Watford General,7.67,Queen Charlottes',20.78
UB96RL,51.61002,-0.496502,North,Watford General,7.65,West Middlesex,19.29,Watford General,7.65,Queen Charlottes',20.75
UB96RN,51.601216,-0.48179,North,Watford General,7.49,West Middlesex,17.89,Watford General,7.49,Queen Charlottes',19.38
UB96RQ,51.601117,-0.481794,North,Watford General,7.49,West Middlesex,17.88,Watford General,7.49,Queen Charlottes',19.38
UB96SA,51.609385,-0.498155,North,Watford General,7.79,West Middlesex,19.3,Watford General,7.79,Queen Charlottes',20.81
UB96SB,51.601216,-0.48179,North,Watford General,7.49,West Middlesex,17.89,Watford General,7.49,Queen Charlottes',19.38
UB96SD,51.601216,-0.48179,North,Watford General,7.49,West Middlesex,17.89,Watford General,7.49,Queen Charlottes',19.38
UB96SE,51.601216,-0.48179,North,Watford General,7.49,West Middlesex,17.89,Watford General,7.49,Queen Charlottes',19.38
UB96SF,51.601216,-0.48179,North,Watford General,7.49,West Middlesex,17.89,Watford General,7.49,Queen Charlottes',19.38
UB96SG,51.601216,-0.48179,North,Watford General,7.49,West Middlesex,17.89,Watford General,7.49,Queen Charlottes',19.38
UB96SH,51.601216,-0.48179,North,Watford General,7.49,West Middlesex,17.89,Watford General,7.49,Queen Charlottes',19.38
UB96SJ,51.601261,-0.481803,North,Watford General,7.48,West Middlesex,17.89,Watford General,7.48,Queen Charlottes',19.39
UB96SL,51.601216,-0.48179,North,Watford General,7.49,West Middlesex,17.89,Watford General,7.49,Queen Charlottes',19.38
UB96SN,51.601409,-0.482116,North,Watford General,7.49,West Middlesex,17.92,Watford General,7.49,Queen Charlottes',19.41
UB96SS,51.601261,-0.481803,North,Watford General,7.48,West Middlesex,17.89,Watford General,7.48,Queen Charlottes',19.39
UB96SW,51.601072,-0.481795,North,Watford General,7.5,West Middlesex,17.88,Watford General,7.5,Queen Charlottes',19.37
UB96SX,51.601216,-0.48179,North,Watford General,7.49,West Middlesex,17.89,Watford General,7.49,Queen Charlottes',19.38
UB96TA,51.613299,-0.496278,North,Watford General,7.44,West Middlesex,19.57,Watford General,7.44,Queen Charlottes',20.92
UB96TB,51.613929,-0.497037,North,Watford General,7.45,West Middlesex,19.65,Watford General,7.45,Queen Charlottes',21.0
UB96TD,51.614431,-0.496891,North,Watford General,7.41,West Middlesex,19.69,Watford General,7.41,Queen Charlottes',21.02
UB96TG,51.613725,-0.495845,North,Watford General,7.39,West Middlesex,19.58,Watford General,7.39,Queen Charlottes',20.92
UB96TH,51.61431,-0.494454,North,Watford General,7.27,West Middlesex,19.58,Watford General,7.27,Queen Charlottes',20.87
UB96TJ,51.613817,-0.494615,North,Watford General,7.31,West Middlesex,19.54,Watford General,7.31,Queen Charlottes',20.85
UB96TQ,51.614235,-0.495626,North,Watford General,7.35,West Middlesex,19.62,Watford General,7.35,Queen Charlottes',20.93
UB96UX,51.613103,-0.485886,North,Watford General,6.85,West Middlesex,19.12,Watford General,6.85,Queen Charlottes',20.29
UB96WA,51.613102,-0.485871,North,Watford General,6.85,West Middlesex,19.12,Watford General,6.85,Queen Charlottes',20.29
UB96WD,51.613102,-0.485871,North,Watford General,6.85,West Middlesex,19.12,Watford General,6.85,Queen Charlottes',20.29
UB96XA,51.601072,-0.481795,North,Watford General,7.5,West Middlesex,17.88,Watford General,7.5,Queen Charlottes',19.37
UB96XB,51.613319,-0.474815,North,Watford General,6.23,West Middlesex,18.71,Watford General,6.23,Queen Charlottes',19.66
UB96XE,51.601261,-0.481803,North,Watford General,7.48,West Middlesex,17.89,Watford General,7.48,Queen Charlottes',19.39
UB96XG,51.601216,-0.48179,North,Watford General,7.49,West Middlesex,17.89,Watford General,7.49,Queen Charlottes',19.38
UB96XH,51.601261,-0.481803,North,Watford General,7.48,West Middlesex,17.89,Watford General,7.48,Queen Charlottes',19.39
UB96XJ,51.601261,-0.481803,North,Watford General,7.48,West Middlesex,17.89,Watford General,7.48,Queen Charlottes',19.39
UB96XQ,51.613319,-0.474815,North,Watford General,6.23,West Middlesex,18.71,Watford General,6.23,Queen Charlottes',19.66
WD21NT,51.631732,-0.334862,North,Watford General,5.16,Royal Free Hospital,14.6,Watford General,5.16,Queen Charlottes',14.46
WD21NX,51.632172,-0.334181,North,Watford General,5.19,Royal Free Hospital,14.6,Watford General,5.19,Queen Charlottes',14.48
WD231JQ,51.630308,-0.339726,North,Watford General,4.91,Royal Free Hospital,14.78,Watford General,4.91,Queen Charlottes',14.48
WD231NT,51.631732,-0.334862,North,Watford General,5.16,Royal Free Hospital,14.6,Watford General,5.16,Queen Charlottes',14.46
WD231NX,51.632163,-0.334196,North,Watford General,5.19,Royal Free Hospital,14.6,Watford General,5.19,Queen Charlottes',14.48
WD31PZ,51.614608,-0.450333,North,Watford General,4.92,West Middlesex,17.95,Watford General,4.92,Queen Charlottes',18.35
WD32UR,51.623687,-0.494996,North,Watford General,6.82,West Middlesex,20.44,Watford General,6.82,Queen Charlottes',21.46
WD32UT,51.622687,-0.496257,North,Watford General,6.95,West Middlesex,20.4,Watford General,6.95,Queen Charlottes',21.47
WD32UU,51.624961,-0.494795,North,Watford General,6.75,West Middlesex,20.55,Watford General,6.75,Queen Charlottes',21.52
WD32UW,51.627899,-0.49672,North,Watford General,6.76,West Middlesex,20.9,Watford General,6.76,Queen Charlottes',21.82
WD32UX,51.626506,-0.493978,North,Watford General,6.64,West Middlesex,20.66,Watford General,6.64,Queen Charlottes',21.57
WD32UY,51.628897,-0.49741,North,Watford General,6.77,West Middlesex,21.01,Watford General,6.77,Queen Charlottes',21.92
WD38UE,51.626399,-0.494068,North,Watford General,6.65,West Middlesex,20.66,Watford General,6.65,Queen Charlottes',21.57
WD38UF,51.626212,-0.494204,North,Watford General,6.66,West Middlesex,20.64,Watford General,6.66,Queen Charlottes',21.57
WD38UR,51.628273,-0.496448,North,Watford General,6.73,West Middlesex,20.92,Watford General,6.73,Queen Charlottes',21.82
WD38UT,51.622687,-0.496257,North,Watford General,6.95,West Middlesex,20.4,Watford General,6.95,Queen Charlottes',21.47
WD38UU,51.625014,-0.49475,North,Watford General,6.75,West Middlesex,20.56,Watford General,6.75,Queen Charlottes',21.52
WD38UW,51.623986,-0.495232,North,Watford General,6.82,West Middlesex,20.48,Watford General,6.82,Queen Charlottes',21.49
WD38UX,51.624762,-0.494021,North,Watford General,6.71,West Middlesex,20.5,Watford General,6.71,Queen Charlottes',21.47
WD38UZ,51.626957,-0.494122,North,Watford General,6.63,West Middlesex,20.71,Watford General,6.63,Queen Charlottes',21.61
WD38XD,51.628578,-0.499183,North,Watford General,6.89,West Middlesex,21.06,Watford General,6.89,Queen Charlottes',22.0
