Postcode,Latitude,Longitude,Side,Closest_Any,Distance_Any_km,Closest_L1,Distance_L1_km,Closest_L2,Distance_L2_km,Closest_L3,Distance_L3_km
EN28AD,51.675941,-0.124589,North,Barnet Hospital,6.85,Royal Free Hospital,13.94,Barnet Hospital,6.85,Homerton University,14.93
EN28AE,51.681446,-0.147883,North,Barnet Hospital,5.77,Royal Free Hospital,14.31,Barnet Hospital,5.77,Homerton University,16.13
EN28AF,51.681052,-0.146872,North,Barnet Hospital,5.8,Royal Free Hospital,14.27,Barnet Hospital,5.8,Homerton University,16.06
EN28AG,51.68202,-0.143259,North,Barnet Hospital,6.06,Royal Free Hospital,14.41,Barnet Hospital,6.06,Homerton University,16.06
EN28AH,51.681515,-0.140864,North,Barnet Hospital,6.17,Royal Free Hospital,14.37,Barnet Hospital,6.17,Homerton University,15.94
EN28AL,51.676846,-0.126663,North,Barnet Hospital,6.76,Royal Free Hospital,14.01,Barnet Hospital,6.76,Homerton University,15.08
EN28AN,51.683602,-0.135267,North,Barnet Hospital,6.62,Royal Free Hospital,14.65,Barnet Hospital,6.62,Homerton University,16.0
EN28AP,51.677079,-0.128274,North,Barnet Hospital,6.67,Royal Free Hospital,14.01,Barnet Hospital,6.67,Homerton University,15.14
EN28AQ,51.682266,-0.144595,North,Barnet Hospital,6.0,Royal Free Hospital,14.42,Barnet Hospital,6.0,Homerton University,16.12
EN28AS,51.677555,-0.120892,North,Barnet Hospital,7.16,Royal Free Hospital,14.17,Barnet Hospital,7.16,Homerton University,15.01
EN28AX,51.688816,-0.111571,North,Barnet Hospital,8.31,Royal Free Hospital,15.53,Barnet Hospital,8.31,Homerton University,16.0
EN28AY,51.68425,-0.108911,North,Barnet Hospital,8.23,Royal Free Hospital,15.08,Barnet Hospital,8.23,Homerton University,15.46
EN28AZ,51.684348,-0.109385,North,Barnet Hospital,8.2,Royal Free Hospital,15.09,Barnet Hospital,8.2,Homerton University,15.48
EN28BA,51.68423,-0.110995,North,Barnet Hospital,8.1,Royal Free Hospital,15.05,Barnet Hospital,8.1,Homerton University,15.5
EN28BE,51.68223,-0.14461,North,Barnet Hospital,6.0,Royal Free Hospital,14.42,Barnet Hospital,6.0,Homerton University,16.12
EN29DU,51.688302,-0.105907,North,Barnet Hospital,8.62,Royal Free Hospital,15.57,Barnet Hospital,8.62,Homerton University,15.84
EN29EB,51.683608,-0.113697,North,Barnet Hospital,7.9,Royal Free Hospital,14.93,Barnet Hospital,7.9,Homerton University,15.49
EN40AA,51.649957,-0.149209,North,Barnet Hospital,4.55,Royal Free Hospital,10.82,Barnet Hospital,4.55,Homerton University,13.12
EN40AB,51.667663,-0.168083,North,Barnet Hospital,3.76,Royal Free Hospital,12.73,Barnet Hospital,3.76,Homerton University,15.48
EN40AD,51.643241,-0.171119,North,Barnet Hospital,3.15,Royal Free Hospital,10.02,Barnet Hospital,3.15,UCH (University College),13.4
EN40AE,51.64863,-0.148323,North,Barnet Hospital,4.62,Royal Free Hospital,10.68,Barnet Hospital,4.62,Homerton University,12.96
EN40AF,51.65756,-0.156909,North,Barnet Hospital,4.09,Royal Free Hospital,11.62,Barnet Hospital,4.09,Homerton University,14.12
EN40AG,51.649156,-0.14914,North,Barnet Hospital,4.56,Royal Free Hospital,10.73,Barnet Hospital,4.56,Homerton University,13.04
EN40AH,51.649701,-0.150101,North,Barnet Hospital,4.49,Royal Free Hospital,10.78,Barnet Hospital,4.49,Homerton University,13.13
EN40AJ,51.6644,-0.181518,North,Barnet Hospital,2.78,Royal Free Hospital,12.41,Barnet Hospital,2.78,Homerton University,15.71
EN40AN,51.65756,-0.156909,North,Barnet Hospital,4.09,Royal Free Hospital,11.62,Barnet Hospital,4.09,Homerton University,14.12
EN40AP,51.647659,-0.144908,North,Barnet Hospital,4.86,Royal Free Hospital,10.6,Barnet Hospital,4.86,Homerton University,12.75
EN40AQ,51.669542,-0.170379,North,Barnet Hospital,3.73,Royal Free Hospital,12.94,Barnet Hospital,3.73,Homerton University,15.74
EN40AR,51.649172,-0.146176,North,Barnet Hospital,4.77,Royal Free Hospital,10.75,Barnet Hospital,4.77,Homerton University,12.94
EN40AS,51.650206,-0.147305,North,Barnet Hospital,4.68,Royal Free Hospital,10.86,Barnet Hospital,4.68,Homerton University,13.07
EN40AT,51.650013,-0.146489,North,Barnet Hospital,4.74,Royal Free Hospital,10.84,Barnet Hospital,4.74,Homerton University,13.03
EN40AU,51.649623,-0.145681,North,Barnet Hospital,4.8,Royal Free Hospital,10.81,Barnet Hospital,4.8,Homerton University,12.96
EN40AW,51.662009,-0.155066,North,Barnet Hospital,4.33,Royal Free Hospital,12.12,Barnet Hospital,4.33,Homerton University,14.47
EN40AX,51.647867,-0.138149,North,Barnet Hospital,5.33,Royal Free Hospital,10.69,Barnet Hospital,5.33,Homerton University,12.52
EN40AY,51.647849,-0.140419,North,Barnet Hospital,5.17,Royal Free Hospital,10.66,Barnet Hospital,5.17,Homerton University,12.6
EN40AZ,51.647201,-0.142672,North,Barnet Hospital,5.02,Royal Free Hospital,10.57,Barnet Hospital,5.02,Homerton University,12.62
EN40BA,51.648607,-0.142296,North,Barnet Hospital,5.04,Royal Free Hospital,10.73,Barnet Hospital,5.04,Homerton University,12.74
EN40BB,51.648987,-0.144175,North,Barnet Hospital,4.9,Royal Free Hospital,10.75,Barnet Hospital,4.9,Homerton University,12.84
EN40BD,51.647314,-0.136148,North,Barnet Hospital,5.47,Royal Free Hospital,10.66,Barnet Hospital,5.47,Homerton University,12.4
EN40BE,51.643241,-0.171119,North,Barnet Hospital,3.15,Royal Free Hospital,10.02,Barnet Hospital,3.15,UCH (University College),13.4
EN40BF,51.643241,-0.171119,North,Barnet Hospital,3.15,Royal Free Hospital,10.02,Barnet Hospital,3.15,UCH (University College),13.4
EN40BG,51.646055,-0.144685,North,Barnet Hospital,4.89,Royal Free Hospital,10.42,Barnet Hospital,4.89,Homerton University,12.59
EN40BH,51.646034,-0.142214,North,Barnet Hospital,5.06,Royal Free Hospital,10.45,Barnet Hospital,5.06,Homerton University,12.49
EN40BJ,51.647134,-0.138411,North,Barnet Hospital,5.31,Royal Free Hospital,10.61,Barnet Hospital,5.31,Homerton University,12.46
EN40BL,51.646946,-0.14076,North,Barnet Hospital,5.15,Royal Free Hospital,10.56,Barnet Hospital,5.15,Homerton University,12.53
EN40BN,51.647855,-0.135692,North,Barnet Hospital,5.49,Royal Free Hospital,10.72,Barnet Hospital,5.49,Homerton University,12.44
EN40BP,51.643241,-0.171119,North,Barnet Hospital,3.15,Royal Free Hospital,10.02,Barnet Hospital,3.15,UCH (University College),13.4
EN40BQ,51.64674,-0.138571,North,Barnet Hospital,5.31,Royal Free Hospital,10.56,Barnet Hospital,5.31,Homerton University,12.43
EN40BS,51.6478,-0.135651,North,Barnet Hospital,5.5,Royal Free Hospital,10.72,Barnet Hospital,5.5,Homerton University,12.43
EN40BT,51.657821,-0.135833,North,Barnet Hospital,5.53,Royal Free Hospital,11.81,Barnet Hospital,5.53,Homerton University,13.41
EN40BU,51.651586,-0.150458,North,Barnet Hospital,4.47,Royal Free Hospital,10.99,Barnet Hospital,4.47,Homerton University,13.32
EN40BW,51.657331,-0.136706,North,Barnet Hospital,5.46,Royal Free Hospital,11.75,Barnet Hospital,5.46,Homerton University,13.39
EN40BX,51.650876,-0.149865,North,Barnet Hospital,4.51,Royal Free Hospital,10.91,Barnet Hospital,4.51,Homerton University,13.23
EN40BY,51.659316,-0.132605,North,Barnet Hospital,5.78,Royal Free Hospital,12.01,Barnet Hospital,5.78,Homerton University,13.46
EN40BZ,51.660083,-0.135017,North,Barnet Hospital,5.63,Royal Free Hospital,12.07,Barnet Hospital,5.63,Homerton University,13.61
EN40DA,51.64863,-0.148323,North,Barnet Hospital,4.62,Royal Free Hospital,10.68,Barnet Hospital,4.62,Homerton University,12.96
EN40DB,51.647305,-0.147539,North,Barnet Hospital,4.68,Royal Free Hospital,10.54,Barnet Hospital,4.68,Homerton University,12.81
EN40DD,51.65756,-0.156909,North,Barnet Hospital,4.09,Royal Free Hospital,11.62,Barnet Hospital,4.09,Homerton University,14.12
EN40DE,51.647857,-0.147748,North,Barnet Hospital,4.66,Royal Free Hospital,10.6,Barnet Hospital,4.66,Homerton University,12.87
EN40DF,51.647068,-0.147361,North,Barnet Hospital,4.7,Royal Free Hospital,10.51,Barnet Hospital,4.7,Homerton University,12.78
EN40DG,51.646581,-0.147265,North,Barnet Hospital,4.71,Royal Free Hospital,10.46,Barnet Hospital,4.71,Homerton University,12.73
EN40DH,51.64767,-0.146715,North,Barnet Hospital,4.74,Royal Free Hospital,10.58,Barnet Hospital,4.74,Homerton University,12.81
EN40DJ,51.649324,-0.147818,North,Barnet Hospital,4.65,Royal Free Hospital,10.76,Barnet Hospital,4.65,Homerton University,13.01
EN40DL,51.648934,-0.147603,North,Barnet Hospital,4.67,Royal Free Hospital,10.72,Barnet Hospital,4.67,Homerton University,12.97
EN40DN,51.648567,-0.147141,North,Barnet Hospital,4.7,Royal Free Hospital,10.68,Barnet Hospital,4.7,Homerton University,12.91
EN40DP,51.649566,-0.147808,North,Barnet Hospital,4.65,Royal Free Hospital,10.78,Barnet Hospital,4.65,Homerton University,13.03
EN40DQ,51.646269,-0.146309,North,Barnet Hospital,4.78,Royal Free Hospital,10.43,Barnet Hospital,4.78,Homerton University,12.67
EN40DR,51.650796,-0.148221,North,Barnet Hospital,4.62,Royal Free Hospital,10.92,Barnet Hospital,4.62,Homerton University,13.16
EN40DS,51.657551,-0.15691,North,Barnet Hospital,4.09,Royal Free Hospital,11.62,Barnet Hospital,4.09,Homerton University,14.12
EN40DT,51.657551,-0.15691,North,Barnet Hospital,4.09,Royal Free Hospital,11.62,Barnet Hospital,4.09,Homerton University,14.12
EN40DU,51.646912,-0.146543,North,Barnet Hospital,4.76,Royal Free Hospital,10.5,Barnet Hospital,4.76,Homerton University,12.74
EN40DW,51.648224,-0.147082,North,Barnet Hospital,4.71,Royal Free Hospital,10.64,Barnet Hospital,4.71,Homerton University,12.88
EN40DX,51.647589,-0.146732,North,Barnet Hospital,4.74,Royal Free Hospital,10.57,Barnet Hospital,4.74,Homerton University,12.81
EN40DY,51.650796,-0.148221,North,Barnet Hospital,4.62,Royal Free Hospital,10.92,Barnet Hospital,4.62,Homerton University,13.16
EN40DZ,51.652017,-0.149848,North,Barnet Hospital,4.51,Royal Free Hospital,11.04,Barnet Hospital,4.51,Homerton University,13.34
EN40EA,51.658568,-0.13534,North,Barnet Hospital,5.58,Royal Free Hospital,11.9,Barnet Hospital,5.58,Homerton University,13.47
EN40EB,51.658549,-0.135832,North,Barnet Hospital,5.54,Royal Free Hospital,11.89,Barnet Hospital,5.54,Homerton University,13.49
EN40ED,51.668077,-0.175094,North,Barnet Hospital,3.37,Royal Free Hospital,12.79,Barnet Hospital,3.37,Homerton University,15.79
EN40EE,51.668369,-0.173622,North,Barnet Hospital,3.48,Royal Free Hospital,12.82,Barnet Hospital,3.48,Homerton University,15.76
EN40EF,51.667516,-0.176549,North,Barnet Hospital,3.26,Royal Free Hospital,12.73,Barnet Hospital,3.26,Homerton University,15.79
EN40EG,51.666484,-0.179598,North,Barnet Hospital,3.02,Royal Free Hospital,12.63,Barnet Hospital,3.02,Homerton University,15.82
EN40EH,51.668751,-0.177323,North,Barnet Hospital,3.29,Royal Free Hospital,12.88,Barnet Hospital,3.29,Homerton University,15.94
EN40EJ,51.668274,-0.177314,North,Barnet Hospital,3.26,Royal Free Hospital,12.82,Barnet Hospital,3.26,Homerton University,15.89
EN40EL,51.668579,-0.175523,North,Barnet Hospital,3.38,Royal Free Hospital,12.85,Barnet Hospital,3.38,Homerton University,15.85
EN40EN,51.667646,-0.172798,North,Barnet Hospital,3.48,Royal Free Hospital,12.74,Barnet Hospital,3.48,Homerton University,15.66
EN40EP,51.668934,-0.171199,North,Barnet Hospital,3.65,Royal Free Hospital,12.88,Barnet Hospital,3.65,Homerton University,15.72
EN40EQ,51.667167,-0.178442,North,Barnet Hospital,3.13,Royal Free Hospital,12.7,Barnet Hospital,3.13,Homerton University,15.84
EN40ER,51.668815,-0.166417,North,Barnet Hospital,3.92,Royal Free Hospital,12.86,Barnet Hospital,3.92,Homerton University,15.53
EN40ES,51.668815,-0.161861,North,Barnet Hospital,4.19,Royal Free Hospital,12.86,Barnet Hospital,4.19,Homerton University,15.36
EN40ET,51.668366,-0.16535,North,Barnet Hospital,3.96,Royal Free Hospital,12.81,Barnet Hospital,3.96,Homerton University,15.45
EN40EU,51.668463,-0.161181,North,Barnet Hospital,4.22,Royal Free Hospital,12.82,Barnet Hospital,4.22,Homerton University,15.3
EN40EW,51.668369,-0.173622,North,Barnet Hospital,3.48,Royal Free Hospital,12.82,Barnet Hospital,3.48,Homerton University,15.76
EN40EX,51.668355,-0.169805,North,Barnet Hospital,3.7,Royal Free Hospital,12.81,Barnet Hospital,3.7,Homerton University,15.61
EN40EY,51.667923,-0.171558,North,Barnet Hospital,3.57,Royal Free Hospital,12.76,Barnet Hospital,3.57,Homerton University,15.64
EN40EZ,51.659278,-0.134154,North,Barnet Hospital,5.67,Royal Free Hospital,11.99,Barnet Hospital,5.67,Homerton University,13.51
EN40FA,51.65743,-0.136153,North,Barnet Hospital,5.5,Royal Free Hospital,11.76,Barnet Hospital,5.5,Homerton University,13.39
EN40FB,51.65753,-0.135628,North,Barnet Hospital,5.54,Royal Free Hospital,11.78,Barnet Hospital,5.54,Homerton University,13.38
EN40FD,51.660164,-0.13218,North,Barnet Hospital,5.82,Royal Free Hospital,12.11,Barnet Hospital,5.82,Homerton University,13.53
EN40FE,51.659609,-0.131784,North,Barnet Hospital,5.84,Royal Free Hospital,12.06,Barnet Hospital,5.84,Homerton University,13.47
EN40FF,51.658915,-0.134545,North,Barnet Hospital,5.64,Royal Free Hospital,11.95,Barnet Hospital,5.64,Homerton University,13.48
EN40FG,51.659168,-0.133479,North,Barnet Hospital,5.72,Royal Free Hospital,11.99,Barnet Hospital,5.72,Homerton University,13.47
EN40FH,51.658632,-0.134817,North,Barnet Hospital,5.61,Royal Free Hospital,11.91,Barnet Hospital,5.61,Homerton University,13.46
EN40FJ,51.658041,-0.136706,North,Barnet Hospital,5.48,Royal Free Hospital,11.83,Barnet Hospital,5.48,Homerton University,13.46
EN40FL,51.659525,-0.137267,North,Barnet Hospital,5.47,Royal Free Hospital,11.98,Barnet Hospital,5.47,Homerton University,13.63
EN40FN,51.662535,-0.155305,North,Barnet Hospital,4.34,Royal Free Hospital,12.18,Barnet Hospital,4.34,Homerton University,14.53
EN40FP,51.647768,-0.136433,North,Barnet Hospital,5.44,Royal Free Hospital,10.7,Barnet Hospital,5.44,Homerton University,12.45
EN40FQ,51.656922,-0.13814,North,Barnet Hospital,5.36,Royal Free Hospital,11.69,Barnet Hospital,5.36,Homerton University,13.4
EN40FR,51.656922,-0.13814,North,Barnet Hospital,5.36,Royal Free Hospital,11.69,Barnet Hospital,5.36,Homerton University,13.4
EN40FS,51.664256,-0.156724,North,Barnet Hospital,4.31,Royal Free Hospital,12.36,Barnet Hospital,4.31,Homerton University,14.74
EN40FT,51.650796,-0.148221,North,Barnet Hospital,4.62,Royal Free Hospital,10.92,Barnet Hospital,4.62,Homerton University,13.16
EN40FW,51.650683,-0.147907,North,Barnet Hospital,4.64,Royal Free Hospital,10.91,Barnet Hospital,4.64,Homerton University,13.14
EN40FX,51.650681,-0.14837,North,Barnet Hospital,4.61,Royal Free Hospital,10.9,Barnet Hospital,4.61,Homerton University,13.16
EN40FY,51.650681,-0.14837,North,Barnet Hospital,4.61,Royal Free Hospital,10.9,Barnet Hospital,4.61,Homerton University,13.16
EN40FZ,51.658538,-0.132319,North,Barnet Hospital,5.78,Royal Free Hospital,11.93,Barnet Hospital,5.78,Homerton University,13.38
EN40HA,51.671043,-0.172068,North,Barnet Hospital,3.74,Royal Free Hospital,13.11,Barnet Hospital,3.74,Homerton University,15.95
EN40HB,51.67092,-0.161892,North,Barnet Hospital,4.31,Royal Free Hospital,13.09,Barnet Hospital,4.31,Homerton University,15.56
EN40HD,51.667628,-0.164744,North,Barnet Hospital,3.96,Royal Free Hospital,12.72,Barnet Hospital,3.96,Homerton University,15.35
EN40HE,51.670805,-0.162591,North,Barnet Hospital,4.26,Royal Free Hospital,13.08,Barnet Hospital,4.26,Homerton University,15.58
EN40HF,51.65756,-0.156909,North,Barnet Hospital,4.09,Royal Free Hospital,11.62,Barnet Hospital,4.09,Homerton University,14.12
EN40HG,51.671043,-0.172068,North,Barnet Hospital,3.74,Royal Free Hospital,13.11,Barnet Hospital,3.74,Homerton University,15.95
EN40HH,51.668324,-0.158613,North,Barnet Hospital,4.37,Royal Free Hospital,12.81,Barnet Hospital,4.37,Homerton University,15.2
EN40HJ,51.670637,-0.160486,North,Barnet Hospital,4.38,Royal Free Hospital,13.06,Barnet Hospital,4.38,Homerton University,15.49
EN40HL,51.6715,-0.164501,North,Barnet Hospital,4.19,Royal Free Hospital,13.15,Barnet Hospital,4.19,Homerton University,15.71
EN40HN,51.671124,-0.167495,North,Barnet Hospital,4.0,Royal Free Hospital,13.11,Barnet Hospital,4.0,Homerton University,15.78
EN40HP,51.671235,-0.171121,North,Barnet Hospital,3.8,Royal Free Hospital,13.13,Barnet Hospital,3.8,Homerton University,15.93
EN40HQ,51.670031,-0.164878,North,Barnet Hospital,4.08,Royal Free Hospital,12.99,Barnet Hospital,4.08,Homerton University,15.59
EN40HR,51.67092,-0.17109,North,Barnet Hospital,3.78,Royal Free Hospital,13.1,Barnet Hospital,3.78,Homerton University,15.9
EN40HS,51.670437,-0.17069,North,Barnet Hospital,3.77,Royal Free Hospital,13.04,Barnet Hospital,3.77,Homerton University,15.84
EN40HT,51.670035,-0.170851,North,Barnet Hospital,3.74,Royal Free Hospital,13.0,Barnet Hospital,3.74,Homerton University,15.81
EN40HU,51.670463,-0.168317,North,Barnet Hospital,3.91,Royal Free Hospital,13.04,Barnet Hospital,3.91,Homerton University,15.75
EN40HW,51.670998,-0.169178,North,Barnet Hospital,3.9,Royal Free Hospital,13.1,Barnet Hospital,3.9,Homerton University,15.83
EN40HX,51.669659,-0.169246,North,Barnet Hospital,3.81,Royal Free Hospital,12.95,Barnet Hospital,3.81,Homerton University,15.71
EN40HY,51.670138,-0.164773,North,Barnet Hospital,4.1,Royal Free Hospital,13.0,Barnet Hospital,4.1,Homerton University,15.59
EN40HZ,51.669714,-0.164732,North,Barnet Hospital,4.07,Royal Free Hospital,12.96,Barnet Hospital,4.07,Homerton University,15.55
EN40JA,51.670666,-0.166371,North,Barnet Hospital,4.03,Royal Free Hospital,13.06,Barnet Hospital,4.03,Homerton University,15.7
EN40JB,51.660686,-0.155553,North,Barnet Hospital,4.26,Royal Free Hospital,11.97,Barnet Hospital,4.26,Homerton University,14.36
EN40JD,51.670975,-0.167732,North,Barnet Hospital,3.98,Royal Free Hospital,13.1,Barnet Hospital,3.98,Homerton University,15.78
EN40JE,51.670975,-0.167732,North,Barnet Hospital,3.98,Royal Free Hospital,13.1,Barnet Hospital,3.98,Homerton University,15.78
EN40JF,51.659671,-0.154467,North,Barnet Hospital,4.31,Royal Free Hospital,11.86,Barnet Hospital,4.31,Homerton University,14.23
EN40JG,51.643241,-0.171119,North,Barnet Hospital,3.15,Royal Free Hospital,10.02,Barnet Hospital,3.15,UCH (University College),13.4
EN40JH,51.66754,-0.169462,North,Barnet Hospital,3.67,Royal Free Hospital,12.72,Barnet Hospital,3.67,Homerton University,15.52
EN40JJ,51.666476,-0.166366,North,Barnet Hospital,3.8,Royal Free Hospital,12.6,Barnet Hospital,3.8,Homerton University,15.31
EN40JL,51.665643,-0.168902,North,Barnet Hospital,3.6,Royal Free Hospital,12.51,Barnet Hospital,3.6,Homerton University,15.33
EN40JN,51.667439,-0.16183,North,Barnet Hospital,4.13,Royal Free Hospital,12.71,Barnet Hospital,4.13,Homerton University,15.23
EN40JP,51.666836,-0.161262,North,Barnet Hospital,4.13,Royal Free Hospital,12.64,Barnet Hospital,4.13,Homerton University,15.15
EN40JQ,51.656916,-0.153697,North,Barnet Hospital,4.3,Royal Free Hospital,11.56,Barnet Hospital,4.3,Homerton University,13.94
EN40JR,51.656226,-0.15384,North,Barnet Hospital,4.28,Royal Free Hospital,11.48,Barnet Hospital,4.28,Homerton University,13.88
EN40JS,51.663727,-0.156211,North,Barnet Hospital,4.32,Royal Free Hospital,12.31,Barnet Hospital,4.32,Homerton University,14.68
EN40JT,51.660177,-0.15462,North,Barnet Hospital,4.31,Royal Free Hospital,11.92,Barnet Hospital,4.31,Homerton University,14.28
EN40JU,51.658864,-0.155179,North,Barnet Hospital,4.24,Royal Free Hospital,11.77,Barnet Hospital,4.24,Homerton University,14.18
EN40JW,51.66719,-0.16602,North,Barnet Hospital,3.86,Royal Free Hospital,12.68,Barnet Hospital,3.86,Homerton University,15.36
EN40JX,51.657419,-0.15479,North,Barnet Hospital,4.23,Royal Free Hospital,11.61,Barnet Hospital,4.23,Homerton University,14.03
EN40JY,51.656773,-0.153196,North,Barnet Hospital,4.33,Royal Free Hospital,11.55,Barnet Hospital,4.33,Homerton University,13.91
EN40JZ,51.655772,-0.15302,North,Barnet Hospital,4.33,Royal Free Hospital,11.44,Barnet Hospital,4.33,Homerton University,13.81
EN40LA,51.665982,-0.165822,North,Barnet Hospital,3.81,Royal Free Hospital,12.54,Barnet Hospital,3.81,Homerton University,15.24
EN40LF,51.643241,-0.171119,North,Barnet Hospital,3.15,Royal Free Hospital,10.02,Barnet Hospital,3.15,UCH (University College),13.4
EN40LH,51.666612,-0.172218,North,Barnet Hospital,3.45,Royal Free Hospital,12.62,Barnet Hospital,3.45,Homerton University,15.54
EN40LJ,51.666163,-0.175171,North,Barnet Hospital,3.25,Royal Free Hospital,12.58,Barnet Hospital,3.25,Homerton University,15.62
EN40LL,51.665294,-0.170174,North,Barnet Hospital,3.5,Royal Free Hospital,12.47,Barnet Hospital,3.5,Homerton University,15.34
EN40LN,51.664287,-0.1702,North,Barnet Hospital,3.45,Royal Free Hospital,12.36,Barnet Hospital,3.45,Homerton University,15.25
EN40LP,51.66374,-0.174343,North,Barnet Hospital,3.17,Royal Free Hospital,12.31,Barnet Hospital,3.17,Homerton University,15.36
EN40LQ,51.665583,-0.16795,North,Barnet Hospital,3.66,Royal Free Hospital,12.5,Barnet Hospital,3.66,Homerton University,15.28
EN40LR,51.66211,-0.174148,North,Barnet Hospital,3.1,Royal Free Hospital,12.13,Barnet Hospital,3.1,Homerton University,15.21
EN40LS,51.663276,-0.172843,North,Barnet Hospital,3.24,Royal Free Hospital,12.25,Barnet Hospital,3.24,Homerton University,15.26
EN40LT,51.661966,-0.172419,North,Barnet Hospital,3.21,Royal Free Hospital,12.1,Barnet Hospital,3.21,Homerton University,15.13
EN40LU,51.662969,-0.170398,North,Barnet Hospital,3.38,Royal Free Hospital,12.21,Barnet Hospital,3.38,Homerton University,15.14
EN40LW,51.664913,-0.17285,North,Barnet Hospital,3.32,Royal Free Hospital,12.43,Barnet Hospital,3.32,Homerton University,15.41
EN40LX,51.664871,-0.174775,North,Barnet Hospital,3.2,Royal Free Hospital,12.43,Barnet Hospital,3.2,Homerton University,15.48
EN40LY,51.656866,-0.18565,North,Barnet Hospital,2.15,Royal Free Hospital,11.61,Barnet Hospital,2.15,UCH (University College),15.09
EN40LZ,51.643241,-0.171119,North,Barnet Hospital,3.15,Royal Free Hospital,10.02,Barnet Hospital,3.15,UCH (University College),13.4
EN40NA,51.664527,-0.179271,North,Barnet Hospital,2.92,Royal Free Hospital,12.42,Barnet Hospital,2.92,Homerton University,15.63
EN40NB,51.664492,-0.179287,North,Barnet Hospital,2.91,Royal Free Hospital,12.41,Barnet Hospital,2.91,Homerton University,15.63
EN40ND,51.667687,-0.166751,North,Barnet Hospital,3.84,Royal Free Hospital,12.73,Barnet Hospital,3.84,Homerton University,15.43
EN40NE,51.643241,-0.171119,North,Barnet Hospital,3.15,Royal Free Hospital,10.02,Barnet Hospital,3.15,UCH (University College),13.4
EN40NG,51.663951,-0.182114,North,Barnet Hospital,2.72,Royal Free Hospital,12.37,Barnet Hospital,2.72,Homerton University,15.7
EN40NH,51.662766,-0.190967,North,Barnet Hospital,2.14,Royal Free Hospital,12.31,Barnet Hospital,2.14,UCH (University College),15.82
EN40NJ,51.663454,-0.187788,North,Barnet Hospital,2.36,Royal Free Hospital,12.36,Barnet Hospital,2.36,UCH (University College),15.84
EN40NL,51.664707,-0.182142,North,Barnet Hospital,2.76,Royal Free Hospital,12.45,Barnet Hospital,2.76,Homerton University,15.77
EN40NN,51.663306,-0.177614,North,Barnet Hospital,2.95,Royal Free Hospital,12.27,Barnet Hospital,2.95,Homerton University,15.46
EN40NP,51.662579,-0.178872,North,Barnet Hospital,2.83,Royal Free Hospital,12.2,Barnet Hospital,2.83,Homerton University,15.44
EN40NQ,51.662691,-0.184391,North,Barnet Hospital,2.51,Royal Free Hospital,12.25,Barnet Hospital,2.51,Homerton University,15.68
EN40NR,51.663134,-0.17697,North,Barnet Hospital,2.98,Royal Free Hospital,12.25,Barnet Hospital,2.98,Homerton University,15.41
EN40NS,51.665091,-0.179119,North,Barnet Hospital,2.96,Royal Free Hospital,12.48,Barnet Hospital,2.96,Homerton University,15.68
EN40NT,51.662772,-0.183217,North,Barnet Hospital,2.58,Royal Free Hospital,12.25,Barnet Hospital,2.58,Homerton University,15.64
EN40NU,51.663118,-0.180571,North,Barnet Hospital,2.76,Royal Free Hospital,12.27,Barnet Hospital,2.76,Homerton University,15.56
EN40NW,51.662544,-0.179539,North,Barnet Hospital,2.79,Royal Free Hospital,12.2,Barnet Hospital,2.79,Homerton University,15.47
EN40NX,51.663821,-0.183594,North,Barnet Hospital,2.62,Royal Free Hospital,12.36,Barnet Hospital,2.62,Homerton University,15.75
EN40NY,51.661888,-0.180114,North,Barnet Hospital,2.72,Royal Free Hospital,12.13,Barnet Hospital,2.72,Homerton University,15.43
EN40PN,51.672437,-0.176742,North,Barnet Hospital,3.59,Royal Free Hospital,13.28,Barnet Hospital,3.59,Homerton University,16.25
EN40PP,51.671963,-0.171106,North,Barnet Hospital,3.85,Royal Free Hospital,13.21,Barnet Hospital,3.85,Homerton University,16.0
EN40PQ,51.643241,-0.171119,North,Barnet Hospital,3.15,Royal Free Hospital,10.02,Barnet Hospital,3.15,UCH (University College),13.4
EN40PR,51.671499,-0.162664,North,Barnet Hospital,4.3,Royal Free Hospital,13.16,Barnet Hospital,4.3,Homerton University,15.65
EN40PS,51.657309,-0.137575,North,Barnet Hospital,5.41,Royal Free Hospital,11.73,Barnet Hospital,5.41,Homerton University,13.42
EN40PT,51.660021,-0.135642,North,Barnet Hospital,5.59,Royal Free Hospital,12.05,Barnet Hospital,5.59,Homerton University,13.63
EN40PU,51.670844,-0.159899,North,Barnet Hospital,4.42,Royal Free Hospital,13.09,Barnet Hospital,4.42,Homerton University,15.49
EN40PW,51.672661,-0.173797,North,Barnet Hospital,3.76,Royal Free Hospital,13.3,Barnet Hospital,3.76,Homerton University,16.16
EN40PX,51.675585,-0.154876,North,Barnet Hospital,5.0,Royal Free Hospital,13.63,Barnet Hospital,5.0,Homerton University,15.77
EN40PY,51.669938,-0.157188,North,Barnet Hospital,4.54,Royal Free Hospital,12.99,Barnet Hospital,4.54,Homerton University,15.3
EN40PZ,51.666665,-0.148644,North,Barnet Hospital,4.92,Royal Free Hospital,12.67,Barnet Hospital,4.92,Homerton University,14.7
EN40QA,51.668489,-0.132619,North,Barnet Hospital,6.03,Royal Free Hospital,13.02,Barnet Hospital,6.03,Homerton University,14.38
EN40QB,51.670767,-0.158471,North,Barnet Hospital,4.5,Royal Free Hospital,13.08,Barnet Hospital,4.5,Homerton University,15.43
EN40QD,51.643015,-0.171013,North,Barnet Hospital,3.17,Royal Free Hospital,9.99,Barnet Hospital,3.17,UCH (University College),13.38
EN40QE,51.643015,-0.171013,North,Barnet Hospital,3.17,Royal Free Hospital,9.99,Barnet Hospital,3.17,UCH (University College),13.38
EN40QF,51.643241,-0.171119,North,Barnet Hospital,3.15,Royal Free Hospital,10.02,Barnet Hospital,3.15,UCH (University College),13.4
EN40QG,51.65756,-0.156909,North,Barnet Hospital,4.09,Royal Free Hospital,11.62,Barnet Hospital,4.09,Homerton University,14.12
EN40QH,51.648168,-0.146969,North,Barnet Hospital,4.72,Royal Free Hospital,10.64,Barnet Hospital,4.72,Homerton University,12.87
EN40QJ,51.65756,-0.156909,North,Barnet Hospital,4.09,Royal Free Hospital,11.62,Barnet Hospital,4.09,Homerton University,14.12
EN40QL,51.648168,-0.146969,North,Barnet Hospital,4.72,Royal Free Hospital,10.64,Barnet Hospital,4.72,Homerton University,12.87
EN40QN,51.647661,-0.145587,North,Barnet Hospital,4.81,Royal Free Hospital,10.59,Barnet Hospital,4.81,Homerton University,12.77
EN40QP,51.646838,-0.145852,North,Barnet Hospital,4.8,Royal Free Hospital,10.5,Barnet Hospital,4.8,Homerton University,12.7
EN40QQ,51.648168,-0.146969,North,Barnet Hospital,4.72,Royal Free Hospital,10.64,Barnet Hospital,4.72,Homerton University,12.87
EN40QR,51.655656,-0.153632,North,Barnet Hospital,4.28,Royal Free Hospital,11.42,Barnet Hospital,4.28,Homerton University,13.82
EN40QS,51.656742,-0.156364,North,Barnet Hospital,4.11,Royal Free Hospital,11.53,Barnet Hospital,4.11,Homerton University,14.02
EN40QT,51.656296,-0.154271,North,Barnet Hospital,4.25,Royal Free Hospital,11.49,Barnet Hospital,4.25,Homerton University,13.9
EN40QU,51.650458,-0.148451,North,Barnet Hospital,4.61,Royal Free Hospital,10.88,Barnet Hospital,4.61,Homerton University,13.14
EN40QW,51.648421,-0.146482,North,Barnet Hospital,4.75,Royal Free Hospital,10.67,Barnet Hospital,4.75,Homerton University,12.88
EN40QX,51.643015,-0.171013,North,Barnet Hospital,3.17,Royal Free Hospital,9.99,Barnet Hospital,3.17,UCH (University College),13.38
EN40QY,51.643241,-0.171119,North,Barnet Hospital,3.15,Royal Free Hospital,10.02,Barnet Hospital,3.15,UCH (University College),13.4
EN40QZ,51.65756,-0.156909,North,Barnet Hospital,4.09,Royal Free Hospital,11.62,Barnet Hospital,4.09,Homerton University,14.12
EN40SL,51.65756,-0.156909,North,Barnet Hospital,4.09,Royal Free Hospital,11.62,Barnet Hospital,4.09,Homerton University,14.12
EN40TP,51.648168,-0.146969,North,Barnet Hospital,4.72,Royal Free Hospital,10.64,Barnet Hospital,4.72,Homerton University,12.87
EN40UN,51.643241,-0.171119,North,Barnet Hospital,3.15,Royal Free Hospital,10.02,Barnet Hospital,3.15,UCH (University College),13.4
EN40WA,51.643241,-0.171119,North,Barnet Hospital,3.15,Royal Free Hospital,10.02,Barnet Hospital,3.15,UCH (University College),13.4
EN40WB,51.643241,-0.171119,North,Barnet Hospital,3.15,Royal Free Hospital,10.02,Barnet Hospital,3.15,UCH (University College),13.4
EN40WD,51.643241,-0.171119,North,Barnet Hospital,3.15,Royal Free Hospital,10.02,Barnet Hospital,3.15,UCH (University College),13.4
EN40WE,51.643015,-0.171013,North,Barnet Hospital,3.17,Royal Free Hospital,9.99,Barnet Hospital,3.17,UCH (University College),13.38
EN40WX,51.643241,-0.171119,North,Barnet Hospital,3.15,Royal Free Hospital,10.02,Barnet Hospital,3.15,UCH (University College),13.4
EN40WY,51.643241,-0.171119,North,Barnet Hospital,3.15,Royal Free Hospital,10.02,Barnet Hospital,3.15,UCH (University College),13.4
EN40WZ,51.643241,-0.171119,North,Barnet Hospital,3.15,Royal Free Hospital,10.02,Barnet Hospital,3.15,UCH (University College),13.4
EN40XJ,51.643241,-0.171119,North,Barnet Hospital,3.15,Royal Free Hospital,10.02,Barnet Hospital,3.15,UCH (University College),13.4
EN40XN,51.643241,-0.171119,North,Barnet Hospital,3.15,Royal Free Hospital,10.02,Barnet Hospital,3.15,UCH (University College),13.4
EN40XP,51.643241,-0.171119,North,Barnet Hospital,3.15,Royal Free Hospital,10.02,Barnet Hospital,3.15,UCH (University College),13.4
EN40XQ,51.643241,-0.171119,North,Barnet Hospital,3.15,Royal Free Hospital,10.02,Barnet Hospital,3.15,UCH (University College),13.4
EN40XR,51.643241,-0.171119,North,Barnet Hospital,3.15,Royal Free Hospital,10.02,Barnet Hospital,3.15,UCH (University College),13.4
EN40XZ,51.643241,-0.171119,North,Barnet Hospital,3.15,Royal Free Hospital,10.02,Barnet Hospital,3.15,UCH (University College),13.4
EN40YY,51.648168,-0.146969,North,Barnet Hospital,4.72,Royal Free Hospital,10.64,Barnet Hospital,4.72,Homerton University,12.87
EN40YZ,51.643241,-0.171119,North,Barnet Hospital,3.15,Royal Free Hospital,10.02,Barnet Hospital,3.15,UCH (University College),13.4
EN40ZD,51.65756,-0.156909,North,Barnet Hospital,4.09,Royal Free Hospital,11.62,Barnet Hospital,4.09,Homerton University,14.12
EN40ZE,51.65756,-0.156909,North,Barnet Hospital,4.09,Royal Free Hospital,11.62,Barnet Hospital,4.09,Homerton University,14.12
EN40ZF,51.643241,-0.171119,North,Barnet Hospital,3.15,Royal Free Hospital,10.02,Barnet Hospital,3.15,UCH (University College),13.4
EN40ZH,51.643241,-0.171119,North,Barnet Hospital,3.15,Royal Free Hospital,10.02,Barnet Hospital,3.15,UCH (University College),13.4
EN40ZJ,51.643241,-0.171119,North,Barnet Hospital,3.15,Royal Free Hospital,10.02,Barnet Hospital,3.15,UCH (University College),13.4
EN40ZL,51.643241,-0.171119,North,Barnet Hospital,3.15,Royal Free Hospital,10.02,Barnet Hospital,3.15,UCH (University College),13.4
EN40ZN,51.643241,-0.171119,North,Barnet Hospital,3.15,Royal Free Hospital,10.02,Barnet Hospital,3.15,UCH (University College),13.4
EN40ZP,51.643241,-0.171119,North,Barnet Hospital,3.15,Royal Free Hospital,10.02,Barnet Hospital,3.15,UCH (University College),13.4
EN40ZQ,51.643015,-0.171013,North,Barnet Hospital,3.17,Royal Free Hospital,9.99,Barnet Hospital,3.17,UCH (University College),13.38
EN40ZR,51.65756,-0.156909,North,Barnet Hospital,4.09,Royal Free Hospital,11.62,Barnet Hospital,4.09,Homerton University,14.12
EN40ZS,51.643241,-0.171119,North,Barnet Hospital,3.15,Royal Free Hospital,10.02,Barnet Hospital,3.15,UCH (University College),13.4
EN40ZT,51.643241,-0.171119,North,Barnet Hospital,3.15,Royal Free Hospital,10.02,Barnet Hospital,3.15,UCH (University College),13.4
EN40ZU,51.65756,-0.156909,North,Barnet Hospital,4.09,Royal Free Hospital,11.62,Barnet Hospital,4.09,Homerton University,14.12
EN40ZW,51.65756,-0.156909,North,Barnet Hospital,4.09,Royal Free Hospital,11.62,Barnet Hospital,4.09,Homerton University,14.12
EN40ZX,51.643241,-0.171119,North,Barnet Hospital,3.15,Royal Free Hospital,10.02,Barnet Hospital,3.15,UCH (University College),13.4
EN40ZY,51.643015,-0.171013,North,Barnet Hospital,3.17,Royal Free Hospital,9.99,Barnet Hospital,3.17,UCH (University College),13.38
EN40ZZ,51.643241,-0.171119,North,Barnet Hospital,3.15,Royal Free Hospital,10.02,Barnet Hospital,3.15,UCH (University College),13.4
EN48AA,51.648807,-0.169898,North,Barnet Hospital,3.13,Royal Free Hospital,10.64,Barnet Hospital,3.13,Homerton University,13.85
EN48AB,51.644919,-0.170257,North,Barnet Hospital,3.17,Royal Free Hospital,10.2,Barnet Hospital,3.17,Homerton University,13.53
EN48AD,51.647664,-0.171606,North,Barnet Hospital,3.03,Royal Free Hospital,10.51,Barnet Hospital,3.03,Homerton University,13.82
EN48AE,51.643188,-0.167681,North,Barnet Hospital,3.38,Royal Free Hospital,10.01,Barnet Hospital,3.38,Homerton University,13.26
EN48AF,51.643493,-0.167626,North,Barnet Hospital,3.38,Royal Free Hospital,10.04,Barnet Hospital,3.38,Homerton University,13.29
EN48AG,51.643739,-0.166676,North,Barnet Hospital,3.44,Royal Free Hospital,10.07,Barnet Hospital,3.44,Homerton University,13.27
EN48AH,51.644191,-0.169144,North,Barnet Hospital,3.26,Royal Free Hospital,10.12,Barnet Hospital,3.26,Homerton University,13.41
EN48AJ,51.645424,-0.169803,North,Barnet Hospital,3.19,Royal Free Hospital,10.26,Barnet Hospital,3.19,Homerton University,13.55
EN48AL,51.644317,-0.169761,North,Barnet Hospital,3.21,Royal Free Hospital,10.14,Barnet Hospital,3.21,Homerton University,13.45
EN48AN,51.648086,-0.171531,North,Barnet Hospital,3.03,Royal Free Hospital,10.56,Barnet Hospital,3.03,Homerton University,13.85
EN48AP,51.646082,-0.170499,North,Barnet Hospital,3.13,Royal Free Hospital,10.33,Barnet Hospital,3.13,Homerton University,13.64
EN48AQ,51.642849,-0.16901,North,Barnet Hospital,3.3,Royal Free Hospital,9.97,Barnet Hospital,3.3,Homerton University,13.29
EN48AR,51.648414,-0.170636,North,Barnet Hospital,3.09,Royal Free Hospital,10.59,Barnet Hospital,3.09,Homerton University,13.84
EN48AS,51.646927,-0.170465,North,Barnet Hospital,3.11,Royal Free Hospital,10.43,Barnet Hospital,3.11,Homerton University,13.71
EN48AT,51.646756,-0.171599,North,Barnet Hospital,3.04,Royal Free Hospital,10.41,Barnet Hospital,3.04,Homerton University,13.74
EN48AU,51.64521,-0.170476,North,Barnet Hospital,3.15,Royal Free Hospital,10.24,Barnet Hospital,3.15,Homerton University,13.56
EN48AW,51.649304,-0.172393,North,Barnet Hospital,2.96,Royal Free Hospital,10.7,Barnet Hospital,2.96,Homerton University,14.0
EN48AX,51.648995,-0.172145,North,Barnet Hospital,2.98,Royal Free Hospital,10.66,Barnet Hospital,2.98,Homerton University,13.96
EN48AY,51.64811,-0.169637,North,Barnet Hospital,3.16,Royal Free Hospital,10.56,Barnet Hospital,3.16,Homerton University,13.78
EN48AZ,51.647122,-0.169127,North,Barnet Hospital,3.2,Royal Free Hospital,10.45,Barnet Hospital,3.2,Homerton University,13.67
EN48BA,51.647712,-0.168872,North,Barnet Hospital,3.21,Royal Free Hospital,10.51,Barnet Hospital,3.21,Homerton University,13.71
EN48BB,51.647412,-0.169289,North,Barnet Hospital,3.19,Royal Free Hospital,10.48,Barnet Hospital,3.19,Homerton University,13.7
EN48BD,51.646922,-0.168976,North,Barnet Hospital,3.22,Royal Free Hospital,10.42,Barnet Hospital,3.22,Homerton University,13.64
EN48BE,51.646328,-0.167786,North,Barnet Hospital,3.31,Royal Free Hospital,10.36,Barnet Hospital,3.31,Homerton University,13.54
EN48BF,51.643241,-0.171119,North,Barnet Hospital,3.15,Royal Free Hospital,10.02,Barnet Hospital,3.15,UCH (University College),13.4
EN48BG,51.646495,-0.169875,North,Barnet Hospital,3.16,Royal Free Hospital,10.38,Barnet Hospital,3.16,Homerton University,13.65
EN48BH,51.646351,-0.168667,North,Barnet Hospital,3.25,Royal Free Hospital,10.36,Barnet Hospital,3.25,Homerton University,13.58
EN48BJ,51.646684,-0.168119,North,Barnet Hospital,3.28,Royal Free Hospital,10.4,Barnet Hospital,3.28,Homerton University,13.59
EN48BL,51.646862,-0.167418,North,Barnet Hospital,3.32,Royal Free Hospital,10.42,Barnet Hospital,3.32,Homerton University,13.57
EN48BN,51.645849,-0.167632,North,Barnet Hospital,3.33,Royal Free Hospital,10.3,Barnet Hospital,3.33,Homerton University,13.49
EN48BP,51.645014,-0.167709,North,Barnet Hospital,3.34,Royal Free Hospital,10.21,Barnet Hospital,3.34,Homerton University,13.42
EN48BQ,51.646404,-0.169185,North,Barnet Hospital,3.21,Royal Free Hospital,10.37,Barnet Hospital,3.21,Homerton University,13.61
EN48BS,51.644526,-0.168726,North,Barnet Hospital,3.28,Royal Free Hospital,10.16,Barnet Hospital,3.28,Homerton University,13.43
EN48BT,51.644146,-0.167397,North,Barnet Hospital,3.38,Royal Free Hospital,10.11,Barnet Hospital,3.38,Homerton University,13.33
EN48BU,51.644538,-0.166615,North,Barnet Hospital,3.42,Royal Free Hospital,10.16,Barnet Hospital,3.42,Homerton University,13.33
EN48BW,51.645592,-0.169044,North,Barnet Hospital,3.23,Royal Free Hospital,10.28,Barnet Hospital,3.23,Homerton University,13.53
EN48BX,51.643691,-0.168225,North,Barnet Hospital,3.33,Royal Free Hospital,10.06,Barnet Hospital,3.33,Homerton University,13.33
EN48BY,51.644936,-0.170227,North,Barnet Hospital,3.17,Royal Free Hospital,10.21,Barnet Hospital,3.17,Homerton University,13.53
EN48BZ,51.648179,-0.170024,North,Barnet Hospital,3.13,Royal Free Hospital,10.57,Barnet Hospital,3.13,Homerton University,13.8
EN48DA,51.639164,-0.166846,North,Barnet Hospital,3.57,Royal Free Hospital,9.56,Barnet Hospital,3.57,Homerton University,12.88
EN48DB,51.639592,-0.16719,North,Barnet Hospital,3.54,Royal Free Hospital,9.61,Barnet Hospital,3.54,Homerton University,12.94
EN48DD,51.64109,-0.167506,North,Barnet Hospital,3.46,Royal Free Hospital,9.77,Barnet Hospital,3.46,Homerton University,13.08
EN48DE,51.640207,-0.167961,North,Barnet Hospital,3.46,Royal Free Hospital,9.68,Barnet Hospital,3.46,UCH (University College),13.03
EN48DF,51.640925,-0.168452,North,Barnet Hospital,3.4,Royal Free Hospital,9.76,Barnet Hospital,3.4,UCH (University College),13.12
EN48DG,51.641517,-0.168399,North,Barnet Hospital,3.39,Royal Free Hospital,9.82,Barnet Hospital,3.39,Homerton University,13.15
EN48DH,51.639666,-0.162722,North,Barnet Hospital,3.82,Royal Free Hospital,9.62,Barnet Hospital,3.82,Homerton University,12.74
EN48DJ,51.640074,-0.163486,North,Barnet Hospital,3.76,Royal Free Hospital,9.66,Barnet Hospital,3.76,Homerton University,12.81
EN48DL,51.639132,-0.164217,North,Barnet Hospital,3.75,Royal Free Hospital,9.56,Barnet Hospital,3.75,Homerton University,12.76
EN48DN,51.639359,-0.163746,North,Barnet Hospital,3.77,Royal Free Hospital,9.58,Barnet Hospital,3.77,Homerton University,12.76
EN48DP,51.638704,-0.165622,North,Barnet Hospital,3.67,Royal Free Hospital,9.51,Barnet Hospital,3.67,Homerton University,12.79
EN48DQ,51.641974,-0.168858,North,Barnet Hospital,3.34,Royal Free Hospital,9.87,Barnet Hospital,3.34,Homerton University,13.21
EN48DR,51.638532,-0.16612,North,Barnet Hospital,3.65,Royal Free Hospital,9.49,Barnet Hospital,3.65,Homerton University,12.8
EN48DS,51.637575,-0.164685,North,Barnet Hospital,3.78,Royal Free Hospital,9.38,Barnet Hospital,3.78,Homerton University,12.65
EN48DT,51.640231,-0.158609,North,Barnet Hospital,4.07,Royal Free Hospital,9.69,Barnet Hospital,4.07,Homerton University,12.62
EN48DU,51.636742,-0.163765,North,Barnet Hospital,3.87,Royal Free Hospital,9.29,Barnet Hospital,3.87,Homerton University,12.54
EN48DW,51.648652,-0.170381,North,Barnet Hospital,3.1,Royal Free Hospital,10.62,Barnet Hospital,3.1,Homerton University,13.85
EN48DX,51.638046,-0.163221,North,Barnet Hospital,3.85,Royal Free Hospital,9.44,Barnet Hospital,3.85,Homerton University,12.63
EN48DY,51.638745,-0.161863,North,Barnet Hospital,3.91,Royal Free Hospital,9.52,Barnet Hospital,3.91,Homerton University,12.63
EN48DZ,51.640332,-0.15872,North,Barnet Hospital,4.06,Royal Free Hospital,9.7,Barnet Hospital,4.06,Homerton University,12.63
EN48EA,51.637767,-0.162625,North,Barnet Hospital,3.9,Royal Free Hospital,9.41,Barnet Hospital,3.9,Homerton University,12.58
EN48EB,51.635401,-0.162518,North,Barnet Hospital,4.01,Royal Free Hospital,9.14,Barnet Hospital,4.01,Homerton University,12.37
EN48ED,51.635366,-0.162014,North,Barnet Hospital,4.05,Royal Free Hospital,9.14,Barnet Hospital,4.05,Homerton University,12.35
EN48EE,51.633938,-0.160974,North,Barnet Hospital,4.18,Royal Free Hospital,8.98,Barnet Hospital,4.18,Homerton University,12.18
EN48EF,51.640222,-0.158609,North,Barnet Hospital,4.07,Royal Free Hospital,9.69,Barnet Hospital,4.07,Homerton University,12.62
EN48EG,51.637479,-0.161452,North,Barnet Hospital,3.99,Royal Free Hospital,9.38,Barnet Hospital,3.99,Homerton University,12.5
EN48EH,51.640231,-0.158609,North,Barnet Hospital,4.07,Royal Free Hospital,9.69,Barnet Hospital,4.07,Homerton University,12.62
EN48EJ,51.640222,-0.158609,North,Barnet Hospital,4.07,Royal Free Hospital,9.69,Barnet Hospital,4.07,Homerton University,12.62
EN48EL,51.635988,-0.161526,North,Barnet Hospital,4.05,Royal Free Hospital,9.21,Barnet Hospital,4.05,Homerton University,12.38
EN48EN,51.637229,-0.160378,North,Barnet Hospital,4.07,Royal Free Hospital,9.35,Barnet Hospital,4.07,Homerton University,12.43
EN48EP,51.634654,-0.160771,North,Barnet Hospital,4.16,Royal Free Hospital,9.06,Barnet Hospital,4.16,Homerton University,12.23
EN48EQ,51.637319,-0.16101,North,Barnet Hospital,4.02,Royal Free Hospital,9.36,Barnet Hospital,4.02,Homerton University,12.47
EN48ER,51.633069,-0.159448,North,Barnet Hospital,4.32,Royal Free Hospital,8.89,Barnet Hospital,4.32,Homerton University,12.04
EN48ES,51.631743,-0.159242,North,Barnet Hospital,4.4,Royal Free Hospital,8.74,Barnet Hospital,4.4,Homerton University,11.92
EN48ET,51.630983,-0.157799,North,Barnet Hospital,4.53,Royal Free Hospital,8.66,Barnet Hospital,4.53,Homerton University,11.79
EN48EU,51.631985,-0.157455,North,Barnet Hospital,4.5,Royal Free Hospital,8.78,Barnet Hospital,4.5,Homerton University,11.86
EN48EW,51.636754,-0.159371,North,Barnet Hospital,4.15,Royal Free Hospital,9.3,Barnet Hospital,4.15,Homerton University,12.35
EN48EX,51.630871,-0.156922,North,Barnet Hospital,4.59,Royal Free Hospital,8.66,Barnet Hospital,4.59,Homerton University,11.74
EN48EY,51.631487,-0.155495,North,Barnet Hospital,4.64,Royal Free Hospital,8.73,Barnet Hospital,4.64,Homerton University,11.73
EN48EZ,51.631823,-0.154571,North,Barnet Hospital,4.68,Royal Free Hospital,8.77,Barnet Hospital,4.68,Homerton University,11.71
EN48FA,51.643241,-0.171119,North,Barnet Hospital,3.15,Royal Free Hospital,10.02,Barnet Hospital,3.15,UCH (University College),13.4
EN48FB,51.643241,-0.171119,North,Barnet Hospital,3.15,Royal Free Hospital,10.02,Barnet Hospital,3.15,UCH (University College),13.4
EN48FD,51.643241,-0.171119,North,Barnet Hospital,3.15,Royal Free Hospital,10.02,Barnet Hospital,3.15,UCH (University College),13.4
EN48FE,51.646481,-0.167838,North,Barnet Hospital,3.3,Royal Free Hospital,10.37,Barnet Hospital,3.3,Homerton University,13.56
EN48FF,51.644203,-0.148142,North,Barnet Hospital,4.68,Royal Free Hospital,10.19,Barnet Hospital,4.68,Homerton University,12.55
EN48FG,51.649484,-0.172386,North,Barnet Hospital,2.96,Royal Free Hospital,10.72,Barnet Hospital,2.96,Homerton University,14.01
EN48FH,51.640131,-0.161937,North,Barnet Hospital,3.86,Royal Free Hospital,9.67,Barnet Hospital,3.86,Homerton University,12.75
EN48FJ,51.644593,-0.148372,North,Barnet Hospital,4.66,Royal Free Hospital,10.23,Barnet Hospital,4.66,Homerton University,12.59
EN48FL,51.644468,-0.147842,North,Barnet Hospital,4.7,Royal Free Hospital,10.22,Barnet Hospital,4.7,Homerton University,12.56
EN48FN,51.644297,-0.147271,North,Barnet Hospital,4.74,Royal Free Hospital,10.21,Barnet Hospital,4.74,Homerton University,12.52
EN48FP,51.640231,-0.158609,North,Barnet Hospital,4.07,Royal Free Hospital,9.69,Barnet Hospital,4.07,Homerton University,12.62
EN48FQ,51.644065,-0.146804,North,Barnet Hospital,4.78,Royal Free Hospital,10.19,Barnet Hospital,4.78,Homerton University,12.48
EN48FR,51.643737,-0.146543,North,Barnet Hospital,4.8,Royal Free Hospital,10.15,Barnet Hospital,4.8,Homerton University,12.44
EN48FS,51.643511,-0.148171,North,Barnet Hospital,4.69,Royal Free Hospital,10.11,Barnet Hospital,4.69,Homerton University,12.49
EN48FT,51.632431,-0.148073,North,Barnet Hospital,5.06,Royal Free Hospital,8.89,Barnet Hospital,5.06,Homerton University,11.49
EN48FU,51.635019,-0.157086,North,Barnet Hospital,4.37,Royal Free Hospital,9.12,Barnet Hospital,4.37,Homerton University,12.1
EN48GZ,51.640231,-0.158609,North,Barnet Hospital,4.07,Royal Free Hospital,9.69,Barnet Hospital,4.07,Homerton University,12.62
EN48HA,51.638423,-0.164867,North,Barnet Hospital,3.73,Royal Free Hospital,9.48,Barnet Hospital,3.73,Homerton University,12.73
EN48HB,51.640353,-0.164631,North,Barnet Hospital,3.67,Royal Free Hospital,9.69,Barnet Hospital,3.67,Homerton University,12.89
EN48HD,51.643241,-0.171119,North,Barnet Hospital,3.15,Royal Free Hospital,10.02,Barnet Hospital,3.15,UCH (University College),13.4
EN48HF,51.643637,-0.161896,North,Barnet Hospital,3.76,Royal Free Hospital,10.06,Barnet Hospital,3.76,Homerton University,13.05
EN48HG,51.643148,-0.162263,North,Barnet Hospital,3.75,Royal Free Hospital,10.0,Barnet Hospital,3.75,Homerton University,13.03
EN48HH,51.643857,-0.158708,North,Barnet Hospital,3.97,Royal Free Hospital,10.09,Barnet Hospital,3.97,Homerton University,12.94
EN48HJ,51.643241,-0.171119,North,Barnet Hospital,3.15,Royal Free Hospital,10.02,Barnet Hospital,3.15,UCH (University College),13.4
EN48HL,51.644733,-0.157227,North,Barnet Hospital,4.05,Royal Free Hospital,10.19,Barnet Hospital,4.05,Homerton University,12.96
EN48HN,51.640231,-0.158609,North,Barnet Hospital,4.07,Royal Free Hospital,9.69,Barnet Hospital,4.07,Homerton University,12.62
EN48HP,51.64469,-0.158529,North,Barnet Hospital,3.97,Royal Free Hospital,10.18,Barnet Hospital,3.97,Homerton University,13.01
EN48HQ,51.643871,-0.161366,North,Barnet Hospital,3.79,Royal Free Hospital,10.09,Barnet Hospital,3.79,Homerton University,13.05
EN48HR,51.645499,-0.155056,North,Barnet Hospital,4.19,Royal Free Hospital,10.29,Barnet Hospital,4.19,Homerton University,12.94
EN48HS,51.645421,-0.150131,North,Barnet Hospital,4.53,Royal Free Hospital,10.31,Barnet Hospital,4.53,Homerton University,12.74
EN48HT,51.644317,-0.147935,North,Barnet Hospital,4.69,Royal Free Hospital,10.2,Barnet Hospital,4.69,Homerton University,12.55
EN48HU,51.645027,-0.151318,North,Barnet Hospital,4.45,Royal Free Hospital,10.26,Barnet Hospital,4.45,Homerton University,12.75
EN48HW,51.643241,-0.171119,North,Barnet Hospital,3.15,Royal Free Hospital,10.02,Barnet Hospital,3.15,UCH (University College),13.4
EN48HX,51.645067,-0.155045,North,Barnet Hospital,4.2,Royal Free Hospital,10.24,Barnet Hospital,4.2,Homerton University,12.9
EN48HY,51.644233,-0.158635,North,Barnet Hospital,3.97,Royal Free Hospital,10.13,Barnet Hospital,3.97,Homerton University,12.97
EN48HZ,51.643856,-0.160384,North,Barnet Hospital,3.86,Royal Free Hospital,10.09,Barnet Hospital,3.86,Homerton University,13.01
EN48JA,51.643321,-0.16123,North,Barnet Hospital,3.81,Royal Free Hospital,10.03,Barnet Hospital,3.81,Homerton University,13.0
EN48JB,51.642522,-0.162447,North,Barnet Hospital,3.75,Royal Free Hospital,9.93,Barnet Hospital,3.75,Homerton University,12.98
EN48JD,51.640032,-0.164239,North,Barnet Hospital,3.71,Royal Free Hospital,9.66,Barnet Hospital,3.71,Homerton University,12.84
EN48JE,51.640541,-0.164002,North,Barnet Hospital,3.71,Royal Free Hospital,9.71,Barnet Hospital,3.71,Homerton University,12.88
EN48JF,51.639603,-0.166149,North,Barnet Hospital,3.6,Royal Free Hospital,9.61,Barnet Hospital,3.6,Homerton University,12.89
EN48JG,51.639466,-0.165432,North,Barnet Hospital,3.65,Royal Free Hospital,9.59,Barnet Hospital,3.65,Homerton University,12.85
EN48JH,51.643241,-0.171119,North,Barnet Hospital,3.15,Royal Free Hospital,10.02,Barnet Hospital,3.15,UCH (University College),13.4
EN48JJ,51.643241,-0.171119,North,Barnet Hospital,3.15,Royal Free Hospital,10.02,Barnet Hospital,3.15,UCH (University College),13.4
EN48JL,51.643241,-0.171119,North,Barnet Hospital,3.15,Royal Free Hospital,10.02,Barnet Hospital,3.15,UCH (University College),13.4
EN48JN,51.633881,-0.153332,North,Barnet Hospital,4.66,Royal Free Hospital,9.01,Barnet Hospital,4.66,Homerton University,11.84
EN48JP,51.634806,-0.150967,North,Barnet Hospital,4.77,Royal Free Hospital,9.13,Barnet Hospital,4.77,Homerton University,11.82
EN48JQ,51.639431,-0.163223,North,Barnet Hospital,3.8,Royal Free Hospital,9.59,Barnet Hospital,3.8,Homerton University,12.75
EN48JR,51.635859,-0.148179,North,Barnet Hospital,4.91,Royal Free Hospital,9.27,Barnet Hospital,4.91,Homerton University,11.79
EN48JS,51.636022,-0.148808,North,Barnet Hospital,4.86,Royal Free Hospital,9.28,Barnet Hospital,4.86,Homerton University,11.83
EN48JT,51.631879,-0.145552,North,Barnet Hospital,5.24,Royal Free Hospital,8.86,Barnet Hospital,5.24,Homerton University,11.33
EN48JU,51.633409,-0.14679,North,Barnet Hospital,5.1,Royal Free Hospital,9.01,Barnet Hospital,5.1,Homerton University,11.52
EN48JX,51.63497,-0.148287,North,Barnet Hospital,4.94,Royal Free Hospital,9.17,Barnet Hospital,4.94,Homerton University,11.72
EN48JY,51.635919,-0.149694,North,Barnet Hospital,4.81,Royal Free Hospital,9.26,Barnet Hospital,4.81,Homerton University,11.86
EN48JZ,51.634711,-0.148963,North,Barnet Hospital,4.9,Royal Free Hospital,9.13,Barnet Hospital,4.9,Homerton University,11.72
EN48LA,51.635111,-0.146967,North,Barnet Hospital,5.02,Royal Free Hospital,9.2,Barnet Hospital,5.02,Homerton University,11.68
EN48LB,51.633541,-0.145499,North,Barnet Hospital,5.17,Royal Free Hospital,9.04,Barnet Hospital,5.17,Homerton University,11.48
EN48LD,51.632323,-0.145245,North,Barnet Hospital,5.24,Royal Free Hospital,8.91,Barnet Hospital,5.24,Homerton University,11.36
EN48LE,51.633614,-0.146132,North,Barnet Hospital,5.13,Royal Free Hospital,9.04,Barnet Hospital,5.13,Homerton University,11.51
EN48LF,51.635121,-0.147588,North,Barnet Hospital,4.98,Royal Free Hospital,9.19,Barnet Hospital,4.98,Homerton University,11.7
EN48LG,51.636335,-0.148694,North,Barnet Hospital,4.86,Royal Free Hospital,9.32,Barnet Hospital,4.86,Homerton University,11.86
EN48LH,51.63666,-0.147655,North,Barnet Hospital,4.92,Royal Free Hospital,9.36,Barnet Hospital,4.92,Homerton University,11.84
EN48LJ,51.633462,-0.144462,North,Barnet Hospital,5.24,Royal Free Hospital,9.04,Barnet Hospital,5.24,Homerton University,11.43
EN48LL,51.635253,-0.146267,North,Barnet Hospital,5.06,Royal Free Hospital,9.22,Barnet Hospital,5.06,Homerton University,11.66
EN48LN,51.633384,-0.143526,North,Barnet Hospital,5.31,Royal Free Hospital,9.04,Barnet Hospital,5.31,Homerton University,11.38
EN48LP,51.643241,-0.171119,North,Barnet Hospital,3.15,Royal Free Hospital,10.02,Barnet Hospital,3.15,UCH (University College),13.4
EN48LQ,51.640231,-0.158609,North,Barnet Hospital,4.07,Royal Free Hospital,9.69,Barnet Hospital,4.07,Homerton University,12.62
EN48LT,51.633955,-0.154615,North,Barnet Hospital,4.58,Royal Free Hospital,9.01,Barnet Hospital,4.58,Homerton University,11.9
EN48LU,51.632198,-0.154946,North,Barnet Hospital,4.64,Royal Free Hospital,8.81,Barnet Hospital,4.64,Homerton University,11.76
EN48LW,51.635039,-0.145221,North,Barnet Hospital,5.13,Royal Free Hospital,9.21,Barnet Hospital,5.13,Homerton University,11.6
EN48LX,51.632941,-0.154728,North,Barnet Hospital,4.62,Royal Free Hospital,8.9,Barnet Hospital,4.62,Homerton University,11.82
EN48LY,51.632403,-0.157741,North,Barnet Hospital,4.46,Royal Free Hospital,8.82,Barnet Hospital,4.46,Homerton University,11.9
EN48LZ,51.632712,-0.157367,North,Barnet Hospital,4.46,Royal Free Hospital,8.86,Barnet Hospital,4.46,Homerton University,11.91
EN48NA,51.633177,-0.15888,North,Barnet Hospital,4.35,Royal Free Hospital,8.9,Barnet Hospital,4.35,Homerton University,12.02
EN48NB,51.633569,-0.156971,North,Barnet Hospital,4.45,Royal Free Hospital,8.96,Barnet Hospital,4.45,Homerton University,11.97
EN48ND,51.633803,-0.157569,North,Barnet Hospital,4.4,Royal Free Hospital,8.98,Barnet Hospital,4.4,Homerton University,12.02
EN48NE,51.633192,-0.156437,North,Barnet Hospital,4.5,Royal Free Hospital,8.92,Barnet Hospital,4.5,Homerton University,11.91
EN48NF,51.633027,-0.156256,North,Barnet Hospital,4.52,Royal Free Hospital,8.9,Barnet Hospital,4.52,Homerton University,11.89
EN48NG,51.633184,-0.155354,North,Barnet Hospital,4.57,Royal Free Hospital,8.92,Barnet Hospital,4.57,Homerton University,11.86
EN48NH,51.63478,-0.157341,North,Barnet Hospital,4.37,Royal Free Hospital,9.09,Barnet Hospital,4.37,Homerton University,12.09
EN48NJ,51.634177,-0.158449,North,Barnet Hospital,4.33,Royal Free Hospital,9.02,Barnet Hospital,4.33,Homerton University,12.09
EN48NL,51.634485,-0.15861,North,Barnet Hospital,4.3,Royal Free Hospital,9.05,Barnet Hospital,4.3,Homerton University,12.12
EN48NN,51.635277,-0.159229,North,Barnet Hospital,4.23,Royal Free Hospital,9.14,Barnet Hospital,4.23,Homerton University,12.21
EN48NP,51.649474,-0.172935,North,Barnet Hospital,2.92,Royal Free Hospital,10.72,Barnet Hospital,2.92,Homerton University,14.04
EN48NT,51.634547,-0.149359,North,Barnet Hospital,4.89,Royal Free Hospital,9.11,Barnet Hospital,4.89,Homerton University,11.73
EN48NU,51.633067,-0.147931,North,Barnet Hospital,5.04,Royal Free Hospital,8.96,Barnet Hospital,5.04,Homerton University,11.54
EN48NX,51.631882,-0.14691,North,Barnet Hospital,5.16,Royal Free Hospital,8.84,Barnet Hospital,5.16,Homerton University,11.39
EN48NY,51.631718,-0.147929,North,Barnet Hospital,5.1,Royal Free Hospital,8.81,Barnet Hospital,5.1,Homerton University,11.42
EN48NZ,51.643241,-0.171119,North,Barnet Hospital,3.15,Royal Free Hospital,10.02,Barnet Hospital,3.15,UCH (University College),13.4
EN48PA,51.634,-0.150639,North,Barnet Hospital,4.83,Royal Free Hospital,9.04,Barnet Hospital,4.83,Homerton University,11.73
EN48PB,51.632296,-0.149234,North,Barnet Hospital,4.99,Royal Free Hospital,8.87,Barnet Hospital,4.99,Homerton University,11.52
EN48PD,51.632921,-0.148891,North,Barnet Hospital,4.98,Royal Free Hospital,8.94,Barnet Hospital,4.98,Homerton University,11.56
EN48PE,51.634173,-0.150169,North,Barnet Hospital,4.85,Royal Free Hospital,9.07,Barnet Hospital,4.85,Homerton University,11.73
EN48PF,51.640231,-0.158609,North,Barnet Hospital,4.07,Royal Free Hospital,9.69,Barnet Hospital,4.07,Homerton University,12.62
EN48PG,51.633837,-0.1517,North,Barnet Hospital,4.77,Royal Free Hospital,9.02,Barnet Hospital,4.77,Homerton University,11.76
EN48PH,51.63203,-0.150603,North,Barnet Hospital,4.92,Royal Free Hospital,8.82,Barnet Hospital,4.92,Homerton University,11.56
EN48PJ,51.632789,-0.152538,North,Barnet Hospital,4.76,Royal Free Hospital,8.89,Barnet Hospital,4.76,Homerton University,11.71
EN48PL,51.632285,-0.15305,North,Barnet Hospital,4.75,Royal Free Hospital,8.84,Barnet Hospital,4.75,Homerton University,11.69
EN48PN,51.633169,-0.152667,North,Barnet Hospital,4.73,Royal Free Hospital,8.94,Barnet Hospital,4.73,Homerton University,11.75
EN48PP,51.633621,-0.152287,North,Barnet Hospital,4.74,Royal Free Hospital,8.99,Barnet Hospital,4.74,Homerton University,11.77
EN48PQ,51.6324,-0.150112,North,Barnet Hospital,4.93,Royal Free Hospital,8.87,Barnet Hospital,4.93,Homerton University,11.57
EN48PR,51.640222,-0.158609,North,Barnet Hospital,4.07,Royal Free Hospital,9.69,Barnet Hospital,4.07,Homerton University,12.62
EN48PS,51.643416,-0.164998,North,Barnet Hospital,3.56,Royal Free Hospital,10.03,Barnet Hospital,3.56,Homerton University,13.17
EN48PT,51.643962,-0.159715,North,Barnet Hospital,3.9,Royal Free Hospital,10.1,Barnet Hospital,3.9,Homerton University,12.99
EN48PU,51.644449,-0.154593,North,Barnet Hospital,4.24,Royal Free Hospital,10.17,Barnet Hospital,4.24,Homerton University,12.83
EN48PW,51.643924,-0.154427,North,Barnet Hospital,4.26,Royal Free Hospital,10.12,Barnet Hospital,4.26,Homerton University,12.77
EN48PX,51.644741,-0.153165,North,Barnet Hospital,4.33,Royal Free Hospital,10.21,Barnet Hospital,4.33,Homerton University,12.79
EN48PY,51.643622,-0.15347,North,Barnet Hospital,4.33,Royal Free Hospital,10.09,Barnet Hospital,4.33,Homerton University,12.71
EN48PZ,51.641219,-0.15338,North,Barnet Hospital,4.39,Royal Free Hospital,9.82,Barnet Hospital,4.39,Homerton University,12.49
EN48QA,51.641827,-0.153731,North,Barnet Hospital,4.35,Royal Free Hospital,9.89,Barnet Hospital,4.35,Homerton University,12.55
EN48QB,51.640558,-0.155373,North,Barnet Hospital,4.28,Royal Free Hospital,9.74,Barnet Hospital,4.28,Homerton University,12.51
EN48QD,51.642732,-0.15235,North,Barnet Hospital,4.43,Royal Free Hospital,10.0,Barnet Hospital,4.43,Homerton University,12.58
EN48QE,51.643092,-0.150659,North,Barnet Hospital,4.53,Royal Free Hospital,10.05,Barnet Hospital,4.53,Homerton University,12.55
EN48QF,51.644585,-0.150093,North,Barnet Hospital,4.54,Royal Free Hospital,10.22,Barnet Hospital,4.54,Homerton University,12.66
EN48QG,51.643192,-0.149022,North,Barnet Hospital,4.64,Royal Free Hospital,10.07,Barnet Hospital,4.64,Homerton University,12.49
EN48QH,51.64402,-0.151359,North,Barnet Hospital,4.47,Royal Free Hospital,10.15,Barnet Hospital,4.47,Homerton University,12.66
EN48QJ,51.643841,-0.151987,North,Barnet Hospital,4.43,Royal Free Hospital,10.12,Barnet Hospital,4.43,Homerton University,12.67
EN48QL,51.643533,-0.152433,North,Barnet Hospital,4.4,Royal Free Hospital,10.08,Barnet Hospital,4.4,Homerton University,12.66
EN48QN,51.64579,-0.167302,North,Barnet Hospital,3.35,Royal Free Hospital,10.3,Barnet Hospital,3.35,Homerton University,13.47
EN48QP,51.644812,-0.165708,North,Barnet Hospital,3.48,Royal Free Hospital,10.19,Barnet Hospital,3.48,Homerton University,13.32
EN48QQ,51.642095,-0.14963,North,Barnet Hospital,4.62,Royal Free Hospital,9.94,Barnet Hospital,4.62,Homerton University,12.41
EN48QR,51.643978,-0.16645,North,Barnet Hospital,3.45,Royal Free Hospital,10.09,Barnet Hospital,3.45,Homerton University,13.28
EN48QS,51.64493,-0.16579,North,Barnet Hospital,3.47,Royal Free Hospital,10.2,Barnet Hospital,3.47,Homerton University,13.33
EN48QT,51.643906,-0.165889,North,Barnet Hospital,3.49,Royal Free Hospital,10.09,Barnet Hospital,3.49,Homerton University,13.25
EN48QU,51.645303,-0.166642,North,Barnet Hospital,3.4,Royal Free Hospital,10.24,Barnet Hospital,3.4,Homerton University,13.4
EN48QW,51.64579,-0.167302,North,Barnet Hospital,3.35,Royal Free Hospital,10.3,Barnet Hospital,3.35,Homerton University,13.47
EN48QX,51.645944,-0.16679,North,Barnet Hospital,3.38,Royal Free Hospital,10.31,Barnet Hospital,3.38,Homerton University,13.46
EN48QZ,51.646387,-0.166425,North,Barnet Hospital,3.4,Royal Free Hospital,10.36,Barnet Hospital,3.4,Homerton University,13.49
EN48RA,51.631778,-0.151148,North,Barnet Hospital,4.9,Royal Free Hospital,8.79,Barnet Hospital,4.9,Homerton University,11.56
EN48RB,51.646688,-0.167266,North,Barnet Hospital,3.34,Royal Free Hospital,10.4,Barnet Hospital,3.34,Homerton University,13.55
EN48RD,51.647546,-0.16804,North,Barnet Hospital,3.27,Royal Free Hospital,10.49,Barnet Hospital,3.27,Homerton University,13.66
EN48RE,51.648381,-0.169134,North,Barnet Hospital,3.19,Royal Free Hospital,10.59,Barnet Hospital,3.19,Homerton University,13.78
EN48RF,51.64806,-0.168135,North,Barnet Hospital,3.26,Royal Free Hospital,10.55,Barnet Hospital,3.26,Homerton University,13.71
EN48RG,51.648531,-0.170082,North,Barnet Hospital,3.12,Royal Free Hospital,10.61,Barnet Hospital,3.12,Homerton University,13.83
EN48RH,51.648553,-0.171527,North,Barnet Hospital,3.02,Royal Free Hospital,10.61,Barnet Hospital,3.02,Homerton University,13.9
EN48RJ,51.649359,-0.170714,North,Barnet Hospital,3.07,Royal Free Hospital,10.7,Barnet Hospital,3.07,Homerton University,13.93
EN48RL,51.649474,-0.172935,North,Barnet Hospital,2.92,Royal Free Hospital,10.72,Barnet Hospital,2.92,Homerton University,14.04
EN48RN,51.649889,-0.171285,North,Barnet Hospital,3.03,Royal Free Hospital,10.76,Barnet Hospital,3.03,Homerton University,14.0
EN48RP,51.649683,-0.17417,North,Barnet Hospital,2.83,Royal Free Hospital,10.75,Barnet Hospital,2.83,Homerton University,14.11
EN48RQ,51.649552,-0.171545,North,Barnet Hospital,3.01,Royal Free Hospital,10.72,Barnet Hospital,3.01,Homerton University,13.98
EN48RR,51.650188,-0.174323,North,Barnet Hospital,2.82,Royal Free Hospital,10.8,Barnet Hospital,2.82,Homerton University,14.16
EN48RT,51.640231,-0.158609,North,Barnet Hospital,4.07,Royal Free Hospital,9.69,Barnet Hospital,4.07,Homerton University,12.62
EN48RU,51.642219,-0.165538,North,Barnet Hospital,3.55,Royal Free Hospital,9.9,Barnet Hospital,3.55,Homerton University,13.09
EN48RW,51.649909,-0.174248,North,Barnet Hospital,2.83,Royal Free Hospital,10.77,Barnet Hospital,2.83,Homerton University,14.13
EN48RY,51.642263,-0.165493,North,Barnet Hospital,3.56,Royal Free Hospital,9.9,Barnet Hospital,3.56,Homerton University,13.09
EN48RZ,51.642415,-0.165978,North,Barnet Hospital,3.52,Royal Free Hospital,9.92,Barnet Hospital,3.52,Homerton University,13.12
EN48SA,51.640231,-0.158609,North,Barnet Hospital,4.07,Royal Free Hospital,9.69,Barnet Hospital,4.07,Homerton University,12.62
EN48SB,51.644207,-0.164417,North,Barnet Hospital,3.58,Royal Free Hospital,10.12,Barnet Hospital,3.58,Homerton University,13.21
EN48SD,51.645399,-0.165323,North,Barnet Hospital,3.49,Royal Free Hospital,10.25,Barnet Hospital,3.49,Homerton University,13.35
EN48SE,51.645741,-0.165338,North,Barnet Hospital,3.48,Royal Free Hospital,10.29,Barnet Hospital,3.48,Homerton University,13.39
EN48SF,51.645018,-0.163373,North,Barnet Hospital,3.63,Royal Free Hospital,10.21,Barnet Hospital,3.63,Homerton University,13.24
EN48SG,51.644405,-0.161533,North,Barnet Hospital,3.77,Royal Free Hospital,10.15,Barnet Hospital,3.77,Homerton University,13.11
EN48SH,51.645443,-0.162358,North,Barnet Hospital,3.69,Royal Free Hospital,10.26,Barnet Hospital,3.69,Homerton University,13.23
EN48SJ,51.643977,-0.162952,North,Barnet Hospital,3.68,Royal Free Hospital,10.1,Barnet Hospital,3.68,Homerton University,13.13
EN48SL,51.644255,-0.162334,North,Barnet Hospital,3.72,Royal Free Hospital,10.13,Barnet Hospital,3.72,Homerton University,13.13
EN48SN,51.644611,-0.163823,North,Barnet Hospital,3.61,Royal Free Hospital,10.17,Barnet Hospital,3.61,Homerton University,13.22
EN48SP,51.643241,-0.171119,North,Barnet Hospital,3.15,Royal Free Hospital,10.02,Barnet Hospital,3.15,UCH (University College),13.4
EN48SQ,51.644482,-0.161891,North,Barnet Hospital,3.74,Royal Free Hospital,10.15,Barnet Hospital,3.74,Homerton University,13.13
EN48SR,51.640977,-0.16144,North,Barnet Hospital,3.86,Royal Free Hospital,9.76,Barnet Hospital,3.86,Homerton University,12.8
EN48SS,51.643133,-0.164171,North,Barnet Hospital,3.62,Royal Free Hospital,10.0,Barnet Hospital,3.62,Homerton University,13.11
EN48ST,51.643014,-0.163439,North,Barnet Hospital,3.67,Royal Free Hospital,9.99,Barnet Hospital,3.67,Homerton University,13.07
EN48SU,51.643375,-0.162991,North,Barnet Hospital,3.69,Royal Free Hospital,10.03,Barnet Hospital,3.69,Homerton University,13.08
EN48SW,51.644595,-0.162219,North,Barnet Hospital,3.72,Royal Free Hospital,10.17,Barnet Hospital,3.72,Homerton University,13.15
EN48SX,51.642829,-0.163114,North,Barnet Hospital,3.7,Royal Free Hospital,9.97,Barnet Hospital,3.7,Homerton University,13.04
EN48SY,51.641832,-0.162605,North,Barnet Hospital,3.76,Royal Free Hospital,9.86,Barnet Hospital,3.76,Homerton University,12.93
EN48SZ,51.641278,-0.162281,North,Barnet Hospital,3.8,Royal Free Hospital,9.8,Barnet Hospital,3.8,Homerton University,12.87
EN48TA,51.640394,-0.162129,North,Barnet Hospital,3.84,Royal Free Hospital,9.7,Barnet Hospital,3.84,Homerton University,12.78
EN48TB,51.641614,-0.163077,North,Barnet Hospital,3.74,Royal Free Hospital,9.83,Barnet Hospital,3.74,Homerton University,12.93
EN48TD,51.642704,-0.163755,North,Barnet Hospital,3.66,Royal Free Hospital,9.95,Barnet Hospital,3.66,Homerton University,13.05
EN48TE,51.642313,-0.164653,North,Barnet Hospital,3.61,Royal Free Hospital,9.91,Barnet Hospital,3.61,Homerton University,13.06
EN48TF,51.643002,-0.164986,North,Barnet Hospital,3.57,Royal Free Hospital,9.99,Barnet Hospital,3.57,Homerton University,13.13
EN48TG,51.639984,-0.161769,North,Barnet Hospital,3.87,Royal Free Hospital,9.65,Barnet Hospital,3.87,Homerton University,12.73
EN48TH,51.639386,-0.160334,North,Barnet Hospital,3.99,Royal Free Hospital,9.59,Barnet Hospital,3.99,Homerton University,12.62
EN48TJ,51.640231,-0.158609,North,Barnet Hospital,4.07,Royal Free Hospital,9.69,Barnet Hospital,4.07,Homerton University,12.62
EN48TL,51.639941,-0.157305,North,Barnet Hospital,4.17,Royal Free Hospital,9.66,Barnet Hospital,4.17,Homerton University,12.54
EN48TN,51.641253,-0.157238,North,Barnet Hospital,4.13,Royal Free Hospital,9.81,Barnet Hospital,4.13,Homerton University,12.65
EN48TP,51.644316,-0.156478,North,Barnet Hospital,4.11,Royal Free Hospital,10.15,Barnet Hospital,4.11,Homerton University,12.89
EN48TR,51.643593,-0.156796,North,Barnet Hospital,4.11,Royal Free Hospital,10.07,Barnet Hospital,4.11,Homerton University,12.84
EN48TS,51.640093,-0.158412,North,Barnet Hospital,4.09,Royal Free Hospital,9.67,Barnet Hospital,4.09,Homerton University,12.6
EN48TT,51.642101,-0.160846,North,Barnet Hospital,3.87,Royal Free Hospital,9.89,Barnet Hospital,3.87,Homerton University,12.88
EN48TU,51.642352,-0.160228,North,Barnet Hospital,3.9,Royal Free Hospital,9.92,Barnet Hospital,3.9,Homerton University,12.87
EN48TW,51.642758,-0.156324,North,Barnet Hospital,4.16,Royal Free Hospital,9.98,Barnet Hospital,4.16,Homerton University,12.74
EN48TX,51.641206,-0.158829,North,Barnet Hospital,4.03,Royal Free Hospital,9.8,Barnet Hospital,4.03,Homerton University,12.71
EN48TY,51.640619,-0.158116,North,Barnet Hospital,4.1,Royal Free Hospital,9.73,Barnet Hospital,4.1,Homerton University,12.63
EN48TZ,51.640262,-0.158853,North,Barnet Hospital,4.06,Royal Free Hospital,9.69,Barnet Hospital,4.06,Homerton University,12.63
EN48UA,51.642583,-0.158933,North,Barnet Hospital,3.99,Royal Free Hospital,9.95,Barnet Hospital,3.99,Homerton University,12.84
EN48UB,51.643179,-0.157348,North,Barnet Hospital,4.08,Royal Free Hospital,10.02,Barnet Hospital,4.08,Homerton University,12.82
EN48UD,51.643614,-0.15759,North,Barnet Hospital,4.05,Royal Free Hospital,10.07,Barnet Hospital,4.05,Homerton University,12.87
EN48UE,51.641784,-0.157823,North,Barnet Hospital,4.08,Royal Free Hospital,9.86,Barnet Hospital,4.08,Homerton University,12.72
EN48UF,51.643241,-0.171119,North,Barnet Hospital,3.15,Royal Free Hospital,10.02,Barnet Hospital,3.15,UCH (University College),13.4
EN48UG,51.641474,-0.159324,North,Barnet Hospital,3.99,Royal Free Hospital,9.82,Barnet Hospital,3.99,Homerton University,12.76
EN48UH,51.643241,-0.171119,North,Barnet Hospital,3.15,Royal Free Hospital,10.02,Barnet Hospital,3.15,UCH (University College),13.4
EN48UJ,51.643241,-0.171119,North,Barnet Hospital,3.15,Royal Free Hospital,10.02,Barnet Hospital,3.15,UCH (University College),13.4
EN48UL,51.642409,-0.167308,North,Barnet Hospital,3.43,Royal Free Hospital,9.92,Barnet Hospital,3.43,Homerton University,13.18
EN48UN,51.641858,-0.1672,North,Barnet Hospital,3.45,Royal Free Hospital,9.86,Barnet Hospital,3.45,Homerton University,13.13
EN48UP,51.640698,-0.166004,North,Barnet Hospital,3.57,Royal Free Hospital,9.73,Barnet Hospital,3.57,Homerton University,12.98
EN48UQ,51.642127,-0.163114,North,Barnet Hospital,3.72,Royal Free Hospital,9.89,Barnet Hospital,3.72,Homerton University,12.97
EN48UR,51.643241,-0.171119,North,Barnet Hospital,3.15,Royal Free Hospital,10.02,Barnet Hospital,3.15,UCH (University College),13.4
EN48US,51.641757,-0.164747,North,Barnet Hospital,3.62,Royal Free Hospital,9.85,Barnet Hospital,3.62,Homerton University,13.01
EN48UT,51.641766,-0.164732,North,Barnet Hospital,3.62,Royal Free Hospital,9.85,Barnet Hospital,3.62,Homerton University,13.01
EN48UU,51.641496,-0.1647,North,Barnet Hospital,3.63,Royal Free Hospital,9.82,Barnet Hospital,3.63,Homerton University,12.99
EN48UW,51.640778,-0.16655,North,Barnet Hospital,3.53,Royal Free Hospital,9.74,Barnet Hospital,3.53,Homerton University,13.01
EN48UX,51.641482,-0.163848,North,Barnet Hospital,3.69,Royal Free Hospital,9.82,Barnet Hospital,3.69,Homerton University,12.95
EN48UY,51.640775,-0.164642,North,Barnet Hospital,3.66,Royal Free Hospital,9.74,Barnet Hospital,3.66,Homerton University,12.92
EN48UZ,51.639215,-0.16089,North,Barnet Hospital,3.96,Royal Free Hospital,9.57,Barnet Hospital,3.96,Homerton University,12.63
EN48WA,51.639216,-0.160933,North,Barnet Hospital,3.96,Royal Free Hospital,9.57,Barnet Hospital,3.96,Homerton University,12.63
EN48WB,51.643015,-0.171013,North,Barnet Hospital,3.17,Royal Free Hospital,9.99,Barnet Hospital,3.17,UCH (University College),13.38
EN48WD,51.639216,-0.160933,North,Barnet Hospital,3.96,Royal Free Hospital,9.57,Barnet Hospital,3.96,Homerton University,12.63
EN48WE,51.643241,-0.171119,North,Barnet Hospital,3.15,Royal Free Hospital,10.02,Barnet Hospital,3.15,UCH (University College),13.4
EN48WF,51.643241,-0.171119,North,Barnet Hospital,3.15,Royal Free Hospital,10.02,Barnet Hospital,3.15,UCH (University College),13.4
EN48WG,51.639216,-0.160933,North,Barnet Hospital,3.96,Royal Free Hospital,9.57,Barnet Hospital,3.96,Homerton University,12.63
EN48WH,51.643241,-0.171119,North,Barnet Hospital,3.15,Royal Free Hospital,10.02,Barnet Hospital,3.15,UCH (University College),13.4
EN48WJ,51.643241,-0.171119,North,Barnet Hospital,3.15,Royal Free Hospital,10.02,Barnet Hospital,3.15,UCH (University College),13.4
EN48WL,51.643241,-0.171119,North,Barnet Hospital,3.15,Royal Free Hospital,10.02,Barnet Hospital,3.15,UCH (University College),13.4
EN48WN,51.643241,-0.171119,North,Barnet Hospital,3.15,Royal Free Hospital,10.02,Barnet Hospital,3.15,UCH (University College),13.4
EN48WP,51.643241,-0.171119,North,Barnet Hospital,3.15,Royal Free Hospital,10.02,Barnet Hospital,3.15,UCH (University College),13.4
EN48WQ,51.643241,-0.171119,North,Barnet Hospital,3.15,Royal Free Hospital,10.02,Barnet Hospital,3.15,UCH (University College),13.4
EN48WR,51.643015,-0.171013,North,Barnet Hospital,3.17,Royal Free Hospital,9.99,Barnet Hospital,3.17,UCH (University College),13.38
EN48WS,51.643241,-0.171119,North,Barnet Hospital,3.15,Royal Free Hospital,10.02,Barnet Hospital,3.15,UCH (University College),13.4
EN48WT,51.643241,-0.171119,North,Barnet Hospital,3.15,Royal Free Hospital,10.02,Barnet Hospital,3.15,UCH (University College),13.4
EN48WU,51.643241,-0.171119,North,Barnet Hospital,3.15,Royal Free Hospital,10.02,Barnet Hospital,3.15,UCH (University College),13.4
EN48WW,51.643241,-0.171119,North,Barnet Hospital,3.15,Royal Free Hospital,10.02,Barnet Hospital,3.15,UCH (University College),13.4
EN48WX,51.643015,-0.171013,North,Barnet Hospital,3.17,Royal Free Hospital,9.99,Barnet Hospital,3.17,UCH (University College),13.38
EN48WY,51.639216,-0.160933,North,Barnet Hospital,3.96,Royal Free Hospital,9.57,Barnet Hospital,3.96,Homerton University,12.63
EN48WZ,51.639216,-0.160933,North,Barnet Hospital,3.96,Royal Free Hospital,9.57,Barnet Hospital,3.96,Homerton University,12.63
EN48XA,51.638441,-0.160257,North,Barnet Hospital,4.03,Royal Free Hospital,9.49,Barnet Hospital,4.03,Homerton University,12.53
EN48XB,51.637346,-0.158668,North,Barnet Hospital,4.17,Royal Free Hospital,9.37,Barnet Hospital,4.17,Homerton University,12.37
EN48XD,51.63623,-0.157456,North,Barnet Hospital,4.3,Royal Free Hospital,9.25,Barnet Hospital,4.3,Homerton University,12.22
EN48XE,51.635229,-0.156745,North,Barnet Hospital,4.39,Royal Free Hospital,9.14,Barnet Hospital,4.39,Homerton University,12.1
EN48XF,51.640286,-0.158679,North,Barnet Hospital,4.07,Royal Free Hospital,9.69,Barnet Hospital,4.07,Homerton University,12.62
EN48XG,51.635956,-0.158955,North,Barnet Hospital,4.21,Royal Free Hospital,9.21,Barnet Hospital,4.21,Homerton University,12.26
EN48XH,51.643241,-0.171119,North,Barnet Hospital,3.15,Royal Free Hospital,10.02,Barnet Hospital,3.15,UCH (University College),13.4
EN48XJ,51.643241,-0.171119,North,Barnet Hospital,3.15,Royal Free Hospital,10.02,Barnet Hospital,3.15,UCH (University College),13.4
EN48XL,51.640231,-0.158609,North,Barnet Hospital,4.07,Royal Free Hospital,9.69,Barnet Hospital,4.07,Homerton University,12.62
EN48XN,51.643241,-0.171119,North,Barnet Hospital,3.15,Royal Free Hospital,10.02,Barnet Hospital,3.15,UCH (University College),13.4
EN48XP,51.643241,-0.171119,North,Barnet Hospital,3.15,Royal Free Hospital,10.02,Barnet Hospital,3.15,UCH (University College),13.4
EN48XQ,51.643241,-0.171119,North,Barnet Hospital,3.15,Royal Free Hospital,10.02,Barnet Hospital,3.15,UCH (University College),13.4
EN48XR,51.643241,-0.171119,North,Barnet Hospital,3.15,Royal Free Hospital,10.02,Barnet Hospital,3.15,UCH (University College),13.4
EN48XS,51.643241,-0.171119,North,Barnet Hospital,3.15,Royal Free Hospital,10.02,Barnet Hospital,3.15,UCH (University College),13.4
EN48XT,51.643241,-0.171119,North,Barnet Hospital,3.15,Royal Free Hospital,10.02,Barnet Hospital,3.15,UCH (University College),13.4
EN48XU,51.643241,-0.171119,North,Barnet Hospital,3.15,Royal Free Hospital,10.02,Barnet Hospital,3.15,UCH (University College),13.4
EN48XW,51.643241,-0.171119,North,Barnet Hospital,3.15,Royal Free Hospital,10.02,Barnet Hospital,3.15,UCH (University College),13.4
EN48XX,51.640607,-0.159056,North,Barnet Hospital,4.03,Royal Free Hospital,9.73,Barnet Hospital,4.03,Homerton University,12.67
EN48XY,51.643015,-0.171013,North,Barnet Hospital,3.17,Royal Free Hospital,9.99,Barnet Hospital,3.17,UCH (University College),13.38
EN48XZ,51.643241,-0.171119,North,Barnet Hospital,3.15,Royal Free Hospital,10.02,Barnet Hospital,3.15,UCH (University College),13.4
EN48YD,51.643241,-0.171119,North,Barnet Hospital,3.15,Royal Free Hospital,10.02,Barnet Hospital,3.15,UCH (University College),13.4
EN48YF,51.643241,-0.171119,North,Barnet Hospital,3.15,Royal Free Hospital,10.02,Barnet Hospital,3.15,UCH (University College),13.4
EN48YG,51.643241,-0.171119,North,Barnet Hospital,3.15,Royal Free Hospital,10.02,Barnet Hospital,3.15,UCH (University College),13.4
EN48YH,51.643241,-0.171119,North,Barnet Hospital,3.15,Royal Free Hospital,10.02,Barnet Hospital,3.15,UCH (University College),13.4
EN48YJ,51.643241,-0.171119,North,Barnet Hospital,3.15,Royal Free Hospital,10.02,Barnet Hospital,3.15,UCH (University College),13.4
EN48YN,51.643241,-0.171119,North,Barnet Hospital,3.15,Royal Free Hospital,10.02,Barnet Hospital,3.15,UCH (University College),13.4
EN48YP,51.643241,-0.171119,North,Barnet Hospital,3.15,Royal Free Hospital,10.02,Barnet Hospital,3.15,UCH (University College),13.4
EN48YQ,51.643241,-0.171119,North,Barnet Hospital,3.15,Royal Free Hospital,10.02,Barnet Hospital,3.15,UCH (University College),13.4
EN48YR,51.643241,-0.171119,North,Barnet Hospital,3.15,Royal Free Hospital,10.02,Barnet Hospital,3.15,UCH (University College),13.4
EN48YS,51.643241,-0.171119,North,Barnet Hospital,3.15,Royal Free Hospital,10.02,Barnet Hospital,3.15,UCH (University College),13.4
EN48YT,51.643241,-0.171119,North,Barnet Hospital,3.15,Royal Free Hospital,10.02,Barnet Hospital,3.15,UCH (University College),13.4
EN48YU,51.640332,-0.15872,North,Barnet Hospital,4.06,Royal Free Hospital,9.7,Barnet Hospital,4.06,Homerton University,12.63
EN48YW,51.640332,-0.15872,North,Barnet Hospital,4.06,Royal Free Hospital,9.7,Barnet Hospital,4.06,Homerton University,12.63
EN48YX,51.643241,-0.171119,North,Barnet Hospital,3.15,Royal Free Hospital,10.02,Barnet Hospital,3.15,UCH (University College),13.4
EN48YY,51.643241,-0.171119,North,Barnet Hospital,3.15,Royal Free Hospital,10.02,Barnet Hospital,3.15,UCH (University College),13.4
EN48YZ,51.640332,-0.15872,North,Barnet Hospital,4.06,Royal Free Hospital,9.7,Barnet Hospital,4.06,Homerton University,12.63
EN48ZD,51.643241,-0.171119,North,Barnet Hospital,3.15,Royal Free Hospital,10.02,Barnet Hospital,3.15,UCH (University College),13.4
EN48ZE,51.640332,-0.15872,North,Barnet Hospital,4.06,Royal Free Hospital,9.7,Barnet Hospital,4.06,Homerton University,12.63
EN48ZF,51.643241,-0.171119,North,Barnet Hospital,3.15,Royal Free Hospital,10.02,Barnet Hospital,3.15,UCH (University College),13.4
EN48ZG,51.643241,-0.171119,North,Barnet Hospital,3.15,Royal Free Hospital,10.02,Barnet Hospital,3.15,UCH (University College),13.4
EN48ZH,51.643241,-0.171119,North,Barnet Hospital,3.15,Royal Free Hospital,10.02,Barnet Hospital,3.15,UCH (University College),13.4
EN48ZJ,51.643241,-0.171119,North,Barnet Hospital,3.15,Royal Free Hospital,10.02,Barnet Hospital,3.15,UCH (University College),13.4
EN48ZL,51.643241,-0.171119,North,Barnet Hospital,3.15,Royal Free Hospital,10.02,Barnet Hospital,3.15,UCH (University College),13.4
EN48ZN,51.643241,-0.171119,North,Barnet Hospital,3.15,Royal Free Hospital,10.02,Barnet Hospital,3.15,UCH (University College),13.4
EN48ZP,51.643241,-0.171119,North,Barnet Hospital,3.15,Royal Free Hospital,10.02,Barnet Hospital,3.15,UCH (University College),13.4
EN48ZQ,51.643241,-0.171119,North,Barnet Hospital,3.15,Royal Free Hospital,10.02,Barnet Hospital,3.15,UCH (University College),13.4
EN48ZR,51.643241,-0.171119,North,Barnet Hospital,3.15,Royal Free Hospital,10.02,Barnet Hospital,3.15,UCH (University College),13.4
EN48ZS,51.640332,-0.15872,North,Barnet Hospital,4.06,Royal Free Hospital,9.7,Barnet Hospital,4.06,Homerton University,12.63
EN48ZT,51.640332,-0.15872,North,Barnet Hospital,4.06,Royal Free Hospital,9.7,Barnet Hospital,4.06,Homerton University,12.63
EN48ZU,51.643241,-0.171119,North,Barnet Hospital,3.15,Royal Free Hospital,10.02,Barnet Hospital,3.15,UCH (University College),13.4
EN48ZW,51.643241,-0.171119,North,Barnet Hospital,3.15,Royal Free Hospital,10.02,Barnet Hospital,3.15,UCH (University College),13.4
EN48ZX,51.643241,-0.171119,North,Barnet Hospital,3.15,Royal Free Hospital,10.02,Barnet Hospital,3.15,UCH (University College),13.4
EN48ZY,51.643241,-0.171119,North,Barnet Hospital,3.15,Royal Free Hospital,10.02,Barnet Hospital,3.15,UCH (University College),13.4
EN48ZZ,51.640332,-0.15872,North,Barnet Hospital,4.06,Royal Free Hospital,9.7,Barnet Hospital,4.06,Homerton University,12.63
EN49AA,51.651091,-0.161306,North,Barnet Hospital,3.72,Royal Free Hospital,10.89,Barnet Hospital,3.72,Homerton University,13.7
EN49AB,51.652028,-0.161962,North,Barnet Hospital,3.68,Royal Free Hospital,10.99,Barnet Hospital,3.68,Homerton University,13.81
EN49AD,51.65222,-0.161607,North,Barnet Hospital,3.7,Royal Free Hospital,11.01,Barnet Hospital,3.7,Homerton University,13.81
EN49AE,51.65222,-0.161607,North,Barnet Hospital,3.7,Royal Free Hospital,11.01,Barnet Hospital,3.7,Homerton University,13.81
EN49AF,51.652512,-0.161321,North,Barnet Hospital,3.72,Royal Free Hospital,11.05,Barnet Hospital,3.72,Homerton University,13.82
EN49AG,51.653123,-0.16585,North,Barnet Hospital,3.42,Royal Free Hospital,11.11,Barnet Hospital,3.42,Homerton University,14.06
EN49AH,51.653235,-0.163272,North,Barnet Hospital,3.59,Royal Free Hospital,11.12,Barnet Hospital,3.59,Homerton University,13.97
EN49AJ,51.653894,-0.165125,North,Barnet Hospital,3.47,Royal Free Hospital,11.2,Barnet Hospital,3.47,Homerton University,14.1
EN49AL,51.652791,-0.16647,North,Barnet Hospital,3.37,Royal Free Hospital,11.07,Barnet Hospital,3.37,Homerton University,14.06
EN49AN,51.653275,-0.167564,North,Barnet Hospital,3.3,Royal Free Hospital,11.13,Barnet Hospital,3.3,Homerton University,14.15
EN49AP,51.654644,-0.16881,North,Barnet Hospital,3.23,Royal Free Hospital,11.28,Barnet Hospital,3.23,Homerton University,14.32
EN49AQ,51.652933,-0.163472,North,Barnet Hospital,3.58,Royal Free Hospital,11.09,Barnet Hospital,3.58,Homerton University,13.95
EN49AR,51.654863,-0.16844,North,Barnet Hospital,3.26,Royal Free Hospital,11.31,Barnet Hospital,3.26,Homerton University,14.32
EN49AS,51.654801,-0.170249,North,Barnet Hospital,3.13,Royal Free Hospital,11.3,Barnet Hospital,3.13,Homerton University,14.39
EN49AT,51.654137,-0.171476,North,Barnet Hospital,3.04,Royal Free Hospital,11.23,Barnet Hospital,3.04,Homerton University,14.38
EN49AU,51.655002,-0.167567,North,Barnet Hospital,3.32,Royal Free Hospital,11.32,Barnet Hospital,3.32,Homerton University,14.3
EN49AW,51.650876,-0.161314,North,Barnet Hospital,3.72,Royal Free Hospital,10.86,Barnet Hospital,3.72,Homerton University,13.68
EN49AX,51.65539,-0.171107,North,Barnet Hospital,3.09,Royal Free Hospital,11.37,Barnet Hospital,3.09,Homerton University,14.48
EN49AY,51.655043,-0.171945,North,Barnet Hospital,3.02,Royal Free Hospital,11.33,Barnet Hospital,3.02,Homerton University,14.48
EN49AZ,51.65135,-0.161194,North,Barnet Hospital,3.73,Royal Free Hospital,10.92,Barnet Hospital,3.73,Homerton University,13.71
EN49BA,51.650876,-0.161314,North,Barnet Hospital,3.72,Royal Free Hospital,10.86,Barnet Hospital,3.72,Homerton University,13.68
EN49BB,51.643241,-0.171119,North,Barnet Hospital,3.15,Royal Free Hospital,10.02,Barnet Hospital,3.15,UCH (University College),13.4
EN49BD,51.643241,-0.171119,North,Barnet Hospital,3.15,Royal Free Hospital,10.02,Barnet Hospital,3.15,UCH (University College),13.4
EN49BE,51.651007,-0.161627,North,Barnet Hospital,3.7,Royal Free Hospital,10.88,Barnet Hospital,3.7,Homerton University,13.7
EN49BF,51.650876,-0.161314,North,Barnet Hospital,3.72,Royal Free Hospital,10.86,Barnet Hospital,3.72,Homerton University,13.68
EN49BG,51.655459,-0.172059,North,Barnet Hospital,3.02,Royal Free Hospital,11.38,Barnet Hospital,3.02,Homerton University,14.53
EN49BH,51.654752,-0.173475,North,Barnet Hospital,2.91,Royal Free Hospital,11.31,Barnet Hospital,2.91,Homerton University,14.52
EN49BJ,51.648997,-0.17229,North,Barnet Hospital,2.97,Royal Free Hospital,10.66,Barnet Hospital,2.97,Homerton University,13.97
EN49BL,51.643241,-0.171119,North,Barnet Hospital,3.15,Royal Free Hospital,10.02,Barnet Hospital,3.15,UCH (University College),13.4
EN49BN,51.650876,-0.161314,North,Barnet Hospital,3.72,Royal Free Hospital,10.86,Barnet Hospital,3.72,Homerton University,13.68
EN49BQ,51.655081,-0.173216,North,Barnet Hospital,2.94,Royal Free Hospital,11.34,Barnet Hospital,2.94,Homerton University,14.54
EN49BS,51.653981,-0.168952,North,Barnet Hospital,3.21,Royal Free Hospital,11.21,Barnet Hospital,3.21,Homerton University,14.27
EN49BT,51.654463,-0.169872,North,Barnet Hospital,3.15,Royal Free Hospital,11.26,Barnet Hospital,3.15,Homerton University,14.35
EN49BU,51.654626,-0.167119,North,Barnet Hospital,3.35,Royal Free Hospital,11.28,Barnet Hospital,3.35,Homerton University,14.25
EN49BW,51.650876,-0.161314,North,Barnet Hospital,3.72,Royal Free Hospital,10.86,Barnet Hospital,3.72,Homerton University,13.68
EN49BX,51.654914,-0.162496,North,Barnet Hospital,3.67,Royal Free Hospital,11.31,Barnet Hospital,3.67,Homerton University,14.09
EN49BY,51.654667,-0.16278,North,Barnet Hospital,3.64,Royal Free Hospital,11.28,Barnet Hospital,3.64,Homerton University,14.08
EN49BZ,51.643015,-0.171013,North,Barnet Hospital,3.17,Royal Free Hospital,9.99,Barnet Hospital,3.17,UCH (University College),13.38
EN49DA,51.652612,-0.157919,North,Barnet Hospital,3.96,Royal Free Hospital,11.07,Barnet Hospital,3.96,Homerton University,13.7
EN49DB,51.650876,-0.161314,North,Barnet Hospital,3.72,Royal Free Hospital,10.86,Barnet Hospital,3.72,Homerton University,13.68
EN49DD,51.652478,-0.160816,North,Barnet Hospital,3.76,Royal Free Hospital,11.04,Barnet Hospital,3.76,Homerton University,13.8
EN49DE,51.654227,-0.164547,North,Barnet Hospital,3.52,Royal Free Hospital,11.23,Barnet Hospital,3.52,Homerton University,14.11
EN49DF,51.653433,-0.162136,North,Barnet Hospital,3.67,Royal Free Hospital,11.15,Barnet Hospital,3.67,Homerton University,13.94
EN49DG,51.653968,-0.166394,North,Barnet Hospital,3.39,Royal Free Hospital,11.21,Barnet Hospital,3.39,Homerton University,14.16
EN49DH,51.6546,-0.164258,North,Barnet Hospital,3.54,Royal Free Hospital,11.28,Barnet Hospital,3.54,Homerton University,14.13
EN49DJ,51.653884,-0.162176,North,Barnet Hospital,3.68,Royal Free Hospital,11.2,Barnet Hospital,3.68,Homerton University,13.98
EN49DL,51.653734,-0.1601,North,Barnet Hospital,3.82,Royal Free Hospital,11.18,Barnet Hospital,3.82,Homerton University,13.89
EN49DN,51.654938,-0.16115,North,Barnet Hospital,3.76,Royal Free Hospital,11.32,Barnet Hospital,3.76,Homerton University,14.04
EN49DP,51.655873,-0.161748,North,Barnet Hospital,3.73,Royal Free Hospital,11.42,Barnet Hospital,3.73,Homerton University,14.15
EN49DQ,51.655628,-0.164491,North,Barnet Hospital,3.54,Royal Free Hospital,11.39,Barnet Hospital,3.54,Homerton University,14.23
EN49DR,51.643241,-0.171119,North,Barnet Hospital,3.15,Royal Free Hospital,10.02,Barnet Hospital,3.15,UCH (University College),13.4
EN49DS,51.652758,-0.158029,North,Barnet Hospital,3.95,Royal Free Hospital,11.08,Barnet Hospital,3.95,Homerton University,13.72
EN49DT,51.643241,-0.171119,North,Barnet Hospital,3.15,Royal Free Hospital,10.02,Barnet Hospital,3.15,UCH (University College),13.4
EN49DU,51.651961,-0.157714,North,Barnet Hospital,3.97,Royal Free Hospital,10.99,Barnet Hospital,3.97,Homerton University,13.63
EN49DW,51.655637,-0.163334,North,Barnet Hospital,3.62,Royal Free Hospital,11.39,Barnet Hospital,3.62,Homerton University,14.19
EN49DX,51.652312,-0.155416,North,Barnet Hospital,4.13,Royal Free Hospital,11.04,Barnet Hospital,4.13,Homerton University,13.58
EN49DY,51.651012,-0.15622,North,Barnet Hospital,4.07,Royal Free Hospital,10.89,Barnet Hospital,4.07,Homerton University,13.49
EN49DZ,51.651706,-0.154645,North,Barnet Hospital,4.18,Royal Free Hospital,10.98,Barnet Hospital,4.18,Homerton University,13.49
EN49EA,51.652015,-0.154821,North,Barnet Hospital,4.17,Royal Free Hospital,11.01,Barnet Hospital,4.17,Homerton University,13.53
EN49EB,51.650538,-0.149547,North,Barnet Hospital,4.53,Royal Free Hospital,10.88,Barnet Hospital,4.53,Homerton University,13.19
EN49ED,51.655499,-0.160217,North,Barnet Hospital,3.83,Royal Free Hospital,11.38,Barnet Hospital,3.83,Homerton University,14.05
EN49EE,51.650567,-0.149647,North,Barnet Hospital,4.52,Royal Free Hospital,10.88,Barnet Hospital,4.52,Homerton University,13.2
EN49EF,51.650978,-0.154082,North,Barnet Hospital,4.22,Royal Free Hospital,10.9,Barnet Hospital,4.22,Homerton University,13.4
EN49EG,51.650743,-0.15402,North,Barnet Hospital,4.22,Royal Free Hospital,10.87,Barnet Hospital,4.22,Homerton University,13.38
EN49EH,51.651095,-0.154092,North,Barnet Hospital,4.22,Royal Free Hospital,10.91,Barnet Hospital,4.22,Homerton University,13.41
EN49EJ,51.649181,-0.154155,North,Barnet Hospital,4.22,Royal Free Hospital,10.7,Barnet Hospital,4.22,Homerton University,13.24
EN49EL,51.643241,-0.171119,North,Barnet Hospital,3.15,Royal Free Hospital,10.02,Barnet Hospital,3.15,UCH (University College),13.4
EN49EN,51.647629,-0.157297,North,Barnet Hospital,4.01,Royal Free Hospital,10.51,Barnet Hospital,4.01,Homerton University,13.22
EN49EP,51.649889,-0.150585,North,Barnet Hospital,4.46,Royal Free Hospital,10.8,Barnet Hospital,4.46,Homerton University,13.17
EN49EQ,51.655046,-0.154279,North,Barnet Hospital,4.23,Royal Free Hospital,11.35,Barnet Hospital,4.23,Homerton University,13.79
EN49ER,51.649665,-0.15123,North,Barnet Hospital,4.41,Royal Free Hospital,10.77,Barnet Hospital,4.41,Homerton University,13.17
EN49ES,51.649513,-0.154127,North,Barnet Hospital,4.22,Royal Free Hospital,10.74,Barnet Hospital,4.22,Homerton University,13.27
EN49ET,51.651136,-0.158427,North,Barnet Hospital,3.92,Royal Free Hospital,10.9,Barnet Hospital,3.92,Homerton University,13.59
EN49EU,51.64987,-0.157394,North,Barnet Hospital,3.99,Royal Free Hospital,10.76,Barnet Hospital,3.99,Homerton University,13.43
EN49EW,51.643015,-0.171013,North,Barnet Hospital,3.17,Royal Free Hospital,9.99,Barnet Hospital,3.17,UCH (University College),13.38
EN49EX,51.648723,-0.157065,North,Barnet Hospital,4.02,Royal Free Hospital,10.64,Barnet Hospital,4.02,Homerton University,13.31
EN49EY,51.648817,-0.15907,North,Barnet Hospital,3.88,Royal Free Hospital,10.64,Barnet Hospital,3.88,Homerton University,13.4
EN49EZ,51.6482,-0.158141,North,Barnet Hospital,3.95,Royal Free Hospital,10.58,Barnet Hospital,3.95,Homerton University,13.31
EN49FA,51.646673,-0.165098,North,Barnet Hospital,3.49,Royal Free Hospital,10.39,Barnet Hospital,3.49,Homerton University,13.46
EN49FB,51.652823,-0.157593,North,Barnet Hospital,3.98,Royal Free Hospital,11.09,Barnet Hospital,3.98,Homerton University,13.71
EN49FD,51.652822,-0.161004,North,Barnet Hospital,3.75,Royal Free Hospital,11.08,Barnet Hospital,3.75,Homerton University,13.84
EN49FE,51.649231,-0.165385,North,Barnet Hospital,3.44,Royal Free Hospital,10.68,Barnet Hospital,3.44,Homerton University,13.7
EN49FF,51.650255,-0.160703,North,Barnet Hospital,3.76,Royal Free Hospital,10.8,Barnet Hospital,3.76,Homerton University,13.6
EN49FG,51.647888,-0.166364,North,Barnet Hospital,3.38,Royal Free Hospital,10.53,Barnet Hospital,3.38,Homerton University,13.62
EN49FH,51.650891,-0.172633,North,Barnet Hospital,2.94,Royal Free Hospital,10.87,Barnet Hospital,2.94,Homerton University,14.15
EN49FS,51.651461,-0.173434,North,Barnet Hospital,2.88,Royal Free Hospital,10.94,Barnet Hospital,2.88,Homerton University,14.23
EN49GE,51.656336,-0.171778,North,Barnet Hospital,3.06,Royal Free Hospital,11.48,Barnet Hospital,3.06,Homerton University,14.59
EN49HA,51.649271,-0.159934,North,Barnet Hospital,3.82,Royal Free Hospital,10.69,Barnet Hospital,3.82,Homerton University,13.48
EN49HD,51.650387,-0.159975,North,Barnet Hospital,3.81,Royal Free Hospital,10.81,Barnet Hospital,3.81,Homerton University,13.58
EN49HE,51.65063,-0.159431,North,Barnet Hospital,3.85,Royal Free Hospital,10.84,Barnet Hospital,3.85,Homerton University,13.58
EN49HF,51.650549,-0.158234,North,Barnet Hospital,3.93,Royal Free Hospital,10.84,Barnet Hospital,3.93,Homerton University,13.52
EN49HG,51.652947,-0.159221,North,Barnet Hospital,3.87,Royal Free Hospital,11.1,Barnet Hospital,3.87,Homerton University,13.78
EN49HH,51.649973,-0.154759,North,Barnet Hospital,4.17,Royal Free Hospital,10.79,Barnet Hospital,4.17,Homerton University,13.34
EN49HJ,51.654976,-0.153255,North,Barnet Hospital,4.3,Royal Free Hospital,11.35,Barnet Hospital,4.3,Homerton University,13.74
EN49HL,51.654573,-0.153936,North,Barnet Hospital,4.25,Royal Free Hospital,11.3,Barnet Hospital,4.25,Homerton University,13.73
EN49HN,51.654874,-0.154792,North,Barnet Hospital,4.19,Royal Free Hospital,11.33,Barnet Hospital,4.19,Homerton University,13.79
EN49HP,51.654663,-0.159716,North,Barnet Hospital,3.85,Royal Free Hospital,11.29,Barnet Hospital,3.85,Homerton University,13.96
EN49HQ,51.651702,-0.158404,North,Barnet Hospital,3.92,Royal Free Hospital,10.96,Barnet Hospital,3.92,Homerton University,13.64
EN49HR,51.65475,-0.155505,North,Barnet Hospital,4.14,Royal Free Hospital,11.31,Barnet Hospital,4.14,Homerton University,13.81
EN49HS,51.651207,-0.152078,North,Barnet Hospital,4.36,Royal Free Hospital,10.94,Barnet Hospital,4.36,Homerton University,13.35
EN49HT,51.654726,-0.159699,North,Barnet Hospital,3.86,Royal Free Hospital,11.3,Barnet Hospital,3.86,Homerton University,13.96
EN49HU,51.654483,-0.154504,North,Barnet Hospital,4.21,Royal Free Hospital,11.29,Barnet Hospital,4.21,Homerton University,13.74
EN49HW,51.654723,-0.156663,North,Barnet Hospital,4.06,Royal Free Hospital,11.3,Barnet Hospital,4.06,Homerton University,13.85
EN49HX,51.655052,-0.158688,North,Barnet Hospital,3.93,Royal Free Hospital,11.33,Barnet Hospital,3.93,Homerton University,13.95
EN49HY,51.652825,-0.153747,North,Barnet Hospital,4.25,Royal Free Hospital,11.11,Barnet Hospital,4.25,Homerton University,13.56
EN49HZ,51.652653,-0.153104,North,Barnet Hospital,4.29,Royal Free Hospital,11.09,Barnet Hospital,4.29,Homerton University,13.52
EN49JA,51.643241,-0.171119,North,Barnet Hospital,3.15,Royal Free Hospital,10.02,Barnet Hospital,3.15,UCH (University College),13.4
EN49JE,51.652775,-0.154009,North,Barnet Hospital,4.23,Royal Free Hospital,11.1,Barnet Hospital,4.23,Homerton University,13.57
EN49JG,51.65267,-0.152467,North,Barnet Hospital,4.33,Royal Free Hospital,11.1,Barnet Hospital,4.33,Homerton University,13.5
EN49JH,51.650311,-0.152808,North,Barnet Hospital,4.3,Royal Free Hospital,10.83,Barnet Hospital,4.3,Homerton University,13.29
EN49JJ,51.650978,-0.154082,North,Barnet Hospital,4.22,Royal Free Hospital,10.9,Barnet Hospital,4.22,Homerton University,13.4
EN49JL,51.651877,-0.154046,North,Barnet Hospital,4.22,Royal Free Hospital,11.0,Barnet Hospital,4.22,Homerton University,13.48
EN49JN,51.650876,-0.161314,North,Barnet Hospital,3.72,Royal Free Hospital,10.86,Barnet Hospital,3.72,Homerton University,13.68
EN49JP,51.646457,-0.15707,North,Barnet Hospital,4.04,Royal Free Hospital,10.39,Barnet Hospital,4.04,Homerton University,13.11
EN49JQ,51.651395,-0.15142,North,Barnet Hospital,4.4,Royal Free Hospital,10.96,Barnet Hospital,4.4,Homerton University,13.34
EN49JR,51.64653,-0.157154,North,Barnet Hospital,4.03,Royal Free Hospital,10.39,Barnet Hospital,4.03,Homerton University,13.12
EN49JS,51.648332,-0.153958,North,Barnet Hospital,4.23,Royal Free Hospital,10.61,Barnet Hospital,4.23,Homerton University,13.15
EN49JT,51.64895,-0.154945,North,Barnet Hospital,4.16,Royal Free Hospital,10.67,Barnet Hospital,4.16,Homerton University,13.25
EN49JU,51.649531,-0.156396,North,Barnet Hospital,4.06,Royal Free Hospital,10.73,Barnet Hospital,4.06,Homerton University,13.36
EN49JX,51.648097,-0.156165,North,Barnet Hospital,4.08,Royal Free Hospital,10.57,Barnet Hospital,4.08,Homerton University,13.22
EN49JY,51.648274,-0.154814,North,Barnet Hospital,4.17,Royal Free Hospital,10.6,Barnet Hospital,4.17,Homerton University,13.18
EN49LA,51.648539,-0.152837,North,Barnet Hospital,4.31,Royal Free Hospital,10.64,Barnet Hospital,4.31,Homerton University,13.13
EN49LB,51.648663,-0.152659,North,Barnet Hospital,4.32,Royal Free Hospital,10.65,Barnet Hospital,4.32,Homerton University,13.13
EN49LD,51.647263,-0.154016,North,Barnet Hospital,4.24,Royal Free Hospital,10.49,Barnet Hospital,4.24,Homerton University,13.06
EN49LE,51.646468,-0.154901,North,Barnet Hospital,4.19,Royal Free Hospital,10.4,Barnet Hospital,4.19,Homerton University,13.02
EN49LF,51.646172,-0.154422,North,Barnet Hospital,4.22,Royal Free Hospital,10.37,Barnet Hospital,4.22,Homerton University,12.97
EN49LG,51.648604,-0.15123,North,Barnet Hospital,4.42,Royal Free Hospital,10.65,Barnet Hospital,4.42,Homerton University,13.07
EN49LH,51.648469,-0.152363,North,Barnet Hospital,4.34,Royal Free Hospital,10.63,Barnet Hospital,4.34,Homerton University,13.1
EN49LJ,51.646552,-0.156228,North,Barnet Hospital,4.09,Royal Free Hospital,10.4,Barnet Hospital,4.09,Homerton University,13.08
EN49LN,51.648282,-0.154192,North,Barnet Hospital,4.22,Royal Free Hospital,10.6,Barnet Hospital,4.22,Homerton University,13.16
EN49LS,51.650281,-0.150959,North,Barnet Hospital,4.43,Royal Free Hospital,10.84,Barnet Hospital,4.43,Homerton University,13.22
EN49LT,51.650947,-0.151539,North,Barnet Hospital,4.39,Royal Free Hospital,10.91,Barnet Hospital,4.39,Homerton University,13.3
EN49LU,51.647292,-0.14845,North,Barnet Hospital,4.62,Royal Free Hospital,10.53,Barnet Hospital,4.62,Homerton University,12.85
EN49LX,51.646927,-0.149217,North,Barnet Hospital,4.57,Royal Free Hospital,10.48,Barnet Hospital,4.57,Homerton University,12.84
EN49LY,51.646161,-0.151401,North,Barnet Hospital,4.43,Royal Free Hospital,10.38,Barnet Hospital,4.43,Homerton University,12.85
EN49LZ,51.646439,-0.151376,North,Barnet Hospital,4.43,Royal Free Hospital,10.41,Barnet Hospital,4.43,Homerton University,12.88
EN49NA,51.64604,-0.148848,North,Barnet Hospital,4.61,Royal Free Hospital,10.39,Barnet Hospital,4.61,Homerton University,12.74
EN49NB,51.648448,-0.14875,North,Barnet Hospital,4.59,Royal Free Hospital,10.65,Barnet Hospital,4.59,Homerton University,12.96
EN49ND,51.645615,-0.146986,North,Barnet Hospital,4.74,Royal Free Hospital,10.35,Barnet Hospital,4.74,Homerton University,12.63
EN49NE,51.647778,-0.15015,North,Barnet Hospital,4.5,Royal Free Hospital,10.57,Barnet Hospital,4.5,Homerton University,12.96
EN49NF,51.643241,-0.171119,North,Barnet Hospital,3.15,Royal Free Hospital,10.02,Barnet Hospital,3.15,UCH (University College),13.4
EN49NG,51.646442,-0.152113,North,Barnet Hospital,4.38,Royal Free Hospital,10.41,Barnet Hospital,4.38,Homerton University,12.91
EN49NH,51.647497,-0.161451,North,Barnet Hospital,3.73,Royal Free Hospital,10.49,Barnet Hospital,3.73,Homerton University,13.38
EN49NJ,51.648531,-0.170082,North,Barnet Hospital,3.12,Royal Free Hospital,10.61,Barnet Hospital,3.12,Homerton University,13.83
EN49NL,51.650876,-0.161314,North,Barnet Hospital,3.72,Royal Free Hospital,10.86,Barnet Hospital,3.72,Homerton University,13.68
EN49NP,51.649087,-0.168875,North,Barnet Hospital,3.2,Royal Free Hospital,10.66,Barnet Hospital,3.2,Homerton University,13.83
EN49NQ,51.64565,-0.1532,North,Barnet Hospital,4.31,Royal Free Hospital,10.31,Barnet Hospital,4.31,Homerton University,12.88
EN49NR,51.649291,-0.169213,North,Barnet Hospital,3.18,Royal Free Hospital,10.69,Barnet Hospital,3.18,Homerton University,13.86
EN49NS,51.649714,-0.168141,North,Barnet Hospital,3.25,Royal Free Hospital,10.73,Barnet Hospital,3.25,Homerton University,13.85
EN49NT,51.649398,-0.16746,North,Barnet Hospital,3.3,Royal Free Hospital,10.7,Barnet Hospital,3.3,Homerton University,13.8
EN49NU,51.649448,-0.167198,North,Barnet Hospital,3.31,Royal Free Hospital,10.7,Barnet Hospital,3.31,Homerton University,13.79
EN49NW,51.648531,-0.170082,North,Barnet Hospital,3.12,Royal Free Hospital,10.61,Barnet Hospital,3.12,Homerton University,13.83
EN49NX,51.649839,-0.16578,North,Barnet Hospital,3.41,Royal Free Hospital,10.75,Barnet Hospital,3.41,Homerton University,13.77
EN49NY,51.648527,-0.165789,North,Barnet Hospital,3.42,Royal Free Hospital,10.6,Barnet Hospital,3.42,Homerton University,13.65
EN49NZ,51.647587,-0.167229,North,Barnet Hospital,3.33,Royal Free Hospital,10.5,Barnet Hospital,3.33,Homerton University,13.63
EN49PA,51.648289,-0.16671,North,Barnet Hospital,3.36,Royal Free Hospital,10.57,Barnet Hospital,3.36,Homerton University,13.67
EN49PB,51.649202,-0.166398,North,Barnet Hospital,3.37,Royal Free Hospital,10.68,Barnet Hospital,3.37,Homerton University,13.73
EN49PD,51.648489,-0.167959,North,Barnet Hospital,3.27,Royal Free Hospital,10.6,Barnet Hospital,3.27,Homerton University,13.74
EN49PE,51.650328,-0.167683,North,Barnet Hospital,3.28,Royal Free Hospital,10.8,Barnet Hospital,3.28,Homerton University,13.89
EN49PF,51.650614,-0.170475,North,Barnet Hospital,3.09,Royal Free Hospital,10.84,Barnet Hospital,3.09,Homerton University,14.03
EN49PG,51.650351,-0.171455,North,Barnet Hospital,3.02,Royal Free Hospital,10.81,Barnet Hospital,3.02,Homerton University,14.05
EN49PH,51.650864,-0.170914,North,Barnet Hospital,3.06,Royal Free Hospital,10.87,Barnet Hospital,3.06,Homerton University,14.07
EN49PJ,51.651428,-0.170211,North,Barnet Hospital,3.1,Royal Free Hospital,10.93,Barnet Hospital,3.1,Homerton University,14.09
EN49PL,51.650129,-0.170509,North,Barnet Hospital,3.08,Royal Free Hospital,10.78,Barnet Hospital,3.08,Homerton University,13.99
EN49PN,51.647587,-0.167229,North,Barnet Hospital,3.33,Royal Free Hospital,10.5,Barnet Hospital,3.33,Homerton University,13.63
EN49PP,51.649933,-0.168869,North,Barnet Hospital,3.2,Royal Free Hospital,10.76,Barnet Hospital,3.2,Homerton University,13.9
EN49PQ,51.650328,-0.17001,North,Barnet Hospital,3.12,Royal Free Hospital,10.8,Barnet Hospital,3.12,Homerton University,13.99
EN49PR,51.649429,-0.170046,North,Barnet Hospital,3.12,Royal Free Hospital,10.7,Barnet Hospital,3.12,Homerton University,13.91
EN49PS,51.64641,-0.160975,North,Barnet Hospital,3.77,Royal Free Hospital,10.37,Barnet Hospital,3.77,Homerton University,13.26
EN49PT,51.649474,-0.172935,North,Barnet Hospital,2.92,Royal Free Hospital,10.72,Barnet Hospital,2.92,Homerton University,14.04
EN49PU,51.649474,-0.172935,North,Barnet Hospital,2.92,Royal Free Hospital,10.72,Barnet Hospital,2.92,Homerton University,14.04
EN49PW,51.650213,-0.168945,North,Barnet Hospital,3.19,Royal Free Hospital,10.79,Barnet Hospital,3.19,Homerton University,13.93
EN49PX,51.6504,-0.169429,North,Barnet Hospital,3.16,Royal Free Hospital,10.81,Barnet Hospital,3.16,Homerton University,13.97
EN49PY,51.650876,-0.161314,North,Barnet Hospital,3.72,Royal Free Hospital,10.86,Barnet Hospital,3.72,Homerton University,13.68
EN49PZ,51.650876,-0.161314,North,Barnet Hospital,3.72,Royal Free Hospital,10.86,Barnet Hospital,3.72,Homerton University,13.68
EN49QA,51.65192,-0.167691,North,Barnet Hospital,3.28,Royal Free Hospital,10.98,Barnet Hospital,3.28,Homerton University,14.03
EN49QB,51.651553,-0.168428,North,Barnet Hospital,3.23,Royal Free Hospital,10.94,Barnet Hospital,3.23,Homerton University,14.03
EN49QD,51.652385,-0.165272,North,Barnet Hospital,3.45,Royal Free Hospital,11.03,Barnet Hospital,3.45,Homerton University,13.97
EN49QE,51.651622,-0.16247,North,Barnet Hospital,3.64,Royal Free Hospital,10.95,Barnet Hospital,3.64,Homerton University,13.79
EN49QF,51.651778,-0.164357,North,Barnet Hospital,3.51,Royal Free Hospital,10.96,Barnet Hospital,3.51,Homerton University,13.88
EN49QG,51.651816,-0.16278,North,Barnet Hospital,3.62,Royal Free Hospital,10.97,Barnet Hospital,3.62,Homerton University,13.82
EN49QH,51.646543,-0.162574,North,Barnet Hospital,3.66,Royal Free Hospital,10.38,Barnet Hospital,3.66,Homerton University,13.34
EN49QJ,51.652029,-0.163176,North,Barnet Hospital,3.59,Royal Free Hospital,10.99,Barnet Hospital,3.59,Homerton University,13.86
EN49QL,51.652413,-0.167584,North,Barnet Hospital,3.29,Royal Free Hospital,11.03,Barnet Hospital,3.29,Homerton University,14.07
EN49QN,51.646077,-0.161552,North,Barnet Hospital,3.74,Royal Free Hospital,10.33,Barnet Hospital,3.74,Homerton University,13.26
EN49QP,51.647445,-0.160456,North,Barnet Hospital,3.79,Royal Free Hospital,10.49,Barnet Hospital,3.79,Homerton University,13.33
EN49QQ,51.647996,-0.160058,North,Barnet Hospital,3.82,Royal Free Hospital,10.55,Barnet Hospital,3.82,Homerton University,13.37
EN49QR,51.647879,-0.16119,North,Barnet Hospital,3.74,Royal Free Hospital,10.53,Barnet Hospital,3.74,Homerton University,13.4
EN49QS,51.649727,-0.162011,North,Barnet Hospital,3.67,Royal Free Hospital,10.74,Barnet Hospital,3.67,Homerton University,13.6
EN49QT,51.64948,-0.162946,North,Barnet Hospital,3.61,Royal Free Hospital,10.71,Barnet Hospital,3.61,Homerton University,13.62
EN49QU,51.648749,-0.160432,North,Barnet Hospital,3.78,Royal Free Hospital,10.63,Barnet Hospital,3.78,Homerton University,13.45
EN49QW,51.650328,-0.17001,North,Barnet Hospital,3.12,Royal Free Hospital,10.8,Barnet Hospital,3.12,Homerton University,13.99
EN49QX,51.649725,-0.161332,North,Barnet Hospital,3.72,Royal Free Hospital,10.74,Barnet Hospital,3.72,Homerton University,13.57
EN49QY,51.650215,-0.162787,North,Barnet Hospital,3.62,Royal Free Hospital,10.79,Barnet Hospital,3.62,Homerton University,13.68
EN49QZ,51.649294,-0.161378,North,Barnet Hospital,3.72,Royal Free Hospital,10.69,Barnet Hospital,3.72,Homerton University,13.54
EN49RA,51.650687,-0.163592,North,Barnet Hospital,3.56,Royal Free Hospital,10.84,Barnet Hospital,3.56,Homerton University,13.75
EN49RB,51.650411,-0.163241,North,Barnet Hospital,3.58,Royal Free Hospital,10.81,Barnet Hospital,3.58,Homerton University,13.71
EN49RD,51.651099,-0.166365,North,Barnet Hospital,3.37,Royal Free Hospital,10.89,Barnet Hospital,3.37,Homerton University,13.9
EN49RE,51.650771,-0.165569,North,Barnet Hospital,3.42,Royal Free Hospital,10.85,Barnet Hospital,3.42,Homerton University,13.84
EN49RF,51.65088,-0.166764,North,Barnet Hospital,3.34,Royal Free Hospital,10.86,Barnet Hospital,3.34,Homerton University,13.9
EN49RG,51.650957,-0.167079,North,Barnet Hospital,3.32,Royal Free Hospital,10.87,Barnet Hospital,3.32,Homerton University,13.92
EN49RH,51.649544,-0.164129,North,Barnet Hospital,3.53,Royal Free Hospital,10.71,Barnet Hospital,3.53,Homerton University,13.67
EN49RJ,51.64882,-0.164419,North,Barnet Hospital,3.51,Royal Free Hospital,10.63,Barnet Hospital,3.51,Homerton University,13.62
EN49RL,51.648305,-0.163124,North,Barnet Hospital,3.6,Royal Free Hospital,10.58,Barnet Hospital,3.6,Homerton University,13.52
EN49RN,51.647072,-0.163593,North,Barnet Hospital,3.58,Royal Free Hospital,10.44,Barnet Hospital,3.58,Homerton University,13.43
EN49RP,51.646217,-0.163541,North,Barnet Hospital,3.6,Royal Free Hospital,10.34,Barnet Hospital,3.6,Homerton University,13.35
EN49RQ,51.649617,-0.163649,North,Barnet Hospital,3.56,Royal Free Hospital,10.72,Barnet Hospital,3.56,Homerton University,13.66
EN49RR,51.646137,-0.16538,North,Barnet Hospital,3.47,Royal Free Hospital,10.33,Barnet Hospital,3.47,Homerton University,13.42
EN49RS,51.645716,-0.163763,North,Barnet Hospital,3.59,Royal Free Hospital,10.29,Barnet Hospital,3.59,Homerton University,13.32
EN49RT,51.64969,-0.160842,North,Barnet Hospital,3.75,Royal Free Hospital,10.73,Barnet Hospital,3.75,Homerton University,13.55
EN49RU,51.651032,-0.164416,North,Barnet Hospital,3.5,Royal Free Hospital,10.88,Barnet Hospital,3.5,Homerton University,13.82
EN49RW,51.646747,-0.164098,North,Barnet Hospital,3.55,Royal Free Hospital,10.4,Barnet Hospital,3.55,Homerton University,13.42
EN49RX,51.649083,-0.163974,North,Barnet Hospital,3.54,Royal Free Hospital,10.66,Barnet Hospital,3.54,Homerton University,13.62
EN49RY,51.648811,-0.163292,North,Barnet Hospital,3.59,Royal Free Hospital,10.63,Barnet Hospital,3.59,Homerton University,13.57
EN49RZ,51.650876,-0.161314,North,Barnet Hospital,3.72,Royal Free Hospital,10.86,Barnet Hospital,3.72,Homerton University,13.68
EN49SA,51.646909,-0.165276,North,Barnet Hospital,3.47,Royal Free Hospital,10.42,Barnet Hospital,3.47,Homerton University,13.49
EN49SB,51.647267,-0.16571,North,Barnet Hospital,3.44,Royal Free Hospital,10.46,Barnet Hospital,3.44,Homerton University,13.54
EN49SD,51.643241,-0.171119,North,Barnet Hospital,3.15,Royal Free Hospital,10.02,Barnet Hospital,3.15,UCH (University College),13.4
EN49SE,51.647597,-0.164988,North,Barnet Hospital,3.48,Royal Free Hospital,10.5,Barnet Hospital,3.48,Homerton University,13.53
EN49SF,51.647856,-0.166033,North,Barnet Hospital,3.41,Royal Free Hospital,10.53,Barnet Hospital,3.41,Homerton University,13.6
EN49SG,51.647501,-0.166915,North,Barnet Hospital,3.35,Royal Free Hospital,10.49,Barnet Hospital,3.35,Homerton University,13.61
EN49SH,51.650891,-0.173225,North,Barnet Hospital,2.9,Royal Free Hospital,10.88,Barnet Hospital,2.9,Homerton University,14.17
EN49SJ,51.652434,-0.173019,North,Barnet Hospital,2.92,Royal Free Hospital,11.05,Barnet Hospital,2.92,Homerton University,14.3
EN49SL,51.643241,-0.171119,North,Barnet Hospital,3.15,Royal Free Hospital,10.02,Barnet Hospital,3.15,UCH (University College),13.4
EN49SN,51.646334,-0.166427,North,Barnet Hospital,3.4,Royal Free Hospital,10.36,Barnet Hospital,3.4,Homerton University,13.48
EN49SP,51.643241,-0.171119,North,Barnet Hospital,3.15,Royal Free Hospital,10.02,Barnet Hospital,3.15,UCH (University College),13.4
EN49SQ,51.650876,-0.161314,North,Barnet Hospital,3.72,Royal Free Hospital,10.86,Barnet Hospital,3.72,Homerton University,13.68
EN49SR,51.64579,-0.167302,North,Barnet Hospital,3.35,Royal Free Hospital,10.3,Barnet Hospital,3.35,Homerton University,13.47
EN49SS,51.650663,-0.173047,North,Barnet Hospital,2.91,Royal Free Hospital,10.85,Barnet Hospital,2.91,Homerton University,14.14
EN49SW,51.643241,-0.171119,North,Barnet Hospital,3.15,Royal Free Hospital,10.02,Barnet Hospital,3.15,UCH (University College),13.4
EN49SX,51.64911,-0.163973,North,Barnet Hospital,3.54,Royal Free Hospital,10.67,Barnet Hospital,3.54,Homerton University,13.63
EN49TA,51.652338,-0.165086,North,Barnet Hospital,3.46,Royal Free Hospital,11.02,Barnet Hospital,3.46,Homerton University,13.96
EN49TB,51.652307,-0.164871,North,Barnet Hospital,3.48,Royal Free Hospital,11.02,Barnet Hospital,3.48,Homerton University,13.95
EN49TD,51.652268,-0.16467,North,Barnet Hospital,3.49,Royal Free Hospital,11.02,Barnet Hospital,3.49,Homerton University,13.94
EN49TE,51.652238,-0.164454,North,Barnet Hospital,3.51,Royal Free Hospital,11.01,Barnet Hospital,3.51,Homerton University,13.93
EN49TF,51.652189,-0.164182,North,Barnet Hospital,3.52,Royal Free Hospital,11.01,Barnet Hospital,3.52,Homerton University,13.91
EN49TG,51.652158,-0.163966,North,Barnet Hospital,3.54,Royal Free Hospital,11.0,Barnet Hospital,3.54,Homerton University,13.9
EN49TH,51.650876,-0.161314,North,Barnet Hospital,3.72,Royal Free Hospital,10.86,Barnet Hospital,3.72,Homerton University,13.68
EN49TJ,51.652058,-0.165603,North,Barnet Hospital,3.43,Royal Free Hospital,10.99,Barnet Hospital,3.43,Homerton University,13.96
EN49TL,51.650876,-0.161314,North,Barnet Hospital,3.72,Royal Free Hospital,10.86,Barnet Hospital,3.72,Homerton University,13.68
EN49TN,51.643241,-0.171119,North,Barnet Hospital,3.15,Royal Free Hospital,10.02,Barnet Hospital,3.15,UCH (University College),13.4
EN49TP,51.653664,-0.155621,North,Barnet Hospital,4.12,Royal Free Hospital,11.19,Barnet Hospital,4.12,Homerton University,13.71
EN49TQ,51.652763,-0.164144,North,Barnet Hospital,3.53,Royal Free Hospital,11.07,Barnet Hospital,3.53,Homerton University,13.96
EN49TR,51.654243,-0.155844,North,Barnet Hospital,4.11,Royal Free Hospital,11.25,Barnet Hospital,4.11,Homerton University,13.77
EN49TS,51.654184,-0.154964,North,Barnet Hospital,4.17,Royal Free Hospital,11.25,Barnet Hospital,4.17,Homerton University,13.73
EN49TT,51.65364,-0.154639,North,Barnet Hospital,4.19,Royal Free Hospital,11.19,Barnet Hospital,4.19,Homerton University,13.67
EN49TU,51.652867,-0.155842,North,Barnet Hospital,4.1,Royal Free Hospital,11.1,Barnet Hospital,4.1,Homerton University,13.64
EN49TW,51.650876,-0.161314,North,Barnet Hospital,3.72,Royal Free Hospital,10.86,Barnet Hospital,3.72,Homerton University,13.68
EN49TX,51.652844,-0.15723,North,Barnet Hospital,4.01,Royal Free Hospital,11.09,Barnet Hospital,4.01,Homerton University,13.7
EN49TY,51.652447,-0.157709,North,Barnet Hospital,3.97,Royal Free Hospital,11.05,Barnet Hospital,3.97,Homerton University,13.68
EN49UZ,51.643015,-0.171013,North,Barnet Hospital,3.17,Royal Free Hospital,9.99,Barnet Hospital,3.17,UCH (University College),13.38
EN49WA,51.643241,-0.171119,North,Barnet Hospital,3.15,Royal Free Hospital,10.02,Barnet Hospital,3.15,UCH (University College),13.4
EN49WB,51.652421,-0.157754,North,Barnet Hospital,3.97,Royal Free Hospital,11.05,Barnet Hospital,3.97,Homerton University,13.68
EN49WD,51.652421,-0.157754,North,Barnet Hospital,3.97,Royal Free Hospital,11.05,Barnet Hospital,3.97,Homerton University,13.68
EN49WE,51.643241,-0.171119,North,Barnet Hospital,3.15,Royal Free Hospital,10.02,Barnet Hospital,3.15,UCH (University College),13.4
EN49WG,51.643241,-0.171119,North,Barnet Hospital,3.15,Royal Free Hospital,10.02,Barnet Hospital,3.15,UCH (University College),13.4
EN49WJ,51.652421,-0.157754,North,Barnet Hospital,3.97,Royal Free Hospital,11.05,Barnet Hospital,3.97,Homerton University,13.68
EN49WQ,51.643241,-0.171119,North,Barnet Hospital,3.15,Royal Free Hospital,10.02,Barnet Hospital,3.15,UCH (University College),13.4
EN49WT,51.643241,-0.171119,North,Barnet Hospital,3.15,Royal Free Hospital,10.02,Barnet Hospital,3.15,UCH (University College),13.4
EN49WU,51.643241,-0.171119,North,Barnet Hospital,3.15,Royal Free Hospital,10.02,Barnet Hospital,3.15,UCH (University College),13.4
EN49WW,51.643241,-0.171119,North,Barnet Hospital,3.15,Royal Free Hospital,10.02,Barnet Hospital,3.15,UCH (University College),13.4
EN49WX,51.643241,-0.171119,North,Barnet Hospital,3.15,Royal Free Hospital,10.02,Barnet Hospital,3.15,UCH (University College),13.4
EN49WY,51.643241,-0.171119,North,Barnet Hospital,3.15,Royal Free Hospital,10.02,Barnet Hospital,3.15,UCH (University College),13.4
EN49WZ,51.652421,-0.157754,North,Barnet Hospital,3.97,Royal Free Hospital,11.05,Barnet Hospital,3.97,Homerton University,13.68
EN49XG,51.643241,-0.171119,North,Barnet Hospital,3.15,Royal Free Hospital,10.02,Barnet Hospital,3.15,UCH (University College),13.4
EN49XH,51.643241,-0.171119,North,Barnet Hospital,3.15,Royal Free Hospital,10.02,Barnet Hospital,3.15,UCH (University College),13.4
EN49XJ,51.643241,-0.171119,North,Barnet Hospital,3.15,Royal Free Hospital,10.02,Barnet Hospital,3.15,UCH (University College),13.4
EN49XL,51.652421,-0.157754,North,Barnet Hospital,3.97,Royal Free Hospital,11.05,Barnet Hospital,3.97,Homerton University,13.68
EN49XN,51.652421,-0.157754,North,Barnet Hospital,3.97,Royal Free Hospital,11.05,Barnet Hospital,3.97,Homerton University,13.68
EN49XP,51.643241,-0.171119,North,Barnet Hospital,3.15,Royal Free Hospital,10.02,Barnet Hospital,3.15,UCH (University College),13.4
EN49XQ,51.643241,-0.171119,North,Barnet Hospital,3.15,Royal Free Hospital,10.02,Barnet Hospital,3.15,UCH (University College),13.4
EN49XR,51.643241,-0.171119,North,Barnet Hospital,3.15,Royal Free Hospital,10.02,Barnet Hospital,3.15,UCH (University College),13.4
EN49XS,51.643241,-0.171119,North,Barnet Hospital,3.15,Royal Free Hospital,10.02,Barnet Hospital,3.15,UCH (University College),13.4
EN49XT,51.652421,-0.157754,North,Barnet Hospital,3.97,Royal Free Hospital,11.05,Barnet Hospital,3.97,Homerton University,13.68
EN49XU,51.643241,-0.171119,North,Barnet Hospital,3.15,Royal Free Hospital,10.02,Barnet Hospital,3.15,UCH (University College),13.4
EN49XW,51.643241,-0.171119,North,Barnet Hospital,3.15,Royal Free Hospital,10.02,Barnet Hospital,3.15,UCH (University College),13.4
EN49XY,51.643015,-0.171013,North,Barnet Hospital,3.17,Royal Free Hospital,9.99,Barnet Hospital,3.17,UCH (University College),13.38
EN49XZ,51.643241,-0.171119,North,Barnet Hospital,3.15,Royal Free Hospital,10.02,Barnet Hospital,3.15,UCH (University College),13.4
EN49YG,51.643241,-0.171119,North,Barnet Hospital,3.15,Royal Free Hospital,10.02,Barnet Hospital,3.15,UCH (University College),13.4
EN49YH,51.643241,-0.171119,North,Barnet Hospital,3.15,Royal Free Hospital,10.02,Barnet Hospital,3.15,UCH (University College),13.4
EN49YL,51.643241,-0.171119,North,Barnet Hospital,3.15,Royal Free Hospital,10.02,Barnet Hospital,3.15,UCH (University College),13.4
EN49YN,51.643241,-0.171119,North,Barnet Hospital,3.15,Royal Free Hospital,10.02,Barnet Hospital,3.15,UCH (University College),13.4
EN49YP,51.643241,-0.171119,North,Barnet Hospital,3.15,Royal Free Hospital,10.02,Barnet Hospital,3.15,UCH (University College),13.4
EN49YQ,51.643241,-0.171119,North,Barnet Hospital,3.15,Royal Free Hospital,10.02,Barnet Hospital,3.15,UCH (University College),13.4
EN49YR,51.643241,-0.171119,North,Barnet Hospital,3.15,Royal Free Hospital,10.02,Barnet Hospital,3.15,UCH (University College),13.4
EN49YS,51.643241,-0.171119,North,Barnet Hospital,3.15,Royal Free Hospital,10.02,Barnet Hospital,3.15,UCH (University College),13.4
EN49YT,51.650876,-0.161314,North,Barnet Hospital,3.72,Royal Free Hospital,10.86,Barnet Hospital,3.72,Homerton University,13.68
EN49YU,51.643241,-0.171119,North,Barnet Hospital,3.15,Royal Free Hospital,10.02,Barnet Hospital,3.15,UCH (University College),13.4
EN49YW,51.650876,-0.161314,North,Barnet Hospital,3.72,Royal Free Hospital,10.86,Barnet Hospital,3.72,Homerton University,13.68
EN49YX,51.643241,-0.171119,North,Barnet Hospital,3.15,Royal Free Hospital,10.02,Barnet Hospital,3.15,UCH (University College),13.4
EN49YY,51.643241,-0.171119,North,Barnet Hospital,3.15,Royal Free Hospital,10.02,Barnet Hospital,3.15,UCH (University College),13.4
EN49ZF,51.650876,-0.161314,North,Barnet Hospital,3.72,Royal Free Hospital,10.86,Barnet Hospital,3.72,Homerton University,13.68
EN49ZG,51.650876,-0.161314,North,Barnet Hospital,3.72,Royal Free Hospital,10.86,Barnet Hospital,3.72,Homerton University,13.68
EN49ZH,51.643241,-0.171119,North,Barnet Hospital,3.15,Royal Free Hospital,10.02,Barnet Hospital,3.15,UCH (University College),13.4
EN49ZJ,51.650876,-0.161314,North,Barnet Hospital,3.72,Royal Free Hospital,10.86,Barnet Hospital,3.72,Homerton University,13.68
EN49ZL,51.650876,-0.161314,North,Barnet Hospital,3.72,Royal Free Hospital,10.86,Barnet Hospital,3.72,Homerton University,13.68
EN49ZN,51.643241,-0.171119,North,Barnet Hospital,3.15,Royal Free Hospital,10.02,Barnet Hospital,3.15,UCH (University College),13.4
EN49ZP,51.643241,-0.171119,North,Barnet Hospital,3.15,Royal Free Hospital,10.02,Barnet Hospital,3.15,UCH (University College),13.4
EN49ZQ,51.650876,-0.161314,North,Barnet Hospital,3.72,Royal Free Hospital,10.86,Barnet Hospital,3.72,Homerton University,13.68
EN49ZR,51.643241,-0.171119,North,Barnet Hospital,3.15,Royal Free Hospital,10.02,Barnet Hospital,3.15,UCH (University College),13.4
EN49ZS,51.643241,-0.171119,North,Barnet Hospital,3.15,Royal Free Hospital,10.02,Barnet Hospital,3.15,UCH (University College),13.4
EN49ZU,51.650876,-0.161314,North,Barnet Hospital,3.72,Royal Free Hospital,10.86,Barnet Hospital,3.72,Homerton University,13.68
EN49ZW,51.643241,-0.171119,North,Barnet Hospital,3.15,Royal Free Hospital,10.02,Barnet Hospital,3.15,UCH (University College),13.4
EN49ZX,51.650876,-0.161314,North,Barnet Hospital,3.72,Royal Free Hospital,10.86,Barnet Hospital,3.72,Homerton University,13.68
EN49ZY,51.652058,-0.165603,North,Barnet Hospital,3.43,Royal Free Hospital,10.99,Barnet Hospital,3.43,Homerton University,13.96
EN49ZZ,51.650876,-0.161314,North,Barnet Hospital,3.72,Royal Free Hospital,10.86,Barnet Hospital,3.72,Homerton University,13.68
EN51AA,51.643015,-0.171013,North,Barnet Hospital,3.17,Royal Free Hospital,9.99,Barnet Hospital,3.17,UCH (University College),13.38
EN51AB,51.646644,-0.188154,North,Barnet Hospital,1.92,Royal Free Hospital,10.51,Barnet Hospital,1.92,UCH (University College),14.03
EN51AD,51.645904,-0.186825,North,Barnet Hospital,2.03,Royal Free Hospital,10.41,Barnet Hospital,2.03,UCH (University College),13.93
EN51AE,51.646087,-0.18702,North,Barnet Hospital,2.01,Royal Free Hospital,10.44,Barnet Hospital,2.01,UCH (University College),13.95
EN51AF,51.645291,-0.186156,North,Barnet Hospital,2.09,Royal Free Hospital,10.34,Barnet Hospital,2.09,UCH (University College),13.85
EN51AG,51.644684,-0.178288,North,Barnet Hospital,2.63,Royal Free Hospital,10.21,Barnet Hospital,2.63,UCH (University College),13.66
EN51AH,51.645291,-0.186156,North,Barnet Hospital,2.09,Royal Free Hospital,10.34,Barnet Hospital,2.09,UCH (University College),13.85
EN51AJ,51.645291,-0.186156,North,Barnet Hospital,2.09,Royal Free Hospital,10.34,Barnet Hospital,2.09,UCH (University College),13.85
EN51AL,51.644573,-0.186213,North,Barnet Hospital,2.11,Royal Free Hospital,10.26,Barnet Hospital,2.11,UCH (University College),13.78
EN51AN,51.645232,-0.187531,North,Barnet Hospital,2.0,Royal Free Hospital,10.35,Barnet Hospital,2.0,UCH (University College),13.87
EN51AP,51.644072,-0.185828,North,Barnet Hospital,2.16,Royal Free Hospital,10.2,Barnet Hospital,2.16,UCH (University College),13.72
EN51AQ,51.645382,-0.18621,North,Barnet Hospital,2.09,Royal Free Hospital,10.35,Barnet Hospital,2.09,UCH (University College),13.86
EN51AR,51.643274,-0.18482,North,Barnet Hospital,2.25,Royal Free Hospital,10.11,Barnet Hospital,2.25,UCH (University College),13.61
EN51AS,51.64333,-0.186118,North,Barnet Hospital,2.17,Royal Free Hospital,10.12,Barnet Hospital,2.17,UCH (University College),13.64
EN51AT,51.643697,-0.184225,North,Barnet Hospital,2.27,Royal Free Hospital,10.15,Barnet Hospital,2.27,UCH (University College),13.65
EN51AU,51.64305,-0.183672,North,Barnet Hospital,2.34,Royal Free Hospital,10.07,Barnet Hospital,2.34,UCH (University College),13.57
EN51AW,51.644549,-0.185275,North,Barnet Hospital,2.18,Royal Free Hospital,10.25,Barnet Hospital,2.18,UCH (University College),13.76
EN51AX,51.644435,-0.1785,North,Barnet Hospital,2.63,Royal Free Hospital,10.19,Barnet Hospital,2.63,UCH (University College),13.64
EN51AY,51.64246,-0.182785,North,Barnet Hospital,2.42,Royal Free Hospital,10.0,Barnet Hospital,2.42,UCH (University College),13.49
EN51AZ,51.641482,-0.182333,North,Barnet Hospital,2.49,Royal Free Hospital,9.89,Barnet Hospital,2.49,UCH (University College),13.38
EN51BA,51.649497,-0.17438,North,Barnet Hospital,2.82,Royal Free Hospital,10.73,Barnet Hospital,2.82,Homerton University,14.1
EN51BB,51.641472,-0.183432,North,Barnet Hospital,2.42,Royal Free Hospital,9.89,Barnet Hospital,2.42,UCH (University College),13.39
EN51BD,51.642045,-0.184392,North,Barnet Hospital,2.33,Royal Free Hospital,9.97,Barnet Hospital,2.33,UCH (University College),13.47
EN51BE,51.641943,-0.184772,North,Barnet Hospital,2.31,Royal Free Hospital,9.96,Barnet Hospital,2.31,UCH (University College),13.47
EN51BF,51.64516,-0.184672,North,Barnet Hospital,2.19,Royal Free Hospital,10.31,Barnet Hospital,2.19,UCH (University College),13.81
EN51BG,51.640876,-0.183831,North,Barnet Hospital,2.42,Royal Free Hospital,9.83,Barnet Hospital,2.42,UCH (University College),13.34
EN51BH,51.642161,-0.18378,North,Barnet Hospital,2.37,Royal Free Hospital,9.97,Barnet Hospital,2.37,UCH (University College),13.47
EN51BJ,51.641476,-0.179038,North,Barnet Hospital,2.7,Royal Free Hospital,9.86,Barnet Hospital,2.7,UCH (University College),13.32
EN51BL,51.642285,-0.173224,North,Barnet Hospital,3.04,Royal Free Hospital,9.92,Barnet Hospital,3.04,UCH (University College),13.33
EN51BN,51.643037,-0.171821,North,Barnet Hospital,3.11,Royal Free Hospital,10.0,Barnet Hospital,3.11,UCH (University College),13.39
EN51BP,51.641188,-0.17152,North,Barnet Hospital,3.19,Royal Free Hospital,9.79,Barnet Hospital,3.19,UCH (University College),13.18
EN51BQ,51.644684,-0.178288,North,Barnet Hospital,2.63,Royal Free Hospital,10.21,Barnet Hospital,2.63,UCH (University College),13.66
EN51BS,51.640563,-0.17062,North,Barnet Hospital,3.28,Royal Free Hospital,9.72,Barnet Hospital,3.28,UCH (University College),13.1
EN51BT,51.649519,-0.175825,North,Barnet Hospital,2.72,Royal Free Hospital,10.73,Barnet Hospital,2.72,UCH (University College),14.15
EN51BU,51.639018,-0.168991,North,Barnet Hospital,3.44,Royal Free Hospital,9.55,Barnet Hospital,3.44,UCH (University College),12.91
EN51BW,51.642112,-0.171916,North,Barnet Hospital,3.14,Royal Free Hospital,9.9,Barnet Hospital,3.14,UCH (University College),13.29
EN51BX,51.637911,-0.167229,North,Barnet Hospital,3.6,Royal Free Hospital,9.42,Barnet Hospital,3.6,UCH (University College),12.77
EN51BY,51.642749,-0.172989,North,Barnet Hospital,3.04,Royal Free Hospital,9.97,Barnet Hospital,3.04,UCH (University College),13.37
EN51BZ,51.642432,-0.174606,North,Barnet Hospital,2.95,Royal Free Hospital,9.94,Barnet Hospital,2.95,UCH (University College),13.36
EN51DA,51.640759,-0.175699,North,Barnet Hospital,2.94,Royal Free Hospital,9.76,Barnet Hospital,2.94,UCH (University College),13.19
EN51DB,51.642175,-0.174226,North,Barnet Hospital,2.98,Royal Free Hospital,9.91,Barnet Hospital,2.98,UCH (University College),13.33
EN51DD,51.640803,-0.175076,North,Barnet Hospital,2.98,Royal Free Hospital,9.76,Barnet Hospital,2.98,UCH (University College),13.19
EN51DE,51.641485,-0.173242,North,Barnet Hospital,3.07,Royal Free Hospital,9.83,Barnet Hospital,3.07,UCH (University College),13.24
EN51DF,51.640488,-0.173297,North,Barnet Hospital,3.11,Royal Free Hospital,9.72,Barnet Hospital,3.11,UCH (University College),13.13
EN51DG,51.640746,-0.173113,North,Barnet Hospital,3.11,Royal Free Hospital,9.75,Barnet Hospital,3.11,UCH (University College),13.16
EN51DH,51.639736,-0.16889,North,Barnet Hospital,3.42,Royal Free Hospital,9.63,Barnet Hospital,3.42,UCH (University College),12.99
EN51DJ,51.638891,-0.170066,North,Barnet Hospital,3.38,Royal Free Hospital,9.53,Barnet Hospital,3.38,UCH (University College),12.91
EN51DL,51.638703,-0.168397,North,Barnet Hospital,3.49,Royal Free Hospital,9.51,Barnet Hospital,3.49,UCH (University College),12.87
EN51DN,51.638405,-0.16773,North,Barnet Hospital,3.55,Royal Free Hospital,9.48,Barnet Hospital,3.55,UCH (University College),12.83
EN51DP,51.644435,-0.1785,North,Barnet Hospital,2.63,Royal Free Hospital,10.19,Barnet Hospital,2.63,UCH (University College),13.64
EN51DQ,51.640388,-0.173272,North,Barnet Hospital,3.11,Royal Free Hospital,9.71,Barnet Hospital,3.11,UCH (University College),13.12
EN51DR,51.639744,-0.168297,North,Barnet Hospital,3.46,Royal Free Hospital,9.63,Barnet Hospital,3.46,UCH (University College),12.98
EN51DS,51.64233,-0.176113,North,Barnet Hospital,2.85,Royal Free Hospital,9.94,Barnet Hospital,2.85,UCH (University College),13.37
EN51DT,51.643318,-0.181855,North,Barnet Hospital,2.44,Royal Free Hospital,10.08,Barnet Hospital,2.44,UCH (University College),13.57
EN51DU,51.642661,-0.176606,North,Barnet Hospital,2.81,Royal Free Hospital,9.98,Barnet Hospital,2.81,UCH (University College),13.41
EN51DW,51.643241,-0.171119,North,Barnet Hospital,3.15,Royal Free Hospital,10.02,Barnet Hospital,3.15,UCH (University College),13.4
EN51DX,51.640782,-0.177173,North,Barnet Hospital,2.85,Royal Free Hospital,9.77,Barnet Hospital,2.85,UCH (University College),13.22
EN51DY,51.643241,-0.171119,North,Barnet Hospital,3.15,Royal Free Hospital,10.02,Barnet Hospital,3.15,UCH (University College),13.4
EN51DZ,51.642185,-0.177752,North,Barnet Hospital,2.75,Royal Free Hospital,9.93,Barnet Hospital,2.75,UCH (University College),13.38
EN51EA,51.639585,-0.175949,North,Barnet Hospital,2.98,Royal Free Hospital,9.63,Barnet Hospital,2.98,UCH (University College),13.07
EN51EB,51.639568,-0.172568,North,Barnet Hospital,3.19,Royal Free Hospital,9.62,Barnet Hospital,3.19,UCH (University College),13.02
EN51ED,51.639367,-0.176955,North,Barnet Hospital,2.92,Royal Free Hospital,9.61,Barnet Hospital,2.92,UCH (University College),13.06
EN51EE,51.639253,-0.171973,North,Barnet Hospital,3.24,Royal Free Hospital,9.58,Barnet Hospital,3.24,UCH (University College),12.98
EN51EF,51.640301,-0.178637,North,Barnet Hospital,2.78,Royal Free Hospital,9.73,Barnet Hospital,2.78,UCH (University College),13.19
EN51EG,51.640064,-0.180786,North,Barnet Hospital,2.65,Royal Free Hospital,9.72,Barnet Hospital,2.65,UCH (University College),13.2
EN51EH,51.640256,-0.182729,North,Barnet Hospital,2.52,Royal Free Hospital,9.75,Barnet Hospital,2.52,UCH (University College),13.25
EN51EJ,51.641226,-0.181491,North,Barnet Hospital,2.55,Royal Free Hospital,9.85,Barnet Hospital,2.55,UCH (University College),13.34
EN51EL,51.641454,-0.177594,North,Barnet Hospital,2.79,Royal Free Hospital,9.85,Barnet Hospital,2.79,UCH (University College),13.3
EN51EN,51.644684,-0.178288,North,Barnet Hospital,2.63,Royal Free Hospital,10.21,Barnet Hospital,2.63,UCH (University College),13.66
EN51EP,51.644684,-0.178288,North,Barnet Hospital,2.63,Royal Free Hospital,10.21,Barnet Hospital,2.63,UCH (University College),13.66
EN51EQ,51.647353,-0.188054,North,Barnet Hospital,1.91,Royal Free Hospital,10.59,Barnet Hospital,1.91,UCH (University College),14.11
EN51ER,51.646104,-0.187525,North,Barnet Hospital,1.98,Royal Free Hospital,10.44,Barnet Hospital,1.98,UCH (University College),13.96
EN51ES,51.646524,-0.1868,North,Barnet Hospital,2.01,Royal Free Hospital,10.48,Barnet Hospital,2.01,UCH (University College),14.0
EN51ET,51.646561,-0.186856,North,Barnet Hospital,2.01,Royal Free Hospital,10.49,Barnet Hospital,2.01,UCH (University College),14.0
EN51EU,51.646119,-0.186166,North,Barnet Hospital,2.07,Royal Free Hospital,10.43,Barnet Hospital,2.07,UCH (University College),13.94
EN51EW,51.640237,-0.180909,North,Barnet Hospital,2.64,Royal Free Hospital,9.74,Barnet Hospital,2.64,UCH (University College),13.22
EN51EX,51.640048,-0.182058,North,Barnet Hospital,2.58,Royal Free Hospital,9.73,Barnet Hospital,2.58,UCH (University College),13.22
EN51EY,51.645108,-0.184775,North,Barnet Hospital,2.19,Royal Free Hospital,10.31,Barnet Hospital,2.19,UCH (University College),13.81
EN51EZ,51.646104,-0.187525,North,Barnet Hospital,1.98,Royal Free Hospital,10.44,Barnet Hospital,1.98,UCH (University College),13.96
EN51FA,51.643241,-0.171119,North,Barnet Hospital,3.15,Royal Free Hospital,10.02,Barnet Hospital,3.15,UCH (University College),13.4
EN51FB,51.647449,-0.177411,North,Barnet Hospital,2.63,Royal Free Hospital,10.51,Barnet Hospital,2.63,UCH (University College),13.95
EN51FD,51.640853,-0.182907,North,Barnet Hospital,2.48,Royal Free Hospital,9.82,Barnet Hospital,2.48,UCH (University College),13.32
EN51FE,51.644142,-0.186881,North,Barnet Hospital,2.09,Royal Free Hospital,10.22,Barnet Hospital,2.09,UCH (University College),13.74
EN51FF,51.649105,-0.176925,North,Barnet Hospital,2.65,Royal Free Hospital,10.69,Barnet Hospital,2.65,UCH (University College),14.12
EN51FG,51.64973,-0.174313,North,Barnet Hospital,2.82,Royal Free Hospital,10.75,Barnet Hospital,2.82,Homerton University,14.12
EN51FH,51.649223,-0.179898,North,Barnet Hospital,2.44,Royal Free Hospital,10.72,Barnet Hospital,2.44,UCH (University College),14.18
EN51FJ,51.649442,-0.175452,North,Barnet Hospital,2.75,Royal Free Hospital,10.72,Barnet Hospital,2.75,UCH (University College),14.14
EN51FW,51.644684,-0.178288,North,Barnet Hospital,2.63,Royal Free Hospital,10.21,Barnet Hospital,2.63,UCH (University College),13.66
EN51GZ,51.643241,-0.171119,North,Barnet Hospital,3.15,Royal Free Hospital,10.02,Barnet Hospital,3.15,UCH (University College),13.4
EN51HA,51.644435,-0.1785,North,Barnet Hospital,2.63,Royal Free Hospital,10.19,Barnet Hospital,2.63,UCH (University College),13.64
EN51HB,51.644613,-0.184174,North,Barnet Hospital,2.25,Royal Free Hospital,10.25,Barnet Hospital,2.25,UCH (University College),13.75
EN51HD,51.64412,-0.183687,North,Barnet Hospital,2.29,Royal Free Hospital,10.19,Barnet Hospital,2.29,UCH (University College),13.68
EN51HE,51.645144,-0.183025,North,Barnet Hospital,2.3,Royal Free Hospital,10.3,Barnet Hospital,2.3,UCH (University College),13.78
EN51HF,51.644239,-0.183263,North,Barnet Hospital,2.32,Royal Free Hospital,10.2,Barnet Hospital,2.32,UCH (University College),13.69
EN51HG,51.646001,-0.184378,North,Barnet Hospital,2.19,Royal Free Hospital,10.4,Barnet Hospital,2.19,UCH (University College),13.9
EN51HH,51.6439,-0.181673,North,Barnet Hospital,2.43,Royal Free Hospital,10.15,Barnet Hospital,2.43,UCH (University College),13.63
EN51HJ,51.642645,-0.181896,North,Barnet Hospital,2.47,Royal Free Hospital,10.01,Barnet Hospital,2.47,UCH (University College),13.5
EN51HL,51.642039,-0.181111,North,Barnet Hospital,2.54,Royal Free Hospital,9.94,Barnet Hospital,2.54,UCH (University College),13.42
EN51HN,51.643954,-0.181107,North,Barnet Hospital,2.47,Royal Free Hospital,10.15,Barnet Hospital,2.47,UCH (University College),13.62
EN51HP,51.645014,-0.179865,North,Barnet Hospital,2.52,Royal Free Hospital,10.26,Barnet Hospital,2.52,UCH (University College),13.72
EN51HQ,51.646184,-0.183417,North,Barnet Hospital,2.25,Royal Free Hospital,10.41,Barnet Hospital,2.25,UCH (University College),13.9
EN51HR,51.649305,-0.174778,North,Barnet Hospital,2.79,Royal Free Hospital,10.71,Barnet Hospital,2.79,UCH (University College),14.11
EN51HS,51.643658,-0.18054,North,Barnet Hospital,2.52,Royal Free Hospital,10.11,Barnet Hospital,2.52,UCH (University College),13.58
EN51HT,51.643935,-0.179865,North,Barnet Hospital,2.55,Royal Free Hospital,10.14,Barnet Hospital,2.55,UCH (University College),13.6
EN51HU,51.649278,-0.174765,North,Barnet Hospital,2.79,Royal Free Hospital,10.7,Barnet Hospital,2.79,UCH (University College),14.11
EN51HW,51.644684,-0.178288,North,Barnet Hospital,2.63,Royal Free Hospital,10.21,Barnet Hospital,2.63,UCH (University College),13.66
EN51HX,51.645947,-0.177413,North,Barnet Hospital,2.66,Royal Free Hospital,10.35,Barnet Hospital,2.66,UCH (University College),13.78
EN51HY,51.644499,-0.178556,North,Barnet Hospital,2.62,Royal Free Hospital,10.19,Barnet Hospital,2.62,UCH (University College),13.64
EN51HZ,51.646231,-0.177156,North,Barnet Hospital,2.67,Royal Free Hospital,10.38,Barnet Hospital,2.67,UCH (University College),13.81
EN51JA,51.645832,-0.177505,North,Barnet Hospital,2.66,Royal Free Hospital,10.33,Barnet Hospital,2.66,UCH (University College),13.77
EN51JB,51.648587,-0.175399,North,Barnet Hospital,2.76,Royal Free Hospital,10.63,Barnet Hospital,2.76,UCH (University College),14.04
EN51JD,51.647732,-0.174205,North,Barnet Hospital,2.85,Royal Free Hospital,10.53,Barnet Hospital,2.85,UCH (University College),13.93
EN51JE,51.64717,-0.176251,North,Barnet Hospital,2.72,Royal Free Hospital,10.48,Barnet Hospital,2.72,UCH (University College),13.9
EN51JF,51.646335,-0.176314,North,Barnet Hospital,2.73,Royal Free Hospital,10.38,Barnet Hospital,2.73,UCH (University College),13.81
EN51JG,51.646408,-0.177005,North,Barnet Hospital,2.68,Royal Free Hospital,10.4,Barnet Hospital,2.68,UCH (University College),13.83
EN51JH,51.645382,-0.17693,North,Barnet Hospital,2.71,Royal Free Hospital,10.28,Barnet Hospital,2.71,UCH (University College),13.71
EN51JJ,51.644191,-0.177845,North,Barnet Hospital,2.68,Royal Free Hospital,10.15,Barnet Hospital,2.68,UCH (University College),13.6
EN51JL,51.643132,-0.179709,North,Barnet Hospital,2.59,Royal Free Hospital,10.05,Barnet Hospital,2.59,UCH (University College),13.51
EN51JN,51.641459,-0.179068,North,Barnet Hospital,2.7,Royal Free Hospital,9.86,Barnet Hospital,2.7,UCH (University College),13.32
EN51JP,51.641407,-0.18037,North,Barnet Hospital,2.62,Royal Free Hospital,9.86,Barnet Hospital,2.62,UCH (University College),13.34
EN51JQ,51.64573,-0.176743,North,Barnet Hospital,2.71,Royal Free Hospital,10.32,Barnet Hospital,2.71,UCH (University College),13.75
EN51JR,51.640866,-0.180262,North,Barnet Hospital,2.65,Royal Free Hospital,9.8,Barnet Hospital,2.65,UCH (University College),13.28
EN51JS,51.63995,-0.179778,North,Barnet Hospital,2.72,Royal Free Hospital,9.7,Barnet Hospital,2.72,UCH (University College),13.17
EN51JT,51.642317,-0.179337,North,Barnet Hospital,2.64,Royal Free Hospital,9.96,Barnet Hospital,2.64,UCH (University College),13.42
EN51JU,51.643241,-0.17745,North,Barnet Hospital,2.73,Royal Free Hospital,10.05,Barnet Hospital,2.73,UCH (University College),13.49
EN51JW,51.647459,-0.175156,North,Barnet Hospital,2.79,Royal Free Hospital,10.5,Barnet Hospital,2.79,UCH (University College),13.92
EN51JX,51.643746,-0.17464,North,Barnet Hospital,2.9,Royal Free Hospital,10.09,Barnet Hospital,2.9,UCH (University College),13.5
EN51JY,51.643654,-0.177433,North,Barnet Hospital,2.72,Royal Free Hospital,10.09,Barnet Hospital,2.72,UCH (University College),13.53
EN51JZ,51.643396,-0.174683,North,Barnet Hospital,2.91,Royal Free Hospital,10.05,Barnet Hospital,2.91,UCH (University College),13.47
EN51LA,51.643356,-0.173254,North,Barnet Hospital,3.01,Royal Free Hospital,10.04,Barnet Hospital,3.01,UCH (University College),13.44
EN51LB,51.643712,-0.172488,North,Barnet Hospital,3.05,Royal Free Hospital,10.08,Barnet Hospital,3.05,UCH (University College),13.47
EN51LD,51.646104,-0.176525,North,Barnet Hospital,2.72,Royal Free Hospital,10.36,Barnet Hospital,2.72,UCH (University College),13.79
EN51LE,51.645953,-0.176618,North,Barnet Hospital,2.71,Royal Free Hospital,10.34,Barnet Hospital,2.71,UCH (University College),13.77
EN51LF,51.643184,-0.173188,North,Barnet Hospital,3.02,Royal Free Hospital,10.02,Barnet Hospital,3.02,UCH (University College),13.42
EN51LG,51.641177,-0.170205,North,Barnet Hospital,3.28,Royal Free Hospital,9.79,Barnet Hospital,3.28,UCH (University College),13.16
EN51LH,51.643702,-0.17126,North,Barnet Hospital,3.13,Royal Free Hospital,10.07,Barnet Hospital,3.13,UCH (University College),13.45
EN51LJ,51.644931,-0.171615,North,Barnet Hospital,3.07,Royal Free Hospital,10.21,Barnet Hospital,3.07,UCH (University College),13.59
EN51LL,51.644587,-0.172062,North,Barnet Hospital,3.05,Royal Free Hospital,10.17,Barnet Hospital,3.05,UCH (University College),13.56
EN51LN,51.648009,-0.173515,North,Barnet Hospital,2.89,Royal Free Hospital,10.56,Barnet Hospital,2.89,Homerton University,13.93
EN51LP,51.648739,-0.173615,North,Barnet Hospital,2.88,Royal Free Hospital,10.64,Barnet Hospital,2.88,Homerton University,14.0
EN51LQ,51.641313,-0.169679,North,Barnet Hospital,3.31,Royal Free Hospital,9.8,Barnet Hospital,3.31,UCH (University College),13.17
EN51LR,51.645925,-0.175969,North,Barnet Hospital,2.76,Royal Free Hospital,10.34,Barnet Hospital,2.76,UCH (University College),13.76
EN51LS,51.644613,-0.177207,North,Barnet Hospital,2.71,Royal Free Hospital,10.2,Barnet Hospital,2.71,UCH (University College),13.64
EN51LT,51.645899,-0.174293,North,Barnet Hospital,2.87,Royal Free Hospital,10.33,Barnet Hospital,2.87,UCH (University College),13.73
EN51LU,51.645685,-0.175025,North,Barnet Hospital,2.83,Royal Free Hospital,10.31,Barnet Hospital,2.83,UCH (University College),13.72
EN51LW,51.648895,-0.173869,North,Barnet Hospital,2.86,Royal Free Hospital,10.66,Barnet Hospital,2.86,Homerton University,14.03
EN51LX,51.64569,-0.173622,North,Barnet Hospital,2.92,Royal Free Hospital,10.3,Barnet Hospital,2.92,UCH (University College),13.7
EN51LY,51.643241,-0.171119,North,Barnet Hospital,3.15,Royal Free Hospital,10.02,Barnet Hospital,3.15,UCH (University College),13.4
EN51LZ,51.644728,-0.174181,North,Barnet Hospital,2.91,Royal Free Hospital,10.2,Barnet Hospital,2.91,UCH (University College),13.6
EN51NA,51.644605,-0.172611,North,Barnet Hospital,3.02,Royal Free Hospital,10.18,Barnet Hospital,3.02,UCH (University College),13.57
EN51NB,51.644927,-0.176587,North,Barnet Hospital,2.74,Royal Free Hospital,10.23,Barnet Hospital,2.74,UCH (University College),13.66
EN51ND,51.644462,-0.174987,North,Barnet Hospital,2.86,Royal Free Hospital,10.17,Barnet Hospital,2.86,UCH (University College),13.59
EN51NE,51.644139,-0.17565,North,Barnet Hospital,2.82,Royal Free Hospital,10.14,Barnet Hospital,2.82,UCH (University College),13.56
EN51NF,51.644143,-0.172976,North,Barnet Hospital,3.0,Royal Free Hospital,10.13,Barnet Hospital,3.0,UCH (University College),13.52
EN51NG,51.64928,-0.174302,North,Barnet Hospital,2.83,Royal Free Hospital,10.7,Barnet Hospital,2.83,Homerton University,14.08
EN51NH,51.645005,-0.172898,North,Barnet Hospital,2.99,Royal Free Hospital,10.22,Barnet Hospital,2.99,UCH (University College),13.62
EN51NJ,51.648643,-0.177305,North,Barnet Hospital,2.62,Royal Free Hospital,10.64,Barnet Hospital,2.62,UCH (University College),14.07
EN51NL,51.64437,-0.177751,North,Barnet Hospital,2.68,Royal Free Hospital,10.17,Barnet Hospital,2.68,UCH (University College),13.62
EN51NN,51.649246,-0.176183,North,Barnet Hospital,2.7,Royal Free Hospital,10.71,Barnet Hospital,2.7,UCH (University College),14.12
EN51NQ,51.644052,-0.178111,North,Barnet Hospital,2.66,Royal Free Hospital,10.14,Barnet Hospital,2.66,UCH (University College),13.59
EN51NS,51.650441,-0.177233,North,Barnet Hospital,2.62,Royal Free Hospital,10.84,Barnet Hospital,2.62,UCH (University College),14.27
EN51NT,51.649442,-0.175452,North,Barnet Hospital,2.75,Royal Free Hospital,10.72,Barnet Hospital,2.75,UCH (University College),14.14
EN51NU,51.648777,-0.177213,North,Barnet Hospital,2.63,Royal Free Hospital,10.66,Barnet Hospital,2.63,UCH (University College),14.09
EN51NW,51.649341,-0.175904,North,Barnet Hospital,2.72,Royal Free Hospital,10.71,Barnet Hospital,2.72,UCH (University College),14.13
EN51NY,51.649406,-0.175453,North,Barnet Hospital,2.75,Royal Free Hospital,10.72,Barnet Hospital,2.75,UCH (University College),14.13
EN51NZ,51.649442,-0.175452,North,Barnet Hospital,2.75,Royal Free Hospital,10.72,Barnet Hospital,2.75,UCH (University College),14.14
EN51PA,51.649117,-0.176535,North,Barnet Hospital,2.67,Royal Free Hospital,10.69,Barnet Hospital,2.67,UCH (University College),14.12
EN51PB,51.649585,-0.173683,North,Barnet Hospital,2.87,Royal Free Hospital,10.73,Barnet Hospital,2.87,Homerton University,14.08
EN51PD,51.647747,-0.182704,North,Barnet Hospital,2.27,Royal Free Hospital,10.58,Barnet Hospital,2.27,UCH (University College),14.06
EN51PE,51.649144,-0.176577,North,Barnet Hospital,2.67,Royal Free Hospital,10.7,Barnet Hospital,2.67,UCH (University College),14.12
EN51PF,51.649406,-0.175453,North,Barnet Hospital,2.75,Royal Free Hospital,10.72,Barnet Hospital,2.75,UCH (University College),14.13
EN51PG,51.649259,-0.17585,North,Barnet Hospital,2.72,Royal Free Hospital,10.71,Barnet Hospital,2.72,UCH (University College),14.12
EN51PH,51.649066,-0.177288,North,Barnet Hospital,2.62,Royal Free Hospital,10.69,Barnet Hospital,2.62,UCH (University College),14.12
EN51PJ,51.649341,-0.175904,North,Barnet Hospital,2.72,Royal Free Hospital,10.71,Barnet Hospital,2.72,UCH (University College),14.13
EN51PL,51.649144,-0.176577,North,Barnet Hospital,2.67,Royal Free Hospital,10.7,Barnet Hospital,2.67,UCH (University College),14.12
EN51PN,51.648646,-0.182104,North,Barnet Hospital,2.29,Royal Free Hospital,10.68,Barnet Hospital,2.29,UCH (University College),14.15
EN51PP,51.649065,-0.177274,North,Barnet Hospital,2.62,Royal Free Hospital,10.69,Barnet Hospital,2.62,UCH (University College),14.12
EN51PQ,51.649406,-0.175453,North,Barnet Hospital,2.75,Royal Free Hospital,10.72,Barnet Hospital,2.75,UCH (University College),14.13
EN51PR,51.648505,-0.179421,North,Barnet Hospital,2.48,Royal Free Hospital,10.64,Barnet Hospital,2.48,UCH (University College),14.09
EN51PS,51.648087,-0.181476,North,Barnet Hospital,2.34,Royal Free Hospital,10.61,Barnet Hospital,2.34,UCH (University College),14.08
EN51PT,51.647875,-0.182309,North,Barnet Hospital,2.29,Royal Free Hospital,10.59,Barnet Hospital,2.29,UCH (University College),14.07
EN51PU,51.647806,-0.182499,North,Barnet Hospital,2.28,Royal Free Hospital,10.59,Barnet Hospital,2.28,UCH (University College),14.06
EN51PW,51.649116,-0.17707,North,Barnet Hospital,2.64,Royal Free Hospital,10.7,Barnet Hospital,2.64,UCH (University College),14.12
EN51PX,51.64702,-0.184554,North,Barnet Hospital,2.15,Royal Free Hospital,10.52,Barnet Hospital,2.15,UCH (University College),14.01
EN51PY,51.650088,-0.175368,North,Barnet Hospital,2.75,Royal Free Hospital,10.8,Barnet Hospital,2.75,UCH (University College),14.21
EN51PZ,51.649901,-0.176055,North,Barnet Hospital,2.7,Royal Free Hospital,10.78,Barnet Hospital,2.7,UCH (University College),14.19
EN51QA,51.647783,-0.183888,North,Barnet Hospital,2.18,Royal Free Hospital,10.59,Barnet Hospital,2.18,UCH (University College),14.08
EN51QB,51.648009,-0.183387,North,Barnet Hospital,2.22,Royal Free Hospital,10.62,Barnet Hospital,2.22,UCH (University College),14.1
EN51QD,51.648312,-0.182652,North,Barnet Hospital,2.26,Royal Free Hospital,10.64,Barnet Hospital,2.26,UCH (University College),14.12
EN51QE,51.648164,-0.182962,North,Barnet Hospital,2.24,Royal Free Hospital,10.63,Barnet Hospital,2.24,UCH (University College),14.11
EN51QF,51.648531,-0.181646,North,Barnet Hospital,2.33,Royal Free Hospital,10.66,Barnet Hospital,2.33,UCH (University College),14.13
EN51QG,51.649018,-0.179444,North,Barnet Hospital,2.47,Royal Free Hospital,10.7,Barnet Hospital,2.47,UCH (University College),14.15
EN51QH,51.649661,-0.176816,North,Barnet Hospital,2.65,Royal Free Hospital,10.75,Barnet Hospital,2.65,UCH (University College),14.18
EN51QJ,51.649246,-0.176183,North,Barnet Hospital,2.7,Royal Free Hospital,10.71,Barnet Hospital,2.7,UCH (University College),14.12
EN51QL,51.649212,-0.178627,North,Barnet Hospital,2.53,Royal Free Hospital,10.72,Barnet Hospital,2.53,UCH (University College),14.16
EN51QN,51.647482,-0.184767,North,Barnet Hospital,2.13,Royal Free Hospital,10.57,Barnet Hospital,2.13,UCH (University College),14.06
EN51QP,51.646769,-0.185793,North,Barnet Hospital,2.08,Royal Free Hospital,10.5,Barnet Hospital,2.08,UCH (University College),14.01
EN51QQ,51.648453,-0.181852,North,Barnet Hospital,2.31,Royal Free Hospital,10.65,Barnet Hospital,2.31,UCH (University College),14.12
EN51QR,51.646784,-0.186139,North,Barnet Hospital,2.05,Royal Free Hospital,10.5,Barnet Hospital,2.05,UCH (University College),14.01
EN51QS,51.648931,-0.17965,North,Barnet Hospital,2.46,Royal Free Hospital,10.69,Barnet Hospital,2.46,UCH (University College),14.14
EN51QT,51.6487,-0.172851,North,Barnet Hospital,2.93,Royal Free Hospital,10.63,Barnet Hospital,2.93,Homerton University,13.97
EN51QU,51.647652,-0.182997,North,Barnet Hospital,2.25,Royal Free Hospital,10.57,Barnet Hospital,2.25,UCH (University College),14.05
EN51QW,51.649633,-0.174476,North,Barnet Hospital,2.81,Royal Free Hospital,10.74,Barnet Hospital,2.81,Homerton University,14.12
EN51QX,51.649077,-0.179196,North,Barnet Hospital,2.49,Royal Free Hospital,10.7,Barnet Hospital,2.49,UCH (University College),14.15
EN51QY,51.648873,-0.18052,North,Barnet Hospital,2.4,Royal Free Hospital,10.69,Barnet Hospital,2.4,UCH (University College),14.15
EN51QZ,51.648315,-0.179949,North,Barnet Hospital,2.45,Royal Free Hospital,10.62,Barnet Hospital,2.45,UCH (University College),14.08
EN51RA,51.649116,-0.17707,North,Barnet Hospital,2.64,Royal Free Hospital,10.7,Barnet Hospital,2.64,UCH (University College),14.12
EN51RB,51.643241,-0.171119,North,Barnet Hospital,3.15,Royal Free Hospital,10.02,Barnet Hospital,3.15,UCH (University College),13.4
EN51RD,51.649493,-0.177575,North,Barnet Hospital,2.6,Royal Free Hospital,10.74,Barnet Hospital,2.6,UCH (University College),14.17
EN51RE,51.647959,-0.17554,North,Barnet Hospital,2.75,Royal Free Hospital,10.56,Barnet Hospital,2.75,UCH (University College),13.98
EN51RF,51.648199,-0.177063,North,Barnet Hospital,2.65,Royal Free Hospital,10.59,Barnet Hospital,2.65,UCH (University College),14.02
EN51RG,51.64779,-0.176819,North,Barnet Hospital,2.67,Royal Free Hospital,10.55,Barnet Hospital,2.67,UCH (University College),13.97
EN51RH,51.648445,-0.177834,North,Barnet Hospital,2.59,Royal Free Hospital,10.63,Barnet Hospital,2.59,UCH (University College),14.06
EN51RJ,51.647699,-0.177864,North,Barnet Hospital,2.6,Royal Free Hospital,10.54,Barnet Hospital,2.6,UCH (University College),13.98
EN51RL,51.647827,-0.179188,North,Barnet Hospital,2.51,Royal Free Hospital,10.57,Barnet Hospital,2.51,UCH (University College),14.01
EN51RN,51.647312,-0.179628,North,Barnet Hospital,2.48,Royal Free Hospital,10.51,Barnet Hospital,2.48,UCH (University College),13.96
EN51RP,51.647485,-0.181515,North,Barnet Hospital,2.35,Royal Free Hospital,10.54,Barnet Hospital,2.35,UCH (University College),14.01
EN51RQ,51.648168,-0.177397,North,Barnet Hospital,2.62,Royal Free Hospital,10.59,Barnet Hospital,2.62,UCH (University College),14.02
EN51RR,51.647031,-0.180637,North,Barnet Hospital,2.42,Royal Free Hospital,10.49,Barnet Hospital,2.42,UCH (University College),13.95
EN51RS,51.647275,-0.183026,North,Barnet Hospital,2.25,Royal Free Hospital,10.53,Barnet Hospital,2.25,UCH (University College),14.01
EN51RT,51.646689,-0.181214,North,Barnet Hospital,2.39,Royal Free Hospital,10.45,Barnet Hospital,2.39,UCH (University College),13.92
EN51RU,51.646135,-0.180846,North,Barnet Hospital,2.42,Royal Free Hospital,10.39,Barnet Hospital,2.42,UCH (University College),13.86
EN51RW,51.647786,-0.179421,North,Barnet Hospital,2.49,Royal Free Hospital,10.56,Barnet Hospital,2.49,UCH (University College),14.01
EN51RX,51.64562,-0.18065,North,Barnet Hospital,2.45,Royal Free Hospital,10.33,Barnet Hospital,2.45,UCH (University College),13.8
EN51RY,51.644684,-0.178288,North,Barnet Hospital,2.63,Royal Free Hospital,10.21,Barnet Hospital,2.63,UCH (University College),13.66
EN51RZ,51.645393,-0.178765,North,Barnet Hospital,2.58,Royal Free Hospital,10.29,Barnet Hospital,2.58,UCH (University College),13.74
EN51SA,51.647077,-0.177773,North,Barnet Hospital,2.61,Royal Free Hospital,10.47,Barnet Hospital,2.61,UCH (University College),13.91
EN51SB,51.646467,-0.178448,North,Barnet Hospital,2.58,Royal Free Hospital,10.41,Barnet Hospital,2.58,UCH (University College),13.85
EN51SD,51.646658,-0.176836,North,Barnet Hospital,2.68,Royal Free Hospital,10.42,Barnet Hospital,2.68,UCH (University College),13.85
EN51SE,51.64619,-0.173949,North,Barnet Hospital,2.89,Royal Free Hospital,10.36,Barnet Hospital,2.89,UCH (University College),13.76
EN51SF,51.64658,-0.174136,North,Barnet Hospital,2.87,Royal Free Hospital,10.4,Barnet Hospital,2.87,UCH (University College),13.81
EN51SG,51.64752,-0.180863,North,Barnet Hospital,2.4,Royal Free Hospital,10.54,Barnet Hospital,2.4,UCH (University College),14.01
EN51SH,51.647937,-0.17875,North,Barnet Hospital,2.53,Royal Free Hospital,10.57,Barnet Hospital,2.53,UCH (University College),14.02
EN51SJ,51.649577,-0.177196,North,Barnet Hospital,2.62,Royal Free Hospital,10.75,Barnet Hospital,2.62,UCH (University College),14.17
EN51SL,51.646391,-0.178783,North,Barnet Hospital,2.56,Royal Free Hospital,10.4,Barnet Hospital,2.56,UCH (University College),13.85
EN51SN,51.643241,-0.171119,North,Barnet Hospital,3.15,Royal Free Hospital,10.02,Barnet Hospital,3.15,UCH (University College),13.4
EN51SP,51.644684,-0.178288,North,Barnet Hospital,2.63,Royal Free Hospital,10.21,Barnet Hospital,2.63,UCH (University College),13.66
EN51SQ,51.646628,-0.179554,North,Barnet Hospital,2.5,Royal Free Hospital,10.43,Barnet Hospital,2.5,UCH (University College),13.89
EN51SR,51.643241,-0.171119,North,Barnet Hospital,3.15,Royal Free Hospital,10.02,Barnet Hospital,3.15,UCH (University College),13.4
EN51SS,51.64725,-0.185485,North,Barnet Hospital,2.09,Royal Free Hospital,10.55,Barnet Hospital,2.09,UCH (University College),14.05
EN51ST,51.648588,-0.181297,North,Barnet Hospital,2.35,Royal Free Hospital,10.66,Barnet Hospital,2.35,UCH (University College),14.13
EN51SU,51.648711,-0.181104,North,Barnet Hospital,2.36,Royal Free Hospital,10.68,Barnet Hospital,2.36,UCH (University College),14.14
EN51SW,51.644684,-0.178288,North,Barnet Hospital,2.63,Royal Free Hospital,10.21,Barnet Hospital,2.63,UCH (University College),13.66
EN51SX,51.644899,-0.178265,North,Barnet Hospital,2.63,Royal Free Hospital,10.24,Barnet Hospital,2.63,UCH (University College),13.68
EN51SY,51.649406,-0.175453,North,Barnet Hospital,2.75,Royal Free Hospital,10.72,Barnet Hospital,2.75,UCH (University College),14.13
EN51SZ,51.647988,-0.17856,North,Barnet Hospital,2.55,Royal Free Hospital,10.58,Barnet Hospital,2.55,UCH (University College),14.02
EN51TA,51.645128,-0.177967,North,Barnet Hospital,2.64,Royal Free Hospital,10.26,Barnet Hospital,2.64,UCH (University College),13.7
EN51TB,51.647699,-0.180205,North,Barnet Hospital,2.44,Royal Free Hospital,10.56,Barnet Hospital,2.44,UCH (University College),14.02
EN51TD,51.646891,-0.180266,North,Barnet Hospital,2.45,Royal Free Hospital,10.47,Barnet Hospital,2.45,UCH (University College),13.93
EN51TE,51.647242,-0.186092,North,Barnet Hospital,2.04,Royal Free Hospital,10.55,Barnet Hospital,2.04,UCH (University College),14.06
EN51TF,51.648621,-0.175861,North,Barnet Hospital,2.72,Royal Free Hospital,10.63,Barnet Hospital,2.72,UCH (University College),14.05
EN51TG,51.648621,-0.175861,North,Barnet Hospital,2.72,Royal Free Hospital,10.63,Barnet Hospital,2.72,UCH (University College),14.05
EN51TH,51.644684,-0.178288,North,Barnet Hospital,2.63,Royal Free Hospital,10.21,Barnet Hospital,2.63,UCH (University College),13.66
EN51TJ,51.645092,-0.177939,North,Barnet Hospital,2.65,Royal Free Hospital,10.25,Barnet Hospital,2.65,UCH (University College),13.7
EN51TP,51.644684,-0.178288,North,Barnet Hospital,2.63,Royal Free Hospital,10.21,Barnet Hospital,2.63,UCH (University College),13.66
EN51TQ,51.644684,-0.178288,North,Barnet Hospital,2.63,Royal Free Hospital,10.21,Barnet Hospital,2.63,UCH (University College),13.66
EN51TR,51.643241,-0.171119,North,Barnet Hospital,3.15,Royal Free Hospital,10.02,Barnet Hospital,3.15,UCH (University College),13.4
EN51TS,51.649341,-0.175904,North,Barnet Hospital,2.72,Royal Free Hospital,10.71,Barnet Hospital,2.72,UCH (University College),14.13
EN51TX,51.643241,-0.171119,North,Barnet Hospital,3.15,Royal Free Hospital,10.02,Barnet Hospital,3.15,UCH (University College),13.4
EN51TZ,51.644684,-0.178288,North,Barnet Hospital,2.63,Royal Free Hospital,10.21,Barnet Hospital,2.63,UCH (University College),13.66
EN51UA,51.648621,-0.175861,North,Barnet Hospital,2.72,Royal Free Hospital,10.63,Barnet Hospital,2.72,UCH (University College),14.05
EN51UB,51.648621,-0.175861,North,Barnet Hospital,2.72,Royal Free Hospital,10.63,Barnet Hospital,2.72,UCH (University College),14.05
EN51UD,51.643241,-0.171119,North,Barnet Hospital,3.15,Royal Free Hospital,10.02,Barnet Hospital,3.15,UCH (University College),13.4
EN51UJ,51.643241,-0.171119,North,Barnet Hospital,3.15,Royal Free Hospital,10.02,Barnet Hospital,3.15,UCH (University College),13.4
EN51UZ,51.643241,-0.171119,North,Barnet Hospital,3.15,Royal Free Hospital,10.02,Barnet Hospital,3.15,UCH (University College),13.4
EN51WA,51.643015,-0.171013,North,Barnet Hospital,3.17,Royal Free Hospital,9.99,Barnet Hospital,3.17,UCH (University College),13.38
EN51WB,51.643241,-0.171119,North,Barnet Hospital,3.15,Royal Free Hospital,10.02,Barnet Hospital,3.15,UCH (University College),13.4
EN51WD,51.643241,-0.171119,North,Barnet Hospital,3.15,Royal Free Hospital,10.02,Barnet Hospital,3.15,UCH (University College),13.4
EN51WE,51.643241,-0.171119,North,Barnet Hospital,3.15,Royal Free Hospital,10.02,Barnet Hospital,3.15,UCH (University College),13.4
EN51WF,51.643241,-0.171119,North,Barnet Hospital,3.15,Royal Free Hospital,10.02,Barnet Hospital,3.15,UCH (University College),13.4
EN51WG,51.643241,-0.171119,North,Barnet Hospital,3.15,Royal Free Hospital,10.02,Barnet Hospital,3.15,UCH (University College),13.4
EN51WH,51.643241,-0.171119,North,Barnet Hospital,3.15,Royal Free Hospital,10.02,Barnet Hospital,3.15,UCH (University College),13.4
EN51WJ,51.643241,-0.171119,North,Barnet Hospital,3.15,Royal Free Hospital,10.02,Barnet Hospital,3.15,UCH (University College),13.4
EN51WL,51.643241,-0.171119,North,Barnet Hospital,3.15,Royal Free Hospital,10.02,Barnet Hospital,3.15,UCH (University College),13.4
EN51WN,51.643241,-0.171119,North,Barnet Hospital,3.15,Royal Free Hospital,10.02,Barnet Hospital,3.15,UCH (University College),13.4
EN51WP,51.643241,-0.171119,North,Barnet Hospital,3.15,Royal Free Hospital,10.02,Barnet Hospital,3.15,UCH (University College),13.4
EN51WU,51.643241,-0.171119,North,Barnet Hospital,3.15,Royal Free Hospital,10.02,Barnet Hospital,3.15,UCH (University College),13.4
EN51WW,51.643241,-0.171119,North,Barnet Hospital,3.15,Royal Free Hospital,10.02,Barnet Hospital,3.15,UCH (University College),13.4
EN51WX,51.643241,-0.171119,North,Barnet Hospital,3.15,Royal Free Hospital,10.02,Barnet Hospital,3.15,UCH (University College),13.4
EN51WY,51.643241,-0.171119,North,Barnet Hospital,3.15,Royal Free Hospital,10.02,Barnet Hospital,3.15,UCH (University College),13.4
EN51WZ,51.643241,-0.171119,North,Barnet Hospital,3.15,Royal Free Hospital,10.02,Barnet Hospital,3.15,UCH (University College),13.4
EN51XA,51.643241,-0.171119,North,Barnet Hospital,3.15,Royal Free Hospital,10.02,Barnet Hospital,3.15,UCH (University College),13.4
EN51XJ,51.643241,-0.171119,North,Barnet Hospital,3.15,Royal Free Hospital,10.02,Barnet Hospital,3.15,UCH (University College),13.4
EN51XL,51.643241,-0.171119,North,Barnet Hospital,3.15,Royal Free Hospital,10.02,Barnet Hospital,3.15,UCH (University College),13.4
EN51XN,51.643241,-0.171119,North,Barnet Hospital,3.15,Royal Free Hospital,10.02,Barnet Hospital,3.15,UCH (University College),13.4
EN51XP,51.643241,-0.171119,North,Barnet Hospital,3.15,Royal Free Hospital,10.02,Barnet Hospital,3.15,UCH (University College),13.4
EN51XQ,51.643241,-0.171119,North,Barnet Hospital,3.15,Royal Free Hospital,10.02,Barnet Hospital,3.15,UCH (University College),13.4
EN51XR,51.643241,-0.171119,North,Barnet Hospital,3.15,Royal Free Hospital,10.02,Barnet Hospital,3.15,UCH (University College),13.4
EN51XS,51.643241,-0.171119,North,Barnet Hospital,3.15,Royal Free Hospital,10.02,Barnet Hospital,3.15,UCH (University College),13.4
EN51XT,51.643241,-0.171119,North,Barnet Hospital,3.15,Royal Free Hospital,10.02,Barnet Hospital,3.15,UCH (University College),13.4
EN51XU,51.643241,-0.171119,North,Barnet Hospital,3.15,Royal Free Hospital,10.02,Barnet Hospital,3.15,UCH (University College),13.4
EN51XW,51.643241,-0.171119,North,Barnet Hospital,3.15,Royal Free Hospital,10.02,Barnet Hospital,3.15,UCH (University College),13.4
EN51XY,51.643241,-0.171119,North,Barnet Hospital,3.15,Royal Free Hospital,10.02,Barnet Hospital,3.15,UCH (University College),13.4
EN51YZ,51.649853,-0.176433,North,Barnet Hospital,2.68,Royal Free Hospital,10.77,Barnet Hospital,2.68,UCH (University College),14.19
EN51ZD,51.644684,-0.178288,North,Barnet Hospital,2.63,Royal Free Hospital,10.21,Barnet Hospital,2.63,UCH (University College),13.66
EN51ZE,51.643241,-0.171119,North,Barnet Hospital,3.15,Royal Free Hospital,10.02,Barnet Hospital,3.15,UCH (University College),13.4
EN51ZF,51.643241,-0.171119,North,Barnet Hospital,3.15,Royal Free Hospital,10.02,Barnet Hospital,3.15,UCH (University College),13.4
EN51ZG,51.644684,-0.178288,North,Barnet Hospital,2.63,Royal Free Hospital,10.21,Barnet Hospital,2.63,UCH (University College),13.66
EN51ZH,51.643241,-0.171119,North,Barnet Hospital,3.15,Royal Free Hospital,10.02,Barnet Hospital,3.15,UCH (University College),13.4
EN51ZJ,51.643241,-0.171119,North,Barnet Hospital,3.15,Royal Free Hospital,10.02,Barnet Hospital,3.15,UCH (University College),13.4
EN51ZL,51.643241,-0.171119,North,Barnet Hospital,3.15,Royal Free Hospital,10.02,Barnet Hospital,3.15,UCH (University College),13.4
EN51ZN,51.643241,-0.171119,North,Barnet Hospital,3.15,Royal Free Hospital,10.02,Barnet Hospital,3.15,UCH (University College),13.4
EN51ZP,51.643241,-0.171119,North,Barnet Hospital,3.15,Royal Free Hospital,10.02,Barnet Hospital,3.15,UCH (University College),13.4
EN51ZQ,51.644684,-0.178288,North,Barnet Hospital,2.63,Royal Free Hospital,10.21,Barnet Hospital,2.63,UCH (University College),13.66
EN51ZR,51.643241,-0.171119,North,Barnet Hospital,3.15,Royal Free Hospital,10.02,Barnet Hospital,3.15,UCH (University College),13.4
EN51ZS,51.649825,-0.17642,North,Barnet Hospital,2.68,Royal Free Hospital,10.77,Barnet Hospital,2.68,UCH (University College),14.19
EN51ZT,51.644684,-0.178288,North,Barnet Hospital,2.63,Royal Free Hospital,10.21,Barnet Hospital,2.63,UCH (University College),13.66
EN51ZU,51.643241,-0.171119,North,Barnet Hospital,3.15,Royal Free Hospital,10.02,Barnet Hospital,3.15,UCH (University College),13.4
EN51ZX,51.644684,-0.178288,North,Barnet Hospital,2.63,Royal Free Hospital,10.21,Barnet Hospital,2.63,UCH (University College),13.66
EN51ZY,51.643241,-0.171119,North,Barnet Hospital,3.15,Royal Free Hospital,10.02,Barnet Hospital,3.15,UCH (University College),13.4
EN51ZZ,51.643241,-0.171119,North,Barnet Hospital,3.15,Royal Free Hospital,10.02,Barnet Hospital,3.15,UCH (University College),13.4
EN52AA,51.642098,-0.240438,North,Barnet Hospital,1.99,Royal Free Hospital,11.16,Barnet Hospital,1.99,Queen Charlottes',13.91
EN52AB,51.641273,-0.240571,North,Barnet Hospital,2.04,Royal Free Hospital,11.08,Barnet Hospital,2.04,Queen Charlottes',13.82
EN52AD,51.638775,-0.238298,North,Barnet Hospital,2.07,Royal Free Hospital,10.77,Barnet Hospital,2.07,Queen Charlottes',13.54
EN52AE,51.638075,-0.231865,North,Barnet Hospital,1.81,Royal Free Hospital,10.5,Barnet Hospital,1.81,Queen Charlottes',13.47
EN52AF,51.646136,-0.204233,North,Barnet Hospital,0.91,Royal Free Hospital,10.68,Barnet Hospital,0.91,UCH (University College),14.31
EN52AG,51.638422,-0.228586,North,Barnet Hospital,1.65,Royal Free Hospital,10.43,Barnet Hospital,1.65,Queen Charlottes',13.51
EN52AH,51.642855,-0.219683,North,Barnet Hospital,0.93,Royal Free Hospital,10.65,Barnet Hospital,0.93,Queen Charlottes',14.04
EN52AJ,51.646136,-0.204233,North,Barnet Hospital,0.91,Royal Free Hospital,10.68,Barnet Hospital,0.91,UCH (University College),14.31
EN52AL,51.643908,-0.219165,North,Barnet Hospital,0.8,Royal Free Hospital,10.75,Barnet Hospital,0.8,Queen Charlottes',14.16
EN52AN,51.643244,-0.219234,North,Barnet Hospital,0.87,Royal Free Hospital,10.68,Barnet Hospital,0.87,Queen Charlottes',14.09
EN52AP,51.643085,-0.218229,North,Barnet Hospital,0.87,Royal Free Hospital,10.64,Barnet Hospital,0.87,Queen Charlottes',14.08
EN52AQ,51.640373,-0.222064,North,Barnet Hospital,1.24,Royal Free Hospital,10.45,Barnet Hospital,1.24,Queen Charlottes',13.75
EN52AR,51.646136,-0.204247,North,Barnet Hospital,0.91,Royal Free Hospital,10.68,Barnet Hospital,0.91,UCH (University College),14.31
EN52AS,51.642294,-0.214748,North,Barnet Hospital,0.94,Royal Free Hospital,10.48,Barnet Hospital,0.94,Queen Charlottes',14.01
EN52AT,51.642137,-0.215607,North,Barnet Hospital,0.95,Royal Free Hospital,10.48,Barnet Hospital,0.95,Queen Charlottes',13.99
EN52AU,51.643834,-0.214268,North,Barnet Hospital,0.77,Royal Free Hospital,10.63,Barnet Hospital,0.77,Queen Charlottes',14.19
EN52AW,51.646136,-0.204233,North,Barnet Hospital,0.91,Royal Free Hospital,10.68,Barnet Hospital,0.91,UCH (University College),14.31
EN52AX,51.638172,-0.235864,North,Barnet Hospital,1.99,Royal Free Hospital,10.63,Barnet Hospital,1.99,Queen Charlottes',13.47
EN52AY,51.637716,-0.235463,North,Barnet Hospital,2.01,Royal Free Hospital,10.57,Barnet Hospital,2.01,Queen Charlottes',13.42
EN52AZ,51.643241,-0.171119,North,Barnet Hospital,3.15,Royal Free Hospital,10.02,Barnet Hospital,3.15,UCH (University College),13.4
EN52BA,51.64467,-0.189635,North,Barnet Hospital,1.89,Royal Free Hospital,10.31,Barnet Hospital,1.89,UCH (University College),13.85
EN52BB,51.647475,-0.190752,North,Barnet Hospital,1.72,Royal Free Hospital,10.63,Barnet Hospital,1.72,UCH (University College),14.17
EN52BD,51.647597,-0.191643,North,Barnet Hospital,1.66,Royal Free Hospital,10.65,Barnet Hospital,1.66,UCH (University College),14.2
EN52BE,51.646876,-0.191542,North,Barnet Hospital,1.69,Royal Free Hospital,10.57,Barnet Hospital,1.69,UCH (University College),14.12
EN52BF,51.646136,-0.204233,North,Barnet Hospital,0.91,Royal Free Hospital,10.68,Barnet Hospital,0.91,UCH (University College),14.31
EN52BG,51.646246,-0.18976,North,Barnet Hospital,1.82,Royal Free Hospital,10.48,Barnet Hospital,1.82,UCH (University College),14.02
EN52BH,51.646136,-0.204247,North,Barnet Hospital,0.91,Royal Free Hospital,10.68,Barnet Hospital,0.91,UCH (University College),14.31
EN52BJ,51.644621,-0.188191,North,Barnet Hospital,1.98,Royal Free Hospital,10.29,Barnet Hospital,1.98,UCH (University College),13.82
EN52BL,51.642649,-0.186825,North,Barnet Hospital,2.15,Royal Free Hospital,10.06,Barnet Hospital,2.15,UCH (University College),13.58
EN52BN,51.641124,-0.185903,North,Barnet Hospital,2.28,Royal Free Hospital,9.88,Barnet Hospital,2.28,UCH (University College),13.4
EN52BP,51.642421,-0.187195,North,Barnet Hospital,2.14,Royal Free Hospital,10.03,Barnet Hospital,2.14,UCH (University College),13.56
EN52BQ,51.646109,-0.190213,North,Barnet Hospital,1.8,Royal Free Hospital,10.47,Barnet Hospital,1.8,UCH (University College),14.01
EN52BS,51.640287,-0.185257,North,Barnet Hospital,2.37,Royal Free Hospital,9.78,Barnet Hospital,2.37,UCH (University College),13.3
EN52BT,51.640319,-0.187351,North,Barnet Hospital,2.24,Royal Free Hospital,9.81,Barnet Hospital,2.24,UCH (University College),13.34
EN52BU,51.64067,-0.187395,North,Barnet Hospital,2.22,Royal Free Hospital,9.84,Barnet Hospital,2.22,UCH (University College),13.38
EN52BW,51.643957,-0.188261,North,Barnet Hospital,2.0,Royal Free Hospital,10.21,Barnet Hospital,2.0,UCH (University College),13.75
EN52BX,51.641227,-0.187344,North,Barnet Hospital,2.19,Royal Free Hospital,9.9,Barnet Hospital,2.19,UCH (University College),13.44
EN52BY,51.641352,-0.188466,North,Barnet Hospital,2.12,Royal Free Hospital,9.93,Barnet Hospital,2.12,UCH (University College),13.47
EN52BZ,51.644698,-0.189113,North,Barnet Hospital,1.92,Royal Free Hospital,10.31,Barnet Hospital,1.92,UCH (University College),13.84
EN52DA,51.643098,-0.189105,North,Barnet Hospital,1.99,Royal Free Hospital,10.13,Barnet Hospital,1.99,UCH (University College),13.67
EN52DB,51.642809,-0.188451,North,Barnet Hospital,2.04,Royal Free Hospital,10.09,Barnet Hospital,2.04,UCH (University College),13.63
EN52DE,51.645836,-0.209925,North,Barnet Hospital,0.65,Royal Free Hospital,10.75,Barnet Hospital,0.65,UCH (University College),14.41
EN52DF,51.646154,-0.209537,North,Barnet Hospital,0.64,Royal Free Hospital,10.78,Barnet Hospital,0.64,UCH (University College),14.44
EN52DG,51.643241,-0.171119,North,Barnet Hospital,3.15,Royal Free Hospital,10.02,Barnet Hospital,3.15,UCH (University College),13.4
EN52DH,51.647254,-0.192741,North,Barnet Hospital,1.6,Royal Free Hospital,10.63,Barnet Hospital,1.6,UCH (University College),14.18
EN52DJ,51.64663,-0.193084,North,Barnet Hospital,1.59,Royal Free Hospital,10.56,Barnet Hospital,1.59,UCH (University College),14.12
EN52DL,51.646995,-0.19343,North,Barnet Hospital,1.56,Royal Free Hospital,10.61,Barnet Hospital,1.56,UCH (University College),14.17
EN52DN,51.645622,-0.193037,North,Barnet Hospital,1.63,Royal Free Hospital,10.45,Barnet Hospital,1.63,UCH (University College),14.02
EN52DP,51.646324,-0.194267,North,Barnet Hospital,1.52,Royal Free Hospital,10.55,Barnet Hospital,1.52,UCH (University College),14.12
EN52DQ,51.646136,-0.204233,North,Barnet Hospital,0.91,Royal Free Hospital,10.68,Barnet Hospital,0.91,UCH (University College),14.31
EN52DR,51.646028,-0.195464,North,Barnet Hospital,1.46,Royal Free Hospital,10.53,Barnet Hospital,1.46,UCH (University College),14.11
EN52DS,51.64653,-0.195342,North,Barnet Hospital,1.45,Royal Free Hospital,10.58,Barnet Hospital,1.45,UCH (University College),14.16
EN52DT,51.642166,-0.219291,North,Barnet Hospital,0.99,Royal Free Hospital,10.57,Barnet Hospital,0.99,Queen Charlottes',13.97
EN52DU,51.646516,-0.196167,North,Barnet Hospital,1.39,Royal Free Hospital,10.59,Barnet Hospital,1.39,UCH (University College),14.17
EN52DW,51.645292,-0.193773,North,Barnet Hospital,1.6,Royal Free Hospital,10.43,Barnet Hospital,1.6,UCH (University College),14.0
EN52DX,51.646156,-0.198523,North,Barnet Hospital,1.26,Royal Free Hospital,10.59,Barnet Hospital,1.26,UCH (University College),14.19
EN52DY,51.64581,-0.202352,North,Barnet Hospital,1.04,Royal Free Hospital,10.61,Barnet Hospital,1.04,UCH (University College),14.23
EN52DZ,51.646141,-0.202253,North,Barnet Hospital,1.03,Royal Free Hospital,10.64,Barnet Hospital,1.03,UCH (University College),14.27
EN52EA,51.647931,-0.195836,North,Barnet Hospital,1.37,Royal Free Hospital,10.74,Barnet Hospital,1.37,UCH (University College),14.32
EN52EB,51.647685,-0.195643,North,Barnet Hospital,1.39,Royal Free Hospital,10.71,Barnet Hospital,1.39,UCH (University College),14.29
EN52ED,51.648831,-0.194702,North,Barnet Hospital,1.43,Royal Free Hospital,10.82,Barnet Hospital,1.43,UCH (University College),14.39
EN52EE,51.647457,-0.194814,North,Barnet Hospital,1.45,Royal Free Hospital,10.68,Barnet Hospital,1.45,UCH (University College),14.25
EN52EF,51.64732,-0.194111,North,Barnet Hospital,1.5,Royal Free Hospital,10.65,Barnet Hospital,1.5,UCH (University College),14.22
EN52EG,51.647515,-0.193309,North,Barnet Hospital,1.55,Royal Free Hospital,10.66,Barnet Hospital,1.55,UCH (University College),14.22
EN52EH,51.648978,-0.198975,North,Barnet Hospital,1.14,Royal Free Hospital,10.9,Barnet Hospital,1.14,UCH (University College),14.49
EN52EJ,51.649854,-0.197494,North,Barnet Hospital,1.23,Royal Free Hospital,10.97,Barnet Hospital,1.23,UCH (University College),14.56
EN52EL,51.650645,-0.196263,North,Barnet Hospital,1.31,Royal Free Hospital,11.04,Barnet Hospital,1.31,UCH (University College),14.62
EN52EN,51.650716,-0.19681,North,Barnet Hospital,1.27,Royal Free Hospital,11.06,Barnet Hospital,1.27,UCH (University College),14.63
EN52EP,51.650101,-0.197759,North,Barnet Hospital,1.21,Royal Free Hospital,11.0,Barnet Hospital,1.21,UCH (University College),14.59
EN52EQ,51.645488,-0.201859,North,Barnet Hospital,1.09,Royal Free Hospital,10.57,Barnet Hospital,1.09,UCH (University College),14.19
EN52ER,51.648655,-0.199045,North,Barnet Hospital,1.14,Royal Free Hospital,10.87,Barnet Hospital,1.14,UCH (University College),14.46
EN52ES,51.647314,-0.199547,North,Barnet Hospital,1.14,Royal Free Hospital,10.73,Barnet Hospital,1.14,UCH (University College),14.33
EN52ET,51.647142,-0.200074,North,Barnet Hospital,1.12,Royal Free Hospital,10.72,Barnet Hospital,1.12,UCH (University College),14.32
EN52EU,51.647787,-0.198747,North,Barnet Hospital,1.18,Royal Free Hospital,10.77,Barnet Hospital,1.18,UCH (University College),14.36
EN52EW,51.643241,-0.171119,North,Barnet Hospital,3.15,Royal Free Hospital,10.02,Barnet Hospital,3.15,UCH (University College),13.4
EN52EX,51.649553,-0.196625,North,Barnet Hospital,1.29,Royal Free Hospital,10.93,Barnet Hospital,1.29,UCH (University College),14.51
EN52EY,51.647599,-0.198234,North,Barnet Hospital,1.22,Royal Free Hospital,10.74,Barnet Hospital,1.22,UCH (University College),14.33
EN52EZ,51.648623,-0.195765,North,Barnet Hospital,1.36,Royal Free Hospital,10.82,Barnet Hospital,1.36,UCH (University College),14.39
EN52FA,51.64487,-0.202592,North,Barnet Hospital,1.08,Royal Free Hospital,10.51,Barnet Hospital,1.08,UCH (University College),14.14
EN52FB,51.643241,-0.171119,North,Barnet Hospital,3.15,Royal Free Hospital,10.02,Barnet Hospital,3.15,UCH (University College),13.4
EN52FD,51.645783,-0.202932,North,Barnet Hospital,1.01,Royal Free Hospital,10.62,Barnet Hospital,1.01,UCH (University College),14.24
EN52FE,51.645395,-0.202817,North,Barnet Hospital,1.04,Royal Free Hospital,10.57,Barnet Hospital,1.04,UCH (University College),14.2
EN52FF,51.644072,-0.207465,North,Barnet Hospital,0.91,Royal Free Hospital,10.51,Barnet Hospital,0.91,UCH (University College),14.17
EN52FG,51.644669,-0.201227,North,Barnet Hospital,1.17,Royal Free Hospital,10.47,Barnet Hospital,1.17,UCH (University College),14.09
EN52FH,51.645217,-0.199413,North,Barnet Hospital,1.25,Royal Free Hospital,10.5,Barnet Hospital,1.25,UCH (University College),14.11
EN52FJ,51.645506,-0.200688,North,Barnet Hospital,1.16,Royal Free Hospital,10.55,Barnet Hospital,1.16,UCH (University College),14.16
EN52FL,51.645053,-0.200474,North,Barnet Hospital,1.19,Royal Free Hospital,10.5,Barnet Hospital,1.19,UCH (University College),14.11
EN52FN,51.644603,-0.200449,North,Barnet Hospital,1.22,Royal Free Hospital,10.45,Barnet Hospital,1.22,UCH (University College),14.06
EN52FP,51.646952,-0.194155,North,Barnet Hospital,1.51,Royal Free Hospital,10.61,Barnet Hospital,1.51,UCH (University College),14.18
EN52FQ,51.64479,-0.199762,North,Barnet Hospital,1.25,Royal Free Hospital,10.46,Barnet Hospital,1.25,UCH (University College),14.07
EN52FR,51.644358,-0.199693,North,Barnet Hospital,1.28,Royal Free Hospital,10.41,Barnet Hospital,1.28,UCH (University College),14.02
EN52FS,51.645731,-0.198395,North,Barnet Hospital,1.28,Royal Free Hospital,10.54,Barnet Hospital,1.28,UCH (University College),14.14
EN52FT,51.645062,-0.198161,North,Barnet Hospital,1.33,Royal Free Hospital,10.46,Barnet Hospital,1.33,UCH (University College),14.06
EN52FU,51.646024,-0.19636,North,Barnet Hospital,1.4,Royal Free Hospital,10.54,Barnet Hospital,1.4,UCH (University College),14.13
EN52FW,51.646032,-0.196909,North,Barnet Hospital,1.36,Royal Free Hospital,10.55,Barnet Hospital,1.36,UCH (University College),14.14
EN52FX,51.646234,-0.196019,North,Barnet Hospital,1.41,Royal Free Hospital,10.56,Barnet Hospital,1.41,UCH (University College),14.14
EN52FY,51.648375,-0.200169,North,Barnet Hospital,1.07,Royal Free Hospital,10.85,Barnet Hospital,1.07,UCH (University College),14.46
EN52FZ,51.645181,-0.195945,North,Barnet Hospital,1.46,Royal Free Hospital,10.44,Barnet Hospital,1.46,UCH (University College),14.03
EN52GA,51.646136,-0.204247,North,Barnet Hospital,0.91,Royal Free Hospital,10.68,Barnet Hospital,0.91,UCH (University College),14.31
EN52GB,51.646136,-0.204233,North,Barnet Hospital,0.91,Royal Free Hospital,10.68,Barnet Hospital,0.91,UCH (University College),14.31
EN52GD,51.65086,-0.197411,North,Barnet Hospital,1.23,Royal Free Hospital,11.08,Barnet Hospital,1.23,UCH (University College),14.66
EN52GE,51.64485,-0.197808,North,Barnet Hospital,1.36,Royal Free Hospital,10.43,Barnet Hospital,1.36,UCH (University College),14.03
EN52GF,51.645457,-0.196932,North,Barnet Hospital,1.39,Royal Free Hospital,10.49,Barnet Hospital,1.39,UCH (University College),14.08
EN52GG,51.645026,-0.196934,North,Barnet Hospital,1.41,Royal Free Hospital,10.44,Barnet Hospital,1.41,UCH (University College),14.03
EN52GH,51.645468,-0.196454,North,Barnet Hospital,1.42,Royal Free Hospital,10.48,Barnet Hospital,1.42,UCH (University College),14.07
EN52GJ,51.645063,-0.196441,North,Barnet Hospital,1.44,Royal Free Hospital,10.44,Barnet Hospital,1.44,UCH (University College),14.03
EN52GS,51.64487,-0.202592,North,Barnet Hospital,1.08,Royal Free Hospital,10.51,Barnet Hospital,1.08,UCH (University College),14.14
EN52HA,51.647498,-0.197516,North,Barnet Hospital,1.27,Royal Free Hospital,10.72,Barnet Hospital,1.27,UCH (University College),14.31
EN52HB,51.647411,-0.197085,North,Barnet Hospital,1.3,Royal Free Hospital,10.7,Barnet Hospital,1.3,UCH (University College),14.29
EN52HD,51.649876,-0.198939,North,Barnet Hospital,1.13,Royal Free Hospital,11.0,Barnet Hospital,1.13,UCH (University College),14.59
EN52HE,51.652093,-0.198634,North,Barnet Hospital,1.15,Royal Free Hospital,11.23,Barnet Hospital,1.15,UCH (University College),14.82
EN52HG,51.650797,-0.200348,North,Barnet Hospital,1.02,Royal Free Hospital,11.12,Barnet Hospital,1.02,UCH (University College),14.72
EN52HH,51.651386,-0.200079,North,Barnet Hospital,1.05,Royal Free Hospital,11.18,Barnet Hospital,1.05,UCH (University College),14.77
EN52HJ,51.651674,-0.198868,North,Barnet Hospital,1.13,Royal Free Hospital,11.19,Barnet Hospital,1.13,UCH (University College),14.78
EN52HL,51.651532,-0.20136,North,Barnet Hospital,0.96,Royal Free Hospital,11.21,Barnet Hospital,0.96,UCH (University College),14.81
EN52HN,51.650071,-0.201071,North,Barnet Hospital,0.98,Royal Free Hospital,11.05,Barnet Hospital,0.98,UCH (University College),14.65
EN52HP,51.647554,-0.202919,North,Barnet Hospital,0.92,Royal Free Hospital,10.81,Barnet Hospital,0.92,UCH (University College),14.43
EN52HR,51.647814,-0.202244,North,Barnet Hospital,0.95,Royal Free Hospital,10.82,Barnet Hospital,0.95,UCH (University College),14.44
EN52HS,51.647817,-0.201276,North,Barnet Hospital,1.01,Royal Free Hospital,10.81,Barnet Hospital,1.01,UCH (University College),14.42
EN52HT,51.647298,-0.200877,North,Barnet Hospital,1.06,Royal Free Hospital,10.75,Barnet Hospital,1.06,UCH (University College),14.36
EN52HU,51.650621,-0.198259,North,Barnet Hospital,1.17,Royal Free Hospital,11.07,Barnet Hospital,1.17,UCH (University College),14.65
EN52HW,51.650071,-0.201663,North,Barnet Hospital,0.94,Royal Free Hospital,11.06,Barnet Hospital,0.94,UCH (University College),14.67
EN52HX,51.649209,-0.200021,North,Barnet Hospital,1.06,Royal Free Hospital,10.94,Barnet Hospital,1.06,UCH (University College),14.54
EN52HY,51.651177,-0.197572,North,Barnet Hospital,1.22,Royal Free Hospital,11.12,Barnet Hospital,1.22,UCH (University College),14.7
EN52HZ,51.651292,-0.197423,North,Barnet Hospital,1.23,Royal Free Hospital,11.13,Barnet Hospital,1.23,UCH (University College),14.71
EN52JA,51.650376,-0.199295,North,Barnet Hospital,1.1,Royal Free Hospital,11.06,Barnet Hospital,1.1,UCH (University College),14.65
EN52JD,51.651718,-0.201757,North,Barnet Hospital,0.93,Royal Free Hospital,11.24,Barnet Hospital,0.93,UCH (University College),14.84
EN52JE,51.643015,-0.171013,North,Barnet Hospital,3.17,Royal Free Hospital,9.99,Barnet Hospital,3.17,UCH (University College),13.38
EN52JG,51.652103,-0.203968,North,Barnet Hospital,0.79,Royal Free Hospital,11.32,Barnet Hospital,0.79,UCH (University College),14.93
EN52JH,51.651743,-0.203983,North,Barnet Hospital,0.78,Royal Free Hospital,11.28,Barnet Hospital,0.78,UCH (University College),14.89
EN52JJ,51.651188,-0.203556,North,Barnet Hospital,0.81,Royal Free Hospital,11.21,Barnet Hospital,0.81,UCH (University College),14.83
EN52JL,51.651145,-0.204266,North,Barnet Hospital,0.76,Royal Free Hospital,11.22,Barnet Hospital,0.76,UCH (University College),14.84
EN52JQ,51.652005,-0.203481,North,Barnet Hospital,0.82,Royal Free Hospital,11.3,Barnet Hospital,0.82,UCH (University College),14.91
EN52JT,51.650801,-0.204135,North,Barnet Hospital,0.76,Royal Free Hospital,11.18,Barnet Hospital,0.76,UCH (University College),14.8
EN52JU,51.65054,-0.203553,North,Barnet Hospital,0.8,Royal Free Hospital,11.14,Barnet Hospital,0.8,UCH (University College),14.76
EN52JX,51.650514,-0.204147,North,Barnet Hospital,0.76,Royal Free Hospital,11.15,Barnet Hospital,0.76,UCH (University College),14.77
EN52JY,51.649652,-0.204253,North,Barnet Hospital,0.76,Royal Free Hospital,11.06,Barnet Hospital,0.76,UCH (University College),14.68
EN52JZ,51.649912,-0.203607,North,Barnet Hospital,0.8,Royal Free Hospital,11.07,Barnet Hospital,0.8,UCH (University College),14.69
EN52LA,51.650778,-0.205004,North,Barnet Hospital,0.7,Royal Free Hospital,11.19,Barnet Hospital,0.7,UCH (University College),14.82
EN52LB,51.650199,-0.203567,North,Barnet Hospital,0.8,Royal Free Hospital,11.1,Barnet Hospital,0.8,UCH (University College),14.72
EN52LD,51.650468,-0.204698,North,Barnet Hospital,0.73,Royal Free Hospital,11.15,Barnet Hospital,0.73,UCH (University College),14.78
EN52LE,51.64923,-0.204299,North,Barnet Hospital,0.77,Royal Free Hospital,11.01,Barnet Hospital,0.77,UCH (University College),14.64
EN52LF,51.649114,-0.203783,North,Barnet Hospital,0.81,Royal Free Hospital,10.99,Barnet Hospital,0.81,UCH (University College),14.61
EN52LG,51.647157,-0.20399,North,Barnet Hospital,0.87,Royal Free Hospital,10.78,Barnet Hospital,0.87,UCH (University College),14.41
EN52LH,51.64746,-0.204426,North,Barnet Hospital,0.83,Royal Free Hospital,10.82,Barnet Hospital,0.83,UCH (University College),14.45
EN52LJ,51.64658,-0.204461,North,Barnet Hospital,0.87,Royal Free Hospital,10.73,Barnet Hospital,0.87,UCH (University College),14.36
EN52LL,51.646085,-0.204423,North,Barnet Hospital,0.9,Royal Free Hospital,10.67,Barnet Hospital,0.9,UCH (University College),14.31
EN52LN,51.647131,-0.205234,North,Barnet Hospital,0.79,Royal Free Hospital,10.8,Barnet Hospital,0.79,UCH (University College),14.44
EN52LP,51.64703,-0.205658,North,Barnet Hospital,0.77,Royal Free Hospital,10.8,Barnet Hospital,0.77,UCH (University College),14.44
EN52LQ,51.649296,-0.205106,North,Barnet Hospital,0.71,Royal Free Hospital,11.03,Barnet Hospital,0.71,UCH (University College),14.66
EN52LR,51.650999,-0.204128,North,Barnet Hospital,0.76,Royal Free Hospital,11.2,Barnet Hospital,0.76,UCH (University College),14.82
EN52LS,51.645478,-0.207078,North,Barnet Hospital,0.81,Royal Free Hospital,10.66,Barnet Hospital,0.81,UCH (University College),14.31
EN52LT,51.644266,-0.210204,North,Barnet Hospital,0.79,Royal Free Hospital,10.59,Barnet Hospital,0.79,UCH (University College),14.26
EN52LU,51.645904,-0.209691,North,Barnet Hospital,0.65,Royal Free Hospital,10.75,Barnet Hospital,0.65,UCH (University College),14.42
EN52LW,51.648612,-0.20561,North,Barnet Hospital,0.7,Royal Free Hospital,10.97,Barnet Hospital,0.7,UCH (University College),14.6
EN52LX,51.644611,-0.210364,North,Barnet Hospital,0.75,Royal Free Hospital,10.63,Barnet Hospital,0.75,UCH (University College),14.3
EN52LY,51.644152,-0.209182,North,Barnet Hospital,0.84,Royal Free Hospital,10.56,Barnet Hospital,0.84,UCH (University College),14.22
EN52LZ,51.645003,-0.207197,North,Barnet Hospital,0.84,Royal Free Hospital,10.61,Barnet Hospital,0.84,UCH (University College),14.26
EN52NA,51.64554,-0.207595,North,Barnet Hospital,0.78,Royal Free Hospital,10.67,Barnet Hospital,0.78,UCH (University College),14.33
EN52NB,51.651067,-0.205614,North,Barnet Hospital,0.66,Royal Free Hospital,11.23,Barnet Hospital,0.66,UCH (University College),14.86
EN52NE,51.651784,-0.206092,North,Barnet Hospital,0.64,Royal Free Hospital,11.32,Barnet Hospital,0.64,UCH (University College),14.95
EN52NF,51.646129,-0.207298,North,Barnet Hospital,0.75,Royal Free Hospital,10.73,Barnet Hospital,0.75,UCH (University College),14.38
EN52NG,51.651658,-0.206096,North,Barnet Hospital,0.64,Royal Free Hospital,11.3,Barnet Hospital,0.64,UCH (University College),14.93
EN52NH,51.64687,-0.206358,North,Barnet Hospital,0.74,Royal Free Hospital,10.79,Barnet Hospital,0.74,UCH (University College),14.44
EN52NJ,51.650282,-0.206657,North,Barnet Hospital,0.59,Royal Free Hospital,11.16,Barnet Hospital,0.59,UCH (University College),14.8
EN52NL,51.647408,-0.206871,North,Barnet Hospital,0.68,Royal Free Hospital,10.86,Barnet Hospital,0.68,UCH (University College),14.5
EN52NN,51.646154,-0.208395,North,Barnet Hospital,0.69,Royal Free Hospital,10.75,Barnet Hospital,0.69,UCH (University College),14.41
EN52NP,51.643632,-0.206934,North,Barnet Hospital,0.97,Royal Free Hospital,10.46,Barnet Hospital,0.97,UCH (University College),14.11
EN52NQ,51.648577,-0.206319,North,Barnet Hospital,0.66,Royal Free Hospital,10.98,Barnet Hospital,0.66,UCH (University College),14.61
EN52NR,51.646136,-0.204233,North,Barnet Hospital,0.91,Royal Free Hospital,10.68,Barnet Hospital,0.91,UCH (University College),14.31
EN52NS,51.644293,-0.206647,North,Barnet Hospital,0.93,Royal Free Hospital,10.52,Barnet Hospital,0.93,UCH (University College),14.17
EN52NU,51.643674,-0.204966,North,Barnet Hospital,1.05,Royal Free Hospital,10.42,Barnet Hospital,1.05,UCH (University College),14.07
EN52NW,51.646261,-0.208882,North,Barnet Hospital,0.66,Royal Free Hospital,10.77,Barnet Hospital,0.66,UCH (University College),14.43
EN52NX,51.650241,-0.205733,North,Barnet Hospital,0.66,Royal Free Hospital,11.14,Barnet Hospital,0.66,UCH (University College),14.78
EN52NY,51.643616,-0.205287,North,Barnet Hospital,1.04,Royal Free Hospital,10.42,Barnet Hospital,1.04,UCH (University College),14.07
EN52NZ,51.642866,-0.206256,North,Barnet Hospital,1.07,Royal Free Hospital,10.36,Barnet Hospital,1.07,UCH (University College),14.02
EN52PA,51.642779,-0.205262,North,Barnet Hospital,1.12,Royal Free Hospital,10.33,Barnet Hospital,1.12,UCH (University College),13.98
EN52PB,51.643193,-0.20526,North,Barnet Hospital,1.08,Royal Free Hospital,10.38,Barnet Hospital,1.08,UCH (University College),14.03
EN52PD,51.644769,-0.203651,North,Barnet Hospital,1.03,Royal Free Hospital,10.52,Barnet Hospital,1.03,UCH (University College),14.15
EN52PE,51.642749,-0.203297,North,Barnet Hospital,1.21,Royal Free Hospital,10.3,Barnet Hospital,1.21,UCH (University College),13.93
EN52PF,51.643578,-0.20338,North,Barnet Hospital,1.14,Royal Free Hospital,10.39,Barnet Hospital,1.14,UCH (University College),14.02
EN52PG,51.644688,-0.204232,North,Barnet Hospital,1.01,Royal Free Hospital,10.52,Barnet Hospital,1.01,UCH (University College),14.16
EN52PH,51.643241,-0.171119,North,Barnet Hospital,3.15,Royal Free Hospital,10.02,Barnet Hospital,3.15,UCH (University College),13.4
EN52PJ,51.644161,-0.212102,North,Barnet Hospital,0.76,Royal Free Hospital,10.62,Barnet Hospital,0.76,Queen Charlottes',14.24
EN52PL,51.642693,-0.214342,North,Barnet Hospital,0.89,Royal Free Hospital,10.51,Barnet Hospital,0.89,Queen Charlottes',14.06
EN52PN,51.643855,-0.208572,North,Barnet Hospital,0.89,Royal Free Hospital,10.51,Barnet Hospital,0.89,UCH (University College),14.18
EN52PP,51.643373,-0.207623,North,Barnet Hospital,0.97,Royal Free Hospital,10.44,Barnet Hospital,0.97,UCH (University College),14.1
EN52PQ,51.644869,-0.217277,North,Barnet Hospital,0.66,Royal Free Hospital,10.8,Barnet Hospital,0.66,Queen Charlottes',14.28
EN52PR,51.643438,-0.209528,North,Barnet Hospital,0.9,Royal Free Hospital,10.49,Barnet Hospital,0.9,UCH (University College),14.16
EN52PS,51.643173,-0.209264,North,Barnet Hospital,0.93,Royal Free Hospital,10.45,Barnet Hospital,0.93,UCH (University College),14.12
EN52PT,51.642517,-0.208683,North,Barnet Hospital,1.01,Royal Free Hospital,10.37,Barnet Hospital,1.01,UCH (University College),14.04
EN52PU,51.642227,-0.207943,North,Barnet Hospital,1.07,Royal Free Hospital,10.33,Barnet Hospital,1.07,UCH (University College),13.99
EN52PW,51.64266,-0.207449,North,Barnet Hospital,1.04,Royal Free Hospital,10.36,Barnet Hospital,1.04,UCH (University College),14.02
EN52PX,51.642415,-0.209684,North,Barnet Hospital,1.0,Royal Free Hospital,10.38,Barnet Hospital,1.0,UCH (University College),14.05
EN52PY,51.642424,-0.210277,North,Barnet Hospital,0.98,Royal Free Hospital,10.39,Barnet Hospital,0.98,Queen Charlottes',14.06
EN52PZ,51.643154,-0.210942,North,Barnet Hospital,0.89,Royal Free Hospital,10.49,Barnet Hospital,0.89,Queen Charlottes',14.14
EN52QA,51.643166,-0.212343,North,Barnet Hospital,0.86,Royal Free Hospital,10.52,Barnet Hospital,0.86,Queen Charlottes',14.13
EN52QB,51.642334,-0.212,North,Barnet Hospital,0.96,Royal Free Hospital,10.42,Barnet Hospital,0.96,Queen Charlottes',14.04
EN52QD,51.641996,-0.213459,North,Barnet Hospital,0.98,Royal Free Hospital,10.42,Barnet Hospital,0.98,Queen Charlottes',13.99
EN52QE,51.642272,-0.213289,North,Barnet Hospital,0.95,Royal Free Hospital,10.44,Barnet Hospital,0.95,Queen Charlottes',14.02
EN52QF,51.643091,-0.213893,North,Barnet Hospital,0.85,Royal Free Hospital,10.54,Barnet Hospital,0.85,Queen Charlottes',14.11
EN52QG,51.643421,-0.215484,North,Barnet Hospital,0.81,Royal Free Hospital,10.61,Barnet Hospital,0.81,Queen Charlottes',14.13
EN52QH,51.642582,-0.216485,North,Barnet Hospital,0.91,Royal Free Hospital,10.55,Barnet Hospital,0.91,Queen Charlottes',14.03
EN52QJ,51.647162,-0.210769,North,Barnet Hospital,0.5,Royal Free Hospital,10.91,Barnet Hospital,0.5,UCH (University College),14.57
EN52QL,51.646188,-0.211227,North,Barnet Hospital,0.57,Royal Free Hospital,10.81,Barnet Hospital,0.57,Queen Charlottes',14.47
EN52QN,51.64485,-0.214243,North,Barnet Hospital,0.65,Royal Free Hospital,10.73,Barnet Hospital,0.65,Queen Charlottes',14.3
EN52QP,51.644219,-0.215929,North,Barnet Hospital,0.72,Royal Free Hospital,10.71,Barnet Hospital,0.72,Queen Charlottes',14.22
EN52QQ,51.643552,-0.212285,North,Barnet Hospital,0.82,Royal Free Hospital,10.56,Barnet Hospital,0.82,Queen Charlottes',14.17
EN52QR,51.644576,-0.216392,North,Barnet Hospital,0.69,Royal Free Hospital,10.75,Barnet Hospital,0.69,Queen Charlottes',14.25
EN52QS,51.643899,-0.21561,North,Barnet Hospital,0.76,Royal Free Hospital,10.66,Barnet Hospital,0.76,Queen Charlottes',14.18
EN52QT,51.644082,-0.217554,North,Barnet Hospital,0.75,Royal Free Hospital,10.73,Barnet Hospital,0.75,Queen Charlottes',14.19
EN52QU,51.643598,-0.218266,North,Barnet Hospital,0.82,Royal Free Hospital,10.69,Barnet Hospital,0.82,Queen Charlottes',14.13
EN52QW,51.64491,-0.215859,North,Barnet Hospital,0.65,Royal Free Hospital,10.78,Barnet Hospital,0.65,Queen Charlottes',14.29
EN52QX,51.645648,-0.217102,North,Barnet Hospital,0.58,Royal Free Hospital,10.88,Barnet Hospital,0.58,Queen Charlottes',14.37
EN52QY,51.646177,-0.216966,North,Barnet Hospital,0.52,Royal Free Hospital,10.93,Barnet Hospital,0.52,Queen Charlottes',14.43
EN52QZ,51.646636,-0.211108,North,Barnet Hospital,0.53,Royal Free Hospital,10.86,Barnet Hospital,0.53,Queen Charlottes',14.52
EN52RA,51.65179,-0.211194,North,Barnet Hospital,0.3,Royal Free Hospital,11.41,Barnet Hospital,0.3,UCH (University College),15.07
EN52RB,51.651718,-0.21059,North,Barnet Hospital,0.34,Royal Free Hospital,11.39,Barnet Hospital,0.34,UCH (University College),15.04
EN52RD,51.646716,-0.215167,North,Barnet Hospital,0.44,Royal Free Hospital,10.95,Barnet Hospital,0.44,Queen Charlottes',14.5
EN52RE,51.645798,-0.214509,North,Barnet Hospital,0.55,Royal Free Hospital,10.84,Barnet Hospital,0.55,Queen Charlottes',14.4
EN52RF,51.645123,-0.212743,North,Barnet Hospital,0.64,Royal Free Hospital,10.73,Barnet Hospital,0.64,Queen Charlottes',14.34
EN52RG,51.644221,-0.211333,North,Barnet Hospital,0.77,Royal Free Hospital,10.61,Barnet Hospital,0.77,Queen Charlottes',14.25
EN52RH,51.645092,-0.210692,North,Barnet Hospital,0.7,Royal Free Hospital,10.69,Barnet Hospital,0.7,Queen Charlottes',14.35
EN52RJ,51.645299,-0.211262,North,Barnet Hospital,0.66,Royal Free Hospital,10.72,Barnet Hospital,0.66,Queen Charlottes',14.37
EN52RL,51.645879,-0.212135,North,Barnet Hospital,0.58,Royal Free Hospital,10.8,Barnet Hospital,0.58,Queen Charlottes',14.43
EN52RN,51.646028,-0.210698,North,Barnet Hospital,0.61,Royal Free Hospital,10.79,Barnet Hospital,0.61,Queen Charlottes',14.46
EN52RP,51.645905,-0.215054,North,Barnet Hospital,0.53,Royal Free Hospital,10.86,Barnet Hospital,0.53,Queen Charlottes',14.41
EN52RQ,51.643966,-0.212904,North,Barnet Hospital,0.77,Royal Free Hospital,10.61,Barnet Hospital,0.77,Queen Charlottes',14.21
EN52RR,51.645551,-0.215415,North,Barnet Hospital,0.57,Royal Free Hospital,10.83,Barnet Hospital,0.57,Queen Charlottes',14.37
EN52RS,51.646532,-0.214306,North,Barnet Hospital,0.47,Royal Free Hospital,10.91,Barnet Hospital,0.47,Queen Charlottes',14.48
EN52RT,51.647402,-0.21355,North,Barnet Hospital,0.38,Royal Free Hospital,10.99,Barnet Hospital,0.38,Queen Charlottes',14.59
EN52RU,51.647656,-0.213135,North,Barnet Hospital,0.37,Royal Free Hospital,11.01,Barnet Hospital,0.37,Queen Charlottes',14.62
EN52RW,51.645553,-0.212625,North,Barnet Hospital,0.6,Royal Free Hospital,10.77,Barnet Hospital,0.6,Queen Charlottes',14.39
EN52RX,51.643241,-0.171119,North,Barnet Hospital,3.15,Royal Free Hospital,10.02,Barnet Hospital,3.15,UCH (University College),13.4
EN52RY,51.652019,-0.209711,North,Barnet Hospital,0.41,Royal Free Hospital,11.41,Barnet Hospital,0.41,UCH (University College),15.05
EN52RZ,51.646205,-0.211718,North,Barnet Hospital,0.55,Royal Free Hospital,10.83,Barnet Hospital,0.55,Queen Charlottes',14.47
EN52SA,51.652323,-0.210769,North,Barnet Hospital,0.35,Royal Free Hospital,11.46,Barnet Hospital,0.35,UCH (University College),15.11
EN52SB,51.652054,-0.210779,North,Barnet Hospital,0.34,Royal Free Hospital,11.43,Barnet Hospital,0.34,UCH (University College),15.08
EN52SD,51.65185,-0.210426,North,Barnet Hospital,0.35,Royal Free Hospital,11.4,Barnet Hospital,0.35,UCH (University College),15.05
EN52SE,51.652449,-0.208971,North,Barnet Hospital,0.47,Royal Free Hospital,11.44,Barnet Hospital,0.47,UCH (University College),15.08
EN52SF,51.651359,-0.209462,North,Barnet Hospital,0.4,Royal Free Hospital,11.33,Barnet Hospital,0.4,UCH (University College),14.98
EN52SG,51.650869,-0.210334,North,Barnet Hospital,0.34,Royal Free Hospital,11.3,Barnet Hospital,0.34,UCH (University College),14.95
EN52SH,51.650818,-0.211117,North,Barnet Hospital,0.28,Royal Free Hospital,11.3,Barnet Hospital,0.28,UCH (University College),14.96
EN52SJ,51.649121,-0.213048,North,Barnet Hospital,0.23,Royal Free Hospital,11.16,Barnet Hospital,0.23,Queen Charlottes',14.78
EN52SL,51.647443,-0.215066,North,Barnet Hospital,0.36,Royal Free Hospital,11.03,Barnet Hospital,0.36,Queen Charlottes',14.58
EN52SN,51.649677,-0.210627,North,Barnet Hospital,0.34,Royal Free Hospital,11.17,Barnet Hospital,0.34,UCH (University College),14.83
EN52SP,51.649012,-0.211824,North,Barnet Hospital,0.3,Royal Free Hospital,11.13,Barnet Hospital,0.3,Queen Charlottes',14.78
EN52SQ,51.650492,-0.211578,North,Barnet Hospital,0.25,Royal Free Hospital,11.28,Barnet Hospital,0.25,Queen Charlottes',14.94
EN52SR,51.651092,-0.210846,North,Barnet Hospital,0.3,Royal Free Hospital,11.33,Barnet Hospital,0.3,UCH (University College),14.98
EN52SS,51.648773,-0.210316,North,Barnet Hospital,0.4,Royal Free Hospital,11.07,Barnet Hospital,0.4,UCH (University College),14.73
EN52ST,51.649217,-0.212293,North,Barnet Hospital,0.26,Royal Free Hospital,11.16,Barnet Hospital,0.26,Queen Charlottes',14.8
EN52SU,51.64859,-0.212433,North,Barnet Hospital,0.3,Royal Free Hospital,11.09,Barnet Hospital,0.3,Queen Charlottes',14.72
EN52SW,51.648406,-0.209795,North,Barnet Hospital,0.45,Royal Free Hospital,11.02,Barnet Hospital,0.45,UCH (University College),14.68
EN52SX,51.648252,-0.212692,North,Barnet Hospital,0.32,Royal Free Hospital,11.06,Barnet Hospital,0.32,Queen Charlottes',14.69
EN52SY,51.647877,-0.214022,North,Barnet Hospital,0.32,Royal Free Hospital,11.05,Barnet Hospital,0.32,Queen Charlottes',14.63
EN52SZ,51.646136,-0.204233,North,Barnet Hospital,0.91,Royal Free Hospital,10.68,Barnet Hospital,0.91,UCH (University College),14.31
EN52TA,51.647118,-0.213792,North,Barnet Hospital,0.41,Royal Free Hospital,10.97,Barnet Hospital,0.41,Queen Charlottes',14.55
EN52TB,51.647045,-0.214893,North,Barnet Hospital,0.41,Royal Free Hospital,10.98,Barnet Hospital,0.41,Queen Charlottes',14.54
EN52TD,51.650783,-0.211783,North,Barnet Hospital,0.24,Royal Free Hospital,11.31,Barnet Hospital,0.24,Queen Charlottes',14.97
EN52TE,51.650421,-0.210468,North,Barnet Hospital,0.33,Royal Free Hospital,11.25,Barnet Hospital,0.33,UCH (University College),14.9
EN52TF,51.650666,-0.210617,North,Barnet Hospital,0.32,Royal Free Hospital,11.28,Barnet Hospital,0.32,UCH (University College),14.93
EN52TG,51.644852,-0.194975,North,Barnet Hospital,1.54,Royal Free Hospital,10.39,Barnet Hospital,1.54,UCH (University College),13.97
EN52TH,51.651084,-0.207955,North,Barnet Hospital,0.5,Royal Free Hospital,11.27,Barnet Hospital,0.5,UCH (University College),14.91
EN52TJ,51.648964,-0.207504,North,Barnet Hospital,0.56,Royal Free Hospital,11.04,Barnet Hospital,0.56,UCH (University College),14.68
EN52TL,51.650901,-0.208902,North,Barnet Hospital,0.44,Royal Free Hospital,11.27,Barnet Hospital,0.44,UCH (University College),14.92
EN52TN,51.651702,-0.208364,North,Barnet Hospital,0.48,Royal Free Hospital,11.35,Barnet Hospital,0.48,UCH (University College),14.99
EN52TP,51.645971,-0.194064,North,Barnet Hospital,1.55,Royal Free Hospital,10.5,Barnet Hospital,1.55,UCH (University College),14.07
EN52TQ,51.651421,-0.210558,North,Barnet Hospital,0.33,Royal Free Hospital,11.36,Barnet Hospital,0.33,UCH (University College),15.01
EN52TR,51.65219,-0.207362,North,Barnet Hospital,0.57,Royal Free Hospital,11.38,Barnet Hospital,0.57,UCH (University College),15.02
EN52TS,51.645449,-0.196397,North,Barnet Hospital,1.42,Royal Free Hospital,10.48,Barnet Hospital,1.42,UCH (University College),14.07
EN52TT,51.645011,-0.197166,North,Barnet Hospital,1.4,Royal Free Hospital,10.44,Barnet Hospital,1.4,UCH (University College),14.04
EN52TU,51.645102,-0.197799,North,Barnet Hospital,1.35,Royal Free Hospital,10.46,Barnet Hospital,1.35,UCH (University College),14.06
EN52TW,51.650005,-0.207376,North,Barnet Hospital,0.55,Royal Free Hospital,11.15,Barnet Hospital,0.55,UCH (University College),14.79
EN52TX,51.644683,-0.196269,North,Barnet Hospital,1.47,Royal Free Hospital,10.39,Barnet Hospital,1.47,UCH (University College),13.98
EN52TY,51.644321,-0.196745,North,Barnet Hospital,1.46,Royal Free Hospital,10.36,Barnet Hospital,1.46,UCH (University College),13.95
EN52TZ,51.644394,-0.197379,North,Barnet Hospital,1.42,Royal Free Hospital,10.38,Barnet Hospital,1.42,UCH (University College),13.97
EN52UA,51.643467,-0.194987,North,Barnet Hospital,1.61,Royal Free Hospital,10.24,Barnet Hospital,1.61,UCH (University College),13.83
EN52UB,51.643018,-0.196205,North,Barnet Hospital,1.56,Royal Free Hospital,10.21,Barnet Hospital,1.56,UCH (University College),13.8
EN52UD,51.643563,-0.196573,North,Barnet Hospital,1.51,Royal Free Hospital,10.28,Barnet Hospital,1.51,UCH (University College),13.87
EN52UE,51.643239,-0.198306,North,Barnet Hospital,1.43,Royal Free Hospital,10.27,Barnet Hospital,1.43,UCH (University College),13.87
EN52UF,51.643039,-0.199918,North,Barnet Hospital,1.36,Royal Free Hospital,10.27,Barnet Hospital,1.36,UCH (University College),13.89
EN52UG,51.64459,-0.199582,North,Barnet Hospital,1.27,Royal Free Hospital,10.43,Barnet Hospital,1.27,UCH (University College),14.04
EN52UH,51.644317,-0.198234,North,Barnet Hospital,1.37,Royal Free Hospital,10.38,Barnet Hospital,1.37,UCH (University College),13.99
EN52UJ,51.645288,-0.198803,North,Barnet Hospital,1.28,Royal Free Hospital,10.5,Barnet Hospital,1.28,UCH (University College),14.1
EN52UL,51.643282,-0.200501,North,Barnet Hospital,1.31,Royal Free Hospital,10.31,Barnet Hospital,1.31,UCH (University College),13.93
EN52UN,51.644349,-0.195024,North,Barnet Hospital,1.56,Royal Free Hospital,10.34,Barnet Hospital,1.56,UCH (University College),13.92
EN52UP,51.643252,-0.200878,North,Barnet Hospital,1.29,Royal Free Hospital,10.31,Barnet Hospital,1.29,UCH (University College),13.93
EN52UQ,51.644137,-0.198805,North,Barnet Hospital,1.35,Royal Free Hospital,10.37,Barnet Hospital,1.35,UCH (University College),13.98
EN52UR,51.648665,-0.216174,North,Barnet Hospital,0.24,Royal Free Hospital,11.18,Barnet Hospital,0.24,Queen Charlottes',14.71
EN52US,51.650066,-0.211349,North,Barnet Hospital,0.27,Royal Free Hospital,11.23,Barnet Hospital,0.27,UCH (University College),14.89
EN52UT,51.643862,-0.201374,North,Barnet Hospital,1.22,Royal Free Hospital,10.38,Barnet Hospital,1.22,UCH (University College),14.01
EN52UU,51.643056,-0.200452,North,Barnet Hospital,1.33,Royal Free Hospital,10.28,Barnet Hospital,1.33,UCH (University College),13.9
EN52UW,51.646392,-0.206304,North,Barnet Hospital,0.78,Royal Free Hospital,10.74,Barnet Hospital,0.78,UCH (University College),14.39
EN52UY,51.645582,-0.212118,North,Barnet Hospital,0.61,Royal Free Hospital,10.77,Barnet Hospital,0.61,Queen Charlottes',14.4
EN52WA,51.643015,-0.171013,North,Barnet Hospital,3.17,Royal Free Hospital,9.99,Barnet Hospital,3.17,UCH (University College),13.38
EN52WB,51.643241,-0.171119,North,Barnet Hospital,3.15,Royal Free Hospital,10.02,Barnet Hospital,3.15,UCH (University College),13.4
EN52WD,51.643241,-0.171119,North,Barnet Hospital,3.15,Royal Free Hospital,10.02,Barnet Hospital,3.15,UCH (University College),13.4
EN52WE,51.643241,-0.171119,North,Barnet Hospital,3.15,Royal Free Hospital,10.02,Barnet Hospital,3.15,UCH (University College),13.4
EN52WF,51.643897,-0.201358,North,Barnet Hospital,1.22,Royal Free Hospital,10.39,Barnet Hospital,1.22,UCH (University College),14.01
EN52WG,51.643897,-0.201358,North,Barnet Hospital,1.22,Royal Free Hospital,10.39,Barnet Hospital,1.22,UCH (University College),14.01
EN52WJ,51.643897,-0.201358,North,Barnet Hospital,1.22,Royal Free Hospital,10.39,Barnet Hospital,1.22,UCH (University College),14.01
EN52WQ,51.643241,-0.171119,North,Barnet Hospital,3.15,Royal Free Hospital,10.02,Barnet Hospital,3.15,UCH (University College),13.4
EN52WR,51.643241,-0.171119,North,Barnet Hospital,3.15,Royal Free Hospital,10.02,Barnet Hospital,3.15,UCH (University College),13.4
EN52WS,51.643241,-0.171119,North,Barnet Hospital,3.15,Royal Free Hospital,10.02,Barnet Hospital,3.15,UCH (University College),13.4
EN52WT,51.643241,-0.171119,North,Barnet Hospital,3.15,Royal Free Hospital,10.02,Barnet Hospital,3.15,UCH (University College),13.4
EN52WU,51.643241,-0.171119,North,Barnet Hospital,3.15,Royal Free Hospital,10.02,Barnet Hospital,3.15,UCH (University College),13.4
EN52WW,51.643241,-0.171119,North,Barnet Hospital,3.15,Royal Free Hospital,10.02,Barnet Hospital,3.15,UCH (University College),13.4
EN52WX,51.643241,-0.171119,North,Barnet Hospital,3.15,Royal Free Hospital,10.02,Barnet Hospital,3.15,UCH (University College),13.4
EN52WY,51.643897,-0.201358,North,Barnet Hospital,1.22,Royal Free Hospital,10.39,Barnet Hospital,1.22,UCH (University College),14.01
EN52WZ,51.643241,-0.171119,North,Barnet Hospital,3.15,Royal Free Hospital,10.02,Barnet Hospital,3.15,UCH (University College),13.4
EN52XA,51.644665,-0.202138,North,Barnet Hospital,1.12,Royal Free Hospital,10.48,Barnet Hospital,1.12,UCH (University College),14.11
EN52XB,51.646136,-0.204233,North,Barnet Hospital,0.91,Royal Free Hospital,10.68,Barnet Hospital,0.91,UCH (University College),14.31
EN52XD,51.644551,-0.203486,North,Barnet Hospital,1.06,Royal Free Hospital,10.49,Barnet Hospital,1.06,UCH (University College),14.13
EN52XE,51.644551,-0.203486,North,Barnet Hospital,1.06,Royal Free Hospital,10.49,Barnet Hospital,1.06,UCH (University College),14.13
EN52XF,51.646136,-0.204233,North,Barnet Hospital,0.91,Royal Free Hospital,10.68,Barnet Hospital,0.91,UCH (University College),14.31
EN52XG,51.643015,-0.171013,North,Barnet Hospital,3.17,Royal Free Hospital,9.99,Barnet Hospital,3.17,UCH (University College),13.38
EN52XH,51.646136,-0.204233,North,Barnet Hospital,0.91,Royal Free Hospital,10.68,Barnet Hospital,0.91,UCH (University College),14.31
EN52XQ,51.644673,-0.202079,North,Barnet Hospital,1.13,Royal Free Hospital,10.48,Barnet Hospital,1.13,UCH (University College),14.11
EN52XR,51.643241,-0.171119,North,Barnet Hospital,3.15,Royal Free Hospital,10.02,Barnet Hospital,3.15,UCH (University College),13.4
EN52XZ,51.643015,-0.171013,North,Barnet Hospital,3.17,Royal Free Hospital,9.99,Barnet Hospital,3.17,UCH (University College),13.38
EN52YJ,51.643241,-0.171119,North,Barnet Hospital,3.15,Royal Free Hospital,10.02,Barnet Hospital,3.15,UCH (University College),13.4
EN52YL,51.643241,-0.171119,North,Barnet Hospital,3.15,Royal Free Hospital,10.02,Barnet Hospital,3.15,UCH (University College),13.4
EN52YN,51.646137,-0.204305,North,Barnet Hospital,0.91,Royal Free Hospital,10.68,Barnet Hospital,0.91,UCH (University College),14.31
EN52YP,51.643241,-0.171119,North,Barnet Hospital,3.15,Royal Free Hospital,10.02,Barnet Hospital,3.15,UCH (University College),13.4
EN52YQ,51.643241,-0.171119,North,Barnet Hospital,3.15,Royal Free Hospital,10.02,Barnet Hospital,3.15,UCH (University College),13.4
EN52YR,51.643241,-0.171119,North,Barnet Hospital,3.15,Royal Free Hospital,10.02,Barnet Hospital,3.15,UCH (University College),13.4
EN52YS,51.643241,-0.171119,North,Barnet Hospital,3.15,Royal Free Hospital,10.02,Barnet Hospital,3.15,UCH (University College),13.4
EN52YU,51.643241,-0.171119,North,Barnet Hospital,3.15,Royal Free Hospital,10.02,Barnet Hospital,3.15,UCH (University College),13.4
EN52YW,51.643015,-0.171013,North,Barnet Hospital,3.17,Royal Free Hospital,9.99,Barnet Hospital,3.17,UCH (University College),13.38
EN52YX,51.643241,-0.171119,North,Barnet Hospital,3.15,Royal Free Hospital,10.02,Barnet Hospital,3.15,UCH (University College),13.4
EN52YY,51.643241,-0.171119,North,Barnet Hospital,3.15,Royal Free Hospital,10.02,Barnet Hospital,3.15,UCH (University College),13.4
EN52YZ,51.643241,-0.171119,North,Barnet Hospital,3.15,Royal Free Hospital,10.02,Barnet Hospital,3.15,UCH (University College),13.4
EN52ZD,51.646136,-0.204233,North,Barnet Hospital,0.91,Royal Free Hospital,10.68,Barnet Hospital,0.91,UCH (University College),14.31
EN52ZE,51.643241,-0.171119,North,Barnet Hospital,3.15,Royal Free Hospital,10.02,Barnet Hospital,3.15,UCH (University College),13.4
EN52ZF,51.646136,-0.204233,North,Barnet Hospital,0.91,Royal Free Hospital,10.68,Barnet Hospital,0.91,UCH (University College),14.31
EN52ZG,51.646136,-0.204233,North,Barnet Hospital,0.91,Royal Free Hospital,10.68,Barnet Hospital,0.91,UCH (University College),14.31
EN52ZH,51.646137,-0.204305,North,Barnet Hospital,0.91,Royal Free Hospital,10.68,Barnet Hospital,0.91,UCH (University College),14.31
EN52ZJ,51.644551,-0.203486,North,Barnet Hospital,1.06,Royal Free Hospital,10.49,Barnet Hospital,1.06,UCH (University College),14.13
EN52ZL,51.644551,-0.203486,North,Barnet Hospital,1.06,Royal Free Hospital,10.49,Barnet Hospital,1.06,UCH (University College),14.13
EN52ZN,51.644551,-0.203486,North,Barnet Hospital,1.06,Royal Free Hospital,10.49,Barnet Hospital,1.06,UCH (University College),14.13
EN52ZP,51.643015,-0.171013,North,Barnet Hospital,3.17,Royal Free Hospital,9.99,Barnet Hospital,3.17,UCH (University College),13.38
EN52ZQ,51.643241,-0.171119,North,Barnet Hospital,3.15,Royal Free Hospital,10.02,Barnet Hospital,3.15,UCH (University College),13.4
EN52ZR,51.643241,-0.171119,North,Barnet Hospital,3.15,Royal Free Hospital,10.02,Barnet Hospital,3.15,UCH (University College),13.4
EN52ZS,51.646137,-0.204305,North,Barnet Hospital,0.91,Royal Free Hospital,10.68,Barnet Hospital,0.91,UCH (University College),14.31
EN52ZT,51.643241,-0.171119,North,Barnet Hospital,3.15,Royal Free Hospital,10.02,Barnet Hospital,3.15,UCH (University College),13.4
EN52ZU,51.643241,-0.171119,North,Barnet Hospital,3.15,Royal Free Hospital,10.02,Barnet Hospital,3.15,UCH (University College),13.4
EN52ZW,51.643241,-0.171119,North,Barnet Hospital,3.15,Royal Free Hospital,10.02,Barnet Hospital,3.15,UCH (University College),13.4
EN52ZX,51.646136,-0.204233,North,Barnet Hospital,0.91,Royal Free Hospital,10.68,Barnet Hospital,0.91,UCH (University College),14.31
EN52ZY,51.643241,-0.171119,North,Barnet Hospital,3.15,Royal Free Hospital,10.02,Barnet Hospital,3.15,UCH (University College),13.4
EN52ZZ,51.643241,-0.171119,North,Barnet Hospital,3.15,Royal Free Hospital,10.02,Barnet Hospital,3.15,UCH (University College),13.4
EN53AA,51.6462,-0.221445,North,Barnet Hospital,0.66,Royal Free Hospital,11.04,Barnet Hospital,0.66,Queen Charlottes',14.4
EN53AB,51.646496,-0.222027,North,Barnet Hospital,0.66,Royal Free Hospital,11.09,Barnet Hospital,0.66,Queen Charlottes',14.43
EN53AD,51.647197,-0.221363,North,Barnet Hospital,0.58,Royal Free Hospital,11.14,Barnet Hospital,0.58,Queen Charlottes',14.51
EN53AE,51.647086,-0.219965,North,Barnet Hospital,0.52,Royal Free Hospital,11.1,Barnet Hospital,0.52,Queen Charlottes',14.51
EN53AF,51.647322,-0.226692,North,Barnet Hospital,0.88,Royal Free Hospital,11.29,Barnet Hospital,0.88,Queen Charlottes',14.51
EN53AG,51.646657,-0.220763,North,Barnet Hospital,0.59,Royal Free Hospital,11.07,Barnet Hospital,0.59,Queen Charlottes',14.46
EN53AH,51.647673,-0.220159,North,Barnet Hospital,0.48,Royal Free Hospital,11.17,Barnet Hospital,0.48,Queen Charlottes',14.57
EN53AJ,51.648253,-0.220483,North,Barnet Hospital,0.45,Royal Free Hospital,11.23,Barnet Hospital,0.45,Queen Charlottes',14.64
EN53AL,51.647877,-0.221177,North,Barnet Hospital,0.52,Royal Free Hospital,11.21,Barnet Hospital,0.52,Queen Charlottes',14.59
EN53AN,51.647566,-0.221378,North,Barnet Hospital,0.55,Royal Free Hospital,11.18,Barnet Hospital,0.55,Queen Charlottes',14.55
EN53AP,51.647635,-0.222372,North,Barnet Hospital,0.6,Royal Free Hospital,11.21,Barnet Hospital,0.6,Queen Charlottes',14.56
EN53AQ,51.647368,-0.226734,North,Barnet Hospital,0.88,Royal Free Hospital,11.3,Barnet Hospital,0.88,Queen Charlottes',14.51
EN53AR,51.647368,-0.226734,North,Barnet Hospital,0.88,Royal Free Hospital,11.3,Barnet Hospital,0.88,Queen Charlottes',14.51
EN53AS,51.646862,-0.222446,North,Barnet Hospital,0.66,Royal Free Hospital,11.14,Barnet Hospital,0.66,Queen Charlottes',14.47
EN53AT,51.646876,-0.222778,North,Barnet Hospital,0.67,Royal Free Hospital,11.14,Barnet Hospital,0.67,Queen Charlottes',14.47
EN53AU,51.646936,-0.22318,North,Barnet Hospital,0.69,Royal Free Hospital,11.16,Barnet Hospital,0.69,Queen Charlottes',14.48
EN53AW,51.648016,-0.221432,North,Barnet Hospital,0.52,Royal Free Hospital,11.23,Barnet Hospital,0.52,Queen Charlottes',14.6
EN53AX,51.647516,-0.223432,North,Barnet Hospital,0.67,Royal Free Hospital,11.23,Barnet Hospital,0.67,Queen Charlottes',14.54
EN53AY,51.64761,-0.224281,North,Barnet Hospital,0.71,Royal Free Hospital,11.26,Barnet Hospital,0.71,Queen Charlottes',14.55
EN53AZ,51.648797,-0.223107,North,Barnet Hospital,0.59,Royal Free Hospital,11.35,Barnet Hospital,0.59,Queen Charlottes',14.68
EN53BA,51.649821,-0.220682,North,Barnet Hospital,0.39,Royal Free Hospital,11.4,Barnet Hospital,0.39,Queen Charlottes',14.81
EN53BB,51.649355,-0.22018,North,Barnet Hospital,0.37,Royal Free Hospital,11.34,Barnet Hospital,0.37,Queen Charlottes',14.76
EN53BD,51.648488,-0.222874,North,Barnet Hospital,0.58,Royal Free Hospital,11.31,Barnet Hospital,0.58,Queen Charlottes',14.65
EN53BE,51.648833,-0.225491,North,Barnet Hospital,0.74,Royal Free Hospital,11.42,Barnet Hospital,0.74,Queen Charlottes',14.68
EN53BF,51.647386,-0.239887,North,Barnet Hospital,1.74,Royal Free Hospital,11.67,Barnet Hospital,1.74,Queen Charlottes',14.5
EN53BG,51.647685,-0.240034,North,Barnet Hospital,1.75,Royal Free Hospital,11.7,Barnet Hospital,1.75,Queen Charlottes',14.53
EN53BH,51.648495,-0.231127,North,Barnet Hospital,1.13,Royal Free Hospital,11.53,Barnet Hospital,1.13,Queen Charlottes',14.63
EN53BJ,51.646656,-0.223639,North,Barnet Hospital,0.74,Royal Free Hospital,11.14,Barnet Hospital,0.74,Queen Charlottes',14.44
EN53BL,51.645167,-0.222107,North,Barnet Hospital,0.78,Royal Free Hospital,10.95,Barnet Hospital,0.78,Queen Charlottes',14.29
EN53BN,51.645812,-0.221359,North,Barnet Hospital,0.69,Royal Free Hospital,11.0,Barnet Hospital,0.69,Queen Charlottes',14.36
EN53BP,51.645797,-0.222748,North,Barnet Hospital,0.75,Royal Free Hospital,11.03,Barnet Hospital,0.75,Queen Charlottes',14.35
EN53BQ,51.651257,-0.218718,North,Barnet Hospital,0.25,Royal Free Hospital,11.51,Barnet Hospital,0.25,Queen Charlottes',14.98
EN53BS,51.645416,-0.223717,North,Barnet Hospital,0.83,Royal Free Hospital,11.02,Barnet Hospital,0.83,Queen Charlottes',14.31
EN53BT,51.6457,-0.224067,North,Barnet Hospital,0.83,Royal Free Hospital,11.05,Barnet Hospital,0.83,Queen Charlottes',14.34
EN53BU,51.646578,-0.224423,North,Barnet Hospital,0.78,Royal Free Hospital,11.15,Barnet Hospital,0.78,Queen Charlottes',14.43
EN53BW,51.646535,-0.223369,North,Barnet Hospital,0.73,Royal Free Hospital,11.12,Barnet Hospital,0.73,Queen Charlottes',14.43
EN53BX,51.646367,-0.22537,North,Barnet Hospital,0.85,Royal Free Hospital,11.16,Barnet Hospital,0.85,Queen Charlottes',14.4
EN53BY,51.64686,-0.225828,North,Barnet Hospital,0.85,Royal Free Hospital,11.22,Barnet Hospital,0.85,Queen Charlottes',14.46
EN53BZ,51.647306,-0.22503,North,Barnet Hospital,0.78,Royal Free Hospital,11.25,Barnet Hospital,0.78,Queen Charlottes',14.51
EN53DA,51.648362,-0.225842,North,Barnet Hospital,0.78,Royal Free Hospital,11.38,Barnet Hospital,0.78,Queen Charlottes',14.62
EN53DB,51.647661,-0.226491,North,Barnet Hospital,0.85,Royal Free Hospital,11.32,Barnet Hospital,0.85,Queen Charlottes',14.54
EN53DD,51.650885,-0.219079,North,Barnet Hospital,0.27,Royal Free Hospital,11.48,Barnet Hospital,0.27,Queen Charlottes',14.93
EN53DE,51.65174,-0.222718,North,Barnet Hospital,0.53,Royal Free Hospital,11.65,Barnet Hospital,0.53,Queen Charlottes',15.01
EN53DG,51.65057,-0.217863,North,Barnet Hospital,0.18,Royal Free Hospital,11.42,Barnet Hospital,0.18,Queen Charlottes',14.91
EN53DH,51.652676,-0.212085,North,Barnet Hospital,0.31,Royal Free Hospital,11.52,Barnet Hospital,0.31,Queen Charlottes',15.18
EN53DJ,51.650646,-0.214622,North,Barnet Hospital,0.04,Royal Free Hospital,11.36,Barnet Hospital,0.04,Queen Charlottes',14.94
EN53DL,51.652571,-0.212291,North,Barnet Hospital,0.29,Royal Free Hospital,11.51,Barnet Hospital,0.29,Queen Charlottes',15.17
EN53DN,51.650272,-0.214825,North,Barnet Hospital,0.05,Royal Free Hospital,11.32,Barnet Hospital,0.05,Queen Charlottes',14.89
EN53DP,51.649448,-0.218008,North,Barnet Hospital,0.24,Royal Free Hospital,11.3,Barnet Hospital,0.24,Queen Charlottes',14.78
EN53DQ,51.650209,-0.218369,North,Barnet Hospital,0.23,Royal Free Hospital,11.39,Barnet Hospital,0.23,Queen Charlottes',14.86
EN53DS,51.650445,-0.219154,North,Barnet Hospital,0.27,Royal Free Hospital,11.43,Barnet Hospital,0.27,Queen Charlottes',14.89
EN53DT,51.64794,-0.228301,North,Barnet Hospital,0.95,Royal Free Hospital,11.4,Barnet Hospital,0.95,Queen Charlottes',14.57
EN53DU,51.650091,-0.219486,North,Barnet Hospital,0.3,Royal Free Hospital,11.4,Barnet Hospital,0.3,Queen Charlottes',14.84
EN53DW,51.649294,-0.217335,North,Barnet Hospital,0.21,Royal Free Hospital,11.27,Barnet Hospital,0.21,Queen Charlottes',14.77
EN53DX,51.648848,-0.218191,North,Barnet Hospital,0.29,Royal Free Hospital,11.24,Barnet Hospital,0.29,Queen Charlottes',14.71
EN53DY,51.647929,-0.21866,North,Barnet Hospital,0.39,Royal Free Hospital,11.16,Barnet Hospital,0.39,Queen Charlottes',14.61
EN53DZ,51.6487,-0.219064,North,Barnet Hospital,0.35,Royal Free Hospital,11.25,Barnet Hospital,0.35,Queen Charlottes',14.69
EN53EA,51.648278,-0.219702,North,Barnet Hospital,0.41,Royal Free Hospital,11.22,Barnet Hospital,0.41,Queen Charlottes',14.64
EN53EB,51.646674,-0.21829,North,Barnet Hospital,0.5,Royal Free Hospital,11.02,Barnet Hospital,0.5,Queen Charlottes',14.47
EN53ED,51.647095,-0.218202,North,Barnet Hospital,0.45,Royal Free Hospital,11.06,Barnet Hospital,0.45,Queen Charlottes',14.52
EN53EE,51.647693,-0.217354,North,Barnet Hospital,0.37,Royal Free Hospital,11.1,Barnet Hospital,0.37,Queen Charlottes',14.59
EN53EF,51.647946,-0.216809,North,Barnet Hospital,0.33,Royal Free Hospital,11.12,Barnet Hospital,0.33,Queen Charlottes',14.62
EN53EG,51.648182,-0.216395,North,Barnet Hospital,0.29,Royal Free Hospital,11.13,Barnet Hospital,0.29,Queen Charlottes',14.65
EN53EL,51.643504,-0.238895,North,Barnet Hospital,1.82,Royal Free Hospital,11.25,Barnet Hospital,1.82,Queen Charlottes',14.07
EN53EN,51.642795,-0.240773,North,Barnet Hospital,1.97,Royal Free Hospital,11.24,Barnet Hospital,1.97,Queen Charlottes',13.99
EN53EP,51.652033,-0.220697,North,Barnet Hospital,0.41,Royal Free Hospital,11.63,Barnet Hospital,0.41,Queen Charlottes',15.05
EN53EQ,51.646888,-0.216432,North,Barnet Hospital,0.43,Royal Free Hospital,11.0,Barnet Hospital,0.43,Queen Charlottes',14.51
EN53ER,51.651697,-0.22165,North,Barnet Hospital,0.46,Royal Free Hospital,11.62,Barnet Hospital,0.46,Queen Charlottes',15.01
EN53ES,51.651352,-0.221446,North,Barnet Hospital,0.44,Royal Free Hospital,11.58,Barnet Hospital,0.44,Queen Charlottes',14.97
EN53ET,51.650673,-0.222875,North,Barnet Hospital,0.53,Royal Free Hospital,11.54,Barnet Hospital,0.53,Queen Charlottes',14.89
EN53EU,51.650729,-0.222425,North,Barnet Hospital,0.5,Royal Free Hospital,11.54,Barnet Hospital,0.5,Queen Charlottes',14.9
EN53EW,51.651389,-0.222645,North,Barnet Hospital,0.52,Royal Free Hospital,11.61,Barnet Hospital,0.52,Queen Charlottes',14.97
EN53EX,51.650871,-0.22294,North,Barnet Hospital,0.53,Royal Free Hospital,11.56,Barnet Hospital,0.53,Queen Charlottes',14.91
EN53EY,51.65037,-0.22306,North,Barnet Hospital,0.54,Royal Free Hospital,11.52,Barnet Hospital,0.54,Queen Charlottes',14.86
EN53EZ,51.651198,-0.223693,North,Barnet Hospital,0.59,Royal Free Hospital,11.62,Barnet Hospital,0.59,Queen Charlottes',14.95
EN53FN,51.643241,-0.171119,North,Barnet Hospital,3.15,Royal Free Hospital,10.02,Barnet Hospital,3.15,UCH (University College),13.4
EN53GH,51.650272,-0.224943,North,Barnet Hospital,0.67,Royal Free Hospital,11.55,Barnet Hospital,0.67,Queen Charlottes',14.84
EN53HA,51.650041,-0.226326,North,Barnet Hospital,0.77,Royal Free Hospital,11.56,Barnet Hospital,0.77,Queen Charlottes',14.81
EN53HB,51.649955,-0.222961,North,Barnet Hospital,0.54,Royal Free Hospital,11.47,Barnet Hospital,0.54,Queen Charlottes',14.81
EN53HD,51.651867,-0.219793,North,Barnet Hospital,0.34,Royal Free Hospital,11.6,Barnet Hospital,0.34,Queen Charlottes',15.04
EN53HE,51.650542,-0.224933,North,Barnet Hospital,0.67,Royal Free Hospital,11.58,Barnet Hospital,0.67,Queen Charlottes',14.87
EN53HF,51.647368,-0.226734,North,Barnet Hospital,0.88,Royal Free Hospital,11.3,Barnet Hospital,0.88,Queen Charlottes',14.51
EN53HG,51.647368,-0.226734,North,Barnet Hospital,0.88,Royal Free Hospital,11.3,Barnet Hospital,0.88,Queen Charlottes',14.51
EN53HH,51.647976,-0.233648,North,Barnet Hospital,1.31,Royal Free Hospital,11.54,Barnet Hospital,1.31,Queen Charlottes',14.57
EN53HJ,51.647189,-0.235139,North,Barnet Hospital,1.43,Royal Free Hospital,11.51,Barnet Hospital,1.43,Queen Charlottes',14.48
EN53HL,51.647663,-0.238575,North,Barnet Hospital,1.65,Royal Free Hospital,11.66,Barnet Hospital,1.65,Queen Charlottes',14.53
EN53HN,51.648607,-0.24153,North,Barnet Hospital,1.83,Royal Free Hospital,11.84,Barnet Hospital,1.83,Queen Charlottes',14.64
EN53HP,51.649642,-0.240999,North,Barnet Hospital,1.78,Royal Free Hospital,11.93,Barnet Hospital,1.78,Queen Charlottes',14.75
EN53HQ,51.645383,-0.238273,North,Barnet Hospital,1.7,Royal Free Hospital,11.42,Barnet Hospital,1.7,Queen Charlottes',14.28
EN53HR,51.647256,-0.239617,North,Barnet Hospital,1.73,Royal Free Hospital,11.65,Barnet Hospital,1.73,Queen Charlottes',14.49
EN53HS,51.648907,-0.241793,North,Barnet Hospital,1.85,Royal Free Hospital,11.88,Barnet Hospital,1.85,Queen Charlottes',14.67
EN53HT,51.644383,-0.239295,North,Barnet Hospital,1.8,Royal Free Hospital,11.35,Barnet Hospital,1.8,Queen Charlottes',14.17
EN53HU,51.644127,-0.240822,North,Barnet Hospital,1.91,Royal Free Hospital,11.37,Barnet Hospital,1.91,Queen Charlottes',14.14
EN53HW,51.654352,-0.245096,North,Barnet Hospital,2.1,Royal Free Hospital,12.52,Barnet Hospital,2.1,Queen Charlottes',15.28
EN53HX,51.64411,-0.240302,North,Barnet Hospital,1.88,Royal Free Hospital,11.36,Barnet Hospital,1.88,Queen Charlottes',14.14
EN53HY,51.640661,-0.244772,North,Barnet Hospital,2.33,Royal Free Hospital,11.16,Barnet Hospital,2.33,Queen Charlottes',13.76
EN53HZ,51.640257,-0.247808,North,Barnet Hospital,2.53,Royal Free Hospital,11.23,Barnet Hospital,2.53,Queen Charlottes',13.73
EN53JA,51.640368,-0.247457,North,Barnet Hospital,2.5,Royal Free Hospital,11.23,Barnet Hospital,2.5,Queen Charlottes',13.74
EN53JB,51.639858,-0.251234,North,Barnet Hospital,2.76,Royal Free Hospital,11.31,Barnet Hospital,2.76,Queen Charlottes',13.7
EN53JD,51.641387,-0.245842,North,Barnet Hospital,2.35,Royal Free Hospital,11.27,Barnet Hospital,2.35,Queen Charlottes',13.85
EN53JF,51.64715,-0.231975,North,Barnet Hospital,1.22,Royal Free Hospital,11.41,Barnet Hospital,1.22,Queen Charlottes',14.48
EN53JG,51.642226,-0.254453,North,Barnet Hospital,2.87,Royal Free Hospital,11.65,Barnet Hospital,2.87,Queen Charlottes',13.98
EN53JH,51.641364,-0.253908,North,Barnet Hospital,2.87,Royal Free Hospital,11.55,Barnet Hospital,2.87,Queen Charlottes',13.88
EN53JJ,51.642336,-0.238926,North,Barnet Hospital,1.88,Royal Free Hospital,11.14,Barnet Hospital,1.88,Queen Charlottes',13.94
EN53JL,51.642623,-0.237672,North,Barnet Hospital,1.79,Royal Free Hospital,11.13,Barnet Hospital,1.79,Queen Charlottes',13.97
EN53JN,51.650905,-0.226971,North,Barnet Hospital,0.81,Royal Free Hospital,11.67,Barnet Hospital,0.81,Queen Charlottes',14.9
EN53JP,51.649881,-0.229368,North,Barnet Hospital,0.98,Royal Free Hospital,11.62,Barnet Hospital,0.98,Queen Charlottes',14.78
EN53JQ,51.641594,-0.253682,North,Barnet Hospital,2.84,Royal Free Hospital,11.57,Barnet Hospital,2.84,Queen Charlottes',13.91
EN53JR,51.652037,-0.23044,North,Barnet Hospital,1.06,Royal Free Hospital,11.87,Barnet Hospital,1.06,Queen Charlottes',15.02
EN53JS,51.648796,-0.228427,North,Barnet Hospital,0.94,Royal Free Hospital,11.49,Barnet Hospital,0.94,Queen Charlottes',14.67
EN53JT,51.648182,-0.229434,North,Barnet Hospital,1.02,Royal Free Hospital,11.45,Barnet Hospital,1.02,Queen Charlottes',14.59
EN53JU,51.647564,-0.230788,North,Barnet Hospital,1.13,Royal Free Hospital,11.42,Barnet Hospital,1.13,Queen Charlottes',14.52
EN53JW,51.651078,-0.228844,North,Barnet Hospital,0.94,Royal Free Hospital,11.73,Barnet Hospital,0.94,Queen Charlottes',14.92
EN53JX,51.645838,-0.234974,North,Barnet Hospital,1.47,Royal Free Hospital,11.37,Barnet Hospital,1.47,Queen Charlottes',14.33
EN53JY,51.645279,-0.234909,North,Barnet Hospital,1.49,Royal Free Hospital,11.31,Barnet Hospital,1.49,Queen Charlottes',14.26
EN53JZ,51.643961,-0.238791,North,Barnet Hospital,1.79,Royal Free Hospital,11.29,Barnet Hospital,1.79,Queen Charlottes',14.12
EN53LA,51.641956,-0.242395,North,Barnet Hospital,2.11,Royal Free Hospital,11.21,Barnet Hospital,2.11,Queen Charlottes',13.9
EN53LB,51.642062,-0.242882,North,Barnet Hospital,2.14,Royal Free Hospital,11.24,Barnet Hospital,2.14,Queen Charlottes',13.91
EN53LD,51.642631,-0.243005,North,Barnet Hospital,2.12,Royal Free Hospital,11.3,Barnet Hospital,2.12,Queen Charlottes',13.98
EN53LE,51.644031,-0.239814,North,Barnet Hospital,1.85,Royal Free Hospital,11.33,Barnet Hospital,1.85,Queen Charlottes',14.13
EN53LF,51.645332,-0.237249,North,Barnet Hospital,1.63,Royal Free Hospital,11.38,Barnet Hospital,1.63,Queen Charlottes',14.27
EN53LG,51.64547,-0.236824,North,Barnet Hospital,1.6,Royal Free Hospital,11.38,Barnet Hospital,1.6,Queen Charlottes',14.29
EN53LH,51.645867,-0.23571,North,Barnet Hospital,1.51,Royal Free Hospital,11.39,Barnet Hospital,1.51,Queen Charlottes',14.33
EN53LJ,51.646862,-0.234356,North,Barnet Hospital,1.39,Royal Free Hospital,11.45,Barnet Hospital,1.39,Queen Charlottes',14.44
EN53LL,51.648168,-0.231516,North,Barnet Hospital,1.16,Royal Free Hospital,11.51,Barnet Hospital,1.16,Queen Charlottes',14.59
EN53LN,51.649365,-0.230963,North,Barnet Hospital,1.1,Royal Free Hospital,11.61,Barnet Hospital,1.1,Queen Charlottes',14.72
EN53LP,51.648347,-0.227245,North,Barnet Hospital,0.87,Royal Free Hospital,11.41,Barnet Hospital,0.87,Queen Charlottes',14.62
EN53LQ,51.645791,-0.236046,North,Barnet Hospital,1.54,Royal Free Hospital,11.39,Barnet Hospital,1.54,Queen Charlottes',14.32
EN53LR,51.641139,-0.243034,North,Barnet Hospital,2.2,Royal Free Hospital,11.15,Barnet Hospital,2.2,Queen Charlottes',13.81
EN53LS,51.643241,-0.171119,North,Barnet Hospital,3.15,Royal Free Hospital,10.02,Barnet Hospital,3.15,UCH (University College),13.4
EN53LT,51.645808,-0.237823,North,Barnet Hospital,1.65,Royal Free Hospital,11.45,Barnet Hospital,1.65,Queen Charlottes',14.32
EN53LU,51.647605,-0.229904,North,Barnet Hospital,1.07,Royal Free Hospital,11.4,Barnet Hospital,1.07,Queen Charlottes',14.53
EN53LW,51.649295,-0.228711,North,Barnet Hospital,0.95,Royal Free Hospital,11.55,Barnet Hospital,0.95,Queen Charlottes',14.72
EN53LX,51.648738,-0.232289,North,Barnet Hospital,1.2,Royal Free Hospital,11.58,Barnet Hospital,1.2,Queen Charlottes',14.65
EN53LY,51.646067,-0.23709,North,Barnet Hospital,1.6,Royal Free Hospital,11.45,Barnet Hospital,1.6,Queen Charlottes',14.35
EN53LZ,51.649203,-0.1556,North,Barnet Hospital,4.12,Royal Free Hospital,10.7,Barnet Hospital,4.12,Homerton University,13.3
EN53NA,51.649227,-0.233137,North,Barnet Hospital,1.25,Royal Free Hospital,11.66,Barnet Hospital,1.25,Queen Charlottes',14.7
EN53NB,51.646268,-0.236085,North,Barnet Hospital,1.52,Royal Free Hospital,11.44,Barnet Hospital,1.52,Queen Charlottes',14.37
EN53ND,51.643241,-0.171119,North,Barnet Hospital,3.15,Royal Free Hospital,10.02,Barnet Hospital,3.15,UCH (University College),13.4
EN53NE,51.643241,-0.171119,North,Barnet Hospital,3.15,Royal Free Hospital,10.02,Barnet Hospital,3.15,UCH (University College),13.4
EN53NG,51.647368,-0.226734,North,Barnet Hospital,0.88,Royal Free Hospital,11.3,Barnet Hospital,0.88,Queen Charlottes',14.51
EN53NH,51.646122,-0.235946,North,Barnet Hospital,1.52,Royal Free Hospital,11.42,Barnet Hospital,1.52,Queen Charlottes',14.36
EN53NJ,51.643241,-0.171119,North,Barnet Hospital,3.15,Royal Free Hospital,10.02,Barnet Hospital,3.15,UCH (University College),13.4
EN53NQ,51.646122,-0.235946,North,Barnet Hospital,1.52,Royal Free Hospital,11.42,Barnet Hospital,1.52,Queen Charlottes',14.36
EN53WZ,51.643241,-0.171119,North,Barnet Hospital,3.15,Royal Free Hospital,10.02,Barnet Hospital,3.15,UCH (University College),13.4
EN53XN,51.643241,-0.171119,North,Barnet Hospital,3.15,Royal Free Hospital,10.02,Barnet Hospital,3.15,UCH (University College),13.4
EN53XQ,51.643015,-0.171013,North,Barnet Hospital,3.17,Royal Free Hospital,9.99,Barnet Hospital,3.17,UCH (University College),13.38
EN53XR,51.643241,-0.171119,North,Barnet Hospital,3.15,Royal Free Hospital,10.02,Barnet Hospital,3.15,UCH (University College),13.4
EN53XT,51.643241,-0.171119,North,Barnet Hospital,3.15,Royal Free Hospital,10.02,Barnet Hospital,3.15,UCH (University College),13.4
EN53XW,51.643241,-0.171119,North,Barnet Hospital,3.15,Royal Free Hospital,10.02,Barnet Hospital,3.15,UCH (University College),13.4
EN53XZ,51.643241,-0.171119,North,Barnet Hospital,3.15,Royal Free Hospital,10.02,Barnet Hospital,3.15,UCH (University College),13.4
EN53YQ,51.643241,-0.171119,North,Barnet Hospital,3.15,Royal Free Hospital,10.02,Barnet Hospital,3.15,UCH (University College),13.4
EN53YZ,51.643241,-0.171119,North,Barnet Hospital,3.15,Royal Free Hospital,10.02,Barnet Hospital,3.15,UCH (University College),13.4
EN53ZD,51.643241,-0.171119,North,Barnet Hospital,3.15,Royal Free Hospital,10.02,Barnet Hospital,3.15,UCH (University College),13.4
EN53ZE,51.647368,-0.226734,North,Barnet Hospital,0.88,Royal Free Hospital,11.3,Barnet Hospital,0.88,Queen Charlottes',14.51
EN53ZF,51.643241,-0.171119,North,Barnet Hospital,3.15,Royal Free Hospital,10.02,Barnet Hospital,3.15,UCH (University College),13.4
EN53ZG,51.643241,-0.171119,North,Barnet Hospital,3.15,Royal Free Hospital,10.02,Barnet Hospital,3.15,UCH (University College),13.4
EN53ZH,51.643241,-0.171119,North,Barnet Hospital,3.15,Royal Free Hospital,10.02,Barnet Hospital,3.15,UCH (University College),13.4
EN53ZJ,51.643241,-0.171119,North,Barnet Hospital,3.15,Royal Free Hospital,10.02,Barnet Hospital,3.15,UCH (University College),13.4
EN53ZL,51.647478,-0.226874,North,Barnet Hospital,0.88,Royal Free Hospital,11.31,Barnet Hospital,0.88,Queen Charlottes',14.52
EN53ZQ,51.643241,-0.171119,North,Barnet Hospital,3.15,Royal Free Hospital,10.02,Barnet Hospital,3.15,UCH (University College),13.4
EN53ZR,51.643241,-0.171119,North,Barnet Hospital,3.15,Royal Free Hospital,10.02,Barnet Hospital,3.15,UCH (University College),13.4
EN53ZS,51.643241,-0.171119,North,Barnet Hospital,3.15,Royal Free Hospital,10.02,Barnet Hospital,3.15,UCH (University College),13.4
EN53ZT,51.643015,-0.171013,North,Barnet Hospital,3.17,Royal Free Hospital,9.99,Barnet Hospital,3.17,UCH (University College),13.38
EN53ZU,51.643241,-0.171119,North,Barnet Hospital,3.15,Royal Free Hospital,10.02,Barnet Hospital,3.15,UCH (University College),13.4
EN53ZW,51.647478,-0.226874,North,Barnet Hospital,0.88,Royal Free Hospital,11.31,Barnet Hospital,0.88,Queen Charlottes',14.52
EN53ZX,51.643241,-0.171119,North,Barnet Hospital,3.15,Royal Free Hospital,10.02,Barnet Hospital,3.15,UCH (University College),13.4
EN53ZY,51.643241,-0.171119,North,Barnet Hospital,3.15,Royal Free Hospital,10.02,Barnet Hospital,3.15,UCH (University College),13.4
EN54AB,51.643241,-0.171119,North,Barnet Hospital,3.15,Royal Free Hospital,10.02,Barnet Hospital,3.15,UCH (University College),13.4
EN54AD,51.65713,-0.208165,North,Barnet Hospital,0.86,Royal Free Hospital,11.93,Barnet Hospital,0.86,UCH (University College),15.55
EN54AE,51.643015,-0.171013,North,Barnet Hospital,3.17,Royal Free Hospital,9.99,Barnet Hospital,3.17,UCH (University College),13.38
EN54AF,51.643241,-0.171119,North,Barnet Hospital,3.15,Royal Free Hospital,10.02,Barnet Hospital,3.15,UCH (University College),13.4
EN54AG,51.65397,-0.221517,North,Barnet Hospital,0.57,Royal Free Hospital,11.86,Barnet Hospital,0.57,Queen Charlottes',15.26
EN54AH,51.653964,-0.219913,North,Barnet Hospital,0.49,Royal Free Hospital,11.82,Barnet Hospital,0.49,Queen Charlottes',15.27
EN54AJ,51.653785,-0.223563,North,Barnet Hospital,0.67,Royal Free Hospital,11.88,Barnet Hospital,0.67,Queen Charlottes',15.24
EN54AL,51.657017,-0.226748,North,Barnet Hospital,1.06,Royal Free Hospital,12.3,Barnet Hospital,1.06,Queen Charlottes',15.58
EN54AN,51.65899,-0.22881,North,Barnet Hospital,1.32,Royal Free Hospital,12.55,Barnet Hospital,1.32,Queen Charlottes',15.8
EN54AQ,51.654542,-0.221235,North,Barnet Hospital,0.6,Royal Free Hospital,11.91,Barnet Hospital,0.6,Queen Charlottes',15.33
EN54AR,51.653345,-0.222409,North,Barnet Hospital,0.58,Royal Free Hospital,11.81,Barnet Hospital,0.58,Queen Charlottes',15.19
EN54AS,51.65713,-0.208165,North,Barnet Hospital,0.86,Royal Free Hospital,11.93,Barnet Hospital,0.86,UCH (University College),15.55
EN54AT,51.652913,-0.201103,North,Barnet Hospital,1.0,Royal Free Hospital,11.36,Barnet Hospital,1.0,UCH (University College),14.96
EN54AU,51.652287,-0.206635,North,Barnet Hospital,0.62,Royal Free Hospital,11.38,Barnet Hospital,0.62,UCH (University College),15.01
EN54AX,51.65713,-0.208165,North,Barnet Hospital,0.86,Royal Free Hospital,11.93,Barnet Hospital,0.86,UCH (University College),15.55
EN54AY,51.653437,-0.203005,North,Barnet Hospital,0.89,Royal Free Hospital,11.44,Barnet Hospital,0.89,UCH (University College),15.05
EN54AZ,51.652379,-0.2003,North,Barnet Hospital,1.04,Royal Free Hospital,11.29,Barnet Hospital,1.04,UCH (University College),14.88
EN54BA,51.652925,-0.201305,North,Barnet Hospital,0.99,Royal Free Hospital,11.36,Barnet Hospital,0.99,UCH (University College),14.96
EN54BB,51.652902,-0.201566,North,Barnet Hospital,0.97,Royal Free Hospital,11.36,Barnet Hospital,0.97,UCH (University College),14.96
EN54BD,51.65289,-0.201957,North,Barnet Hospital,0.95,Royal Free Hospital,11.37,Barnet Hospital,0.95,UCH (University College),14.97
EN54BE,51.652817,-0.202466,North,Barnet Hospital,0.91,Royal Free Hospital,11.37,Barnet Hospital,0.91,UCH (University College),14.97
EN54BG,51.652757,-0.205041,North,Barnet Hospital,0.74,Royal Free Hospital,11.4,Barnet Hospital,0.74,UCH (University College),15.02
EN54BH,51.653537,-0.203131,North,Barnet Hospital,0.89,Royal Free Hospital,11.46,Barnet Hospital,0.89,UCH (University College),15.06
EN54BJ,51.653243,-0.20268,North,Barnet Hospital,0.91,Royal Free Hospital,11.42,Barnet Hospital,0.91,UCH (University College),15.02
EN54BL,51.652684,-0.207285,North,Barnet Hospital,0.59,Royal Free Hospital,11.43,Barnet Hospital,0.59,UCH (University College),15.07
EN54BN,51.653515,-0.201686,North,Barnet Hospital,0.98,Royal Free Hospital,11.43,Barnet Hospital,0.98,UCH (University College),15.03
EN54BP,51.652187,-0.20304,North,Barnet Hospital,0.86,Royal Free Hospital,11.31,Barnet Hospital,0.86,UCH (University College),14.92
EN54BQ,51.653227,-0.202247,North,Barnet Hospital,0.94,Royal Free Hospital,11.41,Barnet Hospital,0.94,UCH (University College),15.01
EN54BS,51.652715,-0.204002,North,Barnet Hospital,0.8,Royal Free Hospital,11.38,Barnet Hospital,0.8,UCH (University College),15.0
EN54BT,51.652716,-0.208194,North,Barnet Hospital,0.53,Royal Free Hospital,11.45,Barnet Hospital,0.53,UCH (University College),15.09
EN54BU,51.653405,-0.203902,North,Barnet Hospital,0.84,Royal Free Hospital,11.46,Barnet Hospital,0.84,UCH (University College),15.07
EN54BW,51.653312,-0.204831,North,Barnet Hospital,0.77,Royal Free Hospital,11.46,Barnet Hospital,0.77,UCH (University College),15.08
EN54BX,51.652709,-0.210117,North,Barnet Hospital,0.42,Royal Free Hospital,11.49,Barnet Hospital,0.42,UCH (University College),15.14
EN54BY,51.653045,-0.211521,North,Barnet Hospital,0.36,Royal Free Hospital,11.55,Barnet Hospital,0.36,UCH (University College),15.2
EN54BZ,51.65171,-0.216561,North,Barnet Hospital,0.15,Royal Free Hospital,11.51,Barnet Hospital,0.15,Queen Charlottes',15.04
EN54DA,51.653051,-0.214889,North,Barnet Hospital,0.26,Royal Free Hospital,11.62,Barnet Hospital,0.26,Queen Charlottes',15.2
EN54DB,51.652887,-0.218264,North,Barnet Hospital,0.32,Royal Free Hospital,11.67,Barnet Hospital,0.32,Queen Charlottes',15.16
EN54DD,51.65263,-0.207301,North,Barnet Hospital,0.59,Royal Free Hospital,11.43,Barnet Hospital,0.59,UCH (University College),15.06
EN54DE,51.643015,-0.171013,North,Barnet Hospital,3.17,Royal Free Hospital,9.99,Barnet Hospital,3.17,UCH (University College),13.38
EN54DF,51.65398,-0.202694,North,Barnet Hospital,0.94,Royal Free Hospital,11.5,Barnet Hospital,0.94,UCH (University College),15.1
EN54DG,51.653998,-0.212683,North,Barnet Hospital,0.41,Royal Free Hospital,11.67,Barnet Hospital,0.41,Queen Charlottes',15.32
EN54DH,51.653711,-0.213316,North,Barnet Hospital,0.36,Royal Free Hospital,11.66,Barnet Hospital,0.36,Queen Charlottes',15.28
EN54DJ,51.655345,-0.214914,North,Barnet Hospital,0.52,Royal Free Hospital,11.86,Barnet Hospital,0.52,Queen Charlottes',15.45
EN54DL,51.655113,-0.214447,North,Barnet Hospital,0.49,Royal Free Hospital,11.83,Barnet Hospital,0.49,Queen Charlottes',15.43
EN54DN,51.655791,-0.215302,North,Barnet Hospital,0.57,Royal Free Hospital,11.92,Barnet Hospital,0.57,Queen Charlottes',15.5
EN54DP,51.654599,-0.214365,North,Barnet Hospital,0.44,Royal Free Hospital,11.77,Barnet Hospital,0.44,Queen Charlottes',15.38
EN54DQ,51.65586,-0.213333,North,Barnet Hospital,0.59,Royal Free Hospital,11.89,Barnet Hospital,0.59,Queen Charlottes',15.52
EN54DR,51.655338,-0.213281,North,Barnet Hospital,0.53,Royal Free Hospital,11.83,Barnet Hospital,0.53,Queen Charlottes',15.46
EN54DS,51.654098,-0.21453,North,Barnet Hospital,0.38,Royal Free Hospital,11.72,Barnet Hospital,0.38,Queen Charlottes',15.32
EN54DT,51.653736,-0.216134,North,Barnet Hospital,0.34,Royal Free Hospital,11.72,Barnet Hospital,0.34,Queen Charlottes',15.27
EN54DU,51.653849,-0.216506,North,Barnet Hospital,0.36,Royal Free Hospital,11.74,Barnet Hospital,0.36,Queen Charlottes',15.28
EN54DW,51.655533,-0.216064,North,Barnet Hospital,0.54,Royal Free Hospital,11.9,Barnet Hospital,0.54,Queen Charlottes',15.47
EN54DX,51.653216,-0.217441,North,Barnet Hospital,0.32,Royal Free Hospital,11.69,Barnet Hospital,0.32,Queen Charlottes',15.2
EN54DY,51.654499,-0.215468,North,Barnet Hospital,0.42,Royal Free Hospital,11.78,Barnet Hospital,0.42,Queen Charlottes',15.36
EN54DZ,51.655795,-0.216155,North,Barnet Hospital,0.57,Royal Free Hospital,11.93,Barnet Hospital,0.57,Queen Charlottes',15.5
EN54EA,51.655824,-0.219247,North,Barnet Hospital,0.63,Royal Free Hospital,12.0,Barnet Hospital,0.63,Queen Charlottes',15.48
EN54EB,51.655483,-0.219275,North,Barnet Hospital,0.6,Royal Free Hospital,11.97,Barnet Hospital,0.6,Queen Charlottes',15.44
EN54ED,51.655695,-0.216679,North,Barnet Hospital,0.56,Royal Free Hospital,11.93,Barnet Hospital,0.56,Queen Charlottes',15.48
EN54EE,51.654585,-0.217575,North,Barnet Hospital,0.46,Royal Free Hospital,11.84,Barnet Hospital,0.46,Queen Charlottes',15.35
EN54EF,51.654273,-0.217183,North,Barnet Hospital,0.42,Royal Free Hospital,11.79,Barnet Hospital,0.42,Queen Charlottes',15.32
EN54EG,51.653592,-0.219075,North,Barnet Hospital,0.42,Royal Free Hospital,11.76,Barnet Hospital,0.42,Queen Charlottes',15.23
EN54EH,51.657212,-0.20822,North,Barnet Hospital,0.87,Royal Free Hospital,11.94,Barnet Hospital,0.87,UCH (University College),15.56
EN54EJ,51.643241,-0.171119,North,Barnet Hospital,3.15,Royal Free Hospital,10.02,Barnet Hospital,3.15,UCH (University College),13.4
EN54EL,51.657919,-0.206196,North,Barnet Hospital,1.01,Royal Free Hospital,11.98,Barnet Hospital,1.01,UCH (University College),15.59
EN54EN,51.654895,-0.208412,North,Barnet Hospital,0.66,Royal Free Hospital,11.69,Barnet Hospital,0.66,UCH (University College),15.32
EN54EP,51.654842,-0.207879,North,Barnet Hospital,0.68,Royal Free Hospital,11.68,Barnet Hospital,0.68,UCH (University College),15.31
EN54EQ,51.654922,-0.217866,North,Barnet Hospital,0.5,Royal Free Hospital,11.88,Barnet Hospital,0.5,Queen Charlottes',15.39
EN54ER,51.655341,-0.208192,North,Barnet Hospital,0.71,Royal Free Hospital,11.74,Barnet Hospital,0.71,UCH (University College),15.37
EN54ES,51.655649,-0.208339,North,Barnet Hospital,0.73,Royal Free Hospital,11.77,Barnet Hospital,0.73,UCH (University College),15.4
EN54ET,51.656079,-0.207628,North,Barnet Hospital,0.79,Royal Free Hospital,11.81,Barnet Hospital,0.79,UCH (University College),15.43
EN54EU,51.656697,-0.206852,North,Barnet Hospital,0.88,Royal Free Hospital,11.86,Barnet Hospital,0.88,UCH (University College),15.48
EN54EW,51.654634,-0.207786,North,Barnet Hospital,0.67,Royal Free Hospital,11.65,Barnet Hospital,0.67,UCH (University College),15.28
EN54EX,51.656965,-0.206162,North,Barnet Hospital,0.93,Royal Free Hospital,11.88,Barnet Hospital,0.93,UCH (University College),15.49
EN54EY,51.657364,-0.205206,North,Barnet Hospital,1.01,Royal Free Hospital,11.9,Barnet Hospital,1.01,UCH (University College),15.51
EN54EZ,51.657301,-0.205773,North,Barnet Hospital,0.98,Royal Free Hospital,11.91,Barnet Hospital,0.98,UCH (University College),15.52
EN54GA,51.65713,-0.208165,North,Barnet Hospital,0.86,Royal Free Hospital,11.93,Barnet Hospital,0.86,UCH (University College),15.55
EN54GD,51.655974,-0.20782,North,Barnet Hospital,0.78,Royal Free Hospital,11.8,Barnet Hospital,0.78,UCH (University College),15.42
EN54HA,51.657241,-0.204806,North,Barnet Hospital,1.02,Royal Free Hospital,11.88,Barnet Hospital,1.02,UCH (University College),15.49
EN54HB,51.657837,-0.206749,North,Barnet Hospital,0.98,Royal Free Hospital,11.98,Barnet Hospital,0.98,UCH (University College),15.6
EN54HD,51.658827,-0.207939,North,Barnet Hospital,1.03,Royal Free Hospital,12.11,Barnet Hospital,1.03,UCH (University College),15.73
EN54HE,51.655773,-0.215245,North,Barnet Hospital,0.56,Royal Free Hospital,11.91,Barnet Hospital,0.56,Queen Charlottes',15.5
EN54HF,51.657724,-0.20697,North,Barnet Hospital,0.97,Royal Free Hospital,11.97,Barnet Hospital,0.97,UCH (University College),15.59
EN54HG,51.657357,-0.207115,North,Barnet Hospital,0.93,Royal Free Hospital,11.93,Barnet Hospital,0.93,UCH (University College),15.55
EN54HH,51.659029,-0.20942,North,Barnet Hospital,1.01,Royal Free Hospital,12.15,Barnet Hospital,1.01,UCH (University College),15.78
EN54HJ,51.658783,-0.209228,North,Barnet Hospital,0.99,Royal Free Hospital,12.12,Barnet Hospital,0.99,UCH (University College),15.75
EN54HL,51.65713,-0.208165,North,Barnet Hospital,0.86,Royal Free Hospital,11.93,Barnet Hospital,0.86,UCH (University College),15.55
EN54HN,51.658169,-0.20902,North,Barnet Hospital,0.93,Royal Free Hospital,12.05,Barnet Hospital,0.93,UCH (University College),15.68
EN54HP,51.658039,-0.209358,North,Barnet Hospital,0.91,Royal Free Hospital,12.05,Barnet Hospital,0.91,UCH (University College),15.68
EN54HQ,51.658278,-0.207917,North,Barnet Hospital,0.98,Royal Free Hospital,12.05,Barnet Hospital,0.98,UCH (University College),15.67
EN54HR,51.656991,-0.208445,North,Barnet Hospital,0.84,Royal Free Hospital,11.92,Barnet Hospital,0.84,UCH (University College),15.55
EN54HS,51.6563,-0.207359,North,Barnet Hospital,0.82,Royal Free Hospital,11.82,Barnet Hospital,0.82,UCH (University College),15.45
EN54HT,51.654244,-0.204664,North,Barnet Hospital,0.83,Royal Free Hospital,11.56,Barnet Hospital,0.83,UCH (University College),15.17
EN54HU,51.659018,-0.208698,North,Barnet Hospital,1.03,Royal Free Hospital,12.14,Barnet Hospital,1.03,UCH (University College),15.76
EN54HW,51.658313,-0.209622,North,Barnet Hospital,0.93,Royal Free Hospital,12.08,Barnet Hospital,0.93,UCH (University College),15.71
EN54HX,51.653888,-0.203724,North,Barnet Hospital,0.87,Royal Free Hospital,11.5,Barnet Hospital,0.87,UCH (University College),15.11
EN54HY,51.653652,-0.20476,North,Barnet Hospital,0.79,Royal Free Hospital,11.5,Barnet Hospital,0.79,UCH (University College),15.11
EN54HZ,51.654204,-0.20377,North,Barnet Hospital,0.88,Royal Free Hospital,11.54,Barnet Hospital,0.88,UCH (University College),15.15
EN54JA,51.653692,-0.213245,North,Barnet Hospital,0.36,Royal Free Hospital,11.65,Barnet Hospital,0.36,Queen Charlottes',15.28
EN54JB,51.653833,-0.206575,North,Barnet Hospital,0.69,Royal Free Hospital,11.55,Barnet Hospital,0.69,UCH (University College),15.17
EN54JD,51.653877,-0.205908,North,Barnet Hospital,0.73,Royal Free Hospital,11.54,Barnet Hospital,0.73,UCH (University College),15.16
EN54JE,51.654187,-0.206777,North,Barnet Hospital,0.7,Royal Free Hospital,11.59,Barnet Hospital,0.7,UCH (University College),15.21
EN54JF,51.653604,-0.207465,North,Barnet Hospital,0.62,Royal Free Hospital,11.54,Barnet Hospital,0.62,UCH (University College),15.17
EN54JG,51.654569,-0.206459,North,Barnet Hospital,0.74,Royal Free Hospital,11.62,Barnet Hospital,0.74,UCH (University College),15.25
EN54JH,51.654526,-0.20487,North,Barnet Hospital,0.83,Royal Free Hospital,11.59,Barnet Hospital,0.83,UCH (University College),15.21
EN54JJ,51.65542,-0.205066,North,Barnet Hospital,0.87,Royal Free Hospital,11.69,Barnet Hospital,0.87,UCH (University College),15.31
EN54JL,51.6553,-0.206676,North,Barnet Hospital,0.78,Royal Free Hospital,11.71,Barnet Hospital,0.78,UCH (University College),15.33
EN54JN,51.65552,-0.206363,North,Barnet Hospital,0.81,Royal Free Hospital,11.72,Barnet Hospital,0.81,UCH (University College),15.34
EN54JP,51.654973,-0.20293,North,Barnet Hospital,0.97,Royal Free Hospital,11.61,Barnet Hospital,0.97,UCH (University College),15.21
EN54JQ,51.654923,-0.206691,North,Barnet Hospital,0.75,Royal Free Hospital,11.67,Barnet Hospital,0.75,UCH (University College),15.29
EN54JR,51.654436,-0.203096,North,Barnet Hospital,0.93,Royal Free Hospital,11.55,Barnet Hospital,0.93,UCH (University College),15.16
EN54JT,51.659517,-0.208375,North,Barnet Hospital,1.09,Royal Free Hospital,12.19,Barnet Hospital,1.09,UCH (University College),15.81
EN54JU,51.657132,-0.202989,North,Barnet Hospital,1.11,Royal Free Hospital,11.84,Barnet Hospital,1.11,UCH (University College),15.44
EN54JW,51.654662,-0.203159,North,Barnet Hospital,0.94,Royal Free Hospital,11.58,Barnet Hospital,0.94,UCH (University College),15.18
EN54JX,51.656895,-0.202767,North,Barnet Hospital,1.1,Royal Free Hospital,11.82,Barnet Hospital,1.1,UCH (University College),15.41
EN54JY,51.656941,-0.202274,North,Barnet Hospital,1.13,Royal Free Hospital,11.81,Barnet Hospital,1.13,UCH (University College),15.41
EN54JZ,51.657645,-0.202983,North,Barnet Hospital,1.14,Royal Free Hospital,11.9,Barnet Hospital,1.14,UCH (University College),15.5
EN54LA,51.658086,-0.204195,North,Barnet Hospital,1.12,Royal Free Hospital,11.97,Barnet Hospital,1.12,UCH (University College),15.57
EN54LB,51.659734,-0.204346,North,Barnet Hospital,1.25,Royal Free Hospital,12.15,Barnet Hospital,1.25,UCH (University College),15.75
EN54LD,51.658769,-0.205353,North,Barnet Hospital,1.13,Royal Free Hospital,12.06,Barnet Hospital,1.13,UCH (University College),15.67
EN54LE,51.659017,-0.206283,North,Barnet Hospital,1.11,Royal Free Hospital,12.1,Barnet Hospital,1.11,UCH (University College),15.71
EN54LF,51.658075,-0.205843,North,Barnet Hospital,1.04,Royal Free Hospital,11.99,Barnet Hospital,1.04,UCH (University College),15.6
EN54LG,51.658248,-0.205359,North,Barnet Hospital,1.08,Royal Free Hospital,12.0,Barnet Hospital,1.08,UCH (University College),15.61
EN54LH,51.657829,-0.203858,North,Barnet Hospital,1.11,Royal Free Hospital,11.93,Barnet Hospital,1.11,UCH (University College),15.53
EN54LJ,51.657749,-0.204512,North,Barnet Hospital,1.08,Royal Free Hospital,11.93,Barnet Hospital,1.08,UCH (University College),15.54
EN54LL,51.656938,-0.204385,North,Barnet Hospital,1.02,Royal Free Hospital,11.85,Barnet Hospital,1.02,UCH (University College),15.45
EN54LN,51.657126,-0.203755,North,Barnet Hospital,1.06,Royal Free Hospital,11.86,Barnet Hospital,1.06,UCH (University College),15.46
EN54LP,51.656518,-0.203389,North,Barnet Hospital,1.04,Royal Free Hospital,11.78,Barnet Hospital,1.04,UCH (University College),15.39
EN54LQ,51.658647,-0.206804,North,Barnet Hospital,1.06,Royal Free Hospital,12.07,Barnet Hospital,1.06,UCH (University College),15.68
EN54LR,51.656745,-0.205303,North,Barnet Hospital,0.96,Royal Free Hospital,11.84,Barnet Hospital,0.96,UCH (University College),15.45
EN54LS,51.65646,-0.202524,North,Barnet Hospital,1.08,Royal Free Hospital,11.76,Barnet Hospital,1.08,UCH (University College),15.36
EN54LT,51.655335,-0.20306,North,Barnet Hospital,0.98,Royal Free Hospital,11.65,Barnet Hospital,0.98,UCH (University College),15.25
EN54LU,51.656169,-0.205861,North,Barnet Hospital,0.89,Royal Free Hospital,11.79,Barnet Hospital,0.89,UCH (University College),15.4
EN54LW,51.65713,-0.208165,North,Barnet Hospital,0.86,Royal Free Hospital,11.93,Barnet Hospital,0.86,UCH (University College),15.55
EN54LX,51.655874,-0.205945,North,Barnet Hospital,0.86,Royal Free Hospital,11.76,Barnet Hospital,0.86,UCH (University College),15.37
EN54LY,51.657199,-0.207324,North,Barnet Hospital,0.9,Royal Free Hospital,11.92,Barnet Hospital,0.9,UCH (University College),15.54
EN54NA,51.653648,-0.210355,North,Barnet Hospital,0.47,Royal Free Hospital,11.59,Barnet Hospital,0.47,UCH (University College),15.24
EN54NB,51.65713,-0.208165,North,Barnet Hospital,0.86,Royal Free Hospital,11.93,Barnet Hospital,0.86,UCH (University College),15.55
EN54ND,51.653712,-0.209268,North,Barnet Hospital,0.53,Royal Free Hospital,11.58,Barnet Hospital,0.53,UCH (University College),15.22
EN54NE,51.653271,-0.21102,North,Barnet Hospital,0.41,Royal Free Hospital,11.56,Barnet Hospital,0.41,UCH (University College),15.22
EN54NF,51.653497,-0.211084,North,Barnet Hospital,0.42,Royal Free Hospital,11.59,Barnet Hospital,0.42,UCH (University College),15.24
EN54NG,51.654095,-0.211349,North,Barnet Hospital,0.46,Royal Free Hospital,11.66,Barnet Hospital,0.46,UCH (University College),15.31
EN54NH,51.6544,-0.209588,North,Barnet Hospital,0.56,Royal Free Hospital,11.66,Barnet Hospital,0.56,UCH (University College),15.3
EN54NJ,51.655278,-0.209958,North,Barnet Hospital,0.62,Royal Free Hospital,11.76,Barnet Hospital,0.62,UCH (University College),15.4
EN54NL,51.655628,-0.209265,North,Barnet Hospital,0.68,Royal Free Hospital,11.79,Barnet Hospital,0.68,UCH (University College),15.42
EN54NN,51.643241,-0.171119,North,Barnet Hospital,3.15,Royal Free Hospital,10.02,Barnet Hospital,3.15,UCH (University College),13.4
EN54NP,51.657244,-0.213278,North,Barnet Hospital,0.74,Royal Free Hospital,12.03,Barnet Hospital,0.74,Queen Charlottes',15.68
EN54NQ,51.65385,-0.2112,North,Barnet Hospital,0.45,Royal Free Hospital,11.63,Barnet Hospital,0.45,UCH (University College),15.28
EN54NR,51.656808,-0.211792,North,Barnet Hospital,0.72,Royal Free Hospital,11.96,Barnet Hospital,0.72,UCH (University College),15.6
EN54NS,51.657769,-0.213475,North,Barnet Hospital,0.79,Royal Free Hospital,12.09,Barnet Hospital,0.79,Queen Charlottes',15.73
EN54NT,51.657153,-0.209668,North,Barnet Hospital,0.81,Royal Free Hospital,11.96,Barnet Hospital,0.81,UCH (University College),15.59
EN54NU,51.658226,-0.211635,North,Barnet Hospital,0.87,Royal Free Hospital,12.11,Barnet Hospital,0.87,UCH (University College),15.75
EN54NW,51.655996,-0.211043,North,Barnet Hospital,0.66,Royal Free Hospital,11.86,Barnet Hospital,0.66,UCH (University College),15.5
EN54NX,51.657256,-0.211109,North,Barnet Hospital,0.78,Royal Free Hospital,11.99,Barnet Hospital,0.78,UCH (University College),15.63
EN54NY,51.657344,-0.210397,North,Barnet Hospital,0.81,Royal Free Hospital,11.99,Barnet Hospital,0.81,UCH (University College),15.63
EN54NZ,51.657832,-0.211723,North,Barnet Hospital,0.83,Royal Free Hospital,12.07,Barnet Hospital,0.83,UCH (University College),15.71
EN54PA,51.65597,-0.208746,North,Barnet Hospital,0.74,Royal Free Hospital,11.81,Barnet Hospital,0.74,UCH (University College),15.45
EN54PB,51.665266,-0.198604,North,Barnet Hospital,1.98,Royal Free Hospital,12.67,Barnet Hospital,1.98,UCH (University College),16.22
EN54PD,51.65658,-0.202187,North,Barnet Hospital,1.11,Royal Free Hospital,11.77,Barnet Hospital,1.11,UCH (University College),15.37
EN54PE,51.663338,-0.198362,North,Barnet Hospital,1.82,Royal Free Hospital,12.46,Barnet Hospital,1.82,UCH (University College),16.01
EN54PF,51.653626,-0.20891,North,Barnet Hospital,0.54,Royal Free Hospital,11.56,Barnet Hospital,0.54,UCH (University College),15.2
EN54PG,51.653626,-0.20891,North,Barnet Hospital,0.54,Royal Free Hospital,11.56,Barnet Hospital,0.54,UCH (University College),15.2
EN54PH,51.659327,-0.203611,North,Barnet Hospital,1.25,Royal Free Hospital,12.09,Barnet Hospital,1.25,UCH (University College),15.69
EN54PJ,51.6592,-0.201794,North,Barnet Hospital,1.32,Royal Free Hospital,12.05,Barnet Hospital,1.32,UCH (University College),15.64
EN54PL,51.658326,-0.202869,North,Barnet Hospital,1.2,Royal Free Hospital,11.97,Barnet Hospital,1.2,UCH (University College),15.57
EN54PN,51.659828,-0.202882,North,Barnet Hospital,1.32,Royal Free Hospital,12.14,Barnet Hospital,1.32,UCH (University College),15.73
EN54PP,51.660906,-0.201611,North,Barnet Hospital,1.47,Royal Free Hospital,12.23,Barnet Hospital,1.47,UCH (University College),15.81
EN54PQ,51.662104,-0.198787,North,Barnet Hospital,1.7,Royal Free Hospital,12.33,Barnet Hospital,1.7,UCH (University College),15.89
EN54PR,51.666838,-0.196705,North,Barnet Hospital,2.2,Royal Free Hospital,12.82,Barnet Hospital,2.2,UCH (University College),16.36
EN54PS,51.661996,-0.198792,North,Barnet Hospital,1.69,Royal Free Hospital,12.32,Barnet Hospital,1.69,UCH (University College),15.88
EN54PT,51.662339,-0.200658,North,Barnet Hospital,1.64,Royal Free Hospital,12.38,Barnet Hospital,1.64,UCH (University College),15.95
EN54PU,51.664191,-0.198849,North,Barnet Hospital,1.88,Royal Free Hospital,12.56,Barnet Hospital,1.88,UCH (University College),16.11
EN54PW,51.65713,-0.208165,North,Barnet Hospital,0.86,Royal Free Hospital,11.93,Barnet Hospital,0.86,UCH (University College),15.55
EN54PX,51.663732,-0.198231,North,Barnet Hospital,1.86,Royal Free Hospital,12.5,Barnet Hospital,1.86,UCH (University College),16.05
EN54PY,51.666026,-0.198314,North,Barnet Hospital,2.06,Royal Free Hospital,12.75,Barnet Hospital,2.06,UCH (University College),16.3
EN54PZ,51.66728,-0.196847,North,Barnet Hospital,2.24,Royal Free Hospital,12.87,Barnet Hospital,2.24,UCH (University College),16.41
EN54QA,51.667895,-0.196475,North,Barnet Hospital,2.31,Royal Free Hospital,12.93,Barnet Hospital,2.31,UCH (University College),16.46
EN54QB,51.668179,-0.195654,North,Barnet Hospital,2.37,Royal Free Hospital,12.95,Barnet Hospital,2.37,UCH (University College),16.48
EN54QD,51.666791,-0.198385,North,Barnet Hospital,2.13,Royal Free Hospital,12.83,Barnet Hospital,2.13,UCH (University College),16.38
EN54QE,51.666771,-0.199383,North,Barnet Hospital,2.09,Royal Free Hospital,12.84,Barnet Hospital,2.09,UCH (University College),16.4
EN54QG,51.667039,-0.199257,North,Barnet Hospital,2.12,Royal Free Hospital,12.87,Barnet Hospital,2.12,UCH (University College),16.42
EN54QH,51.664846,-0.199937,North,Barnet Hospital,1.89,Royal Free Hospital,12.64,Barnet Hospital,1.89,UCH (University College),16.2
EN54QJ,51.664427,-0.199606,North,Barnet Hospital,1.87,Royal Free Hospital,12.59,Barnet Hospital,1.87,UCH (University College),16.15
EN54QL,51.664011,-0.200042,North,Barnet Hospital,1.81,Royal Free Hospital,12.55,Barnet Hospital,1.81,UCH (University College),16.11
EN54QN,51.664508,-0.200181,North,Barnet Hospital,1.85,Royal Free Hospital,12.61,Barnet Hospital,1.85,UCH (University College),16.17
EN54QP,51.656322,-0.208804,North,Barnet Hospital,0.77,Royal Free Hospital,11.85,Barnet Hospital,0.77,UCH (University College),15.48
EN54QQ,51.665728,-0.199396,North,Barnet Hospital,2.0,Royal Free Hospital,12.73,Barnet Hospital,2.0,UCH (University College),16.29
EN54QR,51.643241,-0.171119,North,Barnet Hospital,3.15,Royal Free Hospital,10.02,Barnet Hospital,3.15,UCH (University College),13.4
EN54QS,51.653515,-0.201686,North,Barnet Hospital,0.98,Royal Free Hospital,11.43,Barnet Hospital,0.98,UCH (University College),15.03
EN54QT,51.656152,-0.204748,North,Barnet Hospital,0.94,Royal Free Hospital,11.77,Barnet Hospital,0.94,UCH (University College),15.38
EN54QW,51.65713,-0.208165,North,Barnet Hospital,0.86,Royal Free Hospital,11.93,Barnet Hospital,0.86,UCH (University College),15.55
EN54QX,51.654613,-0.214654,North,Barnet Hospital,0.44,Royal Free Hospital,11.78,Barnet Hospital,0.44,Queen Charlottes',15.37
EN54RF,51.65713,-0.208165,North,Barnet Hospital,0.86,Royal Free Hospital,11.93,Barnet Hospital,0.86,UCH (University College),15.55
EN54SJ,51.643015,-0.171013,North,Barnet Hospital,3.17,Royal Free Hospital,9.99,Barnet Hospital,3.17,UCH (University College),13.38
EN54SL,51.655422,-0.214666,North,Barnet Hospital,0.53,Royal Free Hospital,11.86,Barnet Hospital,0.53,Queen Charlottes',15.46
EN54SN,51.652503,-0.204863,North,Barnet Hospital,0.74,Royal Free Hospital,11.37,Barnet Hospital,0.74,UCH (University College),14.99
EN54UW,51.643015,-0.171013,North,Barnet Hospital,3.17,Royal Free Hospital,9.99,Barnet Hospital,3.17,UCH (University College),13.38
EN54WA,51.643241,-0.171119,North,Barnet Hospital,3.15,Royal Free Hospital,10.02,Barnet Hospital,3.15,UCH (University College),13.4
EN54WB,51.643241,-0.171119,North,Barnet Hospital,3.15,Royal Free Hospital,10.02,Barnet Hospital,3.15,UCH (University College),13.4
EN54WD,51.643241,-0.171119,North,Barnet Hospital,3.15,Royal Free Hospital,10.02,Barnet Hospital,3.15,UCH (University College),13.4
EN54WE,51.643241,-0.171119,North,Barnet Hospital,3.15,Royal Free Hospital,10.02,Barnet Hospital,3.15,UCH (University College),13.4
EN54WX,51.643241,-0.171119,North,Barnet Hospital,3.15,Royal Free Hospital,10.02,Barnet Hospital,3.15,UCH (University College),13.4
EN54WY,51.643241,-0.171119,North,Barnet Hospital,3.15,Royal Free Hospital,10.02,Barnet Hospital,3.15,UCH (University College),13.4
EN54WZ,51.643241,-0.171119,North,Barnet Hospital,3.15,Royal Free Hospital,10.02,Barnet Hospital,3.15,UCH (University College),13.4
EN54XA,51.643241,-0.171119,North,Barnet Hospital,3.15,Royal Free Hospital,10.02,Barnet Hospital,3.15,UCH (University College),13.4
EN54XJ,51.643241,-0.171119,North,Barnet Hospital,3.15,Royal Free Hospital,10.02,Barnet Hospital,3.15,UCH (University College),13.4
EN54XN,51.643241,-0.171119,North,Barnet Hospital,3.15,Royal Free Hospital,10.02,Barnet Hospital,3.15,UCH (University College),13.4
EN54XP,51.643241,-0.171119,North,Barnet Hospital,3.15,Royal Free Hospital,10.02,Barnet Hospital,3.15,UCH (University College),13.4
EN54XQ,51.643241,-0.171119,North,Barnet Hospital,3.15,Royal Free Hospital,10.02,Barnet Hospital,3.15,UCH (University College),13.4
EN54XR,51.643241,-0.171119,North,Barnet Hospital,3.15,Royal Free Hospital,10.02,Barnet Hospital,3.15,UCH (University College),13.4
EN54XW,51.643241,-0.171119,North,Barnet Hospital,3.15,Royal Free Hospital,10.02,Barnet Hospital,3.15,UCH (University College),13.4
EN54XZ,51.643241,-0.171119,North,Barnet Hospital,3.15,Royal Free Hospital,10.02,Barnet Hospital,3.15,UCH (University College),13.4
EN54YB,51.65378,-0.219024,North,Barnet Hospital,0.43,Royal Free Hospital,11.78,Barnet Hospital,0.43,Queen Charlottes',15.26
EN54YJ,51.643241,-0.171119,North,Barnet Hospital,3.15,Royal Free Hospital,10.02,Barnet Hospital,3.15,UCH (University College),13.4
EN54YL,51.643241,-0.171119,North,Barnet Hospital,3.15,Royal Free Hospital,10.02,Barnet Hospital,3.15,UCH (University College),13.4
EN54YN,51.643241,-0.171119,North,Barnet Hospital,3.15,Royal Free Hospital,10.02,Barnet Hospital,3.15,UCH (University College),13.4
EN54YP,51.643241,-0.171119,North,Barnet Hospital,3.15,Royal Free Hospital,10.02,Barnet Hospital,3.15,UCH (University College),13.4
EN54YQ,51.643241,-0.171119,North,Barnet Hospital,3.15,Royal Free Hospital,10.02,Barnet Hospital,3.15,UCH (University College),13.4
EN54YR,51.643241,-0.171119,North,Barnet Hospital,3.15,Royal Free Hospital,10.02,Barnet Hospital,3.15,UCH (University College),13.4
EN54YS,51.643241,-0.171119,North,Barnet Hospital,3.15,Royal Free Hospital,10.02,Barnet Hospital,3.15,UCH (University College),13.4
EN54YT,51.643241,-0.171119,North,Barnet Hospital,3.15,Royal Free Hospital,10.02,Barnet Hospital,3.15,UCH (University College),13.4
EN54YW,51.643241,-0.171119,North,Barnet Hospital,3.15,Royal Free Hospital,10.02,Barnet Hospital,3.15,UCH (University College),13.4
EN54YX,51.643241,-0.171119,North,Barnet Hospital,3.15,Royal Free Hospital,10.02,Barnet Hospital,3.15,UCH (University College),13.4
EN54YY,51.643241,-0.171119,North,Barnet Hospital,3.15,Royal Free Hospital,10.02,Barnet Hospital,3.15,UCH (University College),13.4
EN54YZ,51.643241,-0.171119,North,Barnet Hospital,3.15,Royal Free Hospital,10.02,Barnet Hospital,3.15,UCH (University College),13.4
EN54ZD,51.643241,-0.171119,North,Barnet Hospital,3.15,Royal Free Hospital,10.02,Barnet Hospital,3.15,UCH (University College),13.4
EN54ZE,51.643241,-0.171119,North,Barnet Hospital,3.15,Royal Free Hospital,10.02,Barnet Hospital,3.15,UCH (University College),13.4
EN54ZF,51.643241,-0.171119,North,Barnet Hospital,3.15,Royal Free Hospital,10.02,Barnet Hospital,3.15,UCH (University College),13.4
EN54ZG,51.643241,-0.171119,North,Barnet Hospital,3.15,Royal Free Hospital,10.02,Barnet Hospital,3.15,UCH (University College),13.4
EN54ZH,51.65713,-0.208165,North,Barnet Hospital,0.86,Royal Free Hospital,11.93,Barnet Hospital,0.86,UCH (University College),15.55
EN54ZJ,51.643241,-0.171119,North,Barnet Hospital,3.15,Royal Free Hospital,10.02,Barnet Hospital,3.15,UCH (University College),13.4
EN54ZL,51.65713,-0.208165,North,Barnet Hospital,0.86,Royal Free Hospital,11.93,Barnet Hospital,0.86,UCH (University College),15.55
EN54ZN,51.643241,-0.171119,North,Barnet Hospital,3.15,Royal Free Hospital,10.02,Barnet Hospital,3.15,UCH (University College),13.4
EN54ZP,51.643241,-0.171119,North,Barnet Hospital,3.15,Royal Free Hospital,10.02,Barnet Hospital,3.15,UCH (University College),13.4
EN54ZQ,51.643241,-0.171119,North,Barnet Hospital,3.15,Royal Free Hospital,10.02,Barnet Hospital,3.15,UCH (University College),13.4
EN54ZR,51.643241,-0.171119,North,Barnet Hospital,3.15,Royal Free Hospital,10.02,Barnet Hospital,3.15,UCH (University College),13.4
EN54ZS,51.643241,-0.171119,North,Barnet Hospital,3.15,Royal Free Hospital,10.02,Barnet Hospital,3.15,UCH (University College),13.4
EN54ZT,51.643015,-0.171013,North,Barnet Hospital,3.17,Royal Free Hospital,9.99,Barnet Hospital,3.17,UCH (University College),13.38
EN54ZU,51.65713,-0.208165,North,Barnet Hospital,0.86,Royal Free Hospital,11.93,Barnet Hospital,0.86,UCH (University College),15.55
EN54ZW,51.643241,-0.171119,North,Barnet Hospital,3.15,Royal Free Hospital,10.02,Barnet Hospital,3.15,UCH (University College),13.4
EN54ZX,51.643241,-0.171119,North,Barnet Hospital,3.15,Royal Free Hospital,10.02,Barnet Hospital,3.15,UCH (University College),13.4
EN54ZY,51.643241,-0.171119,North,Barnet Hospital,3.15,Royal Free Hospital,10.02,Barnet Hospital,3.15,UCH (University College),13.4
EN54ZZ,51.643241,-0.171119,North,Barnet Hospital,3.15,Royal Free Hospital,10.02,Barnet Hospital,3.15,UCH (University College),13.4
EN55AA,51.64804,-0.188286,North,Barnet Hospital,1.88,Royal Free Hospital,10.66,Barnet Hospital,1.88,UCH (University College),14.19
EN55AB,51.648186,-0.187861,North,Barnet Hospital,1.91,Royal Free Hospital,10.68,Barnet Hospital,1.91,UCH (University College),14.19
EN55AD,51.649005,-0.189072,North,Barnet Hospital,1.81,Royal Free Hospital,10.78,Barnet Hospital,1.81,UCH (University College),14.3
EN55AE,51.653051,-0.186713,North,Barnet Hospital,1.98,Royal Free Hospital,11.2,Barnet Hospital,1.98,UCH (University College),14.7
EN55AF,51.65306,-0.186713,North,Barnet Hospital,1.98,Royal Free Hospital,11.2,Barnet Hospital,1.98,UCH (University College),14.7
EN55AG,51.649493,-0.189775,North,Barnet Hospital,1.76,Royal Free Hospital,10.84,Barnet Hospital,1.76,UCH (University College),14.37
EN55AH,51.64957,-0.18837,North,Barnet Hospital,1.86,Royal Free Hospital,10.83,Barnet Hospital,1.86,UCH (University College),14.35
EN55AJ,51.649506,-0.187708,North,Barnet Hospital,1.9,Royal Free Hospital,10.82,Barnet Hospital,1.9,UCH (University College),14.33
EN55AL,51.650308,-0.187271,North,Barnet Hospital,1.93,Royal Free Hospital,10.9,Barnet Hospital,1.93,UCH (University College),14.41
EN55AN,51.650149,-0.186309,North,Barnet Hospital,1.99,Royal Free Hospital,10.88,Barnet Hospital,1.99,UCH (University College),14.38
EN55AP,51.649956,-0.185434,North,Barnet Hospital,2.06,Royal Free Hospital,10.85,Barnet Hospital,2.06,UCH (University College),14.34
EN55AQ,51.6497,-0.188061,North,Barnet Hospital,1.88,Royal Free Hospital,10.84,Barnet Hospital,1.88,UCH (University College),14.36
EN55AR,51.649572,-0.185045,North,Barnet Hospital,2.08,Royal Free Hospital,10.8,Barnet Hospital,2.08,UCH (University College),14.3
EN55AS,51.651036,-0.187242,North,Barnet Hospital,1.93,Royal Free Hospital,10.98,Barnet Hospital,1.93,UCH (University College),14.49
EN55AT,51.650927,-0.186581,North,Barnet Hospital,1.97,Royal Free Hospital,10.96,Barnet Hospital,1.97,UCH (University College),14.47
EN55AU,51.652282,-0.188175,North,Barnet Hospital,1.87,Royal Free Hospital,11.13,Barnet Hospital,1.87,UCH (University College),14.64
EN55AW,51.649581,-0.185594,North,Barnet Hospital,2.05,Royal Free Hospital,10.81,Barnet Hospital,2.05,UCH (University College),14.31
EN55AX,51.651731,-0.190322,North,Barnet Hospital,1.72,Royal Free Hospital,11.09,Barnet Hospital,1.72,UCH (University College),14.62
EN55AY,51.651982,-0.190847,North,Barnet Hospital,1.69,Royal Free Hospital,11.12,Barnet Hospital,1.69,UCH (University College),14.66
EN55AZ,51.651232,-0.189446,North,Barnet Hospital,1.78,Royal Free Hospital,11.03,Barnet Hospital,1.78,UCH (University College),14.55
EN55BA,51.648055,-0.189269,North,Barnet Hospital,1.81,Royal Free Hospital,10.68,Barnet Hospital,1.81,UCH (University College),14.21
EN55BB,51.650341,-0.175445,North,Barnet Hospital,2.74,Royal Free Hospital,10.82,Barnet Hospital,2.74,Homerton University,14.22
EN55BD,51.643241,-0.171119,North,Barnet Hospital,3.15,Royal Free Hospital,10.02,Barnet Hospital,3.15,UCH (University College),13.4
EN55BE,51.650813,-0.188537,North,Barnet Hospital,1.84,Royal Free Hospital,10.97,Barnet Hospital,1.84,UCH (University College),14.49
EN55BF,51.653079,-0.18677,North,Barnet Hospital,1.98,Royal Free Hospital,11.2,Barnet Hospital,1.98,UCH (University College),14.7
EN55BG,51.650766,-0.189522,North,Barnet Hospital,1.77,Royal Free Hospital,10.98,Barnet Hospital,1.77,UCH (University College),14.5
EN55BH,51.65198,-0.18719,North,Barnet Hospital,1.94,Royal Free Hospital,11.09,Barnet Hospital,1.94,UCH (University College),14.59
EN55BJ,51.650983,-0.185553,North,Barnet Hospital,2.05,Royal Free Hospital,10.96,Barnet Hospital,2.05,UCH (University College),14.46
EN55BL,51.651047,-0.186172,North,Barnet Hospital,2.0,Royal Free Hospital,10.97,Barnet Hospital,2.0,UCH (University College),14.47
EN55BN,51.651924,-0.184778,North,Barnet Hospital,2.1,Royal Free Hospital,11.06,Barnet Hospital,2.1,UCH (University College),14.54
EN55BP,51.652118,-0.184539,North,Barnet Hospital,2.12,Royal Free Hospital,11.08,Barnet Hospital,2.12,UCH (University College),14.56
EN55BQ,51.650265,-0.190308,North,Barnet Hospital,1.72,Royal Free Hospital,10.93,Barnet Hospital,1.72,UCH (University College),14.46
EN55BS,51.643241,-0.171119,North,Barnet Hospital,3.15,Royal Free Hospital,10.02,Barnet Hospital,3.15,UCH (University College),13.4
EN55BT,51.651702,-0.175058,North,Barnet Hospital,2.77,Royal Free Hospital,10.97,Barnet Hospital,2.77,Homerton University,14.32
EN55BU,51.652376,-0.17623,North,Barnet Hospital,2.69,Royal Free Hospital,11.05,Barnet Hospital,2.69,Homerton University,14.43
EN55BW,51.65151,-0.184751,North,Barnet Hospital,2.1,Royal Free Hospital,11.01,Barnet Hospital,2.1,UCH (University College),14.5
EN55BX,51.650876,-0.175727,North,Barnet Hospital,2.72,Royal Free Hospital,10.88,Barnet Hospital,2.72,Homerton University,14.28
EN55BY,51.65105,-0.175387,North,Barnet Hospital,2.75,Royal Free Hospital,10.9,Barnet Hospital,2.75,Homerton University,14.28
EN55BZ,51.647563,-0.188855,North,Barnet Hospital,1.85,Royal Free Hospital,10.62,Barnet Hospital,1.85,UCH (University College),14.15
EN55DA,51.65076,-0.177567,North,Barnet Hospital,2.6,Royal Free Hospital,10.88,Barnet Hospital,2.6,UCH (University College),14.31
EN55DB,51.650024,-0.180546,North,Barnet Hospital,2.39,Royal Free Hospital,10.82,Barnet Hospital,2.39,UCH (University College),14.27
EN55DD,51.649959,-0.181531,North,Barnet Hospital,2.32,Royal Free Hospital,10.82,Barnet Hospital,2.32,UCH (University College),14.28
EN55DE,51.649983,-0.180764,North,Barnet Hospital,2.38,Royal Free Hospital,10.81,Barnet Hospital,2.38,UCH (University College),14.27
EN55DF,51.651254,-0.176897,North,Barnet Hospital,2.64,Royal Free Hospital,10.93,Barnet Hospital,2.64,UCH (University College),14.35
EN55DG,51.649792,-0.181813,North,Barnet Hospital,2.31,Royal Free Hospital,10.8,Barnet Hospital,2.31,UCH (University College),14.27
EN55DH,51.651722,-0.175809,North,Barnet Hospital,2.72,Royal Free Hospital,10.98,Barnet Hospital,2.72,Homerton University,14.35
EN55DJ,51.65067,-0.181619,North,Barnet Hospital,2.32,Royal Free Hospital,10.9,Barnet Hospital,2.32,UCH (University College),14.36
EN55DL,51.653079,-0.18677,North,Barnet Hospital,1.98,Royal Free Hospital,11.2,Barnet Hospital,1.98,UCH (University College),14.7
EN55DN,51.648839,-0.184727,North,Barnet Hospital,2.11,Royal Free Hospital,10.72,Barnet Hospital,2.11,UCH (University College),14.21
EN55DP,51.649234,-0.186432,North,Barnet Hospital,1.99,Royal Free Hospital,10.78,Barnet Hospital,1.99,UCH (University College),14.28
EN55DQ,51.651728,-0.17562,North,Barnet Hospital,2.73,Royal Free Hospital,10.98,Barnet Hospital,2.73,Homerton University,14.35
EN55DR,51.648765,-0.186899,North,Barnet Hospital,1.96,Royal Free Hospital,10.73,Barnet Hospital,1.96,UCH (University College),14.24
EN55DS,51.647372,-0.186954,North,Barnet Hospital,1.98,Royal Free Hospital,10.58,Barnet Hospital,1.98,UCH (University College),14.09
EN55DT,51.650577,-0.180235,North,Barnet Hospital,2.41,Royal Free Hospital,10.88,Barnet Hospital,2.41,UCH (University College),14.33
EN55DU,51.64903,-0.183101,North,Barnet Hospital,2.22,Royal Free Hospital,10.73,Barnet Hospital,2.22,UCH (University College),14.2
EN55DW,51.643241,-0.171119,North,Barnet Hospital,3.15,Royal Free Hospital,10.02,Barnet Hospital,3.15,UCH (University College),13.4
EN55DX,51.649323,-0.183465,North,Barnet Hospital,2.19,Royal Free Hospital,10.76,Barnet Hospital,2.19,UCH (University College),14.24
EN55DY,51.648424,-0.184643,North,Barnet Hospital,2.12,Royal Free Hospital,10.67,Barnet Hospital,2.12,UCH (University College),14.16
EN55DZ,51.651856,-0.175167,North,Barnet Hospital,2.76,Royal Free Hospital,10.99,Barnet Hospital,2.76,Homerton University,14.34
EN55EA,51.648789,-0.183819,North,Barnet Hospital,2.18,Royal Free Hospital,10.7,Barnet Hospital,2.18,UCH (University College),14.19
EN55EB,51.647952,-0.185529,North,Barnet Hospital,2.07,Royal Free Hospital,10.63,Barnet Hospital,2.07,UCH (University College),14.13
EN55ED,51.651041,-0.18464,North,Barnet Hospital,2.11,Royal Free Hospital,10.96,Barnet Hospital,2.11,UCH (University College),14.45
EN55EE,51.649898,-0.184006,North,Barnet Hospital,2.15,Royal Free Hospital,10.83,Barnet Hospital,2.15,UCH (University College),14.31
EN55EF,51.649661,-0.183191,North,Barnet Hospital,2.21,Royal Free Hospital,10.8,Barnet Hospital,2.21,UCH (University College),14.27
EN55EG,51.650108,-0.183636,North,Barnet Hospital,2.18,Royal Free Hospital,10.85,Barnet Hospital,2.18,UCH (University College),14.33
EN55EH,51.65202,-0.185714,North,Barnet Hospital,2.04,Royal Free Hospital,11.08,Barnet Hospital,2.04,UCH (University College),14.57
EN55EJ,51.651666,-0.186132,North,Barnet Hospital,2.01,Royal Free Hospital,11.04,Barnet Hospital,2.01,UCH (University College),14.54
EN55EL,51.649716,-0.18037,North,Barnet Hospital,2.41,Royal Free Hospital,10.78,Barnet Hospital,2.41,UCH (University College),14.24
EN55EN,51.649317,-0.181918,North,Barnet Hospital,2.3,Royal Free Hospital,10.75,Barnet Hospital,2.3,UCH (University College),14.22
EN55EP,51.650781,-0.17602,North,Barnet Hospital,2.7,Royal Free Hospital,10.88,Barnet Hospital,2.7,UCH (University College),14.29
EN55EQ,51.650694,-0.184856,North,Barnet Hospital,2.09,Royal Free Hospital,10.92,Barnet Hospital,2.09,UCH (University College),14.41
EN55ER,51.651635,-0.185281,North,Barnet Hospital,2.07,Royal Free Hospital,11.03,Barnet Hospital,2.07,UCH (University College),14.52
EN55ES,51.648748,-0.182924,North,Barnet Hospital,2.24,Royal Free Hospital,10.69,Barnet Hospital,2.24,UCH (University College),14.17
EN55ET,51.648481,-0.182501,North,Barnet Hospital,2.27,Royal Free Hospital,10.66,Barnet Hospital,2.27,UCH (University College),14.14
EN55EU,51.650858,-0.180975,North,Barnet Hospital,2.36,Royal Free Hospital,10.91,Barnet Hospital,2.36,UCH (University College),14.37
EN55EW,51.650434,-0.177378,North,Barnet Hospital,2.61,Royal Free Hospital,10.84,Barnet Hospital,2.61,UCH (University College),14.27
EN55EX,51.650586,-0.183732,North,Barnet Hospital,2.17,Royal Free Hospital,10.9,Barnet Hospital,2.17,UCH (University College),14.38
EN55EY,51.651097,-0.181284,North,Barnet Hospital,2.34,Royal Free Hospital,10.94,Barnet Hospital,2.34,UCH (University College),14.4
EN55EZ,51.650227,-0.182634,North,Barnet Hospital,2.25,Royal Free Hospital,10.85,Barnet Hospital,2.25,UCH (University College),14.33
EN55FA,51.643241,-0.171119,North,Barnet Hospital,3.15,Royal Free Hospital,10.02,Barnet Hospital,3.15,UCH (University College),13.4
EN55FB,51.643241,-0.171119,North,Barnet Hospital,3.15,Royal Free Hospital,10.02,Barnet Hospital,3.15,UCH (University College),13.4
EN55FD,51.643241,-0.171119,North,Barnet Hospital,3.15,Royal Free Hospital,10.02,Barnet Hospital,3.15,UCH (University College),13.4
EN55FE,51.643241,-0.171119,North,Barnet Hospital,3.15,Royal Free Hospital,10.02,Barnet Hospital,3.15,UCH (University College),13.4
EN55FF,51.654604,-0.201123,North,Barnet Hospital,1.06,Royal Free Hospital,11.54,Barnet Hospital,1.06,UCH (University College),15.14
EN55FG,51.653079,-0.18677,North,Barnet Hospital,1.98,Royal Free Hospital,11.2,Barnet Hospital,1.98,UCH (University College),14.7
EN55FH,51.643241,-0.171119,North,Barnet Hospital,3.15,Royal Free Hospital,10.02,Barnet Hospital,3.15,UCH (University College),13.4
EN55FJ,51.662228,-0.196353,North,Barnet Hospital,1.83,Royal Free Hospital,12.31,Barnet Hospital,1.83,UCH (University College),15.85
EN55FL,51.651259,-0.176058,North,Barnet Hospital,2.7,Royal Free Hospital,10.93,Barnet Hospital,2.7,Homerton University,14.33
EN55FN,51.649634,-0.183785,North,Barnet Hospital,2.17,Royal Free Hospital,10.8,Barnet Hospital,2.17,UCH (University College),14.28
EN55FP,51.650811,-0.174486,North,Barnet Hospital,2.81,Royal Free Hospital,10.87,Barnet Hospital,2.81,Homerton University,14.22
EN55FQ,51.653636,-0.197243,North,Barnet Hospital,1.28,Royal Free Hospital,11.38,Barnet Hospital,1.28,UCH (University College),14.95
EN55FR,51.654006,-0.197301,North,Barnet Hospital,1.29,Royal Free Hospital,11.42,Barnet Hospital,1.29,UCH (University College),14.99
EN55FS,51.654151,-0.196211,North,Barnet Hospital,1.37,Royal Free Hospital,11.43,Barnet Hospital,1.37,UCH (University College),14.99
EN55FT,51.653841,-0.19537,North,Barnet Hospital,1.41,Royal Free Hospital,11.38,Barnet Hospital,1.41,UCH (University College),14.94
EN55FU,51.653827,-0.200344,North,Barnet Hospital,1.08,Royal Free Hospital,11.45,Barnet Hospital,1.08,UCH (University College),15.04
EN55FW,51.653836,-0.196802,North,Barnet Hospital,1.32,Royal Free Hospital,11.4,Barnet Hospital,1.32,UCH (University College),14.97
EN55FX,51.654159,-0.19676,North,Barnet Hospital,1.33,Royal Free Hospital,11.43,Barnet Hospital,1.33,UCH (University College),15.0
EN55FY,51.653903,-0.196467,North,Barnet Hospital,1.34,Royal Free Hospital,11.4,Barnet Hospital,1.34,UCH (University College),14.97
EN55FZ,51.655022,-0.200846,North,Barnet Hospital,1.1,Royal Free Hospital,11.58,Barnet Hospital,1.1,UCH (University College),15.17
EN55GA,51.65306,-0.186713,North,Barnet Hospital,1.98,Royal Free Hospital,11.2,Barnet Hospital,1.98,UCH (University College),14.7
EN55GB,51.653079,-0.18677,North,Barnet Hospital,1.98,Royal Free Hospital,11.2,Barnet Hospital,1.98,UCH (University College),14.7
EN55GD,51.648883,-0.182355,North,Barnet Hospital,2.28,Royal Free Hospital,10.7,Barnet Hospital,2.28,UCH (University College),14.18
EN55GE,51.651103,-0.17472,North,Barnet Hospital,2.79,Royal Free Hospital,10.91,Barnet Hospital,2.79,Homerton University,14.25
EN55GF,51.655973,-0.200664,North,Barnet Hospital,1.16,Royal Free Hospital,11.68,Barnet Hospital,1.16,UCH (University College),15.27
EN55GG,51.655973,-0.200664,North,Barnet Hospital,1.16,Royal Free Hospital,11.68,Barnet Hospital,1.16,UCH (University College),15.27
EN55GH,51.655707,-0.200935,North,Barnet Hospital,1.13,Royal Free Hospital,11.66,Barnet Hospital,1.13,UCH (University College),15.25
EN55HA,51.651523,-0.183261,North,Barnet Hospital,2.21,Royal Free Hospital,11.0,Barnet Hospital,2.21,UCH (University College),14.48
EN55HB,51.652585,-0.184491,North,Barnet Hospital,2.13,Royal Free Hospital,11.13,Barnet Hospital,2.13,UCH (University College),14.61
EN55HD,51.651232,-0.183606,North,Barnet Hospital,2.18,Royal Free Hospital,10.97,Barnet Hospital,2.18,UCH (University College),14.45
EN55HE,51.652295,-0.184315,North,Barnet Hospital,2.14,Royal Free Hospital,11.1,Barnet Hospital,2.14,UCH (University College),14.58
EN55HF,51.652681,-0.18547,North,Barnet Hospital,2.06,Royal Free Hospital,11.15,Barnet Hospital,2.06,UCH (University College),14.64
EN55HG,51.652273,-0.182928,North,Barnet Hospital,2.23,Royal Free Hospital,11.08,Barnet Hospital,2.23,UCH (University College),14.55
EN55HH,51.652265,-0.182379,North,Barnet Hospital,2.27,Royal Free Hospital,11.08,Barnet Hospital,2.27,UCH (University College),14.54
EN55HJ,51.651663,-0.181261,North,Barnet Hospital,2.34,Royal Free Hospital,11.0,Barnet Hospital,2.34,UCH (University College),14.46
EN55HL,51.652884,-0.182846,North,Barnet Hospital,2.25,Royal Free Hospital,11.15,Barnet Hospital,2.25,UCH (University College),14.62
EN55HN,51.653261,-0.182281,North,Barnet Hospital,2.29,Royal Free Hospital,11.19,Barnet Hospital,2.29,UCH (University College),14.65
EN55HP,51.653154,-0.176503,North,Barnet Hospital,2.68,Royal Free Hospital,11.14,Barnet Hospital,2.68,Homerton University,14.51
EN55HQ,51.651511,-0.181903,North,Barnet Hospital,2.3,Royal Free Hospital,10.99,Barnet Hospital,2.3,UCH (University College),14.45
EN55HR,51.652624,-0.180615,North,Barnet Hospital,2.4,Royal Free Hospital,11.11,Barnet Hospital,2.4,UCH (University College),14.56
EN55HS,51.652432,-0.180955,North,Barnet Hospital,2.37,Royal Free Hospital,11.09,Barnet Hospital,2.37,UCH (University College),14.54
EN55HT,51.653518,-0.176777,North,Barnet Hospital,2.67,Royal Free Hospital,11.18,Barnet Hospital,2.67,Homerton University,14.55
EN55HU,51.652807,-0.175606,North,Barnet Hospital,2.74,Royal Free Hospital,11.1,Barnet Hospital,2.74,Homerton University,14.44
EN55HW,51.65246,-0.180492,North,Barnet Hospital,2.4,Royal Free Hospital,11.09,Barnet Hospital,2.4,UCH (University College),14.54
EN55HX,51.653079,-0.18677,North,Barnet Hospital,1.98,Royal Free Hospital,11.2,Barnet Hospital,1.98,UCH (University College),14.7
EN55HY,51.653104,-0.185439,North,Barnet Hospital,2.07,Royal Free Hospital,11.19,Barnet Hospital,2.07,UCH (University College),14.68
EN55HZ,51.651696,-0.183963,North,Barnet Hospital,2.16,Royal Free Hospital,11.03,Barnet Hospital,2.16,UCH (University College),14.51
EN55JA,51.652784,-0.177602,North,Barnet Hospital,2.6,Royal Free Hospital,11.11,Barnet Hospital,2.6,UCH (University College),14.53
EN55JB,51.651882,-0.177999,North,Barnet Hospital,2.57,Royal Free Hospital,11.01,Barnet Hospital,2.57,UCH (University College),14.44
EN55JD,51.651719,-0.177312,North,Barnet Hospital,2.62,Royal Free Hospital,10.99,Barnet Hospital,2.62,UCH (University College),14.41
EN55JE,51.651779,-0.176544,North,Barnet Hospital,2.67,Royal Free Hospital,10.99,Barnet Hospital,2.67,Homerton University,14.39
EN55JF,51.651144,-0.177942,North,Barnet Hospital,2.57,Royal Free Hospital,10.93,Barnet Hospital,2.57,UCH (University College),14.36
EN55JG,51.650812,-0.178577,North,Barnet Hospital,2.53,Royal Free Hospital,10.89,Barnet Hospital,2.53,UCH (University College),14.33
EN55JH,51.649883,-0.178383,North,Barnet Hospital,2.54,Royal Free Hospital,10.79,Barnet Hospital,2.54,UCH (University College),14.22
EN55JJ,51.649436,-0.177967,North,Barnet Hospital,2.57,Royal Free Hospital,10.74,Barnet Hospital,2.57,UCH (University College),14.17
EN55JL,51.643241,-0.171119,North,Barnet Hospital,3.15,Royal Free Hospital,10.02,Barnet Hospital,3.15,UCH (University College),13.4
EN55JN,51.651945,-0.181438,North,Barnet Hospital,2.33,Royal Free Hospital,11.04,Barnet Hospital,2.33,UCH (University College),14.49
EN55JP,51.652196,-0.177336,North,Barnet Hospital,2.62,Royal Free Hospital,11.04,Barnet Hospital,2.62,UCH (University College),14.46
EN55JQ,51.649873,-0.178326,North,Barnet Hospital,2.55,Royal Free Hospital,10.79,Barnet Hospital,2.55,UCH (University College),14.22
EN55JR,51.651492,-0.182424,North,Barnet Hospital,2.26,Royal Free Hospital,10.99,Barnet Hospital,2.26,UCH (University College),14.46
EN55JS,51.655187,-0.177722,North,Barnet Hospital,2.63,Royal Free Hospital,11.37,Barnet Hospital,2.63,Homerton University,14.74
EN55JT,51.655317,-0.17685,North,Barnet Hospital,2.7,Royal Free Hospital,11.38,Barnet Hospital,2.7,Homerton University,14.71
EN55JU,51.65437,-0.176078,North,Barnet Hospital,2.73,Royal Free Hospital,11.27,Barnet Hospital,2.73,Homerton University,14.6
EN55JW,51.649772,-0.178792,North,Barnet Hospital,2.51,Royal Free Hospital,10.78,Barnet Hospital,2.51,UCH (University College),14.22
EN55JX,51.652197,-0.193701,North,Barnet Hospital,1.49,Royal Free Hospital,11.18,Barnet Hospital,1.49,UCH (University College),14.73
EN55JY,51.651691,-0.19414,North,Barnet Hospital,1.46,Royal Free Hospital,11.13,Barnet Hospital,1.46,UCH (University College),14.69
EN55JZ,51.652478,-0.191521,North,Barnet Hospital,1.65,Royal Free Hospital,11.19,Barnet Hospital,1.65,UCH (University College),14.72
EN55LA,51.653235,-0.192778,North,Barnet Hospital,1.57,Royal Free Hospital,11.28,Barnet Hospital,1.57,UCH (University College),14.82
EN55LB,51.652985,-0.191168,North,Barnet Hospital,1.68,Royal Free Hospital,11.24,Barnet Hospital,1.68,UCH (University College),14.77
EN55LD,51.653673,-0.187932,North,Barnet Hospital,1.91,Royal Free Hospital,11.28,Barnet Hospital,1.91,UCH (University College),14.79
EN55LE,51.65372,-0.185747,North,Barnet Hospital,2.06,Royal Free Hospital,11.27,Barnet Hospital,2.06,UCH (University College),14.75
EN55LF,51.653127,-0.185771,North,Barnet Hospital,2.05,Royal Free Hospital,11.2,Barnet Hospital,2.05,UCH (University College),14.69
EN55LG,51.653277,-0.187919,North,Barnet Hospital,1.9,Royal Free Hospital,11.24,Barnet Hospital,1.9,UCH (University College),14.74
EN55LH,51.654525,-0.177908,North,Barnet Hospital,2.61,Royal Free Hospital,11.3,Barnet Hospital,2.61,Homerton University,14.69
EN55LJ,51.65496,-0.176416,North,Barnet Hospital,2.72,Royal Free Hospital,11.34,Barnet Hospital,2.72,Homerton University,14.66
EN55LL,51.653079,-0.18677,North,Barnet Hospital,1.98,Royal Free Hospital,11.2,Barnet Hospital,1.98,UCH (University College),14.7
EN55LN,51.654026,-0.189855,North,Barnet Hospital,1.79,Royal Free Hospital,11.34,Barnet Hospital,1.79,UCH (University College),14.86
EN55LP,51.654443,-0.188335,North,Barnet Hospital,1.9,Royal Free Hospital,11.37,Barnet Hospital,1.9,UCH (University College),14.88
EN55LQ,51.652675,-0.187943,North,Barnet Hospital,1.89,Royal Free Hospital,11.17,Barnet Hospital,1.89,UCH (University College),14.68
EN55LR,51.654405,-0.1853,North,Barnet Hospital,2.1,Royal Free Hospital,11.34,Barnet Hospital,2.1,UCH (University College),14.82
EN55LS,51.654815,-0.187987,North,Barnet Hospital,1.93,Royal Free Hospital,11.41,Barnet Hospital,1.93,UCH (University College),14.91
EN55LT,51.655272,-0.189632,North,Barnet Hospital,1.84,Royal Free Hospital,11.47,Barnet Hospital,1.84,UCH (University College),14.99
EN55LU,51.655126,-0.187686,North,Barnet Hospital,1.96,Royal Free Hospital,11.44,Barnet Hospital,1.96,UCH (University College),14.94
EN55LW,51.65306,-0.186713,North,Barnet Hospital,1.98,Royal Free Hospital,11.2,Barnet Hospital,1.98,UCH (University College),14.7
EN55LX,51.654402,-0.185647,North,Barnet Hospital,2.08,Royal Free Hospital,11.34,Barnet Hospital,2.08,UCH (University College),14.83
EN55LY,51.654418,-0.186138,North,Barnet Hospital,2.05,Royal Free Hospital,11.35,Barnet Hospital,2.05,UCH (University College),14.84
EN55LZ,51.654112,-0.186078,North,Barnet Hospital,2.04,Royal Free Hospital,11.31,Barnet Hospital,2.04,UCH (University College),14.8
EN55NA,51.654194,-0.188489,North,Barnet Hospital,1.88,Royal Free Hospital,11.34,Barnet Hospital,1.88,UCH (University College),14.85
EN55NB,51.655594,-0.184834,North,Barnet Hospital,2.16,Royal Free Hospital,11.46,Barnet Hospital,2.16,UCH (University College),14.94
EN55ND,51.655027,-0.184827,North,Barnet Hospital,2.15,Royal Free Hospital,11.4,Barnet Hospital,2.15,UCH (University College),14.88
EN55NE,51.653341,-0.185083,North,Barnet Hospital,2.1,Royal Free Hospital,11.22,Barnet Hospital,2.1,UCH (University College),14.7
EN55NF,51.657148,-0.184135,North,Barnet Hospital,2.26,Royal Free Hospital,11.63,Barnet Hospital,2.26,UCH (University College),15.1
EN55NG,51.653703,-0.184678,North,Barnet Hospital,2.13,Royal Free Hospital,11.25,Barnet Hospital,2.13,UCH (University College),14.74
EN55NH,51.654127,-0.184184,North,Barnet Hospital,2.17,Royal Free Hospital,11.3,Barnet Hospital,2.17,UCH (University College),14.77
EN55NJ,51.654947,-0.184267,North,Barnet Hospital,2.19,Royal Free Hospital,11.39,Barnet Hospital,2.19,UCH (University College),14.86
EN55NL,51.65589,-0.185342,North,Barnet Hospital,2.14,Royal Free Hospital,11.5,Barnet Hospital,2.14,UCH (University College),14.98
EN55NN,51.655225,-0.185947,North,Barnet Hospital,2.08,Royal Free Hospital,11.43,Barnet Hospital,2.08,UCH (University College),14.92
EN55NP,51.655941,-0.188087,North,Barnet Hospital,1.96,Royal Free Hospital,11.53,Barnet Hospital,1.96,UCH (University College),15.03
EN55NQ,51.653165,-0.184208,North,Barnet Hospital,2.16,Royal Free Hospital,11.19,Barnet Hospital,2.16,UCH (University College),14.67
EN55NR,51.656375,-0.18593,North,Barnet Hospital,2.12,Royal Free Hospital,11.56,Barnet Hospital,2.12,UCH (University College),15.04
EN55NS,51.656493,-0.184263,North,Barnet Hospital,2.23,Royal Free Hospital,11.56,Barnet Hospital,2.23,UCH (University College),15.03
EN55NT,51.656718,-0.184239,North,Barnet Hospital,2.24,Royal Free Hospital,11.58,Barnet Hospital,2.24,UCH (University College),15.05
EN55NU,51.657079,-0.186061,North,Barnet Hospital,2.13,Royal Free Hospital,11.64,Barnet Hospital,2.13,UCH (University College),15.12
EN55NW,51.65554,-0.188291,North,Barnet Hospital,1.93,Royal Free Hospital,11.49,Barnet Hospital,1.93,UCH (University College),14.99
EN55NX,51.657444,-0.182331,North,Barnet Hospital,2.39,Royal Free Hospital,11.65,Barnet Hospital,2.39,UCH (University College),15.1
EN55NY,51.656687,-0.181653,North,Barnet Hospital,2.41,Royal Free Hospital,11.56,Barnet Hospital,2.41,UCH (University College),15.01
EN55NZ,51.65655,-0.182135,North,Barnet Hospital,2.37,Royal Free Hospital,11.55,Barnet Hospital,2.37,UCH (University College),15.0
EN55PA,51.655913,-0.182753,North,Barnet Hospital,2.31,Royal Free Hospital,11.48,Barnet Hospital,2.31,UCH (University College),14.94
EN55PB,51.655445,-0.181601,North,Barnet Hospital,2.38,Royal Free Hospital,11.42,Barnet Hospital,2.38,UCH (University College),14.88
EN55PD,51.655049,-0.182123,North,Barnet Hospital,2.33,Royal Free Hospital,11.38,Barnet Hospital,2.33,UCH (University College),14.84
EN55PE,51.654636,-0.181619,North,Barnet Hospital,2.36,Royal Free Hospital,11.33,Barnet Hospital,2.36,UCH (University College),14.79
EN55PF,51.654475,-0.18164,North,Barnet Hospital,2.35,Royal Free Hospital,11.32,Barnet Hospital,2.35,UCH (University College),14.77
EN55PG,51.653746,-0.181611,North,Barnet Hospital,2.34,Royal Free Hospital,11.24,Barnet Hospital,2.34,UCH (University College),14.69
EN55PH,51.65306,-0.186713,North,Barnet Hospital,1.98,Royal Free Hospital,11.2,Barnet Hospital,1.98,UCH (University College),14.7
EN55PJ,51.654125,-0.182868,North,Barnet Hospital,2.26,Royal Free Hospital,11.29,Barnet Hospital,2.26,UCH (University College),14.75
EN55PL,51.654125,-0.182868,North,Barnet Hospital,2.26,Royal Free Hospital,11.29,Barnet Hospital,2.26,UCH (University College),14.75
EN55PN,51.659762,-0.198547,North,Barnet Hospital,1.53,Royal Free Hospital,12.07,Barnet Hospital,1.53,UCH (University College),15.63
EN55PP,51.658225,-0.200387,North,Barnet Hospital,1.32,Royal Free Hospital,11.93,Barnet Hospital,1.32,UCH (University College),15.5
EN55PQ,51.654302,-0.182109,North,Barnet Hospital,2.32,Royal Free Hospital,11.3,Barnet Hospital,2.32,UCH (University College),14.76
EN55PR,51.659658,-0.198826,North,Barnet Hospital,1.51,Royal Free Hospital,12.06,Barnet Hospital,1.51,UCH (University College),15.63
EN55PS,51.661515,-0.195586,North,Barnet Hospital,1.81,Royal Free Hospital,12.22,Barnet Hospital,1.81,UCH (University College),15.76
EN55PT,51.661655,-0.195899,North,Barnet Hospital,1.8,Royal Free Hospital,12.24,Barnet Hospital,1.8,UCH (University College),15.78
EN55PU,51.662744,-0.197721,North,Barnet Hospital,1.8,Royal Free Hospital,12.38,Barnet Hospital,1.8,UCH (University College),15.94
EN55PW,51.659762,-0.198547,North,Barnet Hospital,1.53,Royal Free Hospital,12.07,Barnet Hospital,1.53,UCH (University College),15.63
EN55PX,51.662258,-0.196554,North,Barnet Hospital,1.82,Royal Free Hospital,12.32,Barnet Hospital,1.82,UCH (University College),15.86
EN55PY,51.661466,-0.194721,North,Barnet Hospital,1.85,Royal Free Hospital,12.21,Barnet Hospital,1.85,UCH (University College),15.74
EN55PZ,51.661328,-0.193931,North,Barnet Hospital,1.88,Royal Free Hospital,12.18,Barnet Hospital,1.88,UCH (University College),15.71
EN55QA,51.661311,-0.194626,North,Barnet Hospital,1.85,Royal Free Hospital,12.19,Barnet Hospital,1.85,UCH (University College),15.72
EN55QB,51.661291,-0.194496,North,Barnet Hospital,1.85,Royal Free Hospital,12.19,Barnet Hospital,1.85,UCH (University College),15.72
EN55QD,51.661019,-0.193741,North,Barnet Hospital,1.87,Royal Free Hospital,12.15,Barnet Hospital,1.87,UCH (University College),15.68
EN55QE,51.659965,-0.191281,North,Barnet Hospital,1.95,Royal Free Hospital,12.01,Barnet Hospital,1.95,UCH (University College),15.52
EN55QF,51.659169,-0.189824,North,Barnet Hospital,1.99,Royal Free Hospital,11.9,Barnet Hospital,1.99,UCH (University College),15.41
EN55QG,51.658444,-0.187727,North,Barnet Hospital,2.08,Royal Free Hospital,11.8,Barnet Hospital,2.08,UCH (University College),15.3
EN55QH,51.657981,-0.182743,North,Barnet Hospital,2.38,Royal Free Hospital,11.71,Barnet Hospital,2.38,UCH (University College),15.17
EN55QJ,51.658001,-0.181716,North,Barnet Hospital,2.45,Royal Free Hospital,11.71,Barnet Hospital,2.45,UCH (University College),15.16
EN55QL,51.658015,-0.180906,North,Barnet Hospital,2.5,Royal Free Hospital,11.7,Barnet Hospital,2.5,Homerton University,15.12
EN55QN,51.656534,-0.183423,North,Barnet Hospital,2.29,Royal Free Hospital,11.56,Barnet Hospital,2.29,UCH (University College),15.02
EN55QP,51.656492,-0.182976,North,Barnet Hospital,2.31,Royal Free Hospital,11.55,Barnet Hospital,2.31,UCH (University College),15.01
EN55QQ,51.657782,-0.184457,North,Barnet Hospital,2.26,Royal Free Hospital,11.7,Barnet Hospital,2.26,UCH (University College),15.17
EN55QR,51.655286,-0.182938,North,Barnet Hospital,2.28,Royal Free Hospital,11.42,Barnet Hospital,2.28,UCH (University College),14.88
EN55QS,51.653802,-0.182925,North,Barnet Hospital,2.25,Royal Free Hospital,11.25,Barnet Hospital,2.25,UCH (University College),14.72
EN55QT,51.654952,-0.183442,North,Barnet Hospital,2.24,Royal Free Hospital,11.38,Barnet Hospital,2.24,UCH (University College),14.85
EN55QU,51.653738,-0.183419,North,Barnet Hospital,2.22,Royal Free Hospital,11.25,Barnet Hospital,2.22,UCH (University College),14.72
EN55QW,51.656815,-0.183527,North,Barnet Hospital,2.29,Royal Free Hospital,11.59,Barnet Hospital,2.29,UCH (University College),15.05
EN55QX,51.654358,-0.183437,North,Barnet Hospital,2.23,Royal Free Hospital,11.32,Barnet Hospital,2.23,UCH (University College),14.79
EN55QY,51.656689,-0.182939,North,Barnet Hospital,2.32,Royal Free Hospital,11.57,Barnet Hospital,2.32,UCH (University College),15.03
EN55QZ,51.655945,-0.184241,North,Barnet Hospital,2.21,Royal Free Hospital,11.5,Barnet Hospital,2.21,UCH (University College),14.97
EN55RA,51.655945,-0.184241,North,Barnet Hospital,2.21,Royal Free Hospital,11.5,Barnet Hospital,2.21,UCH (University College),14.97
EN55RB,51.653079,-0.18677,North,Barnet Hospital,1.98,Royal Free Hospital,11.2,Barnet Hospital,1.98,UCH (University College),14.7
EN55RD,51.648663,-0.191384,North,Barnet Hospital,1.66,Royal Free Hospital,10.77,Barnet Hospital,1.66,UCH (University College),14.31
EN55RE,51.649832,-0.19605,North,Barnet Hospital,1.32,Royal Free Hospital,10.95,Barnet Hospital,1.32,UCH (University College),14.52
EN55RF,51.643241,-0.171119,North,Barnet Hospital,3.15,Royal Free Hospital,10.02,Barnet Hospital,3.15,UCH (University College),13.4
EN55RG,51.649832,-0.19605,North,Barnet Hospital,1.32,Royal Free Hospital,10.95,Barnet Hospital,1.32,UCH (University College),14.52
EN55RH,51.650596,-0.196034,North,Barnet Hospital,1.32,Royal Free Hospital,11.03,Barnet Hospital,1.32,UCH (University College),14.61
EN55RJ,51.650642,-0.190235,North,Barnet Hospital,1.72,Royal Free Hospital,10.97,Barnet Hospital,1.72,UCH (University College),14.5
EN55RL,51.652742,-0.198724,North,Barnet Hospital,1.16,Royal Free Hospital,11.31,Barnet Hospital,1.16,UCH (University College),14.89
EN55RN,51.652805,-0.198751,North,Barnet Hospital,1.16,Royal Free Hospital,11.31,Barnet Hospital,1.16,UCH (University College),14.9
EN55RP,51.65044,-0.194074,North,Barnet Hospital,1.46,Royal Free Hospital,10.99,Barnet Hospital,1.46,UCH (University College),14.55
EN55RQ,51.652805,-0.198751,North,Barnet Hospital,1.16,Royal Free Hospital,11.31,Barnet Hospital,1.16,UCH (University College),14.9
EN55RR,51.65182,-0.196679,North,Barnet Hospital,1.28,Royal Free Hospital,11.18,Barnet Hospital,1.28,UCH (University College),14.75
EN55RS,51.65226,-0.196662,North,Barnet Hospital,1.29,Royal Free Hospital,11.22,Barnet Hospital,1.29,UCH (University College),14.8
EN55RT,51.652075,-0.197493,North,Barnet Hospital,1.23,Royal Free Hospital,11.22,Barnet Hospital,1.23,UCH (University College),14.79
EN55RU,51.652352,-0.197959,North,Barnet Hospital,1.2,Royal Free Hospital,11.25,Barnet Hospital,1.2,UCH (University College),14.83
EN55RW,51.652404,-0.19722,North,Barnet Hospital,1.25,Royal Free Hospital,11.25,Barnet Hospital,1.25,UCH (University College),14.82
EN55RX,51.652742,-0.198724,North,Barnet Hospital,1.16,Royal Free Hospital,11.31,Barnet Hospital,1.16,UCH (University College),14.89
EN55RY,51.653149,-0.197711,North,Barnet Hospital,1.24,Royal Free Hospital,11.34,Barnet Hospital,1.24,UCH (University College),14.91
EN55RZ,51.652511,-0.196608,North,Barnet Hospital,1.3,Royal Free Hospital,11.25,Barnet Hospital,1.3,UCH (University College),14.82
EN55SA,51.654018,-0.196953,North,Barnet Hospital,1.31,Royal Free Hospital,11.42,Barnet Hospital,1.31,UCH (University College),14.99
EN55SB,51.653251,-0.200251,North,Barnet Hospital,1.07,Royal Free Hospital,11.38,Barnet Hospital,1.07,UCH (University College),14.97
EN55SD,51.653493,-0.200241,North,Barnet Hospital,1.08,Royal Free Hospital,11.41,Barnet Hospital,1.08,UCH (University College),15.0
EN55SE,51.653669,-0.195854,North,Barnet Hospital,1.37,Royal Free Hospital,11.37,Barnet Hospital,1.37,UCH (University College),14.93
EN55SF,51.653581,-0.195988,North,Barnet Hospital,1.36,Royal Free Hospital,11.36,Barnet Hospital,1.36,UCH (University College),14.92
EN55SG,51.653348,-0.194855,North,Barnet Hospital,1.43,Royal Free Hospital,11.32,Barnet Hospital,1.43,UCH (University College),14.88
EN55SH,51.653254,-0.195784,North,Barnet Hospital,1.37,Royal Free Hospital,11.32,Barnet Hospital,1.37,UCH (University College),14.88
EN55SJ,51.653029,-0.19932,North,Barnet Hospital,1.13,Royal Free Hospital,11.34,Barnet Hospital,1.13,UCH (University College),14.93
EN55SL,51.65306,-0.186713,North,Barnet Hospital,1.98,Royal Free Hospital,11.2,Barnet Hospital,1.98,UCH (University College),14.7
EN55SN,51.653502,-0.200834,North,Barnet Hospital,1.04,Royal Free Hospital,11.42,Barnet Hospital,1.04,UCH (University College),15.01
EN55SP,51.654699,-0.199731,North,Barnet Hospital,1.16,Royal Free Hospital,11.53,Barnet Hospital,1.16,UCH (University College),15.12
EN55SQ,51.652989,-0.196705,North,Barnet Hospital,1.3,Royal Free Hospital,11.3,Barnet Hospital,1.3,UCH (University College),14.87
EN55SR,51.654758,-0.200032,North,Barnet Hospital,1.14,Royal Free Hospital,11.54,Barnet Hospital,1.14,UCH (University College),15.13
EN55SS,51.654656,-0.200398,North,Barnet Hospital,1.11,Royal Free Hospital,11.54,Barnet Hospital,1.11,UCH (University College),15.13
EN55ST,51.654392,-0.200206,North,Barnet Hospital,1.11,Royal Free Hospital,11.51,Barnet Hospital,1.11,UCH (University College),15.09
EN55SU,51.65781,-0.201473,North,Barnet Hospital,1.23,Royal Free Hospital,11.9,Barnet Hospital,1.23,UCH (University College),15.48
EN55SW,51.653493,-0.200241,North,Barnet Hospital,1.08,Royal Free Hospital,11.41,Barnet Hospital,1.08,UCH (University College),15.0
EN55SX,51.657124,-0.201891,North,Barnet Hospital,1.16,Royal Free Hospital,11.83,Barnet Hospital,1.16,UCH (University College),15.42
EN55SY,51.656605,-0.202027,North,Barnet Hospital,1.12,Royal Free Hospital,11.77,Barnet Hospital,1.12,UCH (University College),15.37
EN55SZ,51.656916,-0.201205,North,Barnet Hospital,1.19,Royal Free Hospital,11.79,Barnet Hospital,1.19,UCH (University College),15.38
EN55TA,51.65683,-0.201468,North,Barnet Hospital,1.17,Royal Free Hospital,11.79,Barnet Hospital,1.17,UCH (University College),15.38
EN55TB,51.657266,-0.200584,North,Barnet Hospital,1.24,Royal Free Hospital,11.82,Barnet Hospital,1.24,UCH (University College),15.41
EN55TD,51.657874,-0.200921,North,Barnet Hospital,1.27,Royal Free Hospital,11.89,Barnet Hospital,1.27,UCH (University College),15.48
EN55TE,51.657596,-0.19979,North,Barnet Hospital,1.31,Royal Free Hospital,11.85,Barnet Hospital,1.31,UCH (University College),15.43
EN55TF,51.657946,-0.200933,North,Barnet Hospital,1.27,Royal Free Hospital,11.9,Barnet Hospital,1.27,UCH (University College),15.49
EN55TG,51.656645,-0.199379,North,Barnet Hospital,1.28,Royal Free Hospital,11.74,Barnet Hospital,1.28,UCH (University College),15.32
EN55TH,51.654523,-0.200562,North,Barnet Hospital,1.1,Royal Free Hospital,11.53,Barnet Hospital,1.1,UCH (University College),15.11
EN55TJ,51.655668,-0.199534,North,Barnet Hospital,1.21,Royal Free Hospital,11.64,Barnet Hospital,1.21,UCH (University College),15.22
EN55TL,51.657301,-0.198732,North,Barnet Hospital,1.35,Royal Free Hospital,11.8,Barnet Hospital,1.35,UCH (University College),15.37
EN55TN,51.656802,-0.197884,North,Barnet Hospital,1.37,Royal Free Hospital,11.74,Barnet Hospital,1.37,UCH (University College),15.3
EN55TP,51.654762,-0.197372,North,Barnet Hospital,1.31,Royal Free Hospital,11.51,Barnet Hospital,1.31,UCH (University College),15.08
EN55TQ,51.65306,-0.186713,North,Barnet Hospital,1.98,Royal Free Hospital,11.2,Barnet Hospital,1.98,UCH (University College),14.7
EN55TR,51.653733,-0.20003,North,Barnet Hospital,1.1,Royal Free Hospital,11.43,Barnet Hospital,1.1,UCH (University College),15.02
EN55TS,51.654137,-0.198828,North,Barnet Hospital,1.19,Royal Free Hospital,11.46,Barnet Hospital,1.19,UCH (University College),15.04
EN55TT,51.65342,-0.200158,North,Barnet Hospital,1.08,Royal Free Hospital,11.4,Barnet Hospital,1.08,UCH (University College),14.99
EN55TU,51.654279,-0.199849,North,Barnet Hospital,1.13,Royal Free Hospital,11.49,Barnet Hospital,1.13,UCH (University College),15.07
EN55TW,51.655127,-0.198326,North,Barnet Hospital,1.26,Royal Free Hospital,11.56,Barnet Hospital,1.26,UCH (University College),15.13
EN55TX,51.653625,-0.200034,North,Barnet Hospital,1.1,Royal Free Hospital,11.42,Barnet Hospital,1.1,UCH (University College),15.01
EN55TY,51.653795,-0.200591,North,Barnet Hospital,1.06,Royal Free Hospital,11.45,Barnet Hospital,1.06,UCH (University College),15.04
EN55TZ,51.653332,-0.19912,North,Barnet Hospital,1.15,Royal Free Hospital,11.38,Barnet Hospital,1.15,UCH (University College),14.96
EN55UA,51.654516,-0.201849,North,Barnet Hospital,1.01,Royal Free Hospital,11.54,Barnet Hospital,1.01,UCH (University College),15.14
EN55UB,51.654499,-0.201893,North,Barnet Hospital,1.01,Royal Free Hospital,11.54,Barnet Hospital,1.01,UCH (University College),15.14
EN55UD,51.650753,-0.197459,North,Barnet Hospital,1.22,Royal Free Hospital,11.07,Barnet Hospital,1.22,UCH (University College),14.65
EN55UE,51.651141,-0.196981,North,Barnet Hospital,1.26,Royal Free Hospital,11.11,Barnet Hospital,1.26,UCH (University College),14.68
EN55UF,51.650753,-0.197459,North,Barnet Hospital,1.22,Royal Free Hospital,11.07,Barnet Hospital,1.22,UCH (University College),14.65
EN55UH,51.651292,-0.197423,North,Barnet Hospital,1.23,Royal Free Hospital,11.13,Barnet Hospital,1.23,UCH (University College),14.71
EN55UJ,51.651698,-0.198086,North,Barnet Hospital,1.19,Royal Free Hospital,11.18,Barnet Hospital,1.19,UCH (University College),14.76
EN55UL,51.655113,-0.188612,North,Barnet Hospital,1.9,Royal Free Hospital,11.45,Barnet Hospital,1.9,UCH (University College),14.95
EN55UN,51.651601,-0.198264,North,Barnet Hospital,1.17,Royal Free Hospital,11.17,Barnet Hospital,1.17,UCH (University College),14.76
EN55UP,51.654906,-0.202051,North,Barnet Hospital,1.02,Royal Free Hospital,11.59,Barnet Hospital,1.02,UCH (University College),15.19
EN55UQ,51.652515,-0.199774,North,Barnet Hospital,1.08,Royal Free Hospital,11.3,Barnet Hospital,1.08,UCH (University College),14.89
EN55UR,51.654165,-0.201805,North,Barnet Hospital,1.0,Royal Free Hospital,11.5,Barnet Hospital,1.0,UCH (University College),15.1
EN55US,51.654958,-0.200747,North,Barnet Hospital,1.1,Royal Free Hospital,11.58,Barnet Hospital,1.1,UCH (University College),15.16
EN55UT,51.653632,-0.201682,North,Barnet Hospital,0.99,Royal Free Hospital,11.45,Barnet Hospital,0.99,UCH (University College),15.04
EN55UU,51.653825,-0.201949,North,Barnet Hospital,0.98,Royal Free Hospital,11.47,Barnet Hospital,0.98,UCH (University College),15.07
EN55UW,51.652792,-0.199677,North,Barnet Hospital,1.1,Royal Free Hospital,11.32,Barnet Hospital,1.1,UCH (University College),14.91
EN55UX,51.654733,-0.201927,North,Barnet Hospital,1.02,Royal Free Hospital,11.57,Barnet Hospital,1.02,UCH (University College),15.17
EN55UY,51.654452,-0.201779,North,Barnet Hospital,1.02,Royal Free Hospital,11.54,Barnet Hospital,1.02,UCH (University College),15.13
EN55UZ,51.655771,-0.20219,North,Barnet Hospital,1.06,Royal Free Hospital,11.68,Barnet Hospital,1.06,UCH (University College),15.28
EN55WA,51.643241,-0.171119,North,Barnet Hospital,3.15,Royal Free Hospital,10.02,Barnet Hospital,3.15,UCH (University College),13.4
EN55WB,51.643241,-0.171119,North,Barnet Hospital,3.15,Royal Free Hospital,10.02,Barnet Hospital,3.15,UCH (University College),13.4
EN55WD,51.643241,-0.171119,North,Barnet Hospital,3.15,Royal Free Hospital,10.02,Barnet Hospital,3.15,UCH (University College),13.4
EN55WE,51.643241,-0.171119,North,Barnet Hospital,3.15,Royal Free Hospital,10.02,Barnet Hospital,3.15,UCH (University College),13.4
EN55WF,51.643241,-0.171119,North,Barnet Hospital,3.15,Royal Free Hospital,10.02,Barnet Hospital,3.15,UCH (University College),13.4
EN55WG,51.643241,-0.171119,North,Barnet Hospital,3.15,Royal Free Hospital,10.02,Barnet Hospital,3.15,UCH (University College),13.4
EN55WH,51.643241,-0.171119,North,Barnet Hospital,3.15,Royal Free Hospital,10.02,Barnet Hospital,3.15,UCH (University College),13.4
EN55WJ,51.643241,-0.171119,North,Barnet Hospital,3.15,Royal Free Hospital,10.02,Barnet Hospital,3.15,UCH (University College),13.4
EN55WL,51.643241,-0.171119,North,Barnet Hospital,3.15,Royal Free Hospital,10.02,Barnet Hospital,3.15,UCH (University College),13.4
EN55WN,51.643241,-0.171119,North,Barnet Hospital,3.15,Royal Free Hospital,10.02,Barnet Hospital,3.15,UCH (University College),13.4
EN55WP,51.643241,-0.171119,North,Barnet Hospital,3.15,Royal Free Hospital,10.02,Barnet Hospital,3.15,UCH (University College),13.4
EN55WQ,51.643241,-0.171119,North,Barnet Hospital,3.15,Royal Free Hospital,10.02,Barnet Hospital,3.15,UCH (University College),13.4
EN55WR,51.643241,-0.171119,North,Barnet Hospital,3.15,Royal Free Hospital,10.02,Barnet Hospital,3.15,UCH (University College),13.4
EN55WS,51.643241,-0.171119,North,Barnet Hospital,3.15,Royal Free Hospital,10.02,Barnet Hospital,3.15,UCH (University College),13.4
EN55WT,51.643241,-0.171119,North,Barnet Hospital,3.15,Royal Free Hospital,10.02,Barnet Hospital,3.15,UCH (University College),13.4
EN55WU,51.643241,-0.171119,North,Barnet Hospital,3.15,Royal Free Hospital,10.02,Barnet Hospital,3.15,UCH (University College),13.4
EN55WW,51.654436,-0.203096,North,Barnet Hospital,0.93,Royal Free Hospital,11.55,Barnet Hospital,0.93,UCH (University College),15.16
EN55WX,51.643241,-0.171119,North,Barnet Hospital,3.15,Royal Free Hospital,10.02,Barnet Hospital,3.15,UCH (University College),13.4
EN55WY,51.643241,-0.171119,North,Barnet Hospital,3.15,Royal Free Hospital,10.02,Barnet Hospital,3.15,UCH (University College),13.4
EN55WZ,51.643241,-0.171119,North,Barnet Hospital,3.15,Royal Free Hospital,10.02,Barnet Hospital,3.15,UCH (University College),13.4
EN55XA,51.6565,-0.200426,North,Barnet Hospital,1.21,Royal Free Hospital,11.74,Barnet Hospital,1.21,UCH (University College),15.32
EN55XB,51.643241,-0.171119,North,Barnet Hospital,3.15,Royal Free Hospital,10.02,Barnet Hospital,3.15,UCH (University College),13.4
EN55XD,51.643015,-0.171013,North,Barnet Hospital,3.17,Royal Free Hospital,9.99,Barnet Hospital,3.17,UCH (University College),13.38
EN55XE,51.65632,-0.201055,North,Barnet Hospital,1.16,Royal Free Hospital,11.73,Barnet Hospital,1.16,UCH (University College),15.32
EN55XG,51.656686,-0.201431,North,Barnet Hospital,1.16,Royal Free Hospital,11.77,Barnet Hospital,1.16,UCH (University College),15.36
EN55XH,51.653814,-0.201241,North,Barnet Hospital,1.02,Royal Free Hospital,11.46,Barnet Hospital,1.02,UCH (University College),15.05
EN55XJ,51.653859,-0.201239,North,Barnet Hospital,1.03,Royal Free Hospital,11.46,Barnet Hospital,1.03,UCH (University College),15.06
EN55XL,51.643241,-0.171119,North,Barnet Hospital,3.15,Royal Free Hospital,10.02,Barnet Hospital,3.15,UCH (University College),13.4
EN55XN,51.643015,-0.171013,North,Barnet Hospital,3.17,Royal Free Hospital,9.99,Barnet Hospital,3.17,UCH (University College),13.38
EN55XP,51.655735,-0.201584,North,Barnet Hospital,1.09,Royal Free Hospital,11.67,Barnet Hospital,1.09,UCH (University College),15.26
EN55XQ,51.654615,-0.201252,North,Barnet Hospital,1.06,Royal Free Hospital,11.55,Barnet Hospital,1.06,UCH (University College),15.14
EN55XR,51.655112,-0.201421,North,Barnet Hospital,1.07,Royal Free Hospital,11.6,Barnet Hospital,1.07,UCH (University College),15.2
EN55XS,51.643241,-0.171119,North,Barnet Hospital,3.15,Royal Free Hospital,10.02,Barnet Hospital,3.15,UCH (University College),13.4
EN55XT,51.65511,-0.201305,North,Barnet Hospital,1.08,Royal Free Hospital,11.6,Barnet Hospital,1.08,UCH (University College),15.19
EN55XU,51.643241,-0.171119,North,Barnet Hospital,3.15,Royal Free Hospital,10.02,Barnet Hospital,3.15,UCH (University College),13.4
EN55XW,51.655184,-0.201447,North,Barnet Hospital,1.07,Royal Free Hospital,11.61,Barnet Hospital,1.07,UCH (University College),15.2
EN55XX,51.654414,-0.201651,North,Barnet Hospital,1.02,Royal Free Hospital,11.53,Barnet Hospital,1.02,UCH (University College),15.13
EN55XY,51.655345,-0.203132,North,Barnet Hospital,0.98,Royal Free Hospital,11.65,Barnet Hospital,0.98,UCH (University College),15.26
EN55XZ,51.653728,-0.200912,North,Barnet Hospital,1.04,Royal Free Hospital,11.44,Barnet Hospital,1.04,UCH (University College),15.04
EN55YH,51.657525,-0.201643,North,Barnet Hospital,1.2,Royal Free Hospital,11.87,Barnet Hospital,1.2,UCH (University College),15.46
EN55YJ,51.657132,-0.202989,North,Barnet Hospital,1.11,Royal Free Hospital,11.84,Barnet Hospital,1.11,UCH (University College),15.44
EN55YL,51.654793,-0.199409,North,Barnet Hospital,1.18,Royal Free Hospital,11.54,Barnet Hospital,1.18,UCH (University College),15.12
EN55YN,51.657132,-0.202989,North,Barnet Hospital,1.11,Royal Free Hospital,11.84,Barnet Hospital,1.11,UCH (University College),15.44
EN55YP,51.654651,-0.198923,North,Barnet Hospital,1.21,Royal Free Hospital,11.52,Barnet Hospital,1.21,UCH (University College),15.09
EN55YQ,51.643241,-0.171119,North,Barnet Hospital,3.15,Royal Free Hospital,10.02,Barnet Hospital,3.15,UCH (University College),13.4
EN55YR,51.654941,-0.1991,North,Barnet Hospital,1.21,Royal Free Hospital,11.55,Barnet Hospital,1.21,UCH (University College),15.13
EN55YS,51.648736,-0.19206,North,Barnet Hospital,1.61,Royal Free Hospital,10.78,Barnet Hospital,1.61,UCH (University College),14.33
EN55YT,51.643241,-0.171119,North,Barnet Hospital,3.15,Royal Free Hospital,10.02,Barnet Hospital,3.15,UCH (University College),13.4
EN55YU,51.65306,-0.186713,North,Barnet Hospital,1.98,Royal Free Hospital,11.2,Barnet Hospital,1.98,UCH (University College),14.7
EN55YW,51.643241,-0.171119,North,Barnet Hospital,3.15,Royal Free Hospital,10.02,Barnet Hospital,3.15,UCH (University College),13.4
EN55YX,51.643241,-0.171119,North,Barnet Hospital,3.15,Royal Free Hospital,10.02,Barnet Hospital,3.15,UCH (University College),13.4
EN55YY,51.643241,-0.171119,North,Barnet Hospital,3.15,Royal Free Hospital,10.02,Barnet Hospital,3.15,UCH (University College),13.4
EN55YZ,51.643241,-0.171119,North,Barnet Hospital,3.15,Royal Free Hospital,10.02,Barnet Hospital,3.15,UCH (University College),13.4
EN55ZD,51.643241,-0.171119,North,Barnet Hospital,3.15,Royal Free Hospital,10.02,Barnet Hospital,3.15,UCH (University College),13.4
EN55ZE,51.65306,-0.186713,North,Barnet Hospital,1.98,Royal Free Hospital,11.2,Barnet Hospital,1.98,UCH (University College),14.7
EN55ZF,51.643241,-0.171119,North,Barnet Hospital,3.15,Royal Free Hospital,10.02,Barnet Hospital,3.15,UCH (University College),13.4
EN55ZG,51.654651,-0.198923,North,Barnet Hospital,1.21,Royal Free Hospital,11.52,Barnet Hospital,1.21,UCH (University College),15.09
EN55ZH,51.643241,-0.171119,North,Barnet Hospital,3.15,Royal Free Hospital,10.02,Barnet Hospital,3.15,UCH (University College),13.4
EN55ZJ,51.643241,-0.171119,North,Barnet Hospital,3.15,Royal Free Hospital,10.02,Barnet Hospital,3.15,UCH (University College),13.4
EN55ZL,51.65306,-0.186713,North,Barnet Hospital,1.98,Royal Free Hospital,11.2,Barnet Hospital,1.98,UCH (University College),14.7
EN55ZN,51.65306,-0.186713,North,Barnet Hospital,1.98,Royal Free Hospital,11.2,Barnet Hospital,1.98,UCH (University College),14.7
EN55ZP,51.65306,-0.186713,North,Barnet Hospital,1.98,Royal Free Hospital,11.2,Barnet Hospital,1.98,UCH (University College),14.7
EN55ZQ,51.643241,-0.171119,North,Barnet Hospital,3.15,Royal Free Hospital,10.02,Barnet Hospital,3.15,UCH (University College),13.4
EN55ZR,51.643241,-0.171119,North,Barnet Hospital,3.15,Royal Free Hospital,10.02,Barnet Hospital,3.15,UCH (University College),13.4
EN55ZS,51.643241,-0.171119,North,Barnet Hospital,3.15,Royal Free Hospital,10.02,Barnet Hospital,3.15,UCH (University College),13.4
EN55ZT,51.643241,-0.171119,North,Barnet Hospital,3.15,Royal Free Hospital,10.02,Barnet Hospital,3.15,UCH (University College),13.4
EN55ZU,51.65306,-0.186713,North,Barnet Hospital,1.98,Royal Free Hospital,11.2,Barnet Hospital,1.98,UCH (University College),14.7
EN55ZW,51.653079,-0.18677,North,Barnet Hospital,1.98,Royal Free Hospital,11.2,Barnet Hospital,1.98,UCH (University College),14.7
EN55ZX,51.643015,-0.171013,North,Barnet Hospital,3.17,Royal Free Hospital,9.99,Barnet Hospital,3.17,UCH (University College),13.38
EN55ZY,51.643241,-0.171119,North,Barnet Hospital,3.15,Royal Free Hospital,10.02,Barnet Hospital,3.15,UCH (University College),13.4
EN55ZZ,51.65306,-0.186713,North,Barnet Hospital,1.98,Royal Free Hospital,11.2,Barnet Hospital,1.98,UCH (University College),14.7
EN59AA,51.643241,-0.171119,North,Barnet Hospital,3.15,Royal Free Hospital,10.02,Barnet Hospital,3.15,UCH (University College),13.4
EN59AB,51.643241,-0.171119,North,Barnet Hospital,3.15,Royal Free Hospital,10.02,Barnet Hospital,3.15,UCH (University College),13.4
EN59AD,51.643241,-0.171119,North,Barnet Hospital,3.15,Royal Free Hospital,10.02,Barnet Hospital,3.15,UCH (University College),13.4
EN59AE,51.643015,-0.171013,North,Barnet Hospital,3.17,Royal Free Hospital,9.99,Barnet Hospital,3.17,UCH (University College),13.38
EN59AF,51.643241,-0.171119,North,Barnet Hospital,3.15,Royal Free Hospital,10.02,Barnet Hospital,3.15,UCH (University College),13.4
EN59AG,51.643241,-0.171119,North,Barnet Hospital,3.15,Royal Free Hospital,10.02,Barnet Hospital,3.15,UCH (University College),13.4
EN59AH,51.643241,-0.171119,North,Barnet Hospital,3.15,Royal Free Hospital,10.02,Barnet Hospital,3.15,UCH (University College),13.4
EN59AJ,51.643241,-0.171119,North,Barnet Hospital,3.15,Royal Free Hospital,10.02,Barnet Hospital,3.15,UCH (University College),13.4
EN59AL,51.643241,-0.171119,North,Barnet Hospital,3.15,Royal Free Hospital,10.02,Barnet Hospital,3.15,UCH (University College),13.4
EN59AN,51.643241,-0.171119,North,Barnet Hospital,3.15,Royal Free Hospital,10.02,Barnet Hospital,3.15,UCH (University College),13.4
EN59AP,51.643241,-0.171119,North,Barnet Hospital,3.15,Royal Free Hospital,10.02,Barnet Hospital,3.15,UCH (University College),13.4
EN59AQ,51.643015,-0.171013,North,Barnet Hospital,3.17,Royal Free Hospital,9.99,Barnet Hospital,3.17,UCH (University College),13.38
EN59AR,51.643241,-0.171119,North,Barnet Hospital,3.15,Royal Free Hospital,10.02,Barnet Hospital,3.15,UCH (University College),13.4
EN59AS,51.643241,-0.171119,North,Barnet Hospital,3.15,Royal Free Hospital,10.02,Barnet Hospital,3.15,UCH (University College),13.4
EN59AT,51.643241,-0.171119,North,Barnet Hospital,3.15,Royal Free Hospital,10.02,Barnet Hospital,3.15,UCH (University College),13.4
EN59AU,51.643241,-0.171119,North,Barnet Hospital,3.15,Royal Free Hospital,10.02,Barnet Hospital,3.15,UCH (University College),13.4
EN59AW,51.643241,-0.171119,North,Barnet Hospital,3.15,Royal Free Hospital,10.02,Barnet Hospital,3.15,UCH (University College),13.4
EN59AX,51.643241,-0.171119,North,Barnet Hospital,3.15,Royal Free Hospital,10.02,Barnet Hospital,3.15,UCH (University College),13.4
EN59AY,51.643241,-0.171119,North,Barnet Hospital,3.15,Royal Free Hospital,10.02,Barnet Hospital,3.15,UCH (University College),13.4
EN59AZ,51.643241,-0.171119,North,Barnet Hospital,3.15,Royal Free Hospital,10.02,Barnet Hospital,3.15,UCH (University College),13.4
EN59BA,51.643241,-0.171119,North,Barnet Hospital,3.15,Royal Free Hospital,10.02,Barnet Hospital,3.15,UCH (University College),13.4
EN59BB,51.643241,-0.171119,North,Barnet Hospital,3.15,Royal Free Hospital,10.02,Barnet Hospital,3.15,UCH (University College),13.4
EN59BD,51.643241,-0.171119,North,Barnet Hospital,3.15,Royal Free Hospital,10.02,Barnet Hospital,3.15,UCH (University College),13.4
EN59BE,51.643241,-0.171119,North,Barnet Hospital,3.15,Royal Free Hospital,10.02,Barnet Hospital,3.15,UCH (University College),13.4
EN59BF,51.643241,-0.171119,North,Barnet Hospital,3.15,Royal Free Hospital,10.02,Barnet Hospital,3.15,UCH (University College),13.4
EN59BG,51.643241,-0.171119,North,Barnet Hospital,3.15,Royal Free Hospital,10.02,Barnet Hospital,3.15,UCH (University College),13.4
EN59BH,51.643241,-0.171119,North,Barnet Hospital,3.15,Royal Free Hospital,10.02,Barnet Hospital,3.15,UCH (University College),13.4
EN59BJ,51.643241,-0.171119,North,Barnet Hospital,3.15,Royal Free Hospital,10.02,Barnet Hospital,3.15,UCH (University College),13.4
EN59BL,51.643015,-0.171013,North,Barnet Hospital,3.17,Royal Free Hospital,9.99,Barnet Hospital,3.17,UCH (University College),13.38
EN59BN,51.643241,-0.171119,North,Barnet Hospital,3.15,Royal Free Hospital,10.02,Barnet Hospital,3.15,UCH (University College),13.4
EN59BP,51.643241,-0.171119,North,Barnet Hospital,3.15,Royal Free Hospital,10.02,Barnet Hospital,3.15,UCH (University College),13.4
EN59BQ,51.643241,-0.171119,North,Barnet Hospital,3.15,Royal Free Hospital,10.02,Barnet Hospital,3.15,UCH (University College),13.4
EN59BR,51.643241,-0.171119,North,Barnet Hospital,3.15,Royal Free Hospital,10.02,Barnet Hospital,3.15,UCH (University College),13.4
EN59BT,51.643015,-0.171013,North,Barnet Hospital,3.17,Royal Free Hospital,9.99,Barnet Hospital,3.17,UCH (University College),13.38
EN59BU,51.643241,-0.171119,North,Barnet Hospital,3.15,Royal Free Hospital,10.02,Barnet Hospital,3.15,UCH (University College),13.4
EN59BW,51.643241,-0.171119,North,Barnet Hospital,3.15,Royal Free Hospital,10.02,Barnet Hospital,3.15,UCH (University College),13.4
EN59BX,51.643241,-0.171119,North,Barnet Hospital,3.15,Royal Free Hospital,10.02,Barnet Hospital,3.15,UCH (University College),13.4
EN59BY,51.643015,-0.171013,North,Barnet Hospital,3.17,Royal Free Hospital,9.99,Barnet Hospital,3.17,UCH (University College),13.38
EN59BZ,51.643241,-0.171119,North,Barnet Hospital,3.15,Royal Free Hospital,10.02,Barnet Hospital,3.15,UCH (University College),13.4
EN59DA,51.643241,-0.171119,North,Barnet Hospital,3.15,Royal Free Hospital,10.02,Barnet Hospital,3.15,UCH (University College),13.4
EN59DB,51.643241,-0.171119,North,Barnet Hospital,3.15,Royal Free Hospital,10.02,Barnet Hospital,3.15,UCH (University College),13.4
EN59DD,51.643241,-0.171119,North,Barnet Hospital,3.15,Royal Free Hospital,10.02,Barnet Hospital,3.15,UCH (University College),13.4
EN59DE,51.643241,-0.171119,North,Barnet Hospital,3.15,Royal Free Hospital,10.02,Barnet Hospital,3.15,UCH (University College),13.4
EN59DF,51.643241,-0.171119,North,Barnet Hospital,3.15,Royal Free Hospital,10.02,Barnet Hospital,3.15,UCH (University College),13.4
EN59DG,51.643241,-0.171119,North,Barnet Hospital,3.15,Royal Free Hospital,10.02,Barnet Hospital,3.15,UCH (University College),13.4
EN59DH,51.643241,-0.171119,North,Barnet Hospital,3.15,Royal Free Hospital,10.02,Barnet Hospital,3.15,UCH (University College),13.4
EN59DJ,51.643015,-0.171013,North,Barnet Hospital,3.17,Royal Free Hospital,9.99,Barnet Hospital,3.17,UCH (University College),13.38
EN59DL,51.643241,-0.171119,North,Barnet Hospital,3.15,Royal Free Hospital,10.02,Barnet Hospital,3.15,UCH (University College),13.4
EN59DN,51.643241,-0.171119,North,Barnet Hospital,3.15,Royal Free Hospital,10.02,Barnet Hospital,3.15,UCH (University College),13.4
EN59DP,51.643241,-0.171119,North,Barnet Hospital,3.15,Royal Free Hospital,10.02,Barnet Hospital,3.15,UCH (University College),13.4
EN59DQ,51.643241,-0.171119,North,Barnet Hospital,3.15,Royal Free Hospital,10.02,Barnet Hospital,3.15,UCH (University College),13.4
EN59DR,51.643241,-0.171119,North,Barnet Hospital,3.15,Royal Free Hospital,10.02,Barnet Hospital,3.15,UCH (University College),13.4
EN59DS,51.643241,-0.171119,North,Barnet Hospital,3.15,Royal Free Hospital,10.02,Barnet Hospital,3.15,UCH (University College),13.4
EN59DT,51.643241,-0.171119,North,Barnet Hospital,3.15,Royal Free Hospital,10.02,Barnet Hospital,3.15,UCH (University College),13.4
EN59DU,51.643241,-0.171119,North,Barnet Hospital,3.15,Royal Free Hospital,10.02,Barnet Hospital,3.15,UCH (University College),13.4
EN59DW,51.643241,-0.171119,North,Barnet Hospital,3.15,Royal Free Hospital,10.02,Barnet Hospital,3.15,UCH (University College),13.4
EN59DX,51.643241,-0.171119,North,Barnet Hospital,3.15,Royal Free Hospital,10.02,Barnet Hospital,3.15,UCH (University College),13.4
EN59DY,51.643241,-0.171119,North,Barnet Hospital,3.15,Royal Free Hospital,10.02,Barnet Hospital,3.15,UCH (University College),13.4
EN59DZ,51.643241,-0.171119,North,Barnet Hospital,3.15,Royal Free Hospital,10.02,Barnet Hospital,3.15,UCH (University College),13.4
EN59EA,51.643241,-0.171119,North,Barnet Hospital,3.15,Royal Free Hospital,10.02,Barnet Hospital,3.15,UCH (University College),13.4
EN59EB,51.643241,-0.171119,North,Barnet Hospital,3.15,Royal Free Hospital,10.02,Barnet Hospital,3.15,UCH (University College),13.4
EN59ED,51.643241,-0.171119,North,Barnet Hospital,3.15,Royal Free Hospital,10.02,Barnet Hospital,3.15,UCH (University College),13.4
EN59EE,51.643241,-0.171119,North,Barnet Hospital,3.15,Royal Free Hospital,10.02,Barnet Hospital,3.15,UCH (University College),13.4
EN59EF,51.643241,-0.171119,North,Barnet Hospital,3.15,Royal Free Hospital,10.02,Barnet Hospital,3.15,UCH (University College),13.4
EN59EG,51.643015,-0.171013,North,Barnet Hospital,3.17,Royal Free Hospital,9.99,Barnet Hospital,3.17,UCH (University College),13.38
EN59EH,51.643241,-0.171119,North,Barnet Hospital,3.15,Royal Free Hospital,10.02,Barnet Hospital,3.15,UCH (University College),13.4
EN59EJ,51.643241,-0.171119,North,Barnet Hospital,3.15,Royal Free Hospital,10.02,Barnet Hospital,3.15,UCH (University College),13.4
EN59EL,51.643241,-0.171119,North,Barnet Hospital,3.15,Royal Free Hospital,10.02,Barnet Hospital,3.15,UCH (University College),13.4
EN59EN,51.643241,-0.171119,North,Barnet Hospital,3.15,Royal Free Hospital,10.02,Barnet Hospital,3.15,UCH (University College),13.4
EN59EP,51.643241,-0.171119,North,Barnet Hospital,3.15,Royal Free Hospital,10.02,Barnet Hospital,3.15,UCH (University College),13.4
EN59EQ,51.643241,-0.171119,North,Barnet Hospital,3.15,Royal Free Hospital,10.02,Barnet Hospital,3.15,UCH (University College),13.4
EN59ER,51.643241,-0.171119,North,Barnet Hospital,3.15,Royal Free Hospital,10.02,Barnet Hospital,3.15,UCH (University College),13.4
EN59ES,51.643241,-0.171119,North,Barnet Hospital,3.15,Royal Free Hospital,10.02,Barnet Hospital,3.15,UCH (University College),13.4
EN59ET,51.643241,-0.171119,North,Barnet Hospital,3.15,Royal Free Hospital,10.02,Barnet Hospital,3.15,UCH (University College),13.4
EN59EU,51.643241,-0.171119,North,Barnet Hospital,3.15,Royal Free Hospital,10.02,Barnet Hospital,3.15,UCH (University College),13.4
EN59EW,51.643241,-0.171119,North,Barnet Hospital,3.15,Royal Free Hospital,10.02,Barnet Hospital,3.15,UCH (University College),13.4
EN59EX,51.643241,-0.171119,North,Barnet Hospital,3.15,Royal Free Hospital,10.02,Barnet Hospital,3.15,UCH (University College),13.4
EN59EY,51.643241,-0.171119,North,Barnet Hospital,3.15,Royal Free Hospital,10.02,Barnet Hospital,3.15,UCH (University College),13.4
EN59EZ,51.643241,-0.171119,North,Barnet Hospital,3.15,Royal Free Hospital,10.02,Barnet Hospital,3.15,UCH (University College),13.4
EN59FA,51.643241,-0.171119,North,Barnet Hospital,3.15,Royal Free Hospital,10.02,Barnet Hospital,3.15,UCH (University College),13.4
EN59FB,51.643015,-0.171013,North,Barnet Hospital,3.17,Royal Free Hospital,9.99,Barnet Hospital,3.17,UCH (University College),13.38
EN59FD,51.643241,-0.171119,North,Barnet Hospital,3.15,Royal Free Hospital,10.02,Barnet Hospital,3.15,UCH (University College),13.4
EN59FE,51.643241,-0.171119,North,Barnet Hospital,3.15,Royal Free Hospital,10.02,Barnet Hospital,3.15,UCH (University College),13.4
EN59FF,51.643241,-0.171119,North,Barnet Hospital,3.15,Royal Free Hospital,10.02,Barnet Hospital,3.15,UCH (University College),13.4
EN59FG,51.643241,-0.171119,North,Barnet Hospital,3.15,Royal Free Hospital,10.02,Barnet Hospital,3.15,UCH (University College),13.4
EN59FH,51.643015,-0.171013,North,Barnet Hospital,3.17,Royal Free Hospital,9.99,Barnet Hospital,3.17,UCH (University College),13.38
EN59FJ,51.643241,-0.171119,North,Barnet Hospital,3.15,Royal Free Hospital,10.02,Barnet Hospital,3.15,UCH (University College),13.4
EN59FL,51.643241,-0.171119,North,Barnet Hospital,3.15,Royal Free Hospital,10.02,Barnet Hospital,3.15,UCH (University College),13.4
EN59FN,51.643241,-0.171119,North,Barnet Hospital,3.15,Royal Free Hospital,10.02,Barnet Hospital,3.15,UCH (University College),13.4
EN59FP,51.643241,-0.171119,North,Barnet Hospital,3.15,Royal Free Hospital,10.02,Barnet Hospital,3.15,UCH (University College),13.4
EN59FQ,51.643241,-0.171119,North,Barnet Hospital,3.15,Royal Free Hospital,10.02,Barnet Hospital,3.15,UCH (University College),13.4
EN59FR,51.643241,-0.171119,North,Barnet Hospital,3.15,Royal Free Hospital,10.02,Barnet Hospital,3.15,UCH (University College),13.4
EN59FS,51.643241,-0.171119,North,Barnet Hospital,3.15,Royal Free Hospital,10.02,Barnet Hospital,3.15,UCH (University College),13.4
EN59FT,51.643241,-0.171119,North,Barnet Hospital,3.15,Royal Free Hospital,10.02,Barnet Hospital,3.15,UCH (University College),13.4
EN59FU,51.643015,-0.171013,North,Barnet Hospital,3.17,Royal Free Hospital,9.99,Barnet Hospital,3.17,UCH (University College),13.38
EN59FW,51.643241,-0.171119,North,Barnet Hospital,3.15,Royal Free Hospital,10.02,Barnet Hospital,3.15,UCH (University College),13.4
EN59FX,51.643241,-0.171119,North,Barnet Hospital,3.15,Royal Free Hospital,10.02,Barnet Hospital,3.15,UCH (University College),13.4
EN59FY,51.643241,-0.171119,North,Barnet Hospital,3.15,Royal Free Hospital,10.02,Barnet Hospital,3.15,UCH (University College),13.4
EN59FZ,51.643241,-0.171119,North,Barnet Hospital,3.15,Royal Free Hospital,10.02,Barnet Hospital,3.15,UCH (University College),13.4
EN59GA,51.643241,-0.171119,North,Barnet Hospital,3.15,Royal Free Hospital,10.02,Barnet Hospital,3.15,UCH (University College),13.4
EN59GB,51.643241,-0.171119,North,Barnet Hospital,3.15,Royal Free Hospital,10.02,Barnet Hospital,3.15,UCH (University College),13.4
EN59GD,51.643241,-0.171119,North,Barnet Hospital,3.15,Royal Free Hospital,10.02,Barnet Hospital,3.15,UCH (University College),13.4
EN59GE,51.643241,-0.171119,North,Barnet Hospital,3.15,Royal Free Hospital,10.02,Barnet Hospital,3.15,UCH (University College),13.4
EN59GF,51.643241,-0.171119,North,Barnet Hospital,3.15,Royal Free Hospital,10.02,Barnet Hospital,3.15,UCH (University College),13.4
EN59GG,51.643241,-0.171119,North,Barnet Hospital,3.15,Royal Free Hospital,10.02,Barnet Hospital,3.15,UCH (University College),13.4
EN59GH,51.643241,-0.171119,North,Barnet Hospital,3.15,Royal Free Hospital,10.02,Barnet Hospital,3.15,UCH (University College),13.4
EN59GJ,51.643015,-0.171013,North,Barnet Hospital,3.17,Royal Free Hospital,9.99,Barnet Hospital,3.17,UCH (University College),13.38
EN59GL,51.643241,-0.171119,North,Barnet Hospital,3.15,Royal Free Hospital,10.02,Barnet Hospital,3.15,UCH (University College),13.4
EN59GN,51.643241,-0.171119,North,Barnet Hospital,3.15,Royal Free Hospital,10.02,Barnet Hospital,3.15,UCH (University College),13.4
EN59GP,51.643241,-0.171119,North,Barnet Hospital,3.15,Royal Free Hospital,10.02,Barnet Hospital,3.15,UCH (University College),13.4
EN59GQ,51.643241,-0.171119,North,Barnet Hospital,3.15,Royal Free Hospital,10.02,Barnet Hospital,3.15,UCH (University College),13.4
EN59GR,51.643241,-0.171119,North,Barnet Hospital,3.15,Royal Free Hospital,10.02,Barnet Hospital,3.15,UCH (University College),13.4
EN59GS,51.643241,-0.171119,North,Barnet Hospital,3.15,Royal Free Hospital,10.02,Barnet Hospital,3.15,UCH (University College),13.4
EN59GT,51.643241,-0.171119,North,Barnet Hospital,3.15,Royal Free Hospital,10.02,Barnet Hospital,3.15,UCH (University College),13.4
EN59GU,51.643015,-0.171013,North,Barnet Hospital,3.17,Royal Free Hospital,9.99,Barnet Hospital,3.17,UCH (University College),13.38
EN59GW,51.643241,-0.171119,North,Barnet Hospital,3.15,Royal Free Hospital,10.02,Barnet Hospital,3.15,UCH (University College),13.4
EN59GX,51.643241,-0.171119,North,Barnet Hospital,3.15,Royal Free Hospital,10.02,Barnet Hospital,3.15,UCH (University College),13.4
EN59GZ,51.643241,-0.171119,North,Barnet Hospital,3.15,Royal Free Hospital,10.02,Barnet Hospital,3.15,UCH (University College),13.4
EN59HA,51.643241,-0.171119,North,Barnet Hospital,3.15,Royal Free Hospital,10.02,Barnet Hospital,3.15,UCH (University College),13.4
EN59HB,51.643015,-0.171013,North,Barnet Hospital,3.17,Royal Free Hospital,9.99,Barnet Hospital,3.17,UCH (University College),13.38
EN59HD,51.643241,-0.171119,North,Barnet Hospital,3.15,Royal Free Hospital,10.02,Barnet Hospital,3.15,UCH (University College),13.4
EN59HE,51.643241,-0.171119,North,Barnet Hospital,3.15,Royal Free Hospital,10.02,Barnet Hospital,3.15,UCH (University College),13.4
EN59HF,51.643241,-0.171119,North,Barnet Hospital,3.15,Royal Free Hospital,10.02,Barnet Hospital,3.15,UCH (University College),13.4
EN59HG,51.643241,-0.171119,North,Barnet Hospital,3.15,Royal Free Hospital,10.02,Barnet Hospital,3.15,UCH (University College),13.4
EN59HH,51.643241,-0.171119,North,Barnet Hospital,3.15,Royal Free Hospital,10.02,Barnet Hospital,3.15,UCH (University College),13.4
EN59HJ,51.643241,-0.171119,North,Barnet Hospital,3.15,Royal Free Hospital,10.02,Barnet Hospital,3.15,UCH (University College),13.4
EN59HL,51.643241,-0.171119,North,Barnet Hospital,3.15,Royal Free Hospital,10.02,Barnet Hospital,3.15,UCH (University College),13.4
EN59HN,51.643015,-0.171013,North,Barnet Hospital,3.17,Royal Free Hospital,9.99,Barnet Hospital,3.17,UCH (University College),13.38
EN59HP,51.643241,-0.171119,North,Barnet Hospital,3.15,Royal Free Hospital,10.02,Barnet Hospital,3.15,UCH (University College),13.4
EN59HQ,51.643241,-0.171119,North,Barnet Hospital,3.15,Royal Free Hospital,10.02,Barnet Hospital,3.15,UCH (University College),13.4
EN59HR,51.643241,-0.171119,North,Barnet Hospital,3.15,Royal Free Hospital,10.02,Barnet Hospital,3.15,UCH (University College),13.4
EN59HS,51.643241,-0.171119,North,Barnet Hospital,3.15,Royal Free Hospital,10.02,Barnet Hospital,3.15,UCH (University College),13.4
EN59HT,51.643015,-0.171013,North,Barnet Hospital,3.17,Royal Free Hospital,9.99,Barnet Hospital,3.17,UCH (University College),13.38
EN59HU,51.643241,-0.171119,North,Barnet Hospital,3.15,Royal Free Hospital,10.02,Barnet Hospital,3.15,UCH (University College),13.4
EN59HW,51.643241,-0.171119,North,Barnet Hospital,3.15,Royal Free Hospital,10.02,Barnet Hospital,3.15,UCH (University College),13.4
EN59HX,51.643241,-0.171119,North,Barnet Hospital,3.15,Royal Free Hospital,10.02,Barnet Hospital,3.15,UCH (University College),13.4
EN59HY,51.643241,-0.171119,North,Barnet Hospital,3.15,Royal Free Hospital,10.02,Barnet Hospital,3.15,UCH (University College),13.4
EN59HZ,51.643015,-0.171013,North,Barnet Hospital,3.17,Royal Free Hospital,9.99,Barnet Hospital,3.17,UCH (University College),13.38
EN59JA,51.643015,-0.171013,North,Barnet Hospital,3.17,Royal Free Hospital,9.99,Barnet Hospital,3.17,UCH (University College),13.38
EN59JB,51.643241,-0.171119,North,Barnet Hospital,3.15,Royal Free Hospital,10.02,Barnet Hospital,3.15,UCH (University College),13.4
EN59JE,51.643241,-0.171119,North,Barnet Hospital,3.15,Royal Free Hospital,10.02,Barnet Hospital,3.15,UCH (University College),13.4
EN59JF,51.643241,-0.171119,North,Barnet Hospital,3.15,Royal Free Hospital,10.02,Barnet Hospital,3.15,UCH (University College),13.4
EN59JG,51.643015,-0.171013,North,Barnet Hospital,3.17,Royal Free Hospital,9.99,Barnet Hospital,3.17,UCH (University College),13.38
EN59JH,51.643241,-0.171119,North,Barnet Hospital,3.15,Royal Free Hospital,10.02,Barnet Hospital,3.15,UCH (University College),13.4
EN59JJ,51.643241,-0.171119,North,Barnet Hospital,3.15,Royal Free Hospital,10.02,Barnet Hospital,3.15,UCH (University College),13.4
EN59JL,51.643241,-0.171119,North,Barnet Hospital,3.15,Royal Free Hospital,10.02,Barnet Hospital,3.15,UCH (University College),13.4
EN59JN,51.643015,-0.171013,North,Barnet Hospital,3.17,Royal Free Hospital,9.99,Barnet Hospital,3.17,UCH (University College),13.38
EN59JP,51.643015,-0.171013,North,Barnet Hospital,3.17,Royal Free Hospital,9.99,Barnet Hospital,3.17,UCH (University College),13.38
EN59JQ,51.643241,-0.171119,North,Barnet Hospital,3.15,Royal Free Hospital,10.02,Barnet Hospital,3.15,UCH (University College),13.4
EN59JR,51.643241,-0.171119,North,Barnet Hospital,3.15,Royal Free Hospital,10.02,Barnet Hospital,3.15,UCH (University College),13.4
EN59JS,51.643241,-0.171119,North,Barnet Hospital,3.15,Royal Free Hospital,10.02,Barnet Hospital,3.15,UCH (University College),13.4
EN59JT,51.643241,-0.171119,North,Barnet Hospital,3.15,Royal Free Hospital,10.02,Barnet Hospital,3.15,UCH (University College),13.4
EN59JU,51.643015,-0.171013,North,Barnet Hospital,3.17,Royal Free Hospital,9.99,Barnet Hospital,3.17,UCH (University College),13.38
EN59JW,51.643241,-0.171119,North,Barnet Hospital,3.15,Royal Free Hospital,10.02,Barnet Hospital,3.15,UCH (University College),13.4
EN59JX,51.643241,-0.171119,North,Barnet Hospital,3.15,Royal Free Hospital,10.02,Barnet Hospital,3.15,UCH (University College),13.4
EN59JY,51.643015,-0.171013,North,Barnet Hospital,3.17,Royal Free Hospital,9.99,Barnet Hospital,3.17,UCH (University College),13.38
EN59JZ,51.643241,-0.171119,North,Barnet Hospital,3.15,Royal Free Hospital,10.02,Barnet Hospital,3.15,UCH (University College),13.4
EN59LA,51.643015,-0.171013,North,Barnet Hospital,3.17,Royal Free Hospital,9.99,Barnet Hospital,3.17,UCH (University College),13.38
EN59LB,51.643241,-0.171119,North,Barnet Hospital,3.15,Royal Free Hospital,10.02,Barnet Hospital,3.15,UCH (University College),13.4
EN59LD,51.643241,-0.171119,North,Barnet Hospital,3.15,Royal Free Hospital,10.02,Barnet Hospital,3.15,UCH (University College),13.4
EN59LE,51.643241,-0.171119,North,Barnet Hospital,3.15,Royal Free Hospital,10.02,Barnet Hospital,3.15,UCH (University College),13.4
EN59LF,51.643015,-0.171013,North,Barnet Hospital,3.17,Royal Free Hospital,9.99,Barnet Hospital,3.17,UCH (University College),13.38
EN59LG,51.643015,-0.171013,North,Barnet Hospital,3.17,Royal Free Hospital,9.99,Barnet Hospital,3.17,UCH (University College),13.38
EN59LH,51.643241,-0.171119,North,Barnet Hospital,3.15,Royal Free Hospital,10.02,Barnet Hospital,3.15,UCH (University College),13.4
EN59LJ,51.643241,-0.171119,North,Barnet Hospital,3.15,Royal Free Hospital,10.02,Barnet Hospital,3.15,UCH (University College),13.4
EN59LL,51.643241,-0.171119,North,Barnet Hospital,3.15,Royal Free Hospital,10.02,Barnet Hospital,3.15,UCH (University College),13.4
EN59LN,51.643241,-0.171119,North,Barnet Hospital,3.15,Royal Free Hospital,10.02,Barnet Hospital,3.15,UCH (University College),13.4
EN59LP,51.643241,-0.171119,North,Barnet Hospital,3.15,Royal Free Hospital,10.02,Barnet Hospital,3.15,UCH (University College),13.4
EN59LQ,51.643015,-0.171013,North,Barnet Hospital,3.17,Royal Free Hospital,9.99,Barnet Hospital,3.17,UCH (University College),13.38
EN59LR,51.643241,-0.171119,North,Barnet Hospital,3.15,Royal Free Hospital,10.02,Barnet Hospital,3.15,UCH (University College),13.4
EN59LS,51.643241,-0.171119,North,Barnet Hospital,3.15,Royal Free Hospital,10.02,Barnet Hospital,3.15,UCH (University College),13.4
EN59LT,51.643241,-0.171119,North,Barnet Hospital,3.15,Royal Free Hospital,10.02,Barnet Hospital,3.15,UCH (University College),13.4
EN59LU,51.643241,-0.171119,North,Barnet Hospital,3.15,Royal Free Hospital,10.02,Barnet Hospital,3.15,UCH (University College),13.4
EN59LW,51.643241,-0.171119,North,Barnet Hospital,3.15,Royal Free Hospital,10.02,Barnet Hospital,3.15,UCH (University College),13.4
EN59LX,51.643241,-0.171119,North,Barnet Hospital,3.15,Royal Free Hospital,10.02,Barnet Hospital,3.15,UCH (University College),13.4
EN59LY,51.643241,-0.171119,North,Barnet Hospital,3.15,Royal Free Hospital,10.02,Barnet Hospital,3.15,UCH (University College),13.4
EN59LZ,51.643241,-0.171119,North,Barnet Hospital,3.15,Royal Free Hospital,10.02,Barnet Hospital,3.15,UCH (University College),13.4
EN59NA,51.643015,-0.171013,North,Barnet Hospital,3.17,Royal Free Hospital,9.99,Barnet Hospital,3.17,UCH (University College),13.38
EN59NB,51.643241,-0.171119,North,Barnet Hospital,3.15,Royal Free Hospital,10.02,Barnet Hospital,3.15,UCH (University College),13.4
EN59ND,51.643241,-0.171119,North,Barnet Hospital,3.15,Royal Free Hospital,10.02,Barnet Hospital,3.15,UCH (University College),13.4
EN59NE,51.643241,-0.171119,North,Barnet Hospital,3.15,Royal Free Hospital,10.02,Barnet Hospital,3.15,UCH (University College),13.4
EN59NF,51.643241,-0.171119,North,Barnet Hospital,3.15,Royal Free Hospital,10.02,Barnet Hospital,3.15,UCH (University College),13.4
EN59NG,51.643241,-0.171119,North,Barnet Hospital,3.15,Royal Free Hospital,10.02,Barnet Hospital,3.15,UCH (University College),13.4
EN59NH,51.643241,-0.171119,North,Barnet Hospital,3.15,Royal Free Hospital,10.02,Barnet Hospital,3.15,UCH (University College),13.4
EN59NJ,51.643015,-0.171013,North,Barnet Hospital,3.17,Royal Free Hospital,9.99,Barnet Hospital,3.17,UCH (University College),13.38
EN59NL,51.643241,-0.171119,North,Barnet Hospital,3.15,Royal Free Hospital,10.02,Barnet Hospital,3.15,UCH (University College),13.4
EN59NN,51.643241,-0.171119,North,Barnet Hospital,3.15,Royal Free Hospital,10.02,Barnet Hospital,3.15,UCH (University College),13.4
EN59NP,51.643015,-0.171013,North,Barnet Hospital,3.17,Royal Free Hospital,9.99,Barnet Hospital,3.17,UCH (University College),13.38
EN59NQ,51.643241,-0.171119,North,Barnet Hospital,3.15,Royal Free Hospital,10.02,Barnet Hospital,3.15,UCH (University College),13.4
EN59NR,51.643015,-0.171013,North,Barnet Hospital,3.17,Royal Free Hospital,9.99,Barnet Hospital,3.17,UCH (University College),13.38
EN59NS,51.643241,-0.171119,North,Barnet Hospital,3.15,Royal Free Hospital,10.02,Barnet Hospital,3.15,UCH (University College),13.4
EN59NT,51.643015,-0.171013,North,Barnet Hospital,3.17,Royal Free Hospital,9.99,Barnet Hospital,3.17,UCH (University College),13.38
EN59NU,51.643241,-0.171119,North,Barnet Hospital,3.15,Royal Free Hospital,10.02,Barnet Hospital,3.15,UCH (University College),13.4
EN59NW,51.643241,-0.171119,North,Barnet Hospital,3.15,Royal Free Hospital,10.02,Barnet Hospital,3.15,UCH (University College),13.4
EN59NX,51.643015,-0.171013,North,Barnet Hospital,3.17,Royal Free Hospital,9.99,Barnet Hospital,3.17,UCH (University College),13.38
EN59NY,51.643015,-0.171013,North,Barnet Hospital,3.17,Royal Free Hospital,9.99,Barnet Hospital,3.17,UCH (University College),13.38
EN59NZ,51.643015,-0.171013,North,Barnet Hospital,3.17,Royal Free Hospital,9.99,Barnet Hospital,3.17,UCH (University College),13.38
EN59PA,51.643241,-0.171119,North,Barnet Hospital,3.15,Royal Free Hospital,10.02,Barnet Hospital,3.15,UCH (University College),13.4
EN59PB,51.643241,-0.171119,North,Barnet Hospital,3.15,Royal Free Hospital,10.02,Barnet Hospital,3.15,UCH (University College),13.4
EN59PD,51.643241,-0.171119,North,Barnet Hospital,3.15,Royal Free Hospital,10.02,Barnet Hospital,3.15,UCH (University College),13.4
EN59PE,51.643241,-0.171119,North,Barnet Hospital,3.15,Royal Free Hospital,10.02,Barnet Hospital,3.15,UCH (University College),13.4
EN59PF,51.643241,-0.171119,North,Barnet Hospital,3.15,Royal Free Hospital,10.02,Barnet Hospital,3.15,UCH (University College),13.4
EN59PG,51.643241,-0.171119,North,Barnet Hospital,3.15,Royal Free Hospital,10.02,Barnet Hospital,3.15,UCH (University College),13.4
EN59PH,51.643015,-0.171013,North,Barnet Hospital,3.17,Royal Free Hospital,9.99,Barnet Hospital,3.17,UCH (University College),13.38
EN59PJ,51.643241,-0.171119,North,Barnet Hospital,3.15,Royal Free Hospital,10.02,Barnet Hospital,3.15,UCH (University College),13.4
EN59PL,51.643241,-0.171119,North,Barnet Hospital,3.15,Royal Free Hospital,10.02,Barnet Hospital,3.15,UCH (University College),13.4
EN59PN,51.643241,-0.171119,North,Barnet Hospital,3.15,Royal Free Hospital,10.02,Barnet Hospital,3.15,UCH (University College),13.4
EN59PP,51.643015,-0.171013,North,Barnet Hospital,3.17,Royal Free Hospital,9.99,Barnet Hospital,3.17,UCH (University College),13.38
EN59PQ,51.643241,-0.171119,North,Barnet Hospital,3.15,Royal Free Hospital,10.02,Barnet Hospital,3.15,UCH (University College),13.4
EN59PR,51.643015,-0.171013,North,Barnet Hospital,3.17,Royal Free Hospital,9.99,Barnet Hospital,3.17,UCH (University College),13.38
EN59PS,51.643015,-0.171013,North,Barnet Hospital,3.17,Royal Free Hospital,9.99,Barnet Hospital,3.17,UCH (University College),13.38
EN59PT,51.643015,-0.171013,North,Barnet Hospital,3.17,Royal Free Hospital,9.99,Barnet Hospital,3.17,UCH (University College),13.38
EN59PU,51.643241,-0.171119,North,Barnet Hospital,3.15,Royal Free Hospital,10.02,Barnet Hospital,3.15,UCH (University College),13.4
EN59PW,51.643015,-0.171013,North,Barnet Hospital,3.17,Royal Free Hospital,9.99,Barnet Hospital,3.17,UCH (University College),13.38
EN59PX,51.643241,-0.171119,North,Barnet Hospital,3.15,Royal Free Hospital,10.02,Barnet Hospital,3.15,UCH (University College),13.4
EN59PY,51.643241,-0.171119,North,Barnet Hospital,3.15,Royal Free Hospital,10.02,Barnet Hospital,3.15,UCH (University College),13.4
EN59PZ,51.643241,-0.171119,North,Barnet Hospital,3.15,Royal Free Hospital,10.02,Barnet Hospital,3.15,UCH (University College),13.4
EN59QA,51.643015,-0.171013,North,Barnet Hospital,3.17,Royal Free Hospital,9.99,Barnet Hospital,3.17,UCH (University College),13.38
EN59QB,51.643241,-0.171119,North,Barnet Hospital,3.15,Royal Free Hospital,10.02,Barnet Hospital,3.15,UCH (University College),13.4
EN59QD,51.643015,-0.171013,North,Barnet Hospital,3.17,Royal Free Hospital,9.99,Barnet Hospital,3.17,UCH (University College),13.38
EN59QE,51.643015,-0.171013,North,Barnet Hospital,3.17,Royal Free Hospital,9.99,Barnet Hospital,3.17,UCH (University College),13.38
EN59QF,51.643241,-0.171119,North,Barnet Hospital,3.15,Royal Free Hospital,10.02,Barnet Hospital,3.15,UCH (University College),13.4
EN59QG,51.643241,-0.171119,North,Barnet Hospital,3.15,Royal Free Hospital,10.02,Barnet Hospital,3.15,UCH (University College),13.4
EN59QH,51.643015,-0.171013,North,Barnet Hospital,3.17,Royal Free Hospital,9.99,Barnet Hospital,3.17,UCH (University College),13.38
EN59QJ,51.643241,-0.171119,North,Barnet Hospital,3.15,Royal Free Hospital,10.02,Barnet Hospital,3.15,UCH (University College),13.4
EN59QL,51.643241,-0.171119,North,Barnet Hospital,3.15,Royal Free Hospital,10.02,Barnet Hospital,3.15,UCH (University College),13.4
EN59QN,51.643015,-0.171013,North,Barnet Hospital,3.17,Royal Free Hospital,9.99,Barnet Hospital,3.17,UCH (University College),13.38
EN59QP,51.643015,-0.171013,North,Barnet Hospital,3.17,Royal Free Hospital,9.99,Barnet Hospital,3.17,UCH (University College),13.38
EN59QQ,51.643015,-0.171013,North,Barnet Hospital,3.17,Royal Free Hospital,9.99,Barnet Hospital,3.17,UCH (University College),13.38
EN59QR,51.643015,-0.171013,North,Barnet Hospital,3.17,Royal Free Hospital,9.99,Barnet Hospital,3.17,UCH (University College),13.38
EN59QS,51.643015,-0.171013,North,Barnet Hospital,3.17,Royal Free Hospital,9.99,Barnet Hospital,3.17,UCH (University College),13.38
EN59QT,51.643015,-0.171013,North,Barnet Hospital,3.17,Royal Free Hospital,9.99,Barnet Hospital,3.17,UCH (University College),13.38
EN59QU,51.643015,-0.171013,North,Barnet Hospital,3.17,Royal Free Hospital,9.99,Barnet Hospital,3.17,UCH (University College),13.38
EN59QW,51.643015,-0.171013,North,Barnet Hospital,3.17,Royal Free Hospital,9.99,Barnet Hospital,3.17,UCH (University College),13.38
EN59QX,51.643015,-0.171013,North,Barnet Hospital,3.17,Royal Free Hospital,9.99,Barnet Hospital,3.17,UCH (University College),13.38
EN59QY,51.643015,-0.171013,North,Barnet Hospital,3.17,Royal Free Hospital,9.99,Barnet Hospital,3.17,UCH (University College),13.38
EN59QZ,51.643015,-0.171013,North,Barnet Hospital,3.17,Royal Free Hospital,9.99,Barnet Hospital,3.17,UCH (University College),13.38
EN59RA,51.643015,-0.171013,North,Barnet Hospital,3.17,Royal Free Hospital,9.99,Barnet Hospital,3.17,UCH (University College),13.38
EN59RB,51.643015,-0.171013,North,Barnet Hospital,3.17,Royal Free Hospital,9.99,Barnet Hospital,3.17,UCH (University College),13.38
EN59RD,51.643015,-0.171013,North,Barnet Hospital,3.17,Royal Free Hospital,9.99,Barnet Hospital,3.17,UCH (University College),13.38
EN59RE,51.643015,-0.171013,North,Barnet Hospital,3.17,Royal Free Hospital,9.99,Barnet Hospital,3.17,UCH (University College),13.38
EN59RF,51.643015,-0.171013,North,Barnet Hospital,3.17,Royal Free Hospital,9.99,Barnet Hospital,3.17,UCH (University College),13.38
EN59RG,51.643015,-0.171013,North,Barnet Hospital,3.17,Royal Free Hospital,9.99,Barnet Hospital,3.17,UCH (University College),13.38
EN59RH,51.643015,-0.171013,North,Barnet Hospital,3.17,Royal Free Hospital,9.99,Barnet Hospital,3.17,UCH (University College),13.38
EN59RJ,51.643015,-0.171013,North,Barnet Hospital,3.17,Royal Free Hospital,9.99,Barnet Hospital,3.17,UCH (University College),13.38
EN59RL,51.643015,-0.171013,North,Barnet Hospital,3.17,Royal Free Hospital,9.99,Barnet Hospital,3.17,UCH (University College),13.38
EN59RN,51.643015,-0.171013,North,Barnet Hospital,3.17,Royal Free Hospital,9.99,Barnet Hospital,3.17,UCH (University College),13.38
EN59RP,51.643015,-0.171013,North,Barnet Hospital,3.17,Royal Free Hospital,9.99,Barnet Hospital,3.17,UCH (University College),13.38
EN59RQ,51.643015,-0.171013,North,Barnet Hospital,3.17,Royal Free Hospital,9.99,Barnet Hospital,3.17,UCH (University College),13.38
EN59RR,51.643015,-0.171013,North,Barnet Hospital,3.17,Royal Free Hospital,9.99,Barnet Hospital,3.17,UCH (University College),13.38
EN59RS,51.643015,-0.171013,North,Barnet Hospital,3.17,Royal Free Hospital,9.99,Barnet Hospital,3.17,UCH (University College),13.38
EN59RT,51.643015,-0.171013,North,Barnet Hospital,3.17,Royal Free Hospital,9.99,Barnet Hospital,3.17,UCH (University College),13.38
EN59RU,51.643015,-0.171013,North,Barnet Hospital,3.17,Royal Free Hospital,9.99,Barnet Hospital,3.17,UCH (University College),13.38
EN59RW,51.643015,-0.171013,North,Barnet Hospital,3.17,Royal Free Hospital,9.99,Barnet Hospital,3.17,UCH (University College),13.38
EN59RX,51.643015,-0.171013,North,Barnet Hospital,3.17,Royal Free Hospital,9.99,Barnet Hospital,3.17,UCH (University College),13.38
EN59RY,51.643015,-0.171013,North,Barnet Hospital,3.17,Royal Free Hospital,9.99,Barnet Hospital,3.17,UCH (University College),13.38
EN59RZ,51.643015,-0.171013,North,Barnet Hospital,3.17,Royal Free Hospital,9.99,Barnet Hospital,3.17,UCH (University College),13.38
EN59SA,51.643015,-0.171013,North,Barnet Hospital,3.17,Royal Free Hospital,9.99,Barnet Hospital,3.17,UCH (University College),13.38
EN59SB,51.643015,-0.171013,North,Barnet Hospital,3.17,Royal Free Hospital,9.99,Barnet Hospital,3.17,UCH (University College),13.38
EN59SD,51.643015,-0.171013,North,Barnet Hospital,3.17,Royal Free Hospital,9.99,Barnet Hospital,3.17,UCH (University College),13.38
EN59SE,51.643015,-0.171013,North,Barnet Hospital,3.17,Royal Free Hospital,9.99,Barnet Hospital,3.17,UCH (University College),13.38
EN59SF,51.643015,-0.171013,North,Barnet Hospital,3.17,Royal Free Hospital,9.99,Barnet Hospital,3.17,UCH (University College),13.38
EN59SG,51.643015,-0.171013,North,Barnet Hospital,3.17,Royal Free Hospital,9.99,Barnet Hospital,3.17,UCH (University College),13.38
EN59SH,51.643015,-0.171013,North,Barnet Hospital,3.17,Royal Free Hospital,9.99,Barnet Hospital,3.17,UCH (University College),13.38
EN59SJ,51.643015,-0.171013,North,Barnet Hospital,3.17,Royal Free Hospital,9.99,Barnet Hospital,3.17,UCH (University College),13.38
EN59SL,51.643015,-0.171013,North,Barnet Hospital,3.17,Royal Free Hospital,9.99,Barnet Hospital,3.17,UCH (University College),13.38
EN59SN,51.643015,-0.171013,North,Barnet Hospital,3.17,Royal Free Hospital,9.99,Barnet Hospital,3.17,UCH (University College),13.38
EN59SP,51.643015,-0.171013,North,Barnet Hospital,3.17,Royal Free Hospital,9.99,Barnet Hospital,3.17,UCH (University College),13.38
EN59SQ,51.643015,-0.171013,North,Barnet Hospital,3.17,Royal Free Hospital,9.99,Barnet Hospital,3.17,UCH (University College),13.38
EN59SR,51.643015,-0.171013,North,Barnet Hospital,3.17,Royal Free Hospital,9.99,Barnet Hospital,3.17,UCH (University College),13.38
EN59SS,51.643015,-0.171013,North,Barnet Hospital,3.17,Royal Free Hospital,9.99,Barnet Hospital,3.17,UCH (University College),13.38
EN59SU,51.643015,-0.171013,North,Barnet Hospital,3.17,Royal Free Hospital,9.99,Barnet Hospital,3.17,UCH (University College),13.38
EN59SW,51.643015,-0.171013,North,Barnet Hospital,3.17,Royal Free Hospital,9.99,Barnet Hospital,3.17,UCH (University College),13.38
EN59SX,51.643015,-0.171013,North,Barnet Hospital,3.17,Royal Free Hospital,9.99,Barnet Hospital,3.17,UCH (University College),13.38
EN59SY,51.643015,-0.171013,North,Barnet Hospital,3.17,Royal Free Hospital,9.99,Barnet Hospital,3.17,UCH (University College),13.38
EN59SZ,51.643015,-0.171013,North,Barnet Hospital,3.17,Royal Free Hospital,9.99,Barnet Hospital,3.17,UCH (University College),13.38
EN59TA,51.643015,-0.171013,North,Barnet Hospital,3.17,Royal Free Hospital,9.99,Barnet Hospital,3.17,UCH (University College),13.38
EN59TB,51.643015,-0.171013,North,Barnet Hospital,3.17,Royal Free Hospital,9.99,Barnet Hospital,3.17,UCH (University College),13.38
EN59TD,51.643015,-0.171013,North,Barnet Hospital,3.17,Royal Free Hospital,9.99,Barnet Hospital,3.17,UCH (University College),13.38
EN59TE,51.643015,-0.171013,North,Barnet Hospital,3.17,Royal Free Hospital,9.99,Barnet Hospital,3.17,UCH (University College),13.38
EN59TF,51.643015,-0.171013,North,Barnet Hospital,3.17,Royal Free Hospital,9.99,Barnet Hospital,3.17,UCH (University College),13.38
EN59TG,51.643015,-0.171013,North,Barnet Hospital,3.17,Royal Free Hospital,9.99,Barnet Hospital,3.17,UCH (University College),13.38
EN59TH,51.643015,-0.171013,North,Barnet Hospital,3.17,Royal Free Hospital,9.99,Barnet Hospital,3.17,UCH (University College),13.38
EN59TJ,51.643015,-0.171013,North,Barnet Hospital,3.17,Royal Free Hospital,9.99,Barnet Hospital,3.17,UCH (University College),13.38
EN59TL,51.643015,-0.171013,North,Barnet Hospital,3.17,Royal Free Hospital,9.99,Barnet Hospital,3.17,UCH (University College),13.38
EN59TN,51.643015,-0.171013,North,Barnet Hospital,3.17,Royal Free Hospital,9.99,Barnet Hospital,3.17,UCH (University College),13.38
EN59TP,51.643015,-0.171013,North,Barnet Hospital,3.17,Royal Free Hospital,9.99,Barnet Hospital,3.17,UCH (University College),13.38
EN59TQ,51.643015,-0.171013,North,Barnet Hospital,3.17,Royal Free Hospital,9.99,Barnet Hospital,3.17,UCH (University College),13.38
EN59TR,51.643015,-0.171013,North,Barnet Hospital,3.17,Royal Free Hospital,9.99,Barnet Hospital,3.17,UCH (University College),13.38
EN59TS,51.643015,-0.171013,North,Barnet Hospital,3.17,Royal Free Hospital,9.99,Barnet Hospital,3.17,UCH (University College),13.38
EN59TT,51.643015,-0.171013,North,Barnet Hospital,3.17,Royal Free Hospital,9.99,Barnet Hospital,3.17,UCH (University College),13.38
EN59TW,51.643015,-0.171013,North,Barnet Hospital,3.17,Royal Free Hospital,9.99,Barnet Hospital,3.17,UCH (University College),13.38
EN59TX,51.643015,-0.171013,North,Barnet Hospital,3.17,Royal Free Hospital,9.99,Barnet Hospital,3.17,UCH (University College),13.38
EN59TY,51.643015,-0.171013,North,Barnet Hospital,3.17,Royal Free Hospital,9.99,Barnet Hospital,3.17,UCH (University College),13.38
EN59TZ,51.643015,-0.171013,North,Barnet Hospital,3.17,Royal Free Hospital,9.99,Barnet Hospital,3.17,UCH (University College),13.38
EN59UA,51.643015,-0.171013,North,Barnet Hospital,3.17,Royal Free Hospital,9.99,Barnet Hospital,3.17,UCH (University College),13.38
EN59UB,51.643015,-0.171013,North,Barnet Hospital,3.17,Royal Free Hospital,9.99,Barnet Hospital,3.17,UCH (University College),13.38
EN59UD,51.643015,-0.171013,North,Barnet Hospital,3.17,Royal Free Hospital,9.99,Barnet Hospital,3.17,UCH (University College),13.38
EN59UE,51.643015,-0.171013,North,Barnet Hospital,3.17,Royal Free Hospital,9.99,Barnet Hospital,3.17,UCH (University College),13.38
EN59UF,51.643015,-0.171013,North,Barnet Hospital,3.17,Royal Free Hospital,9.99,Barnet Hospital,3.17,UCH (University College),13.38
EN59UG,51.643015,-0.171013,North,Barnet Hospital,3.17,Royal Free Hospital,9.99,Barnet Hospital,3.17,UCH (University College),13.38
EN59UH,51.643015,-0.171013,North,Barnet Hospital,3.17,Royal Free Hospital,9.99,Barnet Hospital,3.17,UCH (University College),13.38
EN59UJ,51.643015,-0.171013,North,Barnet Hospital,3.17,Royal Free Hospital,9.99,Barnet Hospital,3.17,UCH (University College),13.38
EN59UL,51.643015,-0.171013,North,Barnet Hospital,3.17,Royal Free Hospital,9.99,Barnet Hospital,3.17,UCH (University College),13.38
EN59UN,51.643015,-0.171013,North,Barnet Hospital,3.17,Royal Free Hospital,9.99,Barnet Hospital,3.17,UCH (University College),13.38
EN59UP,51.643015,-0.171013,North,Barnet Hospital,3.17,Royal Free Hospital,9.99,Barnet Hospital,3.17,UCH (University College),13.38
EN59UQ,51.643015,-0.171013,North,Barnet Hospital,3.17,Royal Free Hospital,9.99,Barnet Hospital,3.17,UCH (University College),13.38
EN59UR,51.643015,-0.171013,North,Barnet Hospital,3.17,Royal Free Hospital,9.99,Barnet Hospital,3.17,UCH (University College),13.38
EN59US,51.643015,-0.171013,North,Barnet Hospital,3.17,Royal Free Hospital,9.99,Barnet Hospital,3.17,UCH (University College),13.38
EN59UT,51.643015,-0.171013,North,Barnet Hospital,3.17,Royal Free Hospital,9.99,Barnet Hospital,3.17,UCH (University College),13.38
EN59UU,51.643015,-0.171013,North,Barnet Hospital,3.17,Royal Free Hospital,9.99,Barnet Hospital,3.17,UCH (University College),13.38
EN59UW,51.643015,-0.171013,North,Barnet Hospital,3.17,Royal Free Hospital,9.99,Barnet Hospital,3.17,UCH (University College),13.38
EN59UX,51.643015,-0.171013,North,Barnet Hospital,3.17,Royal Free Hospital,9.99,Barnet Hospital,3.17,UCH (University College),13.38
EN59UY,51.643015,-0.171013,North,Barnet Hospital,3.17,Royal Free Hospital,9.99,Barnet Hospital,3.17,UCH (University College),13.38
EN59UZ,51.643015,-0.171013,North,Barnet Hospital,3.17,Royal Free Hospital,9.99,Barnet Hospital,3.17,UCH (University College),13.38
EN59WA,51.643015,-0.171013,North,Barnet Hospital,3.17,Royal Free Hospital,9.99,Barnet Hospital,3.17,UCH (University College),13.38
EN59WB,51.643015,-0.171013,North,Barnet Hospital,3.17,Royal Free Hospital,9.99,Barnet Hospital,3.17,UCH (University College),13.38
EN59WD,51.643015,-0.171013,North,Barnet Hospital,3.17,Royal Free Hospital,9.99,Barnet Hospital,3.17,UCH (University College),13.38
EN59WE,51.643015,-0.171013,North,Barnet Hospital,3.17,Royal Free Hospital,9.99,Barnet Hospital,3.17,UCH (University College),13.38
EN59WF,51.643015,-0.171013,North,Barnet Hospital,3.17,Royal Free Hospital,9.99,Barnet Hospital,3.17,UCH (University College),13.38
EN59WG,51.643015,-0.171013,North,Barnet Hospital,3.17,Royal Free Hospital,9.99,Barnet Hospital,3.17,UCH (University College),13.38
EN59WH,51.643015,-0.171013,North,Barnet Hospital,3.17,Royal Free Hospital,9.99,Barnet Hospital,3.17,UCH (University College),13.38
EN59WJ,51.643015,-0.171013,North,Barnet Hospital,3.17,Royal Free Hospital,9.99,Barnet Hospital,3.17,UCH (University College),13.38
EN59WL,51.643015,-0.171013,North,Barnet Hospital,3.17,Royal Free Hospital,9.99,Barnet Hospital,3.17,UCH (University College),13.38
EN59WN,51.643015,-0.171013,North,Barnet Hospital,3.17,Royal Free Hospital,9.99,Barnet Hospital,3.17,UCH (University College),13.38
EN59WP,51.643015,-0.171013,North,Barnet Hospital,3.17,Royal Free Hospital,9.99,Barnet Hospital,3.17,UCH (University College),13.38
EN59WQ,51.643015,-0.171013,North,Barnet Hospital,3.17,Royal Free Hospital,9.99,Barnet Hospital,3.17,UCH (University College),13.38
EN59WR,51.643015,-0.171013,North,Barnet Hospital,3.17,Royal Free Hospital,9.99,Barnet Hospital,3.17,UCH (University College),13.38
EN59WS,51.643015,-0.171013,North,Barnet Hospital,3.17,Royal Free Hospital,9.99,Barnet Hospital,3.17,UCH (University College),13.38
EN59WT,51.643015,-0.171013,North,Barnet Hospital,3.17,Royal Free Hospital,9.99,Barnet Hospital,3.17,UCH (University College),13.38
EN59WU,51.643015,-0.171013,North,Barnet Hospital,3.17,Royal Free Hospital,9.99,Barnet Hospital,3.17,UCH (University College),13.38
EN59WW,51.643015,-0.171013,North,Barnet Hospital,3.17,Royal Free Hospital,9.99,Barnet Hospital,3.17,UCH (University College),13.38
EN59WX,51.643015,-0.171013,North,Barnet Hospital,3.17,Royal Free Hospital,9.99,Barnet Hospital,3.17,UCH (University College),13.38
EN59WY,51.643015,-0.171013,North,Barnet Hospital,3.17,Royal Free Hospital,9.99,Barnet Hospital,3.17,UCH (University College),13.38
EN59WZ,51.643015,-0.171013,North,Barnet Hospital,3.17,Royal Free Hospital,9.99,Barnet Hospital,3.17,UCH (University College),13.38
EN59XA,51.643015,-0.171013,North,Barnet Hospital,3.17,Royal Free Hospital,9.99,Barnet Hospital,3.17,UCH (University College),13.38
EN59XD,51.643015,-0.171013,North,Barnet Hospital,3.17,Royal Free Hospital,9.99,Barnet Hospital,3.17,UCH (University College),13.38
EN59XE,51.643015,-0.171013,North,Barnet Hospital,3.17,Royal Free Hospital,9.99,Barnet Hospital,3.17,UCH (University College),13.38
EN59XF,51.643015,-0.171013,North,Barnet Hospital,3.17,Royal Free Hospital,9.99,Barnet Hospital,3.17,UCH (University College),13.38
EN59XG,51.643015,-0.171013,North,Barnet Hospital,3.17,Royal Free Hospital,9.99,Barnet Hospital,3.17,UCH (University College),13.38
EN59XH,51.643015,-0.171013,North,Barnet Hospital,3.17,Royal Free Hospital,9.99,Barnet Hospital,3.17,UCH (University College),13.38
EN59XJ,51.643015,-0.171013,North,Barnet Hospital,3.17,Royal Free Hospital,9.99,Barnet Hospital,3.17,UCH (University College),13.38
EN59XL,51.643015,-0.171013,North,Barnet Hospital,3.17,Royal Free Hospital,9.99,Barnet Hospital,3.17,UCH (University College),13.38
EN59XN,51.643015,-0.171013,North,Barnet Hospital,3.17,Royal Free Hospital,9.99,Barnet Hospital,3.17,UCH (University College),13.38
EN59XP,51.643015,-0.171013,North,Barnet Hospital,3.17,Royal Free Hospital,9.99,Barnet Hospital,3.17,UCH (University College),13.38
EN59XQ,51.643015,-0.171013,North,Barnet Hospital,3.17,Royal Free Hospital,9.99,Barnet Hospital,3.17,UCH (University College),13.38
EN59XR,51.643015,-0.171013,North,Barnet Hospital,3.17,Royal Free Hospital,9.99,Barnet Hospital,3.17,UCH (University College),13.38
EN59XS,51.643015,-0.171013,North,Barnet Hospital,3.17,Royal Free Hospital,9.99,Barnet Hospital,3.17,UCH (University College),13.38
EN59XT,51.643015,-0.171013,North,Barnet Hospital,3.17,Royal Free Hospital,9.99,Barnet Hospital,3.17,UCH (University College),13.38
EN61JX,51.662123,-0.176765,North,Barnet Hospital,2.94,Royal Free Hospital,12.14,Barnet Hospital,2.94,Homerton University,15.31
EN61PU,51.644642,-0.151449,North,Barnet Hospital,4.45,Royal Free Hospital,10.21,Barnet Hospital,4.45,Homerton University,12.72
EN61PZ,51.669212,-0.169973,North,Barnet Hospital,3.74,Royal Free Hospital,12.9,Barnet Hospital,3.74,Homerton University,15.7
EN62NP,51.646392,-0.206304,North,Barnet Hospital,0.78,Royal Free Hospital,10.74,Barnet Hospital,0.78,UCH (University College),14.39
EN62NR,51.665626,-0.199761,North,Barnet Hospital,1.97,Royal Free Hospital,12.72,Barnet Hospital,1.97,UCH (University College),16.28
EN65EZ,51.647313,-0.207713,North,Barnet Hospital,0.64,Royal Free Hospital,10.87,Barnet Hospital,0.64,UCH (University College),14.51
EN65QT,51.684828,-0.158841,North,Barnet Hospital,5.43,Royal Free Hospital,14.64,Barnet Hospital,5.43,Homerton University,16.81
EN65QU,51.68156,-0.153404,North,Barnet Hospital,5.47,Royal Free Hospital,14.3,Barnet Hospital,5.47,Homerton University,16.32
EN65RL,51.645456,-0.203884,North,Barnet Hospital,0.97,Royal Free Hospital,10.6,Barnet Hospital,0.97,UCH (University College),14.23
HA74LW,51.633917,-0.304726,North,Barnet Hospital,6.45,Royal Free Hospital,13.16,Barnet Hospital,6.45,Queen Charlottes',13.83
HA80JB,51.605814,-0.253698,North,Barnet Hospital,5.65,Royal Free Hospital,8.45,Barnet Hospital,5.65,Queen Charlottes',9.95
HA80JD,51.606183,-0.253135,North,Barnet Hospital,5.6,Royal Free Hospital,8.45,Barnet Hospital,5.6,Queen Charlottes',9.98
HA80JE,51.605761,-0.252516,North,Barnet Hospital,5.62,Royal Free Hospital,8.39,Barnet Hospital,5.62,Queen Charlottes',9.93
HA80JF,51.606236,-0.25062,North,Barnet Hospital,5.52,Royal Free Hospital,8.33,Barnet Hospital,5.52,Queen Charlottes',9.97
HA80JG,51.6055,-0.251341,North,Barnet Hospital,5.61,Royal Free Hospital,8.31,Barnet Hospital,5.61,Queen Charlottes',9.9
HA80JH,51.6069,-0.248717,North,Barnet Hospital,5.39,Royal Free Hospital,8.29,Barnet Hospital,5.39,Queen Charlottes',10.03
HA80JJ,51.607387,-0.249406,North,Barnet Hospital,5.36,Royal Free Hospital,8.37,Barnet Hospital,5.36,Queen Charlottes',10.09
HA80JL,51.608283,-0.250383,North,Barnet Hospital,5.31,Royal Free Hospital,8.49,Barnet Hospital,5.31,Queen Charlottes',10.2
HA80JN,51.607416,-0.250734,North,Barnet Hospital,5.4,Royal Free Hospital,8.43,Barnet Hospital,5.4,Queen Charlottes',10.1
HA80JQ,51.607082,-0.250674,North,Barnet Hospital,5.43,Royal Free Hospital,8.4,Barnet Hospital,5.43,Queen Charlottes',10.07
HA80JR,51.607847,-0.248291,North,Barnet Hospital,5.28,Royal Free Hospital,8.35,Barnet Hospital,5.28,Queen Charlottes',10.14
HA80JW,51.607734,-0.250996,North,Barnet Hospital,5.38,Royal Free Hospital,8.47,Barnet Hospital,5.38,Queen Charlottes',10.14
HA80JY,51.605706,-0.251232,North,Barnet Hospital,5.59,Royal Free Hospital,8.32,Barnet Hospital,5.59,Queen Charlottes',9.92
HA80ND,51.606852,-0.255146,North,Barnet Hospital,5.6,Royal Free Hospital,8.61,Barnet Hospital,5.6,Queen Charlottes',10.08
HA80NF,51.607405,-0.25368,North,Barnet Hospital,5.5,Royal Free Hospital,8.58,Barnet Hospital,5.5,Queen Charlottes',10.12
HA80NG,51.608436,-0.251633,North,Barnet Hospital,5.33,Royal Free Hospital,8.56,Barnet Hospital,5.33,Queen Charlottes',10.22
HA80NH,51.607049,-0.253275,North,Barnet Hospital,5.52,Royal Free Hospital,8.53,Barnet Hospital,5.52,Queen Charlottes',10.08
HA80NQ,51.607972,-0.25129,North,Barnet Hospital,5.36,Royal Free Hospital,8.5,Barnet Hospital,5.36,Queen Charlottes',10.17
HA80PB,51.607253,-0.256762,North,Barnet Hospital,5.62,Royal Free Hospital,8.72,Barnet Hospital,5.62,Queen Charlottes',10.13
HA80PD,51.606945,-0.255994,North,Barnet Hospital,5.62,Royal Free Hospital,8.65,Barnet Hospital,5.62,Queen Charlottes',10.09
HA80PE,51.607306,-0.257266,North,Barnet Hospital,5.63,Royal Free Hospital,8.75,Barnet Hospital,5.63,Queen Charlottes',10.15
HA80PF,51.607647,-0.257224,North,Barnet Hospital,5.6,Royal Free Hospital,8.77,Barnet Hospital,5.6,Queen Charlottes',10.18
HA80PG,51.60832,-0.257126,North,Barnet Hospital,5.53,Royal Free Hospital,8.82,Barnet Hospital,5.53,Queen Charlottes',10.26
HA80PH,51.607692,-0.256038,North,Barnet Hospital,5.55,Royal Free Hospital,8.71,Barnet Hospital,5.55,Queen Charlottes',10.18
HA80PJ,51.607513,-0.25486,North,Barnet Hospital,5.53,Royal Free Hospital,8.64,Barnet Hospital,5.53,Queen Charlottes',10.15
HA80PL,51.608339,-0.255999,North,Barnet Hospital,5.49,Royal Free Hospital,8.76,Barnet Hospital,5.49,Queen Charlottes',10.25
HA80PN,51.608279,-0.25499,North,Barnet Hospital,5.46,Royal Free Hospital,8.71,Barnet Hospital,5.46,Queen Charlottes',10.23
HA80PP,51.609472,-0.255392,North,Barnet Hospital,5.36,Royal Free Hospital,8.82,Barnet Hospital,5.36,Queen Charlottes',10.37
HA80PQ,51.608295,-0.25665,North,Barnet Hospital,5.52,Royal Free Hospital,8.79,Barnet Hospital,5.52,Queen Charlottes',10.25
HA80PR,51.609918,-0.255765,North,Barnet Hospital,5.33,Royal Free Hospital,8.87,Barnet Hospital,5.33,Queen Charlottes',10.42
HA80PS,51.609575,-0.25689,North,Barnet Hospital,5.4,Royal Free Hospital,8.9,Barnet Hospital,5.4,Queen Charlottes',10.39
HA80PT,51.609881,-0.256922,North,Barnet Hospital,5.38,Royal Free Hospital,8.93,Barnet Hospital,5.38,Queen Charlottes',10.43
HA80PU,51.609762,-0.254298,North,Barnet Hospital,5.29,Royal Free Hospital,8.79,Barnet Hospital,5.29,Queen Charlottes',10.39
HA80PW,51.60824,-0.254168,North,Barnet Hospital,5.43,Royal Free Hospital,8.66,Barnet Hospital,5.43,Queen Charlottes',10.22
HA80PX,51.609487,-0.254597,North,Barnet Hospital,5.33,Royal Free Hospital,8.78,Barnet Hospital,5.33,Queen Charlottes',10.36
HA80PY,51.609573,-0.253092,North,Barnet Hospital,5.27,Royal Free Hospital,8.72,Barnet Hospital,5.27,Queen Charlottes',10.36
HA80PZ,51.609647,-0.25267,North,Barnet Hospital,5.25,Royal Free Hospital,8.7,Barnet Hospital,5.25,Queen Charlottes',10.36
HA80QA,51.608886,-0.252266,North,Barnet Hospital,5.31,Royal Free Hospital,8.62,Barnet Hospital,5.31,Queen Charlottes',10.28
HA80QB,51.607459,-0.251844,North,Barnet Hospital,5.43,Royal Free Hospital,8.49,Barnet Hospital,5.43,Queen Charlottes',10.12
HA80QD,51.606472,-0.251362,North,Barnet Hospital,5.52,Royal Free Hospital,8.39,Barnet Hospital,5.52,Queen Charlottes',10.0
HA80QE,51.606608,-0.252079,North,Barnet Hospital,5.52,Royal Free Hospital,8.43,Barnet Hospital,5.52,Queen Charlottes',10.02
HA80QF,51.608878,-0.252916,North,Barnet Hospital,5.33,Royal Free Hospital,8.65,Barnet Hospital,5.33,Queen Charlottes',10.28
HA80RE,51.608768,-0.259463,North,Barnet Hospital,5.57,Royal Free Hospital,8.97,Barnet Hospital,5.57,Queen Charlottes',10.33
HA80RF,51.608958,-0.260163,North,Barnet Hospital,5.58,Royal Free Hospital,9.02,Barnet Hospital,5.58,Queen Charlottes',10.36
HA80RG,51.609104,-0.259046,North,Barnet Hospital,5.53,Royal Free Hospital,8.97,Barnet Hospital,5.53,Queen Charlottes',10.36
HA80RP,51.608151,-0.257869,North,Barnet Hospital,5.57,Royal Free Hospital,8.84,Barnet Hospital,5.57,Queen Charlottes',10.24
HA80RQ,51.60878,-0.258451,North,Barnet Hospital,5.54,Royal Free Hospital,8.92,Barnet Hospital,5.54,Queen Charlottes',10.32
HA80RR,51.609349,-0.258025,North,Barnet Hospital,5.47,Royal Free Hospital,8.94,Barnet Hospital,5.47,Queen Charlottes',10.38
HA80RS,51.609919,-0.25822,North,Barnet Hospital,5.42,Royal Free Hospital,8.99,Barnet Hospital,5.42,Queen Charlottes',10.44
HA80RT,51.609647,-0.258678,North,Barnet Hospital,5.46,Royal Free Hospital,9.0,Barnet Hospital,5.46,Queen Charlottes',10.42
HA80RU,51.609315,-0.256943,North,Barnet Hospital,5.43,Royal Free Hospital,8.89,Barnet Hospital,5.43,Queen Charlottes',10.36
HA80RX,51.60921,-0.25468,North,Barnet Hospital,5.36,Royal Free Hospital,8.77,Barnet Hospital,5.36,Queen Charlottes',10.33
HA80RY,51.609244,-0.253364,North,Barnet Hospital,5.31,Royal Free Hospital,8.71,Barnet Hospital,5.31,Queen Charlottes',10.32
HA80RZ,51.609496,-0.252142,North,Barnet Hospital,5.24,Royal Free Hospital,8.67,Barnet Hospital,5.24,Queen Charlottes',10.34
HA80SA,51.609206,-0.252037,North,Barnet Hospital,5.27,Royal Free Hospital,8.64,Barnet Hospital,5.27,Queen Charlottes',10.31
HA80SB,51.608918,-0.253796,North,Barnet Hospital,5.36,Royal Free Hospital,8.7,Barnet Hospital,5.36,Queen Charlottes',10.29
HA80SD,51.609006,-0.256089,North,Barnet Hospital,5.43,Royal Free Hospital,8.82,Barnet Hospital,5.43,Queen Charlottes',10.32
HA80SE,51.608985,-0.257707,North,Barnet Hospital,5.49,Royal Free Hospital,8.9,Barnet Hospital,5.49,Queen Charlottes',10.33
HA80SF,51.609687,-0.253492,North,Barnet Hospital,5.27,Royal Free Hospital,8.75,Barnet Hospital,5.27,Queen Charlottes',10.37
HA88AR,51.628184,-0.269282,North,Barnet Hospital,4.49,Royal Free Hospital,11.0,Barnet Hospital,4.49,Queen Charlottes',12.57
HA88AS,51.628151,-0.269529,North,Barnet Hospital,4.51,Royal Free Hospital,11.01,Barnet Hospital,4.51,Queen Charlottes',12.57
HA88AT,51.62841,-0.269982,North,Barnet Hospital,4.52,Royal Free Hospital,11.05,Barnet Hospital,4.52,Queen Charlottes',12.6
HA88BF,51.622011,-0.281897,North,Barnet Hospital,5.6,Royal Free Hospital,11.11,Barnet Hospital,5.6,Queen Charlottes',12.09
HA88BU,51.62887,-0.269473,North,Barnet Hospital,4.46,Royal Free Hospital,11.07,Barnet Hospital,4.46,Queen Charlottes',12.65
HA88BY,51.621421,-0.264383,North,Barnet Hospital,4.7,Royal Free Hospital,10.21,Barnet Hospital,4.7,Queen Charlottes',11.77
HA88BZ,51.620452,-0.263914,North,Barnet Hospital,4.76,Royal Free Hospital,10.11,Barnet Hospital,4.76,Queen Charlottes',11.66
HA88DF,51.631145,-0.299599,North,Barnet Hospital,6.22,Royal Free Hospital,12.69,Barnet Hospital,6.22,Queen Charlottes',13.42
HA88DJ,51.621794,-0.274437,North,Barnet Hospital,5.2,Royal Free Hospital,10.72,Barnet Hospital,5.2,Queen Charlottes',11.95
HA88DN,51.621794,-0.274437,North,Barnet Hospital,5.2,Royal Free Hospital,10.72,Barnet Hospital,5.2,Queen Charlottes',11.95
HA88ES,51.628932,-0.270641,North,Barnet Hospital,4.53,Royal Free Hospital,11.13,Barnet Hospital,4.53,Queen Charlottes',12.67
HA88ET,51.628289,-0.270362,North,Barnet Hospital,4.55,Royal Free Hospital,11.06,Barnet Hospital,4.55,Queen Charlottes',12.6
HA88EU,51.628567,-0.27025,North,Barnet Hospital,4.53,Royal Free Hospital,11.08,Barnet Hospital,4.53,Queen Charlottes',12.63
HA88EW,51.628967,-0.265091,North,Barnet Hospital,4.21,Royal Free Hospital,10.88,Barnet Hospital,4.21,Queen Charlottes',12.61
HA88FH,51.630138,-0.268254,North,Barnet Hospital,4.32,Royal Free Hospital,11.12,Barnet Hospital,4.32,Queen Charlottes',12.77
HA88FJ,51.629548,-0.267872,North,Barnet Hospital,4.33,Royal Free Hospital,11.05,Barnet Hospital,4.33,Queen Charlottes',12.7
HA88FL,51.618413,-0.271994,North,Barnet Hospital,5.32,Royal Free Hospital,10.34,Barnet Hospital,5.32,Queen Charlottes',11.54
HA88FR,51.62916,-0.266572,North,Barnet Hospital,4.28,Royal Free Hospital,10.96,Barnet Hospital,4.28,Queen Charlottes',12.65
HA88FT,51.631581,-0.267347,North,Barnet Hospital,4.18,Royal Free Hospital,11.21,Barnet Hospital,4.18,Queen Charlottes',12.92
HA88FW,51.631813,-0.268451,North,Barnet Hospital,4.23,Royal Free Hospital,11.27,Barnet Hospital,4.23,Queen Charlottes',12.96
HA88FX,51.63141,-0.269766,North,Barnet Hospital,4.33,Royal Free Hospital,11.3,Barnet Hospital,4.33,Queen Charlottes',12.93
HA88GJ,51.623783,-0.275792,North,Barnet Hospital,5.14,Royal Free Hospital,10.94,Barnet Hospital,5.14,Queen Charlottes',12.18
HA88GL,51.623783,-0.275792,North,Barnet Hospital,5.14,Royal Free Hospital,10.94,Barnet Hospital,5.14,Queen Charlottes',12.18
HA88GQ,51.621794,-0.274437,North,Barnet Hospital,5.2,Royal Free Hospital,10.72,Barnet Hospital,5.2,Queen Charlottes',11.95
HA88GR,51.629049,-0.274913,North,Barnet Hospital,4.77,Royal Free Hospital,11.33,Barnet Hospital,4.77,Queen Charlottes',12.74
HA88GS,51.62959,-0.276265,North,Barnet Hospital,4.82,Royal Free Hospital,11.44,Barnet Hospital,4.82,Queen Charlottes',12.82
HA88GU,51.629709,-0.275769,North,Barnet Hospital,4.79,Royal Free Hospital,11.42,Barnet Hospital,4.79,Queen Charlottes',12.83
HA88GY,51.629562,-0.275558,North,Barnet Hospital,4.78,Royal Free Hospital,11.4,Barnet Hospital,4.78,Queen Charlottes',12.81
HA88GZ,51.629254,-0.275382,North,Barnet Hospital,4.79,Royal Free Hospital,11.37,Barnet Hospital,4.79,Queen Charlottes',12.77
HA88HH,51.622081,-0.282343,North,Barnet Hospital,5.62,Royal Free Hospital,11.13,Barnet Hospital,5.62,Queen Charlottes',12.11
HA88HJ,51.621545,-0.281395,North,Barnet Hospital,5.6,Royal Free Hospital,11.04,Barnet Hospital,5.6,Queen Charlottes',12.04
HA88HL,51.621598,-0.280064,North,Barnet Hospital,5.52,Royal Free Hospital,10.98,Barnet Hospital,5.52,Queen Charlottes',12.02
HA88HN,51.620887,-0.280019,North,Barnet Hospital,5.57,Royal Free Hospital,10.92,Barnet Hospital,5.57,Queen Charlottes',11.94
HA88HQ,51.620659,-0.281067,North,Barnet Hospital,5.64,Royal Free Hospital,10.96,Barnet Hospital,5.64,Queen Charlottes',11.93
HA88HR,51.620383,-0.278781,North,Barnet Hospital,5.53,Royal Free Hospital,10.82,Barnet Hospital,5.53,Queen Charlottes',11.86
HA88HS,51.620872,-0.279037,North,Barnet Hospital,5.51,Royal Free Hospital,10.87,Barnet Hospital,5.51,Queen Charlottes',11.92
HA88HT,51.622559,-0.283682,North,Barnet Hospital,5.67,Royal Free Hospital,11.24,Barnet Hospital,5.67,Queen Charlottes',12.19
HA88HU,51.622342,-0.283012,North,Barnet Hospital,5.64,Royal Free Hospital,11.19,Barnet Hospital,5.64,Queen Charlottes',12.15
HA88HW,51.620951,-0.280695,North,Barnet Hospital,5.6,Royal Free Hospital,10.96,Barnet Hospital,5.6,Queen Charlottes',11.96
HA88JB,51.621794,-0.274437,North,Barnet Hospital,5.2,Royal Free Hospital,10.72,Barnet Hospital,5.2,Queen Charlottes',11.95
HA88JF,51.619695,-0.278504,North,Barnet Hospital,5.57,Royal Free Hospital,10.76,Barnet Hospital,5.57,Queen Charlottes',11.79
HA88JG,51.619993,-0.27608,North,Barnet Hospital,5.41,Royal Free Hospital,10.66,Barnet Hospital,5.41,Queen Charlottes',11.78
HA88JH,51.62253,-0.276186,North,Barnet Hospital,5.25,Royal Free Hospital,10.86,Barnet Hospital,5.25,Queen Charlottes',12.05
HA88JJ,51.621634,-0.276408,North,Barnet Hospital,5.32,Royal Free Hospital,10.8,Barnet Hospital,5.32,Queen Charlottes',11.96
HA88JL,51.622212,-0.276603,North,Barnet Hospital,5.29,Royal Free Hospital,10.86,Barnet Hospital,5.29,Queen Charlottes',12.03
HA88JN,51.623783,-0.275792,North,Barnet Hospital,5.14,Royal Free Hospital,10.94,Barnet Hospital,5.14,Queen Charlottes',12.18
HA88JP,51.629624,-0.273663,North,Barnet Hospital,4.67,Royal Free Hospital,11.32,Barnet Hospital,4.67,Queen Charlottes',12.79
HA88JQ,51.619812,-0.275422,North,Barnet Hospital,5.39,Royal Free Hospital,10.61,Barnet Hospital,5.39,Queen Charlottes',11.75
HA88JR,51.621794,-0.274437,North,Barnet Hospital,5.2,Royal Free Hospital,10.72,Barnet Hospital,5.2,Queen Charlottes',11.95
HA88JS,51.621599,-0.275239,North,Barnet Hospital,5.26,Royal Free Hospital,10.74,Barnet Hospital,5.26,Queen Charlottes',11.94
HA88JT,51.621937,-0.278693,North,Barnet Hospital,5.42,Royal Free Hospital,10.94,Barnet Hospital,5.42,Queen Charlottes',12.03
HA88JU,51.623508,-0.28031,North,Barnet Hospital,5.42,Royal Free Hospital,11.14,Barnet Hospital,5.42,Queen Charlottes',12.23
HA88JW,51.623006,-0.282871,North,Barnet Hospital,5.59,Royal Free Hospital,11.23,Barnet Hospital,5.59,Queen Charlottes',12.22
HA88JX,51.62319,-0.279513,North,Barnet Hospital,5.39,Royal Free Hospital,11.08,Barnet Hospital,5.39,Queen Charlottes',12.18
HA88JY,51.622657,-0.281743,North,Barnet Hospital,5.55,Royal Free Hospital,11.15,Barnet Hospital,5.55,Queen Charlottes',12.16
HA88JZ,51.622395,-0.280438,North,Barnet Hospital,5.49,Royal Free Hospital,11.06,Barnet Hospital,5.49,Queen Charlottes',12.11
HA88LA,51.628878,-0.270007,North,Barnet Hospital,4.49,Royal Free Hospital,11.09,Barnet Hospital,4.49,Queen Charlottes',12.66
HA88LB,51.628441,-0.270269,North,Barnet Hospital,4.54,Royal Free Hospital,11.07,Barnet Hospital,4.54,Queen Charlottes',12.61
HA88LD,51.628493,-0.269502,North,Barnet Hospital,4.49,Royal Free Hospital,11.04,Barnet Hospital,4.49,Queen Charlottes',12.61
HA88LG,51.629162,-0.266124,North,Barnet Hospital,4.25,Royal Free Hospital,10.94,Barnet Hospital,4.25,Queen Charlottes',12.64
HA88LU,51.618747,-0.277629,North,Barnet Hospital,5.58,Royal Free Hospital,10.64,Barnet Hospital,5.58,Queen Charlottes',11.67
HA88LX,51.61881,-0.27702,North,Barnet Hospital,5.55,Royal Free Hospital,10.62,Barnet Hospital,5.55,Queen Charlottes',11.67
HA88LY,51.620278,-0.277153,North,Barnet Hospital,5.45,Royal Free Hospital,10.74,Barnet Hospital,5.45,Queen Charlottes',11.83
HA88LZ,51.619719,-0.277665,North,Barnet Hospital,5.52,Royal Free Hospital,10.72,Barnet Hospital,5.52,Queen Charlottes',11.77
HA88NA,51.620712,-0.277902,North,Barnet Hospital,5.46,Royal Free Hospital,10.81,Barnet Hospital,5.46,Queen Charlottes',11.88
HA88NB,51.622046,-0.277519,North,Barnet Hospital,5.35,Royal Free Hospital,10.89,Barnet Hospital,5.35,Queen Charlottes',12.02
HA88ND,51.622916,-0.278584,North,Barnet Hospital,5.36,Royal Free Hospital,11.01,Barnet Hospital,5.36,Queen Charlottes',12.13
HA88NE,51.624295,-0.278806,North,Barnet Hospital,5.28,Royal Free Hospital,11.13,Barnet Hospital,5.28,Queen Charlottes',12.29
HA88NG,51.616898,-0.274146,North,Barnet Hospital,5.54,Royal Free Hospital,10.33,Barnet Hospital,5.54,Queen Charlottes',11.41
HA88NJ,51.619089,-0.277631,North,Barnet Hospital,5.56,Royal Free Hospital,10.67,Barnet Hospital,5.56,Queen Charlottes',11.71
HA88NL,51.623783,-0.275792,North,Barnet Hospital,5.14,Royal Free Hospital,10.94,Barnet Hospital,5.14,Queen Charlottes',12.18
HA88NR,51.617634,-0.274089,North,Barnet Hospital,5.48,Royal Free Hospital,10.38,Barnet Hospital,5.48,Queen Charlottes',11.49
HA88NS,51.618012,-0.274104,North,Barnet Hospital,5.45,Royal Free Hospital,10.41,Barnet Hospital,5.45,Queen Charlottes',11.53
HA88NT,51.618486,-0.270894,North,Barnet Hospital,5.25,Royal Free Hospital,10.29,Barnet Hospital,5.25,Queen Charlottes',11.53
HA88NU,51.618412,-0.271951,North,Barnet Hospital,5.31,Royal Free Hospital,10.33,Barnet Hospital,5.31,Queen Charlottes',11.54
HA88NW,51.617283,-0.272817,North,Barnet Hospital,5.44,Royal Free Hospital,10.29,Barnet Hospital,5.44,Queen Charlottes',11.43
HA88NX,51.618077,-0.271169,North,Barnet Hospital,5.3,Royal Free Hospital,10.27,Barnet Hospital,5.3,Queen Charlottes',11.49
HA88NY,51.618471,-0.271703,North,Barnet Hospital,5.3,Royal Free Hospital,10.33,Barnet Hospital,5.3,Queen Charlottes',11.55
HA88NZ,51.619639,-0.272222,North,Barnet Hospital,5.24,Royal Free Hospital,10.44,Barnet Hospital,5.24,Queen Charlottes',11.68
HA88PA,51.619721,-0.271713,North,Barnet Hospital,5.2,Royal Free Hospital,10.42,Barnet Hospital,5.2,Queen Charlottes',11.68
HA88PB,51.621183,-0.271412,North,Barnet Hospital,5.08,Royal Free Hospital,10.53,Barnet Hospital,5.08,Queen Charlottes',11.84
HA88PD,51.621375,-0.272272,North,Barnet Hospital,5.11,Royal Free Hospital,10.58,Barnet Hospital,5.11,Queen Charlottes',11.87
HA88PE,51.620876,-0.273172,North,Barnet Hospital,5.2,Royal Free Hospital,10.59,Barnet Hospital,5.2,Queen Charlottes',11.83
HA88PF,51.620621,-0.274193,North,Barnet Hospital,5.27,Royal Free Hospital,10.62,Barnet Hospital,5.27,Queen Charlottes',11.82
HA88PG,51.619436,-0.273111,North,Barnet Hospital,5.3,Royal Free Hospital,10.47,Barnet Hospital,5.3,Queen Charlottes',11.67
HA88PH,51.623783,-0.275792,North,Barnet Hospital,5.14,Royal Free Hospital,10.94,Barnet Hospital,5.14,Queen Charlottes',12.18
HA88PJ,51.616706,-0.273359,North,Barnet Hospital,5.51,Royal Free Hospital,10.27,Barnet Hospital,5.51,Queen Charlottes',11.38
HA88PL,51.623783,-0.275792,North,Barnet Hospital,5.14,Royal Free Hospital,10.94,Barnet Hospital,5.14,Queen Charlottes',12.18
HA88PQ,51.616901,-0.273178,North,Barnet Hospital,5.49,Royal Free Hospital,10.28,Barnet Hospital,5.49,Queen Charlottes',11.4
HA88PS,51.618327,-0.275912,North,Barnet Hospital,5.52,Royal Free Hospital,10.52,Barnet Hospital,5.52,Queen Charlottes',11.59
HA88PT,51.618321,-0.274901,North,Barnet Hospital,5.47,Royal Free Hospital,10.47,Barnet Hospital,5.47,Queen Charlottes',11.58
HA88PU,51.622534,-0.275261,North,Barnet Hospital,5.2,Royal Free Hospital,10.82,Barnet Hospital,5.2,Queen Charlottes',12.04
HA88PX,51.622861,-0.274816,North,Barnet Hospital,5.15,Royal Free Hospital,10.82,Barnet Hospital,5.15,Queen Charlottes',12.07
HA88PY,51.623348,-0.275577,North,Barnet Hospital,5.16,Royal Free Hospital,10.9,Barnet Hospital,5.16,Queen Charlottes',12.13
HA88PZ,51.623696,-0.275376,North,Barnet Hospital,5.12,Royal Free Hospital,10.92,Barnet Hospital,5.12,Queen Charlottes',12.17
HA88QA,51.623225,-0.276998,North,Barnet Hospital,5.25,Royal Free Hospital,10.96,Barnet Hospital,5.25,Queen Charlottes',12.14
HA88QB,51.624295,-0.278185,North,Barnet Hospital,5.25,Royal Free Hospital,11.1,Barnet Hospital,5.25,Queen Charlottes',12.28
HA88QD,51.624976,-0.278,North,Barnet Hospital,5.19,Royal Free Hospital,11.14,Barnet Hospital,5.19,Queen Charlottes',12.35
HA88QE,51.627497,-0.277601,North,Barnet Hospital,5.02,Royal Free Hospital,11.33,Barnet Hospital,5.02,Queen Charlottes',12.61
HA88QF,51.62771,-0.278041,North,Barnet Hospital,5.03,Royal Free Hospital,11.37,Barnet Hospital,5.03,Queen Charlottes',12.64
HA88QG,51.627087,-0.279076,North,Barnet Hospital,5.13,Royal Free Hospital,11.37,Barnet Hospital,5.13,Queen Charlottes',12.59
HA88QH,51.625998,-0.279002,North,Barnet Hospital,5.19,Royal Free Hospital,11.27,Barnet Hospital,5.19,Queen Charlottes',12.47
HA88QJ,51.62658,-0.280685,North,Barnet Hospital,5.26,Royal Free Hospital,11.4,Barnet Hospital,5.26,Queen Charlottes',12.56
HA88QL,51.629122,-0.280487,North,Barnet Hospital,5.1,Royal Free Hospital,11.6,Barnet Hospital,5.1,Queen Charlottes',12.84
HA88QN,51.628718,-0.28056,North,Barnet Hospital,5.13,Royal Free Hospital,11.57,Barnet Hospital,5.13,Queen Charlottes',12.79
HA88QP,51.628546,-0.279859,North,Barnet Hospital,5.1,Royal Free Hospital,11.52,Barnet Hospital,5.1,Queen Charlottes',12.76
HA88QQ,51.626991,-0.27869,North,Barnet Hospital,5.11,Royal Free Hospital,11.34,Barnet Hospital,5.11,Queen Charlottes',12.58
HA88QR,51.632167,-0.280285,North,Barnet Hospital,4.94,Royal Free Hospital,11.84,Barnet Hospital,4.94,Queen Charlottes',13.16
HA88QS,51.634462,-0.281022,North,Barnet Hospital,4.89,Royal Free Hospital,12.06,Barnet Hospital,4.89,Queen Charlottes',13.42
HA88QT,51.634652,-0.282937,North,Barnet Hospital,5.0,Royal Free Hospital,12.16,Barnet Hospital,5.0,Queen Charlottes',13.47
HA88QW,51.626649,-0.279902,North,Barnet Hospital,5.2,Royal Free Hospital,11.37,Barnet Hospital,5.2,Queen Charlottes',12.56
HA88QX,51.634737,-0.284408,North,Barnet Hospital,5.09,Royal Free Hospital,12.24,Barnet Hospital,5.09,Queen Charlottes',13.51
HA88QY,51.628427,-0.271773,North,Barnet Hospital,4.62,Royal Free Hospital,11.13,Barnet Hospital,4.62,Queen Charlottes',12.63
HA88RA,51.626691,-0.271737,North,Barnet Hospital,4.73,Royal Free Hospital,10.99,Barnet Hospital,4.73,Queen Charlottes',12.44
HA88RB,51.627087,-0.271737,North,Barnet Hospital,4.7,Royal Free Hospital,11.02,Barnet Hospital,4.7,Queen Charlottes',12.48
HA88RD,51.627464,-0.271737,North,Barnet Hospital,4.68,Royal Free Hospital,11.05,Barnet Hospital,4.68,Queen Charlottes',12.52
HA88RE,51.627658,-0.270198,North,Barnet Hospital,4.58,Royal Free Hospital,11.0,Barnet Hospital,4.58,Queen Charlottes',12.53
HA88RG,51.627214,-0.271862,North,Barnet Hospital,4.7,Royal Free Hospital,11.04,Barnet Hospital,4.7,Queen Charlottes',12.5
HA88RH,51.628557,-0.276319,North,Barnet Hospital,4.88,Royal Free Hospital,11.35,Barnet Hospital,4.88,Queen Charlottes',12.71
HA88RJ,51.628202,-0.276043,North,Barnet Hospital,4.89,Royal Free Hospital,11.31,Barnet Hospital,4.89,Queen Charlottes',12.67
HA88RL,51.628955,-0.277069,North,Barnet Hospital,4.91,Royal Free Hospital,11.42,Barnet Hospital,4.91,Queen Charlottes',12.76
HA88RN,51.625636,-0.275216,North,Barnet Hospital,4.99,Royal Free Hospital,11.06,Barnet Hospital,4.99,Queen Charlottes',12.38
HA88RP,51.626304,-0.276,North,Barnet Hospital,5.0,Royal Free Hospital,11.16,Barnet Hospital,5.0,Queen Charlottes',12.46
HA88RQ,51.627779,-0.271754,North,Barnet Hospital,4.66,Royal Free Hospital,11.08,Barnet Hospital,4.66,Queen Charlottes',12.56
HA88RR,51.624998,-0.275847,North,Barnet Hospital,5.07,Royal Free Hospital,11.04,Barnet Hospital,5.07,Queen Charlottes',12.32
HA88RS,51.627211,-0.275286,North,Barnet Hospital,4.9,Royal Free Hospital,11.2,Barnet Hospital,4.9,Queen Charlottes',12.55
HA88RT,51.624042,-0.275074,North,Barnet Hospital,5.09,Royal Free Hospital,10.93,Barnet Hospital,5.09,Queen Charlottes',12.2
HA88RU,51.62512,-0.277431,North,Barnet Hospital,5.15,Royal Free Hospital,11.13,Barnet Hospital,5.15,Queen Charlottes',12.35
HA88RW,51.625758,-0.27433,North,Barnet Hospital,4.93,Royal Free Hospital,11.03,Barnet Hospital,4.93,Queen Charlottes',12.38
HA88RX,51.624316,-0.274096,North,Barnet Hospital,5.01,Royal Free Hospital,10.91,Barnet Hospital,5.01,Queen Charlottes',12.22
HA88RY,51.624373,-0.274903,North,Barnet Hospital,5.05,Royal Free Hospital,10.95,Barnet Hospital,5.05,Queen Charlottes',12.23
HA88RZ,51.625184,-0.27688,North,Barnet Hospital,5.12,Royal Free Hospital,11.11,Barnet Hospital,5.12,Queen Charlottes',12.35
HA88SA,51.627566,-0.275591,North,Barnet Hospital,4.9,Royal Free Hospital,11.24,Barnet Hospital,4.9,Queen Charlottes',12.59
HA88SB,51.627866,-0.275825,North,Barnet Hospital,4.89,Royal Free Hospital,11.27,Barnet Hospital,4.89,Queen Charlottes',12.63
HA88SD,51.630812,-0.268229,North,Barnet Hospital,4.28,Royal Free Hospital,11.18,Barnet Hospital,4.28,Queen Charlottes',12.85
HA88SE,51.6312,-0.267723,North,Barnet Hospital,4.22,Royal Free Hospital,11.19,Barnet Hospital,4.22,Queen Charlottes',12.88
HA88SF,51.630823,-0.267737,North,Barnet Hospital,4.25,Royal Free Hospital,11.16,Barnet Hospital,4.25,Queen Charlottes',12.84
HA88SG,51.630489,-0.267085,North,Barnet Hospital,4.23,Royal Free Hospital,11.1,Barnet Hospital,4.23,Queen Charlottes',12.8
HA88SH,51.629713,-0.266291,North,Barnet Hospital,4.23,Royal Free Hospital,11.0,Barnet Hospital,4.23,Queen Charlottes',12.7
HA88SJ,51.622074,-0.274542,North,Barnet Hospital,5.19,Royal Free Hospital,10.75,Barnet Hospital,5.19,Queen Charlottes',11.98
HA88SL,51.622543,-0.274654,North,Barnet Hospital,5.16,Royal Free Hospital,10.79,Barnet Hospital,5.16,Queen Charlottes',12.03
HA88SN,51.623529,-0.274429,North,Barnet Hospital,5.08,Royal Free Hospital,10.86,Barnet Hospital,5.08,Queen Charlottes',12.13
HA88SP,51.62539,-0.271931,North,Barnet Hospital,4.82,Royal Free Hospital,10.89,Barnet Hospital,4.82,Queen Charlottes',12.3
HA88SQ,51.63009,-0.266826,North,Barnet Hospital,4.24,Royal Free Hospital,11.05,Barnet Hospital,4.24,Queen Charlottes',12.75
HA88SR,51.623643,-0.273009,North,Barnet Hospital,5.0,Royal Free Hospital,10.8,Barnet Hospital,5.0,Queen Charlottes',12.13
HA88SS,51.625729,-0.272959,North,Barnet Hospital,4.86,Royal Free Hospital,10.97,Barnet Hospital,4.86,Queen Charlottes',12.35
HA88ST,51.626408,-0.272052,North,Barnet Hospital,4.76,Royal Free Hospital,10.98,Barnet Hospital,4.76,Queen Charlottes',12.41
HA88SU,51.626077,-0.270345,North,Barnet Hospital,4.69,Royal Free Hospital,10.87,Barnet Hospital,4.69,Queen Charlottes',12.35
HA88SW,51.623698,-0.273686,North,Barnet Hospital,5.03,Royal Free Hospital,10.84,Barnet Hospital,5.03,Queen Charlottes',12.14
HA88SX,51.626201,-0.268982,North,Barnet Hospital,4.6,Royal Free Hospital,10.82,Barnet Hospital,4.6,Queen Charlottes',12.35
HA88SY,51.626537,-0.267395,North,Barnet Hospital,4.49,Royal Free Hospital,10.78,Barnet Hospital,4.49,Queen Charlottes',12.37
HA88SZ,51.626727,-0.268052,North,Barnet Hospital,4.52,Royal Free Hospital,10.82,Barnet Hospital,4.52,Queen Charlottes',12.4
HA88TA,51.627521,-0.268874,North,Barnet Hospital,4.51,Royal Free Hospital,10.93,Barnet Hospital,4.51,Queen Charlottes',12.49
HA88TB,51.626503,-0.269375,North,Barnet Hospital,4.61,Royal Free Hospital,10.86,Barnet Hospital,4.61,Queen Charlottes',12.39
HA88TD,51.626483,-0.269838,North,Barnet Hospital,4.63,Royal Free Hospital,10.88,Barnet Hospital,4.63,Queen Charlottes',12.39
HA88TE,51.626545,-0.270399,North,Barnet Hospital,4.66,Royal Free Hospital,10.91,Barnet Hospital,4.66,Queen Charlottes',12.41
HA88TF,51.627771,-0.272375,North,Barnet Hospital,4.7,Royal Free Hospital,11.11,Barnet Hospital,4.7,Queen Charlottes',12.57
HA88TG,51.62899,-0.271506,North,Barnet Hospital,4.57,Royal Free Hospital,11.17,Barnet Hospital,4.57,Queen Charlottes',12.69
HA88TH,51.626829,-0.272541,North,Barnet Hospital,4.76,Royal Free Hospital,11.04,Barnet Hospital,4.76,Queen Charlottes',12.47
HA88TL,51.622471,-0.270381,North,Barnet Hospital,4.94,Royal Free Hospital,10.58,Barnet Hospital,4.94,Queen Charlottes',11.96
HA88TN,51.629447,-0.273829,North,Barnet Hospital,4.69,Royal Free Hospital,11.31,Barnet Hospital,4.69,Queen Charlottes',12.77
HA88TP,51.622243,-0.272557,North,Barnet Hospital,5.07,Royal Free Hospital,10.67,Barnet Hospital,5.07,Queen Charlottes',11.97
HA88TQ,51.626783,-0.272485,North,Barnet Hospital,4.76,Royal Free Hospital,11.03,Barnet Hospital,4.76,Queen Charlottes',12.46
HA88TR,51.622446,-0.273502,North,Barnet Hospital,5.1,Royal Free Hospital,10.73,Barnet Hospital,5.1,Queen Charlottes',12.0
HA88TS,51.622695,-0.272106,North,Barnet Hospital,5.01,Royal Free Hospital,10.68,Barnet Hospital,5.01,Queen Charlottes',12.01
HA88TT,51.62274,-0.27092,North,Barnet Hospital,4.94,Royal Free Hospital,10.63,Barnet Hospital,4.94,Queen Charlottes',12.0
HA88TU,51.622785,-0.270297,North,Barnet Hospital,4.91,Royal Free Hospital,10.6,Barnet Hospital,4.91,Queen Charlottes',11.99
HA88TX,51.623848,-0.271614,North,Barnet Hospital,4.91,Royal Free Hospital,10.75,Barnet Hospital,4.91,Queen Charlottes',12.13
HA88TY,51.624684,-0.272811,North,Barnet Hospital,4.92,Royal Free Hospital,10.87,Barnet Hospital,4.92,Queen Charlottes',12.24
HA88TZ,51.625049,-0.272623,North,Barnet Hospital,4.88,Royal Free Hospital,10.89,Barnet Hospital,4.88,Queen Charlottes',12.27
HA88UA,51.625444,-0.271337,North,Barnet Hospital,4.78,Royal Free Hospital,10.87,Barnet Hospital,4.78,Queen Charlottes',12.3
HA88UB,51.625778,-0.270833,North,Barnet Hospital,4.73,Royal Free Hospital,10.87,Barnet Hospital,4.73,Queen Charlottes',12.33
HA88UD,51.624832,-0.270681,North,Barnet Hospital,4.79,Royal Free Hospital,10.79,Barnet Hospital,4.79,Queen Charlottes',12.22
HA88UE,51.624214,-0.270864,North,Barnet Hospital,4.84,Royal Free Hospital,10.74,Barnet Hospital,4.84,Queen Charlottes',12.16
HA88UF,51.623848,-0.271037,North,Barnet Hospital,4.87,Royal Free Hospital,10.72,Barnet Hospital,4.87,Queen Charlottes',12.12
HA88UG,51.623157,-0.271135,North,Barnet Hospital,4.93,Royal Free Hospital,10.67,Barnet Hospital,4.93,Queen Charlottes',12.05
HA88UH,51.624322,-0.269011,North,Barnet Hospital,4.73,Royal Free Hospital,10.67,Barnet Hospital,4.73,Queen Charlottes',12.15
HA88UJ,51.624012,-0.267534,North,Barnet Hospital,4.67,Royal Free Hospital,10.57,Barnet Hospital,4.67,Queen Charlottes',12.09
HA88UL,51.626092,-0.267686,North,Barnet Hospital,4.54,Royal Free Hospital,10.75,Barnet Hospital,4.54,Queen Charlottes',12.32
HA88UN,51.624299,-0.268058,North,Barnet Hospital,4.68,Royal Free Hospital,10.62,Barnet Hospital,4.68,Queen Charlottes',12.13
HA88UP,51.624643,-0.270038,North,Barnet Hospital,4.77,Royal Free Hospital,10.74,Barnet Hospital,4.77,Queen Charlottes',12.19
HA88UQ,51.623358,-0.270102,North,Barnet Hospital,4.86,Royal Free Hospital,10.64,Barnet Hospital,4.86,Queen Charlottes',12.05
HA88UR,51.624148,-0.270028,North,Barnet Hospital,4.8,Royal Free Hospital,10.7,Barnet Hospital,4.8,Queen Charlottes',12.14
HA88UT,51.6257,-0.269782,North,Barnet Hospital,4.68,Royal Free Hospital,10.82,Barnet Hospital,4.68,Queen Charlottes',12.31
HA88UU,51.625382,-0.27079,North,Barnet Hospital,4.76,Royal Free Hospital,10.84,Barnet Hospital,4.76,Queen Charlottes',12.28
HA88UW,51.625469,-0.26875,North,Barnet Hospital,4.64,Royal Free Hospital,10.75,Barnet Hospital,4.64,Queen Charlottes',12.27
HA88UX,51.6257,-0.269782,North,Barnet Hospital,4.68,Royal Free Hospital,10.82,Barnet Hospital,4.68,Queen Charlottes',12.31
HA88WG,51.61724,-0.273584,North,Barnet Hospital,5.48,Royal Free Hospital,10.32,Barnet Hospital,5.48,Queen Charlottes',11.44
HA88WL,51.623783,-0.275792,North,Barnet Hospital,5.14,Royal Free Hospital,10.94,Barnet Hospital,5.14,Queen Charlottes',12.18
HA88WP,51.61711,-0.273921,North,Barnet Hospital,5.51,Royal Free Hospital,10.33,Barnet Hospital,5.51,Queen Charlottes',11.43
HA88XA,51.62575,-0.267092,North,Barnet Hospital,4.53,Royal Free Hospital,10.7,Barnet Hospital,4.53,Queen Charlottes',12.28
HA88XB,51.627679,-0.267409,North,Barnet Hospital,4.42,Royal Free Hospital,10.87,Barnet Hospital,4.42,Queen Charlottes',12.49
HA88XD,51.626714,-0.266608,North,Barnet Hospital,4.44,Royal Free Hospital,10.76,Barnet Hospital,4.44,Queen Charlottes',12.38
HA88XE,51.627422,-0.265829,North,Barnet Hospital,4.35,Royal Free Hospital,10.78,Barnet Hospital,4.35,Queen Charlottes',12.45
HA88XF,51.628442,-0.266686,North,Barnet Hospital,4.33,Royal Free Hospital,10.91,Barnet Hospital,4.33,Queen Charlottes',12.57
HA88XG,51.628455,-0.268203,North,Barnet Hospital,4.42,Royal Free Hospital,10.98,Barnet Hospital,4.42,Queen Charlottes',12.59
HA88XH,51.629042,-0.267704,North,Barnet Hospital,4.35,Royal Free Hospital,11.0,Barnet Hospital,4.35,Queen Charlottes',12.65
HA88XJ,51.629986,-0.26891,North,Barnet Hospital,4.36,Royal Free Hospital,11.14,Barnet Hospital,4.36,Queen Charlottes',12.76
HA88XL,51.631178,-0.270483,North,Barnet Hospital,4.39,Royal Free Hospital,11.31,Barnet Hospital,4.39,Queen Charlottes',12.91
HA88XN,51.63092,-0.272516,North,Barnet Hospital,4.53,Royal Free Hospital,11.38,Barnet Hospital,4.53,Queen Charlottes',12.91
HA88XP,51.630646,-0.270417,North,Barnet Hospital,4.41,Royal Free Hospital,11.26,Barnet Hospital,4.41,Queen Charlottes',12.85
HA88XQ,51.629469,-0.27049,North,Barnet Hospital,4.49,Royal Free Hospital,11.16,Barnet Hospital,4.49,Queen Charlottes',12.73
HA88XR,51.630977,-0.271531,North,Barnet Hospital,4.46,Royal Free Hospital,11.34,Barnet Hospital,4.46,Queen Charlottes',12.91
HA88XS,51.629987,-0.270254,North,Barnet Hospital,4.44,Royal Free Hospital,11.2,Barnet Hospital,4.44,Queen Charlottes',12.78
HA88XT,51.630393,-0.270903,North,Barnet Hospital,4.46,Royal Free Hospital,11.26,Barnet Hospital,4.46,Queen Charlottes',12.83
HA88XU,51.629883,-0.271688,North,Barnet Hospital,4.53,Royal Free Hospital,11.25,Barnet Hospital,4.53,Queen Charlottes',12.79
HA88XW,51.63039,-0.271944,North,Barnet Hospital,4.52,Royal Free Hospital,11.31,Barnet Hospital,4.52,Queen Charlottes',12.85
HA88XX,51.626913,-0.266066,North,Barnet Hospital,4.4,Royal Free Hospital,10.75,Barnet Hospital,4.4,Queen Charlottes',12.39
HA88YB,51.620418,-0.264666,North,Barnet Hospital,4.8,Royal Free Hospital,10.14,Barnet Hospital,4.8,Queen Charlottes',11.67
HA88YD,51.620923,-0.264199,North,Barnet Hospital,4.73,Royal Free Hospital,10.16,Barnet Hospital,4.73,Queen Charlottes',11.72
HA88YE,51.622719,-0.267627,North,Barnet Hospital,4.77,Royal Free Hospital,10.47,Barnet Hospital,4.77,Queen Charlottes',11.95
HA88YF,51.623964,-0.266727,North,Barnet Hospital,4.63,Royal Free Hospital,10.53,Barnet Hospital,4.63,Queen Charlottes',12.08
HA88YG,51.623829,-0.266126,North,Barnet Hospital,4.61,Royal Free Hospital,10.49,Barnet Hospital,4.61,Queen Charlottes',12.06
HA88YH,51.626542,-0.265328,North,Barnet Hospital,4.38,Royal Free Hospital,10.68,Barnet Hospital,4.38,Queen Charlottes',12.34
HA88YJ,51.625849,-0.264676,North,Barnet Hospital,4.39,Royal Free Hospital,10.6,Barnet Hospital,4.39,Queen Charlottes',12.26
HA88YL,51.623833,-0.265779,North,Barnet Hospital,4.59,Royal Free Hospital,10.48,Barnet Hospital,4.59,Queen Charlottes',12.05
HA88YN,51.624559,-0.264971,North,Barnet Hospital,4.5,Royal Free Hospital,10.5,Barnet Hospital,4.5,Queen Charlottes',12.12
HA88YP,51.623845,-0.264724,North,Barnet Hospital,4.54,Royal Free Hospital,10.43,Barnet Hospital,4.54,Queen Charlottes',12.04
HA88YQ,51.626134,-0.265055,North,Barnet Hospital,4.39,Royal Free Hospital,10.64,Barnet Hospital,4.39,Queen Charlottes',12.3
HA88YR,51.625401,-0.262945,North,Barnet Hospital,4.33,Royal Free Hospital,10.48,Barnet Hospital,4.33,Queen Charlottes',12.19
HA88YS,51.623236,-0.264328,North,Barnet Hospital,4.56,Royal Free Hospital,10.36,Barnet Hospital,4.56,Queen Charlottes',11.97
HA88YU,51.62718,-0.263455,North,Barnet Hospital,4.23,Royal Free Hospital,10.66,Barnet Hospital,4.23,Queen Charlottes',12.39
HA88YW,51.625483,-0.263592,North,Barnet Hospital,4.36,Royal Free Hospital,10.52,Barnet Hospital,4.36,Queen Charlottes',12.21
HA88YY,51.628349,-0.265259,North,Barnet Hospital,4.26,Royal Free Hospital,10.84,Barnet Hospital,4.26,Queen Charlottes',12.54
HA88YZ,51.630571,-0.267775,North,Barnet Hospital,4.26,Royal Free Hospital,11.14,Barnet Hospital,4.26,Queen Charlottes',12.81
HA88ZA,51.630535,-0.267762,North,Barnet Hospital,4.26,Royal Free Hospital,11.13,Barnet Hospital,4.26,Queen Charlottes',12.81
HA88ZB,51.630535,-0.267762,North,Barnet Hospital,4.26,Royal Free Hospital,11.13,Barnet Hospital,4.26,Queen Charlottes',12.81
HA88ZD,51.630535,-0.267762,North,Barnet Hospital,4.26,Royal Free Hospital,11.13,Barnet Hospital,4.26,Queen Charlottes',12.81
HA88ZE,51.630535,-0.267762,North,Barnet Hospital,4.26,Royal Free Hospital,11.13,Barnet Hospital,4.26,Queen Charlottes',12.81
HA88ZG,51.630535,-0.267762,North,Barnet Hospital,4.26,Royal Free Hospital,11.13,Barnet Hospital,4.26,Queen Charlottes',12.81
HA88ZH,51.630535,-0.267762,North,Barnet Hospital,4.26,Royal Free Hospital,11.13,Barnet Hospital,4.26,Queen Charlottes',12.81
HA88ZJ,51.630535,-0.267762,North,Barnet Hospital,4.26,Royal Free Hospital,11.13,Barnet Hospital,4.26,Queen Charlottes',12.81
HA88ZR,51.630535,-0.267762,North,Barnet Hospital,4.26,Royal Free Hospital,11.13,Barnet Hospital,4.26,Queen Charlottes',12.81
HA89AS,51.613853,-0.265249,North,Barnet Hospital,5.36,Royal Free Hospital,9.65,Barnet Hospital,5.36,Queen Charlottes',10.95
HA89AY,51.613853,-0.265234,North,Barnet Hospital,5.36,Royal Free Hospital,9.65,Barnet Hospital,5.36,Queen Charlottes',10.95
HA89BH,51.613853,-0.265234,North,Barnet Hospital,5.36,Royal Free Hospital,9.65,Barnet Hospital,5.36,Queen Charlottes',10.95
HA89BT,51.610458,-0.259442,North,Barnet Hospital,5.42,Royal Free Hospital,9.1,Barnet Hospital,5.42,Queen Charlottes',10.51
HA89BU,51.610601,-0.258165,North,Barnet Hospital,5.35,Royal Free Hospital,9.05,Barnet Hospital,5.35,Queen Charlottes',10.52
HA89BX,51.610584,-0.257025,North,Barnet Hospital,5.31,Royal Free Hospital,8.99,Barnet Hospital,5.31,Queen Charlottes',10.5
HA89BY,51.610963,-0.256491,North,Barnet Hospital,5.26,Royal Free Hospital,8.99,Barnet Hospital,5.26,Queen Charlottes',10.54
HA89BZ,51.610786,-0.256064,North,Barnet Hospital,5.26,Royal Free Hospital,8.96,Barnet Hospital,5.26,Queen Charlottes',10.52
HA89DA,51.610967,-0.254916,North,Barnet Hospital,5.2,Royal Free Hospital,8.92,Barnet Hospital,5.2,Queen Charlottes',10.53
HA89DB,51.610677,-0.254812,North,Barnet Hospital,5.22,Royal Free Hospital,8.89,Barnet Hospital,5.22,Queen Charlottes',10.49
HA89DD,51.610434,-0.254763,North,Barnet Hospital,5.24,Royal Free Hospital,8.87,Barnet Hospital,5.24,Queen Charlottes',10.47
HA89DE,51.610261,-0.252184,North,Barnet Hospital,5.17,Royal Free Hospital,8.73,Barnet Hospital,5.17,Queen Charlottes',10.43
HA89DF,51.609891,-0.252097,North,Barnet Hospital,5.2,Royal Free Hospital,8.7,Barnet Hospital,5.2,Queen Charlottes',10.39
HA89DG,51.610011,-0.254158,North,Barnet Hospital,5.26,Royal Free Hospital,8.8,Barnet Hospital,5.26,Queen Charlottes',10.42
HA89DH,51.610053,-0.259414,North,Barnet Hospital,5.45,Royal Free Hospital,9.06,Barnet Hospital,5.45,Queen Charlottes',10.47
HA89DJ,51.609882,-0.260605,North,Barnet Hospital,5.52,Royal Free Hospital,9.11,Barnet Hospital,5.52,Queen Charlottes',10.46
HA89DQ,51.610241,-0.256923,North,Barnet Hospital,5.34,Royal Free Hospital,8.96,Barnet Hospital,5.34,Queen Charlottes',10.47
HA89DR,51.610604,-0.2535,North,Barnet Hospital,5.18,Royal Free Hospital,8.82,Barnet Hospital,5.18,Queen Charlottes',10.48
HA89DS,51.611192,-0.253723,North,Barnet Hospital,5.14,Royal Free Hospital,8.88,Barnet Hospital,5.14,Queen Charlottes',10.54
HA89DT,51.611158,-0.253277,North,Barnet Hospital,5.12,Royal Free Hospital,8.85,Barnet Hospital,5.12,Queen Charlottes',10.54
HA89DU,51.610389,-0.252959,North,Barnet Hospital,5.18,Royal Free Hospital,8.78,Barnet Hospital,5.18,Queen Charlottes',10.45
HA89DY,51.613853,-0.265249,North,Barnet Hospital,5.36,Royal Free Hospital,9.65,Barnet Hospital,5.36,Queen Charlottes',10.95
HA89ED,51.61087,-0.257505,North,Barnet Hospital,5.3,Royal Free Hospital,9.03,Barnet Hospital,5.3,Queen Charlottes',10.54
HA89EN,51.610533,-0.262645,North,Barnet Hospital,5.54,Royal Free Hospital,9.26,Barnet Hospital,5.54,Queen Charlottes',10.56
HA89EP,51.61119,-0.261508,North,Barnet Hospital,5.43,Royal Free Hospital,9.26,Barnet Hospital,5.43,Queen Charlottes',10.62
HA89ER,51.611158,-0.262405,North,Barnet Hospital,5.47,Royal Free Hospital,9.3,Barnet Hospital,5.47,Queen Charlottes',10.62
HA89ES,51.610717,-0.262956,North,Barnet Hospital,5.53,Royal Free Hospital,9.29,Barnet Hospital,5.53,Queen Charlottes',10.58
HA89ET,51.609465,-0.260996,North,Barnet Hospital,5.57,Royal Free Hospital,9.1,Barnet Hospital,5.57,Queen Charlottes',10.42
HA89EU,51.609551,-0.260126,North,Barnet Hospital,5.53,Royal Free Hospital,9.06,Barnet Hospital,5.53,Queen Charlottes',10.42
HA89EX,51.609334,-0.260034,North,Barnet Hospital,5.54,Royal Free Hospital,9.04,Barnet Hospital,5.54,Queen Charlottes',10.4
HA89EY,51.609649,-0.26005,North,Barnet Hospital,5.52,Royal Free Hospital,9.06,Barnet Hospital,5.52,Queen Charlottes',10.43
HA89EZ,51.610722,-0.259677,North,Barnet Hospital,5.4,Royal Free Hospital,9.13,Barnet Hospital,5.4,Queen Charlottes',10.55
HA89FA,51.611529,-0.258852,North,Barnet Hospital,5.3,Royal Free Hospital,9.15,Barnet Hospital,5.3,Queen Charlottes',10.63
HA89FD,51.613853,-0.265234,North,Barnet Hospital,5.36,Royal Free Hospital,9.65,Barnet Hospital,5.36,Queen Charlottes',10.95
HA89FE,51.614057,-0.265053,North,Barnet Hospital,5.33,Royal Free Hospital,9.65,Barnet Hospital,5.33,Queen Charlottes',10.97
HA89FG,51.613853,-0.265234,North,Barnet Hospital,5.36,Royal Free Hospital,9.65,Barnet Hospital,5.36,Queen Charlottes',10.95
HA89FJ,51.613853,-0.265234,North,Barnet Hospital,5.36,Royal Free Hospital,9.65,Barnet Hospital,5.36,Queen Charlottes',10.95
HA89FL,51.613853,-0.265234,North,Barnet Hospital,5.36,Royal Free Hospital,9.65,Barnet Hospital,5.36,Queen Charlottes',10.95
HA89FN,51.613853,-0.265234,North,Barnet Hospital,5.36,Royal Free Hospital,9.65,Barnet Hospital,5.36,Queen Charlottes',10.95
HA89FP,51.613853,-0.265234,North,Barnet Hospital,5.36,Royal Free Hospital,9.65,Barnet Hospital,5.36,Queen Charlottes',10.95
HA89FQ,51.614057,-0.265053,North,Barnet Hospital,5.33,Royal Free Hospital,9.65,Barnet Hospital,5.33,Queen Charlottes',10.97
HA89FR,51.613853,-0.265234,North,Barnet Hospital,5.36,Royal Free Hospital,9.65,Barnet Hospital,5.36,Queen Charlottes',10.95
HA89FS,51.613853,-0.265234,North,Barnet Hospital,5.36,Royal Free Hospital,9.65,Barnet Hospital,5.36,Queen Charlottes',10.95
HA89FW,51.613853,-0.265234,North,Barnet Hospital,5.36,Royal Free Hospital,9.65,Barnet Hospital,5.36,Queen Charlottes',10.95
HA89GA,51.620986,-0.262319,North,Barnet Hospital,4.64,Royal Free Hospital,10.08,Barnet Hospital,4.64,Queen Charlottes',11.7
HA89GB,51.621034,-0.263155,North,Barnet Hospital,4.67,Royal Free Hospital,10.12,Barnet Hospital,4.67,Queen Charlottes',11.72
HA89GD,51.620881,-0.263724,North,Barnet Hospital,4.71,Royal Free Hospital,10.14,Barnet Hospital,4.71,Queen Charlottes',11.71
HA89GE,51.620941,-0.262942,North,Barnet Hospital,4.67,Royal Free Hospital,10.11,Barnet Hospital,4.67,Queen Charlottes',11.7
HA89GF,51.621526,-0.26357,North,Barnet Hospital,4.65,Royal Free Hospital,10.18,Barnet Hospital,4.65,Queen Charlottes',11.77
HA89GG,51.62157,-0.262903,North,Barnet Hospital,4.62,Royal Free Hospital,10.16,Barnet Hospital,4.62,Queen Charlottes',11.77
HA89GH,51.621263,-0.261615,North,Barnet Hospital,4.58,Royal Free Hospital,10.07,Barnet Hospital,4.58,Queen Charlottes',11.72
HA89GP,51.6203,-0.268254,North,Barnet Hospital,4.98,Royal Free Hospital,10.3,Barnet Hospital,4.98,Queen Charlottes',11.7
HA89GQ,51.621393,-0.261278,North,Barnet Hospital,4.55,Royal Free Hospital,10.07,Barnet Hospital,4.55,Queen Charlottes',11.74
HA89GR,51.614882,-0.261223,North,Barnet Hospital,5.09,Royal Free Hospital,9.53,Barnet Hospital,5.09,Queen Charlottes',11.02
HA89HA,51.611097,-0.257612,North,Barnet Hospital,5.29,Royal Free Hospital,9.06,Barnet Hospital,5.29,Queen Charlottes',10.57
HA89HB,51.611246,-0.254963,North,Barnet Hospital,5.17,Royal Free Hospital,8.94,Barnet Hospital,5.17,Queen Charlottes',10.56
HA89HD,51.611563,-0.25329,North,Barnet Hospital,5.08,Royal Free Hospital,8.89,Barnet Hospital,5.08,Queen Charlottes',10.58
HA89HE,51.611988,-0.255281,North,Barnet Hospital,5.12,Royal Free Hospital,9.02,Barnet Hospital,5.12,Queen Charlottes',10.64
HA89HF,51.61106,-0.252732,North,Barnet Hospital,5.11,Royal Free Hospital,8.82,Barnet Hospital,5.11,Queen Charlottes',10.52
HA89HG,51.611144,-0.252338,North,Barnet Hospital,5.09,Royal Free Hospital,8.81,Barnet Hospital,5.09,Queen Charlottes',10.53
HA89HH,51.610555,-0.26237,North,Barnet Hospital,5.53,Royal Free Hospital,9.25,Barnet Hospital,5.53,Queen Charlottes',10.56
HA89HQ,51.611879,-0.258232,North,Barnet Hospital,5.24,Royal Free Hospital,9.15,Barnet Hospital,5.24,Queen Charlottes',10.66
HA89JN,51.611659,-0.263397,North,Barnet Hospital,5.47,Royal Free Hospital,9.39,Barnet Hospital,5.47,Queen Charlottes',10.69
HA89JR,51.611204,-0.263689,North,Barnet Hospital,5.52,Royal Free Hospital,9.37,Barnet Hospital,5.52,Queen Charlottes',10.64
HA89JS,51.611429,-0.262423,North,Barnet Hospital,5.45,Royal Free Hospital,9.32,Barnet Hospital,5.45,Queen Charlottes',10.65
HA89JT,51.611485,-0.260789,North,Barnet Hospital,5.38,Royal Free Hospital,9.24,Barnet Hospital,5.38,Queen Charlottes',10.64
HA89JU,51.610703,-0.258999,North,Barnet Hospital,5.38,Royal Free Hospital,9.09,Barnet Hospital,5.38,Queen Charlottes',10.54
HA89JW,51.611816,-0.260675,North,Barnet Hospital,5.34,Royal Free Hospital,9.26,Barnet Hospital,5.34,Queen Charlottes',10.68
HA89JY,51.611226,-0.259687,North,Barnet Hospital,5.36,Royal Free Hospital,9.17,Barnet Hospital,5.36,Queen Charlottes',10.6
HA89JZ,51.611226,-0.259687,North,Barnet Hospital,5.36,Royal Free Hospital,9.17,Barnet Hospital,5.36,Queen Charlottes',10.6
HA89LD,51.613071,-0.2659,North,Barnet Hospital,5.45,Royal Free Hospital,9.62,Barnet Hospital,5.45,Queen Charlottes',10.88
HA89LE,51.613398,-0.266696,North,Barnet Hospital,5.46,Royal Free Hospital,9.68,Barnet Hospital,5.46,Queen Charlottes',10.92
HA89LF,51.613767,-0.266133,North,Barnet Hospital,5.41,Royal Free Hospital,9.68,Barnet Hospital,5.41,Queen Charlottes',10.96
HA89LG,51.614184,-0.266377,North,Barnet Hospital,5.38,Royal Free Hospital,9.73,Barnet Hospital,5.38,Queen Charlottes',11.0
HA89LH,51.613795,-0.267432,North,Barnet Hospital,5.46,Royal Free Hospital,9.75,Barnet Hospital,5.46,Queen Charlottes',10.98
HA89LJ,51.613704,-0.268577,North,Barnet Hospital,5.52,Royal Free Hospital,9.8,Barnet Hospital,5.52,Queen Charlottes',10.98
HA89LL,51.614509,-0.267029,North,Barnet Hospital,5.38,Royal Free Hospital,9.79,Barnet Hospital,5.38,Queen Charlottes',11.05
HA89LN,51.614624,-0.267516,North,Barnet Hospital,5.4,Royal Free Hospital,9.82,Barnet Hospital,5.4,Queen Charlottes',11.07
HA89LR,51.614604,-0.269207,North,Barnet Hospital,5.48,Royal Free Hospital,9.9,Barnet Hospital,5.48,Queen Charlottes',11.09
HA89LS,51.616729,-0.266988,North,Barnet Hospital,5.2,Royal Free Hospital,9.96,Barnet Hospital,5.2,Queen Charlottes',11.29
HA89LT,51.614779,-0.268247,North,Barnet Hospital,5.42,Royal Free Hospital,9.87,Barnet Hospital,5.42,Queen Charlottes',11.09
HA89LU,51.616877,-0.266058,North,Barnet Hospital,5.14,Royal Free Hospital,9.92,Barnet Hospital,5.14,Queen Charlottes',11.29
HA89LX,51.616657,-0.266341,North,Barnet Hospital,5.18,Royal Free Hospital,9.92,Barnet Hospital,5.18,Queen Charlottes',11.27
HA89LZ,51.613853,-0.265234,North,Barnet Hospital,5.36,Royal Free Hospital,9.65,Barnet Hospital,5.36,Queen Charlottes',10.95
HA89NA,51.613853,-0.265249,North,Barnet Hospital,5.36,Royal Free Hospital,9.65,Barnet Hospital,5.36,Queen Charlottes',10.95
HA89NB,51.613109,-0.265393,North,Barnet Hospital,5.43,Royal Free Hospital,9.6,Barnet Hospital,5.43,Queen Charlottes',10.87
HA89ND,51.613853,-0.265249,North,Barnet Hospital,5.36,Royal Free Hospital,9.65,Barnet Hospital,5.36,Queen Charlottes',10.95
HA89NE,51.613853,-0.265234,North,Barnet Hospital,5.36,Royal Free Hospital,9.65,Barnet Hospital,5.36,Queen Charlottes',10.95
HA89NG,51.61415,-0.265252,North,Barnet Hospital,5.33,Royal Free Hospital,9.67,Barnet Hospital,5.33,Queen Charlottes',10.99
HA89NH,51.615725,-0.266579,North,Barnet Hospital,5.26,Royal Free Hospital,9.86,Barnet Hospital,5.26,Queen Charlottes',11.18
HA89NJ,51.615953,-0.26618,North,Barnet Hospital,5.23,Royal Free Hospital,9.86,Barnet Hospital,5.23,Queen Charlottes',11.19
HA89NL,51.614589,-0.265163,North,Barnet Hospital,5.29,Royal Free Hospital,9.7,Barnet Hospital,5.29,Queen Charlottes',11.03
HA89NN,51.613597,-0.265548,North,Barnet Hospital,5.39,Royal Free Hospital,9.64,Barnet Hospital,5.39,Queen Charlottes',10.93
HA89NP,51.613003,-0.264906,North,Barnet Hospital,5.42,Royal Free Hospital,9.57,Barnet Hospital,5.42,Queen Charlottes',10.86
HA89NQ,51.614771,-0.265893,North,Barnet Hospital,5.31,Royal Free Hospital,9.75,Barnet Hospital,5.31,Queen Charlottes',11.06
HA89NR,51.61424,-0.263457,North,Barnet Hospital,5.25,Royal Free Hospital,9.59,Barnet Hospital,5.25,Queen Charlottes',10.97
HA89NS,51.614151,-0.261699,North,Barnet Hospital,5.18,Royal Free Hospital,9.5,Barnet Hospital,5.18,Queen Charlottes',10.94
HA89NT,51.61618,-0.260263,North,Barnet Hospital,4.94,Royal Free Hospital,9.59,Barnet Hospital,4.94,Queen Charlottes',11.15
HA89NU,51.616045,-0.259618,North,Barnet Hospital,4.92,Royal Free Hospital,9.55,Barnet Hospital,4.92,Queen Charlottes',11.13
HA89NW,51.614405,-0.264289,North,Barnet Hospital,5.27,Royal Free Hospital,9.64,Barnet Hospital,5.27,Queen Charlottes',11.0
HA89NX,51.615773,-0.25947,North,Barnet Hospital,4.94,Royal Free Hospital,9.52,Barnet Hospital,4.94,Queen Charlottes',11.1
HA89NY,51.616348,-0.260618,North,Barnet Hospital,4.94,Royal Free Hospital,9.62,Barnet Hospital,4.94,Queen Charlottes',11.17
HA89NZ,51.616322,-0.261298,North,Barnet Hospital,4.97,Royal Free Hospital,9.65,Barnet Hospital,4.97,Queen Charlottes',11.18
HA89PA,51.615877,-0.260997,North,Barnet Hospital,5.0,Royal Free Hospital,9.6,Barnet Hospital,5.0,Queen Charlottes',11.13
HA89PB,51.615885,-0.261546,North,Barnet Hospital,5.02,Royal Free Hospital,9.63,Barnet Hospital,5.02,Queen Charlottes',11.13
HA89PD,51.615385,-0.261782,North,Barnet Hospital,5.08,Royal Free Hospital,9.6,Barnet Hospital,5.08,Queen Charlottes',11.08
HA89PE,51.615975,-0.262163,North,Barnet Hospital,5.04,Royal Free Hospital,9.67,Barnet Hospital,5.04,Queen Charlottes',11.15
HA89PF,51.616521,-0.262648,North,Barnet Hospital,5.02,Royal Free Hospital,9.73,Barnet Hospital,5.02,Queen Charlottes',11.21
HA89PG,51.615606,-0.262799,North,Barnet Hospital,5.1,Royal Free Hospital,9.67,Barnet Hospital,5.1,Queen Charlottes',11.12
HA89PH,51.614841,-0.263348,North,Barnet Hospital,5.19,Royal Free Hospital,9.63,Barnet Hospital,5.19,Queen Charlottes',11.04
HA89PJ,51.615077,-0.264119,North,Barnet Hospital,5.2,Royal Free Hospital,9.69,Barnet Hospital,5.2,Queen Charlottes',11.07
HA89PL,51.614931,-0.264587,North,Barnet Hospital,5.24,Royal Free Hospital,9.7,Barnet Hospital,5.24,Queen Charlottes',11.06
HA89PN,51.615289,-0.265035,North,Barnet Hospital,5.23,Royal Free Hospital,9.75,Barnet Hospital,5.23,Queen Charlottes',11.11
HA89PP,51.616031,-0.26414,North,Barnet Hospital,5.13,Royal Free Hospital,9.76,Barnet Hospital,5.13,Queen Charlottes',11.18
HA89PQ,51.615402,-0.263543,North,Barnet Hospital,5.15,Royal Free Hospital,9.69,Barnet Hospital,5.15,Queen Charlottes',11.1
HA89PR,51.618251,-0.262828,North,Barnet Hospital,4.88,Royal Free Hospital,9.88,Barnet Hospital,4.88,Queen Charlottes',11.41
HA89PS,51.618474,-0.262733,North,Barnet Hospital,4.86,Royal Free Hospital,9.89,Barnet Hospital,4.86,Queen Charlottes',11.43
HA89PT,51.619863,-0.269715,North,Barnet Hospital,5.09,Royal Free Hospital,10.34,Barnet Hospital,5.09,Queen Charlottes',11.67
HA89PU,51.619543,-0.268759,North,Barnet Hospital,5.07,Royal Free Hospital,10.27,Barnet Hospital,5.07,Queen Charlottes',11.62
HA89PW,51.615861,-0.263612,North,Barnet Hospital,5.12,Royal Free Hospital,9.73,Barnet Hospital,5.12,Queen Charlottes',11.15
HA89PX,51.618436,-0.267487,North,Barnet Hospital,5.09,Royal Free Hospital,10.12,Barnet Hospital,5.09,Queen Charlottes',11.48
HA89PZ,51.618344,-0.269137,North,Barnet Hospital,5.18,Royal Free Hospital,10.19,Barnet Hospital,5.18,Queen Charlottes',11.49
HA89QA,51.619863,-0.270957,North,Barnet Hospital,5.15,Royal Free Hospital,10.4,Barnet Hospital,5.15,Queen Charlottes',11.69
HA89QB,51.620477,-0.270486,North,Barnet Hospital,5.08,Royal Free Hospital,10.42,Barnet Hospital,5.08,Queen Charlottes',11.75
HA89QD,51.61764,-0.270204,North,Barnet Hospital,5.28,Royal Free Hospital,10.19,Barnet Hospital,5.28,Queen Charlottes',11.43
HA89QE,51.617309,-0.265435,North,Barnet Hospital,5.08,Royal Free Hospital,9.93,Barnet Hospital,5.08,Queen Charlottes',11.33
HA89QF,51.617874,-0.26719,North,Barnet Hospital,5.12,Royal Free Hospital,10.06,Barnet Hospital,5.12,Queen Charlottes',11.42
HA89QG,51.616609,-0.264956,North,Barnet Hospital,5.11,Royal Free Hospital,9.85,Barnet Hospital,5.11,Queen Charlottes',11.25
HA89QH,51.617246,-0.26486,North,Barnet Hospital,5.06,Royal Free Hospital,9.9,Barnet Hospital,5.06,Queen Charlottes',11.32
HA89QJ,51.616785,-0.26284,North,Barnet Hospital,5.0,Royal Free Hospital,9.76,Barnet Hospital,5.0,Queen Charlottes',11.25
HA89QL,51.617109,-0.262886,North,Barnet Hospital,4.98,Royal Free Hospital,9.79,Barnet Hospital,4.98,Queen Charlottes',11.28
HA89QN,51.617493,-0.262654,North,Barnet Hospital,4.94,Royal Free Hospital,9.81,Barnet Hospital,4.94,Queen Charlottes',11.32
HA89QP,51.616688,-0.259955,North,Barnet Hospital,4.88,Royal Free Hospital,9.62,Barnet Hospital,4.88,Queen Charlottes',11.2
HA89QQ,51.616371,-0.265254,North,Barnet Hospital,5.15,Royal Free Hospital,9.85,Barnet Hospital,5.15,Queen Charlottes',11.23
HA89QS,51.617949,-0.269224,North,Barnet Hospital,5.21,Royal Free Hospital,10.16,Barnet Hospital,5.21,Queen Charlottes',11.45
HA89QT,51.621877,-0.269089,North,Barnet Hospital,4.91,Royal Free Hospital,10.47,Barnet Hospital,4.91,Queen Charlottes',11.88
HA89QU,51.621936,-0.268191,North,Barnet Hospital,4.86,Royal Free Hospital,10.43,Barnet Hospital,4.86,Queen Charlottes',11.87
HA89QW,51.616813,-0.261063,North,Barnet Hospital,4.92,Royal Free Hospital,9.68,Barnet Hospital,4.92,Queen Charlottes',11.23
HA89QY,51.617926,-0.267651,North,Barnet Hospital,5.14,Royal Free Hospital,10.09,Barnet Hospital,5.14,Queen Charlottes',11.43
HA89QZ,51.617904,-0.268012,North,Barnet Hospital,5.16,Royal Free Hospital,10.1,Barnet Hospital,5.16,Queen Charlottes',11.43
HA89RA,51.618976,-0.264447,North,Barnet Hospital,4.9,Royal Free Hospital,10.02,Barnet Hospital,4.9,Queen Charlottes',11.5
HA89RB,51.618994,-0.265096,North,Barnet Hospital,4.93,Royal Free Hospital,10.05,Barnet Hospital,4.93,Queen Charlottes',11.51
HA89RD,51.617839,-0.265993,North,Barnet Hospital,5.06,Royal Free Hospital,10.0,Barnet Hospital,5.06,Queen Charlottes',11.4
HA89RE,51.617624,-0.266665,North,Barnet Hospital,5.11,Royal Free Hospital,10.01,Barnet Hospital,5.11,Queen Charlottes',11.38
HA89RF,51.61773,-0.264726,North,Barnet Hospital,5.01,Royal Free Hospital,9.93,Barnet Hospital,5.01,Queen Charlottes',11.37
HA89RG,51.617942,-0.263258,North,Barnet Hospital,4.93,Royal Free Hospital,9.88,Barnet Hospital,4.93,Queen Charlottes',11.38
HA89RH,51.618844,-0.262198,North,Barnet Hospital,4.8,Royal Free Hospital,9.9,Barnet Hospital,4.8,Queen Charlottes',11.46
HA89RJ,51.619424,-0.261324,North,Barnet Hospital,4.71,Royal Free Hospital,9.91,Barnet Hospital,4.71,Queen Charlottes',11.52
HA89RL,51.62034,-0.259974,North,Barnet Hospital,4.58,Royal Free Hospital,9.92,Barnet Hospital,4.58,Queen Charlottes',11.61
HA89RN,51.61992,-0.25895,North,Barnet Hospital,4.56,Royal Free Hospital,9.84,Barnet Hospital,4.56,Queen Charlottes',11.55
HA89RP,51.620144,-0.257728,North,Barnet Hospital,4.49,Royal Free Hospital,9.8,Barnet Hospital,4.49,Queen Charlottes',11.56
HA89RQ,51.61848,-0.263744,North,Barnet Hospital,4.91,Royal Free Hospital,9.94,Barnet Hospital,4.91,Queen Charlottes',11.44
HA89RR,51.61959,-0.258529,North,Barnet Hospital,4.57,Royal Free Hospital,9.79,Barnet Hospital,4.57,Queen Charlottes',11.51
HA89RS,51.618815,-0.261448,North,Barnet Hospital,4.77,Royal Free Hospital,9.86,Barnet Hospital,4.77,Queen Charlottes',11.45
HA89RT,51.61847,-0.260638,North,Barnet Hospital,4.76,Royal Free Hospital,9.8,Barnet Hospital,4.76,Queen Charlottes',11.41
HA89RU,51.618487,-0.259944,North,Barnet Hospital,4.73,Royal Free Hospital,9.77,Barnet Hospital,4.73,Queen Charlottes',11.4
HA89RW,51.620701,-0.258848,North,Barnet Hospital,4.49,Royal Free Hospital,9.9,Barnet Hospital,4.49,Queen Charlottes',11.64
HA89RX,51.617862,-0.262063,North,Barnet Hospital,4.88,Royal Free Hospital,9.81,Barnet Hospital,4.88,Queen Charlottes',11.36
HA89RY,51.617508,-0.261238,North,Barnet Hospital,4.87,Royal Free Hospital,9.75,Barnet Hospital,4.87,Queen Charlottes',11.31
HA89RZ,51.617258,-0.260757,North,Barnet Hospital,4.87,Royal Free Hospital,9.7,Barnet Hospital,4.87,Queen Charlottes',11.28
HA89SA,51.613853,-0.265234,North,Barnet Hospital,5.36,Royal Free Hospital,9.65,Barnet Hospital,5.36,Queen Charlottes',10.95
HA89SB,51.613853,-0.265234,North,Barnet Hospital,5.36,Royal Free Hospital,9.65,Barnet Hospital,5.36,Queen Charlottes',10.95
HA89SD,51.62055,-0.262047,North,Barnet Hospital,4.66,Royal Free Hospital,10.03,Barnet Hospital,4.66,Queen Charlottes',11.65
HA89SE,51.613853,-0.265249,North,Barnet Hospital,5.36,Royal Free Hospital,9.65,Barnet Hospital,5.36,Queen Charlottes',10.95
HA89SG,51.62009,-0.263148,North,Barnet Hospital,4.75,Royal Free Hospital,10.05,Barnet Hospital,4.75,Queen Charlottes',11.61
HA89SH,51.6191,-0.263734,North,Barnet Hospital,4.85,Royal Free Hospital,9.99,Barnet Hospital,4.85,Queen Charlottes',11.51
HA89SJ,51.620418,-0.262239,North,Barnet Hospital,4.68,Royal Free Hospital,10.03,Barnet Hospital,4.68,Queen Charlottes',11.64
HA89SL,51.618922,-0.263207,North,Barnet Hospital,4.84,Royal Free Hospital,9.95,Barnet Hospital,4.84,Queen Charlottes',11.48
HA89SN,51.619559,-0.261911,North,Barnet Hospital,4.73,Royal Free Hospital,9.95,Barnet Hospital,4.73,Queen Charlottes',11.54
HA89SP,51.619933,-0.260467,North,Barnet Hospital,4.63,Royal Free Hospital,9.91,Barnet Hospital,4.63,Queen Charlottes',11.57
HA89SQ,51.618139,-0.264378,North,Barnet Hospital,4.96,Royal Free Hospital,9.95,Barnet Hospital,4.96,Queen Charlottes',11.41
HA89SR,51.620692,-0.260683,North,Barnet Hospital,4.58,Royal Free Hospital,9.98,Barnet Hospital,4.58,Queen Charlottes',11.65
HA89SS,51.621257,-0.25939,North,Barnet Hospital,4.47,Royal Free Hospital,9.97,Barnet Hospital,4.47,Queen Charlottes',11.7
HA89ST,51.621118,-0.257922,North,Barnet Hospital,4.42,Royal Free Hospital,9.89,Barnet Hospital,4.42,Queen Charlottes',11.67
HA89SU,51.621917,-0.259639,North,Barnet Hospital,4.43,Royal Free Hospital,10.04,Barnet Hospital,4.43,Queen Charlottes',11.78
HA89SW,51.620036,-0.261922,North,Barnet Hospital,4.69,Royal Free Hospital,9.99,Barnet Hospital,4.69,Queen Charlottes',11.59
HA89SX,51.623027,-0.2599,North,Barnet Hospital,4.36,Royal Free Hospital,10.14,Barnet Hospital,4.36,Queen Charlottes',11.9
HA89SY,51.622908,-0.260338,North,Barnet Hospital,4.39,Royal Free Hospital,10.15,Barnet Hospital,4.39,Queen Charlottes',11.89
HA89SZ,51.622995,-0.261404,North,Barnet Hospital,4.43,Royal Free Hospital,10.21,Barnet Hospital,4.43,Queen Charlottes',11.91
HA89TA,51.622225,-0.261578,North,Barnet Hospital,4.5,Royal Free Hospital,10.15,Barnet Hospital,4.5,Queen Charlottes',11.83
HA89TB,51.623883,-0.262439,North,Barnet Hospital,4.42,Royal Free Hospital,10.33,Barnet Hospital,4.42,Queen Charlottes',12.02
HA89TD,51.622942,-0.262042,North,Barnet Hospital,4.47,Royal Free Hospital,10.23,Barnet Hospital,4.47,Queen Charlottes',11.91
HA89TE,51.621133,-0.260753,North,Barnet Hospital,4.55,Royal Free Hospital,10.02,Barnet Hospital,4.55,Queen Charlottes',11.7
HA89TG,51.620886,-0.260416,North,Barnet Hospital,4.55,Royal Free Hospital,9.99,Barnet Hospital,4.55,Queen Charlottes',11.67
HA89TH,51.617645,-0.268109,North,Barnet Hospital,5.18,Royal Free Hospital,10.09,Barnet Hospital,5.18,Queen Charlottes',11.4
HA89TN,51.616131,-0.272789,North,Barnet Hospital,5.53,Royal Free Hospital,10.2,Barnet Hospital,5.53,Queen Charlottes',11.31
HA89TP,51.616097,-0.271707,North,Barnet Hospital,5.48,Royal Free Hospital,10.14,Barnet Hospital,5.48,Queen Charlottes',11.29
HA89TQ,51.613853,-0.265249,North,Barnet Hospital,5.36,Royal Free Hospital,9.65,Barnet Hospital,5.36,Queen Charlottes',10.95
HA89TS,51.617213,-0.271737,North,Barnet Hospital,5.39,Royal Free Hospital,10.23,Barnet Hospital,5.39,Queen Charlottes',11.41
HA89TT,51.617289,-0.268989,North,Barnet Hospital,5.25,Royal Free Hospital,10.1,Barnet Hospital,5.25,Queen Charlottes',11.38
HA89TU,51.61712,-0.267883,North,Barnet Hospital,5.21,Royal Free Hospital,10.03,Barnet Hospital,5.21,Queen Charlottes',11.34
HA89TW,51.613853,-0.265234,North,Barnet Hospital,5.36,Royal Free Hospital,9.65,Barnet Hospital,5.36,Queen Charlottes',10.95
HA89TX,51.619389,-0.267465,North,Barnet Hospital,5.01,Royal Free Hospital,10.19,Barnet Hospital,5.01,Queen Charlottes',11.59
HA89TY,51.621312,-0.267363,North,Barnet Hospital,4.86,Royal Free Hospital,10.34,Barnet Hospital,4.86,Queen Charlottes',11.8
HA89TZ,51.619382,-0.26696,North,Barnet Hospital,4.99,Royal Free Hospital,10.17,Barnet Hospital,4.99,Queen Charlottes',11.58
HA89UA,51.620981,-0.266899,North,Barnet Hospital,4.86,Royal Free Hospital,10.29,Barnet Hospital,4.86,Queen Charlottes',11.75
HA89UB,51.621181,-0.26523,North,Barnet Hospital,4.76,Royal Free Hospital,10.23,Barnet Hospital,4.76,Queen Charlottes',11.76
HA89UD,51.619213,-0.265926,North,Barnet Hospital,4.95,Royal Free Hospital,10.11,Barnet Hospital,4.95,Queen Charlottes',11.55
HA89UE,51.62093,-0.265832,North,Barnet Hospital,4.81,Royal Free Hospital,10.24,Barnet Hospital,4.81,Queen Charlottes',11.74
HA89UF,51.619275,-0.266415,North,Barnet Hospital,4.97,Royal Free Hospital,10.13,Barnet Hospital,4.97,Queen Charlottes',11.56
HA89UH,51.613853,-0.265234,North,Barnet Hospital,5.36,Royal Free Hospital,9.65,Barnet Hospital,5.36,Queen Charlottes',10.95
HA89UJ,51.617874,-0.272073,North,Barnet Hospital,5.36,Royal Free Hospital,10.3,Barnet Hospital,5.36,Queen Charlottes',11.49
HA89UL,51.613853,-0.265234,North,Barnet Hospital,5.36,Royal Free Hospital,9.65,Barnet Hospital,5.36,Queen Charlottes',10.95
HA89UQ,51.613853,-0.265234,North,Barnet Hospital,5.36,Royal Free Hospital,9.65,Barnet Hospital,5.36,Queen Charlottes',10.95
HA89UT,51.615614,-0.271263,North,Barnet Hospital,5.49,Royal Free Hospital,10.08,Barnet Hospital,5.49,Queen Charlottes',11.23
HA89UW,51.613853,-0.265234,North,Barnet Hospital,5.36,Royal Free Hospital,9.65,Barnet Hospital,5.36,Queen Charlottes',10.95
HA89UX,51.616345,-0.268996,North,Barnet Hospital,5.33,Royal Free Hospital,10.03,Barnet Hospital,5.33,Queen Charlottes',11.28
HA89UY,51.615182,-0.269994,North,Barnet Hospital,5.47,Royal Free Hospital,9.99,Barnet Hospital,5.47,Queen Charlottes',11.16
HA89XH,51.613853,-0.265249,North,Barnet Hospital,5.36,Royal Free Hospital,9.65,Barnet Hospital,5.36,Queen Charlottes',10.95
HA89XP,51.613853,-0.265249,North,Barnet Hospital,5.36,Royal Free Hospital,9.65,Barnet Hospital,5.36,Queen Charlottes',10.95
HA89XS,51.613853,-0.265234,North,Barnet Hospital,5.36,Royal Free Hospital,9.65,Barnet Hospital,5.36,Queen Charlottes',10.95
HA89XU,51.613853,-0.265234,North,Barnet Hospital,5.36,Royal Free Hospital,9.65,Barnet Hospital,5.36,Queen Charlottes',10.95
HA89YZ,51.613853,-0.265249,North,Barnet Hospital,5.36,Royal Free Hospital,9.65,Barnet Hospital,5.36,Queen Charlottes',10.95
N111BF,51.625113,-0.150437,North,Barnet Hospital,5.3,Royal Free Hospital,8.06,Barnet Hospital,5.3,Homerton University,10.96
N111DS,51.628377,-0.147588,North,Barnet Hospital,5.28,Royal Free Hospital,8.45,Barnet Hospital,5.28,Homerton University,11.11
N111DT,51.628239,-0.14794,North,Barnet Hospital,5.27,Royal Free Hospital,8.43,Barnet Hospital,5.27,Homerton University,11.12
N111DU,51.62812,-0.147858,North,Barnet Hospital,5.28,Royal Free Hospital,8.42,Barnet Hospital,5.28,Homerton University,11.1
N111DW,51.62792,-0.147115,North,Barnet Hospital,5.34,Royal Free Hospital,8.4,Barnet Hospital,5.34,Homerton University,11.05
N111DZ,51.627537,-0.147376,North,Barnet Hospital,5.34,Royal Free Hospital,8.36,Barnet Hospital,5.34,Homerton University,11.03
N111EF,51.628159,-0.150862,North,Barnet Hospital,5.1,Royal Free Hospital,8.4,Barnet Hospital,5.1,Homerton University,11.24
N111EH,51.626858,-0.149904,North,Barnet Hospital,5.23,Royal Free Hospital,8.26,Barnet Hospital,5.23,Homerton University,11.08
N111EJ,51.627303,-0.150767,North,Barnet Hospital,5.15,Royal Free Hospital,8.3,Barnet Hospital,5.15,Homerton University,11.16
N111EL,51.628443,-0.149521,North,Barnet Hospital,5.16,Royal Free Hospital,8.44,Barnet Hospital,5.16,Homerton University,11.2
N111EN,51.629812,-0.150809,North,Barnet Hospital,5.01,Royal Free Hospital,8.58,Barnet Hospital,5.01,Homerton University,11.38
N111EP,51.628701,-0.151057,North,Barnet Hospital,5.06,Royal Free Hospital,8.45,Barnet Hospital,5.06,Homerton University,11.29
N111EQ,51.62887,-0.148088,North,Barnet Hospital,5.23,Royal Free Hospital,8.5,Barnet Hospital,5.23,Homerton University,11.18
N111ER,51.629006,-0.152157,North,Barnet Hospital,4.97,Royal Free Hospital,8.48,Barnet Hospital,4.97,Homerton University,11.37
N111ES,51.630031,-0.152722,North,Barnet Hospital,4.89,Royal Free Hospital,8.59,Barnet Hospital,4.89,Homerton University,11.48
N111ET,51.630367,-0.151191,North,Barnet Hospital,4.96,Royal Free Hospital,8.64,Barnet Hospital,4.96,Homerton University,11.44
N111EU,51.630429,-0.149961,North,Barnet Hospital,5.03,Royal Free Hospital,8.65,Barnet Hospital,5.03,Homerton University,11.39
N111EW,51.628579,-0.148418,North,Barnet Hospital,5.22,Royal Free Hospital,8.46,Barnet Hospital,5.22,Homerton University,11.17
N111EX,51.631107,-0.149644,North,Barnet Hospital,5.02,Royal Free Hospital,8.73,Barnet Hospital,5.02,Homerton University,11.44
N111EY,51.629302,-0.149212,North,Barnet Hospital,5.14,Royal Free Hospital,8.54,Barnet Hospital,5.14,Homerton University,11.26
N111FA,51.62899,-0.147707,North,Barnet Hospital,5.25,Royal Free Hospital,8.52,Barnet Hospital,5.25,Homerton University,11.17
N111FB,51.628836,-0.147627,North,Barnet Hospital,5.26,Royal Free Hospital,8.5,Barnet Hospital,5.26,Homerton University,11.15
N111FD,51.628836,-0.147627,North,Barnet Hospital,5.26,Royal Free Hospital,8.5,Barnet Hospital,5.26,Homerton University,11.15
N111FE,51.628836,-0.147627,North,Barnet Hospital,5.26,Royal Free Hospital,8.5,Barnet Hospital,5.26,Homerton University,11.15
N111GN,51.625916,-0.152355,North,Barnet Hospital,5.14,Royal Free Hospital,8.14,Barnet Hospital,5.14,Homerton University,11.12
N111HA,51.627878,-0.148475,North,Barnet Hospital,5.26,Royal Free Hospital,8.39,Barnet Hospital,5.26,Homerton University,11.11
N111HB,51.62513,-0.150422,North,Barnet Hospital,5.3,Royal Free Hospital,8.06,Barnet Hospital,5.3,Homerton University,10.96
N111HD,51.624849,-0.150809,North,Barnet Hospital,5.29,Royal Free Hospital,8.03,Barnet Hospital,5.29,Homerton University,10.96
N111HH,51.623327,-0.150134,North,Barnet Hospital,5.42,Royal Free Hospital,7.87,Barnet Hospital,5.42,Homerton University,10.8
N111HU,51.622153,-0.150919,North,Barnet Hospital,5.45,Royal Free Hospital,7.73,Barnet Hospital,5.45,Homerton University,10.74
N111JF,51.626926,-0.147936,North,Barnet Hospital,5.34,Royal Free Hospital,8.29,Barnet Hospital,5.34,Homerton University,11.0
N111NP,51.625416,-0.153126,North,Barnet Hospital,5.12,Royal Free Hospital,8.07,Barnet Hospital,5.12,Homerton University,11.11
N111QS,51.625907,-0.153497,North,Barnet Hospital,5.07,Royal Free Hospital,8.13,Barnet Hospital,5.07,Homerton University,11.17
N111SR,51.625936,-0.152455,North,Barnet Hospital,5.13,Royal Free Hospital,8.14,Barnet Hospital,5.13,Homerton University,11.12
N111SS,51.62513,-0.150422,North,Barnet Hospital,5.3,Royal Free Hospital,8.06,Barnet Hospital,5.3,Homerton University,10.96
N111ST,51.625936,-0.152455,North,Barnet Hospital,5.13,Royal Free Hospital,8.14,Barnet Hospital,5.13,Homerton University,11.12
N111SU,51.625936,-0.152455,North,Barnet Hospital,5.13,Royal Free Hospital,8.14,Barnet Hospital,5.13,Homerton University,11.12
N111SW,51.625936,-0.152455,North,Barnet Hospital,5.13,Royal Free Hospital,8.14,Barnet Hospital,5.13,Homerton University,11.12
N111SX,51.625936,-0.152455,North,Barnet Hospital,5.13,Royal Free Hospital,8.14,Barnet Hospital,5.13,Homerton University,11.12
N111TF,51.625936,-0.152455,North,Barnet Hospital,5.13,Royal Free Hospital,8.14,Barnet Hospital,5.13,Homerton University,11.12
N111TH,51.625936,-0.152455,North,Barnet Hospital,5.13,Royal Free Hospital,8.14,Barnet Hospital,5.13,Homerton University,11.12
N111TJ,51.625936,-0.152455,North,Barnet Hospital,5.13,Royal Free Hospital,8.14,Barnet Hospital,5.13,Homerton University,11.12
N111TL,51.625936,-0.152455,North,Barnet Hospital,5.13,Royal Free Hospital,8.14,Barnet Hospital,5.13,Homerton University,11.12
N111TN,51.625936,-0.152455,North,Barnet Hospital,5.13,Royal Free Hospital,8.14,Barnet Hospital,5.13,Homerton University,11.12
N111TP,51.625936,-0.152455,North,Barnet Hospital,5.13,Royal Free Hospital,8.14,Barnet Hospital,5.13,Homerton University,11.12
N111TQ,51.625936,-0.152455,North,Barnet Hospital,5.13,Royal Free Hospital,8.14,Barnet Hospital,5.13,Homerton University,11.12
N111TR,51.625936,-0.152455,North,Barnet Hospital,5.13,Royal Free Hospital,8.14,Barnet Hospital,5.13,Homerton University,11.12
N111TS,51.625936,-0.152455,North,Barnet Hospital,5.13,Royal Free Hospital,8.14,Barnet Hospital,5.13,Homerton University,11.12
N111TT,51.625936,-0.152455,North,Barnet Hospital,5.13,Royal Free Hospital,8.14,Barnet Hospital,5.13,Homerton University,11.12
N111TU,51.625936,-0.152455,North,Barnet Hospital,5.13,Royal Free Hospital,8.14,Barnet Hospital,5.13,Homerton University,11.12
N111TW,51.625936,-0.152455,North,Barnet Hospital,5.13,Royal Free Hospital,8.14,Barnet Hospital,5.13,Homerton University,11.12
N111TX,51.625936,-0.152455,North,Barnet Hospital,5.13,Royal Free Hospital,8.14,Barnet Hospital,5.13,Homerton University,11.12
N111TY,51.625936,-0.152455,North,Barnet Hospital,5.13,Royal Free Hospital,8.14,Barnet Hospital,5.13,Homerton University,11.12
N111TZ,51.625936,-0.152455,North,Barnet Hospital,5.13,Royal Free Hospital,8.14,Barnet Hospital,5.13,Homerton University,11.12
N111UA,51.625936,-0.152455,North,Barnet Hospital,5.13,Royal Free Hospital,8.14,Barnet Hospital,5.13,Homerton University,11.12
N111UB,51.625936,-0.152455,North,Barnet Hospital,5.13,Royal Free Hospital,8.14,Barnet Hospital,5.13,Homerton University,11.12
N111UU,51.625936,-0.152455,North,Barnet Hospital,5.13,Royal Free Hospital,8.14,Barnet Hospital,5.13,Homerton University,11.12
N111UW,51.625936,-0.152455,North,Barnet Hospital,5.13,Royal Free Hospital,8.14,Barnet Hospital,5.13,Homerton University,11.12
N111UX,51.625936,-0.152455,North,Barnet Hospital,5.13,Royal Free Hospital,8.14,Barnet Hospital,5.13,Homerton University,11.12
N113AN,51.620901,-0.151937,North,Barnet Hospital,5.48,Royal Free Hospital,7.59,Barnet Hospital,5.48,Homerton University,10.68
N113AR,51.621546,-0.151796,North,Barnet Hospital,5.45,Royal Free Hospital,7.66,Barnet Hospital,5.45,Homerton University,10.73
N113AS,51.62085,-0.153283,North,Barnet Hospital,5.41,Royal Free Hospital,7.57,Barnet Hospital,5.41,Homerton University,10.74
N113AT,51.620502,-0.152329,North,Barnet Hospital,5.49,Royal Free Hospital,7.54,Barnet Hospital,5.49,Homerton University,10.67
N113AU,51.620467,-0.153486,North,Barnet Hospital,5.43,Royal Free Hospital,7.52,Barnet Hospital,5.43,UCH (University College),10.71
N113AX,51.620486,-0.154179,North,Barnet Hospital,5.39,Royal Free Hospital,7.52,Barnet Hospital,5.39,UCH (University College),10.72
N113AY,51.62102,-0.154374,North,Barnet Hospital,5.34,Royal Free Hospital,7.58,Barnet Hospital,5.34,UCH (University College),10.78
N113BA,51.621629,-0.151359,North,Barnet Hospital,5.46,Royal Free Hospital,7.67,Barnet Hospital,5.46,Homerton University,10.72
N113BB,51.621479,-0.153272,North,Barnet Hospital,5.37,Royal Free Hospital,7.64,Barnet Hospital,5.37,Homerton University,10.79
N113BD,51.621163,-0.153155,North,Barnet Hospital,5.4,Royal Free Hospital,7.6,Barnet Hospital,5.4,Homerton University,10.76
N113BL,51.621586,-0.153181,North,Barnet Hospital,5.37,Royal Free Hospital,7.65,Barnet Hospital,5.37,Homerton University,10.8
N113LA,51.61715,-0.154184,North,Barnet Hospital,5.63,Royal Free Hospital,7.15,Barnet Hospital,5.63,UCH (University College),10.35
N113LD,51.61806,-0.154855,North,Barnet Hospital,5.52,Royal Free Hospital,7.25,Barnet Hospital,5.52,UCH (University College),10.46
N113LE,51.6183,-0.154094,North,Barnet Hospital,5.55,Royal Free Hospital,7.28,Barnet Hospital,5.55,UCH (University College),10.48
N113LG,51.618289,-0.157417,North,Barnet Hospital,5.38,Royal Free Hospital,7.26,Barnet Hospital,5.38,UCH (University College),10.51
N113LH,51.618356,-0.156505,North,Barnet Hospital,5.42,Royal Free Hospital,7.27,Barnet Hospital,5.42,UCH (University College),10.51
N113LJ,51.617965,-0.157373,North,Barnet Hospital,5.4,Royal Free Hospital,7.22,Barnet Hospital,5.4,UCH (University College),10.47
N113LL,51.616928,-0.158917,North,Barnet Hospital,5.4,Royal Free Hospital,7.1,Barnet Hospital,5.4,UCH (University College),10.37
N113LN,51.616072,-0.157088,North,Barnet Hospital,5.56,Royal Free Hospital,7.01,Barnet Hospital,5.56,UCH (University College),10.26
N113LP,51.615578,-0.158827,North,Barnet Hospital,5.51,Royal Free Hospital,6.95,Barnet Hospital,5.51,UCH (University College),10.23
N113NA,51.616148,-0.159613,North,Barnet Hospital,5.43,Royal Free Hospital,7.01,Barnet Hospital,5.43,UCH (University College),10.3
N113NB,51.617359,-0.159997,North,Barnet Hospital,5.32,Royal Free Hospital,7.14,Barnet Hospital,5.32,UCH (University College),10.43
N113PG,51.615703,-0.158215,North,Barnet Hospital,5.53,Royal Free Hospital,6.97,Barnet Hospital,5.53,UCH (University College),10.23
N120AA,51.609947,-0.174841,North,Barnet Hospital,5.32,Royal Free Hospital,6.34,Barnet Hospital,5.32,UCH (University College),9.86
N120BE,51.608043,-0.179611,North,Barnet Hospital,5.34,Royal Free Hospital,6.18,Barnet Hospital,5.34,UCH (University College),9.75
N120BF,51.609498,-0.176606,North,Barnet Hospital,5.3,Royal Free Hospital,6.31,Barnet Hospital,5.3,UCH (University College),9.84
N120BG,51.608349,-0.179656,North,Barnet Hospital,5.31,Royal Free Hospital,6.21,Barnet Hospital,5.31,UCH (University College),9.79
N120BH,51.610959,-0.17805,North,Barnet Hospital,5.11,Royal Free Hospital,6.48,Barnet Hospital,5.11,UCH (University College),10.03
N120BJ,51.61356,-0.176458,North,Barnet Hospital,4.92,Royal Free Hospital,6.76,Barnet Hospital,4.92,UCH (University College),10.27
N120BL,51.611775,-0.177339,North,Barnet Hospital,5.06,Royal Free Hospital,6.57,Barnet Hospital,5.06,UCH (University College),10.1
N120BN,51.611775,-0.177339,North,Barnet Hospital,5.06,Royal Free Hospital,6.57,Barnet Hospital,5.06,UCH (University College),10.1
N120BP,51.613702,-0.176337,North,Barnet Hospital,4.91,Royal Free Hospital,6.77,Barnet Hospital,4.91,UCH (University College),10.29
N120BQ,51.613812,-0.176448,North,Barnet Hospital,4.9,Royal Free Hospital,6.78,Barnet Hospital,4.9,UCH (University College),10.3
N120BS,51.612674,-0.177303,North,Barnet Hospital,4.97,Royal Free Hospital,6.66,Barnet Hospital,4.97,UCH (University College),10.2
N120BT,51.612098,-0.176098,North,Barnet Hospital,5.07,Royal Free Hospital,6.59,Barnet Hospital,5.07,UCH (University College),10.11
N120BU,51.61216,-0.176038,North,Barnet Hospital,5.07,Royal Free Hospital,6.6,Barnet Hospital,5.07,UCH (University College),10.12
N120BW,51.611775,-0.177339,North,Barnet Hospital,5.06,Royal Free Hospital,6.57,Barnet Hospital,5.06,UCH (University College),10.1
N120BX,51.611782,-0.177208,North,Barnet Hospital,5.06,Royal Free Hospital,6.56,Barnet Hospital,5.06,UCH (University College),10.1
N120BY,51.611568,-0.17674,North,Barnet Hospital,5.1,Royal Free Hospital,6.54,Barnet Hospital,5.1,UCH (University College),10.07
N120BZ,51.613573,-0.177267,North,Barnet Hospital,4.89,Royal Free Hospital,6.76,Barnet Hospital,4.89,UCH (University College),10.29
N120DA,51.611592,-0.175988,North,Barnet Hospital,5.12,Royal Free Hospital,6.53,Barnet Hospital,5.12,UCH (University College),10.05
N120DB,51.610854,-0.175931,North,Barnet Hospital,5.19,Royal Free Hospital,6.45,Barnet Hospital,5.19,UCH (University College),9.97
N120DD,51.613233,-0.176847,North,Barnet Hospital,4.94,Royal Free Hospital,6.72,Barnet Hospital,4.94,UCH (University College),10.25
N120DE,51.610515,-0.178963,North,Barnet Hospital,5.12,Royal Free Hospital,6.44,Barnet Hospital,5.12,UCH (University College),10.0
N120DF,51.609124,-0.180333,North,Barnet Hospital,5.21,Royal Free Hospital,6.3,Barnet Hospital,5.21,UCH (University College),9.88
N120DG,51.610053,-0.179343,North,Barnet Hospital,5.15,Royal Free Hospital,6.39,Barnet Hospital,5.15,UCH (University College),9.96
N120DH,51.609878,-0.180245,North,Barnet Hospital,5.14,Royal Free Hospital,6.39,Barnet Hospital,5.14,UCH (University College),9.96
N120DJ,51.60985,-0.180737,North,Barnet Hospital,5.13,Royal Free Hospital,6.39,Barnet Hospital,5.13,UCH (University College),9.97
N120DL,51.609533,-0.177703,North,Barnet Hospital,5.26,Royal Free Hospital,6.32,Barnet Hospital,5.26,UCH (University College),9.87
N120DN,51.609733,-0.177261,North,Barnet Hospital,5.25,Royal Free Hospital,6.34,Barnet Hospital,5.25,UCH (University College),9.88
N120DP,51.610949,-0.177415,North,Barnet Hospital,5.13,Royal Free Hospital,6.47,Barnet Hospital,5.13,UCH (University College),10.01
N120DQ,51.609146,-0.181776,North,Barnet Hospital,5.16,Royal Free Hospital,6.32,Barnet Hospital,5.16,UCH (University College),9.92
N120DR,51.610936,-0.178282,North,Barnet Hospital,5.1,Royal Free Hospital,6.48,Barnet Hospital,5.1,UCH (University College),10.03
N120DS,51.610474,-0.176957,North,Barnet Hospital,5.19,Royal Free Hospital,6.42,Barnet Hospital,5.19,UCH (University College),9.95
N120DT,51.610565,-0.176434,North,Barnet Hospital,5.2,Royal Free Hospital,6.42,Barnet Hospital,5.2,UCH (University College),9.95
N120DU,51.609527,-0.176143,North,Barnet Hospital,5.31,Royal Free Hospital,6.31,Barnet Hospital,5.31,UCH (University College),9.84
N120DX,51.616899,-0.180672,North,Barnet Hospital,4.45,Royal Free Hospital,7.16,Barnet Hospital,4.45,UCH (University College),10.71
N120EB,51.608831,-0.177095,North,Barnet Hospital,5.35,Royal Free Hospital,6.24,Barnet Hospital,5.35,UCH (University College),9.78
N120ED,51.608243,-0.181495,North,Barnet Hospital,5.26,Royal Free Hospital,6.22,Barnet Hospital,5.26,UCH (University College),9.81
N120EE,51.613582,-0.176688,North,Barnet Hospital,4.91,Royal Free Hospital,6.76,Barnet Hospital,4.91,UCH (University College),10.28
N120EF,51.608961,-0.181986,North,Barnet Hospital,5.18,Royal Free Hospital,6.31,Barnet Hospital,5.18,UCH (University College),9.9
N120EG,51.613243,-0.176904,North,Barnet Hospital,4.93,Royal Free Hospital,6.72,Barnet Hospital,4.93,UCH (University College),10.25
N120EH,51.613379,-0.176393,North,Barnet Hospital,4.94,Royal Free Hospital,6.73,Barnet Hospital,4.94,UCH (University College),10.25
N120EJ,51.613486,-0.176331,North,Barnet Hospital,4.93,Royal Free Hospital,6.75,Barnet Hospital,4.93,UCH (University College),10.26
N120EL,51.613231,-0.176688,North,Barnet Hospital,4.94,Royal Free Hospital,6.72,Barnet Hospital,4.94,UCH (University College),10.24
N120EN,51.612818,-0.176705,North,Barnet Hospital,4.98,Royal Free Hospital,6.68,Barnet Hospital,4.98,UCH (University College),10.2
N120EP,51.609577,-0.181109,North,Barnet Hospital,5.14,Royal Free Hospital,6.36,Barnet Hospital,5.14,UCH (University College),9.95
N120EQ,51.612818,-0.176705,North,Barnet Hospital,4.98,Royal Free Hospital,6.68,Barnet Hospital,4.98,UCH (University College),10.2
N120ER,51.612862,-0.176674,North,Barnet Hospital,4.98,Royal Free Hospital,6.68,Barnet Hospital,4.98,UCH (University College),10.2
N120ES,51.610528,-0.179858,North,Barnet Hospital,5.09,Royal Free Hospital,6.45,Barnet Hospital,5.09,UCH (University College),10.02
N120ET,51.610942,-0.179293,North,Barnet Hospital,5.07,Royal Free Hospital,6.49,Barnet Hospital,5.07,UCH (University College),10.05
N120EU,51.611267,-0.178745,North,Barnet Hospital,5.06,Royal Free Hospital,6.52,Barnet Hospital,5.06,UCH (University College),10.07
N120EW,51.612252,-0.177334,North,Barnet Hospital,5.01,Royal Free Hospital,6.62,Barnet Hospital,5.01,UCH (University College),10.15
N120EX,51.612634,-0.177059,North,Barnet Hospital,4.98,Royal Free Hospital,6.66,Barnet Hospital,4.98,UCH (University College),10.19
N120EY,51.611815,-0.178131,North,Barnet Hospital,5.02,Royal Free Hospital,6.58,Barnet Hospital,5.02,UCH (University College),10.12
N120EZ,51.613449,-0.176809,North,Barnet Hospital,4.92,Royal Free Hospital,6.75,Barnet Hospital,4.92,UCH (University College),10.27
N120FA,51.611693,-0.17493,North,Barnet Hospital,5.15,Royal Free Hospital,6.54,Barnet Hospital,5.15,UCH (University College),10.04
N120FB,51.611064,-0.178436,North,Barnet Hospital,5.09,Royal Free Hospital,6.5,Barnet Hospital,5.09,UCH (University College),10.05
N120FF,51.611159,-0.175904,North,Barnet Hospital,5.17,Royal Free Hospital,6.49,Barnet Hospital,5.17,UCH (University College),10.01
N120FG,51.610832,-0.177391,North,Barnet Hospital,5.14,Royal Free Hospital,6.46,Barnet Hospital,5.14,UCH (University College),10.0
N120GA,51.612818,-0.176705,North,Barnet Hospital,4.98,Royal Free Hospital,6.68,Barnet Hospital,4.98,UCH (University College),10.2
N120HA,51.609286,-0.181511,North,Barnet Hospital,5.16,Royal Free Hospital,6.34,Barnet Hospital,5.16,UCH (University College),9.92
N120HB,51.609285,-0.180847,North,Barnet Hospital,5.18,Royal Free Hospital,6.33,Barnet Hospital,5.18,UCH (University College),9.91
N120HD,51.608864,-0.180964,North,Barnet Hospital,5.22,Royal Free Hospital,6.28,Barnet Hospital,5.22,UCH (University College),9.87
N120HE,51.609329,-0.179068,North,Barnet Hospital,5.23,Royal Free Hospital,6.31,Barnet Hospital,5.23,UCH (University College),9.88
N120HF,51.612674,-0.177303,North,Barnet Hospital,4.97,Royal Free Hospital,6.66,Barnet Hospital,4.97,UCH (University College),10.2
N120HG,51.608917,-0.179172,North,Barnet Hospital,5.27,Royal Free Hospital,6.27,Barnet Hospital,5.27,UCH (University College),9.83
N120HH,51.607682,-0.180694,North,Barnet Hospital,5.34,Royal Free Hospital,6.15,Barnet Hospital,5.34,UCH (University College),9.74
N120HJ,51.607609,-0.181794,North,Barnet Hospital,5.32,Royal Free Hospital,6.16,Barnet Hospital,5.32,UCH (University College),9.75
N120HL,51.608114,-0.183074,North,Barnet Hospital,5.23,Royal Free Hospital,6.23,Barnet Hospital,5.23,UCH (University College),9.84
N120HN,51.607977,-0.182314,North,Barnet Hospital,5.27,Royal Free Hospital,6.2,Barnet Hospital,5.27,UCH (University College),9.81
N120JZ,51.616899,-0.180672,North,Barnet Hospital,4.45,Royal Free Hospital,7.16,Barnet Hospital,4.45,UCH (University College),10.71
N120NH,51.610854,-0.175931,North,Barnet Hospital,5.19,Royal Free Hospital,6.45,Barnet Hospital,5.19,UCH (University College),9.97
N120NJ,51.610854,-0.175931,North,Barnet Hospital,5.19,Royal Free Hospital,6.45,Barnet Hospital,5.19,UCH (University College),9.97
N120NL,51.611852,-0.175313,North,Barnet Hospital,5.12,Royal Free Hospital,6.56,Barnet Hospital,5.12,UCH (University College),10.07
N120NN,51.611753,-0.175895,North,Barnet Hospital,5.11,Royal Free Hospital,6.55,Barnet Hospital,5.11,UCH (University College),10.07
N120NQ,51.610854,-0.175931,North,Barnet Hospital,5.19,Royal Free Hospital,6.45,Barnet Hospital,5.19,UCH (University College),9.97
N120NR,51.610854,-0.175931,North,Barnet Hospital,5.19,Royal Free Hospital,6.45,Barnet Hospital,5.19,UCH (University College),9.97
N120NS,51.611585,-0.173779,North,Barnet Hospital,5.2,Royal Free Hospital,6.52,Barnet Hospital,5.2,UCH (University College),10.01
N120NT,51.61131,-0.173414,North,Barnet Hospital,5.24,Royal Free Hospital,6.49,Barnet Hospital,5.24,UCH (University College),9.98
N120NU,51.611158,-0.17524,North,Barnet Hospital,5.19,Royal Free Hospital,6.48,Barnet Hospital,5.19,UCH (University College),9.99
N120NW,51.616899,-0.180672,North,Barnet Hospital,4.45,Royal Free Hospital,7.16,Barnet Hospital,4.45,UCH (University College),10.71
N120NX,51.610359,-0.173033,North,Barnet Hospital,5.35,Royal Free Hospital,6.38,Barnet Hospital,5.35,UCH (University College),9.87
N120NY,51.610812,-0.172625,North,Barnet Hospital,5.32,Royal Free Hospital,6.43,Barnet Hospital,5.32,UCH (University College),9.91
N120NZ,51.609933,-0.174524,North,Barnet Hospital,5.33,Royal Free Hospital,6.34,Barnet Hospital,5.33,UCH (University College),9.85
N120PL,51.610549,-0.174788,North,Barnet Hospital,5.26,Royal Free Hospital,6.41,Barnet Hospital,5.26,UCH (University College),9.92
N120PR,51.616899,-0.180672,North,Barnet Hospital,4.45,Royal Free Hospital,7.16,Barnet Hospital,4.45,UCH (University College),10.71
N120RG,51.612153,-0.174449,North,Barnet Hospital,5.13,Royal Free Hospital,6.59,Barnet Hospital,5.13,UCH (University College),10.08
N120RH,51.611753,-0.175895,North,Barnet Hospital,5.11,Royal Free Hospital,6.55,Barnet Hospital,5.11,UCH (University College),10.07
N120RJ,51.611425,-0.171604,North,Barnet Hospital,5.3,Royal Free Hospital,6.49,Barnet Hospital,5.3,UCH (University College),9.96
N120RZ,51.616899,-0.180672,North,Barnet Hospital,4.45,Royal Free Hospital,7.16,Barnet Hospital,4.45,UCH (University College),10.71
N120SR,51.608714,-0.181736,North,Barnet Hospital,5.21,Royal Free Hospital,6.28,Barnet Hospital,5.21,UCH (University College),9.87
N120US,51.613676,-0.176381,North,Barnet Hospital,4.91,Royal Free Hospital,6.77,Barnet Hospital,4.91,UCH (University College),10.28
N120UY,51.616899,-0.180672,North,Barnet Hospital,4.45,Royal Free Hospital,7.16,Barnet Hospital,4.45,UCH (University College),10.71
N120UZ,51.616899,-0.180672,North,Barnet Hospital,4.45,Royal Free Hospital,7.16,Barnet Hospital,4.45,UCH (University College),10.71
N120WA,51.616899,-0.180672,North,Barnet Hospital,4.45,Royal Free Hospital,7.16,Barnet Hospital,4.45,UCH (University College),10.71
N120WB,51.616899,-0.180672,North,Barnet Hospital,4.45,Royal Free Hospital,7.16,Barnet Hospital,4.45,UCH (University College),10.71
N120WD,51.616899,-0.180672,North,Barnet Hospital,4.45,Royal Free Hospital,7.16,Barnet Hospital,4.45,UCH (University College),10.71
N120WE,51.616899,-0.180672,North,Barnet Hospital,4.45,Royal Free Hospital,7.16,Barnet Hospital,4.45,UCH (University College),10.71
N120WF,51.616899,-0.180672,North,Barnet Hospital,4.45,Royal Free Hospital,7.16,Barnet Hospital,4.45,UCH (University College),10.71
N120WG,51.616899,-0.180672,North,Barnet Hospital,4.45,Royal Free Hospital,7.16,Barnet Hospital,4.45,UCH (University College),10.71
N120WH,51.616854,-0.180703,North,Barnet Hospital,4.45,Royal Free Hospital,7.16,Barnet Hospital,4.45,UCH (University College),10.71
N120WJ,51.616899,-0.180672,North,Barnet Hospital,4.45,Royal Free Hospital,7.16,Barnet Hospital,4.45,UCH (University College),10.71
N120WP,51.616899,-0.180672,North,Barnet Hospital,4.45,Royal Free Hospital,7.16,Barnet Hospital,4.45,UCH (University College),10.71
N120WQ,51.616899,-0.180672,North,Barnet Hospital,4.45,Royal Free Hospital,7.16,Barnet Hospital,4.45,UCH (University College),10.71
N120WR,51.616899,-0.180672,North,Barnet Hospital,4.45,Royal Free Hospital,7.16,Barnet Hospital,4.45,UCH (University College),10.71
N120WS,51.616854,-0.180703,North,Barnet Hospital,4.45,Royal Free Hospital,7.16,Barnet Hospital,4.45,UCH (University College),10.71
N120WT,51.616899,-0.180672,North,Barnet Hospital,4.45,Royal Free Hospital,7.16,Barnet Hospital,4.45,UCH (University College),10.71
N120WU,51.616899,-0.180672,North,Barnet Hospital,4.45,Royal Free Hospital,7.16,Barnet Hospital,4.45,UCH (University College),10.71
N120WW,51.616899,-0.180672,North,Barnet Hospital,4.45,Royal Free Hospital,7.16,Barnet Hospital,4.45,UCH (University College),10.71
N120WX,51.616899,-0.180672,North,Barnet Hospital,4.45,Royal Free Hospital,7.16,Barnet Hospital,4.45,UCH (University College),10.71
N120WY,51.616899,-0.180672,North,Barnet Hospital,4.45,Royal Free Hospital,7.16,Barnet Hospital,4.45,UCH (University College),10.71
N120WZ,51.616899,-0.180672,North,Barnet Hospital,4.45,Royal Free Hospital,7.16,Barnet Hospital,4.45,UCH (University College),10.71
N120XA,51.616899,-0.180672,North,Barnet Hospital,4.45,Royal Free Hospital,7.16,Barnet Hospital,4.45,UCH (University College),10.71
N120XB,51.616899,-0.180672,North,Barnet Hospital,4.45,Royal Free Hospital,7.16,Barnet Hospital,4.45,UCH (University College),10.71
N120XD,51.616899,-0.180672,North,Barnet Hospital,4.45,Royal Free Hospital,7.16,Barnet Hospital,4.45,UCH (University College),10.71
N120XE,51.616899,-0.180672,North,Barnet Hospital,4.45,Royal Free Hospital,7.16,Barnet Hospital,4.45,UCH (University College),10.71
N120XF,51.616899,-0.180672,North,Barnet Hospital,4.45,Royal Free Hospital,7.16,Barnet Hospital,4.45,UCH (University College),10.71
N120XG,51.616899,-0.180672,North,Barnet Hospital,4.45,Royal Free Hospital,7.16,Barnet Hospital,4.45,UCH (University College),10.71
N120XH,51.616899,-0.180672,North,Barnet Hospital,4.45,Royal Free Hospital,7.16,Barnet Hospital,4.45,UCH (University College),10.71
N120XJ,51.616899,-0.180672,North,Barnet Hospital,4.45,Royal Free Hospital,7.16,Barnet Hospital,4.45,UCH (University College),10.71
N120XL,51.616899,-0.180672,North,Barnet Hospital,4.45,Royal Free Hospital,7.16,Barnet Hospital,4.45,UCH (University College),10.71
N120XN,51.616899,-0.180672,North,Barnet Hospital,4.45,Royal Free Hospital,7.16,Barnet Hospital,4.45,UCH (University College),10.71
N120XP,51.616899,-0.180672,North,Barnet Hospital,4.45,Royal Free Hospital,7.16,Barnet Hospital,4.45,UCH (University College),10.71
N120XQ,51.616899,-0.180672,North,Barnet Hospital,4.45,Royal Free Hospital,7.16,Barnet Hospital,4.45,UCH (University College),10.71
N120XR,51.616899,-0.180672,North,Barnet Hospital,4.45,Royal Free Hospital,7.16,Barnet Hospital,4.45,UCH (University College),10.71
N120XS,51.616899,-0.180672,North,Barnet Hospital,4.45,Royal Free Hospital,7.16,Barnet Hospital,4.45,UCH (University College),10.71
N120XT,51.616899,-0.180672,North,Barnet Hospital,4.45,Royal Free Hospital,7.16,Barnet Hospital,4.45,UCH (University College),10.71
N120XU,51.616899,-0.180672,North,Barnet Hospital,4.45,Royal Free Hospital,7.16,Barnet Hospital,4.45,UCH (University College),10.71
N120XW,51.616899,-0.180672,North,Barnet Hospital,4.45,Royal Free Hospital,7.16,Barnet Hospital,4.45,UCH (University College),10.71
N120XX,51.616899,-0.180672,North,Barnet Hospital,4.45,Royal Free Hospital,7.16,Barnet Hospital,4.45,UCH (University College),10.71
N120XY,51.616899,-0.180672,North,Barnet Hospital,4.45,Royal Free Hospital,7.16,Barnet Hospital,4.45,UCH (University College),10.71
N120XZ,51.616899,-0.180672,North,Barnet Hospital,4.45,Royal Free Hospital,7.16,Barnet Hospital,4.45,UCH (University College),10.71
N120YA,51.616899,-0.180672,North,Barnet Hospital,4.45,Royal Free Hospital,7.16,Barnet Hospital,4.45,UCH (University College),10.71
N120YB,51.616854,-0.180703,North,Barnet Hospital,4.45,Royal Free Hospital,7.16,Barnet Hospital,4.45,UCH (University College),10.71
N120YD,51.616899,-0.180672,North,Barnet Hospital,4.45,Royal Free Hospital,7.16,Barnet Hospital,4.45,UCH (University College),10.71
N120YE,51.616854,-0.180703,North,Barnet Hospital,4.45,Royal Free Hospital,7.16,Barnet Hospital,4.45,UCH (University College),10.71
N120YF,51.616899,-0.180672,North,Barnet Hospital,4.45,Royal Free Hospital,7.16,Barnet Hospital,4.45,UCH (University College),10.71
N120YG,51.616899,-0.180672,North,Barnet Hospital,4.45,Royal Free Hospital,7.16,Barnet Hospital,4.45,UCH (University College),10.71
N120YH,51.616899,-0.180672,North,Barnet Hospital,4.45,Royal Free Hospital,7.16,Barnet Hospital,4.45,UCH (University College),10.71
N120YJ,51.616899,-0.180672,North,Barnet Hospital,4.45,Royal Free Hospital,7.16,Barnet Hospital,4.45,UCH (University College),10.71
N120YW,51.616899,-0.180672,North,Barnet Hospital,4.45,Royal Free Hospital,7.16,Barnet Hospital,4.45,UCH (University College),10.71
N120YX,51.616899,-0.180672,North,Barnet Hospital,4.45,Royal Free Hospital,7.16,Barnet Hospital,4.45,UCH (University College),10.71
N120YY,51.616854,-0.180703,North,Barnet Hospital,4.45,Royal Free Hospital,7.16,Barnet Hospital,4.45,UCH (University College),10.71
N120YZ,51.616899,-0.180672,North,Barnet Hospital,4.45,Royal Free Hospital,7.16,Barnet Hospital,4.45,UCH (University College),10.71
N120ZQ,51.616899,-0.180672,North,Barnet Hospital,4.45,Royal Free Hospital,7.16,Barnet Hospital,4.45,UCH (University College),10.71
N122AD,51.616899,-0.180672,North,Barnet Hospital,4.45,Royal Free Hospital,7.16,Barnet Hospital,4.45,UCH (University College),10.71
N122AH,51.616899,-0.180672,North,Barnet Hospital,4.45,Royal Free Hospital,7.16,Barnet Hospital,4.45,UCH (University College),10.71
N122AT,51.616899,-0.180672,North,Barnet Hospital,4.45,Royal Free Hospital,7.16,Barnet Hospital,4.45,UCH (University College),10.71
N122AW,51.616899,-0.180672,North,Barnet Hospital,4.45,Royal Free Hospital,7.16,Barnet Hospital,4.45,UCH (University College),10.71
N122AY,51.616899,-0.180672,North,Barnet Hospital,4.45,Royal Free Hospital,7.16,Barnet Hospital,4.45,UCH (University College),10.71
N122BB,51.616854,-0.180703,North,Barnet Hospital,4.45,Royal Free Hospital,7.16,Barnet Hospital,4.45,UCH (University College),10.71
N122BD,51.616899,-0.180672,North,Barnet Hospital,4.45,Royal Free Hospital,7.16,Barnet Hospital,4.45,UCH (University College),10.71
N122BF,51.616899,-0.180672,North,Barnet Hospital,4.45,Royal Free Hospital,7.16,Barnet Hospital,4.45,UCH (University College),10.71
N122BG,51.616899,-0.180672,North,Barnet Hospital,4.45,Royal Free Hospital,7.16,Barnet Hospital,4.45,UCH (University College),10.71
N122BH,51.616854,-0.180703,North,Barnet Hospital,4.45,Royal Free Hospital,7.16,Barnet Hospital,4.45,UCH (University College),10.71
N122BJ,51.616899,-0.180672,North,Barnet Hospital,4.45,Royal Free Hospital,7.16,Barnet Hospital,4.45,UCH (University College),10.71
N122BL,51.616899,-0.180672,North,Barnet Hospital,4.45,Royal Free Hospital,7.16,Barnet Hospital,4.45,UCH (University College),10.71
N122BN,51.616899,-0.180672,North,Barnet Hospital,4.45,Royal Free Hospital,7.16,Barnet Hospital,4.45,UCH (University College),10.71
N122BP,51.616899,-0.180672,North,Barnet Hospital,4.45,Royal Free Hospital,7.16,Barnet Hospital,4.45,UCH (University College),10.71
N122BQ,51.616899,-0.180672,North,Barnet Hospital,4.45,Royal Free Hospital,7.16,Barnet Hospital,4.45,UCH (University College),10.71
N122BR,51.616899,-0.180672,North,Barnet Hospital,4.45,Royal Free Hospital,7.16,Barnet Hospital,4.45,UCH (University College),10.71
N122BS,51.616899,-0.180672,North,Barnet Hospital,4.45,Royal Free Hospital,7.16,Barnet Hospital,4.45,UCH (University College),10.71
N122BU,51.616854,-0.180703,North,Barnet Hospital,4.45,Royal Free Hospital,7.16,Barnet Hospital,4.45,UCH (University College),10.71
N122BW,51.616899,-0.180672,North,Barnet Hospital,4.45,Royal Free Hospital,7.16,Barnet Hospital,4.45,UCH (University College),10.71
N122BY,51.616899,-0.180672,North,Barnet Hospital,4.45,Royal Free Hospital,7.16,Barnet Hospital,4.45,UCH (University College),10.71
N122BZ,51.616899,-0.180672,North,Barnet Hospital,4.45,Royal Free Hospital,7.16,Barnet Hospital,4.45,UCH (University College),10.71
N122DA,51.616854,-0.180703,North,Barnet Hospital,4.45,Royal Free Hospital,7.16,Barnet Hospital,4.45,UCH (University College),10.71
N122DB,51.616899,-0.180672,North,Barnet Hospital,4.45,Royal Free Hospital,7.16,Barnet Hospital,4.45,UCH (University College),10.71
N122DD,51.616899,-0.180672,North,Barnet Hospital,4.45,Royal Free Hospital,7.16,Barnet Hospital,4.45,UCH (University College),10.71
N122DE,51.616899,-0.180672,North,Barnet Hospital,4.45,Royal Free Hospital,7.16,Barnet Hospital,4.45,UCH (University College),10.71
N122DF,51.616899,-0.180672,North,Barnet Hospital,4.45,Royal Free Hospital,7.16,Barnet Hospital,4.45,UCH (University College),10.71
N122DG,51.616854,-0.180703,North,Barnet Hospital,4.45,Royal Free Hospital,7.16,Barnet Hospital,4.45,UCH (University College),10.71
N122DH,51.616899,-0.180672,North,Barnet Hospital,4.45,Royal Free Hospital,7.16,Barnet Hospital,4.45,UCH (University College),10.71
N122DJ,51.616854,-0.180703,North,Barnet Hospital,4.45,Royal Free Hospital,7.16,Barnet Hospital,4.45,UCH (University College),10.71
N122DL,51.616899,-0.180672,North,Barnet Hospital,4.45,Royal Free Hospital,7.16,Barnet Hospital,4.45,UCH (University College),10.71
N122DN,51.616899,-0.180672,North,Barnet Hospital,4.45,Royal Free Hospital,7.16,Barnet Hospital,4.45,UCH (University College),10.71
N122DP,51.616854,-0.180703,North,Barnet Hospital,4.45,Royal Free Hospital,7.16,Barnet Hospital,4.45,UCH (University College),10.71
N122DQ,51.616899,-0.180672,North,Barnet Hospital,4.45,Royal Free Hospital,7.16,Barnet Hospital,4.45,UCH (University College),10.71
N122DR,51.616899,-0.180672,North,Barnet Hospital,4.45,Royal Free Hospital,7.16,Barnet Hospital,4.45,UCH (University College),10.71
N122DS,51.616899,-0.180672,North,Barnet Hospital,4.45,Royal Free Hospital,7.16,Barnet Hospital,4.45,UCH (University College),10.71
N122DT,51.616854,-0.180703,North,Barnet Hospital,4.45,Royal Free Hospital,7.16,Barnet Hospital,4.45,UCH (University College),10.71
N122DU,51.616899,-0.180672,North,Barnet Hospital,4.45,Royal Free Hospital,7.16,Barnet Hospital,4.45,UCH (University College),10.71
N122DW,51.616854,-0.180703,North,Barnet Hospital,4.45,Royal Free Hospital,7.16,Barnet Hospital,4.45,UCH (University College),10.71
N122DX,51.616854,-0.180703,North,Barnet Hospital,4.45,Royal Free Hospital,7.16,Barnet Hospital,4.45,UCH (University College),10.71
N122DY,51.616854,-0.180703,North,Barnet Hospital,4.45,Royal Free Hospital,7.16,Barnet Hospital,4.45,UCH (University College),10.71
N122DZ,51.616899,-0.180672,North,Barnet Hospital,4.45,Royal Free Hospital,7.16,Barnet Hospital,4.45,UCH (University College),10.71
N122EA,51.616899,-0.180672,North,Barnet Hospital,4.45,Royal Free Hospital,7.16,Barnet Hospital,4.45,UCH (University College),10.71
N122EB,51.616899,-0.180672,North,Barnet Hospital,4.45,Royal Free Hospital,7.16,Barnet Hospital,4.45,UCH (University College),10.71
N122ED,51.616854,-0.180703,North,Barnet Hospital,4.45,Royal Free Hospital,7.16,Barnet Hospital,4.45,UCH (University College),10.71
N122EE,51.616854,-0.180703,North,Barnet Hospital,4.45,Royal Free Hospital,7.16,Barnet Hospital,4.45,UCH (University College),10.71
N122EF,51.616899,-0.180672,North,Barnet Hospital,4.45,Royal Free Hospital,7.16,Barnet Hospital,4.45,UCH (University College),10.71
N122EG,51.616854,-0.180703,North,Barnet Hospital,4.45,Royal Free Hospital,7.16,Barnet Hospital,4.45,UCH (University College),10.71
N122EH,51.616854,-0.180703,North,Barnet Hospital,4.45,Royal Free Hospital,7.16,Barnet Hospital,4.45,UCH (University College),10.71
N122EJ,51.616854,-0.180703,North,Barnet Hospital,4.45,Royal Free Hospital,7.16,Barnet Hospital,4.45,UCH (University College),10.71
N122EL,51.616854,-0.180703,North,Barnet Hospital,4.45,Royal Free Hospital,7.16,Barnet Hospital,4.45,UCH (University College),10.71
N122EP,51.616854,-0.180703,North,Barnet Hospital,4.45,Royal Free Hospital,7.16,Barnet Hospital,4.45,UCH (University College),10.71
N122EQ,51.616854,-0.180703,North,Barnet Hospital,4.45,Royal Free Hospital,7.16,Barnet Hospital,4.45,UCH (University College),10.71
N122ER,51.616854,-0.180703,North,Barnet Hospital,4.45,Royal Free Hospital,7.16,Barnet Hospital,4.45,UCH (University College),10.71
N122ES,51.616854,-0.180703,North,Barnet Hospital,4.45,Royal Free Hospital,7.16,Barnet Hospital,4.45,UCH (University College),10.71
N122ET,51.616854,-0.180703,North,Barnet Hospital,4.45,Royal Free Hospital,7.16,Barnet Hospital,4.45,UCH (University College),10.71
N122EU,51.616854,-0.180703,North,Barnet Hospital,4.45,Royal Free Hospital,7.16,Barnet Hospital,4.45,UCH (University College),10.71
N122EW,51.616854,-0.180703,North,Barnet Hospital,4.45,Royal Free Hospital,7.16,Barnet Hospital,4.45,UCH (University College),10.71
N122EX,51.616854,-0.180703,North,Barnet Hospital,4.45,Royal Free Hospital,7.16,Barnet Hospital,4.45,UCH (University College),10.71
N122EY,51.616854,-0.180703,North,Barnet Hospital,4.45,Royal Free Hospital,7.16,Barnet Hospital,4.45,UCH (University College),10.71
N122EZ,51.616854,-0.180703,North,Barnet Hospital,4.45,Royal Free Hospital,7.16,Barnet Hospital,4.45,UCH (University College),10.71
N122FA,51.616854,-0.180703,North,Barnet Hospital,4.45,Royal Free Hospital,7.16,Barnet Hospital,4.45,UCH (University College),10.71
N122FB,51.616854,-0.180703,North,Barnet Hospital,4.45,Royal Free Hospital,7.16,Barnet Hospital,4.45,UCH (University College),10.71
N122FD,51.616854,-0.180703,North,Barnet Hospital,4.45,Royal Free Hospital,7.16,Barnet Hospital,4.45,UCH (University College),10.71
N122FE,51.616854,-0.180703,North,Barnet Hospital,4.45,Royal Free Hospital,7.16,Barnet Hospital,4.45,UCH (University College),10.71
N122FF,51.616854,-0.180703,North,Barnet Hospital,4.45,Royal Free Hospital,7.16,Barnet Hospital,4.45,UCH (University College),10.71
N122FG,51.616854,-0.180703,North,Barnet Hospital,4.45,Royal Free Hospital,7.16,Barnet Hospital,4.45,UCH (University College),10.71
N122FH,51.616854,-0.180703,North,Barnet Hospital,4.45,Royal Free Hospital,7.16,Barnet Hospital,4.45,UCH (University College),10.71
N122FJ,51.616854,-0.180703,North,Barnet Hospital,4.45,Royal Free Hospital,7.16,Barnet Hospital,4.45,UCH (University College),10.71
N122FL,51.616854,-0.180703,North,Barnet Hospital,4.45,Royal Free Hospital,7.16,Barnet Hospital,4.45,UCH (University College),10.71
N122FN,51.616854,-0.180703,North,Barnet Hospital,4.45,Royal Free Hospital,7.16,Barnet Hospital,4.45,UCH (University College),10.71
N122FP,51.616854,-0.180703,North,Barnet Hospital,4.45,Royal Free Hospital,7.16,Barnet Hospital,4.45,UCH (University College),10.71
N122FQ,51.616854,-0.180703,North,Barnet Hospital,4.45,Royal Free Hospital,7.16,Barnet Hospital,4.45,UCH (University College),10.71
N122FR,51.616854,-0.180703,North,Barnet Hospital,4.45,Royal Free Hospital,7.16,Barnet Hospital,4.45,UCH (University College),10.71
N122FS,51.616854,-0.180703,North,Barnet Hospital,4.45,Royal Free Hospital,7.16,Barnet Hospital,4.45,UCH (University College),10.71
N122FT,51.616854,-0.180703,North,Barnet Hospital,4.45,Royal Free Hospital,7.16,Barnet Hospital,4.45,UCH (University College),10.71
N122FU,51.616854,-0.180703,North,Barnet Hospital,4.45,Royal Free Hospital,7.16,Barnet Hospital,4.45,UCH (University College),10.71
N122FW,51.616854,-0.180703,North,Barnet Hospital,4.45,Royal Free Hospital,7.16,Barnet Hospital,4.45,UCH (University College),10.71
N122FX,51.616854,-0.180703,North,Barnet Hospital,4.45,Royal Free Hospital,7.16,Barnet Hospital,4.45,UCH (University College),10.71
N122FY,51.616854,-0.180703,North,Barnet Hospital,4.45,Royal Free Hospital,7.16,Barnet Hospital,4.45,UCH (University College),10.71
N122FZ,51.616854,-0.180703,North,Barnet Hospital,4.45,Royal Free Hospital,7.16,Barnet Hospital,4.45,UCH (University College),10.71
N122GA,51.616854,-0.180703,North,Barnet Hospital,4.45,Royal Free Hospital,7.16,Barnet Hospital,4.45,UCH (University College),10.71
N122GB,51.616854,-0.180703,North,Barnet Hospital,4.45,Royal Free Hospital,7.16,Barnet Hospital,4.45,UCH (University College),10.71
N122GD,51.616854,-0.180703,North,Barnet Hospital,4.45,Royal Free Hospital,7.16,Barnet Hospital,4.45,UCH (University College),10.71
N122GE,51.616854,-0.180703,North,Barnet Hospital,4.45,Royal Free Hospital,7.16,Barnet Hospital,4.45,UCH (University College),10.71
N122GF,51.616854,-0.180703,North,Barnet Hospital,4.45,Royal Free Hospital,7.16,Barnet Hospital,4.45,UCH (University College),10.71
N122GG,51.616854,-0.180703,North,Barnet Hospital,4.45,Royal Free Hospital,7.16,Barnet Hospital,4.45,UCH (University College),10.71
N122GH,51.616854,-0.180703,North,Barnet Hospital,4.45,Royal Free Hospital,7.16,Barnet Hospital,4.45,UCH (University College),10.71
N122GJ,51.616854,-0.180703,North,Barnet Hospital,4.45,Royal Free Hospital,7.16,Barnet Hospital,4.45,UCH (University College),10.71
N122GL,51.616854,-0.180703,North,Barnet Hospital,4.45,Royal Free Hospital,7.16,Barnet Hospital,4.45,UCH (University College),10.71
N122GN,51.616854,-0.180703,North,Barnet Hospital,4.45,Royal Free Hospital,7.16,Barnet Hospital,4.45,UCH (University College),10.71
N122GQ,51.616854,-0.180703,North,Barnet Hospital,4.45,Royal Free Hospital,7.16,Barnet Hospital,4.45,UCH (University College),10.71
N122GR,51.616854,-0.180703,North,Barnet Hospital,4.45,Royal Free Hospital,7.16,Barnet Hospital,4.45,UCH (University College),10.71
N122GS,51.616854,-0.180703,North,Barnet Hospital,4.45,Royal Free Hospital,7.16,Barnet Hospital,4.45,UCH (University College),10.71
N122GT,51.616854,-0.180703,North,Barnet Hospital,4.45,Royal Free Hospital,7.16,Barnet Hospital,4.45,UCH (University College),10.71
N122NE,51.616854,-0.180703,North,Barnet Hospital,4.45,Royal Free Hospital,7.16,Barnet Hospital,4.45,UCH (University College),10.71
N127AA,51.617479,-0.192624,North,Barnet Hospital,4.01,Royal Free Hospital,7.39,Barnet Hospital,4.01,UCH (University College),11.04
N127AB,51.617846,-0.192523,North,Barnet Hospital,3.97,Royal Free Hospital,7.43,Barnet Hospital,3.97,UCH (University College),11.08
N127AD,51.618755,-0.196084,North,Barnet Hospital,3.79,Royal Free Hospital,7.59,Barnet Hospital,3.79,UCH (University College),11.26
N127AE,51.618436,-0.196371,North,Barnet Hospital,3.82,Royal Free Hospital,7.56,Barnet Hospital,3.82,UCH (University College),11.24
N127AF,51.616899,-0.180672,North,Barnet Hospital,4.45,Royal Free Hospital,7.16,Barnet Hospital,4.45,UCH (University College),10.71
N127AG,51.617395,-0.187788,North,Barnet Hospital,4.16,Royal Free Hospital,7.3,Barnet Hospital,4.16,UCH (University College),10.92
N127AH,51.617282,-0.196171,North,Barnet Hospital,3.94,Royal Free Hospital,7.44,Barnet Hospital,3.94,UCH (University College),11.11
N127AJ,51.617991,-0.196692,North,Barnet Hospital,3.85,Royal Free Hospital,7.52,Barnet Hospital,3.85,UCH (University College),11.2
N127AL,51.61669,-0.19514,North,Barnet Hospital,4.03,Royal Free Hospital,7.35,Barnet Hospital,4.03,UCH (University College),11.03
N127AN,51.617013,-0.193899,North,Barnet Hospital,4.02,Royal Free Hospital,7.36,Barnet Hospital,4.02,UCH (University College),11.03
N127AP,51.615921,-0.193061,North,Barnet Hospital,4.16,Royal Free Hospital,7.23,Barnet Hospital,4.16,UCH (University College),10.89
N127AQ,51.617636,-0.19464,North,Barnet Hospital,3.94,Royal Free Hospital,7.44,Barnet Hospital,3.94,UCH (University College),11.11
N127AR,51.616241,-0.192211,North,Barnet Hospital,4.15,Royal Free Hospital,7.25,Barnet Hospital,4.15,UCH (University College),10.9
N127AS,51.615501,-0.191475,North,Barnet Hospital,4.24,Royal Free Hospital,7.16,Barnet Hospital,4.24,UCH (University College),10.81
N127AT,51.617353,-0.190852,North,Barnet Hospital,4.07,Royal Free Hospital,7.35,Barnet Hospital,4.07,UCH (University College),10.99
N127AU,51.623064,-0.183922,North,Barnet Hospital,3.76,Royal Free Hospital,7.87,Barnet Hospital,3.76,UCH (University College),11.43
N127AW,51.617234,-0.186654,North,Barnet Hospital,4.21,Royal Free Hospital,7.27,Barnet Hospital,4.21,UCH (University College),10.88
N127AX,51.617754,-0.185997,North,Barnet Hospital,4.18,Royal Free Hospital,7.32,Barnet Hospital,4.18,UCH (University College),10.92
N127AY,51.617316,-0.186145,North,Barnet Hospital,4.22,Royal Free Hospital,7.27,Barnet Hospital,4.22,UCH (University College),10.87
N127BA,51.615076,-0.195435,North,Barnet Hospital,4.19,Royal Free Hospital,7.19,Barnet Hospital,4.19,UCH (University College),10.87
N127BB,51.615966,-0.195977,North,Barnet Hospital,4.08,Royal Free Hospital,7.29,Barnet Hospital,4.08,UCH (University College),10.97
N127BD,51.615133,-0.196747,North,Barnet Hospital,4.15,Royal Free Hospital,7.22,Barnet Hospital,4.15,UCH (University College),10.91
N127BE,51.614528,-0.194864,North,Barnet Hospital,4.26,Royal Free Hospital,7.12,Barnet Hospital,4.26,UCH (University College),10.8
N127BG,51.614155,-0.194576,North,Barnet Hospital,4.31,Royal Free Hospital,7.07,Barnet Hospital,4.31,UCH (University College),10.75
N127BH,51.614024,-0.198365,North,Barnet Hospital,4.24,Royal Free Hospital,7.14,Barnet Hospital,4.24,UCH (University College),10.84
N127BJ,51.615132,-0.197296,North,Barnet Hospital,4.14,Royal Free Hospital,7.23,Barnet Hospital,4.14,UCH (University College),10.92
N127BL,51.616174,-0.197789,North,Barnet Hospital,4.02,Royal Free Hospital,7.35,Barnet Hospital,4.02,UCH (University College),11.04
N127BN,51.614608,-0.203008,North,Barnet Hospital,4.1,Royal Free Hospital,7.31,Barnet Hospital,4.1,UCH (University College),11.03
N127BP,51.615867,-0.2042,North,Barnet Hospital,3.95,Royal Free Hospital,7.47,Barnet Hospital,3.95,UCH (University College),11.19
N127BQ,51.614761,-0.195996,North,Barnet Hospital,4.21,Royal Free Hospital,7.16,Barnet Hospital,4.21,UCH (University College),10.85
N127BS,51.61515,-0.20316,North,Barnet Hospital,4.04,Royal Free Hospital,7.37,Barnet Hospital,4.04,UCH (University College),11.09
N127BT,51.61556,-0.202349,North,Barnet Hospital,4.01,Royal Free Hospital,7.39,Barnet Hospital,4.01,UCH (University College),11.11
N127BU,51.61655,-0.197673,North,Barnet Hospital,3.99,Royal Free Hospital,7.39,Barnet Hospital,3.99,UCH (University College),11.08
N127BW,51.618423,-0.186202,North,Barnet Hospital,4.11,Royal Free Hospital,7.39,Barnet Hospital,4.11,UCH (University College),10.99
N127BX,51.617191,-0.197879,North,Barnet Hospital,3.91,Royal Free Hospital,7.46,Barnet Hospital,3.91,UCH (University College),11.15
N127BY,51.616256,-0.195533,North,Barnet Hospital,4.06,Royal Free Hospital,7.31,Barnet Hospital,4.06,UCH (University College),10.99
N127BZ,51.61534,-0.197981,North,Barnet Hospital,4.11,Royal Free Hospital,7.27,Barnet Hospital,4.11,UCH (University College),10.96
N127DA,51.622429,-0.184742,North,Barnet Hospital,3.78,Royal Free Hospital,7.81,Barnet Hospital,3.78,UCH (University College),11.38
N127DB,51.621886,-0.185688,North,Barnet Hospital,3.8,Royal Free Hospital,7.77,Barnet Hospital,3.8,UCH (University College),11.35
N127DD,51.621699,-0.185248,North,Barnet Hospital,3.83,Royal Free Hospital,7.74,Barnet Hospital,3.83,UCH (University College),11.32
N127DE,51.621054,-0.187108,North,Barnet Hospital,3.82,Royal Free Hospital,7.69,Barnet Hospital,3.82,UCH (University College),11.29
N127DF,51.620928,-0.185943,North,Barnet Hospital,3.88,Royal Free Hospital,7.66,Barnet Hospital,3.88,UCH (University College),11.25
N127DG,51.616937,-0.187778,North,Barnet Hospital,4.2,Royal Free Hospital,7.25,Barnet Hospital,4.2,UCH (University College),10.87
N127DH,51.615526,-0.187299,North,Barnet Hospital,4.36,Royal Free Hospital,7.09,Barnet Hospital,4.36,UCH (University College),10.71
N127DJ,51.616214,-0.18642,North,Barnet Hospital,4.32,Royal Free Hospital,7.16,Barnet Hospital,4.32,UCH (University College),10.76
N127DL,51.61636,-0.187136,North,Barnet Hospital,4.28,Royal Free Hospital,7.18,Barnet Hospital,4.28,UCH (University College),10.8
N127DN,51.616966,-0.186736,North,Barnet Hospital,4.23,Royal Free Hospital,7.24,Barnet Hospital,4.23,UCH (University College),10.85
N127DP,51.618072,-0.187371,North,Barnet Hospital,4.11,Royal Free Hospital,7.37,Barnet Hospital,4.11,UCH (University College),10.98
N127DQ,51.62083,-0.186626,North,Barnet Hospital,3.86,Royal Free Hospital,7.66,Barnet Hospital,3.86,UCH (University College),11.25
N127DR,51.617464,-0.187583,North,Barnet Hospital,4.16,Royal Free Hospital,7.31,Barnet Hospital,4.16,UCH (University College),10.92
N127DS,51.617706,-0.187545,North,Barnet Hospital,4.14,Royal Free Hospital,7.33,Barnet Hospital,4.14,UCH (University College),10.95
N127DT,51.622865,-0.185042,North,Barnet Hospital,3.73,Royal Free Hospital,7.86,Barnet Hospital,3.73,UCH (University College),11.44
N127DU,51.623207,-0.183902,North,Barnet Hospital,3.74,Royal Free Hospital,7.89,Barnet Hospital,3.74,UCH (University College),11.45
N127DW,51.619744,-0.186727,North,Barnet Hospital,3.96,Royal Free Hospital,7.54,Barnet Hospital,3.96,UCH (University College),11.14
N127DX,51.623367,-0.183751,North,Barnet Hospital,3.73,Royal Free Hospital,7.9,Barnet Hospital,3.73,UCH (University College),11.46
N127DY,51.620045,-0.185819,North,Barnet Hospital,3.97,Royal Free Hospital,7.57,Barnet Hospital,3.97,UCH (University College),11.15
N127DZ,51.619701,-0.187465,North,Barnet Hospital,3.94,Royal Free Hospital,7.55,Barnet Hospital,3.94,UCH (University College),11.15
N127EA,51.62237,-0.183848,North,Barnet Hospital,3.82,Royal Free Hospital,7.8,Barnet Hospital,3.82,UCH (University College),11.36
N127EB,51.616899,-0.180672,North,Barnet Hospital,4.45,Royal Free Hospital,7.16,Barnet Hospital,4.45,UCH (University College),10.71
N127ED,51.62167,-0.184483,North,Barnet Hospital,3.86,Royal Free Hospital,7.73,Barnet Hospital,3.86,UCH (University College),11.3
N127EE,51.618144,-0.185621,North,Barnet Hospital,4.16,Royal Free Hospital,7.36,Barnet Hospital,4.16,UCH (University College),10.95
N127EF,51.6182,-0.185748,North,Barnet Hospital,4.15,Royal Free Hospital,7.36,Barnet Hospital,4.15,UCH (University College),10.96
N127EG,51.618407,-0.185754,North,Barnet Hospital,4.13,Royal Free Hospital,7.39,Barnet Hospital,4.13,UCH (University College),10.98
N127EH,51.617353,-0.190852,North,Barnet Hospital,4.07,Royal Free Hospital,7.35,Barnet Hospital,4.07,UCH (University College),10.99
N127EJ,51.615938,-0.187167,North,Barnet Hospital,4.32,Royal Free Hospital,7.14,Barnet Hospital,4.32,UCH (University College),10.75
N127EL,51.620682,-0.185144,North,Barnet Hospital,3.93,Royal Free Hospital,7.63,Barnet Hospital,3.93,UCH (University College),11.21
N127EN,51.619067,-0.187722,North,Barnet Hospital,4.0,Royal Free Hospital,7.48,Barnet Hospital,4.0,UCH (University College),11.09
N127EP,51.619181,-0.189292,North,Barnet Hospital,3.93,Royal Free Hospital,7.52,Barnet Hospital,3.93,UCH (University College),11.14
N127EQ,51.618222,-0.187192,North,Barnet Hospital,4.1,Royal Free Hospital,7.39,Barnet Hospital,4.1,UCH (University College),10.99
N127ER,51.620313,-0.189232,North,Barnet Hospital,3.82,Royal Free Hospital,7.64,Barnet Hospital,3.82,UCH (University College),11.26
N127ES,51.620741,-0.190154,North,Barnet Hospital,3.75,Royal Free Hospital,7.7,Barnet Hospital,3.75,UCH (University College),11.32
N127ET,51.622309,-0.188647,North,Barnet Hospital,3.65,Royal Free Hospital,7.85,Barnet Hospital,3.65,UCH (University College),11.45
N127EU,51.623074,-0.188068,North,Barnet Hospital,3.6,Royal Free Hospital,7.93,Barnet Hospital,3.6,UCH (University College),11.52
N127EW,51.623087,-0.189497,North,Barnet Hospital,3.55,Royal Free Hospital,7.95,Barnet Hospital,3.55,UCH (University College),11.56
N127EX,51.623191,-0.191025,North,Barnet Hospital,3.48,Royal Free Hospital,7.98,Barnet Hospital,3.48,UCH (University College),11.6
N127EY,51.623699,-0.190109,North,Barnet Hospital,3.47,Royal Free Hospital,8.02,Barnet Hospital,3.47,UCH (University College),11.63
N127EZ,51.618881,-0.185591,North,Barnet Hospital,4.09,Royal Free Hospital,7.44,Barnet Hospital,4.09,UCH (University College),11.03
N127FB,51.615777,-0.186668,North,Barnet Hospital,4.35,Royal Free Hospital,7.11,Barnet Hospital,4.35,UCH (University College),10.72
N127HA,51.622354,-0.189772,North,Barnet Hospital,3.61,Royal Free Hospital,7.87,Barnet Hospital,3.61,UCH (University College),11.48
N127HB,51.622548,-0.191281,North,Barnet Hospital,3.54,Royal Free Hospital,7.92,Barnet Hospital,3.54,UCH (University College),11.54
N127HD,51.623636,-0.192437,North,Barnet Hospital,3.39,Royal Free Hospital,8.05,Barnet Hospital,3.39,UCH (University College),11.68
N127HE,51.623925,-0.193683,North,Barnet Hospital,3.33,Royal Free Hospital,8.1,Barnet Hospital,3.33,UCH (University College),11.74
N127HF,51.622805,-0.192788,North,Barnet Hospital,3.47,Royal Free Hospital,7.97,Barnet Hospital,3.47,UCH (University College),11.6
N127HG,51.622869,-0.192251,North,Barnet Hospital,3.48,Royal Free Hospital,7.97,Barnet Hospital,3.48,UCH (University College),11.6
N127HH,51.622092,-0.192629,North,Barnet Hospital,3.54,Royal Free Hospital,7.89,Barnet Hospital,3.54,UCH (University College),11.52
N127HJ,51.621633,-0.193196,North,Barnet Hospital,3.57,Royal Free Hospital,7.85,Barnet Hospital,3.57,UCH (University College),11.49
N127HL,51.621316,-0.194812,North,Barnet Hospital,3.56,Royal Free Hospital,7.84,Barnet Hospital,3.56,UCH (University College),11.5
N127HN,51.62103,-0.194303,North,Barnet Hospital,3.6,Royal Free Hospital,7.8,Barnet Hospital,3.6,UCH (University College),11.45
N127HP,51.613751,-0.188814,North,Barnet Hospital,4.49,Royal Free Hospital,6.92,Barnet Hospital,4.49,UCH (University College),10.56
N127HQ,51.622354,-0.189772,North,Barnet Hospital,3.61,Royal Free Hospital,7.87,Barnet Hospital,3.61,UCH (University College),11.48
N127HR,51.621862,-0.189936,North,Barnet Hospital,3.65,Royal Free Hospital,7.82,Barnet Hospital,3.65,UCH (University College),11.44
N127HS,51.614503,-0.189131,North,Barnet Hospital,4.41,Royal Free Hospital,7.01,Barnet Hospital,4.41,UCH (University College),10.65
N127HT,51.614672,-0.190222,North,Barnet Hospital,4.36,Royal Free Hospital,7.05,Barnet Hospital,4.36,UCH (University College),10.69
N127HU,51.614754,-0.190277,North,Barnet Hospital,4.35,Royal Free Hospital,7.06,Barnet Hospital,4.35,UCH (University College),10.7
N127HW,51.62103,-0.194303,North,Barnet Hospital,3.6,Royal Free Hospital,7.8,Barnet Hospital,3.6,UCH (University College),11.45
N127HX,51.614991,-0.191076,North,Barnet Hospital,4.31,Royal Free Hospital,7.1,Barnet Hospital,4.31,UCH (University College),10.75
N127HY,51.615365,-0.190845,North,Barnet Hospital,4.27,Royal Free Hospital,7.13,Barnet Hospital,4.27,UCH (University College),10.78
N127HZ,51.614695,-0.191666,North,Barnet Hospital,4.32,Royal Free Hospital,7.07,Barnet Hospital,4.32,UCH (University College),10.73
N127JA,51.615191,-0.190014,North,Barnet Hospital,4.31,Royal Free Hospital,7.1,Barnet Hospital,4.31,UCH (University College),10.74
N127JB,51.616241,-0.190492,North,Barnet Hospital,4.19,Royal Free Hospital,7.22,Barnet Hospital,4.19,UCH (University College),10.86
N127JD,51.616385,-0.189937,North,Barnet Hospital,4.2,Royal Free Hospital,7.23,Barnet Hospital,4.2,UCH (University College),10.86
N127JE,51.619199,-0.190447,North,Barnet Hospital,3.9,Royal Free Hospital,7.54,Barnet Hospital,3.9,UCH (University College),11.17
N127JF,51.619652,-0.190689,North,Barnet Hospital,3.84,Royal Free Hospital,7.59,Barnet Hospital,3.84,UCH (University College),11.22
N127JG,51.619873,-0.191012,North,Barnet Hospital,3.81,Royal Free Hospital,7.62,Barnet Hospital,3.81,UCH (University College),11.25
N127JH,51.62127,-0.192416,North,Barnet Hospital,3.63,Royal Free Hospital,7.8,Barnet Hospital,3.63,UCH (University College),11.43
N127JJ,51.61995,-0.195429,North,Barnet Hospital,3.68,Royal Free Hospital,7.71,Barnet Hospital,3.68,UCH (University College),11.37
N127JL,51.621603,-0.196476,North,Barnet Hospital,3.48,Royal Free Hospital,7.9,Barnet Hospital,3.48,UCH (University College),11.57
N127JN,51.620321,-0.195559,North,Barnet Hospital,3.64,Royal Free Hospital,7.75,Barnet Hospital,3.64,UCH (University College),11.41
N127JP,51.621194,-0.195655,North,Barnet Hospital,3.55,Royal Free Hospital,7.84,Barnet Hospital,3.55,UCH (University College),11.5
N127JR,51.622327,-0.193876,North,Barnet Hospital,3.48,Royal Free Hospital,7.93,Barnet Hospital,3.48,UCH (University College),11.58
N127JS,51.621052,-0.195747,North,Barnet Hospital,3.56,Royal Free Hospital,7.83,Barnet Hospital,3.56,UCH (University College),11.49
N127JW,51.621052,-0.195747,North,Barnet Hospital,3.56,Royal Free Hospital,7.83,Barnet Hospital,3.56,UCH (University College),11.49
N127LA,51.617353,-0.190852,North,Barnet Hospital,4.07,Royal Free Hospital,7.35,Barnet Hospital,4.07,UCH (University College),10.99
N127LD,51.613331,-0.191879,North,Barnet Hospital,4.46,Royal Free Hospital,6.93,Barnet Hospital,4.46,UCH (University College),10.6
N127LE,51.612436,-0.195626,North,Barnet Hospital,4.46,Royal Free Hospital,6.91,Barnet Hospital,4.46,UCH (University College),10.6
N127LF,51.613072,-0.195514,North,Barnet Hospital,4.4,Royal Free Hospital,6.98,Barnet Hospital,4.4,UCH (University College),10.66
N127LG,51.611654,-0.196827,North,Barnet Hospital,4.52,Royal Free Hospital,6.85,Barnet Hospital,4.52,UCH (University College),10.56
N127LH,51.611465,-0.195058,North,Barnet Hospital,4.58,Royal Free Hospital,6.8,Barnet Hospital,4.58,UCH (University College),10.49
N127LJ,51.611961,-0.195197,North,Barnet Hospital,4.52,Royal Free Hospital,6.85,Barnet Hospital,4.52,UCH (University College),10.54
N127LL,51.613124,-0.193057,North,Barnet Hospital,4.45,Royal Free Hospital,6.93,Barnet Hospital,4.45,UCH (University College),10.6
N127LN,51.613512,-0.193677,North,Barnet Hospital,4.39,Royal Free Hospital,6.99,Barnet Hospital,4.39,UCH (University College),10.66
N127LP,51.613938,-0.193357,North,Barnet Hospital,4.36,Royal Free Hospital,7.02,Barnet Hospital,4.36,UCH (University College),10.7
N127LQ,51.612065,-0.196103,North,Barnet Hospital,4.49,Royal Free Hospital,6.88,Barnet Hospital,4.49,UCH (University College),10.58
N127LR,51.614263,-0.191697,North,Barnet Hospital,4.36,Royal Free Hospital,7.03,Barnet Hospital,4.36,UCH (University College),10.69
N127LS,51.614614,-0.192824,North,Barnet Hospital,4.3,Royal Free Hospital,7.09,Barnet Hospital,4.3,UCH (University College),10.75
N127LT,51.61541,-0.192576,North,Barnet Hospital,4.22,Royal Free Hospital,7.17,Barnet Hospital,4.22,UCH (University College),10.83
N127LU,51.615823,-0.194885,North,Barnet Hospital,4.12,Royal Free Hospital,7.26,Barnet Hospital,4.12,UCH (University College),10.93
N127LZ,51.616899,-0.180672,North,Barnet Hospital,4.45,Royal Free Hospital,7.16,Barnet Hospital,4.45,UCH (University College),10.71
N127NA,51.616899,-0.180672,North,Barnet Hospital,4.45,Royal Free Hospital,7.16,Barnet Hospital,4.45,UCH (University College),10.71
N127ND,51.616899,-0.180672,North,Barnet Hospital,4.45,Royal Free Hospital,7.16,Barnet Hospital,4.45,UCH (University College),10.71
N127NG,51.61445,-0.182258,North,Barnet Hospital,4.63,Royal Free Hospital,6.91,Barnet Hospital,4.63,UCH (University College),10.49
N127NH,51.613928,-0.179318,North,Barnet Hospital,4.78,Royal Free Hospital,6.82,Barnet Hospital,4.78,UCH (University College),10.37
N127NJ,51.614398,-0.180642,North,Barnet Hospital,4.69,Royal Free Hospital,6.89,Barnet Hospital,4.69,UCH (University College),10.45
N127NL,51.61368,-0.178389,North,Barnet Hospital,4.84,Royal Free Hospital,6.78,Barnet Hospital,4.84,UCH (University College),10.32
N127NN,51.613587,-0.17936,North,Barnet Hospital,4.81,Royal Free Hospital,6.78,Barnet Hospital,4.81,UCH (University College),10.33
N127NP,51.614044,-0.181595,North,Barnet Hospital,4.69,Royal Free Hospital,6.86,Barnet Hospital,4.69,UCH (University College),10.43
N127NQ,51.617353,-0.190852,North,Barnet Hospital,4.07,Royal Free Hospital,7.35,Barnet Hospital,4.07,UCH (University College),10.99
N127NS,51.615638,-0.187512,North,Barnet Hospital,4.34,Royal Free Hospital,7.11,Barnet Hospital,4.34,UCH (University College),10.73
N127NT,51.615147,-0.187777,North,Barnet Hospital,4.38,Royal Free Hospital,7.06,Barnet Hospital,4.38,UCH (University College),10.68
N127NU,51.614191,-0.187584,North,Barnet Hospital,4.48,Royal Free Hospital,6.95,Barnet Hospital,4.48,UCH (University College),10.58
N127NW,51.613887,-0.180692,North,Barnet Hospital,4.74,Royal Free Hospital,6.83,Barnet Hospital,4.74,UCH (University College),10.39
N127NX,51.614514,-0.188105,North,Barnet Hospital,4.44,Royal Free Hospital,7.0,Barnet Hospital,4.44,UCH (University College),10.62
N127NY,51.615317,-0.188319,North,Barnet Hospital,4.35,Royal Free Hospital,7.09,Barnet Hospital,4.35,UCH (University College),10.71
N127PA,51.613774,-0.190258,North,Barnet Hospital,4.45,Royal Free Hospital,6.95,Barnet Hospital,4.45,UCH (University College),10.6
N127PB,51.613162,-0.189676,North,Barnet Hospital,4.53,Royal Free Hospital,6.88,Barnet Hospital,4.53,UCH (University College),10.52
N127PD,51.612911,-0.189151,North,Barnet Hospital,4.57,Royal Free Hospital,6.84,Barnet Hospital,4.57,UCH (University College),10.48
N127PE,51.611673,-0.189894,North,Barnet Hospital,4.68,Royal Free Hospital,6.72,Barnet Hospital,4.68,UCH (University College),10.37
N127PF,51.612875,-0.190294,North,Barnet Hospital,4.54,Royal Free Hospital,6.85,Barnet Hospital,4.54,UCH (University College),10.51
N127PG,51.613891,-0.187957,North,Barnet Hospital,4.5,Royal Free Hospital,6.93,Barnet Hospital,4.5,UCH (University College),10.56
N127PH,51.612424,-0.188477,North,Barnet Hospital,4.64,Royal Free Hospital,6.78,Barnet Hospital,4.64,UCH (University College),10.42
N127PJ,51.612104,-0.1881,North,Barnet Hospital,4.68,Royal Free Hospital,6.74,Barnet Hospital,4.68,UCH (University College),10.37
N127PL,51.611954,-0.188886,North,Barnet Hospital,4.68,Royal Free Hospital,6.73,Barnet Hospital,4.68,UCH (University College),10.38
N127PP,51.611954,-0.188886,North,Barnet Hospital,4.68,Royal Free Hospital,6.73,Barnet Hospital,4.68,UCH (University College),10.38
N127PX,51.611954,-0.188886,North,Barnet Hospital,4.68,Royal Free Hospital,6.73,Barnet Hospital,4.68,UCH (University College),10.38
N127QA,51.621817,-0.187049,North,Barnet Hospital,3.75,Royal Free Hospital,7.78,Barnet Hospital,3.75,UCH (University College),11.37
N127QB,51.617353,-0.190852,North,Barnet Hospital,4.07,Royal Free Hospital,7.35,Barnet Hospital,4.07,UCH (University College),10.99
N127QD,51.617353,-0.190852,North,Barnet Hospital,4.07,Royal Free Hospital,7.35,Barnet Hospital,4.07,UCH (University College),10.99
N127QE,51.617353,-0.190852,North,Barnet Hospital,4.07,Royal Free Hospital,7.35,Barnet Hospital,4.07,UCH (University College),10.99
N127QF,51.617353,-0.190852,North,Barnet Hospital,4.07,Royal Free Hospital,7.35,Barnet Hospital,4.07,UCH (University College),10.99
N127UX,51.616899,-0.180672,North,Barnet Hospital,4.45,Royal Free Hospital,7.16,Barnet Hospital,4.45,UCH (University College),10.71
N127UY,51.616899,-0.180672,North,Barnet Hospital,4.45,Royal Free Hospital,7.16,Barnet Hospital,4.45,UCH (University College),10.71
N127UZ,51.616899,-0.180672,North,Barnet Hospital,4.45,Royal Free Hospital,7.16,Barnet Hospital,4.45,UCH (University College),10.71
N127WA,51.616899,-0.180672,North,Barnet Hospital,4.45,Royal Free Hospital,7.16,Barnet Hospital,4.45,UCH (University College),10.71
N127WB,51.616899,-0.180672,North,Barnet Hospital,4.45,Royal Free Hospital,7.16,Barnet Hospital,4.45,UCH (University College),10.71
N127WD,51.617353,-0.190852,North,Barnet Hospital,4.07,Royal Free Hospital,7.35,Barnet Hospital,4.07,UCH (University College),10.99
N127WE,51.616899,-0.180672,North,Barnet Hospital,4.45,Royal Free Hospital,7.16,Barnet Hospital,4.45,UCH (University College),10.71
N127WF,51.616899,-0.180672,North,Barnet Hospital,4.45,Royal Free Hospital,7.16,Barnet Hospital,4.45,UCH (University College),10.71
N127WG,51.616899,-0.180672,North,Barnet Hospital,4.45,Royal Free Hospital,7.16,Barnet Hospital,4.45,UCH (University College),10.71
N127WH,51.616899,-0.180672,North,Barnet Hospital,4.45,Royal Free Hospital,7.16,Barnet Hospital,4.45,UCH (University College),10.71
N127WJ,51.616899,-0.180672,North,Barnet Hospital,4.45,Royal Free Hospital,7.16,Barnet Hospital,4.45,UCH (University College),10.71
N127WL,51.616854,-0.180703,North,Barnet Hospital,4.45,Royal Free Hospital,7.16,Barnet Hospital,4.45,UCH (University College),10.71
N127WN,51.617353,-0.190852,North,Barnet Hospital,4.07,Royal Free Hospital,7.35,Barnet Hospital,4.07,UCH (University College),10.99
N127WP,51.616854,-0.180703,North,Barnet Hospital,4.45,Royal Free Hospital,7.16,Barnet Hospital,4.45,UCH (University College),10.71
N127WQ,51.616899,-0.180672,North,Barnet Hospital,4.45,Royal Free Hospital,7.16,Barnet Hospital,4.45,UCH (University College),10.71
N127WR,51.616899,-0.180672,North,Barnet Hospital,4.45,Royal Free Hospital,7.16,Barnet Hospital,4.45,UCH (University College),10.71
N127WS,51.616899,-0.180672,North,Barnet Hospital,4.45,Royal Free Hospital,7.16,Barnet Hospital,4.45,UCH (University College),10.71
N127WT,51.616899,-0.180672,North,Barnet Hospital,4.45,Royal Free Hospital,7.16,Barnet Hospital,4.45,UCH (University College),10.71
N127WU,51.616899,-0.180672,North,Barnet Hospital,4.45,Royal Free Hospital,7.16,Barnet Hospital,4.45,UCH (University College),10.71
N127WW,51.616899,-0.180672,North,Barnet Hospital,4.45,Royal Free Hospital,7.16,Barnet Hospital,4.45,UCH (University College),10.71
N127WX,51.616899,-0.180672,North,Barnet Hospital,4.45,Royal Free Hospital,7.16,Barnet Hospital,4.45,UCH (University College),10.71
N127WY,51.616899,-0.180672,North,Barnet Hospital,4.45,Royal Free Hospital,7.16,Barnet Hospital,4.45,UCH (University College),10.71
N127WZ,51.616899,-0.180672,North,Barnet Hospital,4.45,Royal Free Hospital,7.16,Barnet Hospital,4.45,UCH (University College),10.71
N127XA,51.616899,-0.180672,North,Barnet Hospital,4.45,Royal Free Hospital,7.16,Barnet Hospital,4.45,UCH (University College),10.71
N127XB,51.616899,-0.180672,North,Barnet Hospital,4.45,Royal Free Hospital,7.16,Barnet Hospital,4.45,UCH (University College),10.71
N127XD,51.616899,-0.180672,North,Barnet Hospital,4.45,Royal Free Hospital,7.16,Barnet Hospital,4.45,UCH (University College),10.71
N127XE,51.616899,-0.180672,North,Barnet Hospital,4.45,Royal Free Hospital,7.16,Barnet Hospital,4.45,UCH (University College),10.71
N127XF,51.616899,-0.180672,North,Barnet Hospital,4.45,Royal Free Hospital,7.16,Barnet Hospital,4.45,UCH (University College),10.71
N127XG,51.616899,-0.180672,North,Barnet Hospital,4.45,Royal Free Hospital,7.16,Barnet Hospital,4.45,UCH (University College),10.71
N127XH,51.616899,-0.180672,North,Barnet Hospital,4.45,Royal Free Hospital,7.16,Barnet Hospital,4.45,UCH (University College),10.71
N127XJ,51.616899,-0.180672,North,Barnet Hospital,4.45,Royal Free Hospital,7.16,Barnet Hospital,4.45,UCH (University College),10.71
N127XL,51.616854,-0.180703,North,Barnet Hospital,4.45,Royal Free Hospital,7.16,Barnet Hospital,4.45,UCH (University College),10.71
N127XN,51.616899,-0.180672,North,Barnet Hospital,4.45,Royal Free Hospital,7.16,Barnet Hospital,4.45,UCH (University College),10.71
N127XQ,51.616899,-0.180672,North,Barnet Hospital,4.45,Royal Free Hospital,7.16,Barnet Hospital,4.45,UCH (University College),10.71
N127XS,51.616899,-0.180672,North,Barnet Hospital,4.45,Royal Free Hospital,7.16,Barnet Hospital,4.45,UCH (University College),10.71
N127XT,51.616899,-0.180672,North,Barnet Hospital,4.45,Royal Free Hospital,7.16,Barnet Hospital,4.45,UCH (University College),10.71
N127XU,51.616899,-0.180672,North,Barnet Hospital,4.45,Royal Free Hospital,7.16,Barnet Hospital,4.45,UCH (University College),10.71
N127XW,51.616899,-0.180672,North,Barnet Hospital,4.45,Royal Free Hospital,7.16,Barnet Hospital,4.45,UCH (University College),10.71
N127XY,51.616854,-0.180703,North,Barnet Hospital,4.45,Royal Free Hospital,7.16,Barnet Hospital,4.45,UCH (University College),10.71
N127XZ,51.616899,-0.180672,North,Barnet Hospital,4.45,Royal Free Hospital,7.16,Barnet Hospital,4.45,UCH (University College),10.71
N127YB,51.616899,-0.180672,North,Barnet Hospital,4.45,Royal Free Hospital,7.16,Barnet Hospital,4.45,UCH (University College),10.71
N127YF,51.616899,-0.180672,North,Barnet Hospital,4.45,Royal Free Hospital,7.16,Barnet Hospital,4.45,UCH (University College),10.71
N127ZF,51.616899,-0.180672,North,Barnet Hospital,4.45,Royal Free Hospital,7.16,Barnet Hospital,4.45,UCH (University College),10.71
N128AA,51.61574,-0.181946,North,Barnet Hospital,4.51,Royal Free Hospital,7.05,Barnet Hospital,4.51,UCH (University College),10.62
N128AB,51.614039,-0.184123,North,Barnet Hospital,4.61,Royal Free Hospital,6.89,Barnet Hospital,4.61,UCH (University College),10.48
N128AD,51.614085,-0.184815,North,Barnet Hospital,4.58,Royal Free Hospital,6.9,Barnet Hospital,4.58,UCH (University College),10.5
N128AE,51.614906,-0.184421,North,Barnet Hospital,4.51,Royal Free Hospital,6.99,Barnet Hospital,4.51,UCH (University College),10.58
N128AF,51.6162,-0.177392,North,Barnet Hospital,4.64,Royal Free Hospital,7.05,Barnet Hospital,4.64,UCH (University College),10.57
N128AG,51.615251,-0.182847,North,Barnet Hospital,4.53,Royal Free Hospital,7.0,Barnet Hospital,4.53,UCH (University College),10.58
N128AH,51.616397,-0.181978,North,Barnet Hospital,4.45,Royal Free Hospital,7.12,Barnet Hospital,4.45,UCH (University College),10.69
N128AJ,51.616531,-0.181915,North,Barnet Hospital,4.44,Royal Free Hospital,7.13,Barnet Hospital,4.44,UCH (University College),10.7
N128AL,51.6168,-0.181846,North,Barnet Hospital,4.42,Royal Free Hospital,7.16,Barnet Hospital,4.42,UCH (University College),10.73
N128AN,51.618577,-0.181645,North,Barnet Hospital,4.26,Royal Free Hospital,7.36,Barnet Hospital,4.26,UCH (University College),10.91
N128AP,51.618723,-0.182376,North,Barnet Hospital,4.22,Royal Free Hospital,7.38,Barnet Hospital,4.22,UCH (University College),10.94
N128AQ,51.619346,-0.18134,North,Barnet Hospital,4.2,Royal Free Hospital,7.44,Barnet Hospital,4.2,UCH (University College),10.99
N128AR,51.619221,-0.18201,North,Barnet Hospital,4.18,Royal Free Hospital,7.43,Barnet Hospital,4.18,UCH (University College),10.99
N128AS,51.619983,-0.181864,North,Barnet Hospital,4.12,Royal Free Hospital,7.51,Barnet Hospital,4.12,UCH (University College),11.06
N128AT,51.62073,-0.180692,North,Barnet Hospital,4.1,Royal Free Hospital,7.58,Barnet Hospital,4.1,UCH (University College),11.12
N128AU,51.620283,-0.180869,North,Barnet Hospital,4.13,Royal Free Hospital,7.54,Barnet Hospital,4.13,UCH (University College),11.08
N128AW,51.616439,-0.181211,North,Barnet Hospital,4.47,Royal Free Hospital,7.12,Barnet Hospital,4.47,UCH (University College),10.67
N128AX,51.62045,-0.180054,North,Barnet Hospital,4.15,Royal Free Hospital,7.55,Barnet Hospital,4.15,UCH (University College),11.08
N128AY,51.620719,-0.179999,North,Barnet Hospital,4.12,Royal Free Hospital,7.58,Barnet Hospital,4.12,UCH (University College),11.11
N128AZ,51.620489,-0.180803,North,Barnet Hospital,4.11,Royal Free Hospital,7.56,Barnet Hospital,4.11,UCH (University College),11.1
N128BA,51.619889,-0.17983,North,Barnet Hospital,4.21,Royal Free Hospital,7.48,Barnet Hospital,4.21,UCH (University College),11.01
N128BB,51.619536,-0.180292,North,Barnet Hospital,4.22,Royal Free Hospital,7.45,Barnet Hospital,4.22,UCH (University College),10.99
N128BD,51.619212,-0.180219,North,Barnet Hospital,4.25,Royal Free Hospital,7.41,Barnet Hospital,4.25,UCH (University College),10.95
N128BE,51.618815,-0.180133,North,Barnet Hospital,4.29,Royal Free Hospital,7.37,Barnet Hospital,4.29,UCH (University College),10.91
N128BF,51.616778,-0.182772,North,Barnet Hospital,4.39,Royal Free Hospital,7.17,Barnet Hospital,4.39,UCH (University College),10.74
N128BG,51.618501,-0.180796,North,Barnet Hospital,4.3,Royal Free Hospital,7.34,Barnet Hospital,4.3,UCH (University College),10.89
N128BH,51.616336,-0.181489,North,Barnet Hospital,4.47,Royal Free Hospital,7.11,Barnet Hospital,4.47,UCH (University College),10.67
N128BJ,51.613518,-0.184736,North,Barnet Hospital,4.64,Royal Free Hospital,6.84,Barnet Hospital,4.64,UCH (University College),10.44
N128BL,51.617059,-0.181128,North,Barnet Hospital,4.42,Royal Free Hospital,7.18,Barnet Hospital,4.42,UCH (University College),10.74
N128BN,51.617062,-0.181908,North,Barnet Hospital,4.39,Royal Free Hospital,7.19,Barnet Hospital,4.39,UCH (University College),10.75
N128BP,51.615437,-0.181525,North,Barnet Hospital,4.56,Royal Free Hospital,7.01,Barnet Hospital,4.56,UCH (University College),10.57
N128BQ,51.616899,-0.180672,North,Barnet Hospital,4.45,Royal Free Hospital,7.16,Barnet Hospital,4.45,UCH (University College),10.71
N128BS,51.616057,-0.180359,North,Barnet Hospital,4.54,Royal Free Hospital,7.07,Barnet Hospital,4.54,UCH (University College),10.62
N128BT,51.615592,-0.180493,North,Barnet Hospital,4.58,Royal Free Hospital,7.02,Barnet Hospital,4.58,UCH (University College),10.57
N128BU,51.615766,-0.178984,North,Barnet Hospital,4.62,Royal Free Hospital,7.02,Barnet Hospital,4.62,UCH (University College),10.56
N128BW,51.615437,-0.181525,North,Barnet Hospital,4.56,Royal Free Hospital,7.01,Barnet Hospital,4.56,UCH (University College),10.57
N128BX,51.615643,-0.177429,North,Barnet Hospital,4.69,Royal Free Hospital,6.99,Barnet Hospital,4.69,UCH (University College),10.51
N128BY,51.615356,-0.178033,North,Barnet Hospital,4.69,Royal Free Hospital,6.97,Barnet Hospital,4.69,UCH (University College),10.5
N128BZ,51.616899,-0.180672,North,Barnet Hospital,4.45,Royal Free Hospital,7.16,Barnet Hospital,4.45,UCH (University College),10.71
N128DA,51.614779,-0.177392,North,Barnet Hospital,4.77,Royal Free Hospital,6.9,Barnet Hospital,4.77,UCH (University College),10.42
N128DB,51.615096,-0.177538,North,Barnet Hospital,4.74,Royal Free Hospital,6.93,Barnet Hospital,4.74,UCH (University College),10.46
N128DD,51.614374,-0.177928,North,Barnet Hospital,4.79,Royal Free Hospital,6.86,Barnet Hospital,4.79,UCH (University College),10.39
N128DE,51.614751,-0.178433,North,Barnet Hospital,4.73,Royal Free Hospital,6.9,Barnet Hospital,4.73,UCH (University College),10.44
N128DF,51.61487,-0.179136,North,Barnet Hospital,4.7,Royal Free Hospital,6.92,Barnet Hospital,4.7,UCH (University College),10.47
N128DG,51.613989,-0.178593,North,Barnet Hospital,4.8,Royal Free Hospital,6.82,Barnet Hospital,4.8,UCH (University College),10.36
N128DH,51.614785,-0.178879,North,Barnet Hospital,4.72,Royal Free Hospital,6.91,Barnet Hospital,4.72,UCH (University College),10.45
N128DJ,51.615319,-0.180317,North,Barnet Hospital,4.61,Royal Free Hospital,6.98,Barnet Hospital,4.61,UCH (University College),10.54
N128DL,51.615026,-0.180559,North,Barnet Hospital,4.63,Royal Free Hospital,6.95,Barnet Hospital,4.63,UCH (University College),10.51
N128DN,51.615152,-0.179399,North,Barnet Hospital,4.66,Royal Free Hospital,6.96,Barnet Hospital,4.66,UCH (University College),10.5
N128DP,51.615018,-0.181759,North,Barnet Hospital,4.59,Royal Free Hospital,6.97,Barnet Hospital,4.59,UCH (University College),10.54
N128DQ,51.615643,-0.177429,North,Barnet Hospital,4.69,Royal Free Hospital,6.99,Barnet Hospital,4.69,UCH (University College),10.51
N128DR,51.61352,-0.182584,North,Barnet Hospital,4.71,Royal Free Hospital,6.81,Barnet Hospital,4.71,UCH (University College),10.39
N128DS,51.612874,-0.182061,North,Barnet Hospital,4.79,Royal Free Hospital,6.73,Barnet Hospital,4.79,UCH (University College),10.32
N128DT,51.612359,-0.18016,North,Barnet Hospital,4.9,Royal Free Hospital,6.66,Barnet Hospital,4.9,UCH (University College),10.22
N128DU,51.611842,-0.181669,North,Barnet Hospital,4.9,Royal Free Hospital,6.62,Barnet Hospital,4.9,UCH (University College),10.2
N128DW,51.611595,-0.179628,North,Barnet Hospital,4.99,Royal Free Hospital,6.57,Barnet Hospital,4.99,UCH (University College),10.13
N128DX,51.612007,-0.17951,North,Barnet Hospital,4.96,Royal Free Hospital,6.61,Barnet Hospital,4.96,UCH (University College),10.17
N128DY,51.612669,-0.180451,North,Barnet Hospital,4.86,Royal Free Hospital,6.69,Barnet Hospital,4.86,UCH (University College),10.26
N128DZ,51.613295,-0.181394,North,Barnet Hospital,4.77,Royal Free Hospital,6.77,Barnet Hospital,4.77,UCH (University College),10.35
N128EA,51.613203,-0.179535,North,Barnet Hospital,4.84,Royal Free Hospital,6.74,Barnet Hospital,4.84,UCH (University College),10.3
N128EB,51.61327,-0.179763,North,Barnet Hospital,4.83,Royal Free Hospital,6.75,Barnet Hospital,4.83,UCH (University College),10.31
N128ED,51.616899,-0.180672,North,Barnet Hospital,4.45,Royal Free Hospital,7.16,Barnet Hospital,4.45,UCH (University College),10.71
N128EE,51.613031,-0.180061,North,Barnet Hospital,4.84,Royal Free Hospital,6.73,Barnet Hospital,4.84,UCH (University College),10.29
N128EF,51.612714,-0.17928,North,Barnet Hospital,4.9,Royal Free Hospital,6.69,Barnet Hospital,4.9,UCH (University College),10.24
N128EG,51.612933,-0.178939,North,Barnet Hospital,4.89,Royal Free Hospital,6.71,Barnet Hospital,4.89,UCH (University College),10.26
N128EH,51.612204,-0.186435,North,Barnet Hospital,4.72,Royal Free Hospital,6.72,Barnet Hospital,4.72,UCH (University College),10.34
N128EJ,51.615564,-0.18451,North,Barnet Hospital,4.44,Royal Free Hospital,7.06,Barnet Hospital,4.44,UCH (University College),10.65
N128EL,51.615735,-0.185644,North,Barnet Hospital,4.39,Royal Free Hospital,7.09,Barnet Hospital,4.39,UCH (University College),10.7
N128EN,51.614499,-0.186011,North,Barnet Hospital,4.5,Royal Free Hospital,6.96,Barnet Hospital,4.5,UCH (University College),10.57
N128EP,51.615222,-0.183917,North,Barnet Hospital,4.5,Royal Free Hospital,7.01,Barnet Hospital,4.5,UCH (University College),10.6
N128EQ,51.612445,-0.178756,North,Barnet Hospital,4.94,Royal Free Hospital,6.65,Barnet Hospital,4.94,UCH (University College),10.2
N128ER,51.614537,-0.185519,North,Barnet Hospital,4.51,Royal Free Hospital,6.96,Barnet Hospital,4.51,UCH (University College),10.57
N128ES,51.612628,-0.185378,North,Barnet Hospital,4.71,Royal Free Hospital,6.75,Barnet Hospital,4.71,UCH (University College),10.36
N128ET,51.613204,-0.185947,North,Barnet Hospital,4.63,Royal Free Hospital,6.82,Barnet Hospital,4.63,UCH (University College),10.44
N128EU,51.611955,-0.186604,North,Barnet Hospital,4.74,Royal Free Hospital,6.7,Barnet Hospital,4.74,UCH (University College),10.32
N128EW,51.614539,-0.179871,North,Barnet Hospital,4.7,Royal Free Hospital,6.89,Barnet Hospital,4.7,UCH (University College),10.45
N128EX,51.611711,-0.185949,North,Barnet Hospital,4.78,Royal Free Hospital,6.66,Barnet Hospital,4.78,UCH (University College),10.28
N128EY,51.612,-0.184262,North,Barnet Hospital,4.8,Royal Free Hospital,6.67,Barnet Hospital,4.8,UCH (University College),10.27
N128EZ,51.611909,-0.185999,North,Barnet Hospital,4.76,Royal Free Hospital,6.68,Barnet Hospital,4.76,UCH (University College),10.3
N128FA,51.62114,-0.176992,North,Barnet Hospital,4.21,Royal Free Hospital,7.6,Barnet Hospital,4.21,UCH (University College),11.1
N128FB,51.62278,-0.177201,North,Barnet Hospital,4.06,Royal Free Hospital,7.78,Barnet Hospital,4.06,UCH (University College),11.27
N128FD,51.61696,-0.184035,North,Barnet Hospital,4.32,Royal Free Hospital,7.21,Barnet Hospital,4.32,UCH (University College),10.79
N128FE,51.6162,-0.177392,North,Barnet Hospital,4.64,Royal Free Hospital,7.05,Barnet Hospital,4.64,UCH (University College),10.57
N128FF,51.613195,-0.181889,North,Barnet Hospital,4.76,Royal Free Hospital,6.77,Barnet Hospital,4.76,UCH (University College),10.35
N128GA,51.616715,-0.178108,North,Barnet Hospital,4.56,Royal Free Hospital,7.12,Barnet Hospital,4.56,UCH (University College),10.64
N128GB,51.612206,-0.178419,North,Barnet Hospital,4.98,Royal Free Hospital,6.62,Barnet Hospital,4.98,UCH (University College),10.17
N128GP,51.616899,-0.180672,North,Barnet Hospital,4.45,Royal Free Hospital,7.16,Barnet Hospital,4.45,UCH (University College),10.71
N128GQ,51.616899,-0.180672,North,Barnet Hospital,4.45,Royal Free Hospital,7.16,Barnet Hospital,4.45,UCH (University College),10.71
N128GR,51.616899,-0.180672,North,Barnet Hospital,4.45,Royal Free Hospital,7.16,Barnet Hospital,4.45,UCH (University College),10.71
N128GS,51.616899,-0.180672,North,Barnet Hospital,4.45,Royal Free Hospital,7.16,Barnet Hospital,4.45,UCH (University College),10.71
N128GT,51.616899,-0.180672,North,Barnet Hospital,4.45,Royal Free Hospital,7.16,Barnet Hospital,4.45,UCH (University College),10.71
N128GU,51.616899,-0.180672,North,Barnet Hospital,4.45,Royal Free Hospital,7.16,Barnet Hospital,4.45,UCH (University College),10.71
N128GW,51.616899,-0.180672,North,Barnet Hospital,4.45,Royal Free Hospital,7.16,Barnet Hospital,4.45,UCH (University College),10.71
N128GX,51.616899,-0.180672,North,Barnet Hospital,4.45,Royal Free Hospital,7.16,Barnet Hospital,4.45,UCH (University College),10.71
N128GY,51.616899,-0.180672,North,Barnet Hospital,4.45,Royal Free Hospital,7.16,Barnet Hospital,4.45,UCH (University College),10.71
N128GZ,51.616899,-0.180672,North,Barnet Hospital,4.45,Royal Free Hospital,7.16,Barnet Hospital,4.45,UCH (University College),10.71
N128HA,51.611605,-0.184336,North,Barnet Hospital,4.84,Royal Free Hospital,6.62,Barnet Hospital,4.84,UCH (University College),10.23
N128HB,51.611142,-0.182896,North,Barnet Hospital,4.93,Royal Free Hospital,6.56,Barnet Hospital,4.93,UCH (University College),10.15
N128HD,51.610704,-0.182465,North,Barnet Hospital,4.99,Royal Free Hospital,6.5,Barnet Hospital,4.99,UCH (University College),10.1
N128HE,51.612548,-0.183663,North,Barnet Hospital,4.77,Royal Free Hospital,6.72,Barnet Hospital,4.77,UCH (University College),10.32
N128HF,51.616439,-0.181211,North,Barnet Hospital,4.47,Royal Free Hospital,7.12,Barnet Hospital,4.47,UCH (University College),10.67
N128HG,51.612515,-0.18274,North,Barnet Hospital,4.8,Royal Free Hospital,6.7,Barnet Hospital,4.8,UCH (University College),10.29
N128HH,51.612853,-0.18885,North,Barnet Hospital,4.58,Royal Free Hospital,6.83,Barnet Hospital,4.58,UCH (University College),10.47
N128HJ,51.613222,-0.184228,North,Barnet Hospital,4.68,Royal Free Hospital,6.8,Barnet Hospital,4.68,UCH (University College),10.4
N128HL,51.612881,-0.183115,North,Barnet Hospital,4.75,Royal Free Hospital,6.75,Barnet Hospital,4.75,UCH (University College),10.34
N128HN,51.612786,-0.18452,North,Barnet Hospital,4.72,Royal Free Hospital,6.76,Barnet Hospital,4.72,UCH (University College),10.36
N128HP,51.61605,-0.182786,North,Barnet Hospital,4.46,Royal Free Hospital,7.09,Barnet Hospital,4.46,UCH (University College),10.67
N128HQ,51.613358,-0.184887,North,Barnet Hospital,4.65,Royal Free Hospital,6.82,Barnet Hospital,4.65,UCH (University College),10.43
N128HR,51.616052,-0.183465,North,Barnet Hospital,4.43,Royal Free Hospital,7.1,Barnet Hospital,4.43,UCH (University College),10.68
N128HS,51.616126,-0.184777,North,Barnet Hospital,4.38,Royal Free Hospital,7.12,Barnet Hospital,4.38,UCH (University College),10.72
N128HT,51.616408,-0.18322,North,Barnet Hospital,4.41,Royal Free Hospital,7.14,Barnet Hospital,4.41,UCH (University College),10.71
N128HU,51.616576,-0.185365,North,Barnet Hospital,4.32,Royal Free Hospital,7.18,Barnet Hospital,4.32,UCH (University College),10.78
N128HX,51.61711,-0.183871,North,Barnet Hospital,4.32,Royal Free Hospital,7.22,Barnet Hospital,4.32,UCH (University College),10.8
N128HY,51.616872,-0.184776,North,Barnet Hospital,4.31,Royal Free Hospital,7.21,Barnet Hospital,4.31,UCH (University College),10.8
N128JA,51.613332,-0.186722,North,Barnet Hospital,4.6,Royal Free Hospital,6.85,Barnet Hospital,4.6,UCH (University College),10.47
N128JB,51.613488,-0.18572,North,Barnet Hospital,4.61,Royal Free Hospital,6.85,Barnet Hospital,4.61,UCH (University College),10.46
N128JD,51.616439,-0.181211,North,Barnet Hospital,4.47,Royal Free Hospital,7.12,Barnet Hospital,4.47,UCH (University College),10.67
N128JE,51.616291,-0.178602,North,Barnet Hospital,4.58,Royal Free Hospital,7.07,Barnet Hospital,4.58,UCH (University College),10.61
N128JF,51.616439,-0.181211,North,Barnet Hospital,4.47,Royal Free Hospital,7.12,Barnet Hospital,4.47,UCH (University College),10.67
N128JG,51.616733,-0.178686,North,Barnet Hospital,4.54,Royal Free Hospital,7.12,Barnet Hospital,4.54,UCH (University College),10.66
N128JH,51.61663,-0.177852,North,Barnet Hospital,4.58,Royal Free Hospital,7.11,Barnet Hospital,4.58,UCH (University College),10.63
N128JJ,51.616463,-0.179866,North,Barnet Hospital,4.52,Royal Free Hospital,7.11,Barnet Hospital,4.52,UCH (University College),10.65
N128JL,51.616336,-0.181489,North,Barnet Hospital,4.47,Royal Free Hospital,7.11,Barnet Hospital,4.47,UCH (University College),10.67
N128JN,51.616499,-0.180443,North,Barnet Hospital,4.5,Royal Free Hospital,7.11,Barnet Hospital,4.5,UCH (University College),10.67
N128JP,51.616097,-0.179404,North,Barnet Hospital,4.57,Royal Free Hospital,7.06,Barnet Hospital,4.57,UCH (University College),10.6
N128JQ,51.616854,-0.180703,North,Barnet Hospital,4.45,Royal Free Hospital,7.16,Barnet Hospital,4.45,UCH (University College),10.71
N128JR,51.616352,-0.1773,North,Barnet Hospital,4.63,Royal Free Hospital,7.07,Barnet Hospital,4.63,UCH (University College),10.59
N128JS,51.616899,-0.180672,North,Barnet Hospital,4.45,Royal Free Hospital,7.16,Barnet Hospital,4.45,UCH (University College),10.71
N128JT,51.615862,-0.177016,North,Barnet Hospital,4.69,Royal Free Hospital,7.01,Barnet Hospital,4.69,UCH (University College),10.53
N128JU,51.616439,-0.181211,North,Barnet Hospital,4.47,Royal Free Hospital,7.12,Barnet Hospital,4.47,UCH (University College),10.67
N128JW,51.616188,-0.177162,North,Barnet Hospital,4.65,Royal Free Hospital,7.05,Barnet Hospital,4.65,UCH (University College),10.57
N128JX,51.615665,-0.177067,North,Barnet Hospital,4.7,Royal Free Hospital,6.99,Barnet Hospital,4.7,UCH (University College),10.51
N128JY,51.615231,-0.176955,North,Barnet Hospital,4.75,Royal Free Hospital,6.94,Barnet Hospital,4.75,UCH (University College),10.46
N128JZ,51.616899,-0.180672,North,Barnet Hospital,4.45,Royal Free Hospital,7.16,Barnet Hospital,4.45,UCH (University College),10.71
N128LA,51.617707,-0.185248,North,Barnet Hospital,4.21,Royal Free Hospital,7.3,Barnet Hospital,4.21,UCH (University College),10.89
N128LB,51.614981,-0.177022,North,Barnet Hospital,4.77,Royal Free Hospital,6.92,Barnet Hospital,4.77,UCH (University College),10.44
N128LD,51.614602,-0.176965,North,Barnet Hospital,4.8,Royal Free Hospital,6.87,Barnet Hospital,4.8,UCH (University College),10.39
N128LE,51.617385,-0.185376,North,Barnet Hospital,4.24,Royal Free Hospital,7.27,Barnet Hospital,4.24,UCH (University College),10.86
N128LF,51.614434,-0.177174,North,Barnet Hospital,4.81,Royal Free Hospital,6.86,Barnet Hospital,4.81,UCH (University College),10.38
N128LG,51.614539,-0.176968,North,Barnet Hospital,4.81,Royal Free Hospital,6.87,Barnet Hospital,4.81,UCH (University College),10.39
N128LH,51.614981,-0.177022,North,Barnet Hospital,4.77,Royal Free Hospital,6.92,Barnet Hospital,4.77,UCH (University College),10.44
N128LJ,51.614002,-0.177119,North,Barnet Hospital,4.85,Royal Free Hospital,6.81,Barnet Hospital,4.85,UCH (University College),10.33
N128LL,51.614235,-0.177052,North,Barnet Hospital,4.83,Royal Free Hospital,6.83,Barnet Hospital,4.83,UCH (University College),10.36
N128LN,51.614137,-0.177114,North,Barnet Hospital,4.84,Royal Free Hospital,6.82,Barnet Hospital,4.84,UCH (University College),10.35
N128LP,51.617063,-0.185505,North,Barnet Hospital,4.26,Royal Free Hospital,7.24,Barnet Hospital,4.26,UCH (University College),10.83
N128LQ,51.614981,-0.177022,North,Barnet Hospital,4.77,Royal Free Hospital,6.92,Barnet Hospital,4.77,UCH (University College),10.44
N128LR,51.621552,-0.180948,North,Barnet Hospital,4.01,Royal Free Hospital,7.68,Barnet Hospital,4.01,UCH (University College),11.21
N128LS,51.62188,-0.180661,North,Barnet Hospital,3.99,Royal Free Hospital,7.71,Barnet Hospital,3.99,UCH (University College),11.24
N128LT,51.613546,-0.177311,North,Barnet Hospital,4.89,Royal Free Hospital,6.76,Barnet Hospital,4.89,UCH (University College),10.29
N128LU,51.612632,-0.178055,North,Barnet Hospital,4.95,Royal Free Hospital,6.67,Barnet Hospital,4.95,UCH (University College),10.21
N128LX,51.61374,-0.177621,North,Barnet Hospital,4.86,Royal Free Hospital,6.78,Barnet Hospital,4.86,UCH (University College),10.32
N128LY,51.612862,-0.177844,North,Barnet Hospital,4.93,Royal Free Hospital,6.69,Barnet Hospital,4.93,UCH (University College),10.23
N128LZ,51.61303,-0.177664,North,Barnet Hospital,4.93,Royal Free Hospital,6.71,Barnet Hospital,4.93,UCH (University College),10.24
N128NA,51.612696,-0.178746,North,Barnet Hospital,4.92,Royal Free Hospital,6.68,Barnet Hospital,4.92,UCH (University College),10.23
N128NB,51.616899,-0.180672,North,Barnet Hospital,4.45,Royal Free Hospital,7.16,Barnet Hospital,4.45,UCH (University College),10.71
N128ND,51.612696,-0.178746,North,Barnet Hospital,4.92,Royal Free Hospital,6.68,Barnet Hospital,4.92,UCH (University College),10.23
N128NE,51.612632,-0.178055,North,Barnet Hospital,4.95,Royal Free Hospital,6.67,Barnet Hospital,4.95,UCH (University College),10.21
N128NF,51.612696,-0.178746,North,Barnet Hospital,4.92,Royal Free Hospital,6.68,Barnet Hospital,4.92,UCH (University College),10.23
N128NG,51.611926,-0.178965,North,Barnet Hospital,4.98,Royal Free Hospital,6.6,Barnet Hospital,4.98,UCH (University College),10.15
N128NJ,51.612696,-0.178746,North,Barnet Hospital,4.92,Royal Free Hospital,6.68,Barnet Hospital,4.92,UCH (University College),10.23
N128NL,51.612696,-0.178746,North,Barnet Hospital,4.92,Royal Free Hospital,6.68,Barnet Hospital,4.92,UCH (University College),10.23
N128NN,51.61268,-0.182906,North,Barnet Hospital,4.78,Royal Free Hospital,6.72,Barnet Hospital,4.78,UCH (University College),10.31
N128NP,51.611747,-0.179015,North,Barnet Hospital,5.0,Royal Free Hospital,6.58,Barnet Hospital,5.0,UCH (University College),10.13
N128NQ,51.612696,-0.178746,North,Barnet Hospital,4.92,Royal Free Hospital,6.68,Barnet Hospital,4.92,UCH (University College),10.23
N128NR,51.611411,-0.17991,North,Barnet Hospital,5.0,Royal Free Hospital,6.55,Barnet Hospital,5.0,UCH (University College),10.11
N128NS,51.610921,-0.180261,North,Barnet Hospital,5.04,Royal Free Hospital,6.5,Barnet Hospital,5.04,UCH (University College),10.07
N128NT,51.610897,-0.180436,North,Barnet Hospital,5.03,Royal Free Hospital,6.5,Barnet Hospital,5.03,UCH (University College),10.07
N128NU,51.611215,-0.181188,North,Barnet Hospital,4.98,Royal Free Hospital,6.54,Barnet Hospital,4.98,UCH (University College),10.12
N128NW,51.611326,-0.181415,North,Barnet Hospital,4.96,Royal Free Hospital,6.56,Barnet Hospital,4.96,UCH (University College),10.14
N128NX,51.611491,-0.181611,North,Barnet Hospital,4.94,Royal Free Hospital,6.58,Barnet Hospital,4.94,UCH (University College),10.16
N128NY,51.61039,-0.181366,North,Barnet Hospital,5.05,Royal Free Hospital,6.45,Barnet Hospital,5.05,UCH (University College),10.04
N128NZ,51.616439,-0.181211,North,Barnet Hospital,4.47,Royal Free Hospital,7.12,Barnet Hospital,4.47,UCH (University College),10.67
N128PA,51.61018,-0.182905,North,Barnet Hospital,5.03,Royal Free Hospital,6.45,Barnet Hospital,5.03,UCH (University College),10.05
N128PB,51.610983,-0.184823,North,Barnet Hospital,4.89,Royal Free Hospital,6.56,Barnet Hospital,4.89,UCH (University College),10.18
N128PD,51.610705,-0.183678,North,Barnet Hospital,4.95,Royal Free Hospital,6.52,Barnet Hospital,4.95,UCH (University College),10.12
N128PE,51.609791,-0.183888,North,Barnet Hospital,5.04,Royal Free Hospital,6.42,Barnet Hospital,5.04,UCH (University College),10.03
N128PF,51.61098,-0.184029,North,Barnet Hospital,4.91,Royal Free Hospital,6.55,Barnet Hospital,4.91,UCH (University College),10.16
N128PG,51.6101,-0.184136,North,Barnet Hospital,5.0,Royal Free Hospital,6.46,Barnet Hospital,5.0,UCH (University College),10.07
N128PH,51.609238,-0.183621,North,Barnet Hospital,5.1,Royal Free Hospital,6.36,Barnet Hospital,5.1,UCH (University College),9.97
N128PJ,51.609547,-0.182641,North,Barnet Hospital,5.1,Royal Free Hospital,6.38,Barnet Hospital,5.1,UCH (University College),9.98
N128PL,51.61023,-0.184405,North,Barnet Hospital,4.98,Royal Free Hospital,6.48,Barnet Hospital,4.98,UCH (University College),10.09
N128PN,51.60936,-0.182187,North,Barnet Hospital,5.13,Royal Free Hospital,6.35,Barnet Hospital,5.13,UCH (University College),9.95
N128PP,51.616681,-0.177084,North,Barnet Hospital,4.61,Royal Free Hospital,7.1,Barnet Hospital,4.61,UCH (University College),10.62
N128PQ,51.610414,-0.183517,North,Barnet Hospital,4.98,Royal Free Hospital,6.48,Barnet Hospital,4.98,UCH (University College),10.09
N128PR,51.61695,-0.177016,North,Barnet Hospital,4.59,Royal Free Hospital,7.13,Barnet Hospital,4.59,UCH (University College),10.65
N128PS,51.616906,-0.17709,North,Barnet Hospital,4.59,Royal Free Hospital,7.13,Barnet Hospital,4.59,UCH (University College),10.64
N128PT,51.617777,-0.17704,North,Barnet Hospital,4.51,Royal Free Hospital,7.23,Barnet Hospital,4.51,UCH (University College),10.74
N128PU,51.617167,-0.177123,North,Barnet Hospital,4.56,Royal Free Hospital,7.16,Barnet Hospital,4.56,UCH (University College),10.67
N128PW,51.622369,-0.176842,North,Barnet Hospital,4.11,Royal Free Hospital,7.73,Barnet Hospital,4.11,UCH (University College),11.22
N128PX,51.617409,-0.177084,North,Barnet Hospital,4.54,Royal Free Hospital,7.19,Barnet Hospital,4.54,UCH (University College),10.7
N128PY,51.61837,-0.178736,North,Barnet Hospital,4.39,Royal Free Hospital,7.3,Barnet Hospital,4.39,UCH (University College),10.83
N128PZ,51.616269,-0.177159,North,Barnet Hospital,4.64,Royal Free Hospital,7.06,Barnet Hospital,4.64,UCH (University College),10.58
N128QA,51.61885,-0.177228,North,Barnet Hospital,4.41,Royal Free Hospital,7.35,Barnet Hospital,4.41,UCH (University College),10.85
N128QB,51.618965,-0.177051,North,Barnet Hospital,4.4,Royal Free Hospital,7.36,Barnet Hospital,4.4,UCH (University College),10.86
N128QD,51.616899,-0.180672,North,Barnet Hospital,4.45,Royal Free Hospital,7.16,Barnet Hospital,4.45,UCH (University College),10.71
N128QE,51.619241,-0.178036,North,Barnet Hospital,4.34,Royal Free Hospital,7.4,Barnet Hospital,4.34,UCH (University College),10.91
N128QF,51.619795,-0.178404,North,Barnet Hospital,4.27,Royal Free Hospital,7.46,Barnet Hospital,4.27,UCH (University College),10.98
N128QG,51.619239,-0.17912,North,Barnet Hospital,4.29,Royal Free Hospital,7.4,Barnet Hospital,4.29,UCH (University College),10.93
N128QH,51.622878,-0.177775,North,Barnet Hospital,4.03,Royal Free Hospital,7.79,Barnet Hospital,4.03,UCH (University College),11.3
N128QJ,51.619728,-0.176991,North,Barnet Hospital,4.34,Royal Free Hospital,7.44,Barnet Hospital,4.34,UCH (University College),10.94
N128QL,51.620047,-0.178423,North,Barnet Hospital,4.25,Royal Free Hospital,7.49,Barnet Hospital,4.25,UCH (University College),11.0
N128QN,51.621354,-0.178631,North,Barnet Hospital,4.13,Royal Free Hospital,7.63,Barnet Hospital,4.13,UCH (University College),11.15
N128QP,51.620317,-0.177863,North,Barnet Hospital,4.25,Royal Free Hospital,7.51,Barnet Hospital,4.25,UCH (University College),11.02
N128QQ,51.622625,-0.178247,North,Barnet Hospital,4.03,Royal Free Hospital,7.77,Barnet Hospital,4.03,UCH (University College),11.28
N128QR,51.620699,-0.17701,North,Barnet Hospital,4.25,Royal Free Hospital,7.55,Barnet Hospital,4.25,UCH (University College),11.05
N128QS,51.621554,-0.177033,North,Barnet Hospital,4.18,Royal Free Hospital,7.64,Barnet Hospital,4.18,UCH (University College),11.14
N128QT,51.622047,-0.178083,North,Barnet Hospital,4.09,Royal Free Hospital,7.71,Barnet Hospital,4.09,UCH (University College),11.21
N128QU,51.622387,-0.177997,North,Barnet Hospital,4.06,Royal Free Hospital,7.74,Barnet Hospital,4.06,UCH (University College),11.25
N128QW,51.619886,-0.178458,North,Barnet Hospital,4.26,Royal Free Hospital,7.47,Barnet Hospital,4.26,UCH (University College),10.99
N128QX,51.622561,-0.177022,North,Barnet Hospital,4.09,Royal Free Hospital,7.75,Barnet Hospital,4.09,UCH (University College),11.25
N128QY,51.622387,-0.178546,North,Barnet Hospital,4.04,Royal Free Hospital,7.75,Barnet Hospital,4.04,UCH (University College),11.26
N128QZ,51.619279,-0.177038,North,Barnet Hospital,4.38,Royal Free Hospital,7.39,Barnet Hospital,4.38,UCH (University College),10.9
N128RA,51.618913,-0.177789,North,Barnet Hospital,4.38,Royal Free Hospital,7.36,Barnet Hospital,4.38,UCH (University College),10.87
N128RB,51.623267,-0.177875,North,Barnet Hospital,3.99,Royal Free Hospital,7.84,Barnet Hospital,3.99,UCH (University College),11.34
N128RD,51.623604,-0.179942,North,Barnet Hospital,3.87,Royal Free Hospital,7.89,Barnet Hospital,3.87,UCH (University College),11.41
N128RE,51.623052,-0.180253,North,Barnet Hospital,3.91,Royal Free Hospital,7.83,Barnet Hospital,3.91,UCH (University College),11.36
N128RF,51.617426,-0.183381,North,Barnet Hospital,4.3,Royal Free Hospital,7.25,Barnet Hospital,4.3,UCH (University College),10.82
N128RG,51.62361,-0.17971,North,Barnet Hospital,3.88,Royal Free Hospital,7.89,Barnet Hospital,3.88,UCH (University College),11.41
N128RH,51.623561,-0.178268,North,Barnet Hospital,3.95,Royal Free Hospital,7.87,Barnet Hospital,3.95,UCH (University College),11.38
N128RJ,51.617395,-0.182559,North,Barnet Hospital,4.33,Royal Free Hospital,7.24,Barnet Hospital,4.33,UCH (University College),10.8
N128RL,51.617316,-0.182071,North,Barnet Hospital,4.36,Royal Free Hospital,7.22,Barnet Hospital,4.36,UCH (University College),10.79
N128RP,51.617572,-0.178291,North,Barnet Hospital,4.48,Royal Free Hospital,7.21,Barnet Hospital,4.48,UCH (University College),10.74
N128RQ,51.617434,-0.183901,North,Barnet Hospital,4.28,Royal Free Hospital,7.26,Barnet Hospital,4.28,UCH (University College),10.84
N128RR,51.623594,-0.179292,North,Barnet Hospital,3.9,Royal Free Hospital,7.89,Barnet Hospital,3.9,UCH (University College),11.4
N128RS,51.617662,-0.180598,North,Barnet Hospital,4.38,Royal Free Hospital,7.24,Barnet Hospital,4.38,UCH (University College),10.79
N128RT,51.617175,-0.178755,North,Barnet Hospital,4.5,Royal Free Hospital,7.17,Barnet Hospital,4.5,UCH (University College),10.7
N128RU,51.617269,-0.180224,North,Barnet Hospital,4.43,Royal Free Hospital,7.2,Barnet Hospital,4.43,UCH (University College),10.74
N128RW,51.61975,-0.181858,North,Barnet Hospital,4.14,Royal Free Hospital,7.49,Barnet Hospital,4.14,UCH (University College),11.04
N128RX,51.617392,-0.182935,North,Barnet Hospital,4.32,Royal Free Hospital,7.24,Barnet Hospital,4.32,UCH (University College),10.81
N128RY,51.617821,-0.182152,North,Barnet Hospital,4.31,Royal Free Hospital,7.28,Barnet Hospital,4.31,UCH (University College),10.84
N128RZ,51.617607,-0.184602,North,Barnet Hospital,4.24,Royal Free Hospital,7.28,Barnet Hospital,4.24,UCH (University College),10.87
N128SA,51.617918,-0.183188,North,Barnet Hospital,4.26,Royal Free Hospital,7.3,Barnet Hospital,4.26,UCH (University College),10.87
N128SB,51.618502,-0.183165,North,Barnet Hospital,4.21,Royal Free Hospital,7.36,Barnet Hospital,4.21,UCH (University College),10.93
N128SD,51.618085,-0.184121,North,Barnet Hospital,4.21,Royal Free Hospital,7.33,Barnet Hospital,4.21,UCH (University College),10.91
N128SE,51.617992,-0.185641,North,Barnet Hospital,4.17,Royal Free Hospital,7.34,Barnet Hospital,4.17,UCH (University College),10.93
N128SF,51.61837,-0.18395,North,Barnet Hospital,4.19,Royal Free Hospital,7.36,Barnet Hospital,4.19,UCH (University College),10.94
N128SG,51.618329,-0.182464,North,Barnet Hospital,4.25,Royal Free Hospital,7.34,Barnet Hospital,4.25,UCH (University College),10.9
N128SH,51.61805,-0.184772,North,Barnet Hospital,4.19,Royal Free Hospital,7.33,Barnet Hospital,4.19,UCH (University College),10.92
N128SJ,51.618682,-0.184371,North,Barnet Hospital,4.15,Royal Free Hospital,7.4,Barnet Hospital,4.15,UCH (University College),10.98
N128SL,51.620414,-0.183536,North,Barnet Hospital,4.01,Royal Free Hospital,7.58,Barnet Hospital,4.01,UCH (University College),11.14
N128SN,51.621414,-0.182529,North,Barnet Hospital,3.96,Royal Free Hospital,7.68,Barnet Hospital,3.96,UCH (University College),11.23
N128SP,51.619687,-0.183074,North,Barnet Hospital,4.1,Royal Free Hospital,7.49,Barnet Hospital,4.1,UCH (University College),11.06
N128SQ,51.619635,-0.184304,North,Barnet Hospital,4.06,Royal Free Hospital,7.5,Barnet Hospital,4.06,UCH (University College),11.08
N128SR,51.62038,-0.182498,North,Barnet Hospital,4.06,Royal Free Hospital,7.56,Barnet Hospital,4.06,UCH (University College),11.12
N128SS,51.621045,-0.181864,North,Barnet Hospital,4.02,Royal Free Hospital,7.63,Barnet Hospital,4.02,UCH (University College),11.18
N128ST,51.620651,-0.182602,North,Barnet Hospital,4.03,Royal Free Hospital,7.59,Barnet Hospital,4.03,UCH (University College),11.15
N128SU,51.620965,-0.182547,North,Barnet Hospital,4.0,Royal Free Hospital,7.63,Barnet Hospital,4.0,UCH (University College),11.18
N128SW,51.619546,-0.183802,North,Barnet Hospital,4.09,Royal Free Hospital,7.49,Barnet Hospital,4.09,UCH (University College),11.06
N128SX,51.62175,-0.182717,North,Barnet Hospital,3.92,Royal Free Hospital,7.72,Barnet Hospital,3.92,UCH (University College),11.27
N128SY,51.622654,-0.180124,North,Barnet Hospital,3.95,Royal Free Hospital,7.79,Barnet Hospital,3.95,UCH (University College),11.32
N128SZ,51.620985,-0.181535,North,Barnet Hospital,4.04,Royal Free Hospital,7.62,Barnet Hospital,4.04,UCH (University College),11.16
N128TA,51.622219,-0.181615,North,Barnet Hospital,3.92,Royal Free Hospital,7.76,Barnet Hospital,3.92,UCH (University College),11.3
N128TB,51.622863,-0.179119,North,Barnet Hospital,3.97,Royal Free Hospital,7.8,Barnet Hospital,3.97,UCH (University College),11.32
N128TD,51.621531,-0.179606,North,Barnet Hospital,4.07,Royal Free Hospital,7.66,Barnet Hospital,4.07,UCH (University College),11.19
N128TE,51.616899,-0.180672,North,Barnet Hospital,4.45,Royal Free Hospital,7.16,Barnet Hospital,4.45,UCH (University College),10.71
N128TF,51.623132,-0.179614,North,Barnet Hospital,3.93,Royal Free Hospital,7.84,Barnet Hospital,3.93,UCH (University College),11.36
N128TG,51.617951,-0.183577,North,Barnet Hospital,4.25,Royal Free Hospital,7.31,Barnet Hospital,4.25,UCH (University College),10.88
N128TH,51.620906,-0.179313,North,Barnet Hospital,4.14,Royal Free Hospital,7.59,Barnet Hospital,4.14,UCH (University College),11.11
N128TJ,51.622132,-0.179481,North,Barnet Hospital,4.02,Royal Free Hospital,7.73,Barnet Hospital,4.02,UCH (University College),11.25
N128TL,51.619136,-0.184079,North,Barnet Hospital,4.11,Royal Free Hospital,7.44,Barnet Hospital,4.11,UCH (University College),11.02
N128TN,51.619769,-0.183721,North,Barnet Hospital,4.07,Royal Free Hospital,7.51,Barnet Hospital,4.07,UCH (University College),11.08
N128TP,51.623012,-0.178275,North,Barnet Hospital,4.0,Royal Free Hospital,7.81,Barnet Hospital,4.0,UCH (University College),11.32
N128TQ,51.616899,-0.180672,North,Barnet Hospital,4.45,Royal Free Hospital,7.16,Barnet Hospital,4.45,UCH (University College),10.71
N128TR,51.623668,-0.180532,North,Barnet Hospital,3.84,Royal Free Hospital,7.91,Barnet Hospital,3.84,UCH (University College),11.43
N128TS,51.616439,-0.181211,North,Barnet Hospital,4.47,Royal Free Hospital,7.12,Barnet Hospital,4.47,UCH (University College),10.67
N128TT,51.622236,-0.18043,North,Barnet Hospital,3.97,Royal Free Hospital,7.75,Barnet Hospital,3.97,UCH (University College),11.28
N128TU,51.611798,-0.178782,North,Barnet Hospital,5.0,Royal Free Hospital,6.58,Barnet Hospital,5.0,UCH (University College),10.13
N128TW,51.620959,-0.183312,North,Barnet Hospital,3.97,Royal Free Hospital,7.64,Barnet Hospital,3.97,UCH (University College),11.2
N128TX,51.611798,-0.178782,North,Barnet Hospital,5.0,Royal Free Hospital,6.58,Barnet Hospital,5.0,UCH (University College),10.13
N128TZ,51.612739,-0.177993,North,Barnet Hospital,4.94,Royal Free Hospital,6.68,Barnet Hospital,4.94,UCH (University College),10.22
N128UA,51.614471,-0.177231,North,Barnet Hospital,4.81,Royal Free Hospital,6.86,Barnet Hospital,4.81,UCH (University College),10.39
N128UB,51.617019,-0.177388,North,Barnet Hospital,4.56,Royal Free Hospital,7.14,Barnet Hospital,4.56,UCH (University College),10.66
N128UD,51.62278,-0.177201,North,Barnet Hospital,4.06,Royal Free Hospital,7.78,Barnet Hospital,4.06,UCH (University College),11.27
N128UE,51.622604,-0.179794,North,Barnet Hospital,3.97,Royal Free Hospital,7.78,Barnet Hospital,3.97,UCH (University College),11.3
N128UG,51.619886,-0.178458,North,Barnet Hospital,4.26,Royal Free Hospital,7.47,Barnet Hospital,4.26,UCH (University College),10.99
N128UH,51.61719,-0.178566,North,Barnet Hospital,4.5,Royal Free Hospital,7.17,Barnet Hospital,4.5,UCH (University College),10.7
N128UJ,51.619032,-0.181381,North,Barnet Hospital,4.22,Royal Free Hospital,7.4,Barnet Hospital,4.22,UCH (University College),10.95
N128UL,51.616439,-0.181211,North,Barnet Hospital,4.47,Royal Free Hospital,7.12,Barnet Hospital,4.47,UCH (University College),10.67
N128UN,51.613595,-0.17871,North,Barnet Hospital,4.83,Royal Free Hospital,6.78,Barnet Hospital,4.83,UCH (University College),10.32
N128UP,51.613595,-0.17871,North,Barnet Hospital,4.83,Royal Free Hospital,6.78,Barnet Hospital,4.83,UCH (University College),10.32
N128UQ,51.616899,-0.180672,North,Barnet Hospital,4.45,Royal Free Hospital,7.16,Barnet Hospital,4.45,UCH (University College),10.71
N128UR,51.61537,-0.177195,North,Barnet Hospital,4.72,Royal Free Hospital,6.96,Barnet Hospital,4.72,UCH (University College),10.48
N128US,51.616899,-0.180672,North,Barnet Hospital,4.45,Royal Free Hospital,7.16,Barnet Hospital,4.45,UCH (University College),10.71
N128UT,51.616899,-0.180672,North,Barnet Hospital,4.45,Royal Free Hospital,7.16,Barnet Hospital,4.45,UCH (University College),10.71
N128UU,51.616899,-0.180672,North,Barnet Hospital,4.45,Royal Free Hospital,7.16,Barnet Hospital,4.45,UCH (University College),10.71
N128UW,51.616899,-0.180672,North,Barnet Hospital,4.45,Royal Free Hospital,7.16,Barnet Hospital,4.45,UCH (University College),10.71
N128UX,51.616899,-0.180672,North,Barnet Hospital,4.45,Royal Free Hospital,7.16,Barnet Hospital,4.45,UCH (University College),10.71
N128UY,51.616899,-0.180672,North,Barnet Hospital,4.45,Royal Free Hospital,7.16,Barnet Hospital,4.45,UCH (University College),10.71
N128UZ,51.616854,-0.180703,North,Barnet Hospital,4.45,Royal Free Hospital,7.16,Barnet Hospital,4.45,UCH (University College),10.71
N128WA,51.616899,-0.180672,North,Barnet Hospital,4.45,Royal Free Hospital,7.16,Barnet Hospital,4.45,UCH (University College),10.71
N128WB,51.616854,-0.180703,North,Barnet Hospital,4.45,Royal Free Hospital,7.16,Barnet Hospital,4.45,UCH (University College),10.71
N128WD,51.616899,-0.180672,North,Barnet Hospital,4.45,Royal Free Hospital,7.16,Barnet Hospital,4.45,UCH (University College),10.71
N128WE,51.616899,-0.180672,North,Barnet Hospital,4.45,Royal Free Hospital,7.16,Barnet Hospital,4.45,UCH (University College),10.71
N128WF,51.616899,-0.180672,North,Barnet Hospital,4.45,Royal Free Hospital,7.16,Barnet Hospital,4.45,UCH (University College),10.71
N128WG,51.616854,-0.180703,North,Barnet Hospital,4.45,Royal Free Hospital,7.16,Barnet Hospital,4.45,UCH (University College),10.71
N128WH,51.616899,-0.180672,North,Barnet Hospital,4.45,Royal Free Hospital,7.16,Barnet Hospital,4.45,UCH (University College),10.71
N128WJ,51.616899,-0.180672,North,Barnet Hospital,4.45,Royal Free Hospital,7.16,Barnet Hospital,4.45,UCH (University College),10.71
N128WL,51.616899,-0.180672,North,Barnet Hospital,4.45,Royal Free Hospital,7.16,Barnet Hospital,4.45,UCH (University College),10.71
N128WN,51.616899,-0.180672,North,Barnet Hospital,4.45,Royal Free Hospital,7.16,Barnet Hospital,4.45,UCH (University College),10.71
N128WP,51.616899,-0.180672,North,Barnet Hospital,4.45,Royal Free Hospital,7.16,Barnet Hospital,4.45,UCH (University College),10.71
N128WQ,51.616899,-0.180672,North,Barnet Hospital,4.45,Royal Free Hospital,7.16,Barnet Hospital,4.45,UCH (University College),10.71
N128WR,51.616899,-0.180672,North,Barnet Hospital,4.45,Royal Free Hospital,7.16,Barnet Hospital,4.45,UCH (University College),10.71
N128WS,51.616899,-0.180672,North,Barnet Hospital,4.45,Royal Free Hospital,7.16,Barnet Hospital,4.45,UCH (University College),10.71
N128WT,51.616899,-0.180672,North,Barnet Hospital,4.45,Royal Free Hospital,7.16,Barnet Hospital,4.45,UCH (University College),10.71
N128WU,51.616899,-0.180672,North,Barnet Hospital,4.45,Royal Free Hospital,7.16,Barnet Hospital,4.45,UCH (University College),10.71
N128WW,51.616854,-0.180703,North,Barnet Hospital,4.45,Royal Free Hospital,7.16,Barnet Hospital,4.45,UCH (University College),10.71
N128WX,51.616899,-0.180672,North,Barnet Hospital,4.45,Royal Free Hospital,7.16,Barnet Hospital,4.45,UCH (University College),10.71
N128WY,51.616899,-0.180672,North,Barnet Hospital,4.45,Royal Free Hospital,7.16,Barnet Hospital,4.45,UCH (University College),10.71
N128WZ,51.616854,-0.180703,North,Barnet Hospital,4.45,Royal Free Hospital,7.16,Barnet Hospital,4.45,UCH (University College),10.71
N128XA,51.618139,-0.18003,North,Barnet Hospital,4.36,Royal Free Hospital,7.29,Barnet Hospital,4.36,UCH (University College),10.83
N128XB,51.612863,-0.17962,North,Barnet Hospital,4.87,Royal Free Hospital,6.71,Barnet Hospital,4.87,UCH (University College),10.26
N128XD,51.617303,-0.181234,North,Barnet Hospital,4.39,Royal Free Hospital,7.21,Barnet Hospital,4.39,UCH (University College),10.77
N128XE,51.616854,-0.180703,North,Barnet Hospital,4.45,Royal Free Hospital,7.16,Barnet Hospital,4.45,UCH (University College),10.71
N128XF,51.616899,-0.180672,North,Barnet Hospital,4.45,Royal Free Hospital,7.16,Barnet Hospital,4.45,UCH (University College),10.71
N128XG,51.616899,-0.180672,North,Barnet Hospital,4.45,Royal Free Hospital,7.16,Barnet Hospital,4.45,UCH (University College),10.71
N128XH,51.616899,-0.180672,North,Barnet Hospital,4.45,Royal Free Hospital,7.16,Barnet Hospital,4.45,UCH (University College),10.71
N128XJ,51.616899,-0.180672,North,Barnet Hospital,4.45,Royal Free Hospital,7.16,Barnet Hospital,4.45,UCH (University College),10.71
N128XL,51.616899,-0.180672,North,Barnet Hospital,4.45,Royal Free Hospital,7.16,Barnet Hospital,4.45,UCH (University College),10.71
N128XN,51.616899,-0.180672,North,Barnet Hospital,4.45,Royal Free Hospital,7.16,Barnet Hospital,4.45,UCH (University College),10.71
N128XP,51.616899,-0.180672,North,Barnet Hospital,4.45,Royal Free Hospital,7.16,Barnet Hospital,4.45,UCH (University College),10.71
N128XQ,51.616899,-0.180672,North,Barnet Hospital,4.45,Royal Free Hospital,7.16,Barnet Hospital,4.45,UCH (University College),10.71
N128XR,51.616899,-0.180672,North,Barnet Hospital,4.45,Royal Free Hospital,7.16,Barnet Hospital,4.45,UCH (University College),10.71
N128XS,51.616899,-0.180672,North,Barnet Hospital,4.45,Royal Free Hospital,7.16,Barnet Hospital,4.45,UCH (University College),10.71
N128XT,51.616854,-0.180703,North,Barnet Hospital,4.45,Royal Free Hospital,7.16,Barnet Hospital,4.45,UCH (University College),10.71
N128XU,51.616899,-0.180672,North,Barnet Hospital,4.45,Royal Free Hospital,7.16,Barnet Hospital,4.45,UCH (University College),10.71
N128XW,51.616899,-0.180672,North,Barnet Hospital,4.45,Royal Free Hospital,7.16,Barnet Hospital,4.45,UCH (University College),10.71
N128XX,51.616899,-0.180672,North,Barnet Hospital,4.45,Royal Free Hospital,7.16,Barnet Hospital,4.45,UCH (University College),10.71
N128XY,51.616899,-0.180672,North,Barnet Hospital,4.45,Royal Free Hospital,7.16,Barnet Hospital,4.45,UCH (University College),10.71
N128XZ,51.616899,-0.180672,North,Barnet Hospital,4.45,Royal Free Hospital,7.16,Barnet Hospital,4.45,UCH (University College),10.71
N128YA,51.616899,-0.180672,North,Barnet Hospital,4.45,Royal Free Hospital,7.16,Barnet Hospital,4.45,UCH (University College),10.71
N128YB,51.616899,-0.180672,North,Barnet Hospital,4.45,Royal Free Hospital,7.16,Barnet Hospital,4.45,UCH (University College),10.71
N128YD,51.616899,-0.180672,North,Barnet Hospital,4.45,Royal Free Hospital,7.16,Barnet Hospital,4.45,UCH (University College),10.71
N128YE,51.616899,-0.180672,North,Barnet Hospital,4.45,Royal Free Hospital,7.16,Barnet Hospital,4.45,UCH (University College),10.71
N128YF,51.616899,-0.180672,North,Barnet Hospital,4.45,Royal Free Hospital,7.16,Barnet Hospital,4.45,UCH (University College),10.71
N128YG,51.616899,-0.180672,North,Barnet Hospital,4.45,Royal Free Hospital,7.16,Barnet Hospital,4.45,UCH (University College),10.71
N128YH,51.616899,-0.180672,North,Barnet Hospital,4.45,Royal Free Hospital,7.16,Barnet Hospital,4.45,UCH (University College),10.71
N128YJ,51.616899,-0.180672,North,Barnet Hospital,4.45,Royal Free Hospital,7.16,Barnet Hospital,4.45,UCH (University College),10.71
N128YL,51.616854,-0.180703,North,Barnet Hospital,4.45,Royal Free Hospital,7.16,Barnet Hospital,4.45,UCH (University College),10.71
N128YN,51.616899,-0.180672,North,Barnet Hospital,4.45,Royal Free Hospital,7.16,Barnet Hospital,4.45,UCH (University College),10.71
N128YP,51.616899,-0.180672,North,Barnet Hospital,4.45,Royal Free Hospital,7.16,Barnet Hospital,4.45,UCH (University College),10.71
N128YQ,51.616899,-0.180672,North,Barnet Hospital,4.45,Royal Free Hospital,7.16,Barnet Hospital,4.45,UCH (University College),10.71
N128YR,51.616899,-0.180672,North,Barnet Hospital,4.45,Royal Free Hospital,7.16,Barnet Hospital,4.45,UCH (University College),10.71
N128YS,51.616899,-0.180672,North,Barnet Hospital,4.45,Royal Free Hospital,7.16,Barnet Hospital,4.45,UCH (University College),10.71
N128YT,51.616899,-0.180672,North,Barnet Hospital,4.45,Royal Free Hospital,7.16,Barnet Hospital,4.45,UCH (University College),10.71
N128YU,51.616899,-0.180672,North,Barnet Hospital,4.45,Royal Free Hospital,7.16,Barnet Hospital,4.45,UCH (University College),10.71
N128YW,51.616899,-0.180672,North,Barnet Hospital,4.45,Royal Free Hospital,7.16,Barnet Hospital,4.45,UCH (University College),10.71
N128YX,51.616899,-0.180672,North,Barnet Hospital,4.45,Royal Free Hospital,7.16,Barnet Hospital,4.45,UCH (University College),10.71
N128YY,51.616899,-0.180672,North,Barnet Hospital,4.45,Royal Free Hospital,7.16,Barnet Hospital,4.45,UCH (University College),10.71
N128YZ,51.616899,-0.180672,North,Barnet Hospital,4.45,Royal Free Hospital,7.16,Barnet Hospital,4.45,UCH (University College),10.71
N128ZA,51.616899,-0.180672,North,Barnet Hospital,4.45,Royal Free Hospital,7.16,Barnet Hospital,4.45,UCH (University College),10.71
N128ZB,51.616439,-0.181211,North,Barnet Hospital,4.47,Royal Free Hospital,7.12,Barnet Hospital,4.47,UCH (University College),10.67
N128ZD,51.616899,-0.180672,North,Barnet Hospital,4.45,Royal Free Hospital,7.16,Barnet Hospital,4.45,UCH (University College),10.71
N128ZE,51.616439,-0.181211,North,Barnet Hospital,4.47,Royal Free Hospital,7.12,Barnet Hospital,4.47,UCH (University College),10.67
N128ZF,51.616899,-0.180672,North,Barnet Hospital,4.45,Royal Free Hospital,7.16,Barnet Hospital,4.45,UCH (University College),10.71
N128ZG,51.616899,-0.180672,North,Barnet Hospital,4.45,Royal Free Hospital,7.16,Barnet Hospital,4.45,UCH (University College),10.71
N128ZH,51.616899,-0.180672,North,Barnet Hospital,4.45,Royal Free Hospital,7.16,Barnet Hospital,4.45,UCH (University College),10.71
N128ZJ,51.616899,-0.180672,North,Barnet Hospital,4.45,Royal Free Hospital,7.16,Barnet Hospital,4.45,UCH (University College),10.71
N128ZL,51.616899,-0.180672,North,Barnet Hospital,4.45,Royal Free Hospital,7.16,Barnet Hospital,4.45,UCH (University College),10.71
N128ZN,51.616899,-0.180672,North,Barnet Hospital,4.45,Royal Free Hospital,7.16,Barnet Hospital,4.45,UCH (University College),10.71
N128ZP,51.616439,-0.181211,North,Barnet Hospital,4.47,Royal Free Hospital,7.12,Barnet Hospital,4.47,UCH (University College),10.67
N128ZQ,51.616899,-0.180672,North,Barnet Hospital,4.45,Royal Free Hospital,7.16,Barnet Hospital,4.45,UCH (University College),10.71
N128ZR,51.616899,-0.180672,North,Barnet Hospital,4.45,Royal Free Hospital,7.16,Barnet Hospital,4.45,UCH (University College),10.71
N128ZS,51.616899,-0.180672,North,Barnet Hospital,4.45,Royal Free Hospital,7.16,Barnet Hospital,4.45,UCH (University College),10.71
N128ZT,51.616439,-0.181211,North,Barnet Hospital,4.47,Royal Free Hospital,7.12,Barnet Hospital,4.47,UCH (University College),10.67
N128ZU,51.616439,-0.181211,North,Barnet Hospital,4.47,Royal Free Hospital,7.12,Barnet Hospital,4.47,UCH (University College),10.67
N128ZW,51.616899,-0.180672,North,Barnet Hospital,4.45,Royal Free Hospital,7.16,Barnet Hospital,4.45,UCH (University College),10.71
N129AA,51.615805,-0.162993,North,Barnet Hospital,5.3,Royal Free Hospital,6.96,Barnet Hospital,5.3,UCH (University College),10.3
N129AB,51.616042,-0.162607,North,Barnet Hospital,5.29,Royal Free Hospital,6.99,Barnet Hospital,5.29,UCH (University College),10.32
N129AD,51.616558,-0.164017,North,Barnet Hospital,5.19,Royal Free Hospital,7.05,Barnet Hospital,5.19,UCH (University College),10.4
N129AE,51.616763,-0.164427,North,Barnet Hospital,5.15,Royal Free Hospital,7.07,Barnet Hospital,5.15,UCH (University College),10.42
N129AF,51.615618,-0.175798,North,Barnet Hospital,4.76,Royal Free Hospital,6.98,Barnet Hospital,4.76,UCH (University College),10.48
N129AG,51.61716,-0.165133,North,Barnet Hospital,5.08,Royal Free Hospital,7.11,Barnet Hospital,5.08,UCH (University College),10.48
N129AH,51.617609,-0.165058,North,Barnet Hospital,5.05,Royal Free Hospital,7.16,Barnet Hospital,5.05,UCH (University College),10.52
N129AJ,51.617729,-0.16472,North,Barnet Hospital,5.06,Royal Free Hospital,7.18,Barnet Hospital,5.06,UCH (University College),10.53
N129AL,51.617028,-0.160704,North,Barnet Hospital,5.31,Royal Free Hospital,7.1,Barnet Hospital,5.31,UCH (University College),10.41
N129AN,51.61688,-0.163325,North,Barnet Hospital,5.19,Royal Free Hospital,7.08,Barnet Hospital,5.19,UCH (University College),10.42
N129AP,51.616598,-0.160245,North,Barnet Hospital,5.36,Royal Free Hospital,7.06,Barnet Hospital,5.36,UCH (University College),10.35
N129AQ,51.617156,-0.164888,North,Barnet Hospital,5.1,Royal Free Hospital,7.11,Barnet Hospital,5.1,UCH (University College),10.47
N129AR,51.616256,-0.161385,North,Barnet Hospital,5.34,Royal Free Hospital,7.02,Barnet Hospital,5.34,UCH (University College),10.33
N129AS,51.615716,-0.160743,North,Barnet Hospital,5.41,Royal Free Hospital,6.96,Barnet Hospital,5.41,UCH (University College),10.26
N129AT,51.615462,-0.160045,North,Barnet Hospital,5.46,Royal Free Hospital,6.93,Barnet Hospital,5.46,UCH (University College),10.23
N129AW,51.616158,-0.16084,North,Barnet Hospital,5.37,Royal Free Hospital,7.01,Barnet Hospital,5.37,UCH (University College),10.31
N129AZ,51.616854,-0.180703,North,Barnet Hospital,4.45,Royal Free Hospital,7.16,Barnet Hospital,4.45,UCH (University College),10.71
N129BB,51.616224,-0.169664,North,Barnet Hospital,4.96,Royal Free Hospital,7.01,Barnet Hospital,4.96,UCH (University College),10.44
N129BF,51.614507,-0.176074,North,Barnet Hospital,4.85,Royal Free Hospital,6.86,Barnet Hospital,4.85,UCH (University College),10.37
N129BJ,51.616899,-0.180672,North,Barnet Hospital,4.45,Royal Free Hospital,7.16,Barnet Hospital,4.45,UCH (University College),10.71
N129BL,51.616071,-0.17487,North,Barnet Hospital,4.75,Royal Free Hospital,7.02,Barnet Hospital,4.75,UCH (University College),10.51
N129BN,51.616012,-0.176259,North,Barnet Hospital,4.7,Royal Free Hospital,7.02,Barnet Hospital,4.7,UCH (University College),10.53
N129BP,51.61537,-0.177195,North,Barnet Hospital,4.72,Royal Free Hospital,6.96,Barnet Hospital,4.72,UCH (University College),10.48
N129BQ,51.616224,-0.169664,North,Barnet Hospital,4.96,Royal Free Hospital,7.01,Barnet Hospital,4.96,UCH (University College),10.44
N129BS,51.61558,-0.176218,North,Barnet Hospital,4.74,Royal Free Hospital,6.98,Barnet Hospital,4.74,UCH (University College),10.48
N129BT,51.615574,-0.175843,North,Barnet Hospital,4.76,Royal Free Hospital,6.97,Barnet Hospital,4.76,UCH (University College),10.48
N129BU,51.616233,-0.169649,North,Barnet Hospital,4.96,Royal Free Hospital,7.02,Barnet Hospital,4.96,UCH (University College),10.44
N129BX,51.615574,-0.175843,North,Barnet Hospital,4.76,Royal Free Hospital,6.97,Barnet Hospital,4.76,UCH (University College),10.48
N129BY,51.615574,-0.175843,North,Barnet Hospital,4.76,Royal Free Hospital,6.97,Barnet Hospital,4.76,UCH (University College),10.48
N129BZ,51.616224,-0.169664,North,Barnet Hospital,4.96,Royal Free Hospital,7.01,Barnet Hospital,4.96,UCH (University College),10.44
N129DA,51.615658,-0.174309,North,Barnet Hospital,4.81,Royal Free Hospital,6.97,Barnet Hospital,4.81,UCH (University College),10.46
N129DB,51.615347,-0.175751,North,Barnet Hospital,4.78,Royal Free Hospital,6.95,Barnet Hospital,4.78,UCH (University College),10.45
N129DD,51.615692,-0.174798,North,Barnet Hospital,4.79,Royal Free Hospital,6.98,Barnet Hospital,4.79,UCH (University College),10.47
N129DE,51.616065,-0.175072,North,Barnet Hospital,4.74,Royal Free Hospital,7.02,Barnet Hospital,4.74,UCH (University College),10.52
N129DF,51.616899,-0.180672,North,Barnet Hospital,4.45,Royal Free Hospital,7.16,Barnet Hospital,4.45,UCH (University College),10.71
N129DG,51.616094,-0.174623,North,Barnet Hospital,4.76,Royal Free Hospital,7.02,Barnet Hospital,4.76,UCH (University College),10.51
N129DH,51.616092,-0.172182,North,Barnet Hospital,4.86,Royal Free Hospital,7.01,Barnet Hospital,4.86,UCH (University College),10.47
N129DJ,51.615279,-0.17077,North,Barnet Hospital,4.99,Royal Free Hospital,6.91,Barnet Hospital,4.99,UCH (University College),10.36
N129DL,51.615268,-0.170092,North,Barnet Hospital,5.02,Royal Free Hospital,6.91,Barnet Hospital,5.02,UCH (University College),10.34
N129DN,51.615644,-0.174598,North,Barnet Hospital,4.8,Royal Free Hospital,6.97,Barnet Hospital,4.8,UCH (University College),10.46
N129DP,51.615584,-0.172477,North,Barnet Hospital,4.89,Royal Free Hospital,6.95,Barnet Hospital,4.89,UCH (University College),10.42
N129DQ,51.616233,-0.169649,North,Barnet Hospital,4.96,Royal Free Hospital,7.02,Barnet Hospital,4.96,UCH (University College),10.44
N129DR,51.615294,-0.172344,North,Barnet Hospital,4.92,Royal Free Hospital,6.92,Barnet Hospital,4.92,UCH (University College),10.38
N129DS,51.614927,-0.173009,North,Barnet Hospital,4.93,Royal Free Hospital,6.88,Barnet Hospital,4.93,UCH (University College),10.36
N129DT,51.615085,-0.174476,North,Barnet Hospital,4.86,Royal Free Hospital,6.91,Barnet Hospital,4.86,UCH (University College),10.4
N129DU,51.614426,-0.174344,North,Barnet Hospital,4.92,Royal Free Hospital,6.84,Barnet Hospital,4.92,UCH (University College),10.33
N129DW,51.615662,-0.174034,North,Barnet Hospital,4.82,Royal Free Hospital,6.97,Barnet Hospital,4.82,UCH (University College),10.45
N129DX,51.61472,-0.174736,North,Barnet Hospital,4.88,Royal Free Hospital,6.87,Barnet Hospital,4.88,UCH (University College),10.37
N129DY,51.613059,-0.172001,North,Barnet Hospital,5.14,Royal Free Hospital,6.67,Barnet Hospital,5.14,UCH (University College),10.14
N129DZ,51.614854,-0.173489,North,Barnet Hospital,4.92,Royal Free Hospital,6.88,Barnet Hospital,4.92,UCH (University College),10.36
N129EA,51.614794,-0.172538,North,Barnet Hospital,4.96,Royal Free Hospital,6.87,Barnet Hospital,4.96,UCH (University College),10.33
N129EB,51.61276,-0.172417,North,Barnet Hospital,5.15,Royal Free Hospital,6.64,Barnet Hospital,5.15,UCH (University College),10.11
N129ED,51.613838,-0.1735,North,Barnet Hospital,5.01,Royal Free Hospital,6.77,Barnet Hospital,5.01,UCH (University College),10.25
N129EE,51.614165,-0.173733,North,Barnet Hospital,4.97,Royal Free Hospital,6.8,Barnet Hospital,4.97,UCH (University College),10.29
N129EF,51.614339,-0.173928,North,Barnet Hospital,4.95,Royal Free Hospital,6.82,Barnet Hospital,4.95,UCH (University College),10.31
N129EG,51.613585,-0.175172,North,Barnet Hospital,4.97,Royal Free Hospital,6.75,Barnet Hospital,4.97,UCH (University College),10.25
N129EH,51.61414,-0.175583,North,Barnet Hospital,4.9,Royal Free Hospital,6.81,Barnet Hospital,4.9,UCH (University College),10.32
N129EJ,51.621974,-0.175731,North,Barnet Hospital,4.2,Royal Free Hospital,7.68,Barnet Hospital,4.2,UCH (University College),11.16
N129EL,51.613812,-0.174152,North,Barnet Hospital,4.99,Royal Free Hospital,6.77,Barnet Hospital,4.99,UCH (University College),10.26
N129EN,51.612583,-0.174909,North,Barnet Hospital,5.07,Royal Free Hospital,6.64,Barnet Hospital,5.07,UCH (University College),10.14
N129EP,51.612884,-0.1752,North,Barnet Hospital,5.03,Royal Free Hospital,6.67,Barnet Hospital,5.03,UCH (University College),10.18
N129EQ,51.61496,-0.171664,North,Barnet Hospital,4.98,Royal Free Hospital,6.88,Barnet Hospital,4.98,UCH (University College),10.34
N129ER,51.613243,-0.174564,North,Barnet Hospital,5.02,Royal Free Hospital,6.71,Barnet Hospital,5.02,UCH (University College),10.2
N129ES,51.613153,-0.17399,North,Barnet Hospital,5.05,Royal Free Hospital,6.69,Barnet Hospital,5.05,UCH (University College),10.18
N129ET,51.612174,-0.172932,North,Barnet Hospital,5.18,Royal Free Hospital,6.58,Barnet Hospital,5.18,UCH (University College),10.06
N129EU,51.611708,-0.173008,North,Barnet Hospital,5.22,Royal Free Hospital,6.53,Barnet Hospital,5.22,UCH (University College),10.01
N129EX,51.611807,-0.171286,North,Barnet Hospital,5.28,Royal Free Hospital,6.53,Barnet Hospital,5.28,UCH (University College),9.99
N129FB,51.621998,-0.176105,North,Barnet Hospital,4.18,Royal Free Hospital,7.69,Barnet Hospital,4.18,UCH (University College),11.17
N129FZ,51.616899,-0.180672,North,Barnet Hospital,4.45,Royal Free Hospital,7.16,Barnet Hospital,4.45,UCH (University College),10.71
N129GZ,51.615187,-0.162555,North,Barnet Hospital,5.37,Royal Free Hospital,6.9,Barnet Hospital,5.37,UCH (University College),10.23
N129HA,51.612808,-0.170899,North,Barnet Hospital,5.21,Royal Free Hospital,6.64,Barnet Hospital,5.21,UCH (University College),10.09
N129HB,51.612667,-0.168218,North,Barnet Hospital,5.33,Royal Free Hospital,6.62,Barnet Hospital,5.33,UCH (University College),10.03
N129HE,51.613623,-0.163196,North,Barnet Hospital,5.47,Royal Free Hospital,6.72,Barnet Hospital,5.47,UCH (University College),10.06
N129HF,51.613639,-0.171111,North,Barnet Hospital,5.12,Royal Free Hospital,6.73,Barnet Hospital,5.12,UCH (University College),10.19
N129HG,51.615191,-0.163971,North,Barnet Hospital,5.3,Royal Free Hospital,6.89,Barnet Hospital,5.3,UCH (University College),10.25
N129HJ,51.613126,-0.171074,North,Barnet Hospital,5.17,Royal Free Hospital,6.67,Barnet Hospital,5.17,UCH (University College),10.13
N129HL,51.616134,-0.168497,North,Barnet Hospital,5.02,Royal Free Hospital,7.0,Barnet Hospital,5.02,UCH (University College),10.41
N129HN,51.613657,-0.169983,North,Barnet Hospital,5.17,Royal Free Hospital,6.73,Barnet Hospital,5.17,UCH (University College),10.17
N129HP,51.618522,-0.174598,North,Barnet Hospital,4.54,Royal Free Hospital,7.29,Barnet Hospital,4.54,UCH (University College),10.77
N129HQ,51.614246,-0.162795,North,Barnet Hospital,5.43,Royal Free Hospital,6.79,Barnet Hospital,5.43,UCH (University College),10.13
N129HR,51.61838,-0.17183,North,Barnet Hospital,4.68,Royal Free Hospital,7.26,Barnet Hospital,4.68,UCH (University College),10.71
N129HS,51.618047,-0.174733,North,Barnet Hospital,4.58,Royal Free Hospital,7.24,Barnet Hospital,4.58,UCH (University College),10.72
N129HT,51.618022,-0.172509,North,Barnet Hospital,4.68,Royal Free Hospital,7.22,Barnet Hospital,4.68,UCH (University College),10.68
N129HU,51.61825,-0.169856,North,Barnet Hospital,4.78,Royal Free Hospital,7.24,Barnet Hospital,4.78,UCH (University College),10.66
N129HW,51.619505,-0.174226,North,Barnet Hospital,4.48,Royal Free Hospital,7.4,Barnet Hospital,4.48,UCH (University College),10.87
N129HX,51.618707,-0.169737,North,Barnet Hospital,4.74,Royal Free Hospital,7.29,Barnet Hospital,4.74,UCH (University College),10.71
N129HY,51.61974,-0.170244,North,Barnet Hospital,4.63,Royal Free Hospital,7.41,Barnet Hospital,4.63,UCH (University College),10.83
N129HZ,51.619982,-0.174236,North,Barnet Hospital,4.43,Royal Free Hospital,7.45,Barnet Hospital,4.43,UCH (University College),10.92
N129JA,51.619972,-0.175334,North,Barnet Hospital,4.39,Royal Free Hospital,7.46,Barnet Hospital,4.39,UCH (University College),10.94
N129JB,51.619841,-0.175571,North,Barnet Hospital,4.39,Royal Free Hospital,7.44,Barnet Hospital,4.39,UCH (University College),10.93
N129JD,51.620048,-0.172688,North,Barnet Hospital,4.5,Royal Free Hospital,7.45,Barnet Hospital,4.5,UCH (University College),10.9
N129JE,51.619345,-0.170289,North,Barnet Hospital,4.67,Royal Free Hospital,7.36,Barnet Hospital,4.67,UCH (University College),10.79
N129JF,51.61892,-0.174163,North,Barnet Hospital,4.53,Royal Free Hospital,7.33,Barnet Hospital,4.53,UCH (University College),10.81
N129JG,51.620394,-0.174133,North,Barnet Hospital,4.4,Royal Free Hospital,7.5,Barnet Hospital,4.4,UCH (University College),10.96
N129JH,51.620847,-0.172049,North,Barnet Hospital,4.46,Royal Free Hospital,7.54,Barnet Hospital,4.46,UCH (University College),10.98
N129JJ,51.621062,-0.17139,North,Barnet Hospital,4.47,Royal Free Hospital,7.56,Barnet Hospital,4.47,UCH (University College),10.99
N129JL,51.621309,-0.17281,North,Barnet Hospital,4.39,Royal Free Hospital,7.59,Barnet Hospital,4.39,UCH (University College),11.04
N129JN,51.621174,-0.175171,North,Barnet Hospital,4.29,Royal Free Hospital,7.59,Barnet Hospital,4.29,UCH (University College),11.07
N129JP,51.621277,-0.174242,North,Barnet Hospital,4.32,Royal Free Hospital,7.59,Barnet Hospital,4.32,UCH (University College),11.06
N129JQ,51.616224,-0.169664,North,Barnet Hospital,4.96,Royal Free Hospital,7.01,Barnet Hospital,4.96,UCH (University College),10.44
N129JR,51.621531,-0.171472,North,Barnet Hospital,4.43,Royal Free Hospital,7.61,Barnet Hospital,4.43,UCH (University College),11.04
N129JS,51.620869,-0.174634,North,Barnet Hospital,4.34,Royal Free Hospital,7.55,Barnet Hospital,4.34,UCH (University College),11.02
N129JT,51.620967,-0.173388,North,Barnet Hospital,4.39,Royal Free Hospital,7.56,Barnet Hospital,4.39,UCH (University College),11.01
N129JU,51.614803,-0.164449,North,Barnet Hospital,5.31,Royal Free Hospital,6.85,Barnet Hospital,5.31,UCH (University College),10.21
N129JW,51.621408,-0.171709,North,Barnet Hospital,4.43,Royal Free Hospital,7.6,Barnet Hospital,4.43,UCH (University College),11.03
N129JX,51.621308,-0.173345,North,Barnet Hospital,4.36,Royal Free Hospital,7.59,Barnet Hospital,4.36,UCH (University College),11.05
N129JY,51.620847,-0.173754,North,Barnet Hospital,4.38,Royal Free Hospital,7.54,Barnet Hospital,4.38,UCH (University College),11.01
N129JZ,51.616233,-0.169649,North,Barnet Hospital,4.96,Royal Free Hospital,7.02,Barnet Hospital,4.96,UCH (University College),10.44
N129LA,51.615506,-0.171512,North,Barnet Hospital,4.94,Royal Free Hospital,6.94,Barnet Hospital,4.94,UCH (University College),10.39
N129LB,51.615473,-0.168206,North,Barnet Hospital,5.09,Royal Free Hospital,6.93,Barnet Hospital,5.09,UCH (University College),10.34
N129LD,51.615057,-0.168627,North,Barnet Hospital,5.1,Royal Free Hospital,6.88,Barnet Hospital,5.1,UCH (University College),10.3
N129LE,51.61484,-0.166859,North,Barnet Hospital,5.2,Royal Free Hospital,6.85,Barnet Hospital,5.2,UCH (University College),10.25
N129LF,51.615832,-0.164739,North,Barnet Hospital,5.21,Royal Free Hospital,6.96,Barnet Hospital,5.21,UCH (University College),10.33
N129LG,51.615217,-0.167956,North,Barnet Hospital,5.12,Royal Free Hospital,6.9,Barnet Hospital,5.12,UCH (University College),10.31
N129LH,51.615993,-0.167535,North,Barnet Hospital,5.07,Royal Free Hospital,6.98,Barnet Hospital,5.07,UCH (University College),10.38
N129LJ,51.616364,-0.166538,North,Barnet Hospital,5.08,Royal Free Hospital,7.02,Barnet Hospital,5.08,UCH (University College),10.41
N129LL,51.615597,-0.167551,North,Barnet Hospital,5.1,Royal Free Hospital,6.94,Barnet Hospital,5.1,UCH (University College),10.34
N129LN,51.615684,-0.166204,North,Barnet Hospital,5.16,Royal Free Hospital,6.95,Barnet Hospital,5.16,UCH (University College),10.33
N129LP,51.615592,-0.166641,North,Barnet Hospital,5.15,Royal Free Hospital,6.94,Barnet Hospital,5.15,UCH (University College),10.33
N129LQ,51.614336,-0.168569,North,Barnet Hospital,5.17,Royal Free Hospital,6.8,Barnet Hospital,5.17,UCH (University College),10.22
N129LR,51.616144,-0.165146,North,Barnet Hospital,5.17,Royal Free Hospital,7.0,Barnet Hospital,5.17,UCH (University College),10.37
N129LS,51.616043,-0.166132,North,Barnet Hospital,5.13,Royal Free Hospital,6.99,Barnet Hospital,5.13,UCH (University College),10.37
N129LT,51.616284,-0.164331,North,Barnet Hospital,5.19,Royal Free Hospital,7.02,Barnet Hospital,5.19,UCH (University College),10.37
N129LU,51.615955,-0.163998,North,Barnet Hospital,5.24,Royal Free Hospital,6.98,Barnet Hospital,5.24,UCH (University College),10.33
N129LW,51.616025,-0.167895,North,Barnet Hospital,5.05,Royal Free Hospital,6.99,Barnet Hospital,5.05,UCH (University College),10.39
N129LX,51.615754,-0.164887,North,Barnet Hospital,5.21,Royal Free Hospital,6.96,Barnet Hospital,5.21,UCH (University College),10.32
N129LY,51.615905,-0.164245,North,Barnet Hospital,5.23,Royal Free Hospital,6.97,Barnet Hospital,5.23,UCH (University College),10.33
N129LZ,51.616899,-0.180672,North,Barnet Hospital,4.45,Royal Free Hospital,7.16,Barnet Hospital,4.45,UCH (University College),10.71
N129NA,51.615326,-0.16515,North,Barnet Hospital,5.23,Royal Free Hospital,6.91,Barnet Hospital,5.23,UCH (University College),10.28
N129NB,51.615168,-0.16595,North,Barnet Hospital,5.21,Royal Free Hospital,6.89,Barnet Hospital,5.21,UCH (University College),10.27
N129ND,51.613016,-0.165763,North,Barnet Hospital,5.4,Royal Free Hospital,6.65,Barnet Hospital,5.4,UCH (University College),10.03
N129NE,51.613062,-0.16527,North,Barnet Hospital,5.42,Royal Free Hospital,6.66,Barnet Hospital,5.42,UCH (University College),10.03
N129NF,51.616854,-0.180703,North,Barnet Hospital,4.45,Royal Free Hospital,7.16,Barnet Hospital,4.45,UCH (University College),10.71
N129NH,51.613401,-0.164505,North,Barnet Hospital,5.43,Royal Free Hospital,6.69,Barnet Hospital,5.43,UCH (University College),10.06
N129NL,51.613465,-0.164011,North,Barnet Hospital,5.44,Royal Free Hospital,6.7,Barnet Hospital,5.44,UCH (University College),10.06
N129NP,51.614973,-0.165019,North,Barnet Hospital,5.27,Royal Free Hospital,6.87,Barnet Hospital,5.27,UCH (University College),10.24
N129NR,51.613686,-0.167224,North,Barnet Hospital,5.28,Royal Free Hospital,6.73,Barnet Hospital,5.28,UCH (University College),10.13
N129NS,51.616899,-0.180672,North,Barnet Hospital,4.45,Royal Free Hospital,7.16,Barnet Hospital,4.45,UCH (University College),10.71
N129NT,51.619064,-0.174764,North,Barnet Hospital,4.49,Royal Free Hospital,7.35,Barnet Hospital,4.49,UCH (University College),10.83
N129NU,51.618826,-0.17161,North,Barnet Hospital,4.65,Royal Free Hospital,7.31,Barnet Hospital,4.65,UCH (University College),10.75
N129NW,51.613682,-0.167541,North,Barnet Hospital,5.27,Royal Free Hospital,6.73,Barnet Hospital,5.27,UCH (University College),10.13
N129NX,51.619424,-0.175371,North,Barnet Hospital,4.43,Royal Free Hospital,7.4,Barnet Hospital,4.43,UCH (University College),10.88
N129NY,51.61924,-0.171666,North,Barnet Hospital,4.61,Royal Free Hospital,7.36,Barnet Hospital,4.61,UCH (University College),10.8
N129NZ,51.616854,-0.180703,North,Barnet Hospital,4.45,Royal Free Hospital,7.16,Barnet Hospital,4.45,UCH (University College),10.71
N129PA,51.619509,-0.175021,North,Barnet Hospital,4.44,Royal Free Hospital,7.4,Barnet Hospital,4.44,UCH (University College),10.88
N129PB,51.618738,-0.167092,North,Barnet Hospital,4.86,Royal Free Hospital,7.29,Barnet Hospital,4.86,UCH (University College),10.68
N129PD,51.619102,-0.167959,North,Barnet Hospital,4.79,Royal Free Hospital,7.33,Barnet Hospital,4.79,UCH (University College),10.73
N129PE,51.618342,-0.165924,North,Barnet Hospital,4.95,Royal Free Hospital,7.24,Barnet Hospital,4.95,UCH (University College),10.62
N129PF,51.617908,-0.166981,North,Barnet Hospital,4.94,Royal Free Hospital,7.2,Barnet Hospital,4.94,UCH (University College),10.58
N129PG,51.618086,-0.167378,North,Barnet Hospital,4.9,Royal Free Hospital,7.22,Barnet Hospital,4.9,UCH (University College),10.61
N129PH,51.618235,-0.165408,North,Barnet Hospital,4.98,Royal Free Hospital,7.23,Barnet Hospital,4.98,UCH (University College),10.6
N129PJ,51.617429,-0.167347,North,Barnet Hospital,4.96,Royal Free Hospital,7.14,Barnet Hospital,4.96,UCH (University College),10.54
N129PL,51.617486,-0.166435,North,Barnet Hospital,5.0,Royal Free Hospital,7.15,Barnet Hospital,5.0,UCH (University College),10.53
N129PN,51.616887,-0.168351,North,Barnet Hospital,4.96,Royal Free Hospital,7.08,Barnet Hospital,4.96,UCH (University College),10.49
N129PP,51.616661,-0.17057,North,Barnet Hospital,4.88,Royal Free Hospital,7.07,Barnet Hospital,4.88,UCH (University College),10.5
N129PQ,51.619374,-0.161808,North,Barnet Hospital,5.07,Royal Free Hospital,7.36,Barnet Hospital,5.07,UCH (University College),10.68
N129PR,51.617738,-0.168187,North,Barnet Hospital,4.9,Royal Free Hospital,7.18,Barnet Hospital,4.9,UCH (University College),10.58
N129PS,51.616899,-0.180672,North,Barnet Hospital,4.45,Royal Free Hospital,7.16,Barnet Hospital,4.45,UCH (University College),10.71
N129PT,51.612816,-0.175477,North,Barnet Hospital,5.03,Royal Free Hospital,6.67,Barnet Hospital,5.03,UCH (University College),10.18
N129PU,51.612565,-0.175487,North,Barnet Hospital,5.05,Royal Free Hospital,6.64,Barnet Hospital,5.05,UCH (University College),10.15
N129PW,51.616179,-0.171384,North,Barnet Hospital,4.89,Royal Free Hospital,7.02,Barnet Hospital,4.89,UCH (University College),10.46
N129PX,51.612916,-0.175545,North,Barnet Hospital,5.01,Royal Free Hospital,6.68,Barnet Hospital,5.01,UCH (University College),10.19
N129PY,51.613185,-0.175462,North,Barnet Hospital,4.99,Royal Free Hospital,6.71,Barnet Hospital,4.99,UCH (University College),10.21
N129PZ,51.616618,-0.17648,North,Barnet Hospital,4.64,Royal Free Hospital,7.09,Barnet Hospital,4.64,UCH (University College),10.6
N129QA,51.613131,-0.175464,North,Barnet Hospital,5.0,Royal Free Hospital,6.7,Barnet Hospital,5.0,UCH (University College),10.21
N129QB,51.612651,-0.175859,North,Barnet Hospital,5.03,Royal Free Hospital,6.65,Barnet Hospital,5.03,UCH (University College),10.16
N129QD,51.614037,-0.175876,North,Barnet Hospital,4.9,Royal Free Hospital,6.8,Barnet Hospital,4.9,UCH (University College),10.31
N129QE,51.614471,-0.177231,North,Barnet Hospital,4.81,Royal Free Hospital,6.86,Barnet Hospital,4.81,UCH (University College),10.39
N129QF,51.615995,-0.176303,North,Barnet Hospital,4.7,Royal Free Hospital,7.02,Barnet Hospital,4.7,UCH (University College),10.53
N129QG,51.614987,-0.176271,North,Barnet Hospital,4.79,Royal Free Hospital,6.91,Barnet Hospital,4.79,UCH (University College),10.42
N129QH,51.615545,-0.176335,North,Barnet Hospital,4.74,Royal Free Hospital,6.97,Barnet Hospital,4.74,UCH (University College),10.48
N129QJ,51.616269,-0.177159,North,Barnet Hospital,4.64,Royal Free Hospital,7.06,Barnet Hospital,4.64,UCH (University College),10.58
N129QL,51.613502,-0.175594,North,Barnet Hospital,4.96,Royal Free Hospital,6.74,Barnet Hospital,4.96,UCH (University College),10.25
N129QN,51.614471,-0.177231,North,Barnet Hospital,4.81,Royal Free Hospital,6.86,Barnet Hospital,4.81,UCH (University College),10.39
N129QQ,51.616899,-0.180672,North,Barnet Hospital,4.45,Royal Free Hospital,7.16,Barnet Hospital,4.45,UCH (University College),10.71
N129QR,51.616006,-0.176432,North,Barnet Hospital,4.69,Royal Free Hospital,7.03,Barnet Hospital,4.69,UCH (University College),10.53
N129QS,51.616899,-0.180672,North,Barnet Hospital,4.45,Royal Free Hospital,7.16,Barnet Hospital,4.45,UCH (University College),10.71
N129QT,51.616087,-0.176444,North,Barnet Hospital,4.69,Royal Free Hospital,7.03,Barnet Hospital,4.69,UCH (University College),10.54
N129QU,51.616501,-0.17647,North,Barnet Hospital,4.65,Royal Free Hospital,7.08,Barnet Hospital,4.65,UCH (University College),10.59
N129QW,51.614489,-0.176045,North,Barnet Hospital,4.85,Royal Free Hospital,6.85,Barnet Hospital,4.85,UCH (University College),10.36
N129QX,51.616456,-0.176458,North,Barnet Hospital,4.65,Royal Free Hospital,7.08,Barnet Hospital,4.65,UCH (University College),10.58
N129QY,51.617067,-0.176477,North,Barnet Hospital,4.6,Royal Free Hospital,7.14,Barnet Hospital,4.6,UCH (University College),10.65
N129QZ,51.616906,-0.176483,North,Barnet Hospital,4.61,Royal Free Hospital,7.13,Barnet Hospital,4.61,UCH (University College),10.63
N129RA,51.617328,-0.17648,North,Barnet Hospital,4.57,Royal Free Hospital,7.17,Barnet Hospital,4.57,UCH (University College),10.68
N129RB,51.617167,-0.177123,North,Barnet Hospital,4.56,Royal Free Hospital,7.16,Barnet Hospital,4.56,UCH (University College),10.67
N129RD,51.619868,-0.176162,North,Barnet Hospital,4.36,Royal Free Hospital,7.45,Barnet Hospital,4.36,UCH (University College),10.94
N129RE,51.617909,-0.176269,North,Barnet Hospital,4.53,Royal Free Hospital,7.23,Barnet Hospital,4.53,UCH (University College),10.74
N129RF,51.619643,-0.176171,North,Barnet Hospital,4.38,Royal Free Hospital,7.43,Barnet Hospital,4.38,UCH (University College),10.92
N129RG,51.619437,-0.176179,North,Barnet Hospital,4.4,Royal Free Hospital,7.4,Barnet Hospital,4.4,UCH (University College),10.9
N129RH,51.618873,-0.176361,North,Barnet Hospital,4.44,Royal Free Hospital,7.34,Barnet Hospital,4.44,UCH (University College),10.84
N129RJ,51.618066,-0.177087,North,Barnet Hospital,4.48,Royal Free Hospital,7.26,Barnet Hospital,4.48,UCH (University College),10.77
N129RL,51.618965,-0.177051,North,Barnet Hospital,4.4,Royal Free Hospital,7.36,Barnet Hospital,4.4,UCH (University College),10.86
N129RN,51.619671,-0.176242,North,Barnet Hospital,4.37,Royal Free Hospital,7.43,Barnet Hospital,4.37,UCH (University College),10.92
N129RR,51.620762,-0.176978,North,Barnet Hospital,4.25,Royal Free Hospital,7.56,Barnet Hospital,4.25,UCH (University College),11.05
N129RS,51.621627,-0.175947,North,Barnet Hospital,4.22,Royal Free Hospital,7.64,Barnet Hospital,4.22,UCH (University College),11.13
N129RT,51.621299,-0.176249,North,Barnet Hospital,4.23,Royal Free Hospital,7.61,Barnet Hospital,4.23,UCH (University College),11.1
N129RU,51.622013,-0.175296,North,Barnet Hospital,4.21,Royal Free Hospital,7.68,Barnet Hospital,4.21,UCH (University College),11.16
N129RW,51.620617,-0.176349,North,Barnet Hospital,4.29,Royal Free Hospital,7.53,Barnet Hospital,4.29,UCH (University College),11.03
N129RX,51.621596,-0.176252,North,Barnet Hospital,4.21,Royal Free Hospital,7.64,Barnet Hospital,4.21,UCH (University College),11.13
N129RY,51.62197,-0.176049,North,Barnet Hospital,4.18,Royal Free Hospital,7.68,Barnet Hospital,4.18,UCH (University College),11.17
N129SA,51.618965,-0.177051,North,Barnet Hospital,4.4,Royal Free Hospital,7.36,Barnet Hospital,4.4,UCH (University College),10.86
N129SB,51.619671,-0.176242,North,Barnet Hospital,4.37,Royal Free Hospital,7.43,Barnet Hospital,4.37,UCH (University College),10.92
N129SD,51.620762,-0.176978,North,Barnet Hospital,4.25,Royal Free Hospital,7.56,Barnet Hospital,4.25,UCH (University College),11.05
N129SE,51.618965,-0.177051,North,Barnet Hospital,4.4,Royal Free Hospital,7.36,Barnet Hospital,4.4,UCH (University College),10.86
N129SG,51.616233,-0.169649,North,Barnet Hospital,4.96,Royal Free Hospital,7.02,Barnet Hospital,4.96,UCH (University College),10.44
N129SH,51.621998,-0.176105,North,Barnet Hospital,4.18,Royal Free Hospital,7.69,Barnet Hospital,4.18,UCH (University College),11.17
N129SJ,51.616899,-0.180672,North,Barnet Hospital,4.45,Royal Free Hospital,7.16,Barnet Hospital,4.45,UCH (University College),10.71
N129SL,51.620762,-0.176978,North,Barnet Hospital,4.25,Royal Free Hospital,7.56,Barnet Hospital,4.25,UCH (University College),11.05
N129SP,51.616555,-0.176468,North,Barnet Hospital,4.64,Royal Free Hospital,7.09,Barnet Hospital,4.64,UCH (University College),10.59
N129SQ,51.616224,-0.169664,North,Barnet Hospital,4.96,Royal Free Hospital,7.01,Barnet Hospital,4.96,UCH (University College),10.44
N129SR,51.617004,-0.176479,North,Barnet Hospital,4.6,Royal Free Hospital,7.14,Barnet Hospital,4.6,UCH (University College),10.64
N129SS,51.617033,-0.175438,North,Barnet Hospital,4.64,Royal Free Hospital,7.13,Barnet Hospital,4.64,UCH (University College),10.63
N129ST,51.617666,-0.174488,North,Barnet Hospital,4.62,Royal Free Hospital,7.2,Barnet Hospital,4.62,UCH (University College),10.68
N129SU,51.617145,-0.175679,North,Barnet Hospital,4.62,Royal Free Hospital,7.15,Barnet Hospital,4.62,UCH (University College),10.64
N129SW,51.621661,-0.176942,North,Barnet Hospital,4.17,Royal Free Hospital,7.65,Barnet Hospital,4.17,UCH (University College),11.15
N129SZ,51.616269,-0.177159,North,Barnet Hospital,4.64,Royal Free Hospital,7.06,Barnet Hospital,4.64,UCH (University College),10.58
N129TA,51.616436,-0.174624,North,Barnet Hospital,4.73,Royal Free Hospital,7.06,Barnet Hospital,4.73,UCH (University College),10.55
N129TB,51.616648,-0.174977,North,Barnet Hospital,4.7,Royal Free Hospital,7.09,Barnet Hospital,4.7,UCH (University College),10.58
N129TD,51.616607,-0.175773,North,Barnet Hospital,4.67,Royal Free Hospital,7.09,Barnet Hospital,4.67,UCH (University College),10.59
N129TE,51.616685,-0.174441,North,Barnet Hospital,4.71,Royal Free Hospital,7.09,Barnet Hospital,4.71,UCH (University College),10.57
N129TG,51.616708,-0.174194,North,Barnet Hospital,4.72,Royal Free Hospital,7.09,Barnet Hospital,4.72,UCH (University College),10.57
N129TH,51.616714,-0.173992,North,Barnet Hospital,4.73,Royal Free Hospital,7.09,Barnet Hospital,4.73,UCH (University College),10.57
N129TJ,51.61671,-0.173761,North,Barnet Hospital,4.74,Royal Free Hospital,7.09,Barnet Hospital,4.74,UCH (University College),10.56
N129TL,51.617424,-0.173385,North,Barnet Hospital,4.69,Royal Free Hospital,7.16,Barnet Hospital,4.69,UCH (University College),10.63
N129TP,51.61734,-0.172074,North,Barnet Hospital,4.76,Royal Free Hospital,7.15,Barnet Hospital,4.76,UCH (University College),10.6
N129TR,51.617121,-0.173542,North,Barnet Hospital,4.71,Royal Free Hospital,7.13,Barnet Hospital,4.71,UCH (University College),10.6
N129TS,51.617391,-0.172419,North,Barnet Hospital,4.74,Royal Free Hospital,7.15,Barnet Hospital,4.74,UCH (University College),10.61
N129TT,51.617525,-0.170622,North,Barnet Hospital,4.8,Royal Free Hospital,7.16,Barnet Hospital,4.8,UCH (University College),10.6
N129TU,51.616704,-0.171074,North,Barnet Hospital,4.85,Royal Free Hospital,7.07,Barnet Hospital,4.85,UCH (University College),10.52
N129TX,51.616574,-0.171368,North,Barnet Hospital,4.85,Royal Free Hospital,7.06,Barnet Hospital,4.85,UCH (University College),10.51
N129TY,51.616043,-0.171361,North,Barnet Hospital,4.9,Royal Free Hospital,7.0,Barnet Hospital,4.9,UCH (University College),10.45
N129UA,51.615867,-0.170415,North,Barnet Hospital,4.96,Royal Free Hospital,6.98,Barnet Hospital,4.96,UCH (University College),10.41
N129UB,51.616455,-0.170102,North,Barnet Hospital,4.92,Royal Free Hospital,7.04,Barnet Hospital,4.92,UCH (University College),10.47
N129UD,51.615959,-0.169385,North,Barnet Hospital,4.99,Royal Free Hospital,6.98,Barnet Hospital,4.99,UCH (University College),10.41
N129UE,51.616062,-0.169107,North,Barnet Hospital,5.0,Royal Free Hospital,6.99,Barnet Hospital,5.0,UCH (University College),10.41
N129UF,51.616233,-0.169649,North,Barnet Hospital,4.96,Royal Free Hospital,7.02,Barnet Hospital,4.96,UCH (University College),10.44
N129UG,51.615945,-0.168519,North,Barnet Hospital,5.03,Royal Free Hospital,6.98,Barnet Hospital,5.03,UCH (University College),10.39
N129UH,51.615387,-0.169611,North,Barnet Hospital,5.03,Royal Free Hospital,6.92,Barnet Hospital,5.03,UCH (University College),10.35
N129UJ,51.616179,-0.171384,North,Barnet Hospital,4.89,Royal Free Hospital,7.02,Barnet Hospital,4.89,UCH (University College),10.46
N129UL,51.615612,-0.173689,North,Barnet Hospital,4.84,Royal Free Hospital,6.96,Barnet Hospital,4.84,UCH (University College),10.44
N129UP,51.619863,-0.177015,North,Barnet Hospital,4.32,Royal Free Hospital,7.46,Barnet Hospital,4.32,UCH (University College),10.96
N129UR,51.620762,-0.176978,North,Barnet Hospital,4.25,Royal Free Hospital,7.56,Barnet Hospital,4.25,UCH (University College),11.05
N129UT,51.616899,-0.180672,North,Barnet Hospital,4.45,Royal Free Hospital,7.16,Barnet Hospital,4.45,UCH (University College),10.71
N129UU,51.616899,-0.180672,North,Barnet Hospital,4.45,Royal Free Hospital,7.16,Barnet Hospital,4.45,UCH (University College),10.71
N129UW,51.61563,-0.173674,North,Barnet Hospital,4.84,Royal Free Hospital,6.97,Barnet Hospital,4.84,UCH (University College),10.44
N129UX,51.616899,-0.180672,North,Barnet Hospital,4.45,Royal Free Hospital,7.16,Barnet Hospital,4.45,UCH (University College),10.71
N129UY,51.616899,-0.180672,North,Barnet Hospital,4.45,Royal Free Hospital,7.16,Barnet Hospital,4.45,UCH (University College),10.71
N129UZ,51.616899,-0.180672,North,Barnet Hospital,4.45,Royal Free Hospital,7.16,Barnet Hospital,4.45,UCH (University College),10.71
N129WA,51.616899,-0.180672,North,Barnet Hospital,4.45,Royal Free Hospital,7.16,Barnet Hospital,4.45,UCH (University College),10.71
N129WB,51.616899,-0.180672,North,Barnet Hospital,4.45,Royal Free Hospital,7.16,Barnet Hospital,4.45,UCH (University College),10.71
N129WD,51.616899,-0.180672,North,Barnet Hospital,4.45,Royal Free Hospital,7.16,Barnet Hospital,4.45,UCH (University College),10.71
N129WE,51.616899,-0.180672,North,Barnet Hospital,4.45,Royal Free Hospital,7.16,Barnet Hospital,4.45,UCH (University College),10.71
N129WF,51.616899,-0.180672,North,Barnet Hospital,4.45,Royal Free Hospital,7.16,Barnet Hospital,4.45,UCH (University College),10.71
N129WG,51.616899,-0.180672,North,Barnet Hospital,4.45,Royal Free Hospital,7.16,Barnet Hospital,4.45,UCH (University College),10.71
N129WH,51.616233,-0.169649,North,Barnet Hospital,4.96,Royal Free Hospital,7.02,Barnet Hospital,4.96,UCH (University College),10.44
N129WJ,51.616233,-0.169649,North,Barnet Hospital,4.96,Royal Free Hospital,7.02,Barnet Hospital,4.96,UCH (University College),10.44
N129WL,51.616899,-0.180672,North,Barnet Hospital,4.45,Royal Free Hospital,7.16,Barnet Hospital,4.45,UCH (University College),10.71
N129WN,51.616899,-0.180672,North,Barnet Hospital,4.45,Royal Free Hospital,7.16,Barnet Hospital,4.45,UCH (University College),10.71
N129WP,51.616899,-0.180672,North,Barnet Hospital,4.45,Royal Free Hospital,7.16,Barnet Hospital,4.45,UCH (University College),10.71
N129WQ,51.616233,-0.169649,North,Barnet Hospital,4.96,Royal Free Hospital,7.02,Barnet Hospital,4.96,UCH (University College),10.44
N129WR,51.616899,-0.180672,North,Barnet Hospital,4.45,Royal Free Hospital,7.16,Barnet Hospital,4.45,UCH (University College),10.71
N129WS,51.616233,-0.169649,North,Barnet Hospital,4.96,Royal Free Hospital,7.02,Barnet Hospital,4.96,UCH (University College),10.44
N129WT,51.616854,-0.180703,North,Barnet Hospital,4.45,Royal Free Hospital,7.16,Barnet Hospital,4.45,UCH (University College),10.71
N129WU,51.616899,-0.180672,North,Barnet Hospital,4.45,Royal Free Hospital,7.16,Barnet Hospital,4.45,UCH (University College),10.71
N129WW,51.616233,-0.169649,North,Barnet Hospital,4.96,Royal Free Hospital,7.02,Barnet Hospital,4.96,UCH (University College),10.44
N129WX,51.616854,-0.180703,North,Barnet Hospital,4.45,Royal Free Hospital,7.16,Barnet Hospital,4.45,UCH (University College),10.71
N129WY,51.616899,-0.180672,North,Barnet Hospital,4.45,Royal Free Hospital,7.16,Barnet Hospital,4.45,UCH (University College),10.71
N129WZ,51.616899,-0.180672,North,Barnet Hospital,4.45,Royal Free Hospital,7.16,Barnet Hospital,4.45,UCH (University College),10.71
N129XA,51.621234,-0.176136,North,Barnet Hospital,4.24,Royal Free Hospital,7.6,Barnet Hospital,4.24,UCH (University College),11.09
N129XB,51.616899,-0.180672,North,Barnet Hospital,4.45,Royal Free Hospital,7.16,Barnet Hospital,4.45,UCH (University College),10.71
N129XD,51.616899,-0.180672,North,Barnet Hospital,4.45,Royal Free Hospital,7.16,Barnet Hospital,4.45,UCH (University College),10.71
N129XE,51.616899,-0.180672,North,Barnet Hospital,4.45,Royal Free Hospital,7.16,Barnet Hospital,4.45,UCH (University College),10.71
N129XF,51.616899,-0.180672,North,Barnet Hospital,4.45,Royal Free Hospital,7.16,Barnet Hospital,4.45,UCH (University College),10.71
N129XG,51.616899,-0.180672,North,Barnet Hospital,4.45,Royal Free Hospital,7.16,Barnet Hospital,4.45,UCH (University College),10.71
N129XH,51.616899,-0.180672,North,Barnet Hospital,4.45,Royal Free Hospital,7.16,Barnet Hospital,4.45,UCH (University College),10.71
N129XJ,51.616899,-0.180672,North,Barnet Hospital,4.45,Royal Free Hospital,7.16,Barnet Hospital,4.45,UCH (University College),10.71
N129XL,51.616899,-0.180672,North,Barnet Hospital,4.45,Royal Free Hospital,7.16,Barnet Hospital,4.45,UCH (University College),10.71
N129XN,51.61355,-0.175823,North,Barnet Hospital,4.94,Royal Free Hospital,6.75,Barnet Hospital,4.94,UCH (University College),10.26
N129XP,51.616899,-0.180672,North,Barnet Hospital,4.45,Royal Free Hospital,7.16,Barnet Hospital,4.45,UCH (University College),10.71
N129XQ,51.616899,-0.180672,North,Barnet Hospital,4.45,Royal Free Hospital,7.16,Barnet Hospital,4.45,UCH (University College),10.71
N129XR,51.616899,-0.180672,North,Barnet Hospital,4.45,Royal Free Hospital,7.16,Barnet Hospital,4.45,UCH (University College),10.71
N129XS,51.616899,-0.180672,North,Barnet Hospital,4.45,Royal Free Hospital,7.16,Barnet Hospital,4.45,UCH (University College),10.71
N129XT,51.616899,-0.180672,North,Barnet Hospital,4.45,Royal Free Hospital,7.16,Barnet Hospital,4.45,UCH (University College),10.71
N129XU,51.616899,-0.180672,North,Barnet Hospital,4.45,Royal Free Hospital,7.16,Barnet Hospital,4.45,UCH (University College),10.71
N129XW,51.616899,-0.180672,North,Barnet Hospital,4.45,Royal Free Hospital,7.16,Barnet Hospital,4.45,UCH (University College),10.71
N129XX,51.616899,-0.180672,North,Barnet Hospital,4.45,Royal Free Hospital,7.16,Barnet Hospital,4.45,UCH (University College),10.71
N129XY,51.616899,-0.180672,North,Barnet Hospital,4.45,Royal Free Hospital,7.16,Barnet Hospital,4.45,UCH (University College),10.71
N129XZ,51.616899,-0.180672,North,Barnet Hospital,4.45,Royal Free Hospital,7.16,Barnet Hospital,4.45,UCH (University College),10.71
N129YA,51.622017,-0.176134,North,Barnet Hospital,4.18,Royal Free Hospital,7.69,Barnet Hospital,4.18,UCH (University College),11.17
N129YB,51.622017,-0.176134,North,Barnet Hospital,4.18,Royal Free Hospital,7.69,Barnet Hospital,4.18,UCH (University College),11.17
N129YD,51.616899,-0.180672,North,Barnet Hospital,4.45,Royal Free Hospital,7.16,Barnet Hospital,4.45,UCH (University College),10.71
N129YE,51.616899,-0.180672,North,Barnet Hospital,4.45,Royal Free Hospital,7.16,Barnet Hospital,4.45,UCH (University College),10.71
N129YF,51.616899,-0.180672,North,Barnet Hospital,4.45,Royal Free Hospital,7.16,Barnet Hospital,4.45,UCH (University College),10.71
N129YG,51.616899,-0.180672,North,Barnet Hospital,4.45,Royal Free Hospital,7.16,Barnet Hospital,4.45,UCH (University College),10.71
N129YH,51.616899,-0.180672,North,Barnet Hospital,4.45,Royal Free Hospital,7.16,Barnet Hospital,4.45,UCH (University College),10.71
N129YJ,51.616899,-0.180672,North,Barnet Hospital,4.45,Royal Free Hospital,7.16,Barnet Hospital,4.45,UCH (University College),10.71
N129YL,51.616899,-0.180672,North,Barnet Hospital,4.45,Royal Free Hospital,7.16,Barnet Hospital,4.45,UCH (University College),10.71
N129YN,51.616854,-0.180703,North,Barnet Hospital,4.45,Royal Free Hospital,7.16,Barnet Hospital,4.45,UCH (University College),10.71
N129YP,51.622017,-0.176134,North,Barnet Hospital,4.18,Royal Free Hospital,7.69,Barnet Hospital,4.18,UCH (University College),11.17
N129YQ,51.616854,-0.180703,North,Barnet Hospital,4.45,Royal Free Hospital,7.16,Barnet Hospital,4.45,UCH (University College),10.71
N129YR,51.616899,-0.180672,North,Barnet Hospital,4.45,Royal Free Hospital,7.16,Barnet Hospital,4.45,UCH (University College),10.71
N129YS,51.616899,-0.180672,North,Barnet Hospital,4.45,Royal Free Hospital,7.16,Barnet Hospital,4.45,UCH (University College),10.71
N129YZ,51.616899,-0.180672,North,Barnet Hospital,4.45,Royal Free Hospital,7.16,Barnet Hospital,4.45,UCH (University College),10.71
N129ZA,51.616899,-0.180672,North,Barnet Hospital,4.45,Royal Free Hospital,7.16,Barnet Hospital,4.45,UCH (University College),10.71
N129ZB,51.616899,-0.180672,North,Barnet Hospital,4.45,Royal Free Hospital,7.16,Barnet Hospital,4.45,UCH (University College),10.71
N129ZD,51.616899,-0.180672,North,Barnet Hospital,4.45,Royal Free Hospital,7.16,Barnet Hospital,4.45,UCH (University College),10.71
N129ZE,51.616854,-0.180703,North,Barnet Hospital,4.45,Royal Free Hospital,7.16,Barnet Hospital,4.45,UCH (University College),10.71
N129ZF,51.616899,-0.180672,North,Barnet Hospital,4.45,Royal Free Hospital,7.16,Barnet Hospital,4.45,UCH (University College),10.71
N129ZG,51.616899,-0.180672,North,Barnet Hospital,4.45,Royal Free Hospital,7.16,Barnet Hospital,4.45,UCH (University College),10.71
N129ZH,51.616899,-0.180672,North,Barnet Hospital,4.45,Royal Free Hospital,7.16,Barnet Hospital,4.45,UCH (University College),10.71
N129ZJ,51.616899,-0.180672,North,Barnet Hospital,4.45,Royal Free Hospital,7.16,Barnet Hospital,4.45,UCH (University College),10.71
N129ZL,51.616899,-0.180672,North,Barnet Hospital,4.45,Royal Free Hospital,7.16,Barnet Hospital,4.45,UCH (University College),10.71
N129ZN,51.616899,-0.180672,North,Barnet Hospital,4.45,Royal Free Hospital,7.16,Barnet Hospital,4.45,UCH (University College),10.71
N129ZP,51.616899,-0.180672,North,Barnet Hospital,4.45,Royal Free Hospital,7.16,Barnet Hospital,4.45,UCH (University College),10.71
N129ZQ,51.616899,-0.180672,North,Barnet Hospital,4.45,Royal Free Hospital,7.16,Barnet Hospital,4.45,UCH (University College),10.71
N129ZR,51.616899,-0.180672,North,Barnet Hospital,4.45,Royal Free Hospital,7.16,Barnet Hospital,4.45,UCH (University College),10.71
N129ZS,51.616899,-0.180672,North,Barnet Hospital,4.45,Royal Free Hospital,7.16,Barnet Hospital,4.45,UCH (University College),10.71
N129ZT,51.616854,-0.180703,North,Barnet Hospital,4.45,Royal Free Hospital,7.16,Barnet Hospital,4.45,UCH (University College),10.71
N129ZU,51.616854,-0.180703,North,Barnet Hospital,4.45,Royal Free Hospital,7.16,Barnet Hospital,4.45,UCH (University College),10.71
N129ZW,51.616899,-0.180672,North,Barnet Hospital,4.45,Royal Free Hospital,7.16,Barnet Hospital,4.45,UCH (University College),10.71
N144AA,51.641933,-0.142222,North,Barnet Hospital,5.13,Royal Free Hospital,10.0,Barnet Hospital,5.13,Homerton University,12.11
N144AB,51.642305,-0.142959,North,Barnet Hospital,5.07,Royal Free Hospital,10.03,Barnet Hospital,5.07,Homerton University,12.17
N144AD,51.64335,-0.14137,North,Barnet Hospital,5.16,Royal Free Hospital,10.16,Barnet Hospital,5.16,Homerton University,12.21
N144AE,51.642754,-0.137838,North,Barnet Hospital,5.41,Royal Free Hospital,10.14,Barnet Hospital,5.41,Homerton University,12.03
N144AG,51.64387,-0.136159,North,Barnet Hospital,5.51,Royal Free Hospital,10.28,Barnet Hospital,5.51,Homerton University,12.07
N144AL,51.643,-0.137452,North,Barnet Hospital,5.43,Royal Free Hospital,10.17,Barnet Hospital,5.43,Homerton University,12.03
N144AN,51.644363,-0.138914,North,Barnet Hospital,5.31,Royal Free Hospital,10.3,Barnet Hospital,5.31,Homerton University,12.22
N144AP,51.644211,-0.136724,North,Barnet Hospital,5.46,Royal Free Hospital,10.31,Barnet Hospital,5.46,Homerton University,12.12
N144AQ,51.646537,-0.134243,North,Barnet Hospital,5.6,Royal Free Hospital,10.6,Barnet Hospital,5.6,Homerton University,12.26
N144AR,51.643463,-0.138879,North,Barnet Hospital,5.33,Royal Free Hospital,10.2,Barnet Hospital,5.33,Homerton University,12.13
N144AS,51.645255,-0.137302,North,Barnet Hospital,5.41,Royal Free Hospital,10.42,Barnet Hospital,5.41,Homerton University,12.24
N144AT,51.644745,-0.138075,North,Barnet Hospital,5.36,Royal Free Hospital,10.35,Barnet Hospital,5.36,Homerton University,12.22
N144AU,51.64454,-0.137014,North,Barnet Hospital,5.44,Royal Free Hospital,10.34,Barnet Hospital,5.44,Homerton University,12.17
N144AW,51.645339,-0.136923,North,Barnet Hospital,5.43,Royal Free Hospital,10.43,Barnet Hospital,5.43,Homerton University,12.24
N144AX,51.645533,-0.134993,North,Barnet Hospital,5.56,Royal Free Hospital,10.48,Barnet Hospital,5.56,Homerton University,12.19
N144AY,51.646082,-0.135606,North,Barnet Hospital,5.52,Royal Free Hospital,10.53,Barnet Hospital,5.52,Homerton University,12.26
N144AZ,51.644982,-0.136562,North,Barnet Hospital,5.46,Royal Free Hospital,10.4,Barnet Hospital,5.46,Homerton University,12.19
N144BA,51.646788,-0.134797,North,Barnet Hospital,5.56,Royal Free Hospital,10.62,Barnet Hospital,5.56,Homerton University,12.3
N144BB,51.646166,-0.134678,North,Barnet Hospital,5.58,Royal Free Hospital,10.55,Barnet Hospital,5.58,Homerton University,12.24
N144BP,51.645635,-0.135798,North,Barnet Hospital,5.51,Royal Free Hospital,10.48,Barnet Hospital,5.51,Homerton University,12.23
N144EY,51.646986,-0.134239,North,Barnet Hospital,5.6,Royal Free Hospital,10.65,Barnet Hospital,5.6,Homerton University,12.3
N144FW,51.645924,-0.136436,North,Barnet Hospital,5.46,Royal Free Hospital,10.5,Barnet Hospital,5.46,Homerton University,12.28
N144FX,51.640395,-0.142748,North,Barnet Hospital,5.13,Royal Free Hospital,9.82,Barnet Hospital,5.13,Homerton University,11.99
N144HA,51.646034,-0.137111,North,Barnet Hospital,5.41,Royal Free Hospital,10.51,Barnet Hospital,5.41,Homerton University,12.31
N144HB,51.645593,-0.137664,North,Barnet Hospital,5.38,Royal Free Hospital,10.45,Barnet Hospital,5.38,Homerton University,12.29
N144HD,51.645635,-0.138588,North,Barnet Hospital,5.32,Royal Free Hospital,10.44,Barnet Hospital,5.32,Homerton University,12.33
N144HE,51.64514,-0.138608,North,Barnet Hospital,5.32,Royal Free Hospital,10.39,Barnet Hospital,5.32,Homerton University,12.28
N144HF,51.645358,-0.139856,North,Barnet Hospital,5.23,Royal Free Hospital,10.4,Barnet Hospital,5.23,Homerton University,12.35
N144HG,51.645357,-0.140333,North,Barnet Hospital,5.2,Royal Free Hospital,10.39,Barnet Hospital,5.2,Homerton University,12.36
N144HH,51.644835,-0.140355,North,Barnet Hospital,5.21,Royal Free Hospital,10.34,Barnet Hospital,5.21,Homerton University,12.31
N144HJ,51.644807,-0.141411,North,Barnet Hospital,5.13,Royal Free Hospital,10.32,Barnet Hospital,5.13,Homerton University,12.35
N144HL,51.645128,-0.142337,North,Barnet Hospital,5.07,Royal Free Hospital,10.35,Barnet Hospital,5.07,Homerton University,12.41
N144HN,51.643088,-0.14589,North,Barnet Hospital,4.86,Royal Free Hospital,10.09,Barnet Hospital,4.86,Homerton University,12.36
N144HP,51.645725,-0.145984,North,Barnet Hospital,4.81,Royal Free Hospital,10.38,Barnet Hospital,4.81,Homerton University,12.61
N144HQ,51.645504,-0.139446,North,Barnet Hospital,5.26,Royal Free Hospital,10.42,Barnet Hospital,5.26,Homerton University,12.34
N144HR,51.645596,-0.144082,North,Barnet Hospital,4.94,Royal Free Hospital,10.38,Barnet Hospital,4.94,Homerton University,12.52
N144HS,51.645753,-0.140953,North,Barnet Hospital,5.15,Royal Free Hospital,10.43,Barnet Hospital,5.15,Homerton University,12.42
N144HT,51.646227,-0.13852,North,Barnet Hospital,5.31,Royal Free Hospital,10.51,Barnet Hospital,5.31,Homerton University,12.38
N144HU,51.646764,-0.136633,North,Barnet Hospital,5.44,Royal Free Hospital,10.59,Barnet Hospital,5.44,Homerton University,12.36
N144HW,51.64057,-0.146426,North,Barnet Hospital,4.88,Royal Free Hospital,9.8,Barnet Hospital,4.88,Homerton University,12.15
N144HX,51.647616,-0.134792,North,Barnet Hospital,5.56,Royal Free Hospital,10.71,Barnet Hospital,5.56,Homerton University,12.38
N144HY,51.647671,-0.133734,North,Barnet Hospital,5.63,Royal Free Hospital,10.73,Barnet Hospital,5.63,Homerton University,12.35
N144JA,51.647064,-0.134005,North,Barnet Hospital,5.62,Royal Free Hospital,10.66,Barnet Hospital,5.62,Homerton University,12.3
N144NQ,51.641542,-0.139059,North,Barnet Hospital,5.35,Royal Free Hospital,9.99,Barnet Hospital,5.35,Homerton University,11.96
N144NW,51.641787,-0.138095,North,Barnet Hospital,5.41,Royal Free Hospital,10.03,Barnet Hospital,5.41,Homerton University,11.94
N144NX,51.641844,-0.138873,North,Barnet Hospital,5.36,Royal Free Hospital,10.03,Barnet Hospital,5.36,Homerton University,11.98
N144NY,51.642246,-0.14036,North,Barnet Hospital,5.25,Royal Free Hospital,10.05,Barnet Hospital,5.25,Homerton University,12.07
N144PA,51.642583,-0.140057,North,Barnet Hospital,5.26,Royal Free Hospital,10.09,Barnet Hospital,5.26,Homerton University,12.09
N144PB,51.642089,-0.137273,North,Barnet Hospital,5.46,Royal Free Hospital,10.07,Barnet Hospital,5.46,Homerton University,11.94
N144PD,51.641763,-0.140004,North,Barnet Hospital,5.28,Royal Free Hospital,10.0,Barnet Hospital,5.28,Homerton University,12.01
N144PE,51.644573,-0.144817,North,Barnet Hospital,4.9,Royal Free Hospital,10.26,Barnet Hospital,4.9,Homerton University,12.45
N144PF,51.640519,-0.144925,North,Barnet Hospital,4.98,Royal Free Hospital,9.81,Barnet Hospital,4.98,Homerton University,12.08
N144PG,51.638313,-0.140145,North,Barnet Hospital,5.36,Royal Free Hospital,9.62,Barnet Hospital,5.36,Homerton University,11.7
N144PN,51.639167,-0.141309,North,Barnet Hospital,5.26,Royal Free Hospital,9.7,Barnet Hospital,5.26,Homerton University,11.82
N144PP,51.639628,-0.144297,North,Barnet Hospital,5.04,Royal Free Hospital,9.72,Barnet Hospital,5.04,Homerton University,11.98
N144PQ,51.640297,-0.143908,North,Barnet Hospital,5.05,Royal Free Hospital,9.8,Barnet Hospital,5.05,Homerton University,12.02
N144PR,51.640285,-0.142622,North,Barnet Hospital,5.14,Royal Free Hospital,9.81,Barnet Hospital,5.14,Homerton University,11.97
N144PS,51.640589,-0.146497,North,Barnet Hospital,4.87,Royal Free Hospital,9.8,Barnet Hospital,4.87,Homerton University,12.15
N144PT,51.639785,-0.14114,North,Barnet Hospital,5.25,Royal Free Hospital,9.77,Barnet Hospital,5.25,Homerton University,11.87
N144PU,51.640671,-0.141407,North,Barnet Hospital,5.21,Royal Free Hospital,9.87,Barnet Hospital,5.21,Homerton University,11.96
N144PW,51.640004,-0.144151,North,Barnet Hospital,5.04,Royal Free Hospital,9.76,Barnet Hospital,5.04,Homerton University,12.01
N144PX,51.640809,-0.142167,North,Barnet Hospital,5.16,Royal Free Hospital,9.87,Barnet Hospital,5.16,Homerton University,12.0
N144PY,51.642055,-0.141365,North,Barnet Hospital,5.18,Royal Free Hospital,10.02,Barnet Hospital,5.18,Homerton University,12.09
N144PZ,51.639307,-0.140465,North,Barnet Hospital,5.31,Royal Free Hospital,9.73,Barnet Hospital,5.31,Homerton University,11.8
N144QA,51.641249,-0.141036,North,Barnet Hospital,5.22,Royal Free Hospital,9.93,Barnet Hospital,5.22,Homerton University,12.0
N144QB,51.639451,-0.139318,North,Barnet Hospital,5.38,Royal Free Hospital,9.76,Barnet Hospital,5.38,Homerton University,11.77
N144QJ,51.640746,-0.138817,North,Barnet Hospital,5.39,Royal Free Hospital,9.91,Barnet Hospital,5.39,Homerton University,11.87
N144QL,51.641111,-0.140247,North,Barnet Hospital,5.28,Royal Free Hospital,9.93,Barnet Hospital,5.28,Homerton University,11.96
N144QU,51.640872,-0.143884,North,Barnet Hospital,5.04,Royal Free Hospital,9.86,Barnet Hospital,5.04,Homerton University,12.08
N144QZ,51.638953,-0.140249,North,Barnet Hospital,5.33,Royal Free Hospital,9.69,Barnet Hospital,5.33,Homerton University,11.76
N144YZ,51.660563,-0.132424,North,Barnet Hospital,5.81,Royal Free Hospital,12.15,Barnet Hospital,5.81,Homerton University,13.58
N145DN,51.631999,-0.144637,North,Barnet Hospital,5.29,Royal Free Hospital,8.88,Barnet Hospital,5.29,Homerton University,11.3
N145DP,51.631307,-0.147483,North,Barnet Hospital,5.15,Royal Free Hospital,8.77,Barnet Hospital,5.15,Homerton University,11.36
N145DR,51.630961,-0.148942,North,Barnet Hospital,5.07,Royal Free Hospital,8.72,Barnet Hospital,5.07,Homerton University,11.39
N145DT,51.631539,-0.144526,North,Barnet Hospital,5.32,Royal Free Hospital,8.83,Barnet Hospital,5.32,Homerton University,11.26
N145DU,51.630876,-0.147558,North,Barnet Hospital,5.16,Royal Free Hospital,8.72,Barnet Hospital,5.16,Homerton University,11.33
N145DW,51.63197,-0.146184,North,Barnet Hospital,5.2,Royal Free Hospital,8.86,Barnet Hospital,5.2,Homerton University,11.37
N145JS,51.634108,-0.142687,North,Barnet Hospital,5.33,Royal Free Hospital,9.13,Barnet Hospital,5.33,Homerton University,11.41
N145LD,51.638746,-0.141991,North,Barnet Hospital,5.22,Royal Free Hospital,9.65,Barnet Hospital,5.22,Homerton University,11.81
N145LE,51.637564,-0.14058,North,Barnet Hospital,5.35,Royal Free Hospital,9.54,Barnet Hospital,5.35,Homerton University,11.64
N145LF,51.638215,-0.143039,North,Barnet Hospital,5.17,Royal Free Hospital,9.58,Barnet Hospital,5.17,Homerton University,11.8
N145LG,51.638106,-0.141887,North,Barnet Hospital,5.25,Royal Free Hospital,9.58,Barnet Hospital,5.25,Homerton University,11.74
N145LH,51.638684,-0.142601,North,Barnet Hospital,5.18,Royal Free Hospital,9.63,Barnet Hospital,5.18,Homerton University,11.83
N145LJ,51.63822,-0.142837,North,Barnet Hospital,5.18,Royal Free Hospital,9.58,Barnet Hospital,5.18,Homerton University,11.79
N145LL,51.636993,-0.141456,North,Barnet Hospital,5.31,Royal Free Hospital,9.46,Barnet Hospital,5.31,Homerton University,11.63
N145LN,51.636786,-0.140858,North,Barnet Hospital,5.36,Royal Free Hospital,9.45,Barnet Hospital,5.36,Homerton University,11.58
N145LP,51.635539,-0.142137,North,Barnet Hospital,5.32,Royal Free Hospital,9.3,Barnet Hospital,5.32,Homerton University,11.52
N145LR,51.635432,-0.142792,North,Barnet Hospital,5.28,Royal Free Hospital,9.28,Barnet Hospital,5.28,Homerton University,11.54
N145LS,51.634396,-0.143239,North,Barnet Hospital,5.29,Royal Free Hospital,9.16,Barnet Hospital,5.29,Homerton University,11.46
N145LT,51.635464,-0.144221,North,Barnet Hospital,5.18,Royal Free Hospital,9.26,Barnet Hospital,5.18,Homerton University,11.6
N145LU,51.63522,-0.144722,North,Barnet Hospital,5.16,Royal Free Hospital,9.23,Barnet Hospital,5.16,Homerton University,11.59
N145LX,51.63638,-0.144183,North,Barnet Hospital,5.15,Royal Free Hospital,9.36,Barnet Hospital,5.15,Homerton University,11.68
N145LY,51.637118,-0.142477,North,Barnet Hospital,5.24,Royal Free Hospital,9.46,Barnet Hospital,5.24,Homerton University,11.68
N145NA,51.637423,-0.143014,North,Barnet Hospital,5.2,Royal Free Hospital,9.49,Barnet Hospital,5.2,Homerton University,11.73
N145NB,51.637801,-0.143027,North,Barnet Hospital,5.18,Royal Free Hospital,9.53,Barnet Hospital,5.18,Homerton University,11.76
N145ND,51.636711,-0.144632,North,Barnet Hospital,5.11,Royal Free Hospital,9.4,Barnet Hospital,5.11,Homerton University,11.73
N145NE,51.636844,-0.145624,North,Barnet Hospital,5.04,Royal Free Hospital,9.4,Barnet Hospital,5.04,Homerton University,11.78
N145NG,51.636764,-0.146307,North,Barnet Hospital,5.0,Royal Free Hospital,9.39,Barnet Hospital,5.0,Homerton University,11.8
N145NH,51.637834,-0.144023,North,Barnet Hospital,5.12,Royal Free Hospital,9.53,Barnet Hospital,5.12,Homerton University,11.8
N145NJ,51.6379,-0.144743,North,Barnet Hospital,5.07,Royal Free Hospital,9.53,Barnet Hospital,5.07,Homerton University,11.84
N145NL,51.637528,-0.144007,North,Barnet Hospital,5.13,Royal Free Hospital,9.49,Barnet Hospital,5.13,Homerton University,11.77
N145NN,51.636548,-0.142255,North,Barnet Hospital,5.27,Royal Free Hospital,9.4,Barnet Hospital,5.27,Homerton University,11.62
N145NP,51.636286,-0.1428,North,Barnet Hospital,5.25,Royal Free Hospital,9.37,Barnet Hospital,5.25,Homerton University,11.61
N145NR,51.635798,-0.143196,North,Barnet Hospital,5.24,Royal Free Hospital,9.31,Barnet Hospital,5.24,Homerton University,11.59
N145NS,51.63733,-0.144549,North,Barnet Hospital,5.1,Royal Free Hospital,9.47,Barnet Hospital,5.1,Homerton University,11.78
N200AA,51.628396,-0.160793,North,Barnet Hospital,4.5,Royal Free Hospital,8.37,Barnet Hospital,4.5,UCH (University College),11.65
N200AB,51.628186,-0.16005,North,Barnet Hospital,4.56,Royal Free Hospital,8.35,Barnet Hospital,4.56,UCH (University College),11.62
N200AD,51.628509,-0.157682,North,Barnet Hospital,4.67,Royal Free Hospital,8.39,Barnet Hospital,4.67,Homerton University,11.57
N200AE,51.629645,-0.15674,North,Barnet Hospital,4.66,Royal Free Hospital,8.52,Barnet Hospital,4.66,Homerton University,11.63
N200AF,51.63171,-0.151975,North,Barnet Hospital,4.85,Royal Free Hospital,8.78,Barnet Hospital,4.85,Homerton University,11.59
N200AG,51.628443,-0.156356,North,Barnet Hospital,4.76,Royal Free Hospital,8.39,Barnet Hospital,4.76,Homerton University,11.51
N200AH,51.629282,-0.153663,North,Barnet Hospital,4.87,Royal Free Hospital,8.5,Barnet Hospital,4.87,Homerton University,11.46
N200AJ,51.629425,-0.154206,North,Barnet Hospital,4.83,Royal Free Hospital,8.51,Barnet Hospital,4.83,Homerton University,11.49
N200AL,51.629387,-0.155205,North,Barnet Hospital,4.77,Royal Free Hospital,8.5,Barnet Hospital,4.77,Homerton University,11.54
N200AN,51.628771,-0.156068,North,Barnet Hospital,4.75,Royal Free Hospital,8.43,Barnet Hospital,4.75,Homerton University,11.52
N200AP,51.630163,-0.155375,North,Barnet Hospital,4.72,Royal Free Hospital,8.59,Barnet Hospital,4.72,Homerton University,11.61
N200AQ,51.6321,-0.151612,North,Barnet Hospital,4.85,Royal Free Hospital,8.82,Barnet Hospital,4.85,Homerton University,11.61
N200AR,51.63062,-0.154114,North,Barnet Hospital,4.77,Royal Free Hospital,8.64,Barnet Hospital,4.77,Homerton University,11.59
N200AS,51.630859,-0.152761,North,Barnet Hospital,4.84,Royal Free Hospital,8.68,Barnet Hospital,4.84,Homerton University,11.55
N200AT,51.630939,-0.150951,North,Barnet Hospital,4.95,Royal Free Hospital,8.7,Barnet Hospital,4.95,Homerton University,11.48
N200AU,51.631297,-0.152006,North,Barnet Hospital,4.87,Royal Free Hospital,8.73,Barnet Hospital,4.87,Homerton University,11.56
N200AW,51.622286,-0.164551,North,Barnet Hospital,4.71,Royal Free Hospital,7.68,Barnet Hospital,4.71,UCH (University College),11.03
N200AX,51.631774,-0.152608,North,Barnet Hospital,4.8,Royal Free Hospital,8.78,Barnet Hospital,4.8,Homerton University,11.62
N200AY,51.631774,-0.152608,North,Barnet Hospital,4.8,Royal Free Hospital,8.78,Barnet Hospital,4.8,Homerton University,11.62
N200AZ,51.630842,-0.155073,North,Barnet Hospital,4.7,Royal Free Hospital,8.66,Barnet Hospital,4.7,Homerton University,11.65
N200BA,51.63021,-0.156631,North,Barnet Hospital,4.64,Royal Free Hospital,8.58,Barnet Hospital,4.64,Homerton University,11.67
N200BB,51.629744,-0.157921,North,Barnet Hospital,4.59,Royal Free Hospital,8.53,Barnet Hospital,4.59,Homerton University,11.69
N200BD,51.629777,-0.157689,North,Barnet Hospital,4.6,Royal Free Hospital,8.53,Barnet Hospital,4.6,Homerton University,11.68
N200BE,51.628602,-0.16077,North,Barnet Hospital,4.49,Royal Free Hospital,8.39,Barnet Hospital,4.49,UCH (University College),11.68
N200BF,51.629056,-0.174291,North,Barnet Hospital,3.71,Royal Free Hospital,8.46,Barnet Hospital,3.71,UCH (University College),11.9
N200BG,51.625819,-0.165102,North,Barnet Hospital,4.43,Royal Free Hospital,8.07,Barnet Hospital,4.43,UCH (University College),11.42
N200BH,51.628293,-0.175564,North,Barnet Hospital,3.7,Royal Free Hospital,8.38,Barnet Hospital,3.7,UCH (University College),11.84
N200BJ,51.625743,-0.160799,North,Barnet Hospital,4.67,Royal Free Hospital,8.07,Barnet Hospital,4.67,UCH (University College),11.36
N200BL,51.626487,-0.162373,North,Barnet Hospital,4.53,Royal Free Hospital,8.15,Barnet Hospital,4.53,UCH (University College),11.46
N200BN,51.626362,-0.163563,North,Barnet Hospital,4.47,Royal Free Hospital,8.14,Barnet Hospital,4.47,UCH (University College),11.46
N200BP,51.626473,-0.161492,North,Barnet Hospital,4.58,Royal Free Hospital,8.15,Barnet Hospital,4.58,UCH (University College),11.45
N200BQ,51.62685,-0.163731,North,Barnet Hospital,4.43,Royal Free Hospital,8.19,Barnet Hospital,4.43,UCH (University College),11.52
N200BS,51.62601,-0.161771,North,Barnet Hospital,4.6,Royal Free Hospital,8.1,Barnet Hospital,4.6,UCH (University College),11.4
N200BT,51.625713,-0.162881,North,Barnet Hospital,4.56,Royal Free Hospital,8.06,Barnet Hospital,4.56,UCH (University College),11.38
N200BU,51.625886,-0.160187,North,Barnet Hospital,4.69,Royal Free Hospital,8.09,Barnet Hospital,4.69,UCH (University College),11.37
N200BW,51.625929,-0.162323,North,Barnet Hospital,4.57,Royal Free Hospital,8.09,Barnet Hospital,4.57,UCH (University College),11.4
N200BX,51.626391,-0.159112,North,Barnet Hospital,4.72,Royal Free Hospital,8.15,Barnet Hospital,4.72,UCH (University College),11.42
N200BY,51.629864,-0.173651,North,Barnet Hospital,3.69,Royal Free Hospital,8.54,Barnet Hospital,3.69,UCH (University College),11.98
N200BZ,51.627234,-0.160118,North,Barnet Hospital,4.61,Royal Free Hospital,8.24,Barnet Hospital,4.61,UCH (University College),11.52
N200DA,51.627668,-0.15971,North,Barnet Hospital,4.61,Royal Free Hospital,8.29,Barnet Hospital,4.61,UCH (University College),11.56
N200DB,51.627673,-0.158858,North,Barnet Hospital,4.66,Royal Free Hospital,8.29,Barnet Hospital,4.66,UCH (University College),11.56
N200DD,51.628001,-0.158555,North,Barnet Hospital,4.65,Royal Free Hospital,8.33,Barnet Hospital,4.65,Homerton University,11.57
N200DE,51.626798,-0.15872,North,Barnet Hospital,4.72,Royal Free Hospital,8.2,Barnet Hospital,4.72,UCH (University College),11.46
N200DF,51.624544,-0.158334,North,Barnet Hospital,4.88,Royal Free Hospital,7.95,Barnet Hospital,4.88,UCH (University College),11.21
N200DG,51.625748,-0.15882,North,Barnet Hospital,4.78,Royal Free Hospital,8.08,Barnet Hospital,4.78,UCH (University College),11.34
N200DH,51.625218,-0.158841,North,Barnet Hospital,4.81,Royal Free Hospital,8.02,Barnet Hospital,4.81,UCH (University College),11.28
N200DJ,51.625818,-0.157531,North,Barnet Hospital,4.85,Royal Free Hospital,8.09,Barnet Hospital,4.85,UCH (University College),11.34
N200DL,51.626096,-0.156942,North,Barnet Hospital,4.86,Royal Free Hospital,8.13,Barnet Hospital,4.86,Homerton University,11.34
N200DN,51.625762,-0.156869,North,Barnet Hospital,4.89,Royal Free Hospital,8.09,Barnet Hospital,4.89,Homerton University,11.31
N200DP,51.625341,-0.157551,North,Barnet Hospital,4.88,Royal Free Hospital,8.04,Barnet Hospital,4.88,UCH (University College),11.29
N200DQ,51.625303,-0.159141,North,Barnet Hospital,4.79,Royal Free Hospital,8.03,Barnet Hospital,4.79,UCH (University College),11.3
N200DR,51.623942,-0.158344,North,Barnet Hospital,4.92,Royal Free Hospital,7.88,Barnet Hospital,4.92,UCH (University College),11.14
N200DS,51.624204,-0.157279,North,Barnet Hospital,4.97,Royal Free Hospital,7.92,Barnet Hospital,4.97,UCH (University College),11.16
N200DT,51.622358,-0.158856,North,Barnet Hospital,5.01,Royal Free Hospital,7.7,Barnet Hospital,5.01,UCH (University College),10.97
N200DU,51.622394,-0.159418,North,Barnet Hospital,4.97,Royal Free Hospital,7.71,Barnet Hospital,4.97,UCH (University College),10.98
N200DW,51.6252,-0.157123,North,Barnet Hospital,4.91,Royal Free Hospital,8.03,Barnet Hospital,4.91,UCH (University College),11.27
N200DX,51.624206,-0.16024,North,Barnet Hospital,4.8,Royal Free Hospital,7.9,Barnet Hospital,4.8,UCH (University College),11.19
N200DY,51.628914,-0.175019,North,Barnet Hospital,3.68,Royal Free Hospital,8.45,Barnet Hospital,3.68,UCH (University College),11.9
N200DZ,51.624478,-0.159854,North,Barnet Hospital,4.81,Royal Free Hospital,7.94,Barnet Hospital,4.81,UCH (University College),11.21
N200EA,51.626395,-0.155919,North,Barnet Hospital,4.9,Royal Free Hospital,8.17,Barnet Hospital,4.9,Homerton University,11.32
N200EB,51.626523,-0.156072,North,Barnet Hospital,4.89,Royal Free Hospital,8.18,Barnet Hospital,4.89,Homerton University,11.34
N200ED,51.62666,-0.156226,North,Barnet Hospital,4.87,Royal Free Hospital,8.19,Barnet Hospital,4.87,Homerton University,11.35
N200EE,51.626917,-0.156519,North,Barnet Hospital,4.84,Royal Free Hospital,8.22,Barnet Hospital,4.84,Homerton University,11.39
N200EF,51.627137,-0.15677,North,Barnet Hospital,4.81,Royal Free Hospital,8.24,Barnet Hospital,4.81,Homerton University,11.42
N200EG,51.628209,-0.176492,North,Barnet Hospital,3.66,Royal Free Hospital,8.38,Barnet Hospital,3.66,UCH (University College),11.85
N200EH,51.62952,-0.176382,North,Barnet Hospital,3.57,Royal Free Hospital,8.52,Barnet Hospital,3.57,UCH (University College),11.99
N200EJ,51.629428,-0.175114,North,Barnet Hospital,3.64,Royal Free Hospital,8.5,Barnet Hospital,3.64,UCH (University College),11.96
N200EL,51.627016,-0.157121,North,Barnet Hospital,4.8,Royal Free Hospital,8.23,Barnet Hospital,4.8,Homerton University,11.43
N200EN,51.626598,-0.156806,North,Barnet Hospital,4.84,Royal Free Hospital,8.18,Barnet Hospital,4.84,Homerton University,11.38
N200EP,51.626323,-0.156485,North,Barnet Hospital,4.87,Royal Free Hospital,8.15,Barnet Hospital,4.87,Homerton University,11.34
N200EQ,51.629864,-0.173651,North,Barnet Hospital,3.69,Royal Free Hospital,8.54,Barnet Hospital,3.69,UCH (University College),11.98
N200ER,51.628178,-0.175077,North,Barnet Hospital,3.73,Royal Free Hospital,8.36,Barnet Hospital,3.73,UCH (University College),11.82
N200ES,51.629749,-0.176618,North,Barnet Hospital,3.54,Royal Free Hospital,8.55,Barnet Hospital,3.54,UCH (University College),12.02
N200ET,51.627175,-0.171867,North,Barnet Hospital,3.97,Royal Free Hospital,8.24,Barnet Hospital,3.97,UCH (University College),11.66
N200EU,51.62816,-0.172203,North,Barnet Hospital,3.88,Royal Free Hospital,8.35,Barnet Hospital,3.88,UCH (University College),11.77
N200EW,51.630006,-0.175235,North,Barnet Hospital,3.59,Royal Free Hospital,8.57,Barnet Hospital,3.59,UCH (University College),12.02
N200EX,51.630011,-0.176116,North,Barnet Hospital,3.54,Royal Free Hospital,8.57,Barnet Hospital,3.54,UCH (University College),12.04
N200EY,51.629959,-0.175685,North,Barnet Hospital,3.57,Royal Free Hospital,8.56,Barnet Hospital,3.57,UCH (University College),12.02
N200EZ,51.628801,-0.177566,North,Barnet Hospital,3.56,Royal Free Hospital,8.45,Barnet Hospital,3.56,UCH (University College),11.93
N200FA,51.627585,-0.171662,North,Barnet Hospital,3.95,Royal Free Hospital,8.28,Barnet Hospital,3.95,UCH (University College),11.7
N200FB,51.627538,-0.173239,North,Barnet Hospital,3.88,Royal Free Hospital,8.28,Barnet Hospital,3.88,UCH (University College),11.72
N200FD,51.627865,-0.171694,North,Barnet Hospital,3.93,Royal Free Hospital,8.31,Barnet Hospital,3.93,UCH (University College),11.73
N200FE,51.628793,-0.171859,North,Barnet Hospital,3.86,Royal Free Hospital,8.42,Barnet Hospital,3.86,UCH (University College),11.84
N200FF,51.628618,-0.171549,North,Barnet Hospital,3.89,Royal Free Hospital,8.4,Barnet Hospital,3.89,UCH (University College),11.81
N200FG,51.628867,-0.173706,North,Barnet Hospital,3.75,Royal Free Hospital,8.43,Barnet Hospital,3.75,UCH (University College),11.87
N200FH,51.629018,-0.172414,North,Barnet Hospital,3.81,Royal Free Hospital,8.44,Barnet Hospital,3.81,UCH (University College),11.87
N200FJ,51.629279,-0.173588,North,Barnet Hospital,3.73,Royal Free Hospital,8.48,Barnet Hospital,3.73,UCH (University College),11.92
N200FL,51.629281,-0.173126,North,Barnet Hospital,3.76,Royal Free Hospital,8.48,Barnet Hospital,3.76,UCH (University College),11.91
N200FN,51.629283,-0.172692,North,Barnet Hospital,3.78,Royal Free Hospital,8.48,Barnet Hospital,3.78,UCH (University College),11.9
N200FP,51.629621,-0.171306,North,Barnet Hospital,3.83,Royal Free Hospital,8.51,Barnet Hospital,3.83,UCH (University College),11.92
N200FQ,51.628863,-0.171149,North,Barnet Hospital,3.89,Royal Free Hospital,8.42,Barnet Hospital,3.89,UCH (University College),11.83
N200FR,51.628315,-0.171777,North,Barnet Hospital,3.9,Royal Free Hospital,8.36,Barnet Hospital,3.9,UCH (University College),11.78
N200FS,51.624799,-0.175762,North,Barnet Hospital,3.96,Royal Free Hospital,7.99,Barnet Hospital,3.96,UCH (University College),11.47
N200FT,51.62453,-0.174689,North,Barnet Hospital,4.04,Royal Free Hospital,7.96,Barnet Hospital,4.04,UCH (University College),11.42
N200FU,51.624138,-0.174893,North,Barnet Hospital,4.06,Royal Free Hospital,7.92,Barnet Hospital,4.06,UCH (University College),11.38
N200FW,51.629895,-0.171555,North,Barnet Hospital,3.8,Royal Free Hospital,8.54,Barnet Hospital,3.8,UCH (University College),11.95
N200FX,51.629685,-0.174251,North,Barnet Hospital,3.67,Royal Free Hospital,8.53,Barnet Hospital,3.67,UCH (University College),11.97
N200GZ,51.629864,-0.173651,North,Barnet Hospital,3.69,Royal Free Hospital,8.54,Barnet Hospital,3.69,UCH (University College),11.98
N200HA,51.627224,-0.177919,North,Barnet Hospital,3.67,Royal Free Hospital,8.28,Barnet Hospital,3.67,UCH (University College),11.77
N200HB,51.628763,-0.17803,North,Barnet Hospital,3.54,Royal Free Hospital,8.45,Barnet Hospital,3.54,UCH (University College),11.93
N200HD,51.629923,-0.177998,North,Barnet Hospital,3.45,Royal Free Hospital,8.58,Barnet Hospital,3.45,UCH (University College),12.06
N200HE,51.628733,-0.178985,North,Barnet Hospital,3.49,Royal Free Hospital,8.45,Barnet Hospital,3.49,UCH (University College),11.95
N200HF,51.627996,-0.179578,North,Barnet Hospital,3.52,Royal Free Hospital,8.37,Barnet Hospital,3.52,UCH (University College),11.88
N200HG,51.626093,-0.180377,North,Barnet Hospital,3.64,Royal Free Hospital,8.17,Barnet Hospital,3.64,UCH (University College),11.69
N200HH,51.624231,-0.181506,North,Barnet Hospital,3.75,Royal Free Hospital,7.98,Barnet Hospital,3.75,UCH (University College),11.51
N200HJ,51.624053,-0.181051,North,Barnet Hospital,3.79,Royal Free Hospital,7.95,Barnet Hospital,3.79,UCH (University College),11.48
N200HL,51.625915,-0.179936,North,Barnet Hospital,3.68,Royal Free Hospital,8.15,Barnet Hospital,3.68,UCH (University College),11.66
N200HN,51.628503,-0.178662,North,Barnet Hospital,3.53,Royal Free Hospital,8.42,Barnet Hospital,3.53,UCH (University College),11.92
N200HP,51.628692,-0.166546,North,Barnet Hospital,4.15,Royal Free Hospital,8.39,Barnet Hospital,4.15,UCH (University College),11.75
N200HS,51.628959,-0.165741,North,Barnet Hospital,4.18,Royal Free Hospital,8.42,Barnet Hospital,4.18,UCH (University College),11.77
N200HT,51.628171,-0.165946,North,Barnet Hospital,4.22,Royal Free Hospital,8.34,Barnet Hospital,4.22,UCH (University College),11.69
N200HU,51.62888,-0.166466,North,Barnet Hospital,4.15,Royal Free Hospital,8.42,Barnet Hospital,4.15,UCH (University College),11.77
N200HW,51.628783,-0.172322,North,Barnet Hospital,3.83,Royal Free Hospital,8.42,Barnet Hospital,3.83,UCH (University College),11.84
N200HX,51.628038,-0.166659,North,Barnet Hospital,4.19,Royal Free Hospital,8.32,Barnet Hospital,4.19,UCH (University College),11.68
N200HY,51.629864,-0.173651,North,Barnet Hospital,3.69,Royal Free Hospital,8.54,Barnet Hospital,3.69,UCH (University College),11.98
N200HZ,51.627894,-0.167792,North,Barnet Hospital,4.14,Royal Free Hospital,8.31,Barnet Hospital,4.14,UCH (University College),11.68
N200JA,51.627948,-0.168946,North,Barnet Hospital,4.07,Royal Free Hospital,8.32,Barnet Hospital,4.07,UCH (University College),11.7
N200JB,51.626587,-0.168177,North,Barnet Hospital,4.21,Royal Free Hospital,8.16,Barnet Hospital,4.21,UCH (University College),11.55
N200JD,51.627035,-0.168087,North,Barnet Hospital,4.18,Royal Free Hospital,8.21,Barnet Hospital,4.18,UCH (University College),11.59
N200JE,51.627557,-0.167546,North,Barnet Hospital,4.18,Royal Free Hospital,8.27,Barnet Hospital,4.18,UCH (University College),11.64
N200JF,51.626918,-0.168063,North,Barnet Hospital,4.19,Royal Free Hospital,8.2,Barnet Hospital,4.19,UCH (University College),11.58
N200JG,51.626946,-0.167021,North,Barnet Hospital,4.25,Royal Free Hospital,8.2,Barnet Hospital,4.25,UCH (University College),11.57
N200JH,51.626937,-0.166429,North,Barnet Hospital,4.28,Royal Free Hospital,8.2,Barnet Hospital,4.28,UCH (University College),11.56
N200JJ,51.625518,-0.167079,North,Barnet Hospital,4.34,Royal Free Hospital,8.04,Barnet Hospital,4.34,UCH (University College),11.41
N200JL,51.62567,-0.167622,North,Barnet Hospital,4.3,Royal Free Hospital,8.06,Barnet Hospital,4.3,UCH (University College),11.44
N200JN,51.625632,-0.166366,North,Barnet Hospital,4.37,Royal Free Hospital,8.05,Barnet Hospital,4.37,UCH (University College),11.42
N200JP,51.624984,-0.163994,North,Barnet Hospital,4.55,Royal Free Hospital,7.98,Barnet Hospital,4.55,UCH (University College),11.32
N200JQ,51.626895,-0.166619,North,Barnet Hospital,4.27,Royal Free Hospital,8.19,Barnet Hospital,4.27,UCH (University College),11.56
N200JR,51.625347,-0.163647,North,Barnet Hospital,4.54,Royal Free Hospital,8.02,Barnet Hospital,4.54,UCH (University College),11.35
N200JS,51.623952,-0.162447,North,Barnet Hospital,4.7,Royal Free Hospital,7.87,Barnet Hospital,4.7,UCH (University College),11.18
N200JT,51.62311,-0.163217,North,Barnet Hospital,4.72,Royal Free Hospital,7.78,Barnet Hospital,4.72,UCH (University College),11.1
N200JU,51.623279,-0.161939,North,Barnet Hospital,4.78,Royal Free Hospital,7.8,Barnet Hospital,4.78,UCH (University College),11.11
N200JW,51.626134,-0.163933,North,Barnet Hospital,4.47,Royal Free Hospital,8.11,Barnet Hospital,4.47,UCH (University College),11.44
N200JX,51.622885,-0.164902,North,Barnet Hospital,4.65,Royal Free Hospital,7.75,Barnet Hospital,4.65,UCH (University College),11.1
N200JY,51.623278,-0.16532,North,Barnet Hospital,4.6,Royal Free Hospital,7.79,Barnet Hospital,4.6,UCH (University College),11.15
N200JZ,51.624101,-0.164463,North,Barnet Hospital,4.58,Royal Free Hospital,7.88,Barnet Hospital,4.58,UCH (University College),11.23
N200LA,51.624314,-0.165423,North,Barnet Hospital,4.52,Royal Free Hospital,7.91,Barnet Hospital,4.52,UCH (University College),11.26
N200LB,51.626844,-0.174322,North,Barnet Hospital,3.87,Royal Free Hospital,8.21,Barnet Hospital,3.87,UCH (University College),11.66
N200LD,51.626916,-0.174853,North,Barnet Hospital,3.84,Royal Free Hospital,8.22,Barnet Hospital,3.84,UCH (University College),11.68
N200LE,51.629029,-0.169683,North,Barnet Hospital,3.96,Royal Free Hospital,8.44,Barnet Hospital,3.96,UCH (University College),11.83
N200LF,51.628048,-0.170791,North,Barnet Hospital,3.97,Royal Free Hospital,8.33,Barnet Hospital,3.97,UCH (University College),11.74
N200LG,51.628772,-0.170459,North,Barnet Hospital,3.93,Royal Free Hospital,8.41,Barnet Hospital,3.93,UCH (University College),11.82
N200LH,51.627906,-0.174351,North,Barnet Hospital,3.79,Royal Free Hospital,8.33,Barnet Hospital,3.79,UCH (University College),11.78
N200LJ,51.626131,-0.175318,North,Barnet Hospital,3.88,Royal Free Hospital,8.14,Barnet Hospital,3.88,UCH (University College),11.6
N200LL,51.628344,-0.174204,North,Barnet Hospital,3.77,Royal Free Hospital,8.38,Barnet Hospital,3.77,UCH (University College),11.82
N200LN,51.629864,-0.173651,North,Barnet Hospital,3.69,Royal Free Hospital,8.54,Barnet Hospital,3.69,UCH (University College),11.98
N200LP,51.627171,-0.173947,North,Barnet Hospital,3.87,Royal Free Hospital,8.25,Barnet Hospital,3.87,UCH (University College),11.69
N200LQ,51.62808,-0.169938,North,Barnet Hospital,4.01,Royal Free Hospital,8.33,Barnet Hospital,4.01,UCH (University College),11.73
N200LR,51.629568,-0.173678,North,Barnet Hospital,3.71,Royal Free Hospital,8.51,Barnet Hospital,3.71,UCH (University College),11.95
N200LS,51.626606,-0.174042,North,Barnet Hospital,3.9,Royal Free Hospital,8.18,Barnet Hospital,3.9,UCH (University College),11.63
N200LT,51.626131,-0.175318,North,Barnet Hospital,3.88,Royal Free Hospital,8.14,Barnet Hospital,3.88,UCH (University College),11.6
N200LU,51.626384,-0.174181,North,Barnet Hospital,3.91,Royal Free Hospital,8.16,Barnet Hospital,3.91,UCH (University College),11.61
N200LW,51.627462,-0.174152,North,Barnet Hospital,3.83,Royal Free Hospital,8.28,Barnet Hospital,3.83,UCH (University College),11.73
N200LX,51.626261,-0.174966,North,Barnet Hospital,3.89,Royal Free Hospital,8.15,Barnet Hospital,3.89,UCH (University College),11.61
N200LY,51.625537,-0.169462,North,Barnet Hospital,4.22,Royal Free Hospital,8.05,Barnet Hospital,4.22,UCH (University College),11.45
N200LZ,51.626096,-0.174193,North,Barnet Hospital,3.94,Royal Free Hospital,8.13,Barnet Hospital,3.94,UCH (University College),11.58
N200NA,51.625519,-0.172974,North,Barnet Hospital,4.04,Royal Free Hospital,8.06,Barnet Hospital,4.04,UCH (University College),11.5
N200NB,51.625645,-0.173503,North,Barnet Hospital,4.01,Royal Free Hospital,8.07,Barnet Hospital,4.01,UCH (University College),11.52
N200ND,51.626152,-0.172572,North,Barnet Hospital,4.01,Royal Free Hospital,8.13,Barnet Hospital,4.01,UCH (University College),11.56
N200NE,51.625951,-0.1718,North,Barnet Hospital,4.07,Royal Free Hospital,8.1,Barnet Hospital,4.07,UCH (University College),11.53
N200NF,51.625357,-0.171189,North,Barnet Hospital,4.14,Royal Free Hospital,8.03,Barnet Hospital,4.14,UCH (University College),11.45
N200NG,51.625299,-0.169197,North,Barnet Hospital,4.25,Royal Free Hospital,8.02,Barnet Hospital,4.25,UCH (University College),11.42
N200NH,51.625897,-0.172944,North,Barnet Hospital,4.01,Royal Free Hospital,8.1,Barnet Hospital,4.01,UCH (University College),11.54
N200NJ,51.625257,-0.172276,North,Barnet Hospital,4.1,Royal Free Hospital,8.03,Barnet Hospital,4.1,UCH (University College),11.46
N200NL,51.621663,-0.165573,North,Barnet Hospital,4.71,Royal Free Hospital,7.61,Barnet Hospital,4.71,UCH (University College),10.97
N200NN,51.623578,-0.166709,North,Barnet Hospital,4.5,Royal Free Hospital,7.83,Barnet Hospital,4.5,UCH (University College),11.2
N200NP,51.621775,-0.164658,North,Barnet Hospital,4.74,Royal Free Hospital,7.63,Barnet Hospital,4.74,UCH (University College),10.97
N200NQ,51.627427,-0.170181,North,Barnet Hospital,4.04,Royal Free Hospital,8.26,Barnet Hospital,4.04,UCH (University College),11.66
N200NR,51.619339,-0.161867,North,Barnet Hospital,5.07,Royal Free Hospital,7.36,Barnet Hospital,5.07,UCH (University College),10.67
N200NS,51.621804,-0.163082,North,Barnet Hospital,4.82,Royal Free Hospital,7.63,Barnet Hospital,4.82,UCH (University College),10.96
N200NT,51.6269,-0.172094,North,Barnet Hospital,3.98,Royal Free Hospital,8.21,Barnet Hospital,3.98,UCH (University College),11.64
N200NU,51.628032,-0.173205,North,Barnet Hospital,3.84,Royal Free Hospital,8.34,Barnet Hospital,3.84,UCH (University College),11.78
N200NW,51.629864,-0.173651,North,Barnet Hospital,3.69,Royal Free Hospital,8.54,Barnet Hospital,3.69,UCH (University College),11.98
N200NX,51.629457,-0.172931,North,Barnet Hospital,3.75,Royal Free Hospital,8.5,Barnet Hospital,3.75,UCH (University College),11.93
N200NY,51.629864,-0.173651,North,Barnet Hospital,3.69,Royal Free Hospital,8.54,Barnet Hospital,3.69,UCH (University College),11.98
N200NZ,51.629399,-0.172615,North,Barnet Hospital,3.77,Royal Free Hospital,8.49,Barnet Hospital,3.77,UCH (University College),11.91
N200PA,51.626346,-0.171784,North,Barnet Hospital,4.04,Royal Free Hospital,8.15,Barnet Hospital,4.04,UCH (University College),11.57
N200PB,51.629658,-0.174252,North,Barnet Hospital,3.67,Royal Free Hospital,8.52,Barnet Hospital,3.67,UCH (University College),11.97
N200PD,51.628343,-0.175259,North,Barnet Hospital,3.71,Royal Free Hospital,8.38,Barnet Hospital,3.71,UCH (University College),11.84
N200PE,51.624136,-0.180036,North,Barnet Hospital,3.82,Royal Free Hospital,7.95,Barnet Hospital,3.82,UCH (University College),11.47
N200PF,51.62672,-0.179022,North,Barnet Hospital,3.65,Royal Free Hospital,8.23,Barnet Hospital,3.65,UCH (University College),11.73
N200PG,51.62749,-0.175957,North,Barnet Hospital,3.74,Royal Free Hospital,8.29,Barnet Hospital,3.74,UCH (University College),11.76
N200PH,51.627212,-0.175405,North,Barnet Hospital,3.79,Royal Free Hospital,8.26,Barnet Hospital,3.79,UCH (University College),11.72
N200PJ,51.62683,-0.175738,North,Barnet Hospital,3.8,Royal Free Hospital,8.22,Barnet Hospital,3.8,UCH (University College),11.69
N200PL,51.626556,-0.178335,North,Barnet Hospital,3.7,Royal Free Hospital,8.21,Barnet Hospital,3.7,UCH (University College),11.7
N200PN,51.626902,-0.17627,North,Barnet Hospital,3.77,Royal Free Hospital,8.23,Barnet Hospital,3.77,UCH (University College),11.7
N200PP,51.625534,-0.179691,North,Barnet Hospital,3.72,Royal Free Hospital,8.1,Barnet Hospital,3.72,UCH (University College),11.62
N200PQ,51.629864,-0.173651,North,Barnet Hospital,3.69,Royal Free Hospital,8.54,Barnet Hospital,3.69,UCH (University College),11.98
N200PR,51.62596,-0.177622,North,Barnet Hospital,3.78,Royal Free Hospital,8.13,Barnet Hospital,3.78,UCH (University College),11.62
N200PS,51.626152,-0.176069,North,Barnet Hospital,3.84,Royal Free Hospital,8.15,Barnet Hospital,3.84,UCH (University College),11.62
N200PT,51.625733,-0.176302,North,Barnet Hospital,3.86,Royal Free Hospital,8.1,Barnet Hospital,3.86,UCH (University College),11.58
N200PU,51.629864,-0.173651,North,Barnet Hospital,3.69,Royal Free Hospital,8.54,Barnet Hospital,3.69,UCH (University College),11.98
N200PW,51.626317,-0.179154,North,Barnet Hospital,3.68,Royal Free Hospital,8.19,Barnet Hospital,3.68,UCH (University College),11.69
N200PX,51.625426,-0.176791,North,Barnet Hospital,3.86,Royal Free Hospital,8.07,Barnet Hospital,3.86,UCH (University College),11.55
N200PY,51.625706,-0.176318,North,Barnet Hospital,3.86,Royal Free Hospital,8.1,Barnet Hospital,3.86,UCH (University College),11.57
N200PZ,51.624889,-0.176943,North,Barnet Hospital,3.9,Royal Free Hospital,8.01,Barnet Hospital,3.9,UCH (University College),11.5
N200QA,51.623322,-0.176818,North,Barnet Hospital,4.04,Royal Free Hospital,7.84,Barnet Hospital,4.04,UCH (University College),11.33
N200QB,51.624346,-0.176763,North,Barnet Hospital,3.95,Royal Free Hospital,7.95,Barnet Hospital,3.95,UCH (University College),11.44
N200QD,51.62389,-0.176896,North,Barnet Hospital,3.98,Royal Free Hospital,7.9,Barnet Hospital,3.98,UCH (University College),11.39
N200QE,51.623477,-0.176971,North,Barnet Hospital,4.02,Royal Free Hospital,7.86,Barnet Hospital,4.02,UCH (University College),11.35
N200QF,51.629864,-0.173651,North,Barnet Hospital,3.69,Royal Free Hospital,8.54,Barnet Hospital,3.69,UCH (University College),11.98
N200QG,51.622844,-0.176158,North,Barnet Hospital,4.11,Royal Free Hospital,7.78,Barnet Hospital,4.11,UCH (University College),11.26
N200QH,51.622635,-0.174837,North,Barnet Hospital,4.18,Royal Free Hospital,7.75,Barnet Hospital,4.18,UCH (University College),11.22
N200QJ,51.62312,-0.174789,North,Barnet Hospital,4.15,Royal Free Hospital,7.8,Barnet Hospital,4.15,UCH (University College),11.27
N200QL,51.623502,-0.173936,North,Barnet Hospital,4.15,Royal Free Hospital,7.84,Barnet Hospital,4.15,UCH (University College),11.3
N200QN,51.623604,-0.17529,North,Barnet Hospital,4.08,Royal Free Hospital,7.86,Barnet Hospital,4.08,UCH (University College),11.33
N200QP,51.62366,-0.17601,North,Barnet Hospital,4.04,Royal Free Hospital,7.87,Barnet Hospital,4.04,UCH (University College),11.35
N200QQ,51.622903,-0.175289,North,Barnet Hospital,4.14,Royal Free Hospital,7.78,Barnet Hospital,4.14,UCH (University College),11.25
N200QR,51.624252,-0.175914,North,Barnet Hospital,4.0,Royal Free Hospital,7.93,Barnet Hospital,4.0,UCH (University College),11.41
N200QS,51.624972,-0.175322,North,Barnet Hospital,3.97,Royal Free Hospital,8.01,Barnet Hospital,3.97,UCH (University College),11.48
N200QT,51.625699,-0.174686,North,Barnet Hospital,3.94,Royal Free Hospital,8.09,Barnet Hospital,3.94,UCH (University College),11.55
N200QU,51.625031,-0.175102,North,Barnet Hospital,3.98,Royal Free Hospital,8.02,Barnet Hospital,3.98,UCH (University College),11.48
N200QW,51.623965,-0.175969,North,Barnet Hospital,4.02,Royal Free Hospital,7.9,Barnet Hospital,4.02,UCH (University College),11.38
N200QX,51.625874,-0.175545,North,Barnet Hospital,3.89,Royal Free Hospital,8.11,Barnet Hospital,3.89,UCH (University College),11.58
N200QY,51.629864,-0.173651,North,Barnet Hospital,3.69,Royal Free Hospital,8.54,Barnet Hospital,3.69,UCH (University College),11.98
N200QZ,51.626105,-0.175348,North,Barnet Hospital,3.88,Royal Free Hospital,8.14,Barnet Hospital,3.88,UCH (University College),11.6
N200RA,51.6269,-0.174999,North,Barnet Hospital,3.83,Royal Free Hospital,8.22,Barnet Hospital,3.83,UCH (University College),11.68
N200RB,51.627318,-0.174707,North,Barnet Hospital,3.82,Royal Free Hospital,8.27,Barnet Hospital,3.82,UCH (University College),11.72
N200RD,51.623462,-0.165616,North,Barnet Hospital,4.57,Royal Free Hospital,7.81,Barnet Hospital,4.57,UCH (University College),11.17
N200RE,51.629864,-0.173651,North,Barnet Hospital,3.69,Royal Free Hospital,8.54,Barnet Hospital,3.69,UCH (University College),11.98
N200RF,51.625819,-0.165102,North,Barnet Hospital,4.43,Royal Free Hospital,8.07,Barnet Hospital,4.43,UCH (University College),11.42
N200RG,51.629864,-0.173651,North,Barnet Hospital,3.69,Royal Free Hospital,8.54,Barnet Hospital,3.69,UCH (University College),11.98
N200RH,51.624573,-0.156744,North,Barnet Hospital,4.97,Royal Free Hospital,7.96,Barnet Hospital,4.97,UCH (University College),11.19
N200RJ,51.624889,-0.156254,North,Barnet Hospital,4.98,Royal Free Hospital,8.0,Barnet Hospital,4.98,Homerton University,11.21
N200RL,51.62494,-0.156584,North,Barnet Hospital,4.96,Royal Free Hospital,8.0,Barnet Hospital,4.96,UCH (University College),11.23
N200RN,51.625167,-0.155607,North,Barnet Hospital,5.0,Royal Free Hospital,8.03,Barnet Hospital,5.0,Homerton University,11.2
N200RP,51.625508,-0.155015,North,Barnet Hospital,5.01,Royal Free Hospital,8.07,Barnet Hospital,5.01,Homerton University,11.2
N200RQ,51.629864,-0.173651,North,Barnet Hospital,3.69,Royal Free Hospital,8.54,Barnet Hospital,3.69,UCH (University College),11.98
N200RR,51.622952,-0.154252,North,Barnet Hospital,5.22,Royal Free Hospital,7.79,Barnet Hospital,5.22,Homerton University,10.96
N200RS,51.624259,-0.155037,North,Barnet Hospital,5.09,Royal Free Hospital,7.93,Barnet Hospital,5.09,Homerton University,11.1
N200RT,51.624247,-0.154258,North,Barnet Hospital,5.13,Royal Free Hospital,7.94,Barnet Hospital,5.13,Homerton University,11.06
N200RU,51.623524,-0.153463,North,Barnet Hospital,5.22,Royal Free Hospital,7.86,Barnet Hospital,5.22,Homerton University,10.97
N200RW,51.62326,-0.153864,North,Barnet Hospital,5.22,Royal Free Hospital,7.83,Barnet Hospital,5.22,Homerton University,10.97
N200RX,51.622011,-0.15221,North,Barnet Hospital,5.39,Royal Free Hospital,7.71,Barnet Hospital,5.39,Homerton University,10.79
N200RY,51.622676,-0.153917,North,Barnet Hospital,5.25,Royal Free Hospital,7.77,Barnet Hospital,5.25,Homerton University,10.92
N200RZ,51.623008,-0.153253,North,Barnet Hospital,5.27,Royal Free Hospital,7.81,Barnet Hospital,5.27,Homerton University,10.92
N200SA,51.622677,-0.155073,North,Barnet Hospital,5.19,Royal Free Hospital,7.76,Barnet Hospital,5.19,UCH (University College),10.97
N200SB,51.622635,-0.154727,North,Barnet Hospital,5.21,Royal Free Hospital,7.76,Barnet Hospital,5.21,UCH (University College),10.96
N200SD,51.622746,-0.155489,North,Barnet Hospital,5.16,Royal Free Hospital,7.76,Barnet Hospital,5.16,UCH (University College),10.98
N200SE,51.623344,-0.154612,North,Barnet Hospital,5.17,Royal Free Hospital,7.84,Barnet Hospital,5.17,Homerton University,11.01
N200SF,51.629864,-0.173651,North,Barnet Hospital,3.69,Royal Free Hospital,8.54,Barnet Hospital,3.69,UCH (University College),11.98
N200SG,51.623705,-0.154713,North,Barnet Hospital,5.14,Royal Free Hospital,7.87,Barnet Hospital,5.14,Homerton University,11.04
N200SH,51.623522,-0.154533,North,Barnet Hospital,5.16,Royal Free Hospital,7.86,Barnet Hospital,5.16,Homerton University,11.02
N200SJ,51.622436,-0.156339,North,Barnet Hospital,5.14,Royal Free Hospital,7.72,Barnet Hospital,5.14,UCH (University College),10.95
N200SL,51.622613,-0.156187,North,Barnet Hospital,5.13,Royal Free Hospital,7.74,Barnet Hospital,5.13,UCH (University College),10.97
N200SN,51.622913,-0.156378,North,Barnet Hospital,5.1,Royal Free Hospital,7.78,Barnet Hospital,5.1,UCH (University College),11.01
N200SP,51.624059,-0.155493,North,Barnet Hospital,5.07,Royal Free Hospital,7.91,Barnet Hospital,5.07,Homerton University,11.11
N200SQ,51.629864,-0.173651,North,Barnet Hospital,3.69,Royal Free Hospital,8.54,Barnet Hospital,3.69,UCH (University College),11.98
N200SR,51.623451,-0.156861,North,Barnet Hospital,5.04,Royal Free Hospital,7.83,Barnet Hospital,5.04,UCH (University College),11.07
N200SS,51.622908,-0.157808,North,Barnet Hospital,5.02,Royal Free Hospital,7.77,Barnet Hospital,5.02,UCH (University College),11.02
N200ST,51.623742,-0.157081,North,Barnet Hospital,5.01,Royal Free Hospital,7.86,Barnet Hospital,5.01,UCH (University College),11.11
N200SU,51.628656,-0.164799,North,Barnet Hospital,4.26,Royal Free Hospital,8.39,Barnet Hospital,4.26,UCH (University College),11.73
N200SW,51.623072,-0.156761,North,Barnet Hospital,5.07,Royal Free Hospital,7.79,Barnet Hospital,5.07,UCH (University College),11.03
N200SX,51.622969,-0.157054,North,Barnet Hospital,5.06,Royal Free Hospital,7.78,Barnet Hospital,5.06,UCH (University College),11.02
N200SY,51.623551,-0.156381,North,Barnet Hospital,5.06,Royal Free Hospital,7.85,Barnet Hospital,5.06,UCH (University College),11.08
N200SZ,51.629864,-0.173651,North,Barnet Hospital,3.69,Royal Free Hospital,8.54,Barnet Hospital,3.69,UCH (University College),11.98
N200TA,51.628983,-0.165552,North,Barnet Hospital,4.19,Royal Free Hospital,8.43,Barnet Hospital,4.19,UCH (University College),11.77
N200TB,51.6289,-0.165411,North,Barnet Hospital,4.2,Royal Free Hospital,8.42,Barnet Hospital,4.2,UCH (University College),11.76
N200TD,51.628516,-0.164487,North,Barnet Hospital,4.28,Royal Free Hospital,8.37,Barnet Hospital,4.28,UCH (University College),11.71
N200TE,51.628825,-0.165226,North,Barnet Hospital,4.22,Royal Free Hospital,8.41,Barnet Hospital,4.22,UCH (University College),11.75
N200TF,51.628759,-0.165055,North,Barnet Hospital,4.23,Royal Free Hospital,8.4,Barnet Hospital,4.23,UCH (University College),11.74
N200TG,51.628785,-0.163855,North,Barnet Hospital,4.3,Royal Free Hospital,8.41,Barnet Hospital,4.3,UCH (University College),11.73
N200TH,51.630033,-0.160814,North,Barnet Hospital,4.4,Royal Free Hospital,8.55,Barnet Hospital,4.4,UCH (University College),11.83
N200TJ,51.630255,-0.160097,North,Barnet Hospital,4.43,Royal Free Hospital,8.58,Barnet Hospital,4.43,Homerton University,11.83
N200TL,51.629791,-0.161474,North,Barnet Hospital,4.38,Royal Free Hospital,8.52,Barnet Hospital,4.38,UCH (University College),11.81
N200TN,51.629385,-0.161389,North,Barnet Hospital,4.41,Royal Free Hospital,8.48,Barnet Hospital,4.41,UCH (University College),11.77
N200TP,51.629126,-0.160908,North,Barnet Hospital,4.45,Royal Free Hospital,8.45,Barnet Hospital,4.45,UCH (University College),11.74
N200TQ,51.629559,-0.163275,North,Barnet Hospital,4.29,Royal Free Hospital,8.49,Barnet Hospital,4.29,UCH (University College),11.81
N200TR,51.628445,-0.161644,North,Barnet Hospital,4.45,Royal Free Hospital,8.37,Barnet Hospital,4.45,UCH (University College),11.67
N200TS,51.629139,-0.162902,North,Barnet Hospital,4.33,Royal Free Hospital,8.45,Barnet Hospital,4.33,UCH (University College),11.76
N200TT,51.628832,-0.162827,North,Barnet Hospital,4.36,Royal Free Hospital,8.41,Barnet Hospital,4.36,UCH (University College),11.72
N200TU,51.628163,-0.16258,North,Barnet Hospital,4.41,Royal Free Hospital,8.34,Barnet Hospital,4.41,UCH (University College),11.65
N200TW,51.630288,-0.159315,North,Barnet Hospital,4.47,Royal Free Hospital,8.58,Barnet Hospital,4.47,Homerton University,11.8
N200TX,51.626724,-0.160283,North,Barnet Hospital,4.63,Royal Free Hospital,8.18,Barnet Hospital,4.63,UCH (University College),11.47
N200TY,51.629864,-0.173651,North,Barnet Hospital,3.69,Royal Free Hospital,8.54,Barnet Hospital,3.69,UCH (University College),11.98
N200TZ,51.626532,-0.160666,North,Barnet Hospital,4.62,Royal Free Hospital,8.16,Barnet Hospital,4.62,UCH (University College),11.45
N200UA,51.62713,-0.161524,North,Barnet Hospital,4.54,Royal Free Hospital,8.23,Barnet Hospital,4.54,UCH (University College),11.52
N200UB,51.626995,-0.163219,North,Barnet Hospital,4.45,Royal Free Hospital,8.21,Barnet Hospital,4.45,UCH (University College),11.53
N200UD,51.626425,-0.165294,North,Barnet Hospital,4.38,Royal Free Hospital,8.14,Barnet Hospital,4.38,UCH (University College),11.49
N200UE,51.627013,-0.164375,North,Barnet Hospital,4.39,Royal Free Hospital,8.21,Barnet Hospital,4.39,UCH (University College),11.54
N200UF,51.629864,-0.173651,North,Barnet Hospital,3.69,Royal Free Hospital,8.54,Barnet Hospital,3.69,UCH (University College),11.98
N200UG,51.627944,-0.162935,North,Barnet Hospital,4.41,Royal Free Hospital,8.31,Barnet Hospital,4.41,UCH (University College),11.63
N200UH,51.62754,-0.164729,North,Barnet Hospital,4.33,Royal Free Hospital,8.27,Barnet Hospital,4.33,UCH (University College),11.6
N200UJ,51.627813,-0.16492,North,Barnet Hospital,4.3,Royal Free Hospital,8.3,Barnet Hospital,4.3,UCH (University College),11.64
N200UL,51.628365,-0.164002,North,Barnet Hospital,4.32,Royal Free Hospital,8.36,Barnet Hospital,4.32,UCH (University College),11.69
N200UN,51.629864,-0.173651,North,Barnet Hospital,3.69,Royal Free Hospital,8.54,Barnet Hospital,3.69,UCH (University College),11.98
N200UP,51.629864,-0.173651,North,Barnet Hospital,3.69,Royal Free Hospital,8.54,Barnet Hospital,3.69,UCH (University College),11.98
N200UQ,51.629864,-0.173651,North,Barnet Hospital,3.69,Royal Free Hospital,8.54,Barnet Hospital,3.69,UCH (University College),11.98
N200UR,51.629864,-0.173651,North,Barnet Hospital,3.69,Royal Free Hospital,8.54,Barnet Hospital,3.69,UCH (University College),11.98
N200US,51.629864,-0.173651,North,Barnet Hospital,3.69,Royal Free Hospital,8.54,Barnet Hospital,3.69,UCH (University College),11.98
N200UT,51.62538,-0.160034,North,Barnet Hospital,4.74,Royal Free Hospital,8.03,Barnet Hospital,4.74,UCH (University College),11.31
N200UU,51.62528,-0.161656,North,Barnet Hospital,4.65,Royal Free Hospital,8.02,Barnet Hospital,4.65,UCH (University College),11.32
N200UW,51.629864,-0.173651,North,Barnet Hospital,3.69,Royal Free Hospital,8.54,Barnet Hospital,3.69,UCH (University College),11.98
N200UX,51.624283,-0.161191,North,Barnet Hospital,4.75,Royal Free Hospital,7.91,Barnet Hospital,4.75,UCH (University College),11.21
N200UY,51.623323,-0.160738,North,Barnet Hospital,4.84,Royal Free Hospital,7.8,Barnet Hospital,4.84,UCH (University College),11.1
N200UZ,51.622353,-0.160229,North,Barnet Hospital,4.93,Royal Free Hospital,7.7,Barnet Hospital,4.93,UCH (University College),10.98
N200WA,51.629864,-0.173651,North,Barnet Hospital,3.69,Royal Free Hospital,8.54,Barnet Hospital,3.69,UCH (University College),11.98
N200WB,51.629749,-0.173772,North,Barnet Hospital,3.69,Royal Free Hospital,8.53,Barnet Hospital,3.69,UCH (University College),11.97
N200WD,51.629864,-0.173651,North,Barnet Hospital,3.69,Royal Free Hospital,8.54,Barnet Hospital,3.69,UCH (University College),11.98
N200WE,51.629864,-0.173651,North,Barnet Hospital,3.69,Royal Free Hospital,8.54,Barnet Hospital,3.69,UCH (University College),11.98
N200WF,51.629864,-0.173651,North,Barnet Hospital,3.69,Royal Free Hospital,8.54,Barnet Hospital,3.69,UCH (University College),11.98
N200WG,51.629864,-0.173651,North,Barnet Hospital,3.69,Royal Free Hospital,8.54,Barnet Hospital,3.69,UCH (University College),11.98
N200WH,51.629864,-0.173651,North,Barnet Hospital,3.69,Royal Free Hospital,8.54,Barnet Hospital,3.69,UCH (University College),11.98
N200WJ,51.629864,-0.173651,North,Barnet Hospital,3.69,Royal Free Hospital,8.54,Barnet Hospital,3.69,UCH (University College),11.98
N200WL,51.629864,-0.173651,North,Barnet Hospital,3.69,Royal Free Hospital,8.54,Barnet Hospital,3.69,UCH (University College),11.98
N200WN,51.629864,-0.173651,North,Barnet Hospital,3.69,Royal Free Hospital,8.54,Barnet Hospital,3.69,UCH (University College),11.98
N200WP,51.629864,-0.173651,North,Barnet Hospital,3.69,Royal Free Hospital,8.54,Barnet Hospital,3.69,UCH (University College),11.98
N200WQ,51.629864,-0.173651,North,Barnet Hospital,3.69,Royal Free Hospital,8.54,Barnet Hospital,3.69,UCH (University College),11.98
N200WR,51.629864,-0.173651,North,Barnet Hospital,3.69,Royal Free Hospital,8.54,Barnet Hospital,3.69,UCH (University College),11.98
N200WS,51.629864,-0.173651,North,Barnet Hospital,3.69,Royal Free Hospital,8.54,Barnet Hospital,3.69,UCH (University College),11.98
N200WT,51.629749,-0.173772,North,Barnet Hospital,3.69,Royal Free Hospital,8.53,Barnet Hospital,3.69,UCH (University College),11.97
N200WU,51.629864,-0.173651,North,Barnet Hospital,3.69,Royal Free Hospital,8.54,Barnet Hospital,3.69,UCH (University College),11.98
N200WW,51.629864,-0.173651,North,Barnet Hospital,3.69,Royal Free Hospital,8.54,Barnet Hospital,3.69,UCH (University College),11.98
N200WX,51.629864,-0.173651,North,Barnet Hospital,3.69,Royal Free Hospital,8.54,Barnet Hospital,3.69,UCH (University College),11.98
N200WY,51.629864,-0.173651,North,Barnet Hospital,3.69,Royal Free Hospital,8.54,Barnet Hospital,3.69,UCH (University College),11.98
N200WZ,51.629864,-0.173651,North,Barnet Hospital,3.69,Royal Free Hospital,8.54,Barnet Hospital,3.69,UCH (University College),11.98
N200XA,51.6225,-0.161017,North,Barnet Hospital,4.88,Royal Free Hospital,7.71,Barnet Hospital,4.88,UCH (University College),11.01
N200XB,51.620866,-0.159465,North,Barnet Hospital,5.08,Royal Free Hospital,7.54,Barnet Hospital,5.08,UCH (University College),10.81
N200XD,51.621025,-0.158679,North,Barnet Hospital,5.11,Royal Free Hospital,7.56,Barnet Hospital,5.11,UCH (University College),10.82
N200XE,51.620844,-0.160911,North,Barnet Hospital,5.01,Royal Free Hospital,7.53,Barnet Hospital,5.01,UCH (University College),10.83
N200XF,51.629864,-0.173651,North,Barnet Hospital,3.69,Royal Free Hospital,8.54,Barnet Hospital,3.69,UCH (University College),11.98
N200XG,51.62208,-0.16232,North,Barnet Hospital,4.84,Royal Free Hospital,7.66,Barnet Hospital,4.84,UCH (University College),10.98
N200XH,51.621671,-0.161499,North,Barnet Hospital,4.91,Royal Free Hospital,7.62,Barnet Hospital,4.91,UCH (University College),10.92
N200XJ,51.619879,-0.159043,North,Barnet Hospital,5.17,Royal Free Hospital,7.43,Barnet Hospital,5.17,UCH (University College),10.7
N200XL,51.619846,-0.158033,North,Barnet Hospital,5.23,Royal Free Hospital,7.43,Barnet Hospital,5.23,UCH (University College),10.69
N200XN,51.619376,-0.155611,North,Barnet Hospital,5.39,Royal Free Hospital,7.39,Barnet Hospital,5.39,UCH (University College),10.61
N200XP,51.6189,-0.157349,North,Barnet Hospital,5.33,Royal Free Hospital,7.33,Barnet Hospital,5.33,UCH (University College),10.57
N200XQ,51.629864,-0.173651,North,Barnet Hospital,3.69,Royal Free Hospital,8.54,Barnet Hospital,3.69,UCH (University College),11.98
N200XR,51.629864,-0.173651,North,Barnet Hospital,3.69,Royal Free Hospital,8.54,Barnet Hospital,3.69,UCH (University College),11.98
N200XS,51.619196,-0.15845,North,Barnet Hospital,5.25,Royal Free Hospital,7.35,Barnet Hospital,5.25,UCH (University College),10.62
N200XT,51.618504,-0.159648,North,Barnet Hospital,5.25,Royal Free Hospital,7.27,Barnet Hospital,5.25,UCH (University College),10.56
N200XU,51.619542,-0.15988,North,Barnet Hospital,5.16,Royal Free Hospital,7.39,Barnet Hospital,5.16,UCH (University College),10.67
N200XW,51.629864,-0.173651,North,Barnet Hospital,3.69,Royal Free Hospital,8.54,Barnet Hospital,3.69,UCH (University College),11.98
N200XX,51.629864,-0.173651,North,Barnet Hospital,3.69,Royal Free Hospital,8.54,Barnet Hospital,3.69,UCH (University College),11.98
N200XY,51.629864,-0.173651,North,Barnet Hospital,3.69,Royal Free Hospital,8.54,Barnet Hospital,3.69,UCH (University College),11.98
N200XZ,51.620462,-0.161793,North,Barnet Hospital,4.99,Royal Free Hospital,7.48,Barnet Hospital,4.99,UCH (University College),10.79
N200YA,51.629864,-0.173651,North,Barnet Hospital,3.69,Royal Free Hospital,8.54,Barnet Hospital,3.69,UCH (University College),11.98
N200YB,51.629864,-0.173651,North,Barnet Hospital,3.69,Royal Free Hospital,8.54,Barnet Hospital,3.69,UCH (University College),11.98
N200YD,51.625861,-0.170677,North,Barnet Hospital,4.13,Royal Free Hospital,8.09,Barnet Hospital,4.13,UCH (University College),11.5
N200YE,51.629864,-0.173651,North,Barnet Hospital,3.69,Royal Free Hospital,8.54,Barnet Hospital,3.69,UCH (University College),11.98
N200YF,51.629864,-0.173651,North,Barnet Hospital,3.69,Royal Free Hospital,8.54,Barnet Hospital,3.69,UCH (University College),11.98
N200YG,51.625819,-0.165102,North,Barnet Hospital,4.43,Royal Free Hospital,8.07,Barnet Hospital,4.43,UCH (University College),11.42
N200YH,51.623692,-0.176904,North,Barnet Hospital,4.0,Royal Free Hospital,7.88,Barnet Hospital,4.0,UCH (University College),11.37
N200YJ,51.629864,-0.173651,North,Barnet Hospital,3.69,Royal Free Hospital,8.54,Barnet Hospital,3.69,UCH (University College),11.98
N200YL,51.629864,-0.173651,North,Barnet Hospital,3.69,Royal Free Hospital,8.54,Barnet Hospital,3.69,UCH (University College),11.98
N200YN,51.629864,-0.173651,North,Barnet Hospital,3.69,Royal Free Hospital,8.54,Barnet Hospital,3.69,UCH (University College),11.98
N200YP,51.629864,-0.173651,North,Barnet Hospital,3.69,Royal Free Hospital,8.54,Barnet Hospital,3.69,UCH (University College),11.98
N200YQ,51.629864,-0.173651,North,Barnet Hospital,3.69,Royal Free Hospital,8.54,Barnet Hospital,3.69,UCH (University College),11.98
N200YR,51.624677,-0.175435,North,Barnet Hospital,3.99,Royal Free Hospital,7.98,Barnet Hospital,3.99,UCH (University College),11.45
N200YS,51.629749,-0.173772,North,Barnet Hospital,3.69,Royal Free Hospital,8.53,Barnet Hospital,3.69,UCH (University College),11.97
N200YT,51.629864,-0.173651,North,Barnet Hospital,3.69,Royal Free Hospital,8.54,Barnet Hospital,3.69,UCH (University College),11.98
N200YU,51.629864,-0.173651,North,Barnet Hospital,3.69,Royal Free Hospital,8.54,Barnet Hospital,3.69,UCH (University College),11.98
N200YW,51.629864,-0.173651,North,Barnet Hospital,3.69,Royal Free Hospital,8.54,Barnet Hospital,3.69,UCH (University College),11.98
N200YX,51.629864,-0.173651,North,Barnet Hospital,3.69,Royal Free Hospital,8.54,Barnet Hospital,3.69,UCH (University College),11.98
N200YY,51.624765,-0.175344,North,Barnet Hospital,3.99,Royal Free Hospital,7.99,Barnet Hospital,3.99,UCH (University College),11.46
N200YZ,51.626832,-0.174712,North,Barnet Hospital,3.85,Royal Free Hospital,8.21,Barnet Hospital,3.85,UCH (University College),11.67
N200ZA,51.629864,-0.173651,North,Barnet Hospital,3.69,Royal Free Hospital,8.54,Barnet Hospital,3.69,UCH (University College),11.98
N200ZB,51.625819,-0.165102,North,Barnet Hospital,4.43,Royal Free Hospital,8.07,Barnet Hospital,4.43,UCH (University College),11.42
N200ZD,51.625819,-0.165102,North,Barnet Hospital,4.43,Royal Free Hospital,8.07,Barnet Hospital,4.43,UCH (University College),11.42
N200ZE,51.625819,-0.165102,North,Barnet Hospital,4.43,Royal Free Hospital,8.07,Barnet Hospital,4.43,UCH (University College),11.42
N200ZF,51.629864,-0.173651,North,Barnet Hospital,3.69,Royal Free Hospital,8.54,Barnet Hospital,3.69,UCH (University College),11.98
N200ZG,51.629864,-0.173651,North,Barnet Hospital,3.69,Royal Free Hospital,8.54,Barnet Hospital,3.69,UCH (University College),11.98
N200ZH,51.629864,-0.173651,North,Barnet Hospital,3.69,Royal Free Hospital,8.54,Barnet Hospital,3.69,UCH (University College),11.98
N200ZJ,51.625819,-0.165102,North,Barnet Hospital,4.43,Royal Free Hospital,8.07,Barnet Hospital,4.43,UCH (University College),11.42
N200ZL,51.629864,-0.173651,North,Barnet Hospital,3.69,Royal Free Hospital,8.54,Barnet Hospital,3.69,UCH (University College),11.98
N200ZN,51.629864,-0.173651,North,Barnet Hospital,3.69,Royal Free Hospital,8.54,Barnet Hospital,3.69,UCH (University College),11.98
N200ZP,51.629864,-0.173651,North,Barnet Hospital,3.69,Royal Free Hospital,8.54,Barnet Hospital,3.69,UCH (University College),11.98
N200ZQ,51.629864,-0.173651,North,Barnet Hospital,3.69,Royal Free Hospital,8.54,Barnet Hospital,3.69,UCH (University College),11.98
N200ZR,51.629864,-0.173651,North,Barnet Hospital,3.69,Royal Free Hospital,8.54,Barnet Hospital,3.69,UCH (University College),11.98
N200ZS,51.629864,-0.173651,North,Barnet Hospital,3.69,Royal Free Hospital,8.54,Barnet Hospital,3.69,UCH (University College),11.98
N200ZT,51.629864,-0.173651,North,Barnet Hospital,3.69,Royal Free Hospital,8.54,Barnet Hospital,3.69,UCH (University College),11.98
N200ZU,51.629864,-0.173651,North,Barnet Hospital,3.69,Royal Free Hospital,8.54,Barnet Hospital,3.69,UCH (University College),11.98
N202AE,51.629783,-0.17364,North,Barnet Hospital,3.69,Royal Free Hospital,8.53,Barnet Hospital,3.69,UCH (University College),11.97
N202AG,51.629864,-0.173651,North,Barnet Hospital,3.69,Royal Free Hospital,8.54,Barnet Hospital,3.69,UCH (University College),11.98
N202AL,51.629864,-0.173651,North,Barnet Hospital,3.69,Royal Free Hospital,8.54,Barnet Hospital,3.69,UCH (University College),11.98
N202AP,51.629864,-0.173651,North,Barnet Hospital,3.69,Royal Free Hospital,8.54,Barnet Hospital,3.69,UCH (University College),11.98
N202AQ,51.629864,-0.173651,North,Barnet Hospital,3.69,Royal Free Hospital,8.54,Barnet Hospital,3.69,UCH (University College),11.98
N202AR,51.629864,-0.173651,North,Barnet Hospital,3.69,Royal Free Hospital,8.54,Barnet Hospital,3.69,UCH (University College),11.98
N202AS,51.629864,-0.173651,North,Barnet Hospital,3.69,Royal Free Hospital,8.54,Barnet Hospital,3.69,UCH (University College),11.98
N202AU,51.629864,-0.173651,North,Barnet Hospital,3.69,Royal Free Hospital,8.54,Barnet Hospital,3.69,UCH (University College),11.98
N202AX,51.629864,-0.173651,North,Barnet Hospital,3.69,Royal Free Hospital,8.54,Barnet Hospital,3.69,UCH (University College),11.98
N202AY,51.629864,-0.173651,North,Barnet Hospital,3.69,Royal Free Hospital,8.54,Barnet Hospital,3.69,UCH (University College),11.98
N202BD,51.629864,-0.173651,North,Barnet Hospital,3.69,Royal Free Hospital,8.54,Barnet Hospital,3.69,UCH (University College),11.98
N202BE,51.629864,-0.173651,North,Barnet Hospital,3.69,Royal Free Hospital,8.54,Barnet Hospital,3.69,UCH (University College),11.98
N202BG,51.629864,-0.173651,North,Barnet Hospital,3.69,Royal Free Hospital,8.54,Barnet Hospital,3.69,UCH (University College),11.98
N202BL,51.629864,-0.173651,North,Barnet Hospital,3.69,Royal Free Hospital,8.54,Barnet Hospital,3.69,UCH (University College),11.98
N202BN,51.629864,-0.173651,North,Barnet Hospital,3.69,Royal Free Hospital,8.54,Barnet Hospital,3.69,UCH (University College),11.98
N202BP,51.629864,-0.173651,North,Barnet Hospital,3.69,Royal Free Hospital,8.54,Barnet Hospital,3.69,UCH (University College),11.98
N202BQ,51.629783,-0.17364,North,Barnet Hospital,3.69,Royal Free Hospital,8.53,Barnet Hospital,3.69,UCH (University College),11.97
N202BR,51.629864,-0.173651,North,Barnet Hospital,3.69,Royal Free Hospital,8.54,Barnet Hospital,3.69,UCH (University College),11.98
N202BS,51.629864,-0.173651,North,Barnet Hospital,3.69,Royal Free Hospital,8.54,Barnet Hospital,3.69,UCH (University College),11.98
N202BT,51.629749,-0.173772,North,Barnet Hospital,3.69,Royal Free Hospital,8.53,Barnet Hospital,3.69,UCH (University College),11.97
N202BU,51.629864,-0.173651,North,Barnet Hospital,3.69,Royal Free Hospital,8.54,Barnet Hospital,3.69,UCH (University College),11.98
N202BW,51.629864,-0.173651,North,Barnet Hospital,3.69,Royal Free Hospital,8.54,Barnet Hospital,3.69,UCH (University College),11.98
N202BX,51.629864,-0.173651,North,Barnet Hospital,3.69,Royal Free Hospital,8.54,Barnet Hospital,3.69,UCH (University College),11.98
N202BY,51.629783,-0.17364,North,Barnet Hospital,3.69,Royal Free Hospital,8.53,Barnet Hospital,3.69,UCH (University College),11.97
N202BZ,51.629749,-0.173772,North,Barnet Hospital,3.69,Royal Free Hospital,8.53,Barnet Hospital,3.69,UCH (University College),11.97
N202DA,51.629864,-0.173651,North,Barnet Hospital,3.69,Royal Free Hospital,8.54,Barnet Hospital,3.69,UCH (University College),11.98
N202DB,51.629749,-0.173772,North,Barnet Hospital,3.69,Royal Free Hospital,8.53,Barnet Hospital,3.69,UCH (University College),11.97
N202DD,51.629783,-0.17364,North,Barnet Hospital,3.69,Royal Free Hospital,8.53,Barnet Hospital,3.69,UCH (University College),11.97
N202DE,51.629783,-0.17364,North,Barnet Hospital,3.69,Royal Free Hospital,8.53,Barnet Hospital,3.69,UCH (University College),11.97
N202DF,51.629749,-0.173772,North,Barnet Hospital,3.69,Royal Free Hospital,8.53,Barnet Hospital,3.69,UCH (University College),11.97
N202DG,51.629749,-0.173772,North,Barnet Hospital,3.69,Royal Free Hospital,8.53,Barnet Hospital,3.69,UCH (University College),11.97
N202DH,51.629749,-0.173772,North,Barnet Hospital,3.69,Royal Free Hospital,8.53,Barnet Hospital,3.69,UCH (University College),11.97
N202DJ,51.629749,-0.173772,North,Barnet Hospital,3.69,Royal Free Hospital,8.53,Barnet Hospital,3.69,UCH (University College),11.97
N202DL,51.629749,-0.173772,North,Barnet Hospital,3.69,Royal Free Hospital,8.53,Barnet Hospital,3.69,UCH (University College),11.97
N202DN,51.629749,-0.173772,North,Barnet Hospital,3.69,Royal Free Hospital,8.53,Barnet Hospital,3.69,UCH (University College),11.97
N202DP,51.629749,-0.173772,North,Barnet Hospital,3.69,Royal Free Hospital,8.53,Barnet Hospital,3.69,UCH (University College),11.97
N202DQ,51.629749,-0.173772,North,Barnet Hospital,3.69,Royal Free Hospital,8.53,Barnet Hospital,3.69,UCH (University College),11.97
N202DR,51.629749,-0.173772,North,Barnet Hospital,3.69,Royal Free Hospital,8.53,Barnet Hospital,3.69,UCH (University College),11.97
N202DS,51.629749,-0.173772,North,Barnet Hospital,3.69,Royal Free Hospital,8.53,Barnet Hospital,3.69,UCH (University College),11.97
N202DT,51.629749,-0.173772,North,Barnet Hospital,3.69,Royal Free Hospital,8.53,Barnet Hospital,3.69,UCH (University College),11.97
N202DU,51.629749,-0.173772,North,Barnet Hospital,3.69,Royal Free Hospital,8.53,Barnet Hospital,3.69,UCH (University College),11.97
N202DW,51.629749,-0.173772,North,Barnet Hospital,3.69,Royal Free Hospital,8.53,Barnet Hospital,3.69,UCH (University College),11.97
N202DX,51.629749,-0.173772,North,Barnet Hospital,3.69,Royal Free Hospital,8.53,Barnet Hospital,3.69,UCH (University College),11.97
N202DY,51.629749,-0.173772,North,Barnet Hospital,3.69,Royal Free Hospital,8.53,Barnet Hospital,3.69,UCH (University College),11.97
N202DZ,51.629749,-0.173772,North,Barnet Hospital,3.69,Royal Free Hospital,8.53,Barnet Hospital,3.69,UCH (University College),11.97
N202EA,51.629749,-0.173772,North,Barnet Hospital,3.69,Royal Free Hospital,8.53,Barnet Hospital,3.69,UCH (University College),11.97
N202EB,51.629749,-0.173772,North,Barnet Hospital,3.69,Royal Free Hospital,8.53,Barnet Hospital,3.69,UCH (University College),11.97
N202ED,51.629749,-0.173772,North,Barnet Hospital,3.69,Royal Free Hospital,8.53,Barnet Hospital,3.69,UCH (University College),11.97
N202EE,51.629749,-0.173772,North,Barnet Hospital,3.69,Royal Free Hospital,8.53,Barnet Hospital,3.69,UCH (University College),11.97
N202EG,51.629749,-0.173772,North,Barnet Hospital,3.69,Royal Free Hospital,8.53,Barnet Hospital,3.69,UCH (University College),11.97
N202EH,51.629749,-0.173772,North,Barnet Hospital,3.69,Royal Free Hospital,8.53,Barnet Hospital,3.69,UCH (University College),11.97
N202EJ,51.629749,-0.173772,North,Barnet Hospital,3.69,Royal Free Hospital,8.53,Barnet Hospital,3.69,UCH (University College),11.97
N202EL,51.629749,-0.173772,North,Barnet Hospital,3.69,Royal Free Hospital,8.53,Barnet Hospital,3.69,UCH (University College),11.97
N202EN,51.629749,-0.173772,North,Barnet Hospital,3.69,Royal Free Hospital,8.53,Barnet Hospital,3.69,UCH (University College),11.97
N202EP,51.629749,-0.173772,North,Barnet Hospital,3.69,Royal Free Hospital,8.53,Barnet Hospital,3.69,UCH (University College),11.97
N202EQ,51.629749,-0.173772,North,Barnet Hospital,3.69,Royal Free Hospital,8.53,Barnet Hospital,3.69,UCH (University College),11.97
N202ER,51.629749,-0.173772,North,Barnet Hospital,3.69,Royal Free Hospital,8.53,Barnet Hospital,3.69,UCH (University College),11.97
N202ES,51.629749,-0.173772,North,Barnet Hospital,3.69,Royal Free Hospital,8.53,Barnet Hospital,3.69,UCH (University College),11.97
N202ET,51.629749,-0.173772,North,Barnet Hospital,3.69,Royal Free Hospital,8.53,Barnet Hospital,3.69,UCH (University College),11.97
N202EU,51.629749,-0.173772,North,Barnet Hospital,3.69,Royal Free Hospital,8.53,Barnet Hospital,3.69,UCH (University College),11.97
N202EW,51.629749,-0.173772,North,Barnet Hospital,3.69,Royal Free Hospital,8.53,Barnet Hospital,3.69,UCH (University College),11.97
N202EX,51.629749,-0.173772,North,Barnet Hospital,3.69,Royal Free Hospital,8.53,Barnet Hospital,3.69,UCH (University College),11.97
N208AA,51.636343,-0.208348,North,Barnet Hospital,1.66,Royal Free Hospital,9.71,Barnet Hospital,1.66,UCH (University College),13.39
N208AB,51.634947,-0.207016,North,Barnet Hospital,1.84,Royal Free Hospital,9.53,Barnet Hospital,1.84,UCH (University College),13.21
N208AD,51.635945,-0.208769,North,Barnet Hospital,1.7,Royal Free Hospital,9.68,Barnet Hospital,1.7,Queen Charlottes',13.36
N208AE,51.634703,-0.205205,North,Barnet Hospital,1.91,Royal Free Hospital,9.47,Barnet Hospital,1.91,UCH (University College),13.14
N208AG,51.634238,-0.205368,North,Barnet Hospital,1.95,Royal Free Hospital,9.42,Barnet Hospital,1.95,UCH (University College),13.1
N208AH,51.635238,-0.205444,North,Barnet Hospital,1.85,Royal Free Hospital,9.53,Barnet Hospital,1.85,UCH (University College),13.2
N208AJ,51.634085,-0.204738,North,Barnet Hospital,1.98,Royal Free Hospital,9.4,Barnet Hospital,1.98,UCH (University College),13.07
N208AL,51.633773,-0.199678,North,Barnet Hospital,2.17,Royal Free Hospital,9.27,Barnet Hospital,2.17,UCH (University College),12.91
N208AN,51.634477,-0.198653,North,Barnet Hospital,2.13,Royal Free Hospital,9.32,Barnet Hospital,2.13,UCH (University College),12.96
N208AP,51.635748,-0.198878,North,Barnet Hospital,2.01,Royal Free Hospital,9.47,Barnet Hospital,2.01,UCH (University College),13.1
N208AQ,51.63555,-0.200013,North,Barnet Hospital,1.98,Royal Free Hospital,9.46,Barnet Hospital,1.98,UCH (University College),13.1
N208AS,51.635573,-0.198003,North,Barnet Hospital,2.06,Royal Free Hospital,9.43,Barnet Hospital,2.06,UCH (University College),13.06
N208AT,51.635678,-0.198375,North,Barnet Hospital,2.03,Royal Free Hospital,9.45,Barnet Hospital,2.03,UCH (University College),13.08
N208AU,51.63761,-0.198283,North,Barnet Hospital,1.87,Royal Free Hospital,9.66,Barnet Hospital,1.87,UCH (University College),13.28
N208AW,51.6337,-0.19958,North,Barnet Hospital,2.18,Royal Free Hospital,9.26,Barnet Hospital,2.18,UCH (University College),12.9
N208AX,51.637207,-0.200149,North,Barnet Hospital,1.82,Royal Free Hospital,9.64,Barnet Hospital,1.82,UCH (University College),13.28
N208AY,51.629864,-0.173651,North,Barnet Hospital,3.69,Royal Free Hospital,8.54,Barnet Hospital,3.69,UCH (University College),11.98
N208AZ,51.638846,-0.200344,North,Barnet Hospital,1.67,Royal Free Hospital,9.82,Barnet Hospital,1.67,UCH (University College),13.46
N208BA,51.636884,-0.201419,North,Barnet Hospital,1.81,Royal Free Hospital,9.63,Barnet Hospital,1.81,UCH (University College),13.28
N208BB,51.63578,-0.200914,North,Barnet Hospital,1.93,Royal Free Hospital,9.5,Barnet Hospital,1.93,UCH (University College),13.15
N208BD,51.636901,-0.199554,North,Barnet Hospital,1.88,Royal Free Hospital,9.6,Barnet Hospital,1.88,UCH (University College),13.23
N208BE,51.629749,-0.173772,North,Barnet Hospital,3.69,Royal Free Hospital,8.53,Barnet Hospital,3.69,UCH (University College),11.97
N208BF,51.632653,-0.196414,North,Barnet Hospital,2.39,Royal Free Hospital,9.09,Barnet Hospital,2.39,UCH (University College),12.72
N208BG,51.629864,-0.173651,North,Barnet Hospital,3.69,Royal Free Hospital,8.54,Barnet Hospital,3.69,UCH (University College),11.98
N208BP,51.625377,-0.186979,North,Barnet Hospital,3.42,Royal Free Hospital,8.16,Barnet Hospital,3.42,UCH (University College),11.74
N208BQ,51.629864,-0.173651,North,Barnet Hospital,3.69,Royal Free Hospital,8.54,Barnet Hospital,3.69,UCH (University College),11.98
N208BS,51.627312,-0.185327,North,Barnet Hospital,3.32,Royal Free Hospital,8.36,Barnet Hospital,3.32,UCH (University College),11.91
N208BT,51.625511,-0.187494,North,Barnet Hospital,3.39,Royal Free Hospital,8.18,Barnet Hospital,3.39,UCH (University College),11.77
N208BU,51.627384,-0.185931,North,Barnet Hospital,3.29,Royal Free Hospital,8.37,Barnet Hospital,3.29,UCH (University College),11.93
N208BX,51.625049,-0.189593,North,Barnet Hospital,3.36,Royal Free Hospital,8.16,Barnet Hospital,3.36,UCH (University College),11.76
N208BZ,51.625778,-0.191427,North,Barnet Hospital,3.22,Royal Free Hospital,8.27,Barnet Hospital,3.22,UCH (University College),11.88
N208DA,51.625886,-0.190816,North,Barnet Hospital,3.23,Royal Free Hospital,8.27,Barnet Hospital,3.23,UCH (University College),11.88
N208DB,51.627053,-0.189542,North,Barnet Hospital,3.17,Royal Free Hospital,8.38,Barnet Hospital,3.17,UCH (University College),11.97
N208DD,51.627522,-0.188454,North,Barnet Hospital,3.17,Royal Free Hospital,8.42,Barnet Hospital,3.17,UCH (University College),12.0
N208DE,51.62637,-0.18954,North,Barnet Hospital,3.23,Royal Free Hospital,8.31,Barnet Hospital,3.23,UCH (University College),11.9
N208DF,51.625434,-0.188349,North,Barnet Hospital,3.37,Royal Free Hospital,8.19,Barnet Hospital,3.37,UCH (University College),11.78
N208DG,51.625589,-0.188473,North,Barnet Hospital,3.35,Royal Free Hospital,8.21,Barnet Hospital,3.35,UCH (University College),11.8
N208DH,51.627267,-0.187077,North,Barnet Hospital,3.25,Royal Free Hospital,8.37,Barnet Hospital,3.25,UCH (University College),11.94
N208DJ,51.626814,-0.188049,North,Barnet Hospital,3.25,Royal Free Hospital,8.33,Barnet Hospital,3.25,UCH (University College),11.92
N208DL,51.630327,-0.191333,North,Barnet Hospital,2.8,Royal Free Hospital,8.76,Barnet Hospital,2.8,UCH (University College),12.36
N208DN,51.630458,-0.184103,North,Barnet Hospital,3.11,Royal Free Hospital,8.69,Barnet Hospital,3.11,UCH (University College),12.22
N208DP,51.627187,-0.18539,North,Barnet Hospital,3.33,Royal Free Hospital,8.34,Barnet Hospital,3.33,UCH (University College),11.9
N208DT,51.629864,-0.173651,North,Barnet Hospital,3.69,Royal Free Hospital,8.54,Barnet Hospital,3.69,UCH (University College),11.98
N208DU,51.630345,-0.181998,North,Barnet Hospital,3.22,Royal Free Hospital,8.65,Barnet Hospital,3.22,UCH (University College),12.17
N208DX,51.630682,-0.184629,North,Barnet Hospital,3.07,Royal Free Hospital,8.72,Barnet Hospital,3.07,UCH (University College),12.26
N208DY,51.630327,-0.191333,North,Barnet Hospital,2.8,Royal Free Hospital,8.76,Barnet Hospital,2.8,UCH (University College),12.36
N208DZ,51.630716,-0.187402,North,Barnet Hospital,2.94,Royal Free Hospital,8.75,Barnet Hospital,2.94,UCH (University College),12.32
N208EA,51.629422,-0.188653,North,Barnet Hospital,2.99,Royal Free Hospital,8.63,Barnet Hospital,2.99,UCH (University College),12.21
N208EB,51.629475,-0.188015,North,Barnet Hospital,3.01,Royal Free Hospital,8.62,Barnet Hospital,3.01,UCH (University College),12.2
N208ED,51.628937,-0.185739,North,Barnet Hospital,3.16,Royal Free Hospital,8.54,Barnet Hospital,3.16,UCH (University College),12.09
N208EE,51.62863,-0.184523,North,Barnet Hospital,3.24,Royal Free Hospital,8.49,Barnet Hospital,3.24,UCH (University College),12.04
N208EF,51.628108,-0.186798,North,Barnet Hospital,3.19,Royal Free Hospital,8.46,Barnet Hospital,3.19,UCH (University College),12.03
N208EG,51.628513,-0.185669,North,Barnet Hospital,3.2,Royal Free Hospital,8.49,Barnet Hospital,3.2,UCH (University College),12.05
N208EH,51.628494,-0.187346,North,Barnet Hospital,3.13,Royal Free Hospital,8.51,Barnet Hospital,3.13,UCH (University College),12.08
N208EJ,51.629102,-0.19118,North,Barnet Hospital,2.92,Royal Free Hospital,8.63,Barnet Hospital,2.92,UCH (University College),12.23
N208EL,51.628752,-0.191844,North,Barnet Hospital,2.92,Royal Free Hospital,8.6,Barnet Hospital,2.92,UCH (University College),12.2
N208EN,51.627228,-0.190994,North,Barnet Hospital,3.1,Royal Free Hospital,8.42,Barnet Hospital,3.1,UCH (University College),12.02
N208EP,51.628206,-0.191981,North,Barnet Hospital,2.97,Royal Free Hospital,8.54,Barnet Hospital,2.97,UCH (University College),12.15
N208ER,51.627518,-0.191676,North,Barnet Hospital,3.05,Royal Free Hospital,8.46,Barnet Hospital,3.05,UCH (University College),12.07
N208ES,51.62698,-0.190599,North,Barnet Hospital,3.14,Royal Free Hospital,8.39,Barnet Hospital,3.14,UCH (University College),11.99
N208ET,51.628502,-0.189022,North,Barnet Hospital,3.06,Royal Free Hospital,8.53,Barnet Hospital,3.06,UCH (University College),12.12
N208EU,51.6264,-0.192645,North,Barnet Hospital,3.12,Royal Free Hospital,8.35,Barnet Hospital,3.12,UCH (University College),11.97
N208EW,51.628197,-0.192574,North,Barnet Hospital,2.95,Royal Free Hospital,8.55,Barnet Hospital,2.95,UCH (University College),12.16
N208EX,51.6264,-0.192645,North,Barnet Hospital,3.12,Royal Free Hospital,8.35,Barnet Hospital,3.12,UCH (University College),11.97
N208EY,51.6264,-0.192645,North,Barnet Hospital,3.12,Royal Free Hospital,8.35,Barnet Hospital,3.12,UCH (University College),11.97
N208EZ,51.629864,-0.173651,North,Barnet Hospital,3.69,Royal Free Hospital,8.54,Barnet Hospital,3.69,UCH (University College),11.98
N208HA,51.630112,-0.183207,North,Barnet Hospital,3.18,Royal Free Hospital,8.64,Barnet Hospital,3.18,UCH (University College),12.17
N208HB,51.629993,-0.184859,North,Barnet Hospital,3.11,Royal Free Hospital,8.64,Barnet Hospital,3.11,UCH (University College),12.19
N208HD,51.629647,-0.185133,North,Barnet Hospital,3.13,Royal Free Hospital,8.61,Barnet Hospital,3.13,UCH (University College),12.16
N208HE,51.629278,-0.183413,North,Barnet Hospital,3.24,Royal Free Hospital,8.55,Barnet Hospital,3.24,UCH (University College),12.09
N208HF,51.625412,-0.186905,North,Barnet Hospital,3.42,Royal Free Hospital,8.17,Barnet Hospital,3.42,UCH (University College),11.74
N208HG,51.629502,-0.18274,North,Barnet Hospital,3.25,Royal Free Hospital,8.57,Barnet Hospital,3.25,UCH (University College),12.1
N208HH,51.627642,-0.183421,North,Barnet Hospital,3.37,Royal Free Hospital,8.37,Barnet Hospital,3.37,UCH (University College),11.91
N208HJ,51.627741,-0.184024,North,Barnet Hospital,3.34,Royal Free Hospital,8.39,Barnet Hospital,3.34,UCH (University College),11.93
N208HL,51.625494,-0.185804,North,Barnet Hospital,3.46,Royal Free Hospital,8.16,Barnet Hospital,3.46,UCH (University College),11.73
N208HN,51.625333,-0.18529,North,Barnet Hospital,3.5,Royal Free Hospital,8.14,Barnet Hospital,3.5,UCH (University College),11.7
N208HP,51.623603,-0.186241,North,Barnet Hospital,3.62,Royal Free Hospital,7.96,Barnet Hospital,3.62,UCH (University College),11.54
N208HR,51.623337,-0.186468,North,Barnet Hospital,3.63,Royal Free Hospital,7.93,Barnet Hospital,3.63,UCH (University College),11.52
N208HS,51.623873,-0.188599,North,Barnet Hospital,3.5,Royal Free Hospital,8.02,Barnet Hospital,3.5,UCH (University College),11.62
N208HT,51.624558,-0.19162,North,Barnet Hospital,3.33,Royal Free Hospital,8.14,Barnet Hospital,3.33,UCH (University College),11.76
N208HU,51.624918,-0.191606,North,Barnet Hospital,3.3,Royal Free Hospital,8.18,Barnet Hospital,3.3,UCH (University College),11.8
N208HW,51.623614,-0.186977,North,Barnet Hospital,3.59,Royal Free Hospital,7.97,Barnet Hospital,3.59,UCH (University College),11.56
N208HX,51.624357,-0.189042,North,Barnet Hospital,3.44,Royal Free Hospital,8.08,Barnet Hospital,3.44,UCH (University College),11.68
N208HY,51.623637,-0.188421,North,Barnet Hospital,3.53,Royal Free Hospital,7.99,Barnet Hospital,3.53,UCH (University College),11.59
N208HZ,51.623965,-0.187541,North,Barnet Hospital,3.53,Royal Free Hospital,8.02,Barnet Hospital,3.53,UCH (University College),11.6
N208JA,51.629864,-0.173651,North,Barnet Hospital,3.69,Royal Free Hospital,8.54,Barnet Hospital,3.69,UCH (University College),11.98
N208JB,51.630327,-0.191333,North,Barnet Hospital,2.8,Royal Free Hospital,8.76,Barnet Hospital,2.8,UCH (University College),12.36
N208JD,51.630327,-0.191333,North,Barnet Hospital,2.8,Royal Free Hospital,8.76,Barnet Hospital,2.8,UCH (University College),12.36
N208JG,51.631036,-0.183069,North,Barnet Hospital,3.11,Royal Free Hospital,8.74,Barnet Hospital,3.11,UCH (University College),12.27
N208JH,51.631202,-0.185706,North,Barnet Hospital,2.97,Royal Free Hospital,8.79,Barnet Hospital,2.97,UCH (University College),12.34
N208JJ,51.631543,-0.190302,North,Barnet Hospital,2.74,Royal Free Hospital,8.88,Barnet Hospital,2.74,UCH (University College),12.47
N208JN,51.630978,-0.197405,North,Barnet Hospital,2.51,Royal Free Hospital,8.93,Barnet Hospital,2.51,UCH (University College),12.56
N208JP,51.630541,-0.19355,North,Barnet Hospital,2.69,Royal Free Hospital,8.82,Barnet Hospital,2.69,UCH (University College),12.43
N208JQ,51.629864,-0.173651,North,Barnet Hospital,3.69,Royal Free Hospital,8.54,Barnet Hospital,3.69,UCH (University College),11.98
N208JR,51.632779,-0.198172,North,Barnet Hospital,2.31,Royal Free Hospital,9.13,Barnet Hospital,2.31,UCH (University College),12.77
N208JS,51.631852,-0.198136,North,Barnet Hospital,2.4,Royal Free Hospital,9.03,Barnet Hospital,2.4,UCH (University College),12.67
N208JT,51.631428,-0.195711,North,Barnet Hospital,2.53,Royal Free Hospital,8.95,Barnet Hospital,2.53,UCH (University College),12.57
N208JU,51.631763,-0.19525,North,Barnet Hospital,2.52,Royal Free Hospital,8.98,Barnet Hospital,2.52,UCH (University College),12.6
N208JW,51.629864,-0.173651,North,Barnet Hospital,3.69,Royal Free Hospital,8.54,Barnet Hospital,3.69,UCH (University College),11.98
N208JX,51.632952,-0.197746,North,Barnet Hospital,2.31,Royal Free Hospital,9.15,Barnet Hospital,2.31,UCH (University College),12.78
N208JY,51.632938,-0.197399,North,Barnet Hospital,2.33,Royal Free Hospital,9.14,Barnet Hospital,2.33,UCH (University College),12.77
N208JZ,51.632915,-0.197068,North,Barnet Hospital,2.34,Royal Free Hospital,9.13,Barnet Hospital,2.34,UCH (University College),12.76
N208LA,51.632525,-0.194511,North,Barnet Hospital,2.47,Royal Free Hospital,9.05,Barnet Hospital,2.47,UCH (University College),12.66
N208LB,51.632878,-0.194093,North,Barnet Hospital,2.46,Royal Free Hospital,9.08,Barnet Hospital,2.46,UCH (University College),12.69
N208LD,51.631098,-0.192935,North,Barnet Hospital,2.67,Royal Free Hospital,8.87,Barnet Hospital,2.67,UCH (University College),12.47
N208LE,51.632557,-0.200666,North,Barnet Hospital,2.25,Royal Free Hospital,9.15,Barnet Hospital,2.25,UCH (University College),12.81
N208LL,51.634006,-0.208412,North,Barnet Hospital,1.91,Royal Free Hospital,9.46,Barnet Hospital,1.91,Queen Charlottes',13.15
N208LN,51.63201,-0.208418,North,Barnet Hospital,2.13,Royal Free Hospital,9.25,Barnet Hospital,2.13,Queen Charlottes',12.93
N208LP,51.633855,-0.209689,North,Barnet Hospital,1.91,Royal Free Hospital,9.48,Barnet Hospital,1.91,Queen Charlottes',13.12
N208LQ,51.631925,-0.201095,North,Barnet Hospital,2.3,Royal Free Hospital,9.09,Barnet Hospital,2.3,UCH (University College),12.75
N208LR,51.632845,-0.21363,North,Barnet Hospital,1.99,Royal Free Hospital,9.46,Barnet Hospital,1.99,Queen Charlottes',12.98
N208LS,51.631624,-0.222059,North,Barnet Hospital,2.17,Royal Free Hospital,9.56,Barnet Hospital,2.17,Queen Charlottes',12.78
N208LT,51.631535,-0.219779,North,Barnet Hospital,2.15,Royal Free Hospital,9.49,Barnet Hospital,2.15,Queen Charlottes',12.79
N208LU,51.629886,-0.230262,North,Barnet Hospital,2.54,Royal Free Hospital,9.63,Barnet Hospital,2.54,Queen Charlottes',12.56
N208LY,51.629864,-0.173651,North,Barnet Hospital,3.69,Royal Free Hospital,8.54,Barnet Hospital,3.69,UCH (University College),11.98
N208LZ,51.630878,-0.231003,North,Barnet Hospital,2.46,Royal Free Hospital,9.75,Barnet Hospital,2.46,Queen Charlottes',12.67
N208NB,51.631157,-0.227438,North,Barnet Hospital,2.33,Royal Free Hospital,9.67,Barnet Hospital,2.33,Queen Charlottes',12.71
N208ND,51.63151,-0.226398,North,Barnet Hospital,2.27,Royal Free Hospital,9.67,Barnet Hospital,2.27,Queen Charlottes',12.75
N208NE,51.632798,-0.218863,North,Barnet Hospital,2.01,Royal Free Hospital,9.59,Barnet Hospital,2.01,Queen Charlottes',12.93
N208NF,51.630327,-0.191333,North,Barnet Hospital,2.8,Royal Free Hospital,8.76,Barnet Hospital,2.8,UCH (University College),12.36
N208NG,51.633849,-0.214024,North,Barnet Hospital,1.88,Royal Free Hospital,9.58,Barnet Hospital,1.88,Queen Charlottes',13.08
N208NH,51.633737,-0.215517,North,Barnet Hospital,1.89,Royal Free Hospital,9.6,Barnet Hospital,1.89,Queen Charlottes',13.06
N208NJ,51.634618,-0.213734,North,Barnet Hospital,1.79,Royal Free Hospital,9.65,Barnet Hospital,1.79,Queen Charlottes',13.17
N208NL,51.634479,-0.210546,North,Barnet Hospital,1.83,Royal Free Hospital,9.56,Barnet Hospital,1.83,Queen Charlottes',13.18
N208NQ,51.633811,-0.206801,North,Barnet Hospital,1.97,Royal Free Hospital,9.41,Barnet Hospital,1.97,UCH (University College),13.09
N208NS,51.630436,-0.190231,North,Barnet Hospital,2.84,Royal Free Hospital,8.76,Barnet Hospital,2.84,UCH (University College),12.35
N208NT,51.63051,-0.189202,North,Barnet Hospital,2.87,Royal Free Hospital,8.75,Barnet Hospital,2.87,UCH (University College),12.33
N208NX,51.629911,-0.196421,North,Barnet Hospital,2.65,Royal Free Hospital,8.79,Barnet Hospital,2.65,UCH (University College),12.43
N208NY,51.629162,-0.19687,North,Barnet Hospital,2.71,Royal Free Hospital,8.72,Barnet Hospital,2.71,UCH (University College),12.36
N208PA,51.629611,-0.19389,North,Barnet Hospital,2.77,Royal Free Hospital,8.72,Barnet Hospital,2.77,UCH (University College),12.34
N208PB,51.627888,-0.194132,North,Barnet Hospital,2.92,Royal Free Hospital,8.54,Barnet Hospital,2.92,UCH (University College),12.16
N208PD,51.626273,-0.194369,North,Barnet Hospital,3.07,Royal Free Hospital,8.37,Barnet Hospital,3.07,UCH (University College),12.0
N208PE,51.628387,-0.195586,North,Barnet Hospital,2.83,Royal Free Hospital,8.62,Barnet Hospital,2.83,UCH (University College),12.25
N208PF,51.629749,-0.173772,North,Barnet Hospital,3.69,Royal Free Hospital,8.53,Barnet Hospital,3.69,UCH (University College),11.97
N208PG,51.626202,-0.195022,North,Barnet Hospital,3.06,Royal Free Hospital,8.37,Barnet Hospital,3.06,UCH (University College),12.01
N208PH,51.624767,-0.194632,North,Barnet Hospital,3.21,Royal Free Hospital,8.21,Barnet Hospital,3.21,UCH (University College),11.85
N208PJ,51.629323,-0.197991,North,Barnet Hospital,2.66,Royal Free Hospital,8.76,Barnet Hospital,2.66,UCH (University College),12.41
N208PL,51.625827,-0.195153,North,Barnet Hospital,3.09,Royal Free Hospital,8.33,Barnet Hospital,3.09,UCH (University College),11.97
N208PN,51.631258,-0.199821,North,Barnet Hospital,2.41,Royal Free Hospital,9.0,Barnet Hospital,2.41,UCH (University College),12.65
N208PP,51.632368,-0.201266,North,Barnet Hospital,2.25,Royal Free Hospital,9.15,Barnet Hospital,2.25,UCH (University College),12.8
N208PR,51.632102,-0.19973,North,Barnet Hospital,2.33,Royal Free Hospital,9.09,Barnet Hospital,2.33,UCH (University College),12.74
N208PS,51.634386,-0.20266,North,Barnet Hospital,2.01,Royal Free Hospital,9.39,Barnet Hospital,2.01,UCH (University College),13.05
N208PT,51.634021,-0.201186,North,Barnet Hospital,2.09,Royal Free Hospital,9.32,Barnet Hospital,2.09,UCH (University College),12.97
N208PU,51.636116,-0.202302,North,Barnet Hospital,1.85,Royal Free Hospital,9.57,Barnet Hospital,1.85,UCH (University College),13.22
N208PX,51.635194,-0.202613,North,Barnet Hospital,1.93,Royal Free Hospital,9.47,Barnet Hospital,1.93,UCH (University College),13.13
N208PY,51.625826,-0.195124,North,Barnet Hospital,3.09,Royal Free Hospital,8.33,Barnet Hospital,3.09,UCH (University College),11.97
N208PZ,51.629864,-0.173651,North,Barnet Hospital,3.69,Royal Free Hospital,8.54,Barnet Hospital,3.69,UCH (University College),11.98
N208QA,51.630061,-0.196834,North,Barnet Hospital,2.62,Royal Free Hospital,8.82,Barnet Hospital,2.62,UCH (University College),12.46
N208QF,51.631636,-0.182322,North,Barnet Hospital,3.1,Royal Free Hospital,8.8,Barnet Hospital,3.1,UCH (University College),12.32
N208QG,51.630539,-0.181167,North,Barnet Hospital,3.25,Royal Free Hospital,8.67,Barnet Hospital,3.25,UCH (University College),12.18
N208QH,51.632314,-0.183191,North,Barnet Hospital,3.01,Royal Free Hospital,8.88,Barnet Hospital,3.01,UCH (University College),12.41
N208QJ,51.632178,-0.183659,North,Barnet Hospital,3.0,Royal Free Hospital,8.87,Barnet Hospital,3.0,UCH (University College),12.4
N208QL,51.632776,-0.181626,North,Barnet Hospital,3.06,Royal Free Hospital,8.92,Barnet Hospital,3.06,UCH (University College),12.43
N208QN,51.632069,-0.181857,North,Barnet Hospital,3.1,Royal Free Hospital,8.84,Barnet Hospital,3.1,UCH (University College),12.36
N208QP,51.631807,-0.184107,North,Barnet Hospital,3.0,Royal Free Hospital,8.84,Barnet Hospital,3.0,UCH (University College),12.37
N208QQ,51.630738,-0.181867,North,Barnet Hospital,3.2,Royal Free Hospital,8.7,Barnet Hospital,3.2,UCH (University College),12.21
N208QR,51.633079,-0.185516,North,Barnet Hospital,2.83,Royal Free Hospital,8.99,Barnet Hospital,2.83,UCH (University College),12.53
N208QS,51.632326,-0.186268,North,Barnet Hospital,2.86,Royal Free Hospital,8.92,Barnet Hospital,2.86,UCH (University College),12.47
N208QT,51.632809,-0.186654,North,Barnet Hospital,2.8,Royal Free Hospital,8.97,Barnet Hospital,2.8,UCH (University College),12.53
N208QU,51.632369,-0.187885,North,Barnet Hospital,2.78,Royal Free Hospital,8.94,Barnet Hospital,2.78,UCH (University College),12.5
N208QX,51.632032,-0.185861,North,Barnet Hospital,2.9,Royal Free Hospital,8.88,Barnet Hospital,2.9,UCH (University College),12.43
N208QZ,51.632523,-0.182749,North,Barnet Hospital,3.02,Royal Free Hospital,8.9,Barnet Hospital,3.02,UCH (University College),12.42
N208RA,51.630782,-0.185246,North,Barnet Hospital,3.03,Royal Free Hospital,8.73,Barnet Hospital,3.03,UCH (University College),12.28
N208RD,51.629864,-0.173651,North,Barnet Hospital,3.69,Royal Free Hospital,8.54,Barnet Hospital,3.69,UCH (University College),11.98
N208RE,51.629864,-0.173651,North,Barnet Hospital,3.69,Royal Free Hospital,8.54,Barnet Hospital,3.69,UCH (University College),11.98
N208RF,51.630782,-0.185246,North,Barnet Hospital,3.03,Royal Free Hospital,8.73,Barnet Hospital,3.03,UCH (University College),12.28
N208RG,51.630782,-0.185246,North,Barnet Hospital,3.03,Royal Free Hospital,8.73,Barnet Hospital,3.03,UCH (University College),12.28
N208RH,51.630782,-0.185246,North,Barnet Hospital,3.03,Royal Free Hospital,8.73,Barnet Hospital,3.03,UCH (University College),12.28
N208TL,51.631253,-0.188435,North,Barnet Hospital,2.84,Royal Free Hospital,8.82,Barnet Hospital,2.84,UCH (University College),12.4
N208UZ,51.629864,-0.173651,North,Barnet Hospital,3.69,Royal Free Hospital,8.54,Barnet Hospital,3.69,UCH (University College),11.98
N208WA,51.629864,-0.173651,North,Barnet Hospital,3.69,Royal Free Hospital,8.54,Barnet Hospital,3.69,UCH (University College),11.98
N208WB,51.629864,-0.173651,North,Barnet Hospital,3.69,Royal Free Hospital,8.54,Barnet Hospital,3.69,UCH (University College),11.98
N208WD,51.629864,-0.173651,North,Barnet Hospital,3.69,Royal Free Hospital,8.54,Barnet Hospital,3.69,UCH (University College),11.98
N208WE,51.629864,-0.173651,North,Barnet Hospital,3.69,Royal Free Hospital,8.54,Barnet Hospital,3.69,UCH (University College),11.98
N208WF,51.629864,-0.173651,North,Barnet Hospital,3.69,Royal Free Hospital,8.54,Barnet Hospital,3.69,UCH (University College),11.98
N208WG,51.629864,-0.173651,North,Barnet Hospital,3.69,Royal Free Hospital,8.54,Barnet Hospital,3.69,UCH (University College),11.98
N208WH,51.629864,-0.173651,North,Barnet Hospital,3.69,Royal Free Hospital,8.54,Barnet Hospital,3.69,UCH (University College),11.98
N208WJ,51.629864,-0.173651,North,Barnet Hospital,3.69,Royal Free Hospital,8.54,Barnet Hospital,3.69,UCH (University College),11.98
N208WL,51.629864,-0.173651,North,Barnet Hospital,3.69,Royal Free Hospital,8.54,Barnet Hospital,3.69,UCH (University College),11.98
N208WN,51.629864,-0.173651,North,Barnet Hospital,3.69,Royal Free Hospital,8.54,Barnet Hospital,3.69,UCH (University College),11.98
N208WP,51.629864,-0.173651,North,Barnet Hospital,3.69,Royal Free Hospital,8.54,Barnet Hospital,3.69,UCH (University College),11.98
N208WQ,51.629864,-0.173651,North,Barnet Hospital,3.69,Royal Free Hospital,8.54,Barnet Hospital,3.69,UCH (University College),11.98
N208WR,51.629864,-0.173651,North,Barnet Hospital,3.69,Royal Free Hospital,8.54,Barnet Hospital,3.69,UCH (University College),11.98
N208WS,51.629864,-0.173651,North,Barnet Hospital,3.69,Royal Free Hospital,8.54,Barnet Hospital,3.69,UCH (University College),11.98
N208WT,51.630782,-0.185246,North,Barnet Hospital,3.03,Royal Free Hospital,8.73,Barnet Hospital,3.03,UCH (University College),12.28
N208WU,51.629864,-0.173651,North,Barnet Hospital,3.69,Royal Free Hospital,8.54,Barnet Hospital,3.69,UCH (University College),11.98
N208WW,51.629864,-0.173651,North,Barnet Hospital,3.69,Royal Free Hospital,8.54,Barnet Hospital,3.69,UCH (University College),11.98
N208WX,51.629864,-0.173651,North,Barnet Hospital,3.69,Royal Free Hospital,8.54,Barnet Hospital,3.69,UCH (University College),11.98
N208WY,51.629864,-0.173651,North,Barnet Hospital,3.69,Royal Free Hospital,8.54,Barnet Hospital,3.69,UCH (University College),11.98
N208WZ,51.629864,-0.173651,North,Barnet Hospital,3.69,Royal Free Hospital,8.54,Barnet Hospital,3.69,UCH (University College),11.98
N208XA,51.629864,-0.173651,North,Barnet Hospital,3.69,Royal Free Hospital,8.54,Barnet Hospital,3.69,UCH (University College),11.98
N208XB,51.629864,-0.173651,North,Barnet Hospital,3.69,Royal Free Hospital,8.54,Barnet Hospital,3.69,UCH (University College),11.98
N208XD,51.629864,-0.173651,North,Barnet Hospital,3.69,Royal Free Hospital,8.54,Barnet Hospital,3.69,UCH (University College),11.98
N208XE,51.629864,-0.173651,North,Barnet Hospital,3.69,Royal Free Hospital,8.54,Barnet Hospital,3.69,UCH (University College),11.98
N208XF,51.629864,-0.173651,North,Barnet Hospital,3.69,Royal Free Hospital,8.54,Barnet Hospital,3.69,UCH (University College),11.98
N208XG,51.629864,-0.173651,North,Barnet Hospital,3.69,Royal Free Hospital,8.54,Barnet Hospital,3.69,UCH (University College),11.98
N208XJ,51.629864,-0.173651,North,Barnet Hospital,3.69,Royal Free Hospital,8.54,Barnet Hospital,3.69,UCH (University College),11.98
N208XQ,51.629864,-0.173651,North,Barnet Hospital,3.69,Royal Free Hospital,8.54,Barnet Hospital,3.69,UCH (University College),11.98
N208XT,51.629749,-0.173772,North,Barnet Hospital,3.69,Royal Free Hospital,8.53,Barnet Hospital,3.69,UCH (University College),11.97
N208XX,51.629864,-0.173651,North,Barnet Hospital,3.69,Royal Free Hospital,8.54,Barnet Hospital,3.69,UCH (University College),11.98
N208XY,51.629864,-0.173651,North,Barnet Hospital,3.69,Royal Free Hospital,8.54,Barnet Hospital,3.69,UCH (University College),11.98
N208XZ,51.629864,-0.173651,North,Barnet Hospital,3.69,Royal Free Hospital,8.54,Barnet Hospital,3.69,UCH (University College),11.98
N208YR,51.629864,-0.173651,North,Barnet Hospital,3.69,Royal Free Hospital,8.54,Barnet Hospital,3.69,UCH (University College),11.98
N208ZA,51.629864,-0.173651,North,Barnet Hospital,3.69,Royal Free Hospital,8.54,Barnet Hospital,3.69,UCH (University College),11.98
N208ZB,51.629864,-0.173651,North,Barnet Hospital,3.69,Royal Free Hospital,8.54,Barnet Hospital,3.69,UCH (University College),11.98
N208ZD,51.629864,-0.173651,North,Barnet Hospital,3.69,Royal Free Hospital,8.54,Barnet Hospital,3.69,UCH (University College),11.98
N209AA,51.631338,-0.174156,North,Barnet Hospital,3.56,Royal Free Hospital,8.71,Barnet Hospital,3.56,UCH (University College),12.15
N209AB,51.632552,-0.173601,North,Barnet Hospital,3.51,Royal Free Hospital,8.84,Barnet Hospital,3.51,UCH (University College),12.27
N209AD,51.631524,-0.175102,North,Barnet Hospital,3.49,Royal Free Hospital,8.73,Barnet Hospital,3.49,UCH (University College),12.18
N209AE,51.631316,-0.173333,North,Barnet Hospital,3.6,Royal Free Hospital,8.7,Barnet Hospital,3.6,UCH (University College),12.13
N209AG,51.631302,-0.171874,North,Barnet Hospital,3.69,Royal Free Hospital,8.7,Barnet Hospital,3.69,UCH (University College),12.11
N209AH,51.632211,-0.170725,North,Barnet Hospital,3.69,Royal Free Hospital,8.79,Barnet Hospital,3.69,UCH (University College),12.19
N209AJ,51.632332,-0.169289,North,Barnet Hospital,3.77,Royal Free Hospital,8.8,Barnet Hospital,3.77,UCH (University College),12.19
N209AL,51.632677,-0.170056,North,Barnet Hospital,3.7,Royal Free Hospital,8.84,Barnet Hospital,3.7,UCH (University College),12.23
N209AN,51.631519,-0.168455,North,Barnet Hospital,3.87,Royal Free Hospital,8.71,Barnet Hospital,3.87,UCH (University College),12.09
N209AP,51.631411,-0.167882,North,Barnet Hospital,3.91,Royal Free Hospital,8.7,Barnet Hospital,3.91,UCH (University College),12.07
N209AQ,51.632277,-0.167485,North,Barnet Hospital,3.88,Royal Free Hospital,8.79,Barnet Hospital,3.88,UCH (University College),12.16
N209AR,51.631371,-0.167594,North,Barnet Hospital,3.93,Royal Free Hospital,8.69,Barnet Hospital,3.93,UCH (University College),12.06
N209AS,51.634202,-0.166931,North,Barnet Hospital,3.8,Royal Free Hospital,9.01,Barnet Hospital,3.8,UCH (University College),12.36
N209AT,51.633887,-0.167493,North,Barnet Hospital,3.79,Royal Free Hospital,8.97,Barnet Hospital,3.79,UCH (University College),12.33
N209AU,51.635955,-0.166918,North,Barnet Hospital,3.71,Royal Free Hospital,9.2,Barnet Hospital,3.71,UCH (University College),12.55
N209AW,51.636239,-0.16669,North,Barnet Hospital,3.71,Royal Free Hospital,9.23,Barnet Hospital,3.71,UCH (University College),12.58
N209AX,51.636227,-0.165924,North,Barnet Hospital,3.76,Royal Free Hospital,9.23,Barnet Hospital,3.76,UCH (University College),12.57
N209AY,51.637751,-0.16621,North,Barnet Hospital,3.67,Royal Free Hospital,9.4,Barnet Hospital,3.67,UCH (University College),12.74
N209AZ,51.632358,-0.168638,North,Barnet Hospital,3.81,Royal Free Hospital,8.8,Barnet Hospital,3.81,UCH (University College),12.18
N209BA,51.631899,-0.169191,North,Barnet Hospital,3.8,Royal Free Hospital,8.75,Barnet Hospital,3.8,UCH (University College),12.14
N209BB,51.631164,-0.1699,North,Barnet Hospital,3.81,Royal Free Hospital,8.67,Barnet Hospital,3.81,UCH (University College),12.07
N209BD,51.633452,-0.176542,North,Barnet Hospital,3.29,Royal Free Hospital,8.96,Barnet Hospital,3.29,UCH (University College),12.41
N209BE,51.633378,-0.177542,North,Barnet Hospital,3.23,Royal Free Hospital,8.95,Barnet Hospital,3.23,UCH (University College),12.42
N209BF,51.633425,-0.177135,North,Barnet Hospital,3.25,Royal Free Hospital,8.96,Barnet Hospital,3.25,UCH (University College),12.42
N209BG,51.633888,-0.172782,North,Barnet Hospital,3.47,Royal Free Hospital,8.99,Barnet Hospital,3.47,UCH (University College),12.4
N209BH,51.633437,-0.175545,North,Barnet Hospital,3.34,Royal Free Hospital,8.95,Barnet Hospital,3.34,UCH (University College),12.4
N209BJ,51.633969,-0.175625,North,Barnet Hospital,3.3,Royal Free Hospital,9.01,Barnet Hospital,3.3,UCH (University College),12.46
N209BL,51.633493,-0.176294,North,Barnet Hospital,3.3,Royal Free Hospital,8.96,Barnet Hospital,3.3,UCH (University College),12.42
N209BN,51.635146,-0.174407,North,Barnet Hospital,3.3,Royal Free Hospital,9.13,Barnet Hospital,3.3,UCH (University College),12.57
N209BP,51.632774,-0.177479,North,Barnet Hospital,3.28,Royal Free Hospital,8.89,Barnet Hospital,3.28,UCH (University College),12.36
N209BQ,51.632445,-0.17651,North,Barnet Hospital,3.35,Royal Free Hospital,8.85,Barnet Hospital,3.35,UCH (University College),12.31
N209BS,51.63536,-0.176061,North,Barnet Hospital,3.19,Royal Free Hospital,9.17,Barnet Hospital,3.19,UCH (University College),12.61
N209BT,51.635654,-0.175875,North,Barnet Hospital,3.19,Royal Free Hospital,9.2,Barnet Hospital,3.19,UCH (University College),12.64
N209BU,51.636139,-0.174656,North,Barnet Hospital,3.23,Royal Free Hospital,9.24,Barnet Hospital,3.23,UCH (University College),12.68
N209BW,51.633796,-0.175545,North,Barnet Hospital,3.32,Royal Free Hospital,8.99,Barnet Hospital,3.32,UCH (University College),12.44
N209BX,51.6366,-0.17484,North,Barnet Hospital,3.2,Royal Free Hospital,9.3,Barnet Hospital,3.2,UCH (University College),12.73
N209BY,51.633839,-0.173058,North,Barnet Hospital,3.46,Royal Free Hospital,8.98,Barnet Hospital,3.46,UCH (University College),12.4
N209BZ,51.63753,-0.174471,North,Barnet Hospital,3.17,Royal Free Hospital,9.4,Barnet Hospital,3.17,UCH (University College),12.83
N209DA,51.637518,-0.173748,North,Barnet Hospital,3.21,Royal Free Hospital,9.39,Barnet Hospital,3.21,UCH (University College),12.81
N209DB,51.635729,-0.172014,North,Barnet Hospital,3.41,Royal Free Hospital,9.19,Barnet Hospital,3.41,UCH (University College),12.59
N209DD,51.63577,-0.172923,North,Barnet Hospital,3.36,Royal Free Hospital,9.2,Barnet Hospital,3.36,UCH (University College),12.61
N209DE,51.637548,-0.172186,North,Barnet Hospital,3.31,Royal Free Hospital,9.39,Barnet Hospital,3.31,UCH (University College),12.79
N209DF,51.638055,-0.177036,North,Barnet Hospital,2.99,Royal Free Hospital,9.47,Barnet Hospital,2.99,UCH (University College),12.92
N209DG,51.63742,-0.171498,North,Barnet Hospital,3.36,Royal Free Hospital,9.37,Barnet Hospital,3.36,UCH (University College),12.77
N209DH,51.638413,-0.169969,North,Barnet Hospital,3.41,Royal Free Hospital,9.48,Barnet Hospital,3.41,UCH (University College),12.86
N209DJ,51.638193,-0.172608,North,Barnet Hospital,3.25,Royal Free Hospital,9.46,Barnet Hospital,3.25,UCH (University College),12.87
N209DL,51.638573,-0.172781,North,Barnet Hospital,3.22,Royal Free Hospital,9.51,Barnet Hospital,3.22,UCH (University College),12.91
N209DN,51.637984,-0.175941,North,Barnet Hospital,3.06,Royal Free Hospital,9.46,Barnet Hospital,3.06,UCH (University College),12.9
N209DP,51.637411,-0.176123,North,Barnet Hospital,3.07,Royal Free Hospital,9.39,Barnet Hospital,3.07,UCH (University College),12.84
N209DQ,51.629864,-0.173651,North,Barnet Hospital,3.69,Royal Free Hospital,8.54,Barnet Hospital,3.69,UCH (University College),11.98
N209DR,51.634786,-0.175563,North,Barnet Hospital,3.26,Royal Free Hospital,9.1,Barnet Hospital,3.26,UCH (University College),12.54
N209DS,51.632091,-0.175166,North,Barnet Hospital,3.45,Royal Free Hospital,8.8,Barnet Hospital,3.45,UCH (University College),12.25
N209DT,51.63242,-0.168014,North,Barnet Hospital,3.84,Royal Free Hospital,8.81,Barnet Hospital,3.84,UCH (University College),12.18
N209DU,51.632343,-0.175199,North,Barnet Hospital,3.43,Royal Free Hospital,8.83,Barnet Hospital,3.43,UCH (University College),12.27
N209DW,51.632733,-0.175371,North,Barnet Hospital,3.4,Royal Free Hospital,8.87,Barnet Hospital,3.4,UCH (University College),12.32
N209DX,51.633897,-0.172781,North,Barnet Hospital,3.47,Royal Free Hospital,8.99,Barnet Hospital,3.47,UCH (University College),12.41
N209DY,51.634175,-0.172105,North,Barnet Hospital,3.5,Royal Free Hospital,9.02,Barnet Hospital,3.5,UCH (University College),12.43
N209DZ,51.635909,-0.168596,North,Barnet Hospital,3.61,Royal Free Hospital,9.2,Barnet Hospital,3.61,UCH (University College),12.57
N209EA,51.632521,-0.175033,North,Barnet Hospital,3.43,Royal Free Hospital,8.85,Barnet Hospital,3.43,UCH (University College),12.29
N209EB,51.632678,-0.174189,North,Barnet Hospital,3.47,Royal Free Hospital,8.86,Barnet Hospital,3.47,UCH (University College),12.29
N209ED,51.6341,-0.173698,North,Barnet Hospital,3.41,Royal Free Hospital,9.01,Barnet Hospital,3.41,UCH (University College),12.44
N209EE,51.635083,-0.170378,North,Barnet Hospital,3.55,Royal Free Hospital,9.11,Barnet Hospital,3.55,UCH (University College),12.5
N209EF,51.633177,-0.173865,North,Barnet Hospital,3.45,Royal Free Hospital,8.91,Barnet Hospital,3.45,UCH (University College),12.34
N209EG,51.636789,-0.168503,North,Barnet Hospital,3.57,Royal Free Hospital,9.3,Barnet Hospital,3.57,UCH (University College),12.66
N209EH,51.637146,-0.169471,North,Barnet Hospital,3.5,Royal Free Hospital,9.34,Barnet Hospital,3.5,UCH (University College),12.71
N209EJ,51.637017,-0.170416,North,Barnet Hospital,3.44,Royal Free Hospital,9.33,Barnet Hospital,3.44,UCH (University College),12.71
N209EL,51.638465,-0.168696,North,Barnet Hospital,3.49,Royal Free Hospital,9.48,Barnet Hospital,3.49,UCH (University College),12.85
N209EN,51.629506,-0.168551,North,Barnet Hospital,3.99,Royal Free Hospital,8.49,Barnet Hospital,3.99,UCH (University College),11.87
N209EP,51.633839,-0.173058,North,Barnet Hospital,3.46,Royal Free Hospital,8.98,Barnet Hospital,3.46,UCH (University College),12.4
N209EQ,51.634701,-0.174136,North,Barnet Hospital,3.35,Royal Free Hospital,9.08,Barnet Hospital,3.35,UCH (University College),12.51
N209ER,51.630379,-0.170336,North,Barnet Hospital,3.83,Royal Free Hospital,8.59,Barnet Hospital,3.83,UCH (University College),11.99
N209ES,51.630002,-0.168646,North,Barnet Hospital,3.95,Royal Free Hospital,8.54,Barnet Hospital,3.95,UCH (University College),11.92
N209ET,51.629989,-0.172996,North,Barnet Hospital,3.71,Royal Free Hospital,8.55,Barnet Hospital,3.71,UCH (University College),11.98
N209EU,51.629776,-0.1726,North,Barnet Hospital,3.75,Royal Free Hospital,8.53,Barnet Hospital,3.75,UCH (University College),11.96
N209EW,51.630062,-0.169034,North,Barnet Hospital,3.93,Royal Free Hospital,8.55,Barnet Hospital,3.93,UCH (University College),11.94
N209EX,51.630141,-0.172354,North,Barnet Hospital,3.74,Royal Free Hospital,8.57,Barnet Hospital,3.74,UCH (University College),11.99
N209EY,51.629749,-0.173772,North,Barnet Hospital,3.69,Royal Free Hospital,8.53,Barnet Hospital,3.69,UCH (University College),11.97
N209EZ,51.629603,-0.169009,North,Barnet Hospital,3.96,Royal Free Hospital,8.5,Barnet Hospital,3.96,UCH (University College),11.89
N209FA,51.634075,-0.175549,North,Barnet Hospital,3.3,Royal Free Hospital,9.02,Barnet Hospital,3.3,UCH (University College),12.47
N209FB,51.630355,-0.173429,North,Barnet Hospital,3.66,Royal Free Hospital,8.6,Barnet Hospital,3.66,UCH (University College),12.03
N209FD,51.62982,-0.170258,North,Barnet Hospital,3.87,Royal Free Hospital,8.53,Barnet Hospital,3.87,UCH (University College),11.93
N209FE,51.629795,-0.170938,North,Barnet Hospital,3.84,Royal Free Hospital,8.53,Barnet Hospital,3.84,UCH (University College),11.93
N209FF,51.629776,-0.173727,North,Barnet Hospital,3.69,Royal Free Hospital,8.53,Barnet Hospital,3.69,UCH (University College),11.97
N209FG,51.629999,-0.170742,North,Barnet Hospital,3.84,Royal Free Hospital,8.55,Barnet Hospital,3.84,UCH (University College),11.95
N209FH,51.630128,-0.171517,North,Barnet Hospital,3.78,Royal Free Hospital,8.56,Barnet Hospital,3.78,UCH (University College),11.98
N209FJ,51.62986,-0.173348,North,Barnet Hospital,3.7,Royal Free Hospital,8.54,Barnet Hospital,3.7,UCH (University College),11.98
N209FL,51.634338,-0.175697,North,Barnet Hospital,3.28,Royal Free Hospital,9.05,Barnet Hospital,3.28,UCH (University College),12.5
N209FN,51.634298,-0.176594,North,Barnet Hospital,3.23,Royal Free Hospital,9.05,Barnet Hospital,3.23,UCH (University College),12.51
N209GA,51.628692,-0.166546,North,Barnet Hospital,4.15,Royal Free Hospital,8.39,Barnet Hospital,4.15,UCH (University College),11.75
N209GP,51.629864,-0.173651,North,Barnet Hospital,3.69,Royal Free Hospital,8.54,Barnet Hospital,3.69,UCH (University College),11.98
N209GZ,51.629864,-0.173651,North,Barnet Hospital,3.69,Royal Free Hospital,8.54,Barnet Hospital,3.69,UCH (University College),11.98
N209HA,51.629726,-0.166519,North,Barnet Hospital,4.09,Royal Free Hospital,8.51,Barnet Hospital,4.09,UCH (University College),11.87
N209HB,51.630206,-0.169606,North,Barnet Hospital,3.88,Royal Free Hospital,8.57,Barnet Hospital,3.88,UCH (University College),11.96
N209HD,51.631088,-0.170828,North,Barnet Hospital,3.76,Royal Free Hospital,8.67,Barnet Hospital,3.76,UCH (University College),12.07
N209HE,51.630103,-0.17396,North,Barnet Hospital,3.65,Royal Free Hospital,8.57,Barnet Hospital,3.65,UCH (University College),12.01
N209HF,51.629726,-0.175174,North,Barnet Hospital,3.62,Royal Free Hospital,8.54,Barnet Hospital,3.62,UCH (University College),11.99
N209HG,51.630651,-0.172218,North,Barnet Hospital,3.71,Royal Free Hospital,8.63,Barnet Hospital,3.71,UCH (University College),12.04
N209HH,51.630419,-0.174655,North,Barnet Hospital,3.59,Royal Free Hospital,8.61,Barnet Hospital,3.59,UCH (University College),12.06
N209HJ,51.631918,-0.175043,North,Barnet Hospital,3.47,Royal Free Hospital,8.78,Barnet Hospital,3.47,UCH (University College),12.23
N209HL,51.630625,-0.175138,North,Barnet Hospital,3.55,Royal Free Hospital,8.64,Barnet Hospital,3.55,UCH (University College),12.09
N209HN,51.63124,-0.174781,North,Barnet Hospital,3.53,Royal Free Hospital,8.7,Barnet Hospital,3.53,UCH (University College),12.15
N209HP,51.631738,-0.175007,North,Barnet Hospital,3.48,Royal Free Hospital,8.76,Barnet Hospital,3.48,UCH (University College),12.2
N209HQ,51.630169,-0.17413,North,Barnet Hospital,3.64,Royal Free Hospital,8.58,Barnet Hospital,3.64,UCH (University College),12.02
N209HR,51.631976,-0.175878,North,Barnet Hospital,3.42,Royal Free Hospital,8.79,Barnet Hospital,3.42,UCH (University College),12.24
N209HS,51.63081,-0.175506,North,Barnet Hospital,3.52,Royal Free Hospital,8.66,Barnet Hospital,3.52,UCH (University College),12.11
N209HT,51.631708,-0.175976,North,Barnet Hospital,3.43,Royal Free Hospital,8.76,Barnet Hospital,3.43,UCH (University College),12.22
N209HU,51.631063,-0.175539,North,Barnet Hospital,3.5,Royal Free Hospital,8.69,Barnet Hospital,3.5,UCH (University College),12.14
N209HW,51.631826,-0.174902,North,Barnet Hospital,3.48,Royal Free Hospital,8.77,Barnet Hospital,3.48,UCH (University College),12.21
N209HX,51.631262,-0.175604,North,Barnet Hospital,3.48,Royal Free Hospital,8.71,Barnet Hospital,3.48,UCH (University College),12.16
N209HY,51.631052,-0.174846,North,Barnet Hospital,3.54,Royal Free Hospital,8.68,Barnet Hospital,3.54,UCH (University College),12.13
N209HZ,51.631546,-0.176546,North,Barnet Hospital,3.41,Royal Free Hospital,8.75,Barnet Hospital,3.41,UCH (University College),12.21
N209JA,51.630257,-0.167697,North,Barnet Hospital,3.99,Royal Free Hospital,8.57,Barnet Hospital,3.99,UCH (University College),11.94
N209JB,51.630477,-0.16737,North,Barnet Hospital,3.99,Royal Free Hospital,8.59,Barnet Hospital,3.99,UCH (University College),11.96
N209JD,51.630725,-0.167143,North,Barnet Hospital,3.99,Royal Free Hospital,8.62,Barnet Hospital,3.99,UCH (University College),11.98
N209JE,51.631393,-0.166163,North,Barnet Hospital,4.01,Royal Free Hospital,8.69,Barnet Hospital,4.01,UCH (University College),12.04
N209JF,51.629749,-0.173772,North,Barnet Hospital,3.69,Royal Free Hospital,8.53,Barnet Hospital,3.69,UCH (University College),11.97
N209JG,51.632697,-0.165026,North,Barnet Hospital,4.0,Royal Free Hospital,8.84,Barnet Hospital,4.0,UCH (University College),12.17
N209JH,51.630948,-0.165863,North,Barnet Hospital,4.05,Royal Free Hospital,8.65,Barnet Hospital,4.05,UCH (University College),11.99
N209JJ,51.632012,-0.164303,North,Barnet Hospital,4.08,Royal Free Hospital,8.76,Barnet Hospital,4.08,UCH (University College),12.09
N209JL,51.634356,-0.165855,North,Barnet Hospital,3.86,Royal Free Hospital,9.02,Barnet Hospital,3.86,UCH (University College),12.36
N209JN,51.634878,-0.165343,North,Barnet Hospital,3.86,Royal Free Hospital,9.08,Barnet Hospital,3.86,UCH (University College),12.42
N209JP,51.632652,-0.162731,North,Barnet Hospital,4.14,Royal Free Hospital,8.84,Barnet Hospital,4.14,UCH (University College),12.14
N209JQ,51.629864,-0.173651,North,Barnet Hospital,3.69,Royal Free Hospital,8.54,Barnet Hospital,3.69,UCH (University College),11.98
N209JR,51.632387,-0.16358,North,Barnet Hospital,4.1,Royal Free Hospital,8.81,Barnet Hospital,4.1,UCH (University College),12.12
N209JS,51.630489,-0.164133,North,Barnet Hospital,4.18,Royal Free Hospital,8.59,Barnet Hospital,4.18,UCH (University College),11.92
N209JT,51.631111,-0.161377,North,Barnet Hospital,4.31,Royal Free Hospital,8.67,Barnet Hospital,4.31,UCH (University College),11.96
N209JU,51.630089,-0.163817,North,Barnet Hospital,4.22,Royal Free Hospital,8.55,Barnet Hospital,4.22,UCH (University College),11.87
N209JW,51.633576,-0.16369,North,Barnet Hospital,4.03,Royal Free Hospital,8.94,Barnet Hospital,4.03,UCH (University College),12.25
N209JX,51.631852,-0.161578,North,Barnet Hospital,4.25,Royal Free Hospital,8.75,Barnet Hospital,4.25,Homerton University,12.03
N209JY,51.629614,-0.167954,North,Barnet Hospital,4.02,Royal Free Hospital,8.5,Barnet Hospital,4.02,UCH (University College),11.87
N209JZ,51.633839,-0.173058,North,Barnet Hospital,3.46,Royal Free Hospital,8.98,Barnet Hospital,3.46,UCH (University College),12.4
N209LB,51.633805,-0.178435,North,Barnet Hospital,3.16,Royal Free Hospital,9.01,Barnet Hospital,3.16,UCH (University College),12.48
N209LD,51.632752,-0.176006,North,Barnet Hospital,3.36,Royal Free Hospital,8.88,Barnet Hospital,3.36,UCH (University College),12.33
N209LE,51.633839,-0.173058,North,Barnet Hospital,3.46,Royal Free Hospital,8.98,Barnet Hospital,3.46,UCH (University College),12.4
N209LF,51.629864,-0.173651,North,Barnet Hospital,3.69,Royal Free Hospital,8.54,Barnet Hospital,3.69,UCH (University College),11.98
N209LG,51.630565,-0.178233,North,Barnet Hospital,3.39,Royal Free Hospital,8.65,Barnet Hospital,3.39,UCH (University College),12.13
N209LH,51.631128,-0.177993,North,Barnet Hospital,3.37,Royal Free Hospital,8.71,Barnet Hospital,3.37,UCH (University College),12.19
N209LJ,51.631621,-0.176731,North,Barnet Hospital,3.4,Royal Free Hospital,8.76,Barnet Hospital,3.4,UCH (University College),12.22
N209LL,51.631853,-0.177198,North,Barnet Hospital,3.36,Royal Free Hospital,8.78,Barnet Hospital,3.36,UCH (University College),12.25
N209LN,51.63304,-0.176067,North,Barnet Hospital,3.34,Royal Free Hospital,8.91,Barnet Hospital,3.34,UCH (University College),12.36
N209LP,51.633457,-0.176253,North,Barnet Hospital,3.3,Royal Free Hospital,8.96,Barnet Hospital,3.3,UCH (University College),12.41
N209LQ,51.633343,-0.176474,North,Barnet Hospital,3.3,Royal Free Hospital,8.94,Barnet Hospital,3.3,UCH (University College),12.4
N209LR,51.629749,-0.173772,North,Barnet Hospital,3.69,Royal Free Hospital,8.53,Barnet Hospital,3.69,UCH (University College),11.97
N209LS,51.633457,-0.176253,North,Barnet Hospital,3.3,Royal Free Hospital,8.96,Barnet Hospital,3.3,UCH (University College),12.41
N209LT,51.633343,-0.176474,North,Barnet Hospital,3.3,Royal Free Hospital,8.94,Barnet Hospital,3.3,UCH (University College),12.4
N209LU,51.633343,-0.176474,North,Barnet Hospital,3.3,Royal Free Hospital,8.94,Barnet Hospital,3.3,UCH (University College),12.4
N209LW,51.633343,-0.176474,North,Barnet Hospital,3.3,Royal Free Hospital,8.94,Barnet Hospital,3.3,UCH (University College),12.4
N209LX,51.633343,-0.176474,North,Barnet Hospital,3.3,Royal Free Hospital,8.94,Barnet Hospital,3.3,UCH (University College),12.4
N209LY,51.633343,-0.176474,North,Barnet Hospital,3.3,Royal Free Hospital,8.94,Barnet Hospital,3.3,UCH (University College),12.4
N209LZ,51.633831,-0.17722,North,Barnet Hospital,3.22,Royal Free Hospital,9.0,Barnet Hospital,3.22,UCH (University College),12.47
N209ND,51.633343,-0.176474,North,Barnet Hospital,3.3,Royal Free Hospital,8.94,Barnet Hospital,3.3,UCH (University College),12.4
N209NF,51.633343,-0.176474,North,Barnet Hospital,3.3,Royal Free Hospital,8.94,Barnet Hospital,3.3,UCH (University College),12.4
N209NH,51.634452,-0.167961,North,Barnet Hospital,3.73,Royal Free Hospital,9.04,Barnet Hospital,3.73,UCH (University College),12.4
N209NJ,51.633343,-0.176474,North,Barnet Hospital,3.3,Royal Free Hospital,8.94,Barnet Hospital,3.3,UCH (University College),12.4
N209NL,51.633343,-0.176474,North,Barnet Hospital,3.3,Royal Free Hospital,8.94,Barnet Hospital,3.3,UCH (University College),12.4
N209NN,51.633343,-0.176474,North,Barnet Hospital,3.3,Royal Free Hospital,8.94,Barnet Hospital,3.3,UCH (University College),12.4
N209NP,51.633343,-0.176474,North,Barnet Hospital,3.3,Royal Free Hospital,8.94,Barnet Hospital,3.3,UCH (University College),12.4
N209NQ,51.633343,-0.176474,North,Barnet Hospital,3.3,Royal Free Hospital,8.94,Barnet Hospital,3.3,UCH (University College),12.4
N209NR,51.633457,-0.176253,North,Barnet Hospital,3.3,Royal Free Hospital,8.96,Barnet Hospital,3.3,UCH (University College),12.41
N209NS,51.633343,-0.176474,North,Barnet Hospital,3.3,Royal Free Hospital,8.94,Barnet Hospital,3.3,UCH (University College),12.4
N209NU,51.629864,-0.173651,North,Barnet Hospital,3.69,Royal Free Hospital,8.54,Barnet Hospital,3.69,UCH (University College),11.98
N209NY,51.633343,-0.176474,North,Barnet Hospital,3.3,Royal Free Hospital,8.94,Barnet Hospital,3.3,UCH (University College),12.4
N209PB,51.631546,-0.176546,North,Barnet Hospital,3.41,Royal Free Hospital,8.75,Barnet Hospital,3.41,UCH (University College),12.21
N209PF,51.635522,-0.177239,North,Barnet Hospital,3.12,Royal Free Hospital,9.19,Barnet Hospital,3.12,UCH (University College),12.65
N209PH,51.635894,-0.177455,North,Barnet Hospital,3.08,Royal Free Hospital,9.23,Barnet Hospital,3.08,UCH (University College),12.69
N209PJ,51.637502,-0.179082,North,Barnet Hospital,2.89,Royal Free Hospital,9.42,Barnet Hospital,2.89,UCH (University College),12.89
N209PL,51.636552,-0.178094,North,Barnet Hospital,3.01,Royal Free Hospital,9.31,Barnet Hospital,3.01,UCH (University College),12.77
N209PN,51.638048,-0.179508,North,Barnet Hospital,2.84,Royal Free Hospital,9.48,Barnet Hospital,2.84,UCH (University College),12.96
N209PP,51.639348,-0.180424,North,Barnet Hospital,2.71,Royal Free Hospital,9.64,Barnet Hospital,2.71,UCH (University College),13.11
N209PQ,51.638814,-0.179015,North,Barnet Hospital,2.83,Royal Free Hospital,9.57,Barnet Hospital,2.83,UCH (University College),13.03
N209PR,51.639102,-0.181344,North,Barnet Hospital,2.67,Royal Free Hospital,9.62,Barnet Hospital,2.67,UCH (University College),13.1
N209PS,51.639044,-0.182228,North,Barnet Hospital,2.62,Royal Free Hospital,9.62,Barnet Hospital,2.62,UCH (University College),13.11
N209PT,51.639444,-0.179625,North,Barnet Hospital,2.76,Royal Free Hospital,9.64,Barnet Hospital,2.76,UCH (University College),13.11
N209PU,51.63885,-0.177293,North,Barnet Hospital,2.93,Royal Free Hospital,9.56,Barnet Hospital,2.93,UCH (University College),13.01
N209PW,51.638385,-0.178627,North,Barnet Hospital,2.87,Royal Free Hospital,9.52,Barnet Hospital,2.87,UCH (University College),12.98
N209PX,51.639274,-0.178519,North,Barnet Hospital,2.83,Royal Free Hospital,9.61,Barnet Hospital,2.83,UCH (University College),13.08
N209PY,51.633343,-0.176474,North,Barnet Hospital,3.3,Royal Free Hospital,8.94,Barnet Hospital,3.3,UCH (University College),12.4
N209PZ,51.638094,-0.178393,North,Barnet Hospital,2.9,Royal Free Hospital,9.48,Barnet Hospital,2.9,UCH (University College),12.95
N209QA,51.638197,-0.178649,North,Barnet Hospital,2.88,Royal Free Hospital,9.5,Barnet Hospital,2.88,UCH (University College),12.96
N209QB,51.637911,-0.178198,North,Barnet Hospital,2.92,Royal Free Hospital,9.46,Barnet Hospital,2.92,UCH (University College),12.92
N209QD,51.636688,-0.177019,North,Barnet Hospital,3.06,Royal Free Hospital,9.32,Barnet Hospital,3.06,UCH (University College),12.77
N209QE,51.636945,-0.176214,North,Barnet Hospital,3.09,Royal Free Hospital,9.34,Barnet Hospital,3.09,UCH (University College),12.79
N209QG,51.637467,-0.177392,North,Barnet Hospital,3.0,Royal Free Hospital,9.41,Barnet Hospital,3.0,UCH (University College),12.86
N209QH,51.630262,-0.176699,North,Barnet Hospital,3.5,Royal Free Hospital,8.6,Barnet Hospital,3.5,UCH (University College),12.07
N209QJ,51.630278,-0.178273,North,Barnet Hospital,3.41,Royal Free Hospital,8.62,Barnet Hospital,3.41,UCH (University College),12.1
N209QL,51.633066,-0.178913,North,Barnet Hospital,3.18,Royal Free Hospital,8.93,Barnet Hospital,3.18,UCH (University College),12.41
N209QP,51.630231,-0.179301,North,Barnet Hospital,3.36,Royal Free Hospital,8.62,Barnet Hospital,3.36,UCH (University College),12.11
N209QQ,51.633343,-0.176474,North,Barnet Hospital,3.3,Royal Free Hospital,8.94,Barnet Hospital,3.3,UCH (University College),12.4
N209QR,51.632489,-0.179398,North,Barnet Hospital,3.19,Royal Free Hospital,8.87,Barnet Hospital,3.19,UCH (University College),12.36
N209QS,51.629864,-0.173651,North,Barnet Hospital,3.69,Royal Free Hospital,8.54,Barnet Hospital,3.69,UCH (University College),11.98
N209QT,51.637701,-0.177975,North,Barnet Hospital,2.95,Royal Free Hospital,9.44,Barnet Hospital,2.95,UCH (University College),12.9
N209QU,51.636204,-0.176547,North,Barnet Hospital,3.12,Royal Free Hospital,9.26,Barnet Hospital,3.12,UCH (University College),12.71
N209QX,51.630373,-0.179757,North,Barnet Hospital,3.33,Royal Free Hospital,8.64,Barnet Hospital,3.33,UCH (University College),12.14
N209RA,51.638117,-0.180444,North,Barnet Hospital,2.78,Royal Free Hospital,9.5,Barnet Hospital,2.78,UCH (University College),12.98
N209RD,51.636062,-0.17781,North,Barnet Hospital,3.05,Royal Free Hospital,9.25,Barnet Hospital,3.05,UCH (University College),12.72
N209RE,51.633343,-0.176474,North,Barnet Hospital,3.3,Royal Free Hospital,8.94,Barnet Hospital,3.3,UCH (University College),12.4
N209RG,51.631501,-0.173658,North,Barnet Hospital,3.57,Royal Free Hospital,8.73,Barnet Hospital,3.57,UCH (University College),12.16
N209RJ,51.629659,-0.170842,North,Barnet Hospital,3.85,Royal Free Hospital,8.51,Barnet Hospital,3.85,UCH (University College),11.92
N209RL,51.629636,-0.169398,North,Barnet Hospital,3.93,Royal Free Hospital,8.5,Barnet Hospital,3.93,UCH (University College),11.89
N209RN,51.635195,-0.176992,North,Barnet Hospital,3.15,Royal Free Hospital,9.15,Barnet Hospital,3.15,UCH (University College),12.61
N209RP,51.634904,-0.168723,North,Barnet Hospital,3.66,Royal Free Hospital,9.09,Barnet Hospital,3.66,UCH (University College),12.46
N209RR,51.636648,-0.16637,North,Barnet Hospital,3.71,Royal Free Hospital,9.28,Barnet Hospital,3.71,UCH (University College),12.62
N209RS,51.630536,-0.174636,North,Barnet Hospital,3.59,Royal Free Hospital,8.62,Barnet Hospital,3.59,UCH (University College),12.07
N209RT,51.636196,-0.177776,North,Barnet Hospital,3.04,Royal Free Hospital,9.27,Barnet Hospital,3.04,UCH (University College),12.73
N209RW,51.638076,-0.178394,North,Barnet Hospital,2.9,Royal Free Hospital,9.48,Barnet Hospital,2.9,UCH (University College),12.94
N209UL,51.633761,-0.175561,North,Barnet Hospital,3.32,Royal Free Hospital,8.99,Barnet Hospital,3.32,UCH (University College),12.43
N209UZ,51.629864,-0.173651,North,Barnet Hospital,3.69,Royal Free Hospital,8.54,Barnet Hospital,3.69,UCH (University College),11.98
N209WA,51.633897,-0.172781,North,Barnet Hospital,3.47,Royal Free Hospital,8.99,Barnet Hospital,3.47,UCH (University College),12.41
N209WB,51.629864,-0.173651,North,Barnet Hospital,3.69,Royal Free Hospital,8.54,Barnet Hospital,3.69,UCH (University College),11.98
N209WD,51.629864,-0.173651,North,Barnet Hospital,3.69,Royal Free Hospital,8.54,Barnet Hospital,3.69,UCH (University College),11.98
N209WE,51.629864,-0.173651,North,Barnet Hospital,3.69,Royal Free Hospital,8.54,Barnet Hospital,3.69,UCH (University College),11.98
N209WF,51.629864,-0.173651,North,Barnet Hospital,3.69,Royal Free Hospital,8.54,Barnet Hospital,3.69,UCH (University College),11.98
N209WG,51.629864,-0.173651,North,Barnet Hospital,3.69,Royal Free Hospital,8.54,Barnet Hospital,3.69,UCH (University College),11.98
N209WH,51.629864,-0.173651,North,Barnet Hospital,3.69,Royal Free Hospital,8.54,Barnet Hospital,3.69,UCH (University College),11.98
N209WJ,51.629864,-0.173651,North,Barnet Hospital,3.69,Royal Free Hospital,8.54,Barnet Hospital,3.69,UCH (University College),11.98
N209WL,51.629864,-0.173651,North,Barnet Hospital,3.69,Royal Free Hospital,8.54,Barnet Hospital,3.69,UCH (University College),11.98
N209WN,51.629864,-0.173651,North,Barnet Hospital,3.69,Royal Free Hospital,8.54,Barnet Hospital,3.69,UCH (University College),11.98
N209WP,51.629864,-0.173651,North,Barnet Hospital,3.69,Royal Free Hospital,8.54,Barnet Hospital,3.69,UCH (University College),11.98
N209WQ,51.629864,-0.173651,North,Barnet Hospital,3.69,Royal Free Hospital,8.54,Barnet Hospital,3.69,UCH (University College),11.98
N209WR,51.629864,-0.173651,North,Barnet Hospital,3.69,Royal Free Hospital,8.54,Barnet Hospital,3.69,UCH (University College),11.98
N209WS,51.629749,-0.173772,North,Barnet Hospital,3.69,Royal Free Hospital,8.53,Barnet Hospital,3.69,UCH (University College),11.97
N209WT,51.629864,-0.173651,North,Barnet Hospital,3.69,Royal Free Hospital,8.54,Barnet Hospital,3.69,UCH (University College),11.98
N209WU,51.629864,-0.173651,North,Barnet Hospital,3.69,Royal Free Hospital,8.54,Barnet Hospital,3.69,UCH (University College),11.98
N209WW,51.629864,-0.173651,North,Barnet Hospital,3.69,Royal Free Hospital,8.54,Barnet Hospital,3.69,UCH (University College),11.98
N209WX,51.629864,-0.173651,North,Barnet Hospital,3.69,Royal Free Hospital,8.54,Barnet Hospital,3.69,UCH (University College),11.98
N209WY,51.629864,-0.173651,North,Barnet Hospital,3.69,Royal Free Hospital,8.54,Barnet Hospital,3.69,UCH (University College),11.98
N209WZ,51.629864,-0.173651,North,Barnet Hospital,3.69,Royal Free Hospital,8.54,Barnet Hospital,3.69,UCH (University College),11.98
N209XA,51.629864,-0.173651,North,Barnet Hospital,3.69,Royal Free Hospital,8.54,Barnet Hospital,3.69,UCH (University College),11.98
N209XB,51.629864,-0.173651,North,Barnet Hospital,3.69,Royal Free Hospital,8.54,Barnet Hospital,3.69,UCH (University College),11.98
N209XD,51.629864,-0.173651,North,Barnet Hospital,3.69,Royal Free Hospital,8.54,Barnet Hospital,3.69,UCH (University College),11.98
N209XE,51.629864,-0.173651,North,Barnet Hospital,3.69,Royal Free Hospital,8.54,Barnet Hospital,3.69,UCH (University College),11.98
N209XF,51.629864,-0.173651,North,Barnet Hospital,3.69,Royal Free Hospital,8.54,Barnet Hospital,3.69,UCH (University College),11.98
N209XG,51.629864,-0.173651,North,Barnet Hospital,3.69,Royal Free Hospital,8.54,Barnet Hospital,3.69,UCH (University College),11.98
N209XH,51.629864,-0.173651,North,Barnet Hospital,3.69,Royal Free Hospital,8.54,Barnet Hospital,3.69,UCH (University College),11.98
N209XJ,51.629864,-0.173651,North,Barnet Hospital,3.69,Royal Free Hospital,8.54,Barnet Hospital,3.69,UCH (University College),11.98
N209XL,51.629864,-0.173651,North,Barnet Hospital,3.69,Royal Free Hospital,8.54,Barnet Hospital,3.69,UCH (University College),11.98
N209XQ,51.629864,-0.173651,North,Barnet Hospital,3.69,Royal Free Hospital,8.54,Barnet Hospital,3.69,UCH (University College),11.98
N209XU,51.629864,-0.173651,North,Barnet Hospital,3.69,Royal Free Hospital,8.54,Barnet Hospital,3.69,UCH (University College),11.98
N209XW,51.629864,-0.173651,North,Barnet Hospital,3.69,Royal Free Hospital,8.54,Barnet Hospital,3.69,UCH (University College),11.98
N209XY,51.629864,-0.173651,North,Barnet Hospital,3.69,Royal Free Hospital,8.54,Barnet Hospital,3.69,UCH (University College),11.98
N209XZ,51.629864,-0.173651,North,Barnet Hospital,3.69,Royal Free Hospital,8.54,Barnet Hospital,3.69,UCH (University College),11.98
N209YA,51.629864,-0.173651,North,Barnet Hospital,3.69,Royal Free Hospital,8.54,Barnet Hospital,3.69,UCH (University College),11.98
N209YE,51.630765,-0.174323,North,Barnet Hospital,3.59,Royal Free Hospital,8.65,Barnet Hospital,3.59,UCH (University College),12.09
N209YJ,51.629864,-0.173651,North,Barnet Hospital,3.69,Royal Free Hospital,8.54,Barnet Hospital,3.69,UCH (University College),11.98
N209YP,51.630765,-0.174323,North,Barnet Hospital,3.59,Royal Free Hospital,8.65,Barnet Hospital,3.59,UCH (University College),12.09
N209YQ,51.630765,-0.174323,North,Barnet Hospital,3.59,Royal Free Hospital,8.65,Barnet Hospital,3.59,UCH (University College),12.09
N209YR,51.630765,-0.174323,North,Barnet Hospital,3.59,Royal Free Hospital,8.65,Barnet Hospital,3.59,UCH (University College),12.09
N209YS,51.629864,-0.173651,North,Barnet Hospital,3.69,Royal Free Hospital,8.54,Barnet Hospital,3.69,UCH (University College),11.98
N209YT,51.629864,-0.173651,North,Barnet Hospital,3.69,Royal Free Hospital,8.54,Barnet Hospital,3.69,UCH (University College),11.98
N209YU,51.630765,-0.174323,North,Barnet Hospital,3.59,Royal Free Hospital,8.65,Barnet Hospital,3.59,UCH (University College),12.09
N209YW,51.630765,-0.174323,North,Barnet Hospital,3.59,Royal Free Hospital,8.65,Barnet Hospital,3.59,UCH (University College),12.09
N209YX,51.629726,-0.175174,North,Barnet Hospital,3.62,Royal Free Hospital,8.54,Barnet Hospital,3.62,UCH (University College),11.99
N209YZ,51.633779,-0.175589,North,Barnet Hospital,3.32,Royal Free Hospital,8.99,Barnet Hospital,3.32,UCH (University College),12.44
N31AA,51.60648,-0.192541,North,Barnet Hospital,5.16,Royal Free Hospital,6.21,Barnet Hospital,5.16,UCH (University College),9.91
N31AB,51.607208,-0.193089,North,Barnet Hospital,5.07,Royal Free Hospital,6.3,Barnet Hospital,5.07,UCH (University College),10.0
N31AD,51.607414,-0.193038,North,Barnet Hospital,5.05,Royal Free Hospital,6.32,Barnet Hospital,5.05,UCH (University College),10.02
N31AE,51.60802,-0.192653,North,Barnet Hospital,4.99,Royal Free Hospital,6.38,Barnet Hospital,4.99,UCH (University College),10.07
N31AF,51.607527,-0.193395,North,Barnet Hospital,5.03,Royal Free Hospital,6.34,Barnet Hospital,5.03,UCH (University College),10.04
N31AG,51.607978,-0.194633,North,Barnet Hospital,4.96,Royal Free Hospital,6.42,Barnet Hospital,4.96,UCH (University College),10.12
N31AH,51.60841,-0.194659,North,Barnet Hospital,4.91,Royal Free Hospital,6.46,Barnet Hospital,4.91,UCH (University College),10.16
N31AJ,51.609067,-0.195846,North,Barnet Hospital,4.82,Royal Free Hospital,6.56,Barnet Hospital,4.82,UCH (University College),10.26
N31AL,51.609031,-0.195241,North,Barnet Hospital,4.83,Royal Free Hospital,6.54,Barnet Hospital,4.83,UCH (University College),10.24
N31AN,51.608821,-0.193906,North,Barnet Hospital,4.88,Royal Free Hospital,6.49,Barnet Hospital,4.88,UCH (University College),10.19
N31AP,51.609887,-0.194211,North,Barnet Hospital,4.76,Royal Free Hospital,6.61,Barnet Hospital,4.76,UCH (University College),10.3
N31AQ,51.60755,-0.194838,North,Barnet Hospital,5.0,Royal Free Hospital,6.38,Barnet Hospital,5.0,UCH (University College),10.08
N31AR,51.610372,-0.194192,North,Barnet Hospital,4.71,Royal Free Hospital,6.66,Barnet Hospital,4.71,UCH (University College),10.35
N31AS,51.609651,-0.193512,North,Barnet Hospital,4.8,Royal Free Hospital,6.57,Barnet Hospital,4.8,UCH (University College),10.26
N31AT,51.610615,-0.192998,North,Barnet Hospital,4.71,Royal Free Hospital,6.66,Barnet Hospital,4.71,UCH (University College),10.34
N31AU,51.609374,-0.192411,North,Barnet Hospital,4.86,Royal Free Hospital,6.52,Barnet Hospital,4.86,UCH (University College),10.2
N31AW,51.604744,-0.195426,North,Barnet Hospital,5.29,Royal Free Hospital,6.1,Barnet Hospital,5.29,UCH (University College),9.82
N31AX,51.609583,-0.191955,North,Barnet Hospital,4.85,Royal Free Hospital,6.53,Barnet Hospital,4.85,UCH (University College),10.21
N31AZ,51.608404,-0.191916,North,Barnet Hospital,4.97,Royal Free Hospital,6.41,Barnet Hospital,4.97,UCH (University College),10.09
N31BH,51.602837,-0.199472,North,Barnet Hospital,5.43,Royal Free Hospital,6.0,Barnet Hospital,5.43,UCH (University College),9.75
N31BN,51.601604,-0.198799,North,Barnet Hospital,5.58,Royal Free Hospital,5.86,Barnet Hospital,5.58,UCH (University College),9.61
N31BP,51.602538,-0.198762,North,Barnet Hospital,5.47,Royal Free Hospital,5.95,Barnet Hospital,5.47,UCH (University College),9.7
N31BS,51.603347,-0.200506,North,Barnet Hospital,5.36,Royal Free Hospital,6.08,Barnet Hospital,5.36,UCH (University College),9.83
N31BT,51.603595,-0.200222,North,Barnet Hospital,5.34,Royal Free Hospital,6.1,Barnet Hospital,5.34,UCH (University College),9.85
N31BU,51.602414,-0.200038,North,Barnet Hospital,5.47,Royal Free Hospital,5.97,Barnet Hospital,5.47,UCH (University College),9.72
N31BW,51.604466,-0.194902,North,Barnet Hospital,5.33,Royal Free Hospital,6.05,Barnet Hospital,5.33,UCH (University College),9.77
N31BX,51.606285,-0.191552,North,Barnet Hospital,5.2,Royal Free Hospital,6.17,Barnet Hospital,5.2,UCH (University College),9.86
N31BY,51.602428,-0.200932,North,Barnet Hospital,5.46,Royal Free Hospital,6.0,Barnet Hospital,5.46,UCH (University College),9.75
N31DA,51.601524,-0.201835,North,Barnet Hospital,5.55,Royal Free Hospital,5.93,Barnet Hospital,5.55,Queen Charlottes',9.7
N31DB,51.601415,-0.201175,North,Barnet Hospital,5.57,Royal Free Hospital,5.9,Barnet Hospital,5.57,UCH (University College),9.66
N31DD,51.601974,-0.200647,North,Barnet Hospital,5.51,Royal Free Hospital,5.95,Barnet Hospital,5.51,UCH (University College),9.7
N31DQ,51.604744,-0.195426,North,Barnet Hospital,5.29,Royal Free Hospital,6.1,Barnet Hospital,5.29,UCH (University College),9.82
N31DS,51.604466,-0.194902,North,Barnet Hospital,5.33,Royal Free Hospital,6.05,Barnet Hospital,5.33,UCH (University College),9.77
N31DU,51.604744,-0.195426,North,Barnet Hospital,5.29,Royal Free Hospital,6.1,Barnet Hospital,5.29,UCH (University College),9.82
N31DY,51.60455,-0.189801,North,Barnet Hospital,5.42,Royal Free Hospital,5.95,Barnet Hospital,5.42,UCH (University College),9.64
N31EA,51.60451,-0.194843,North,Barnet Hospital,5.32,Royal Free Hospital,6.06,Barnet Hospital,5.32,UCH (University College),9.78
N31EB,51.605312,-0.197858,North,Barnet Hospital,5.19,Royal Free Hospital,6.21,Barnet Hospital,5.19,UCH (University College),9.95
N31ED,51.604673,-0.196064,North,Barnet Hospital,5.29,Royal Free Hospital,6.1,Barnet Hospital,5.29,UCH (University College),9.83
N31EE,51.604791,-0.19616,North,Barnet Hospital,5.27,Royal Free Hospital,6.12,Barnet Hospital,5.27,UCH (University College),9.84
N31EF,51.604898,-0.197831,North,Barnet Hospital,5.23,Royal Free Hospital,6.17,Barnet Hospital,5.23,UCH (University College),9.9
N31EG,51.604979,-0.197813,North,Barnet Hospital,5.22,Royal Free Hospital,6.18,Barnet Hospital,5.22,UCH (University College),9.91
N31EH,51.605383,-0.199516,North,Barnet Hospital,5.15,Royal Free Hospital,6.26,Barnet Hospital,5.15,UCH (University College),10.0
N31EJ,51.606035,-0.198682,North,Barnet Hospital,5.1,Royal Free Hospital,6.31,Barnet Hospital,5.1,UCH (University College),10.04
N31EL,51.606064,-0.199359,North,Barnet Hospital,5.08,Royal Free Hospital,6.33,Barnet Hospital,5.08,UCH (University College),10.07
N31EN,51.607027,-0.198296,North,Barnet Hospital,4.99,Royal Free Hospital,6.4,Barnet Hospital,4.99,UCH (University College),10.13
N31EP,51.606822,-0.197827,North,Barnet Hospital,5.02,Royal Free Hospital,6.37,Barnet Hospital,5.02,UCH (University College),10.1
N31EQ,51.604898,-0.197831,North,Barnet Hospital,5.23,Royal Free Hospital,6.17,Barnet Hospital,5.23,UCH (University College),9.9
N31ER,51.607548,-0.197668,North,Barnet Hospital,4.95,Royal Free Hospital,6.44,Barnet Hospital,4.95,UCH (University College),10.16
N31ES,51.607204,-0.195776,North,Barnet Hospital,5.02,Royal Free Hospital,6.36,Barnet Hospital,5.02,UCH (University College),10.07
N31ET,51.607479,-0.195491,North,Barnet Hospital,4.99,Royal Free Hospital,6.38,Barnet Hospital,4.99,UCH (University College),10.09
N31EU,51.607962,-0.197681,North,Barnet Hospital,4.9,Royal Free Hospital,6.48,Barnet Hospital,4.9,UCH (University College),10.21
N31EX,51.606736,-0.196285,North,Barnet Hospital,5.06,Royal Free Hospital,6.32,Barnet Hospital,5.06,UCH (University College),10.04
N31EY,51.606516,-0.196626,North,Barnet Hospital,5.08,Royal Free Hospital,6.31,Barnet Hospital,5.08,UCH (University College),10.03
N31EZ,51.604744,-0.195426,North,Barnet Hospital,5.29,Royal Free Hospital,6.1,Barnet Hospital,5.29,UCH (University College),9.82
N31FD,51.602322,-0.201095,North,Barnet Hospital,5.47,Royal Free Hospital,5.99,Barnet Hospital,5.47,UCH (University College),9.75
N31GR,51.605068,-0.189001,North,Barnet Hospital,5.39,Royal Free Hospital,5.99,Barnet Hospital,5.39,UCH (University College),9.67
N31HA,51.606227,-0.195959,North,Barnet Hospital,5.12,Royal Free Hospital,6.26,Barnet Hospital,5.12,UCH (University College),9.98
N31HD,51.60451,-0.194843,North,Barnet Hospital,5.32,Royal Free Hospital,6.06,Barnet Hospital,5.32,UCH (University College),9.78
N31HJ,51.602234,-0.197113,North,Barnet Hospital,5.53,Royal Free Hospital,5.88,Barnet Hospital,5.53,UCH (University College),9.62
N31HN,51.602146,-0.197825,North,Barnet Hospital,5.53,Royal Free Hospital,5.89,Barnet Hospital,5.53,UCH (University College),9.63
N31HP,51.603727,-0.197719,North,Barnet Hospital,5.36,Royal Free Hospital,6.05,Barnet Hospital,5.36,UCH (University College),9.78
N31HR,51.60339,-0.1974,North,Barnet Hospital,5.4,Royal Free Hospital,6.0,Barnet Hospital,5.4,UCH (University College),9.74
N31HS,51.603394,-0.196504,North,Barnet Hospital,5.42,Royal Free Hospital,5.98,Barnet Hospital,5.42,UCH (University College),9.71
N31HT,51.604196,-0.196054,North,Barnet Hospital,5.34,Royal Free Hospital,6.05,Barnet Hospital,5.34,UCH (University College),9.78
N31HU,51.605323,-0.195042,North,Barnet Hospital,5.23,Royal Free Hospital,6.15,Barnet Hospital,5.23,UCH (University College),9.86
N31HW,51.60332,-0.198702,North,Barnet Hospital,5.39,Royal Free Hospital,6.03,Barnet Hospital,5.39,UCH (University College),9.77
N31HX,51.604586,-0.195663,North,Barnet Hospital,5.3,Royal Free Hospital,6.08,Barnet Hospital,5.3,UCH (University College),9.81
N31HY,51.605532,-0.196968,North,Barnet Hospital,5.18,Royal Free Hospital,6.21,Barnet Hospital,5.18,UCH (University College),9.94
N31HZ,51.606256,-0.198442,North,Barnet Hospital,5.08,Royal Free Hospital,6.33,Barnet Hospital,5.08,UCH (University College),10.06
N31JA,51.606212,-0.197317,North,Barnet Hospital,5.1,Royal Free Hospital,6.29,Barnet Hospital,5.1,UCH (University College),10.02
N31JB,51.605623,-0.195867,North,Barnet Hospital,5.19,Royal Free Hospital,6.2,Barnet Hospital,5.19,UCH (University College),9.92
N31JD,51.606461,-0.194202,North,Barnet Hospital,5.13,Royal Free Hospital,6.25,Barnet Hospital,5.13,UCH (University College),9.95
N31JE,51.606302,-0.194367,North,Barnet Hospital,5.14,Royal Free Hospital,6.23,Barnet Hospital,5.14,UCH (University College),9.94
N31JG,51.606772,-0.192775,North,Barnet Hospital,5.12,Royal Free Hospital,6.25,Barnet Hospital,5.12,UCH (University College),9.95
N31JH,51.605902,-0.192925,North,Barnet Hospital,5.21,Royal Free Hospital,6.16,Barnet Hospital,5.21,UCH (University College),9.86
N31JJ,51.606078,-0.193842,North,Barnet Hospital,5.18,Royal Free Hospital,6.2,Barnet Hospital,5.18,UCH (University College),9.91
N31JL,51.605385,-0.193855,North,Barnet Hospital,5.25,Royal Free Hospital,6.13,Barnet Hospital,5.25,UCH (University College),9.84
N31JN,51.604617,-0.194752,North,Barnet Hospital,5.32,Royal Free Hospital,6.07,Barnet Hospital,5.32,UCH (University College),9.78
N31JP,51.604016,-0.195469,North,Barnet Hospital,5.37,Royal Free Hospital,6.02,Barnet Hospital,5.37,UCH (University College),9.74
N31JR,51.603696,-0.195684,North,Barnet Hospital,5.4,Royal Free Hospital,5.99,Barnet Hospital,5.4,UCH (University College),9.72
N31JS,51.604203,-0.195288,North,Barnet Hospital,5.35,Royal Free Hospital,6.04,Barnet Hospital,5.35,UCH (University College),9.76
N31LB,51.608814,-0.183523,North,Barnet Hospital,5.15,Royal Free Hospital,6.31,Barnet Hospital,5.15,UCH (University College),9.92
N31LD,51.604813,-0.189964,North,Barnet Hospital,5.39,Royal Free Hospital,5.98,Barnet Hospital,5.39,UCH (University College),9.67
N31LF,51.605001,-0.189321,North,Barnet Hospital,5.39,Royal Free Hospital,5.99,Barnet Hospital,5.39,UCH (University College),9.67
N31LG,51.605498,-0.191251,North,Barnet Hospital,5.29,Royal Free Hospital,6.08,Barnet Hospital,5.29,UCH (University College),9.77
N31LH,51.605235,-0.189947,North,Barnet Hospital,5.35,Royal Free Hospital,6.03,Barnet Hospital,5.35,UCH (University College),9.71
N31LJ,51.605081,-0.188712,North,Barnet Hospital,5.39,Royal Free Hospital,5.99,Barnet Hospital,5.39,UCH (University College),9.66
N31LL,51.606041,-0.187388,North,Barnet Hospital,5.32,Royal Free Hospital,6.07,Barnet Hospital,5.32,UCH (University College),9.73
N31LP,51.606218,-0.187179,North,Barnet Hospital,5.31,Royal Free Hospital,6.08,Barnet Hospital,5.31,UCH (University College),9.74
N31LQ,51.605389,-0.190577,North,Barnet Hospital,5.32,Royal Free Hospital,6.06,Barnet Hospital,5.32,UCH (University College),9.74
N31LS,51.606631,-0.187134,North,Barnet Hospital,5.27,Royal Free Hospital,6.13,Barnet Hospital,5.27,UCH (University College),9.78
N31LT,51.607028,-0.187854,North,Barnet Hospital,5.21,Royal Free Hospital,6.18,Barnet Hospital,5.21,UCH (University College),9.84
N31LU,51.60706,-0.187001,North,Barnet Hospital,5.23,Royal Free Hospital,6.17,Barnet Hospital,5.23,UCH (University College),9.82
N31LX,51.607229,-0.187427,North,Barnet Hospital,5.2,Royal Free Hospital,6.2,Barnet Hospital,5.2,UCH (University College),9.85
N31LY,51.606753,-0.18632,North,Barnet Hospital,5.28,Royal Free Hospital,6.13,Barnet Hospital,5.28,UCH (University College),9.77
N31LZ,51.606208,-0.187165,North,Barnet Hospital,5.31,Royal Free Hospital,6.08,Barnet Hospital,5.31,UCH (University College),9.74
N31NA,51.607288,-0.186616,North,Barnet Hospital,5.21,Royal Free Hospital,6.19,Barnet Hospital,5.21,UCH (University College),9.84
N31NB,51.607103,-0.185728,North,Barnet Hospital,5.26,Royal Free Hospital,6.16,Barnet Hospital,5.26,UCH (University College),9.8
N31ND,51.608699,-0.186575,North,Barnet Hospital,5.07,Royal Free Hospital,6.34,Barnet Hospital,5.07,UCH (University College),9.98
N31NE,51.609011,-0.186403,North,Barnet Hospital,5.04,Royal Free Hospital,6.37,Barnet Hospital,5.04,UCH (University College),10.01
N31NF,51.608503,-0.183781,North,Barnet Hospital,5.17,Royal Free Hospital,6.28,Barnet Hospital,5.17,UCH (University College),9.89
N31NG,51.609096,-0.182587,North,Barnet Hospital,5.14,Royal Free Hospital,6.33,Barnet Hospital,5.14,UCH (University College),9.93
N31NH,51.608443,-0.185126,North,Barnet Hospital,5.14,Royal Free Hospital,6.29,Barnet Hospital,5.14,UCH (University College),9.92
N31NJ,51.608576,-0.184457,North,Barnet Hospital,5.14,Royal Free Hospital,6.3,Barnet Hospital,5.14,UCH (University College),9.92
N31NL,51.607693,-0.184911,North,Barnet Hospital,5.22,Royal Free Hospital,6.21,Barnet Hospital,5.22,UCH (University College),9.84
N31NP,51.610852,-0.187399,North,Barnet Hospital,4.83,Royal Free Hospital,6.59,Barnet Hospital,4.83,UCH (University College),10.23
N31NR,51.610667,-0.186511,North,Barnet Hospital,4.87,Royal Free Hospital,6.55,Barnet Hospital,4.87,UCH (University College),10.19
N31NS,51.611071,-0.187,North,Barnet Hospital,4.82,Royal Free Hospital,6.61,Barnet Hospital,4.82,UCH (University College),10.24
N31NT,51.609256,-0.188892,North,Barnet Hospital,4.95,Royal Free Hospital,6.44,Barnet Hospital,4.95,UCH (University College),10.1
N31NX,51.608425,-0.189228,North,Barnet Hospital,5.03,Royal Free Hospital,6.36,Barnet Hospital,5.03,UCH (University College),10.02
N31NY,51.60874,-0.189794,North,Barnet Hospital,4.98,Royal Free Hospital,6.4,Barnet Hospital,4.98,UCH (University College),10.07
N31PA,51.607161,-0.190593,North,Barnet Hospital,5.13,Royal Free Hospital,6.25,Barnet Hospital,5.13,UCH (University College),9.93
N31PB,51.607497,-0.190854,North,Barnet Hospital,5.09,Royal Free Hospital,6.29,Barnet Hospital,5.09,UCH (University College),9.97
N31PD,51.607674,-0.191251,North,Barnet Hospital,5.06,Royal Free Hospital,6.32,Barnet Hospital,5.06,UCH (University College),10.0
N31PE,51.607873,-0.191879,North,Barnet Hospital,5.03,Royal Free Hospital,6.35,Barnet Hospital,5.03,UCH (University College),10.03
N31PG,51.608928,-0.190349,North,Barnet Hospital,4.95,Royal Free Hospital,6.43,Barnet Hospital,4.95,UCH (University College),10.1
N31PH,51.609235,-0.192764,North,Barnet Hospital,4.86,Royal Free Hospital,6.51,Barnet Hospital,4.86,UCH (University College),10.2
N31PJ,51.609944,-0.191479,North,Barnet Hospital,4.82,Royal Free Hospital,6.56,Barnet Hospital,4.82,UCH (University College),10.24
N31PL,51.6103,-0.191248,North,Barnet Hospital,4.79,Royal Free Hospital,6.6,Barnet Hospital,4.79,UCH (University College),10.27
N31PN,51.611725,-0.193863,North,Barnet Hospital,4.58,Royal Free Hospital,6.8,Barnet Hospital,4.58,UCH (University College),10.48
N31PP,51.612008,-0.193535,North,Barnet Hospital,4.55,Royal Free Hospital,6.82,Barnet Hospital,4.55,UCH (University College),10.5
N31PQ,51.60804,-0.191641,North,Barnet Hospital,5.01,Royal Free Hospital,6.36,Barnet Hospital,5.01,UCH (University College),10.04
N31PR,51.611534,-0.191979,North,Barnet Hospital,4.64,Royal Free Hospital,6.74,Barnet Hospital,4.64,UCH (University College),10.41
N31PS,51.610751,-0.190725,North,Barnet Hospital,4.75,Royal Free Hospital,6.63,Barnet Hospital,4.75,UCH (University College),10.3
N31PT,51.611077,-0.190351,North,Barnet Hospital,4.73,Royal Free Hospital,6.66,Barnet Hospital,4.73,UCH (University College),10.32
N31PU,51.61038,-0.189468,North,Barnet Hospital,4.82,Royal Free Hospital,6.57,Barnet Hospital,4.82,UCH (University College),10.23
N31PW,51.608869,-0.192359,North,Barnet Hospital,4.91,Royal Free Hospital,6.46,Barnet Hospital,4.91,UCH (University College),10.15
N31PX,51.610177,-0.189087,North,Barnet Hospital,4.85,Royal Free Hospital,6.54,Barnet Hospital,4.85,UCH (University College),10.2
N31QJ,51.603815,-0.193498,North,Barnet Hospital,5.42,Royal Free Hospital,5.95,Barnet Hospital,5.42,UCH (University College),9.67
N31QL,51.604109,-0.192158,North,Barnet Hospital,5.42,Royal Free Hospital,5.96,Barnet Hospital,5.42,UCH (University College),9.66
N31QN,51.604153,-0.191463,North,Barnet Hospital,5.43,Royal Free Hospital,5.95,Barnet Hospital,5.43,UCH (University College),9.64
N31QP,51.604868,-0.191233,North,Barnet Hospital,5.36,Royal Free Hospital,6.02,Barnet Hospital,5.36,UCH (University College),9.71
N31QR,51.604487,-0.190439,North,Barnet Hospital,5.42,Royal Free Hospital,5.96,Barnet Hospital,5.42,UCH (University College),9.65
N31QS,51.604896,-0.191824,North,Barnet Hospital,5.34,Royal Free Hospital,6.03,Barnet Hospital,5.34,UCH (University College),9.73
N31QT,51.603914,-0.194072,North,Barnet Hospital,5.4,Royal Free Hospital,5.98,Barnet Hospital,5.4,UCH (University College),9.69
N31QU,51.603886,-0.194015,North,Barnet Hospital,5.41,Royal Free Hospital,5.97,Barnet Hospital,5.41,UCH (University College),9.69
N31QX,51.6043,-0.19345,North,Barnet Hospital,5.37,Royal Free Hospital,6.0,Barnet Hospital,5.37,UCH (University College),9.71
N31QY,51.603325,-0.195511,North,Barnet Hospital,5.44,Royal Free Hospital,5.95,Barnet Hospital,5.44,UCH (University College),9.68
N31QZ,51.60407,-0.192492,North,Barnet Hospital,5.42,Royal Free Hospital,5.96,Barnet Hospital,5.42,UCH (University College),9.66
N31RA,51.603913,-0.196354,North,Barnet Hospital,5.36,Royal Free Hospital,6.03,Barnet Hospital,5.36,UCH (University College),9.76
N31RB,51.604328,-0.197579,North,Barnet Hospital,5.3,Royal Free Hospital,6.1,Barnet Hospital,5.3,UCH (University College),9.84
N31RD,51.604856,-0.199219,North,Barnet Hospital,5.22,Royal Free Hospital,6.2,Barnet Hospital,5.22,UCH (University College),9.94
N31RE,51.604161,-0.203694,North,Barnet Hospital,5.24,Royal Free Hospital,6.25,Barnet Hospital,5.24,Queen Charlottes',9.95
N31RG,51.604138,-0.198107,North,Barnet Hospital,5.31,Royal Free Hospital,6.1,Barnet Hospital,5.31,UCH (University College),9.84
N31RH,51.603076,-0.196286,North,Barnet Hospital,5.45,Royal Free Hospital,5.94,Barnet Hospital,5.45,UCH (University College),9.67
N31RJ,51.602722,-0.195491,North,Barnet Hospital,5.51,Royal Free Hospital,5.89,Barnet Hospital,5.51,UCH (University College),9.61
N31RN,51.604896,-0.200618,North,Barnet Hospital,5.19,Royal Free Hospital,6.24,Barnet Hospital,5.19,UCH (University College),9.99
N31RQ,51.603703,-0.197315,North,Barnet Hospital,5.37,Royal Free Hospital,6.03,Barnet Hospital,5.37,UCH (University College),9.77
N31TA,51.602656,-0.202902,North,Barnet Hospital,5.41,Royal Free Hospital,6.08,Barnet Hospital,5.41,Queen Charlottes',9.8
N31TB,51.602995,-0.201574,North,Barnet Hospital,5.39,Royal Free Hospital,6.08,Barnet Hospital,5.39,UCH (University College),9.83
N31TD,51.601694,-0.204095,North,Barnet Hospital,5.5,Royal Free Hospital,6.02,Barnet Hospital,5.5,Queen Charlottes',9.68
N31TE,51.601177,-0.205559,North,Barnet Hospital,5.55,Royal Free Hospital,6.01,Barnet Hospital,5.55,Queen Charlottes',9.6
N31TG,51.601416,-0.206488,North,Barnet Hospital,5.51,Royal Free Hospital,6.07,Barnet Hospital,5.51,Queen Charlottes',9.61
N31TH,51.60161,-0.206871,North,Barnet Hospital,5.49,Royal Free Hospital,6.1,Barnet Hospital,5.49,Queen Charlottes',9.63
N31TL,51.598671,-0.208127,North,Barnet Hospital,5.81,Royal Free Hospital,5.86,Barnet Hospital,5.81,Queen Charlottes',9.29
N31TQ,51.602395,-0.205858,North,Barnet Hospital,5.41,Royal Free Hospital,6.14,Barnet Hospital,5.41,Queen Charlottes',9.73
N31TW,51.600903,-0.20118,North,Barnet Hospital,5.62,Royal Free Hospital,5.85,Barnet Hospital,5.62,UCH (University College),9.61
N31UB,51.600905,-0.203057,North,Barnet Hospital,5.6,Royal Free Hospital,5.91,Barnet Hospital,5.6,Queen Charlottes',9.61
N31UF,51.59981,-0.203808,North,Barnet Hospital,5.71,Royal Free Hospital,5.82,Barnet Hospital,5.71,Queen Charlottes',9.48
N31UH,51.600301,-0.207067,North,Barnet Hospital,5.63,Royal Free Hospital,5.98,Barnet Hospital,5.63,Queen Charlottes',9.48
N31UJ,51.599811,-0.205627,North,Barnet Hospital,5.7,Royal Free Hospital,5.88,Barnet Hospital,5.7,Queen Charlottes',9.45
N31UN,51.599313,-0.206022,North,Barnet Hospital,5.75,Royal Free Hospital,5.85,Barnet Hospital,5.75,Queen Charlottes',9.39
N31YA,51.60629,-0.190108,North,Barnet Hospital,5.23,Royal Free Hospital,6.15,Barnet Hospital,5.23,UCH (University College),9.82
N31YB,51.606511,-0.189276,North,Barnet Hospital,5.23,Royal Free Hospital,6.15,Barnet Hospital,5.23,UCH (University College),9.82
N31YD,51.606103,-0.189682,North,Barnet Hospital,5.26,Royal Free Hospital,6.12,Barnet Hospital,5.26,UCH (University College),9.79
N31YE,51.605389,-0.18945,North,Barnet Hospital,5.34,Royal Free Hospital,6.04,Barnet Hospital,5.34,UCH (University College),9.71
N31YG,51.605975,-0.188936,North,Barnet Hospital,5.29,Royal Free Hospital,6.09,Barnet Hospital,5.29,UCH (University College),9.76
N31YH,51.606547,-0.188133,North,Barnet Hospital,5.25,Royal Free Hospital,6.14,Barnet Hospital,5.25,UCH (University College),9.8
N31YJ,51.60628,-0.18774,North,Barnet Hospital,5.29,Royal Free Hospital,6.1,Barnet Hospital,5.29,UCH (University College),9.76
N31YL,51.607748,-0.187898,North,Barnet Hospital,5.13,Royal Free Hospital,6.26,Barnet Hospital,5.13,UCH (University College),9.92
N31YN,51.608099,-0.188462,North,Barnet Hospital,5.08,Royal Free Hospital,6.31,Barnet Hospital,5.08,UCH (University College),9.97
N31YP,51.607879,-0.187041,North,Barnet Hospital,5.14,Royal Free Hospital,6.26,Barnet Hospital,5.14,UCH (University College),9.91
N31YT,51.607547,-0.187054,North,Barnet Hospital,5.18,Royal Free Hospital,6.23,Barnet Hospital,5.18,UCH (University College),9.87
N32DX,51.607738,-0.183725,North,Barnet Hospital,5.25,Royal Free Hospital,6.2,Barnet Hospital,5.25,UCH (University College),9.81
N32DY,51.607567,-0.183154,North,Barnet Hospital,5.28,Royal Free Hospital,6.17,Barnet Hospital,5.28,UCH (University College),9.78
N32DZ,51.607007,-0.182382,North,Barnet Hospital,5.36,Royal Free Hospital,6.1,Barnet Hospital,5.36,UCH (University College),9.71
N32LX,51.608688,-0.182358,North,Barnet Hospital,5.19,Royal Free Hospital,6.28,Barnet Hospital,5.19,UCH (University College),9.88
N32LY,51.609172,-0.181703,North,Barnet Hospital,5.16,Royal Free Hospital,6.32,Barnet Hospital,5.16,UCH (University College),9.92
N32LZ,51.607371,-0.183291,North,Barnet Hospital,5.3,Royal Free Hospital,6.15,Barnet Hospital,5.3,UCH (University College),9.76
N32NA,51.60816,-0.183144,North,Barnet Hospital,5.22,Royal Free Hospital,6.23,Barnet Hospital,5.22,UCH (University College),9.84
N32NB,51.607146,-0.184441,North,Barnet Hospital,5.29,Royal Free Hospital,6.14,Barnet Hospital,5.29,UCH (University College),9.77
N32ND,51.607156,-0.184455,North,Barnet Hospital,5.29,Royal Free Hospital,6.14,Barnet Hospital,5.29,UCH (University College),9.77
N32NF,51.606279,-0.184736,North,Barnet Hospital,5.37,Royal Free Hospital,6.05,Barnet Hospital,5.37,UCH (University College),9.69
N32NQ,51.60743,-0.18417,North,Barnet Hospital,5.27,Royal Free Hospital,6.17,Barnet Hospital,5.27,UCH (University College),9.79
N32NT,51.606982,-0.184881,North,Barnet Hospital,5.29,Royal Free Hospital,6.13,Barnet Hospital,5.29,UCH (University College),9.76
N32NU,51.607146,-0.184441,North,Barnet Hospital,5.29,Royal Free Hospital,6.14,Barnet Hospital,5.29,UCH (University College),9.77
N32NX,51.606517,-0.186214,North,Barnet Hospital,5.3,Royal Free Hospital,6.1,Barnet Hospital,5.3,UCH (University College),9.75
N32PB,51.604765,-0.189172,North,Barnet Hospital,5.41,Royal Free Hospital,5.96,Barnet Hospital,5.41,UCH (University College),9.64
N32PD,51.604765,-0.189172,North,Barnet Hospital,5.41,Royal Free Hospital,5.96,Barnet Hospital,5.41,UCH (University College),9.64
N32PE,51.605353,-0.187661,North,Barnet Hospital,5.39,Royal Free Hospital,6.0,Barnet Hospital,5.39,UCH (University College),9.66
N32UD,51.607568,-0.182634,North,Barnet Hospital,5.3,Royal Free Hospital,6.16,Barnet Hospital,5.3,UCH (University College),9.77
N32UJ,51.607055,-0.183737,North,Barnet Hospital,5.32,Royal Free Hospital,6.12,Barnet Hospital,5.32,UCH (University College),9.74
N32UQ,51.606495,-0.184771,North,Barnet Hospital,5.35,Royal Free Hospital,6.08,Barnet Hospital,5.35,UCH (University College),9.71
NW41AU,51.598112,-0.221591,North,Barnet Hospital,5.86,Royal Free Hospital,6.33,Barnet Hospital,5.86,Queen Charlottes',9.08
NW41AX,51.597073,-0.218889,North,Barnet Hospital,5.97,Royal Free Hospital,6.12,Barnet Hospital,5.97,Queen Charlottes',8.98
NW41AY,51.597284,-0.219776,North,Barnet Hospital,5.95,Royal Free Hospital,6.18,Barnet Hospital,5.95,Queen Charlottes',9.0
NW41HE,51.596819,-0.220559,North,Barnet Hospital,6.0,Royal Free Hospital,6.17,Barnet Hospital,6.0,Queen Charlottes',8.94
NW41HH,51.596497,-0.220037,North,Barnet Hospital,6.04,Royal Free Hospital,6.12,Barnet Hospital,6.04,Queen Charlottes',8.91
NW41HN,51.597131,-0.22098,North,Barnet Hospital,5.97,Royal Free Hospital,6.21,Barnet Hospital,5.97,Queen Charlottes',8.97
NW41HP,51.596419,-0.221427,North,Barnet Hospital,6.05,Royal Free Hospital,6.17,Barnet Hospital,6.05,Queen Charlottes',8.89
NW41HQ,51.598509,-0.218154,North,Barnet Hospital,5.81,Royal Free Hospital,6.22,Barnet Hospital,5.81,Queen Charlottes',9.15
NW41HR,51.596625,-0.221996,North,Barnet Hospital,6.03,Royal Free Hospital,6.21,Barnet Hospital,6.03,Queen Charlottes',8.91
NW41HS,51.59771,-0.222372,North,Barnet Hospital,5.91,Royal Free Hospital,6.32,Barnet Hospital,5.91,Queen Charlottes',9.03
NW41HT,51.597285,-0.2234,North,Barnet Hospital,5.97,Royal Free Hospital,6.33,Barnet Hospital,5.97,Queen Charlottes',8.97
NW41HU,51.597518,-0.223954,North,Barnet Hospital,5.94,Royal Free Hospital,6.38,Barnet Hospital,5.94,Queen Charlottes',8.99
NW41HX,51.59789,-0.224777,North,Barnet Hospital,5.91,Royal Free Hospital,6.44,Barnet Hospital,5.91,Queen Charlottes',9.03
NW41HY,51.598289,-0.224371,North,Barnet Hospital,5.86,Royal Free Hospital,6.46,Barnet Hospital,5.86,Queen Charlottes',9.08
NW41JA,51.598647,-0.22609,North,Barnet Hospital,5.84,Royal Free Hospital,6.57,Barnet Hospital,5.84,Queen Charlottes',9.11
NW41JB,51.598878,-0.226471,North,Barnet Hospital,5.81,Royal Free Hospital,6.6,Barnet Hospital,5.81,Queen Charlottes',9.13
NW41JD,51.599983,-0.230587,North,Barnet Hospital,5.74,Royal Free Hospital,6.88,Barnet Hospital,5.74,Queen Charlottes',9.24
NW41JE,51.599634,-0.229474,North,Barnet Hospital,5.76,Royal Free Hospital,6.8,Barnet Hospital,5.76,Queen Charlottes',9.2
NW41JF,51.598983,-0.210887,North,Barnet Hospital,5.76,Royal Free Hospital,5.98,Barnet Hospital,5.76,Queen Charlottes',9.28
NW41JL,51.598468,-0.212467,North,Barnet Hospital,5.81,Royal Free Hospital,5.99,Barnet Hospital,5.81,Queen Charlottes',9.21
NW41JR,51.597309,-0.214938,North,Barnet Hospital,5.94,Royal Free Hospital,5.98,Barnet Hospital,5.94,Queen Charlottes',9.05
NW41JS,51.597579,-0.213758,North,Barnet Hospital,5.91,Royal Free Hospital,5.96,Barnet Hospital,5.91,Queen Charlottes',9.09
NW41JT,51.598008,-0.213019,North,Barnet Hospital,5.86,Royal Free Hospital,5.97,Barnet Hospital,5.86,Queen Charlottes',9.15
NW41JX,51.598181,-0.211958,North,Barnet Hospital,5.84,Royal Free Hospital,5.95,Barnet Hospital,5.84,Queen Charlottes',9.18
NW41JY,51.598711,-0.211923,North,Barnet Hospital,5.79,Royal Free Hospital,6.0,Barnet Hospital,5.79,Queen Charlottes',9.24
NW41LA,51.598761,-0.211083,North,Barnet Hospital,5.78,Royal Free Hospital,5.97,Barnet Hospital,5.78,Queen Charlottes',9.26
NW41LB,51.598806,-0.211067,North,Barnet Hospital,5.78,Royal Free Hospital,5.97,Barnet Hospital,5.78,Queen Charlottes',9.26
NW41LD,51.599544,-0.21111,North,Barnet Hospital,5.7,Royal Free Hospital,6.04,Barnet Hospital,5.7,Queen Charlottes',9.34
NW41LE,51.599854,-0.210809,North,Barnet Hospital,5.66,Royal Free Hospital,6.06,Barnet Hospital,5.66,Queen Charlottes',9.38
NW41LF,51.599705,-0.211032,North,Barnet Hospital,5.68,Royal Free Hospital,6.06,Barnet Hospital,5.68,Queen Charlottes',9.36
NW41LG,51.600263,-0.210461,North,Barnet Hospital,5.62,Royal Free Hospital,6.09,Barnet Hospital,5.62,Queen Charlottes',9.43
NW41LH,51.600718,-0.210256,North,Barnet Hospital,5.57,Royal Free Hospital,6.13,Barnet Hospital,5.57,Queen Charlottes',9.48
NW41LJ,51.600443,-0.209299,North,Barnet Hospital,5.6,Royal Free Hospital,6.07,Barnet Hospital,5.6,Queen Charlottes',9.46
NW41LL,51.599809,-0.209627,North,Barnet Hospital,5.67,Royal Free Hospital,6.02,Barnet Hospital,5.67,Queen Charlottes',9.39
NW41LN,51.599378,-0.209644,North,Barnet Hospital,5.72,Royal Free Hospital,5.98,Barnet Hospital,5.72,Queen Charlottes',9.34
NW41LP,51.598464,-0.21046,North,Barnet Hospital,5.82,Royal Free Hospital,5.92,Barnet Hospital,5.82,Queen Charlottes',9.23
NW41LR,51.597814,-0.211453,North,Barnet Hospital,5.89,Royal Free Hospital,5.89,Barnet Hospital,5.89,Queen Charlottes',9.15
NW41LT,51.598801,-0.210129,North,Barnet Hospital,5.78,Royal Free Hospital,5.94,Barnet Hospital,5.78,Queen Charlottes',9.27
NW41LW,51.599058,-0.209917,North,Barnet Hospital,5.75,Royal Free Hospital,5.96,Barnet Hospital,5.75,Queen Charlottes',9.31
NW41NT,51.59714,-0.219796,North,Barnet Hospital,5.96,Royal Free Hospital,6.16,Barnet Hospital,5.96,Queen Charlottes',8.98
NW41NU,51.59714,-0.219796,North,Barnet Hospital,5.96,Royal Free Hospital,6.16,Barnet Hospital,5.96,Queen Charlottes',8.98
NW41NX,51.597664,-0.21696,North,Barnet Hospital,5.9,Royal Free Hospital,6.09,Barnet Hospital,5.9,Queen Charlottes',9.07
NW41NY,51.597081,-0.216477,North,Barnet Hospital,5.96,Royal Free Hospital,6.02,Barnet Hospital,5.96,Queen Charlottes',9.01
NW41NZ,51.597118,-0.218353,North,Barnet Hospital,5.96,Royal Free Hospital,6.1,Barnet Hospital,5.96,Queen Charlottes',8.99
NW41PA,51.597326,-0.218402,North,Barnet Hospital,5.94,Royal Free Hospital,6.12,Barnet Hospital,5.94,Queen Charlottes',9.02
NW41PD,51.596674,-0.218688,North,Barnet Hospital,6.01,Royal Free Hospital,6.08,Barnet Hospital,6.01,Queen Charlottes',8.94
NW41PE,51.597108,-0.218873,North,Barnet Hospital,5.96,Royal Free Hospital,6.12,Barnet Hospital,5.96,Queen Charlottes',8.99
NW41PF,51.598032,-0.211011,North,Barnet Hospital,5.86,Royal Free Hospital,5.9,Barnet Hospital,5.86,Queen Charlottes',9.18
NW41PG,51.59714,-0.219796,North,Barnet Hospital,5.96,Royal Free Hospital,6.16,Barnet Hospital,5.96,Queen Charlottes',8.98
NW41PH,51.597941,-0.219808,North,Barnet Hospital,5.88,Royal Free Hospital,6.24,Barnet Hospital,5.88,Queen Charlottes',9.07
NW41PJ,51.598175,-0.21925,North,Barnet Hospital,5.85,Royal Free Hospital,6.23,Barnet Hospital,5.85,Queen Charlottes',9.1
NW41PL,51.598594,-0.223161,North,Barnet Hospital,5.82,Royal Free Hospital,6.44,Barnet Hospital,5.82,Queen Charlottes',9.12
NW41PN,51.597785,-0.220825,North,Barnet Hospital,5.9,Royal Free Hospital,6.26,Barnet Hospital,5.9,Queen Charlottes',9.05
NW41PP,51.598379,-0.222577,North,Barnet Hospital,5.84,Royal Free Hospital,6.39,Barnet Hospital,5.84,Queen Charlottes',9.1
NW41PQ,51.598491,-0.222847,North,Barnet Hospital,5.83,Royal Free Hospital,6.41,Barnet Hospital,5.83,Queen Charlottes',9.11
NW41PR,51.599116,-0.22496,North,Barnet Hospital,5.78,Royal Free Hospital,6.56,Barnet Hospital,5.78,Queen Charlottes',9.16
NW41PS,51.599514,-0.225739,North,Barnet Hospital,5.74,Royal Free Hospital,6.63,Barnet Hospital,5.74,Queen Charlottes',9.2
NW41PT,51.601352,-0.233133,North,Barnet Hospital,5.63,Royal Free Hospital,7.11,Barnet Hospital,5.63,Queen Charlottes',9.38
NW41PW,51.598982,-0.224416,North,Barnet Hospital,5.79,Royal Free Hospital,6.52,Barnet Hospital,5.79,Queen Charlottes',9.15
NW41PX,51.604946,-0.22456,North,Barnet Hospital,5.13,Royal Free Hospital,7.06,Barnet Hospital,5.13,Queen Charlottes',9.81
NW41RH,51.596329,-0.225603,North,Barnet Hospital,6.09,Royal Free Hospital,6.35,Barnet Hospital,6.09,Queen Charlottes',8.85
NW41RJ,51.596329,-0.225603,North,Barnet Hospital,6.09,Royal Free Hospital,6.35,Barnet Hospital,6.09,Queen Charlottes',8.85
NW41RL,51.603876,-0.226334,North,Barnet Hospital,5.26,Royal Free Hospital,7.03,Barnet Hospital,5.26,Queen Charlottes',9.68
NW41RY,51.595225,-0.225169,North,Barnet Hospital,6.21,Royal Free Hospital,6.24,Barnet Hospital,6.21,Queen Charlottes',8.73
NW41SA,51.596482,-0.224413,North,Barnet Hospital,6.06,Royal Free Hospital,6.31,Barnet Hospital,6.06,Queen Charlottes',8.88
NW41SB,51.595999,-0.222815,North,Barnet Hospital,6.11,Royal Free Hospital,6.2,Barnet Hospital,6.11,Queen Charlottes',8.83
NW41SD,51.596718,-0.223942,North,Barnet Hospital,6.03,Royal Free Hospital,6.31,Barnet Hospital,6.03,Queen Charlottes',8.91
NW41SE,51.597771,-0.225243,North,Barnet Hospital,5.93,Royal Free Hospital,6.45,Barnet Hospital,5.93,Queen Charlottes',9.01
NW41SG,51.597491,-0.225731,North,Barnet Hospital,5.96,Royal Free Hospital,6.45,Barnet Hospital,5.96,Queen Charlottes',8.98
NW41SH,51.595044,-0.225624,North,Barnet Hospital,6.23,Royal Free Hospital,6.24,Barnet Hospital,6.23,Queen Charlottes',8.71
NW44LF,51.597227,-0.23504,North,Barnet Hospital,6.1,Royal Free Hospital,6.86,Barnet Hospital,6.1,Queen Charlottes',8.92
NW44LG,51.597536,-0.234667,North,Barnet Hospital,6.06,Royal Free Hospital,6.87,Barnet Hospital,6.06,Queen Charlottes',8.96
NW44LX,51.593893,-0.231603,North,Barnet Hospital,6.42,Royal Free Hospital,6.43,Barnet Hospital,6.42,Queen Charlottes',8.56
NW44LY,51.593742,-0.232922,North,Barnet Hospital,6.45,Royal Free Hospital,6.49,Barnet Hospital,6.45,Queen Charlottes',8.54
NW44NA,51.595463,-0.231368,North,Barnet Hospital,6.24,Royal Free Hospital,6.55,Barnet Hospital,6.24,Queen Charlottes',8.73
NW44NB,51.595227,-0.231854,North,Barnet Hospital,6.27,Royal Free Hospital,6.55,Barnet Hospital,6.27,Queen Charlottes',8.7
NW44ND,51.594132,-0.231983,North,Barnet Hospital,6.4,Royal Free Hospital,6.47,Barnet Hospital,6.4,Queen Charlottes',8.58
NW44RA,51.595225,-0.227523,North,Barnet Hospital,6.23,Royal Free Hospital,6.35,Barnet Hospital,6.23,Queen Charlottes',8.72
NW44RB,51.596344,-0.227782,North,Barnet Hospital,6.11,Royal Free Hospital,6.45,Barnet Hospital,6.11,Queen Charlottes',8.84
NW44RD,51.596363,-0.226627,North,Barnet Hospital,6.09,Royal Free Hospital,6.4,Barnet Hospital,6.09,Queen Charlottes',8.85
NW44RE,51.595404,-0.226895,North,Barnet Hospital,6.2,Royal Free Hospital,6.33,Barnet Hospital,6.2,Queen Charlottes',8.74
NW44SN,51.594575,-0.228559,North,Barnet Hospital,6.31,Royal Free Hospital,6.34,Barnet Hospital,6.31,Queen Charlottes',8.64
NW44TB,51.595,-0.234101,North,Barnet Hospital,6.33,Royal Free Hospital,6.64,Barnet Hospital,6.33,Queen Charlottes',8.67
NW44TD,51.595327,-0.234882,North,Barnet Hospital,6.31,Royal Free Hospital,6.71,Barnet Hospital,6.31,Queen Charlottes',8.71
NW44TE,51.59721,-0.233957,North,Barnet Hospital,6.09,Royal Free Hospital,6.81,Barnet Hospital,6.09,Queen Charlottes',8.92
NW44TG,51.595677,-0.234219,North,Barnet Hospital,6.26,Royal Free Hospital,6.7,Barnet Hospital,6.26,Queen Charlottes',8.75
NW44TH,51.598797,-0.235426,North,Barnet Hospital,5.94,Royal Free Hospital,7.01,Barnet Hospital,5.94,Queen Charlottes',9.1
NW44TJ,51.599916,-0.235701,North,Barnet Hospital,5.82,Royal Free Hospital,7.11,Barnet Hospital,5.82,Queen Charlottes',9.22
NW44TL,51.601215,-0.235376,North,Barnet Hospital,5.68,Royal Free Hospital,7.2,Barnet Hospital,5.68,Queen Charlottes',9.36
NW44TN,51.599859,-0.234909,North,Barnet Hospital,5.81,Royal Free Hospital,7.07,Barnet Hospital,5.81,Queen Charlottes',9.21
NW44TP,51.598257,-0.234191,North,Barnet Hospital,5.98,Royal Free Hospital,6.91,Barnet Hospital,5.98,Queen Charlottes',9.04
NW44TR,51.600244,-0.234186,North,Barnet Hospital,5.76,Royal Free Hospital,7.07,Barnet Hospital,5.76,Queen Charlottes',9.26
NW44TT,51.594632,-0.234086,North,Barnet Hospital,6.37,Royal Free Hospital,6.61,Barnet Hospital,6.37,Queen Charlottes',8.63
NW44TW,51.599859,-0.234909,North,Barnet Hospital,5.81,Royal Free Hospital,7.07,Barnet Hospital,5.81,Queen Charlottes',9.21
NW44UR,51.59442,-0.233199,North,Barnet Hospital,6.38,Royal Free Hospital,6.55,Barnet Hospital,6.38,Queen Charlottes',8.61
NW44UT,51.59464,-0.232887,North,Barnet Hospital,6.35,Royal Free Hospital,6.56,Barnet Hospital,6.35,Queen Charlottes',8.64
NW44UU,51.594929,-0.232371,North,Barnet Hospital,6.31,Royal Free Hospital,6.55,Barnet Hospital,6.31,Queen Charlottes',8.67
NW44UX,51.595138,-0.233113,North,Barnet Hospital,6.3,Royal Free Hospital,6.61,Barnet Hospital,6.3,Queen Charlottes',8.69
NW44UY,51.596433,-0.233078,North,Barnet Hospital,6.16,Royal Free Hospital,6.71,Barnet Hospital,6.16,Queen Charlottes',8.84
NW44XA,51.597951,-0.233004,North,Barnet Hospital,5.99,Royal Free Hospital,6.83,Barnet Hospital,5.99,Queen Charlottes',9.0
NW44XB,51.599425,-0.231749,North,Barnet Hospital,5.81,Royal Free Hospital,6.89,Barnet Hospital,5.81,Queen Charlottes',9.17
NW44XD,51.599764,-0.232183,North,Barnet Hospital,5.78,Royal Free Hospital,6.94,Barnet Hospital,5.78,Queen Charlottes',9.21
NW44XE,51.599733,-0.233051,North,Barnet Hospital,5.8,Royal Free Hospital,6.97,Barnet Hospital,5.8,Queen Charlottes',9.2
NW44XG,51.600439,-0.232764,North,Barnet Hospital,5.72,Royal Free Hospital,7.02,Barnet Hospital,5.72,Queen Charlottes',9.28
NW70AA,51.615474,-0.24115,North,Barnet Hospital,4.31,Royal Free Hospital,8.68,Barnet Hospital,4.31,Queen Charlottes',10.95
NW70AB,51.615474,-0.24115,North,Barnet Hospital,4.31,Royal Free Hospital,8.68,Barnet Hospital,4.31,Queen Charlottes',10.95
NW70AD,51.615474,-0.24115,North,Barnet Hospital,4.31,Royal Free Hospital,8.68,Barnet Hospital,4.31,Queen Charlottes',10.95
NW70AE,51.615474,-0.24115,North,Barnet Hospital,4.31,Royal Free Hospital,8.68,Barnet Hospital,4.31,Queen Charlottes',10.95
NW70AF,51.615474,-0.24115,North,Barnet Hospital,4.31,Royal Free Hospital,8.68,Barnet Hospital,4.31,Queen Charlottes',10.95
NW70AG,51.615474,-0.24115,North,Barnet Hospital,4.31,Royal Free Hospital,8.68,Barnet Hospital,4.31,Queen Charlottes',10.95
NW70AH,51.615474,-0.24115,North,Barnet Hospital,4.31,Royal Free Hospital,8.68,Barnet Hospital,4.31,Queen Charlottes',10.95
NW70AJ,51.615474,-0.24115,North,Barnet Hospital,4.31,Royal Free Hospital,8.68,Barnet Hospital,4.31,Queen Charlottes',10.95
NW70AL,51.615474,-0.24115,North,Barnet Hospital,4.31,Royal Free Hospital,8.68,Barnet Hospital,4.31,Queen Charlottes',10.95
NW70AN,51.615455,-0.241079,North,Barnet Hospital,4.31,Royal Free Hospital,8.68,Barnet Hospital,4.31,Queen Charlottes',10.95
NW70AP,51.615474,-0.24115,North,Barnet Hospital,4.31,Royal Free Hospital,8.68,Barnet Hospital,4.31,Queen Charlottes',10.95
NW70AQ,51.615437,-0.241094,North,Barnet Hospital,4.31,Royal Free Hospital,8.67,Barnet Hospital,4.31,Queen Charlottes',10.95
NW70AR,51.615474,-0.24115,North,Barnet Hospital,4.31,Royal Free Hospital,8.68,Barnet Hospital,4.31,Queen Charlottes',10.95
NW70AS,51.615474,-0.24115,North,Barnet Hospital,4.31,Royal Free Hospital,8.68,Barnet Hospital,4.31,Queen Charlottes',10.95
NW70AT,51.615474,-0.24115,North,Barnet Hospital,4.31,Royal Free Hospital,8.68,Barnet Hospital,4.31,Queen Charlottes',10.95
NW70AU,51.615474,-0.24115,North,Barnet Hospital,4.31,Royal Free Hospital,8.68,Barnet Hospital,4.31,Queen Charlottes',10.95
NW70AW,51.615474,-0.24115,North,Barnet Hospital,4.31,Royal Free Hospital,8.68,Barnet Hospital,4.31,Queen Charlottes',10.95
NW70AX,51.615474,-0.24115,North,Barnet Hospital,4.31,Royal Free Hospital,8.68,Barnet Hospital,4.31,Queen Charlottes',10.95
NW70AY,51.615474,-0.24115,North,Barnet Hospital,4.31,Royal Free Hospital,8.68,Barnet Hospital,4.31,Queen Charlottes',10.95
NW70AZ,51.615474,-0.24115,North,Barnet Hospital,4.31,Royal Free Hospital,8.68,Barnet Hospital,4.31,Queen Charlottes',10.95
NW70BA,51.615474,-0.24115,North,Barnet Hospital,4.31,Royal Free Hospital,8.68,Barnet Hospital,4.31,Queen Charlottes',10.95
NW70BB,51.615474,-0.24115,North,Barnet Hospital,4.31,Royal Free Hospital,8.68,Barnet Hospital,4.31,Queen Charlottes',10.95
NW70BD,51.615474,-0.24115,North,Barnet Hospital,4.31,Royal Free Hospital,8.68,Barnet Hospital,4.31,Queen Charlottes',10.95
NW70BE,51.615474,-0.24115,North,Barnet Hospital,4.31,Royal Free Hospital,8.68,Barnet Hospital,4.31,Queen Charlottes',10.95
NW70BF,51.615455,-0.241079,North,Barnet Hospital,4.31,Royal Free Hospital,8.68,Barnet Hospital,4.31,Queen Charlottes',10.95
NW70BG,51.615474,-0.24115,North,Barnet Hospital,4.31,Royal Free Hospital,8.68,Barnet Hospital,4.31,Queen Charlottes',10.95
NW70BH,51.615474,-0.24115,North,Barnet Hospital,4.31,Royal Free Hospital,8.68,Barnet Hospital,4.31,Queen Charlottes',10.95
NW70BJ,51.615474,-0.24115,North,Barnet Hospital,4.31,Royal Free Hospital,8.68,Barnet Hospital,4.31,Queen Charlottes',10.95
NW70BL,51.615474,-0.24115,North,Barnet Hospital,4.31,Royal Free Hospital,8.68,Barnet Hospital,4.31,Queen Charlottes',10.95
NW70BN,51.615474,-0.24115,North,Barnet Hospital,4.31,Royal Free Hospital,8.68,Barnet Hospital,4.31,Queen Charlottes',10.95
NW70BP,51.615474,-0.24115,North,Barnet Hospital,4.31,Royal Free Hospital,8.68,Barnet Hospital,4.31,Queen Charlottes',10.95
NW70BQ,51.615474,-0.24115,North,Barnet Hospital,4.31,Royal Free Hospital,8.68,Barnet Hospital,4.31,Queen Charlottes',10.95
NW70BR,51.615474,-0.24115,North,Barnet Hospital,4.31,Royal Free Hospital,8.68,Barnet Hospital,4.31,Queen Charlottes',10.95
NW70BS,51.615474,-0.24115,North,Barnet Hospital,4.31,Royal Free Hospital,8.68,Barnet Hospital,4.31,Queen Charlottes',10.95
NW70BT,51.615474,-0.24115,North,Barnet Hospital,4.31,Royal Free Hospital,8.68,Barnet Hospital,4.31,Queen Charlottes',10.95
NW70BU,51.615474,-0.24115,North,Barnet Hospital,4.31,Royal Free Hospital,8.68,Barnet Hospital,4.31,Queen Charlottes',10.95
NW70BW,51.615455,-0.241079,North,Barnet Hospital,4.31,Royal Free Hospital,8.68,Barnet Hospital,4.31,Queen Charlottes',10.95
NW70BX,51.615437,-0.241094,North,Barnet Hospital,4.31,Royal Free Hospital,8.67,Barnet Hospital,4.31,Queen Charlottes',10.95
NW70BY,51.615474,-0.24115,North,Barnet Hospital,4.31,Royal Free Hospital,8.68,Barnet Hospital,4.31,Queen Charlottes',10.95
NW70BZ,51.615474,-0.24115,North,Barnet Hospital,4.31,Royal Free Hospital,8.68,Barnet Hospital,4.31,Queen Charlottes',10.95
NW70DA,51.615455,-0.241079,North,Barnet Hospital,4.31,Royal Free Hospital,8.68,Barnet Hospital,4.31,Queen Charlottes',10.95
NW70DB,51.615474,-0.24115,North,Barnet Hospital,4.31,Royal Free Hospital,8.68,Barnet Hospital,4.31,Queen Charlottes',10.95
NW70DD,51.615474,-0.24115,North,Barnet Hospital,4.31,Royal Free Hospital,8.68,Barnet Hospital,4.31,Queen Charlottes',10.95
NW70DE,51.615474,-0.24115,North,Barnet Hospital,4.31,Royal Free Hospital,8.68,Barnet Hospital,4.31,Queen Charlottes',10.95
NW70DF,51.615474,-0.24115,North,Barnet Hospital,4.31,Royal Free Hospital,8.68,Barnet Hospital,4.31,Queen Charlottes',10.95
NW70DG,51.615474,-0.24115,North,Barnet Hospital,4.31,Royal Free Hospital,8.68,Barnet Hospital,4.31,Queen Charlottes',10.95
NW70DH,51.615474,-0.24115,North,Barnet Hospital,4.31,Royal Free Hospital,8.68,Barnet Hospital,4.31,Queen Charlottes',10.95
NW70DJ,51.615474,-0.24115,North,Barnet Hospital,4.31,Royal Free Hospital,8.68,Barnet Hospital,4.31,Queen Charlottes',10.95
NW70DL,51.615474,-0.24115,North,Barnet Hospital,4.31,Royal Free Hospital,8.68,Barnet Hospital,4.31,Queen Charlottes',10.95
NW70DN,51.615474,-0.24115,North,Barnet Hospital,4.31,Royal Free Hospital,8.68,Barnet Hospital,4.31,Queen Charlottes',10.95
NW70DP,51.615474,-0.24115,North,Barnet Hospital,4.31,Royal Free Hospital,8.68,Barnet Hospital,4.31,Queen Charlottes',10.95
NW70DQ,51.615474,-0.24115,North,Barnet Hospital,4.31,Royal Free Hospital,8.68,Barnet Hospital,4.31,Queen Charlottes',10.95
NW70DR,51.615474,-0.24115,North,Barnet Hospital,4.31,Royal Free Hospital,8.68,Barnet Hospital,4.31,Queen Charlottes',10.95
NW70DS,51.615474,-0.24115,North,Barnet Hospital,4.31,Royal Free Hospital,8.68,Barnet Hospital,4.31,Queen Charlottes',10.95
NW70DT,51.615474,-0.24115,North,Barnet Hospital,4.31,Royal Free Hospital,8.68,Barnet Hospital,4.31,Queen Charlottes',10.95
NW70DU,51.615437,-0.241094,North,Barnet Hospital,4.31,Royal Free Hospital,8.67,Barnet Hospital,4.31,Queen Charlottes',10.95
NW70DW,51.615474,-0.24115,North,Barnet Hospital,4.31,Royal Free Hospital,8.68,Barnet Hospital,4.31,Queen Charlottes',10.95
NW70DX,51.615474,-0.24115,North,Barnet Hospital,4.31,Royal Free Hospital,8.68,Barnet Hospital,4.31,Queen Charlottes',10.95
NW70DY,51.615474,-0.24115,North,Barnet Hospital,4.31,Royal Free Hospital,8.68,Barnet Hospital,4.31,Queen Charlottes',10.95
NW70DZ,51.615474,-0.24115,North,Barnet Hospital,4.31,Royal Free Hospital,8.68,Barnet Hospital,4.31,Queen Charlottes',10.95
NW70EA,51.615474,-0.24115,North,Barnet Hospital,4.31,Royal Free Hospital,8.68,Barnet Hospital,4.31,Queen Charlottes',10.95
NW70EB,51.615474,-0.24115,North,Barnet Hospital,4.31,Royal Free Hospital,8.68,Barnet Hospital,4.31,Queen Charlottes',10.95
NW70ED,51.615474,-0.241165,North,Barnet Hospital,4.31,Royal Free Hospital,8.68,Barnet Hospital,4.31,Queen Charlottes',10.95
NW70EE,51.615474,-0.24115,North,Barnet Hospital,4.31,Royal Free Hospital,8.68,Barnet Hospital,4.31,Queen Charlottes',10.95
NW70EF,51.615474,-0.24115,North,Barnet Hospital,4.31,Royal Free Hospital,8.68,Barnet Hospital,4.31,Queen Charlottes',10.95
NW70EG,51.615474,-0.24115,North,Barnet Hospital,4.31,Royal Free Hospital,8.68,Barnet Hospital,4.31,Queen Charlottes',10.95
NW70EH,51.615474,-0.24115,North,Barnet Hospital,4.31,Royal Free Hospital,8.68,Barnet Hospital,4.31,Queen Charlottes',10.95
NW70EJ,51.615474,-0.24115,North,Barnet Hospital,4.31,Royal Free Hospital,8.68,Barnet Hospital,4.31,Queen Charlottes',10.95
NW70EL,51.615474,-0.24115,North,Barnet Hospital,4.31,Royal Free Hospital,8.68,Barnet Hospital,4.31,Queen Charlottes',10.95
NW70EN,51.615474,-0.24115,North,Barnet Hospital,4.31,Royal Free Hospital,8.68,Barnet Hospital,4.31,Queen Charlottes',10.95
NW70EP,51.615474,-0.24115,North,Barnet Hospital,4.31,Royal Free Hospital,8.68,Barnet Hospital,4.31,Queen Charlottes',10.95
NW70EQ,51.615437,-0.241094,North,Barnet Hospital,4.31,Royal Free Hospital,8.67,Barnet Hospital,4.31,Queen Charlottes',10.95
NW70ER,51.615474,-0.24115,North,Barnet Hospital,4.31,Royal Free Hospital,8.68,Barnet Hospital,4.31,Queen Charlottes',10.95
NW70ES,51.615474,-0.24115,North,Barnet Hospital,4.31,Royal Free Hospital,8.68,Barnet Hospital,4.31,Queen Charlottes',10.95
NW70ET,51.615474,-0.24115,North,Barnet Hospital,4.31,Royal Free Hospital,8.68,Barnet Hospital,4.31,Queen Charlottes',10.95
NW70EU,51.615474,-0.24115,North,Barnet Hospital,4.31,Royal Free Hospital,8.68,Barnet Hospital,4.31,Queen Charlottes',10.95
NW70EW,51.615474,-0.24115,North,Barnet Hospital,4.31,Royal Free Hospital,8.68,Barnet Hospital,4.31,Queen Charlottes',10.95
NW70EX,51.615437,-0.241094,North,Barnet Hospital,4.31,Royal Free Hospital,8.67,Barnet Hospital,4.31,Queen Charlottes',10.95
NW70EY,51.615474,-0.24115,North,Barnet Hospital,4.31,Royal Free Hospital,8.68,Barnet Hospital,4.31,Queen Charlottes',10.95
NW70EZ,51.615474,-0.24115,North,Barnet Hospital,4.31,Royal Free Hospital,8.68,Barnet Hospital,4.31,Queen Charlottes',10.95
NW70FA,51.615474,-0.24115,North,Barnet Hospital,4.31,Royal Free Hospital,8.68,Barnet Hospital,4.31,Queen Charlottes',10.95
NW70FB,51.615437,-0.241094,North,Barnet Hospital,4.31,Royal Free Hospital,8.67,Barnet Hospital,4.31,Queen Charlottes',10.95
NW70FD,51.615474,-0.24115,North,Barnet Hospital,4.31,Royal Free Hospital,8.68,Barnet Hospital,4.31,Queen Charlottes',10.95
NW70FE,51.615437,-0.241094,North,Barnet Hospital,4.31,Royal Free Hospital,8.67,Barnet Hospital,4.31,Queen Charlottes',10.95
NW70FF,51.615474,-0.24115,North,Barnet Hospital,4.31,Royal Free Hospital,8.68,Barnet Hospital,4.31,Queen Charlottes',10.95
NW70FG,51.615455,-0.241079,North,Barnet Hospital,4.31,Royal Free Hospital,8.68,Barnet Hospital,4.31,Queen Charlottes',10.95
NW70FH,51.615474,-0.24115,North,Barnet Hospital,4.31,Royal Free Hospital,8.68,Barnet Hospital,4.31,Queen Charlottes',10.95
NW70FJ,51.615474,-0.24115,North,Barnet Hospital,4.31,Royal Free Hospital,8.68,Barnet Hospital,4.31,Queen Charlottes',10.95
NW70FL,51.615474,-0.24115,North,Barnet Hospital,4.31,Royal Free Hospital,8.68,Barnet Hospital,4.31,Queen Charlottes',10.95
NW70FN,51.615455,-0.241079,North,Barnet Hospital,4.31,Royal Free Hospital,8.68,Barnet Hospital,4.31,Queen Charlottes',10.95
NW70FQ,51.615474,-0.24115,North,Barnet Hospital,4.31,Royal Free Hospital,8.68,Barnet Hospital,4.31,Queen Charlottes',10.95
NW70FR,51.615474,-0.24115,North,Barnet Hospital,4.31,Royal Free Hospital,8.68,Barnet Hospital,4.31,Queen Charlottes',10.95
NW70FS,51.615474,-0.24115,North,Barnet Hospital,4.31,Royal Free Hospital,8.68,Barnet Hospital,4.31,Queen Charlottes',10.95
NW70FT,51.615437,-0.241094,North,Barnet Hospital,4.31,Royal Free Hospital,8.67,Barnet Hospital,4.31,Queen Charlottes',10.95
NW70FU,51.615474,-0.24115,North,Barnet Hospital,4.31,Royal Free Hospital,8.68,Barnet Hospital,4.31,Queen Charlottes',10.95
NW70FX,51.615474,-0.24115,North,Barnet Hospital,4.31,Royal Free Hospital,8.68,Barnet Hospital,4.31,Queen Charlottes',10.95
NW70FY,51.615474,-0.24115,North,Barnet Hospital,4.31,Royal Free Hospital,8.68,Barnet Hospital,4.31,Queen Charlottes',10.95
NW70FZ,51.615474,-0.24115,North,Barnet Hospital,4.31,Royal Free Hospital,8.68,Barnet Hospital,4.31,Queen Charlottes',10.95
NW70GA,51.615474,-0.24115,North,Barnet Hospital,4.31,Royal Free Hospital,8.68,Barnet Hospital,4.31,Queen Charlottes',10.95
NW70GB,51.615474,-0.24115,North,Barnet Hospital,4.31,Royal Free Hospital,8.68,Barnet Hospital,4.31,Queen Charlottes',10.95
NW70GD,51.615474,-0.24115,North,Barnet Hospital,4.31,Royal Free Hospital,8.68,Barnet Hospital,4.31,Queen Charlottes',10.95
NW70GE,51.615474,-0.24115,North,Barnet Hospital,4.31,Royal Free Hospital,8.68,Barnet Hospital,4.31,Queen Charlottes',10.95
NW70GF,51.615474,-0.24115,North,Barnet Hospital,4.31,Royal Free Hospital,8.68,Barnet Hospital,4.31,Queen Charlottes',10.95
NW70GG,51.615474,-0.24115,North,Barnet Hospital,4.31,Royal Free Hospital,8.68,Barnet Hospital,4.31,Queen Charlottes',10.95
NW70GH,51.615474,-0.24115,North,Barnet Hospital,4.31,Royal Free Hospital,8.68,Barnet Hospital,4.31,Queen Charlottes',10.95
NW70GJ,51.615474,-0.24115,North,Barnet Hospital,4.31,Royal Free Hospital,8.68,Barnet Hospital,4.31,Queen Charlottes',10.95
NW70GL,51.615437,-0.241094,North,Barnet Hospital,4.31,Royal Free Hospital,8.67,Barnet Hospital,4.31,Queen Charlottes',10.95
NW70GN,51.615474,-0.24115,North,Barnet Hospital,4.31,Royal Free Hospital,8.68,Barnet Hospital,4.31,Queen Charlottes',10.95
NW70GP,51.615474,-0.24115,North,Barnet Hospital,4.31,Royal Free Hospital,8.68,Barnet Hospital,4.31,Queen Charlottes',10.95
NW70GQ,51.615474,-0.24115,North,Barnet Hospital,4.31,Royal Free Hospital,8.68,Barnet Hospital,4.31,Queen Charlottes',10.95
NW70GR,51.615455,-0.241079,North,Barnet Hospital,4.31,Royal Free Hospital,8.68,Barnet Hospital,4.31,Queen Charlottes',10.95
NW70GS,51.615474,-0.24115,North,Barnet Hospital,4.31,Royal Free Hospital,8.68,Barnet Hospital,4.31,Queen Charlottes',10.95
NW70GT,51.615474,-0.24115,North,Barnet Hospital,4.31,Royal Free Hospital,8.68,Barnet Hospital,4.31,Queen Charlottes',10.95
NW70GU,51.615474,-0.24115,North,Barnet Hospital,4.31,Royal Free Hospital,8.68,Barnet Hospital,4.31,Queen Charlottes',10.95
NW70GW,51.615437,-0.241094,North,Barnet Hospital,4.31,Royal Free Hospital,8.67,Barnet Hospital,4.31,Queen Charlottes',10.95
NW70GX,51.615437,-0.241094,North,Barnet Hospital,4.31,Royal Free Hospital,8.67,Barnet Hospital,4.31,Queen Charlottes',10.95
NW70GY,51.615437,-0.241094,North,Barnet Hospital,4.31,Royal Free Hospital,8.67,Barnet Hospital,4.31,Queen Charlottes',10.95
NW70GZ,51.615474,-0.24115,North,Barnet Hospital,4.31,Royal Free Hospital,8.68,Barnet Hospital,4.31,Queen Charlottes',10.95
NW70HA,51.615474,-0.24115,North,Barnet Hospital,4.31,Royal Free Hospital,8.68,Barnet Hospital,4.31,Queen Charlottes',10.95
NW70HB,51.615474,-0.24115,North,Barnet Hospital,4.31,Royal Free Hospital,8.68,Barnet Hospital,4.31,Queen Charlottes',10.95
NW70HD,51.615474,-0.24115,North,Barnet Hospital,4.31,Royal Free Hospital,8.68,Barnet Hospital,4.31,Queen Charlottes',10.95
NW70HE,51.615437,-0.241094,North,Barnet Hospital,4.31,Royal Free Hospital,8.67,Barnet Hospital,4.31,Queen Charlottes',10.95
NW70HF,51.615474,-0.24115,North,Barnet Hospital,4.31,Royal Free Hospital,8.68,Barnet Hospital,4.31,Queen Charlottes',10.95
NW70HG,51.615437,-0.241094,North,Barnet Hospital,4.31,Royal Free Hospital,8.67,Barnet Hospital,4.31,Queen Charlottes',10.95
NW70HH,51.615474,-0.24115,North,Barnet Hospital,4.31,Royal Free Hospital,8.68,Barnet Hospital,4.31,Queen Charlottes',10.95
NW70HJ,51.615474,-0.241165,North,Barnet Hospital,4.31,Royal Free Hospital,8.68,Barnet Hospital,4.31,Queen Charlottes',10.95
NW70HL,51.615437,-0.241094,North,Barnet Hospital,4.31,Royal Free Hospital,8.67,Barnet Hospital,4.31,Queen Charlottes',10.95
NW70HN,51.615437,-0.241094,North,Barnet Hospital,4.31,Royal Free Hospital,8.67,Barnet Hospital,4.31,Queen Charlottes',10.95
NW70HP,51.615437,-0.241094,North,Barnet Hospital,4.31,Royal Free Hospital,8.67,Barnet Hospital,4.31,Queen Charlottes',10.95
NW70HQ,51.615455,-0.241079,North,Barnet Hospital,4.31,Royal Free Hospital,8.68,Barnet Hospital,4.31,Queen Charlottes',10.95
NW70HR,51.615437,-0.241094,North,Barnet Hospital,4.31,Royal Free Hospital,8.67,Barnet Hospital,4.31,Queen Charlottes',10.95
NW70HS,51.615455,-0.241079,North,Barnet Hospital,4.31,Royal Free Hospital,8.68,Barnet Hospital,4.31,Queen Charlottes',10.95
NW70HT,51.615437,-0.241094,North,Barnet Hospital,4.31,Royal Free Hospital,8.67,Barnet Hospital,4.31,Queen Charlottes',10.95
NW70HU,51.615455,-0.241079,North,Barnet Hospital,4.31,Royal Free Hospital,8.68,Barnet Hospital,4.31,Queen Charlottes',10.95
NW70HW,51.615437,-0.241094,North,Barnet Hospital,4.31,Royal Free Hospital,8.67,Barnet Hospital,4.31,Queen Charlottes',10.95
NW70HY,51.615437,-0.241094,North,Barnet Hospital,4.31,Royal Free Hospital,8.67,Barnet Hospital,4.31,Queen Charlottes',10.95
NW70HZ,51.615437,-0.241094,North,Barnet Hospital,4.31,Royal Free Hospital,8.67,Barnet Hospital,4.31,Queen Charlottes',10.95
NW70JA,51.615437,-0.241094,North,Barnet Hospital,4.31,Royal Free Hospital,8.67,Barnet Hospital,4.31,Queen Charlottes',10.95
NW70JB,51.615437,-0.241094,North,Barnet Hospital,4.31,Royal Free Hospital,8.67,Barnet Hospital,4.31,Queen Charlottes',10.95
NW70JD,51.615437,-0.241094,North,Barnet Hospital,4.31,Royal Free Hospital,8.67,Barnet Hospital,4.31,Queen Charlottes',10.95
NW70JE,51.615437,-0.241094,North,Barnet Hospital,4.31,Royal Free Hospital,8.67,Barnet Hospital,4.31,Queen Charlottes',10.95
NW70JF,51.615437,-0.241094,North,Barnet Hospital,4.31,Royal Free Hospital,8.67,Barnet Hospital,4.31,Queen Charlottes',10.95
NW70JG,51.615437,-0.241094,North,Barnet Hospital,4.31,Royal Free Hospital,8.67,Barnet Hospital,4.31,Queen Charlottes',10.95
NW70JH,51.615437,-0.241094,North,Barnet Hospital,4.31,Royal Free Hospital,8.67,Barnet Hospital,4.31,Queen Charlottes',10.95
NW70JJ,51.615437,-0.241094,North,Barnet Hospital,4.31,Royal Free Hospital,8.67,Barnet Hospital,4.31,Queen Charlottes',10.95
NW70JL,51.615437,-0.241094,North,Barnet Hospital,4.31,Royal Free Hospital,8.67,Barnet Hospital,4.31,Queen Charlottes',10.95
NW70JN,51.615437,-0.241094,North,Barnet Hospital,4.31,Royal Free Hospital,8.67,Barnet Hospital,4.31,Queen Charlottes',10.95
NW70JP,51.615437,-0.241094,North,Barnet Hospital,4.31,Royal Free Hospital,8.67,Barnet Hospital,4.31,Queen Charlottes',10.95
NW70JQ,51.615437,-0.241094,North,Barnet Hospital,4.31,Royal Free Hospital,8.67,Barnet Hospital,4.31,Queen Charlottes',10.95
NW70JR,51.615437,-0.241094,North,Barnet Hospital,4.31,Royal Free Hospital,8.67,Barnet Hospital,4.31,Queen Charlottes',10.95
NW70JS,51.615437,-0.241094,North,Barnet Hospital,4.31,Royal Free Hospital,8.67,Barnet Hospital,4.31,Queen Charlottes',10.95
NW70JT,51.615437,-0.241094,North,Barnet Hospital,4.31,Royal Free Hospital,8.67,Barnet Hospital,4.31,Queen Charlottes',10.95
NW70JU,51.615437,-0.241094,North,Barnet Hospital,4.31,Royal Free Hospital,8.67,Barnet Hospital,4.31,Queen Charlottes',10.95
NW70JW,51.615437,-0.241094,North,Barnet Hospital,4.31,Royal Free Hospital,8.67,Barnet Hospital,4.31,Queen Charlottes',10.95
NW70JX,51.615437,-0.241094,North,Barnet Hospital,4.31,Royal Free Hospital,8.67,Barnet Hospital,4.31,Queen Charlottes',10.95
NW70JY,51.615437,-0.241094,North,Barnet Hospital,4.31,Royal Free Hospital,8.67,Barnet Hospital,4.31,Queen Charlottes',10.95
NW70JZ,51.615437,-0.241094,North,Barnet Hospital,4.31,Royal Free Hospital,8.67,Barnet Hospital,4.31,Queen Charlottes',10.95
NW70LA,51.615437,-0.241094,North,Barnet Hospital,4.31,Royal Free Hospital,8.67,Barnet Hospital,4.31,Queen Charlottes',10.95
NW70LB,51.615437,-0.241094,North,Barnet Hospital,4.31,Royal Free Hospital,8.67,Barnet Hospital,4.31,Queen Charlottes',10.95
NW70LD,51.615455,-0.241079,North,Barnet Hospital,4.31,Royal Free Hospital,8.68,Barnet Hospital,4.31,Queen Charlottes',10.95
NW70LE,51.615437,-0.241094,North,Barnet Hospital,4.31,Royal Free Hospital,8.67,Barnet Hospital,4.31,Queen Charlottes',10.95
NW70LF,51.615437,-0.241094,North,Barnet Hospital,4.31,Royal Free Hospital,8.67,Barnet Hospital,4.31,Queen Charlottes',10.95
NW70LG,51.615437,-0.241094,North,Barnet Hospital,4.31,Royal Free Hospital,8.67,Barnet Hospital,4.31,Queen Charlottes',10.95
NW70LH,51.615455,-0.241079,North,Barnet Hospital,4.31,Royal Free Hospital,8.68,Barnet Hospital,4.31,Queen Charlottes',10.95
NW70LJ,51.615437,-0.241094,North,Barnet Hospital,4.31,Royal Free Hospital,8.67,Barnet Hospital,4.31,Queen Charlottes',10.95
NW70LL,51.615437,-0.241094,North,Barnet Hospital,4.31,Royal Free Hospital,8.67,Barnet Hospital,4.31,Queen Charlottes',10.95
NW70LN,51.615437,-0.241094,North,Barnet Hospital,4.31,Royal Free Hospital,8.67,Barnet Hospital,4.31,Queen Charlottes',10.95
NW70LP,51.615437,-0.241094,North,Barnet Hospital,4.31,Royal Free Hospital,8.67,Barnet Hospital,4.31,Queen Charlottes',10.95
NW70LQ,51.615437,-0.241094,North,Barnet Hospital,4.31,Royal Free Hospital,8.67,Barnet Hospital,4.31,Queen Charlottes',10.95
NW70LR,51.615437,-0.241094,North,Barnet Hospital,4.31,Royal Free Hospital,8.67,Barnet Hospital,4.31,Queen Charlottes',10.95
NW70LS,51.615437,-0.241094,North,Barnet Hospital,4.31,Royal Free Hospital,8.67,Barnet Hospital,4.31,Queen Charlottes',10.95
NW70LT,51.615455,-0.241079,North,Barnet Hospital,4.31,Royal Free Hospital,8.68,Barnet Hospital,4.31,Queen Charlottes',10.95
NW70LU,51.615437,-0.241094,North,Barnet Hospital,4.31,Royal Free Hospital,8.67,Barnet Hospital,4.31,Queen Charlottes',10.95
NW70LW,51.615437,-0.241094,North,Barnet Hospital,4.31,Royal Free Hospital,8.67,Barnet Hospital,4.31,Queen Charlottes',10.95
NW70LX,51.615455,-0.241079,North,Barnet Hospital,4.31,Royal Free Hospital,8.68,Barnet Hospital,4.31,Queen Charlottes',10.95
NW70LY,51.615437,-0.241094,North,Barnet Hospital,4.31,Royal Free Hospital,8.67,Barnet Hospital,4.31,Queen Charlottes',10.95
NW70NA,51.615437,-0.241094,North,Barnet Hospital,4.31,Royal Free Hospital,8.67,Barnet Hospital,4.31,Queen Charlottes',10.95
NW70NB,51.615437,-0.241094,North,Barnet Hospital,4.31,Royal Free Hospital,8.67,Barnet Hospital,4.31,Queen Charlottes',10.95
NW70ND,51.615437,-0.241094,North,Barnet Hospital,4.31,Royal Free Hospital,8.67,Barnet Hospital,4.31,Queen Charlottes',10.95
NW70NE,51.615437,-0.241094,North,Barnet Hospital,4.31,Royal Free Hospital,8.67,Barnet Hospital,4.31,Queen Charlottes',10.95
NW70NF,51.615455,-0.241079,North,Barnet Hospital,4.31,Royal Free Hospital,8.68,Barnet Hospital,4.31,Queen Charlottes',10.95
NW70NG,51.615455,-0.241079,North,Barnet Hospital,4.31,Royal Free Hospital,8.68,Barnet Hospital,4.31,Queen Charlottes',10.95
NW70NH,51.615437,-0.241094,North,Barnet Hospital,4.31,Royal Free Hospital,8.67,Barnet Hospital,4.31,Queen Charlottes',10.95
NW70NJ,51.615437,-0.241094,North,Barnet Hospital,4.31,Royal Free Hospital,8.67,Barnet Hospital,4.31,Queen Charlottes',10.95
NW70NL,51.615455,-0.241079,North,Barnet Hospital,4.31,Royal Free Hospital,8.68,Barnet Hospital,4.31,Queen Charlottes',10.95
NW70NN,51.615455,-0.241079,North,Barnet Hospital,4.31,Royal Free Hospital,8.68,Barnet Hospital,4.31,Queen Charlottes',10.95
NW70NP,51.615455,-0.241079,North,Barnet Hospital,4.31,Royal Free Hospital,8.68,Barnet Hospital,4.31,Queen Charlottes',10.95
NW70NQ,51.615455,-0.241079,North,Barnet Hospital,4.31,Royal Free Hospital,8.68,Barnet Hospital,4.31,Queen Charlottes',10.95
NW70WY,51.615474,-0.24115,North,Barnet Hospital,4.31,Royal Free Hospital,8.68,Barnet Hospital,4.31,Queen Charlottes',10.95
NW70WZ,51.615474,-0.24115,North,Barnet Hospital,4.31,Royal Free Hospital,8.68,Barnet Hospital,4.31,Queen Charlottes',10.95
NW71AA,51.617823,-0.21981,North,Barnet Hospital,3.67,Royal Free Hospital,8.11,Barnet Hospital,3.67,Queen Charlottes',11.27
NW71AB,51.617651,-0.219745,North,Barnet Hospital,3.69,Royal Free Hospital,8.09,Barnet Hospital,3.69,Queen Charlottes',11.25
NW71AD,51.617666,-0.21778,North,Barnet Hospital,3.68,Royal Free Hospital,8.03,Barnet Hospital,3.68,Queen Charlottes',11.27
NW71AE,51.618072,-0.217302,North,Barnet Hospital,3.63,Royal Free Hospital,8.06,Barnet Hospital,3.63,Queen Charlottes',11.32
NW71AF,51.606985,-0.210789,North,Barnet Hospital,4.87,Royal Free Hospital,6.75,Barnet Hospital,4.87,Queen Charlottes',10.16
NW71AG,51.618141,-0.216476,North,Barnet Hospital,3.62,Royal Free Hospital,8.04,Barnet Hospital,3.62,Queen Charlottes',11.33
NW71AH,51.618223,-0.215403,North,Barnet Hospital,3.61,Royal Free Hospital,8.01,Barnet Hospital,3.61,Queen Charlottes',11.35
NW71AJ,51.618773,-0.21427,North,Barnet Hospital,3.55,Royal Free Hospital,8.04,Barnet Hospital,3.55,Queen Charlottes',11.42
NW71AL,51.619591,-0.214295,North,Barnet Hospital,3.46,Royal Free Hospital,8.12,Barnet Hospital,3.46,Queen Charlottes',11.51
NW71AN,51.61942,-0.213074,North,Barnet Hospital,3.48,Royal Free Hospital,8.07,Barnet Hospital,3.48,Queen Charlottes',11.5
NW71AP,51.620418,-0.213107,North,Barnet Hospital,3.37,Royal Free Hospital,8.17,Barnet Hospital,3.37,Queen Charlottes',11.61
NW71AQ,51.621938,-0.233316,North,Barnet Hospital,3.43,Royal Free Hospital,8.97,Barnet Hospital,3.43,Queen Charlottes',11.67
NW71AR,51.619752,-0.214823,North,Barnet Hospital,3.44,Royal Free Hospital,8.15,Barnet Hospital,3.44,Queen Charlottes',11.52
NW71AS,51.620591,-0.216741,North,Barnet Hospital,3.35,Royal Free Hospital,8.29,Barnet Hospital,3.35,Queen Charlottes',11.6
NW71AT,51.617386,-0.217097,North,Barnet Hospital,3.71,Royal Free Hospital,7.98,Barnet Hospital,3.71,Queen Charlottes',11.24
NW71AU,51.616849,-0.217292,North,Barnet Hospital,3.77,Royal Free Hospital,7.93,Barnet Hospital,3.77,Queen Charlottes',11.18
NW71AW,51.620418,-0.213107,North,Barnet Hospital,3.37,Royal Free Hospital,8.17,Barnet Hospital,3.37,Queen Charlottes',11.61
NW71AX,51.616945,-0.218256,North,Barnet Hospital,3.76,Royal Free Hospital,7.97,Barnet Hospital,3.76,Queen Charlottes',11.18
NW71AY,51.619339,-0.220806,North,Barnet Hospital,3.51,Royal Free Hospital,8.29,Barnet Hospital,3.51,Queen Charlottes',11.43
NW71AZ,51.618677,-0.215675,North,Barnet Hospital,3.56,Royal Free Hospital,8.07,Barnet Hospital,3.56,Queen Charlottes',11.4
NW71BA,51.607886,-0.207981,North,Barnet Hospital,4.79,Royal Free Hospital,6.76,Barnet Hospital,4.79,Queen Charlottes',10.29
NW71BB,51.610447,-0.213138,North,Barnet Hospital,4.48,Royal Free Hospital,7.17,Barnet Hospital,4.48,Queen Charlottes',10.51
NW71BD,51.609415,-0.213279,North,Barnet Hospital,4.59,Royal Free Hospital,7.07,Barnet Hospital,4.59,Queen Charlottes',10.4
NW71BE,51.610511,-0.212052,North,Barnet Hospital,4.47,Royal Free Hospital,7.14,Barnet Hospital,4.47,Queen Charlottes',10.53
NW71BF,51.609329,-0.214163,North,Barnet Hospital,4.6,Royal Free Hospital,7.09,Barnet Hospital,4.6,Queen Charlottes',10.38
NW71BG,51.61158,-0.206074,North,Barnet Hospital,4.4,Royal Free Hospital,7.07,Barnet Hospital,4.4,Queen Charlottes',10.72
NW71BH,51.612312,-0.204543,North,Barnet Hospital,4.33,Royal Free Hospital,7.11,Barnet Hospital,4.33,Queen Charlottes',10.82
NW71BJ,51.609508,-0.212322,North,Barnet Hospital,4.58,Royal Free Hospital,7.05,Barnet Hospital,4.58,Queen Charlottes',10.42
NW71BL,51.609114,-0.208872,North,Barnet Hospital,4.64,Royal Free Hospital,6.9,Barnet Hospital,4.64,Queen Charlottes',10.42
NW71BP,51.609041,-0.211777,North,Barnet Hospital,4.64,Royal Free Hospital,6.99,Barnet Hospital,4.64,Queen Charlottes',10.37
NW71BQ,51.614356,-0.205329,North,Barnet Hospital,4.1,Royal Free Hospital,7.34,Barnet Hospital,4.1,Queen Charlottes',11.04
NW71BS,51.608329,-0.209884,North,Barnet Hospital,4.73,Royal Free Hospital,6.86,Barnet Hospital,4.73,Queen Charlottes',10.32
NW71BT,51.608648,-0.207792,North,Barnet Hospital,4.7,Royal Free Hospital,6.83,Barnet Hospital,4.7,Queen Charlottes',10.38
NW71BU,51.613229,-0.213389,North,Barnet Hospital,4.17,Royal Free Hospital,7.45,Barnet Hospital,4.17,Queen Charlottes',10.82
NW71BW,51.60926,-0.211379,North,Barnet Hospital,4.62,Royal Free Hospital,7.0,Barnet Hospital,4.62,Queen Charlottes',10.4
NW71BX,51.608923,-0.213443,North,Barnet Hospital,4.65,Royal Free Hospital,7.03,Barnet Hospital,4.65,Queen Charlottes',10.34
NW71BY,51.614004,-0.205848,North,Barnet Hospital,4.13,Royal Free Hospital,7.32,Barnet Hospital,4.13,Queen Charlottes',10.99
NW71BZ,51.612665,-0.207649,North,Barnet Hospital,4.26,Royal Free Hospital,7.23,Barnet Hospital,4.26,Queen Charlottes',10.82
NW71DA,51.607995,-0.219848,North,Barnet Hospital,4.76,Royal Free Hospital,7.16,Barnet Hospital,4.76,Queen Charlottes',10.18
NW71DB,51.607903,-0.217931,North,Barnet Hospital,4.76,Royal Free Hospital,7.08,Barnet Hospital,4.76,Queen Charlottes',10.19
NW71DD,51.607922,-0.21858,North,Barnet Hospital,4.76,Royal Free Hospital,7.11,Barnet Hospital,4.76,Queen Charlottes',10.18
NW71DE,51.607856,-0.216647,North,Barnet Hospital,4.77,Royal Free Hospital,7.03,Barnet Hospital,4.77,Queen Charlottes',10.19
NW71DF,51.60878,-0.216452,North,Barnet Hospital,4.66,Royal Free Hospital,7.12,Barnet Hospital,4.66,Queen Charlottes',10.3
NW71DG,51.607001,-0.220133,North,Barnet Hospital,4.87,Royal Free Hospital,7.08,Barnet Hospital,4.87,Queen Charlottes',10.07
NW71DH,51.607399,-0.217922,North,Barnet Hospital,4.82,Royal Free Hospital,7.04,Barnet Hospital,4.82,Queen Charlottes',10.13
NW71DJ,51.606625,-0.216118,North,Barnet Hospital,4.9,Royal Free Hospital,6.9,Barnet Hospital,4.9,Queen Charlottes',10.06
NW71DL,51.605934,-0.213834,North,Barnet Hospital,4.98,Royal Free Hospital,6.75,Barnet Hospital,4.98,Queen Charlottes',10.01
NW71DN,51.606216,-0.213434,North,Barnet Hospital,4.95,Royal Free Hospital,6.77,Barnet Hospital,4.95,Queen Charlottes',10.05
NW71DP,51.605565,-0.212636,North,Barnet Hospital,5.02,Royal Free Hospital,6.68,Barnet Hospital,5.02,Queen Charlottes',9.98
NW71DQ,51.608736,-0.213566,North,Barnet Hospital,4.67,Royal Free Hospital,7.02,Barnet Hospital,4.67,Queen Charlottes',10.32
NW71DR,51.605381,-0.213538,North,Barnet Hospital,5.04,Royal Free Hospital,6.69,Barnet Hospital,5.04,Queen Charlottes',9.95
NW71DS,51.605156,-0.215309,North,Barnet Hospital,5.06,Royal Free Hospital,6.73,Barnet Hospital,5.06,Queen Charlottes',9.91
NW71DT,51.605497,-0.215224,North,Barnet Hospital,5.03,Royal Free Hospital,6.76,Barnet Hospital,5.03,Queen Charlottes',9.95
NW71DU,51.605564,-0.2173,North,Barnet Hospital,5.02,Royal Free Hospital,6.84,Barnet Hospital,5.02,Queen Charlottes',9.94
NW71DW,51.606018,-0.212228,North,Barnet Hospital,4.97,Royal Free Hospital,6.71,Barnet Hospital,4.97,Queen Charlottes',10.04
NW71DX,51.606554,-0.217363,North,Barnet Hospital,4.91,Royal Free Hospital,6.93,Barnet Hospital,4.91,Queen Charlottes',10.04
NW71DY,51.605626,-0.216648,North,Barnet Hospital,5.01,Royal Free Hospital,6.82,Barnet Hospital,5.01,Queen Charlottes',9.95
NW71DZ,51.615474,-0.24115,North,Barnet Hospital,4.31,Royal Free Hospital,8.68,Barnet Hospital,4.31,Queen Charlottes',10.95
NW71EA,51.60594,-0.215394,North,Barnet Hospital,4.98,Royal Free Hospital,6.81,Barnet Hospital,4.98,Queen Charlottes',9.99
NW71EB,51.607142,-0.21695,North,Barnet Hospital,4.84,Royal Free Hospital,6.98,Barnet Hospital,4.84,Queen Charlottes',10.11
NW71ED,51.612643,-0.205642,North,Barnet Hospital,4.28,Royal Free Hospital,7.17,Barnet Hospital,4.28,Queen Charlottes',10.84
NW71EE,51.613636,-0.204678,North,Barnet Hospital,4.18,Royal Free Hospital,7.25,Barnet Hospital,4.18,Queen Charlottes',10.97
NW71EF,51.619069,-0.223127,North,Barnet Hospital,3.56,Royal Free Hospital,8.34,Barnet Hospital,3.56,Queen Charlottes',11.39
NW71EG,51.618807,-0.223022,North,Barnet Hospital,3.59,Royal Free Hospital,8.31,Barnet Hospital,3.59,Queen Charlottes',11.36
NW71EH,51.618109,-0.225086,North,Barnet Hospital,3.69,Royal Free Hospital,8.31,Barnet Hospital,3.69,Queen Charlottes',11.27
NW71EJ,51.617113,-0.223406,North,Barnet Hospital,3.78,Royal Free Hospital,8.16,Barnet Hospital,3.78,Queen Charlottes',11.17
NW71EL,51.618109,-0.225086,North,Barnet Hospital,3.69,Royal Free Hospital,8.31,Barnet Hospital,3.69,Queen Charlottes',11.27
NW71EN,51.618645,-0.223664,North,Barnet Hospital,3.61,Royal Free Hospital,8.32,Barnet Hospital,3.61,Queen Charlottes',11.34
NW71EP,51.612949,-0.213891,North,Barnet Hospital,4.2,Royal Free Hospital,7.44,Barnet Hospital,4.2,Queen Charlottes',10.78
NW71EQ,51.619634,-0.222441,North,Barnet Hospital,3.49,Royal Free Hospital,8.37,Barnet Hospital,3.49,Queen Charlottes',11.45
NW71ER,51.613674,-0.213097,North,Barnet Hospital,4.12,Royal Free Hospital,7.49,Barnet Hospital,4.12,Queen Charlottes',10.87
NW71ES,51.618819,-0.223224,North,Barnet Hospital,3.59,Royal Free Hospital,8.32,Barnet Hospital,3.59,Queen Charlottes',11.36
NW71ET,51.612801,-0.208293,North,Barnet Hospital,4.24,Royal Free Hospital,7.26,Barnet Hospital,4.24,Queen Charlottes',10.83
NW71EU,51.612587,-0.207262,North,Barnet Hospital,4.27,Royal Free Hospital,7.21,Barnet Hospital,4.27,Queen Charlottes',10.82
NW71EW,51.618918,-0.223841,North,Barnet Hospital,3.58,Royal Free Hospital,8.35,Barnet Hospital,3.58,Queen Charlottes',11.37
NW71EX,51.612307,-0.207186,North,Barnet Hospital,4.3,Royal Free Hospital,7.18,Barnet Hospital,4.3,Queen Charlottes',10.79
NW71EY,51.611802,-0.207654,North,Barnet Hospital,4.36,Royal Free Hospital,7.14,Barnet Hospital,4.36,Queen Charlottes',10.73
NW71EZ,51.619168,-0.223701,North,Barnet Hospital,3.55,Royal Free Hospital,8.37,Barnet Hospital,3.55,Queen Charlottes',11.39
NW71FA,51.61288,-0.21349,North,Barnet Hospital,4.21,Royal Free Hospital,7.42,Barnet Hospital,4.21,Queen Charlottes',10.78
NW71FB,51.612744,-0.213437,North,Barnet Hospital,4.22,Royal Free Hospital,7.41,Barnet Hospital,4.22,Queen Charlottes',10.76
NW71FD,51.612007,-0.205176,North,Barnet Hospital,4.36,Royal Free Hospital,7.09,Barnet Hospital,4.36,Queen Charlottes',10.78
NW71FE,51.611932,-0.212689,North,Barnet Hospital,4.31,Royal Free Hospital,7.3,Barnet Hospital,4.31,Queen Charlottes',10.68
NW71FF,51.61313,-0.212801,North,Barnet Hospital,4.18,Royal Free Hospital,7.43,Barnet Hospital,4.18,Queen Charlottes',10.81
NW71FG,51.612583,-0.211696,North,Barnet Hospital,4.25,Royal Free Hospital,7.34,Barnet Hospital,4.25,Queen Charlottes',10.76
NW71FH,51.611168,-0.205599,North,Barnet Hospital,4.45,Royal Free Hospital,7.02,Barnet Hospital,4.45,Queen Charlottes',10.68
NW71FJ,51.611366,-0.207368,North,Barnet Hospital,4.41,Royal Free Hospital,7.09,Barnet Hospital,4.41,Queen Charlottes',10.68
NW71FL,51.613357,-0.214135,North,Barnet Hospital,4.15,Royal Free Hospital,7.49,Barnet Hospital,4.15,Queen Charlottes',10.82
NW71FN,51.61268,-0.21396,North,Barnet Hospital,4.23,Royal Free Hospital,7.42,Barnet Hospital,4.23,Queen Charlottes',10.75
NW71FP,51.612173,-0.213113,North,Barnet Hospital,4.29,Royal Free Hospital,7.34,Barnet Hospital,4.29,Queen Charlottes',10.7
NW71FQ,51.613567,-0.212567,North,Barnet Hospital,4.13,Royal Free Hospital,7.46,Barnet Hospital,4.13,Queen Charlottes',10.86
NW71FR,51.613442,-0.211994,North,Barnet Hospital,4.15,Royal Free Hospital,7.43,Barnet Hospital,4.15,Queen Charlottes',10.85
NW71FS,51.611963,-0.208225,North,Barnet Hospital,4.33,Royal Free Hospital,7.17,Barnet Hospital,4.33,Queen Charlottes',10.74
NW71FT,51.612142,-0.206976,North,Barnet Hospital,4.32,Royal Free Hospital,7.16,Barnet Hospital,4.32,Queen Charlottes',10.77
NW71FU,51.604055,-0.206803,North,Barnet Hospital,5.22,Royal Free Hospital,6.34,Barnet Hospital,5.22,Queen Charlottes',9.89
NW71FW,51.611891,-0.207636,North,Barnet Hospital,4.35,Royal Free Hospital,7.15,Barnet Hospital,4.35,Queen Charlottes',10.74
NW71FX,51.614298,-0.210343,North,Barnet Hospital,4.06,Royal Free Hospital,7.47,Barnet Hospital,4.06,Queen Charlottes',10.97
NW71FY,51.614576,-0.211517,North,Barnet Hospital,4.02,Royal Free Hospital,7.53,Barnet Hospital,4.02,Queen Charlottes',10.98
NW71FZ,51.614809,-0.210265,North,Barnet Hospital,4.01,Royal Free Hospital,7.52,Barnet Hospital,4.01,Queen Charlottes',11.02
NW71GA,51.607434,-0.216101,North,Barnet Hospital,4.81,Royal Free Hospital,6.97,Barnet Hospital,4.81,Queen Charlottes',10.15
NW71GB,51.607163,-0.21484,North,Barnet Hospital,4.84,Royal Free Hospital,6.9,Barnet Hospital,4.84,Queen Charlottes',10.14
NW71GD,51.607785,-0.215538,North,Barnet Hospital,4.77,Royal Free Hospital,6.99,Barnet Hospital,4.77,Queen Charlottes',10.2
NW71GE,51.607905,-0.215144,North,Barnet Hospital,4.76,Royal Free Hospital,6.99,Barnet Hospital,4.76,Queen Charlottes',10.21
NW71GF,51.608109,-0.214341,North,Barnet Hospital,4.74,Royal Free Hospital,6.98,Barnet Hospital,4.74,Queen Charlottes',10.24
NW71GG,51.607261,-0.214143,North,Barnet Hospital,4.83,Royal Free Hospital,6.89,Barnet Hospital,4.83,Queen Charlottes',10.15
NW71GH,51.607578,-0.213756,North,Barnet Hospital,4.8,Royal Free Hospital,6.91,Barnet Hospital,4.8,Queen Charlottes',10.19
NW71GJ,51.608277,-0.213569,North,Barnet Hospital,4.72,Royal Free Hospital,6.97,Barnet Hospital,4.72,Queen Charlottes',10.27
NW71GL,51.606929,-0.214821,North,Barnet Hospital,4.87,Royal Free Hospital,6.88,Barnet Hospital,4.87,Queen Charlottes',10.11
NW71GN,51.607098,-0.215262,North,Barnet Hospital,4.85,Royal Free Hospital,6.91,Barnet Hospital,4.85,Queen Charlottes',10.12
NW71GP,51.606627,-0.208579,North,Barnet Hospital,4.92,Royal Free Hospital,6.65,Barnet Hospital,4.92,Queen Charlottes',10.15
NW71GQ,51.606445,-0.209626,North,Barnet Hospital,4.94,Royal Free Hospital,6.66,Barnet Hospital,4.94,Queen Charlottes',10.12
NW71GR,51.606985,-0.210789,North,Barnet Hospital,4.87,Royal Free Hospital,6.75,Barnet Hospital,4.87,Queen Charlottes',10.16
NW71GS,51.60716,-0.210494,North,Barnet Hospital,4.85,Royal Free Hospital,6.76,Barnet Hospital,4.85,Queen Charlottes',10.18
NW71GT,51.606496,-0.210592,North,Barnet Hospital,4.93,Royal Free Hospital,6.7,Barnet Hospital,4.93,Queen Charlottes',10.11
NW71GU,51.607255,-0.209031,North,Barnet Hospital,4.85,Royal Free Hospital,6.72,Barnet Hospital,4.85,Queen Charlottes',10.21
NW71GW,51.606352,-0.211753,North,Barnet Hospital,4.94,Royal Free Hospital,6.72,Barnet Hospital,4.94,Queen Charlottes',10.08
NW71GX,51.606976,-0.211367,North,Barnet Hospital,4.87,Royal Free Hospital,6.77,Barnet Hospital,4.87,Queen Charlottes',10.15
NW71GY,51.607977,-0.211602,North,Barnet Hospital,4.76,Royal Free Hospital,6.88,Barnet Hospital,4.76,Queen Charlottes',10.26
NW71GZ,51.607821,-0.211984,North,Barnet Hospital,4.77,Royal Free Hospital,6.87,Barnet Hospital,4.77,Queen Charlottes',10.24
NW71HA,51.611837,-0.208764,North,Barnet Hospital,4.34,Royal Free Hospital,7.18,Barnet Hospital,4.34,Queen Charlottes',10.72
NW71HB,51.611211,-0.207821,North,Barnet Hospital,4.42,Royal Free Hospital,7.09,Barnet Hospital,4.42,Queen Charlottes',10.66
NW71HD,51.611547,-0.206898,North,Barnet Hospital,4.39,Royal Free Hospital,7.09,Barnet Hospital,4.39,Queen Charlottes',10.71
NW71HE,51.612152,-0.205863,North,Barnet Hospital,4.33,Royal Free Hospital,7.13,Barnet Hospital,4.33,Queen Charlottes',10.79
NW71HF,51.608264,-0.212111,North,Barnet Hospital,4.72,Royal Free Hospital,6.92,Barnet Hospital,4.72,Queen Charlottes',10.29
NW71HG,51.60804,-0.212207,North,Barnet Hospital,4.75,Royal Free Hospital,6.9,Barnet Hospital,4.75,Queen Charlottes',10.26
NW71HH,51.607088,-0.211681,North,Barnet Hospital,4.86,Royal Free Hospital,6.79,Barnet Hospital,4.86,Queen Charlottes',10.16
NW71HJ,51.60666,-0.211929,North,Barnet Hospital,4.9,Royal Free Hospital,6.76,Barnet Hospital,4.9,Queen Charlottes',10.11
NW71HL,51.607095,-0.212706,North,Barnet Hospital,4.85,Royal Free Hospital,6.83,Barnet Hospital,4.85,Queen Charlottes',10.15
NW71HN,51.607274,-0.213262,North,Barnet Hospital,4.83,Royal Free Hospital,6.86,Barnet Hospital,4.83,Queen Charlottes',10.16
NW71HP,51.60536,-0.208052,North,Barnet Hospital,5.07,Royal Free Hospital,6.51,Barnet Hospital,5.07,Queen Charlottes',10.02
NW71HQ,51.607411,-0.212794,North,Barnet Hospital,4.82,Royal Free Hospital,6.86,Barnet Hospital,4.82,Queen Charlottes',10.18
NW71HR,51.605559,-0.209315,North,Barnet Hospital,5.04,Royal Free Hospital,6.57,Barnet Hospital,5.04,Queen Charlottes',10.02
NW71HS,51.606036,-0.208126,North,Barnet Hospital,4.99,Royal Free Hospital,6.58,Barnet Hospital,4.99,Queen Charlottes',10.09
NW71HT,51.606479,-0.208874,North,Barnet Hospital,4.94,Royal Free Hospital,6.64,Barnet Hospital,4.94,Queen Charlottes',10.13
NW71HU,51.606915,-0.208597,North,Barnet Hospital,4.89,Royal Free Hospital,6.68,Barnet Hospital,4.89,Queen Charlottes',10.18
NW71HW,51.607924,-0.212803,North,Barnet Hospital,4.76,Royal Free Hospital,6.91,Barnet Hospital,4.76,Queen Charlottes',10.24
NW71HX,51.606519,-0.207399,North,Barnet Hospital,4.94,Royal Free Hospital,6.6,Barnet Hospital,4.94,Queen Charlottes',10.15
NW71HY,51.606914,-0.207918,North,Barnet Hospital,4.89,Royal Free Hospital,6.66,Barnet Hospital,4.89,Queen Charlottes',10.19
NW71HZ,51.608235,-0.213152,North,Barnet Hospital,4.72,Royal Free Hospital,6.95,Barnet Hospital,4.72,Queen Charlottes',10.27
NW71JA,51.606131,-0.207256,North,Barnet Hospital,4.99,Royal Free Hospital,6.56,Barnet Hospital,4.99,Queen Charlottes',10.11
NW71JB,51.606249,-0.206746,North,Barnet Hospital,4.98,Royal Free Hospital,6.55,Barnet Hospital,4.98,Queen Charlottes',10.13
NW71JD,51.606477,-0.206376,North,Barnet Hospital,4.95,Royal Free Hospital,6.57,Barnet Hospital,4.95,Queen Charlottes',10.16
NW71JE,51.605842,-0.206025,North,Barnet Hospital,5.03,Royal Free Hospital,6.49,Barnet Hospital,5.03,Queen Charlottes',10.1
NW71JF,51.609893,-0.207527,North,Barnet Hospital,4.57,Royal Free Hospital,6.94,Barnet Hospital,4.57,Queen Charlottes',10.52
NW71JG,51.605802,-0.206937,North,Barnet Hospital,5.02,Royal Free Hospital,6.52,Barnet Hospital,5.02,Queen Charlottes',10.08
NW71JH,51.606088,-0.205683,North,Barnet Hospital,5.0,Royal Free Hospital,6.51,Barnet Hospital,5.0,Queen Charlottes',10.13
NW71JJ,51.605269,-0.206221,North,Barnet Hospital,5.09,Royal Free Hospital,6.44,Barnet Hospital,5.09,Queen Charlottes',10.03
NW71JL,51.605335,-0.205208,North,Barnet Hospital,5.09,Royal Free Hospital,6.42,Barnet Hospital,5.09,Queen Charlottes',10.06
NW71JN,51.605488,-0.204653,North,Barnet Hospital,5.08,Royal Free Hospital,6.42,Barnet Hospital,5.08,Queen Charlottes',10.08
NW71JP,51.604782,-0.204941,North,Barnet Hospital,5.15,Royal Free Hospital,6.35,Barnet Hospital,5.15,Queen Charlottes',10.0
NW71JQ,51.614951,-0.209581,North,Barnet Hospital,3.99,Royal Free Hospital,7.51,Barnet Hospital,3.99,Queen Charlottes',11.05
NW71JR,51.604191,-0.204531,North,Barnet Hospital,5.22,Royal Free Hospital,6.28,Barnet Hospital,5.22,Queen Charlottes',9.94
NW71JS,51.604901,-0.203319,North,Barnet Hospital,5.16,Royal Free Hospital,6.32,Barnet Hospital,5.16,Queen Charlottes',10.04
NW71JT,51.604496,-0.203306,North,Barnet Hospital,5.2,Royal Free Hospital,6.28,Barnet Hospital,5.2,Queen Charlottes',9.99
NW71JU,51.604987,-0.203604,North,Barnet Hospital,5.15,Royal Free Hospital,6.33,Barnet Hospital,5.15,Queen Charlottes',10.04
NW71JW,51.614839,-0.208675,North,Barnet Hospital,4.01,Royal Free Hospital,7.48,Barnet Hospital,4.01,Queen Charlottes',11.05
NW71JX,51.604537,-0.205947,North,Barnet Hospital,5.17,Royal Free Hospital,6.36,Barnet Hospital,5.17,Queen Charlottes',9.96
NW71JY,51.60412,-0.20631,North,Barnet Hospital,5.22,Royal Free Hospital,6.33,Barnet Hospital,5.22,Queen Charlottes',9.91
NW71JZ,51.614067,-0.210583,North,Barnet Hospital,4.09,Royal Free Hospital,7.45,Barnet Hospital,4.09,Queen Charlottes',10.94
NW71LA,51.604389,-0.206834,North,Barnet Hospital,5.18,Royal Free Hospital,6.37,Barnet Hospital,5.18,Queen Charlottes',9.93
NW71LB,51.605505,-0.20754,North,Barnet Hospital,5.05,Royal Free Hospital,6.5,Barnet Hospital,5.05,Queen Charlottes',10.04
NW71LD,51.61341,-0.205193,North,Barnet Hospital,4.2,Royal Free Hospital,7.24,Barnet Hospital,4.2,Queen Charlottes',10.93
NW71LE,51.613391,-0.205742,North,Barnet Hospital,4.2,Royal Free Hospital,7.25,Barnet Hospital,4.2,Queen Charlottes',10.92
NW71LF,51.613677,-0.205616,North,Barnet Hospital,4.17,Royal Free Hospital,7.28,Barnet Hospital,4.17,Queen Charlottes',10.96
NW71LG,51.614001,-0.205083,North,Barnet Hospital,4.14,Royal Free Hospital,7.3,Barnet Hospital,4.14,Queen Charlottes',11.0
NW71LH,51.615474,-0.24115,North,Barnet Hospital,4.31,Royal Free Hospital,8.68,Barnet Hospital,4.31,Queen Charlottes',10.95
NW71LJ,51.605941,-0.21135,North,Barnet Hospital,4.98,Royal Free Hospital,6.67,Barnet Hospital,4.98,Queen Charlottes',10.04
NW71LL,51.605287,-0.210307,North,Barnet Hospital,5.06,Royal Free Hospital,6.57,Barnet Hospital,5.06,Queen Charlottes',9.98
NW71LN,51.604468,-0.207321,North,Barnet Hospital,5.17,Royal Free Hospital,6.39,Barnet Hospital,5.17,Queen Charlottes',9.93
NW71LP,51.603911,-0.207329,North,Barnet Hospital,5.23,Royal Free Hospital,6.34,Barnet Hospital,5.23,Queen Charlottes',9.87
NW71LQ,51.613975,-0.204549,North,Barnet Hospital,4.15,Royal Free Hospital,7.28,Barnet Hospital,4.15,Queen Charlottes',11.0
NW71LR,51.603463,-0.207462,North,Barnet Hospital,5.28,Royal Free Hospital,6.3,Barnet Hospital,5.28,Queen Charlottes',9.82
NW71LS,51.603745,-0.206498,North,Barnet Hospital,5.26,Royal Free Hospital,6.3,Barnet Hospital,5.26,Queen Charlottes',9.86
NW71LT,51.603299,-0.206718,North,Barnet Hospital,5.3,Royal Free Hospital,6.26,Barnet Hospital,5.3,Queen Charlottes',9.81
NW71LU,51.602275,-0.208014,North,Barnet Hospital,5.41,Royal Free Hospital,6.2,Barnet Hospital,5.41,Queen Charlottes',9.68
NW71LW,51.604468,-0.207321,North,Barnet Hospital,5.17,Royal Free Hospital,6.39,Barnet Hospital,5.17,Queen Charlottes',9.93
NW71LX,51.601142,-0.208564,North,Barnet Hospital,5.53,Royal Free Hospital,6.11,Barnet Hospital,5.53,Queen Charlottes',9.55
NW71LY,51.601299,-0.208832,North,Barnet Hospital,5.51,Royal Free Hospital,6.13,Barnet Hospital,5.51,Queen Charlottes',9.56
NW71LZ,51.601022,-0.208973,North,Barnet Hospital,5.54,Royal Free Hospital,6.11,Barnet Hospital,5.54,Queen Charlottes',9.53
NW71NA,51.601478,-0.208796,North,Barnet Hospital,5.49,Royal Free Hospital,6.15,Barnet Hospital,5.49,Queen Charlottes',9.58
NW71NB,51.601238,-0.209557,North,Barnet Hospital,5.51,Royal Free Hospital,6.15,Barnet Hospital,5.51,Queen Charlottes',9.55
NW71ND,51.603123,-0.208169,North,Barnet Hospital,5.31,Royal Free Hospital,6.29,Barnet Hospital,5.31,Queen Charlottes',9.77
NW71NE,51.604847,-0.210354,North,Barnet Hospital,5.11,Royal Free Hospital,6.53,Barnet Hospital,5.11,Queen Charlottes',9.93
NW71NF,51.605075,-0.209377,North,Barnet Hospital,5.09,Royal Free Hospital,6.52,Barnet Hospital,5.09,Queen Charlottes',9.97
NW71NG,51.604555,-0.213585,North,Barnet Hospital,5.13,Royal Free Hospital,6.61,Barnet Hospital,5.13,Queen Charlottes',9.86
NW71NH,51.60479,-0.214313,North,Barnet Hospital,5.11,Royal Free Hospital,6.66,Barnet Hospital,5.11,Queen Charlottes',9.88
NW71NJ,51.604184,-0.208127,North,Barnet Hospital,5.2,Royal Free Hospital,6.39,Barnet Hospital,5.2,Queen Charlottes',9.89
NW71NL,51.605119,-0.212263,North,Barnet Hospital,5.07,Royal Free Hospital,6.62,Barnet Hospital,5.07,Queen Charlottes',9.94
NW71NN,51.614179,-0.209626,North,Barnet Hospital,4.08,Royal Free Hospital,7.44,Barnet Hospital,4.08,Queen Charlottes',10.96
NW71NP,51.614084,-0.208748,North,Barnet Hospital,4.1,Royal Free Hospital,7.4,Barnet Hospital,4.1,Queen Charlottes',10.96
NW71NQ,51.605097,-0.21082,North,Barnet Hospital,5.08,Royal Free Hospital,6.57,Barnet Hospital,5.08,Queen Charlottes',9.95
NW71NR,51.618208,-0.223854,North,Barnet Hospital,3.66,Royal Free Hospital,8.28,Barnet Hospital,3.66,Queen Charlottes',11.29
NW71NS,51.615045,-0.21157,North,Barnet Hospital,3.97,Royal Free Hospital,7.58,Barnet Hospital,3.97,Queen Charlottes',11.04
NW71NT,51.615277,-0.210319,North,Barnet Hospital,3.95,Royal Free Hospital,7.57,Barnet Hospital,3.95,Queen Charlottes',11.07
NW71NU,51.617848,-0.209091,North,Barnet Hospital,3.68,Royal Free Hospital,7.8,Barnet Hospital,3.68,Queen Charlottes',11.37
NW71NW,51.610782,-0.208012,North,Barnet Hospital,4.47,Royal Free Hospital,7.05,Barnet Hospital,4.47,Queen Charlottes',10.61
NW71NX,51.615458,-0.205646,North,Barnet Hospital,3.97,Royal Free Hospital,7.46,Barnet Hospital,3.97,Queen Charlottes',11.15
NW71NY,51.614827,-0.206711,North,Barnet Hospital,4.03,Royal Free Hospital,7.42,Barnet Hospital,4.03,Queen Charlottes',11.07
NW71NZ,51.610896,-0.207213,North,Barnet Hospital,4.46,Royal Free Hospital,7.04,Barnet Hospital,4.46,Queen Charlottes',10.63
NW71PA,51.614705,-0.205821,North,Barnet Hospital,4.05,Royal Free Hospital,7.39,Barnet Hospital,4.05,Queen Charlottes',11.07
NW71PB,51.614074,-0.20573,North,Barnet Hospital,4.12,Royal Free Hospital,7.32,Barnet Hospital,4.12,Queen Charlottes',11.0
NW71PD,51.613513,-0.206647,North,Barnet Hospital,4.18,Royal Free Hospital,7.29,Barnet Hospital,4.18,Queen Charlottes',10.93
NW71PE,51.612954,-0.20654,North,Barnet Hospital,4.24,Royal Free Hospital,7.23,Barnet Hospital,4.24,Queen Charlottes',10.87
NW71PF,51.611231,-0.208528,North,Barnet Hospital,4.41,Royal Free Hospital,7.11,Barnet Hospital,4.41,Queen Charlottes',10.65
NW71PG,51.613108,-0.206042,North,Barnet Hospital,4.23,Royal Free Hospital,7.23,Barnet Hospital,4.23,Queen Charlottes',10.89
NW71PH,51.613729,-0.204891,North,Barnet Hospital,4.17,Royal Free Hospital,7.26,Barnet Hospital,4.17,Queen Charlottes',10.97
NW71PJ,51.612891,-0.205401,North,Barnet Hospital,4.26,Royal Free Hospital,7.19,Barnet Hospital,4.26,Queen Charlottes',10.87
NW71PL,51.6134,-0.204586,North,Barnet Hospital,4.21,Royal Free Hospital,7.22,Barnet Hospital,4.21,Queen Charlottes',10.94
NW71PN,51.613225,-0.204261,North,Barnet Hospital,4.23,Royal Free Hospital,7.19,Barnet Hospital,4.23,Queen Charlottes',10.93
NW71PP,51.612869,-0.204564,North,Barnet Hospital,4.27,Royal Free Hospital,7.17,Barnet Hospital,4.27,Queen Charlottes',10.88
NW71PQ,51.610646,-0.207324,North,Barnet Hospital,4.49,Royal Free Hospital,7.01,Barnet Hospital,4.49,Queen Charlottes',10.6
NW71PR,51.612243,-0.204791,North,Barnet Hospital,4.34,Royal Free Hospital,7.11,Barnet Hospital,4.34,Queen Charlottes',10.81
NW71PS,51.61121,-0.20307,North,Barnet Hospital,4.47,Royal Free Hospital,6.96,Barnet Hospital,4.47,UCH (University College),10.69
NW71PT,51.608718,-0.20649,North,Barnet Hospital,4.71,Royal Free Hospital,6.79,Barnet Hospital,4.71,Queen Charlottes',10.4
NW71PU,51.60982,-0.202128,North,Barnet Hospital,4.63,Royal Free Hospital,6.79,Barnet Hospital,4.63,UCH (University College),10.52
NW71PW,51.613183,-0.204479,North,Barnet Hospital,4.24,Royal Free Hospital,7.2,Barnet Hospital,4.24,Queen Charlottes',10.92
NW71PX,51.613871,-0.208872,North,Barnet Hospital,4.12,Royal Free Hospital,7.38,Barnet Hospital,4.12,Queen Charlottes',10.94
NW71PY,51.611672,-0.203297,North,Barnet Hospital,4.42,Royal Free Hospital,7.01,Barnet Hospital,4.42,UCH (University College),10.75
NW71PZ,51.613166,-0.212814,North,Barnet Hospital,4.18,Royal Free Hospital,7.43,Barnet Hospital,4.18,Queen Charlottes',10.82
NW71QA,51.620599,-0.232747,North,Barnet Hospital,3.56,Royal Free Hospital,8.82,Barnet Hospital,3.56,Queen Charlottes',11.52
NW71QB,51.610934,-0.208526,North,Barnet Hospital,4.45,Royal Free Hospital,7.08,Barnet Hospital,4.45,Queen Charlottes',10.62
NW71QD,51.615063,-0.207496,North,Barnet Hospital,4.0,Royal Free Hospital,7.47,Barnet Hospital,4.0,Queen Charlottes',11.08
NW71QE,51.615075,-0.235547,North,Barnet Hospital,4.2,Royal Free Hospital,8.42,Barnet Hospital,4.2,Queen Charlottes',10.91
NW71QF,51.615331,-0.235826,North,Barnet Hospital,4.18,Royal Free Hospital,8.45,Barnet Hospital,4.18,Queen Charlottes',10.93
NW71QG,51.615305,-0.234108,North,Barnet Hospital,4.15,Royal Free Hospital,8.38,Barnet Hospital,4.15,Queen Charlottes',10.93
NW71QH,51.615874,-0.23189,North,Barnet Hospital,4.04,Royal Free Hospital,8.35,Barnet Hospital,4.04,Queen Charlottes',11.0
NW71QJ,51.616014,-0.231004,North,Barnet Hospital,4.01,Royal Free Hospital,8.33,Barnet Hospital,4.01,Queen Charlottes',11.02
NW71QL,51.616956,-0.229696,North,Barnet Hospital,3.88,Royal Free Hospital,8.37,Barnet Hospital,3.88,Queen Charlottes',11.12
NW71QN,51.617377,-0.230171,North,Barnet Hospital,3.85,Royal Free Hospital,8.42,Barnet Hospital,3.85,Queen Charlottes',11.17
NW71QP,51.617917,-0.230236,North,Barnet Hospital,3.79,Royal Free Hospital,8.48,Barnet Hospital,3.79,Queen Charlottes',11.23
NW71QQ,51.614631,-0.206849,North,Barnet Hospital,4.05,Royal Free Hospital,7.41,Barnet Hospital,4.05,Queen Charlottes',11.05
NW71QR,51.6176,-0.228847,North,Barnet Hospital,3.8,Royal Free Hospital,8.4,Barnet Hospital,3.8,Queen Charlottes',11.2
NW71QS,51.618981,-0.230426,North,Barnet Hospital,3.68,Royal Free Hospital,8.58,Barnet Hospital,3.68,Queen Charlottes',11.35
NW71QT,51.621807,-0.231183,North,Barnet Hospital,3.4,Royal Free Hospital,8.88,Barnet Hospital,3.4,Queen Charlottes',11.66
NW71QU,51.620561,-0.23139,North,Barnet Hospital,3.53,Royal Free Hospital,8.77,Barnet Hospital,3.53,Queen Charlottes',11.52
NW71QW,51.619061,-0.227967,North,Barnet Hospital,3.63,Royal Free Hospital,8.5,Barnet Hospital,3.63,Queen Charlottes',11.36
NW71QX,51.618713,-0.228761,North,Barnet Hospital,3.68,Royal Free Hospital,8.5,Barnet Hospital,3.68,Queen Charlottes',11.32
NW71QY,51.61773,-0.227918,North,Barnet Hospital,3.77,Royal Free Hospital,8.38,Barnet Hospital,3.77,Queen Charlottes',11.22
NW71QZ,51.615075,-0.235547,North,Barnet Hospital,4.2,Royal Free Hospital,8.42,Barnet Hospital,4.2,Queen Charlottes',10.91
NW71RA,51.614289,-0.20861,North,Barnet Hospital,4.07,Royal Free Hospital,7.42,Barnet Hospital,4.07,Queen Charlottes',10.99
NW71RB,51.617405,-0.227237,North,Barnet Hospital,3.79,Royal Free Hospital,8.32,Barnet Hospital,3.79,Queen Charlottes',11.18
NW71RD,51.617177,-0.227058,North,Barnet Hospital,3.82,Royal Free Hospital,8.29,Barnet Hospital,3.82,Queen Charlottes',11.16
NW71RE,51.617254,-0.225611,North,Barnet Hospital,3.79,Royal Free Hospital,8.25,Barnet Hospital,3.79,Queen Charlottes',11.17
NW71RF,51.614185,-0.207647,North,Barnet Hospital,4.09,Royal Free Hospital,7.38,Barnet Hospital,4.09,Queen Charlottes',10.99
NW71RG,51.617743,-0.222833,North,Barnet Hospital,3.7,Royal Free Hospital,8.2,Barnet Hospital,3.7,Queen Charlottes',11.24
NW71RH,51.617718,-0.222415,North,Barnet Hospital,3.7,Royal Free Hospital,8.18,Barnet Hospital,3.7,Queen Charlottes',11.24
NW71RJ,51.616732,-0.219608,North,Barnet Hospital,3.79,Royal Free Hospital,8.0,Barnet Hospital,3.79,Queen Charlottes',11.15
NW71RL,51.616468,-0.218246,North,Barnet Hospital,3.81,Royal Free Hospital,7.93,Barnet Hospital,3.81,Queen Charlottes',11.13
NW71RN,51.614259,-0.213089,North,Barnet Hospital,4.05,Royal Free Hospital,7.55,Barnet Hospital,4.05,Queen Charlottes',10.93
NW71RP,51.614455,-0.214786,North,Barnet Hospital,4.03,Royal Free Hospital,7.62,Barnet Hospital,4.03,Queen Charlottes',10.94
NW71RQ,51.608086,-0.206933,North,Barnet Hospital,4.77,Royal Free Hospital,6.74,Barnet Hospital,4.77,Queen Charlottes',10.33
NW71RR,51.613159,-0.205824,North,Barnet Hospital,4.22,Royal Free Hospital,7.23,Barnet Hospital,4.22,Queen Charlottes',10.9
NW71RS,51.614242,-0.21556,North,Barnet Hospital,4.05,Royal Free Hospital,7.62,Barnet Hospital,4.05,Queen Charlottes',10.91
NW71RT,51.612557,-0.214716,North,Barnet Hospital,4.24,Royal Free Hospital,7.43,Barnet Hospital,4.24,Queen Charlottes',10.73
NW71RU,51.611823,-0.214918,North,Barnet Hospital,4.32,Royal Free Hospital,7.36,Barnet Hospital,4.32,Queen Charlottes',10.65
NW71RW,51.614463,-0.205845,North,Barnet Hospital,4.08,Royal Free Hospital,7.36,Barnet Hospital,4.08,Queen Charlottes',11.04
NW71RX,51.614738,-0.206224,North,Barnet Hospital,4.05,Royal Free Hospital,7.4,Barnet Hospital,4.05,Queen Charlottes',11.07
NW71RY,51.610721,-0.209299,North,Barnet Hospital,4.46,Royal Free Hospital,7.08,Barnet Hospital,4.46,Queen Charlottes',10.59
NW71RZ,51.610509,-0.21016,North,Barnet Hospital,4.48,Royal Free Hospital,7.08,Barnet Hospital,4.48,Queen Charlottes',10.55
NW71SA,51.610372,-0.209414,North,Barnet Hospital,4.5,Royal Free Hospital,7.05,Barnet Hospital,4.5,Queen Charlottes',10.55
NW71SB,51.613449,-0.210738,North,Barnet Hospital,4.15,Royal Free Hospital,7.4,Barnet Hospital,4.15,Queen Charlottes',10.87
NW71SD,51.610881,-0.212731,North,Barnet Hospital,4.43,Royal Free Hospital,7.2,Barnet Hospital,4.43,Queen Charlottes',10.57
NW71SE,51.611415,-0.212348,North,Barnet Hospital,4.37,Royal Free Hospital,7.24,Barnet Hospital,4.37,Queen Charlottes',10.63
NW71SF,51.613602,-0.209518,North,Barnet Hospital,4.14,Royal Free Hospital,7.38,Barnet Hospital,4.14,Queen Charlottes',10.9
NW71SG,51.610045,-0.211593,North,Barnet Hospital,4.53,Royal Free Hospital,7.08,Barnet Hospital,4.53,Queen Charlottes',10.49
NW71SH,51.609822,-0.211126,North,Barnet Hospital,4.55,Royal Free Hospital,7.04,Barnet Hospital,4.55,Queen Charlottes',10.47
NW71SJ,51.611106,-0.211595,North,Barnet Hospital,4.41,Royal Free Hospital,7.19,Barnet Hospital,4.41,Queen Charlottes',10.6
NW71SL,51.612003,-0.211444,North,Barnet Hospital,4.31,Royal Free Hospital,7.27,Barnet Hospital,4.31,Queen Charlottes',10.7
NW71SN,51.613476,-0.208945,North,Barnet Hospital,4.16,Royal Free Hospital,7.35,Barnet Hospital,4.16,Queen Charlottes',10.89
NW71SP,51.613251,-0.209518,North,Barnet Hospital,4.18,Royal Free Hospital,7.34,Barnet Hospital,4.18,Queen Charlottes',10.86
NW71SQ,51.617761,-0.221676,North,Barnet Hospital,3.69,Royal Free Hospital,8.16,Barnet Hospital,3.69,Queen Charlottes',11.25
NW71SR,51.617723,-0.220941,North,Barnet Hospital,3.69,Royal Free Hospital,8.14,Barnet Hospital,3.69,Queen Charlottes',11.25
NW71SS,51.618109,-0.220911,North,Barnet Hospital,3.65,Royal Free Hospital,8.17,Barnet Hospital,3.65,Queen Charlottes',11.29
NW71ST,51.618212,-0.221774,North,Barnet Hospital,3.64,Royal Free Hospital,8.21,Barnet Hospital,3.64,Queen Charlottes',11.3
NW71SU,51.61871,-0.221408,North,Barnet Hospital,3.58,Royal Free Hospital,8.25,Barnet Hospital,3.58,Queen Charlottes',11.36
NW71SW,51.619031,-0.220615,North,Barnet Hospital,3.54,Royal Free Hospital,8.25,Barnet Hospital,3.54,Queen Charlottes',11.4
NW71SX,51.609836,-0.209652,North,Barnet Hospital,4.56,Royal Free Hospital,7.0,Barnet Hospital,4.56,Queen Charlottes',10.49
NW71SY,51.610158,-0.210116,North,Barnet Hospital,4.52,Royal Free Hospital,7.05,Barnet Hospital,4.52,Queen Charlottes',10.52
NW71SZ,51.610283,-0.21066,North,Barnet Hospital,4.51,Royal Free Hospital,7.08,Barnet Hospital,4.51,Queen Charlottes',10.52
NW71TA,51.610478,-0.211071,North,Barnet Hospital,4.48,Royal Free Hospital,7.11,Barnet Hospital,4.48,Queen Charlottes',10.54
NW71TB,51.610655,-0.211468,North,Barnet Hospital,4.46,Royal Free Hospital,7.14,Barnet Hospital,4.46,Queen Charlottes',10.55
NW71TD,51.610044,-0.210929,North,Barnet Hospital,4.53,Royal Free Hospital,7.06,Barnet Hospital,4.53,Queen Charlottes',10.49
NW71TE,51.610295,-0.21206,North,Barnet Hospital,4.5,Royal Free Hospital,7.12,Barnet Hospital,4.5,Queen Charlottes',10.51
NW71TF,51.608873,-0.209589,North,Barnet Hospital,4.67,Royal Free Hospital,6.9,Barnet Hospital,4.67,Queen Charlottes',10.38
NW71TG,51.609224,-0.21021,North,Barnet Hospital,4.62,Royal Free Hospital,6.96,Barnet Hospital,4.62,Queen Charlottes',10.41
NW71TH,51.609501,-0.210676,North,Barnet Hospital,4.59,Royal Free Hospital,7.0,Barnet Hospital,4.59,Queen Charlottes',10.44
NW71TJ,51.609768,-0.211099,North,Barnet Hospital,4.56,Royal Free Hospital,7.04,Barnet Hospital,4.56,Queen Charlottes',10.46
NW71TL,51.609935,-0.211439,North,Barnet Hospital,4.54,Royal Free Hospital,7.07,Barnet Hospital,4.54,Queen Charlottes',10.48
NW71TN,51.610156,-0.211791,North,Barnet Hospital,4.51,Royal Free Hospital,7.1,Barnet Hospital,4.51,Queen Charlottes',10.5
NW71TP,51.611124,-0.21041,North,Barnet Hospital,4.41,Royal Free Hospital,7.15,Barnet Hospital,4.41,Queen Charlottes',10.62
NW71TQ,51.610796,-0.210134,North,Barnet Hospital,4.45,Royal Free Hospital,7.11,Barnet Hospital,4.45,Queen Charlottes',10.59
NW71TR,51.605753,-0.215546,North,Barnet Hospital,5.0,Royal Free Hospital,6.79,Barnet Hospital,5.0,Queen Charlottes',9.97
NW71TS,51.610394,-0.207911,North,Barnet Hospital,4.51,Royal Free Hospital,7.01,Barnet Hospital,4.51,Queen Charlottes',10.57
NW71TT,51.610535,-0.208296,North,Barnet Hospital,4.49,Royal Free Hospital,7.03,Barnet Hospital,4.49,Queen Charlottes',10.58
NW71TU,51.610586,-0.208713,North,Barnet Hospital,4.48,Royal Free Hospital,7.05,Barnet Hospital,4.48,Queen Charlottes',10.58
NW71TW,51.610256,-0.208899,North,Barnet Hospital,4.52,Royal Free Hospital,7.02,Barnet Hospital,4.52,Queen Charlottes',10.54
NW71TX,51.610133,-0.208499,North,Barnet Hospital,4.53,Royal Free Hospital,7.0,Barnet Hospital,4.53,Queen Charlottes',10.53
NW71TY,51.6101,-0.208111,North,Barnet Hospital,4.54,Royal Free Hospital,6.98,Barnet Hospital,4.54,Queen Charlottes',10.53
NW71TZ,51.608873,-0.209589,North,Barnet Hospital,4.67,Royal Free Hospital,6.9,Barnet Hospital,4.67,Queen Charlottes',10.38
NW71UA,51.618591,-0.220055,North,Barnet Hospital,3.59,Royal Free Hospital,8.19,Barnet Hospital,3.59,Queen Charlottes',11.35
NW71UB,51.618534,-0.219291,North,Barnet Hospital,3.59,Royal Free Hospital,8.16,Barnet Hospital,3.59,Queen Charlottes',11.35
NW71UD,51.61822,-0.218148,North,Barnet Hospital,3.62,Royal Free Hospital,8.1,Barnet Hospital,3.62,Queen Charlottes',11.33
NW71UE,51.618302,-0.217625,North,Barnet Hospital,3.61,Royal Free Hospital,8.09,Barnet Hospital,3.61,Queen Charlottes',11.34
NW71UF,51.61788,-0.218277,North,Barnet Hospital,3.66,Royal Free Hospital,8.07,Barnet Hospital,3.66,Queen Charlottes',11.29
NW71UG,51.617924,-0.217611,North,Barnet Hospital,3.65,Royal Free Hospital,8.05,Barnet Hospital,3.65,Queen Charlottes',11.3
NW71UH,51.617632,-0.217882,North,Barnet Hospital,3.68,Royal Free Hospital,8.03,Barnet Hospital,3.68,Queen Charlottes',11.26
NW71UP,51.608936,-0.20846,North,Barnet Hospital,4.67,Royal Free Hospital,6.87,Barnet Hospital,4.67,Queen Charlottes',10.4
NW71UQ,51.609332,-0.207838,North,Barnet Hospital,4.63,Royal Free Hospital,6.9,Barnet Hospital,4.63,Queen Charlottes',10.45
NW71UR,51.609271,-0.208605,North,Barnet Hospital,4.63,Royal Free Hospital,6.91,Barnet Hospital,4.63,Queen Charlottes',10.44
NW71US,51.609643,-0.208215,North,Barnet Hospital,4.59,Royal Free Hospital,6.94,Barnet Hospital,4.59,Queen Charlottes',10.48
NW71UT,51.609924,-0.20897,North,Barnet Hospital,4.55,Royal Free Hospital,6.99,Barnet Hospital,4.55,Queen Charlottes',10.5
NW71UU,51.609675,-0.209095,North,Barnet Hospital,4.58,Royal Free Hospital,6.97,Barnet Hospital,4.58,Queen Charlottes',10.48
NW71UW,51.60954,-0.209144,North,Barnet Hospital,4.6,Royal Free Hospital,6.96,Barnet Hospital,4.6,Queen Charlottes',10.46
NW71UX,51.609146,-0.209217,North,Barnet Hospital,4.64,Royal Free Hospital,6.92,Barnet Hospital,4.64,Queen Charlottes',10.42
NW71UZ,51.608724,-0.208093,North,Barnet Hospital,4.69,Royal Free Hospital,6.84,Barnet Hospital,4.69,Queen Charlottes',10.38
NW71WA,51.615437,-0.241094,North,Barnet Hospital,4.31,Royal Free Hospital,8.67,Barnet Hospital,4.31,Queen Charlottes',10.95
NW71WB,51.617526,-0.220414,North,Barnet Hospital,3.71,Royal Free Hospital,8.1,Barnet Hospital,3.71,Queen Charlottes',11.23
NW71WD,51.617633,-0.219774,North,Barnet Hospital,3.69,Royal Free Hospital,8.09,Barnet Hospital,3.69,Queen Charlottes',11.25
NW71WE,51.617426,-0.219176,North,Barnet Hospital,3.71,Royal Free Hospital,8.05,Barnet Hospital,3.71,Queen Charlottes',11.23
NW71WF,51.617938,-0.219127,North,Barnet Hospital,3.65,Royal Free Hospital,8.1,Barnet Hospital,3.65,Queen Charlottes',11.29
NW71WG,51.618027,-0.220236,North,Barnet Hospital,3.65,Royal Free Hospital,8.14,Barnet Hospital,3.65,Queen Charlottes',11.29
NW71WH,51.615474,-0.24115,North,Barnet Hospital,4.31,Royal Free Hospital,8.68,Barnet Hospital,4.31,Queen Charlottes',10.95
NW71WJ,51.615474,-0.24115,North,Barnet Hospital,4.31,Royal Free Hospital,8.68,Barnet Hospital,4.31,Queen Charlottes',10.95
NW71WL,51.608792,-0.211339,North,Barnet Hospital,4.67,Royal Free Hospital,6.95,Barnet Hospital,4.67,Queen Charlottes',10.35
NW71WN,51.615474,-0.24115,North,Barnet Hospital,4.31,Royal Free Hospital,8.68,Barnet Hospital,4.31,Queen Charlottes',10.95
NW71WP,51.615474,-0.24115,North,Barnet Hospital,4.31,Royal Free Hospital,8.68,Barnet Hospital,4.31,Queen Charlottes',10.95
NW71WQ,51.615474,-0.24115,North,Barnet Hospital,4.31,Royal Free Hospital,8.68,Barnet Hospital,4.31,Queen Charlottes',10.95
NW71WR,51.615474,-0.24115,North,Barnet Hospital,4.31,Royal Free Hospital,8.68,Barnet Hospital,4.31,Queen Charlottes',10.95
NW71WS,51.615474,-0.24115,North,Barnet Hospital,4.31,Royal Free Hospital,8.68,Barnet Hospital,4.31,Queen Charlottes',10.95
NW71WT,51.615474,-0.24115,North,Barnet Hospital,4.31,Royal Free Hospital,8.68,Barnet Hospital,4.31,Queen Charlottes',10.95
NW71WU,51.615474,-0.24115,North,Barnet Hospital,4.31,Royal Free Hospital,8.68,Barnet Hospital,4.31,Queen Charlottes',10.95
NW71WW,51.615474,-0.24115,North,Barnet Hospital,4.31,Royal Free Hospital,8.68,Barnet Hospital,4.31,Queen Charlottes',10.95
NW71WX,51.615474,-0.24115,North,Barnet Hospital,4.31,Royal Free Hospital,8.68,Barnet Hospital,4.31,Queen Charlottes',10.95
NW71WY,51.615474,-0.24115,North,Barnet Hospital,4.31,Royal Free Hospital,8.68,Barnet Hospital,4.31,Queen Charlottes',10.95
NW71WZ,51.615474,-0.24115,North,Barnet Hospital,4.31,Royal Free Hospital,8.68,Barnet Hospital,4.31,Queen Charlottes',10.95
NW71XA,51.615474,-0.24115,North,Barnet Hospital,4.31,Royal Free Hospital,8.68,Barnet Hospital,4.31,Queen Charlottes',10.95
NW71XB,51.615474,-0.24115,North,Barnet Hospital,4.31,Royal Free Hospital,8.68,Barnet Hospital,4.31,Queen Charlottes',10.95
NW71XF,51.608885,-0.212145,North,Barnet Hospital,4.65,Royal Free Hospital,6.98,Barnet Hospital,4.65,Queen Charlottes',10.35
NW71XG,51.606627,-0.208579,North,Barnet Hospital,4.92,Royal Free Hospital,6.65,Barnet Hospital,4.92,Queen Charlottes',10.15
NW71XH,51.605355,-0.206521,North,Barnet Hospital,5.08,Royal Free Hospital,6.46,Barnet Hospital,5.08,Queen Charlottes',10.04
NW71XT,51.615455,-0.241079,North,Barnet Hospital,4.31,Royal Free Hospital,8.68,Barnet Hospital,4.31,Queen Charlottes',10.95
NW71XZ,51.615474,-0.24115,North,Barnet Hospital,4.31,Royal Free Hospital,8.68,Barnet Hospital,4.31,Queen Charlottes',10.95
NW71YF,51.615437,-0.241094,North,Barnet Hospital,4.31,Royal Free Hospital,8.67,Barnet Hospital,4.31,Queen Charlottes',10.95
NW71YQ,51.615474,-0.24115,North,Barnet Hospital,4.31,Royal Free Hospital,8.68,Barnet Hospital,4.31,Queen Charlottes',10.95
NW71ZB,51.615474,-0.24115,North,Barnet Hospital,4.31,Royal Free Hospital,8.68,Barnet Hospital,4.31,Queen Charlottes',10.95
NW71ZE,51.615474,-0.24115,North,Barnet Hospital,4.31,Royal Free Hospital,8.68,Barnet Hospital,4.31,Queen Charlottes',10.95
NW71ZQ,51.615474,-0.24115,North,Barnet Hospital,4.31,Royal Free Hospital,8.68,Barnet Hospital,4.31,Queen Charlottes',10.95
NW72AA,51.612955,-0.250767,North,Barnet Hospital,4.86,Royal Free Hospital,8.88,Barnet Hospital,4.86,Queen Charlottes',10.72
NW72AB,51.610701,-0.249741,North,Barnet Hospital,5.05,Royal Free Hospital,8.65,Barnet Hospital,5.05,Queen Charlottes',10.46
NW72AD,51.610226,-0.249875,North,Barnet Hospital,5.1,Royal Free Hospital,8.62,Barnet Hospital,5.1,Queen Charlottes',10.41
NW72AE,51.609014,-0.251163,North,Barnet Hospital,5.26,Royal Free Hospital,8.58,Barnet Hospital,5.26,Queen Charlottes',10.28
NW72AF,51.6112,-0.24822,North,Barnet Hospital,4.95,Royal Free Hospital,8.62,Barnet Hospital,4.95,Queen Charlottes',10.51
NW72AG,51.609784,-0.249126,North,Barnet Hospital,5.12,Royal Free Hospital,8.55,Barnet Hospital,5.12,Queen Charlottes',10.36
NW72AH,51.609498,-0.248689,North,Barnet Hospital,5.13,Royal Free Hospital,8.5,Barnet Hospital,5.13,Queen Charlottes',10.32
NW72AJ,51.609699,-0.244681,North,Barnet Hospital,4.99,Royal Free Hospital,8.34,Barnet Hospital,4.99,Queen Charlottes',10.32
NW72AL,51.608402,-0.246305,North,Barnet Hospital,5.17,Royal Free Hospital,8.3,Barnet Hospital,5.17,Queen Charlottes',10.19
NW72AN,51.609844,-0.244748,North,Barnet Hospital,4.98,Royal Free Hospital,8.35,Barnet Hospital,4.98,Queen Charlottes',10.34
NW72AP,51.611182,-0.24822,North,Barnet Hospital,4.95,Royal Free Hospital,8.62,Barnet Hospital,4.95,Queen Charlottes',10.5
NW72AQ,51.608668,-0.242453,North,Barnet Hospital,5.04,Royal Free Hospital,8.15,Barnet Hospital,5.04,Queen Charlottes',10.2
NW72AR,51.611182,-0.24822,North,Barnet Hospital,4.95,Royal Free Hospital,8.62,Barnet Hospital,4.95,Queen Charlottes',10.5
NW72AS,51.611182,-0.24822,North,Barnet Hospital,4.95,Royal Free Hospital,8.62,Barnet Hospital,4.95,Queen Charlottes',10.5
NW72AT,51.611182,-0.24822,North,Barnet Hospital,4.95,Royal Free Hospital,8.62,Barnet Hospital,4.95,Queen Charlottes',10.5
NW72AU,51.606865,-0.233756,North,Barnet Hospital,5.04,Royal Free Hospital,7.61,Barnet Hospital,5.04,Queen Charlottes',9.99
NW72AW,51.607809,-0.23372,North,Barnet Hospital,4.94,Royal Free Hospital,7.69,Barnet Hospital,4.94,Queen Charlottes',10.1
NW72AX,51.607388,-0.233866,North,Barnet Hospital,4.99,Royal Free Hospital,7.66,Barnet Hospital,4.99,Queen Charlottes',10.05
NW72AY,51.606182,-0.234375,North,Barnet Hospital,5.12,Royal Free Hospital,7.58,Barnet Hospital,5.12,Queen Charlottes',9.92
NW72AZ,51.605721,-0.233642,North,Barnet Hospital,5.16,Royal Free Hospital,7.51,Barnet Hospital,5.16,Queen Charlottes',9.87
NW72BA,51.611182,-0.24822,North,Barnet Hospital,4.95,Royal Free Hospital,8.62,Barnet Hospital,4.95,Queen Charlottes',10.5
NW72BB,51.607541,-0.226726,North,Barnet Hospital,4.86,Royal Free Hospital,7.38,Barnet Hospital,4.86,Queen Charlottes',10.09
NW72BD,51.61115,-0.235843,North,Barnet Hospital,4.62,Royal Free Hospital,8.08,Barnet Hospital,4.62,Queen Charlottes',10.47
NW72BE,51.609611,-0.233982,North,Barnet Hospital,4.75,Royal Free Hospital,7.86,Barnet Hospital,4.75,Queen Charlottes',10.3
NW72BF,51.609184,-0.243271,North,Barnet Hospital,5.01,Royal Free Hospital,8.23,Barnet Hospital,5.01,Queen Charlottes',10.26
NW72BG,51.609106,-0.234478,North,Barnet Hospital,4.81,Royal Free Hospital,7.84,Barnet Hospital,4.81,Queen Charlottes',10.24
NW72BH,51.60955,-0.232887,North,Barnet Hospital,4.74,Royal Free Hospital,7.81,Barnet Hospital,4.74,Queen Charlottes',10.29
NW72BJ,51.610349,-0.229823,North,Barnet Hospital,4.6,Royal Free Hospital,7.76,Barnet Hospital,4.6,Queen Charlottes',10.39
NW72BL,51.609401,-0.228993,North,Barnet Hospital,4.69,Royal Free Hospital,7.64,Barnet Hospital,4.69,Queen Charlottes',10.29
NW72BN,51.609292,-0.229503,North,Barnet Hospital,4.71,Royal Free Hospital,7.65,Barnet Hospital,4.71,Queen Charlottes',10.27
NW72BP,51.608296,-0.22905,North,Barnet Hospital,4.81,Royal Free Hospital,7.54,Barnet Hospital,4.81,Queen Charlottes',10.16
NW72BQ,51.607732,-0.233391,North,Barnet Hospital,4.94,Royal Free Hospital,7.67,Barnet Hospital,4.94,Queen Charlottes',10.09
NW72BS,51.608573,-0.227133,North,Barnet Hospital,4.76,Royal Free Hospital,7.49,Barnet Hospital,4.76,Queen Charlottes',10.2
NW72BT,51.609004,-0.224734,North,Barnet Hospital,4.68,Royal Free Hospital,7.44,Barnet Hospital,4.68,Queen Charlottes',10.26
NW72BU,51.608683,-0.224313,North,Barnet Hospital,4.71,Royal Free Hospital,7.39,Barnet Hospital,4.71,Queen Charlottes',10.23
NW72BW,51.609853,-0.227964,North,Barnet Hospital,4.63,Royal Free Hospital,7.64,Barnet Hospital,4.63,Queen Charlottes',10.34
NW72BX,51.608915,-0.225993,North,Barnet Hospital,4.71,Royal Free Hospital,7.48,Barnet Hospital,4.71,Queen Charlottes',10.25
NW72BY,51.609098,-0.225568,North,Barnet Hospital,4.68,Royal Free Hospital,7.48,Barnet Hospital,4.68,Queen Charlottes',10.27
NW72BZ,51.6105,-0.247134,North,Barnet Hospital,4.98,Royal Free Hospital,8.51,Barnet Hospital,4.98,Queen Charlottes',10.42
NW72DA,51.609562,-0.225333,North,Barnet Hospital,4.63,Royal Free Hospital,7.51,Barnet Hospital,4.63,Queen Charlottes',10.32
NW72DB,51.610239,-0.226101,North,Barnet Hospital,4.56,Royal Free Hospital,7.6,Barnet Hospital,4.56,Queen Charlottes',10.39
NW72DD,51.610383,-0.225546,North,Barnet Hospital,4.54,Royal Free Hospital,7.6,Barnet Hospital,4.54,Queen Charlottes',10.41
NW72DE,51.610768,-0.227236,North,Barnet Hospital,4.52,Royal Free Hospital,7.7,Barnet Hospital,4.52,Queen Charlottes',10.45
NW72DF,51.610337,-0.227873,North,Barnet Hospital,4.57,Royal Free Hospital,7.68,Barnet Hospital,4.57,Queen Charlottes',10.4
NW72DG,51.610043,-0.226859,North,Barnet Hospital,4.59,Royal Free Hospital,7.61,Barnet Hospital,4.59,Queen Charlottes',10.37
NW72DH,51.609162,-0.227457,North,Barnet Hospital,4.7,Royal Free Hospital,7.56,Barnet Hospital,4.7,Queen Charlottes',10.27
NW72DJ,51.609136,-0.232903,North,Barnet Hospital,4.78,Royal Free Hospital,7.77,Barnet Hospital,4.78,Queen Charlottes',10.25
NW72DL,51.606807,-0.237066,North,Barnet Hospital,5.11,Royal Free Hospital,7.75,Barnet Hospital,5.11,Queen Charlottes',9.99
NW72DN,51.606528,-0.237669,North,Barnet Hospital,5.15,Royal Free Hospital,7.75,Barnet Hospital,5.15,Queen Charlottes',9.96
NW72DP,51.615474,-0.24115,North,Barnet Hospital,4.31,Royal Free Hospital,8.68,Barnet Hospital,4.31,Queen Charlottes',10.95
NW72DQ,51.6103,-0.246983,North,Barnet Hospital,5.0,Royal Free Hospital,8.49,Barnet Hospital,5.0,Queen Charlottes',10.4
NW72DR,51.608888,-0.241506,North,Barnet Hospital,4.99,Royal Free Hospital,8.12,Barnet Hospital,4.99,Queen Charlottes',10.22
NW72DS,51.607857,-0.239322,North,Barnet Hospital,5.05,Royal Free Hospital,7.94,Barnet Hospital,5.05,Queen Charlottes',10.1
NW72DT,51.607175,-0.238842,North,Barnet Hospital,5.11,Royal Free Hospital,7.86,Barnet Hospital,5.11,Queen Charlottes',10.03
NW72DU,51.60769,-0.237768,North,Barnet Hospital,5.03,Royal Free Hospital,7.86,Barnet Hospital,5.03,Queen Charlottes',10.08
NW72DW,51.60702,-0.238083,North,Barnet Hospital,5.11,Royal Free Hospital,7.81,Barnet Hospital,5.11,Queen Charlottes',10.01
NW72DX,51.607405,-0.236162,North,Barnet Hospital,5.03,Royal Free Hospital,7.76,Barnet Hospital,5.03,Queen Charlottes',10.05
NW72DY,51.607573,-0.232429,North,Barnet Hospital,4.94,Royal Free Hospital,7.62,Barnet Hospital,4.94,Queen Charlottes',10.07
NW72DZ,51.610683,-0.247315,North,Barnet Hospital,4.97,Royal Free Hospital,8.54,Barnet Hospital,4.97,Queen Charlottes',10.44
NW72EA,51.605917,-0.235266,North,Barnet Hospital,5.17,Royal Free Hospital,7.59,Barnet Hospital,5.17,Queen Charlottes',9.89
NW72EB,51.6062,-0.235602,North,Barnet Hospital,5.14,Royal Free Hospital,7.63,Barnet Hospital,5.14,Queen Charlottes',9.92
NW72ED,51.606377,-0.232374,North,Barnet Hospital,5.07,Royal Free Hospital,7.51,Barnet Hospital,5.07,Queen Charlottes',9.94
NW72EE,51.60537,-0.233627,North,Barnet Hospital,5.2,Royal Free Hospital,7.48,Barnet Hospital,5.2,Queen Charlottes',9.83
NW72EF,51.615474,-0.24115,North,Barnet Hospital,4.31,Royal Free Hospital,8.68,Barnet Hospital,4.31,Queen Charlottes',10.95
NW72EG,51.605566,-0.235872,North,Barnet Hospital,5.22,Royal Free Hospital,7.59,Barnet Hospital,5.22,Queen Charlottes',9.85
NW72EH,51.605169,-0.235801,North,Barnet Hospital,5.26,Royal Free Hospital,7.55,Barnet Hospital,5.26,Queen Charlottes',9.8
NW72EJ,51.60902,-0.23233,North,Barnet Hospital,4.78,Royal Free Hospital,7.74,Barnet Hospital,4.78,Queen Charlottes',10.24
NW72EL,51.603551,-0.235199,North,Barnet Hospital,5.42,Royal Free Hospital,7.39,Barnet Hospital,5.42,Queen Charlottes',9.62
NW72EN,51.608167,-0.233042,North,Barnet Hospital,4.89,Royal Free Hospital,7.69,Barnet Hospital,4.89,Queen Charlottes',10.14
NW72EP,51.608485,-0.232033,North,Barnet Hospital,4.84,Royal Free Hospital,7.68,Barnet Hospital,4.84,Queen Charlottes',10.18
NW72EQ,51.604835,-0.232102,North,Barnet Hospital,5.23,Royal Free Hospital,7.36,Barnet Hospital,5.23,Queen Charlottes',9.77
NW72ER,51.608186,-0.236695,North,Barnet Hospital,4.95,Royal Free Hospital,7.85,Barnet Hospital,4.95,Queen Charlottes',10.14
NW72ES,51.607056,-0.238688,North,Barnet Hospital,5.12,Royal Free Hospital,7.84,Barnet Hospital,5.12,Queen Charlottes',10.02
NW72ET,51.605606,-0.240362,North,Barnet Hospital,5.31,Royal Free Hospital,7.8,Barnet Hospital,5.31,Queen Charlottes',9.86
NW72EU,51.603687,-0.233475,North,Barnet Hospital,5.38,Royal Free Hospital,7.32,Barnet Hospital,5.38,Queen Charlottes',9.64
NW72EW,51.609041,-0.233773,North,Barnet Hospital,4.81,Royal Free Hospital,7.8,Barnet Hospital,4.81,Queen Charlottes',10.24
NW72EX,51.607355,-0.239456,North,Barnet Hospital,5.1,Royal Free Hospital,7.9,Barnet Hospital,5.1,Queen Charlottes',10.05
NW72EY,51.607124,-0.234844,North,Barnet Hospital,5.03,Royal Free Hospital,7.68,Barnet Hospital,5.03,Queen Charlottes',10.02
NW72EZ,51.607096,-0.235379,North,Barnet Hospital,5.04,Royal Free Hospital,7.7,Barnet Hospital,5.04,Queen Charlottes',10.02
NW72FA,51.608887,-0.243254,North,Barnet Hospital,5.04,Royal Free Hospital,8.2,Barnet Hospital,5.04,Queen Charlottes',10.23
NW72FB,51.615474,-0.24115,North,Barnet Hospital,4.31,Royal Free Hospital,8.68,Barnet Hospital,4.31,Queen Charlottes',10.95
NW72FD,51.615474,-0.24115,North,Barnet Hospital,4.31,Royal Free Hospital,8.68,Barnet Hospital,4.31,Queen Charlottes',10.95
NW72FE,51.615474,-0.24115,North,Barnet Hospital,4.31,Royal Free Hospital,8.68,Barnet Hospital,4.31,Queen Charlottes',10.95
NW72FF,51.615474,-0.24115,North,Barnet Hospital,4.31,Royal Free Hospital,8.68,Barnet Hospital,4.31,Queen Charlottes',10.95
NW72FG,51.60961,-0.241724,North,Barnet Hospital,4.92,Royal Free Hospital,8.19,Barnet Hospital,4.92,Queen Charlottes',10.3
NW72FH,51.609406,-0.22336,North,Barnet Hospital,4.63,Royal Free Hospital,7.42,Barnet Hospital,4.63,Queen Charlottes',10.31
NW72FJ,51.609564,-0.222488,North,Barnet Hospital,4.6,Royal Free Hospital,7.41,Barnet Hospital,4.6,Queen Charlottes',10.34
NW72FW,51.615437,-0.241094,North,Barnet Hospital,4.31,Royal Free Hospital,8.67,Barnet Hospital,4.31,Queen Charlottes',10.95
NW72GA,51.61179,-0.24863,North,Barnet Hospital,4.9,Royal Free Hospital,8.69,Barnet Hospital,4.9,Queen Charlottes',10.57
NW72GB,51.612009,-0.248839,North,Barnet Hospital,4.89,Royal Free Hospital,8.72,Barnet Hospital,4.89,Queen Charlottes',10.6
NW72GD,51.612219,-0.249033,North,Barnet Hospital,4.87,Royal Free Hospital,8.74,Barnet Hospital,4.87,Queen Charlottes',10.62
NW72HA,51.613514,-0.216195,North,Barnet Hospital,4.14,Royal Free Hospital,7.57,Barnet Hospital,4.14,Queen Charlottes',10.82
NW72HB,51.613095,-0.215836,North,Barnet Hospital,4.18,Royal Free Hospital,7.52,Barnet Hospital,4.18,Queen Charlottes',10.78
NW72HD,51.613274,-0.215135,North,Barnet Hospital,4.16,Royal Free Hospital,7.51,Barnet Hospital,4.16,Queen Charlottes',10.8
NW72HE,51.612118,-0.217217,North,Barnet Hospital,4.29,Royal Free Hospital,7.47,Barnet Hospital,4.29,Queen Charlottes',10.66
NW72HF,51.613251,-0.214833,North,Barnet Hospital,4.16,Royal Free Hospital,7.5,Barnet Hospital,4.16,Queen Charlottes',10.81
NW72HG,51.610411,-0.217327,North,Barnet Hospital,4.48,Royal Free Hospital,7.3,Barnet Hospital,4.48,Queen Charlottes',10.47
NW72HH,51.610721,-0.21642,North,Barnet Hospital,4.45,Royal Free Hospital,7.3,Barnet Hospital,4.45,Queen Charlottes',10.51
NW72HJ,51.608906,-0.219466,North,Barnet Hospital,4.66,Royal Free Hospital,7.23,Barnet Hospital,4.66,Queen Charlottes',10.29
NW72HL,51.608987,-0.221254,North,Barnet Hospital,4.66,Royal Free Hospital,7.31,Barnet Hospital,4.66,Queen Charlottes',10.28
NW72HN,51.61027,-0.218662,North,Barnet Hospital,4.5,Royal Free Hospital,7.34,Barnet Hospital,4.5,Queen Charlottes',10.44
NW72HP,51.610556,-0.219141,North,Barnet Hospital,4.47,Royal Free Hospital,7.38,Barnet Hospital,4.47,Queen Charlottes',10.47
NW72HS,51.609359,-0.233963,North,Barnet Hospital,4.78,Royal Free Hospital,7.84,Barnet Hospital,4.78,Queen Charlottes',10.27
NW72HT,51.609897,-0.230851,North,Barnet Hospital,4.66,Royal Free Hospital,7.76,Barnet Hospital,4.66,Queen Charlottes',10.34
NW72HU,51.610143,-0.244259,North,Barnet Hospital,4.94,Royal Free Hospital,8.35,Barnet Hospital,4.94,Queen Charlottes',10.37
NW72HW,51.610599,-0.217825,North,Barnet Hospital,4.46,Royal Free Hospital,7.34,Barnet Hospital,4.46,Queen Charlottes',10.49
NW72HX,51.614988,-0.243567,North,Barnet Hospital,4.43,Royal Free Hospital,8.74,Barnet Hospital,4.43,Queen Charlottes',10.91
NW72HY,51.614573,-0.242861,North,Barnet Hospital,4.45,Royal Free Hospital,8.67,Barnet Hospital,4.45,Queen Charlottes',10.86
NW72HZ,51.612914,-0.243806,North,Barnet Hospital,4.64,Royal Free Hospital,8.57,Barnet Hospital,4.64,Queen Charlottes',10.68
NW72JA,51.61474,-0.2444,North,Barnet Hospital,4.48,Royal Free Hospital,8.75,Barnet Hospital,4.48,Queen Charlottes',10.88
NW72JB,51.614547,-0.245346,North,Barnet Hospital,4.53,Royal Free Hospital,8.78,Barnet Hospital,4.53,Queen Charlottes',10.86
NW72JD,51.613978,-0.245773,North,Barnet Hospital,4.6,Royal Free Hospital,8.75,Barnet Hospital,4.6,Queen Charlottes',10.8
NW72JE,51.613824,-0.245071,North,Barnet Hospital,4.59,Royal Free Hospital,8.7,Barnet Hospital,4.59,Queen Charlottes',10.78
NW72JF,51.613553,-0.243232,North,Barnet Hospital,4.56,Royal Free Hospital,8.6,Barnet Hospital,4.56,Queen Charlottes',10.75
NW72JG,51.613751,-0.244438,North,Barnet Hospital,4.58,Royal Free Hospital,8.67,Barnet Hospital,4.58,Queen Charlottes',10.77
NW72JH,51.613241,-0.246437,North,Barnet Hospital,4.69,Royal Free Hospital,8.71,Barnet Hospital,4.69,Queen Charlottes',10.72
NW72JJ,51.612904,-0.246146,North,Barnet Hospital,4.71,Royal Free Hospital,8.67,Barnet Hospital,4.71,Queen Charlottes',10.69
NW72JL,51.611966,-0.244738,North,Barnet Hospital,4.77,Royal Free Hospital,8.53,Barnet Hospital,4.77,Queen Charlottes',10.58
NW72JN,51.61229,-0.244148,North,Barnet Hospital,4.72,Royal Free Hospital,8.53,Barnet Hospital,4.72,Queen Charlottes',10.61
NW72JP,51.611623,-0.246456,North,Barnet Hospital,4.85,Royal Free Hospital,8.58,Barnet Hospital,4.85,Queen Charlottes',10.54
NW72JQ,51.614607,-0.245113,North,Barnet Hospital,4.51,Royal Free Hospital,8.77,Barnet Hospital,4.51,Queen Charlottes',10.87
NW72JR,51.611934,-0.246184,North,Barnet Hospital,4.81,Royal Free Hospital,8.59,Barnet Hospital,4.81,Queen Charlottes',10.58
NW72JS,51.612572,-0.247401,North,Barnet Hospital,4.79,Royal Free Hospital,8.7,Barnet Hospital,4.79,Queen Charlottes',10.65
NW72JT,51.612692,-0.247599,North,Barnet Hospital,4.78,Royal Free Hospital,8.72,Barnet Hospital,4.78,Queen Charlottes',10.67
NW72JU,51.613605,-0.248532,North,Barnet Hospital,4.72,Royal Free Hospital,8.84,Barnet Hospital,4.72,Queen Charlottes',10.78
NW72JW,51.612103,-0.243635,North,Barnet Hospital,4.72,Royal Free Hospital,8.49,Barnet Hospital,4.72,Queen Charlottes',10.59
NW72JX,51.613854,-0.247684,North,Barnet Hospital,4.67,Royal Free Hospital,8.82,Barnet Hospital,4.67,Queen Charlottes',10.8
NW72JY,51.61361,-0.247044,North,Barnet Hospital,4.67,Royal Free Hospital,8.77,Barnet Hospital,4.67,Queen Charlottes',10.77
NW72JZ,51.612477,-0.245816,North,Barnet Hospital,4.75,Royal Free Hospital,8.62,Barnet Hospital,4.75,Queen Charlottes',10.64
NW72LA,51.607101,-0.24468,North,Barnet Hospital,5.26,Royal Free Hospital,8.12,Barnet Hospital,5.26,Queen Charlottes',10.04
NW72LB,51.606188,-0.245596,North,Barnet Hospital,5.38,Royal Free Hospital,8.09,Barnet Hospital,5.38,Queen Charlottes',9.94
NW72LD,51.606768,-0.245863,North,Barnet Hospital,5.32,Royal Free Hospital,8.15,Barnet Hospital,5.32,Queen Charlottes',10.0
NW72LE,51.607109,-0.246442,North,Barnet Hospital,5.31,Royal Free Hospital,8.2,Barnet Hospital,5.31,Queen Charlottes',10.04
NW72LF,51.607132,-0.245545,North,Barnet Hospital,5.28,Royal Free Hospital,8.16,Barnet Hospital,5.28,Queen Charlottes',10.04
NW72LG,51.606407,-0.248231,North,Barnet Hospital,5.43,Royal Free Hospital,8.23,Barnet Hospital,5.43,Queen Charlottes',9.98
NW72LH,51.610721,-0.23846,North,Barnet Hospital,4.73,Royal Free Hospital,8.15,Barnet Hospital,4.73,Queen Charlottes',10.42
NW72LJ,51.610516,-0.237948,North,Barnet Hospital,4.74,Royal Free Hospital,8.11,Barnet Hospital,4.74,Queen Charlottes',10.4
NW72LL,51.609319,-0.24029,North,Barnet Hospital,4.92,Royal Free Hospital,8.11,Barnet Hospital,4.92,Queen Charlottes',10.27
NW72LN,51.609181,-0.238909,North,Barnet Hospital,4.9,Royal Free Hospital,8.03,Barnet Hospital,4.9,Queen Charlottes',10.25
NW72LP,51.609093,-0.239635,North,Barnet Hospital,4.92,Royal Free Hospital,8.06,Barnet Hospital,4.92,Queen Charlottes',10.24
NW72LQ,51.615437,-0.241094,North,Barnet Hospital,4.31,Royal Free Hospital,8.67,Barnet Hospital,4.31,Queen Charlottes',10.95
NW72LR,51.608206,-0.238051,North,Barnet Hospital,4.98,Royal Free Hospital,7.91,Barnet Hospital,4.98,Queen Charlottes',10.14
NW72LS,51.608579,-0.23769,North,Barnet Hospital,4.93,Royal Free Hospital,7.93,Barnet Hospital,4.93,Queen Charlottes',10.18
NW72LT,51.609419,-0.237947,North,Barnet Hospital,4.85,Royal Free Hospital,8.01,Barnet Hospital,4.85,Queen Charlottes',10.28
NW72LU,51.609447,-0.23744,North,Barnet Hospital,4.84,Royal Free Hospital,7.99,Barnet Hospital,4.84,Queen Charlottes',10.28
NW72LW,51.614392,-0.245786,North,Barnet Hospital,4.56,Royal Free Hospital,8.78,Barnet Hospital,4.56,Queen Charlottes',10.85
NW72LX,51.61051,-0.236937,North,Barnet Hospital,4.71,Royal Free Hospital,8.06,Barnet Hospital,4.71,Queen Charlottes',10.4
NW72LY,51.610421,-0.235828,North,Barnet Hospital,4.7,Royal Free Hospital,8.01,Barnet Hospital,4.7,Queen Charlottes',10.39
NW72LZ,51.60711,-0.244694,North,Barnet Hospital,5.26,Royal Free Hospital,8.12,Barnet Hospital,5.26,Queen Charlottes',10.04
NW72NA,51.610121,-0.236201,North,Barnet Hospital,4.74,Royal Free Hospital,8.0,Barnet Hospital,4.74,Queen Charlottes',10.35
NW72NB,51.609049,-0.236098,North,Barnet Hospital,4.85,Royal Free Hospital,7.9,Barnet Hospital,4.85,Queen Charlottes',10.24
NW72ND,51.609397,-0.236475,North,Barnet Hospital,4.82,Royal Free Hospital,7.95,Barnet Hospital,4.82,Queen Charlottes',10.27
NW72NE,51.607843,-0.236029,North,Barnet Hospital,4.98,Royal Free Hospital,7.79,Barnet Hospital,4.98,Queen Charlottes',10.1
NW72NF,51.608164,-0.235251,North,Barnet Hospital,4.93,Royal Free Hospital,7.79,Barnet Hospital,4.93,Queen Charlottes',10.14
NW72NG,51.608593,-0.235033,North,Barnet Hospital,4.88,Royal Free Hospital,7.82,Barnet Hospital,4.88,Queen Charlottes',10.19
NW72NH,51.60817,-0.234399,North,Barnet Hospital,4.91,Royal Free Hospital,7.75,Barnet Hospital,4.91,Queen Charlottes',10.14
NW72NJ,51.608388,-0.233972,North,Barnet Hospital,4.88,Royal Free Hospital,7.75,Barnet Hospital,4.88,Queen Charlottes',10.16
NW72NL,51.611607,-0.225008,North,Barnet Hospital,4.4,Royal Free Hospital,7.69,Barnet Hospital,4.4,Queen Charlottes',10.55
NW72NN,51.609041,-0.233773,North,Barnet Hospital,4.81,Royal Free Hospital,7.8,Barnet Hospital,4.81,Queen Charlottes',10.24
NW72NS,51.612691,-0.217599,North,Barnet Hospital,4.23,Royal Free Hospital,7.53,Barnet Hospital,4.23,Queen Charlottes',10.72
NW72NT,51.610392,-0.220173,North,Barnet Hospital,4.5,Royal Free Hospital,7.4,Barnet Hospital,4.5,Queen Charlottes',10.44
NW72NU,51.609494,-0.222043,North,Barnet Hospital,4.61,Royal Free Hospital,7.38,Barnet Hospital,4.61,Queen Charlottes',10.33
NW72NX,51.611444,-0.22019,North,Barnet Hospital,4.38,Royal Free Hospital,7.5,Barnet Hospital,4.38,Queen Charlottes',10.56
NW72NY,51.612489,-0.219745,North,Barnet Hospital,4.26,Royal Free Hospital,7.59,Barnet Hospital,4.26,Queen Charlottes',10.68
NW72PA,51.612181,-0.22019,North,Barnet Hospital,4.3,Royal Free Hospital,7.57,Barnet Hospital,4.3,Queen Charlottes',10.64
NW72PB,51.613594,-0.22025,North,Barnet Hospital,4.14,Royal Free Hospital,7.71,Barnet Hospital,4.14,Queen Charlottes',10.8
NW72PD,51.613489,-0.22102,North,Barnet Hospital,4.16,Royal Free Hospital,7.73,Barnet Hospital,4.16,Queen Charlottes',10.78
NW72PE,51.611363,-0.220771,North,Barnet Hospital,4.39,Royal Free Hospital,7.51,Barnet Hospital,4.39,Queen Charlottes',10.55
NW72PG,51.611147,-0.221386,North,Barnet Hospital,4.42,Royal Free Hospital,7.52,Barnet Hospital,4.42,Queen Charlottes',10.52
NW72PH,51.609585,-0.222747,North,Barnet Hospital,4.6,Royal Free Hospital,7.42,Barnet Hospital,4.6,Queen Charlottes',10.34
NW72PJ,51.610301,-0.224856,North,Barnet Hospital,4.54,Royal Free Hospital,7.56,Barnet Hospital,4.54,Queen Charlottes',10.4
NW72PL,51.610738,-0.224045,North,Barnet Hospital,4.49,Royal Free Hospital,7.57,Barnet Hospital,4.49,Queen Charlottes',10.46
NW72PQ,51.609766,-0.222191,North,Barnet Hospital,4.58,Royal Free Hospital,7.41,Barnet Hospital,4.58,Queen Charlottes',10.36
NW72PS,51.609359,-0.233963,North,Barnet Hospital,4.78,Royal Free Hospital,7.84,Barnet Hospital,4.78,Queen Charlottes',10.27
NW72PT,51.615384,-0.241804,North,Barnet Hospital,4.34,Royal Free Hospital,8.7,Barnet Hospital,4.34,Queen Charlottes',10.95
NW72PU,51.609968,-0.241565,North,Barnet Hospital,4.88,Royal Free Hospital,8.22,Barnet Hospital,4.88,Queen Charlottes',10.34
NW72PW,51.613513,-0.232155,North,Barnet Hospital,4.3,Royal Free Hospital,8.14,Barnet Hospital,4.3,Queen Charlottes',10.74
NW72PX,51.604982,-0.238898,North,Barnet Hospital,5.34,Royal Free Hospital,7.68,Barnet Hospital,5.34,Queen Charlottes',9.78
NW72PY,51.604555,-0.236806,North,Barnet Hospital,5.34,Royal Free Hospital,7.55,Barnet Hospital,5.34,Queen Charlottes',9.74
NW72QA,51.604211,-0.23669,North,Barnet Hospital,5.38,Royal Free Hospital,7.51,Barnet Hospital,5.38,Queen Charlottes',9.7
NW72QB,51.60407,-0.238024,North,Barnet Hospital,5.42,Royal Free Hospital,7.56,Barnet Hospital,5.42,Queen Charlottes',9.68
NW72QD,51.603505,-0.23637,North,Barnet Hospital,5.45,Royal Free Hospital,7.44,Barnet Hospital,5.45,Queen Charlottes',9.62
NW72QE,51.603714,-0.238312,North,Barnet Hospital,5.46,Royal Free Hospital,7.55,Barnet Hospital,5.46,Queen Charlottes',9.64
NW72QG,51.603054,-0.238034,North,Barnet Hospital,5.53,Royal Free Hospital,7.48,Barnet Hospital,5.53,Queen Charlottes',9.57
NW72QH,51.60308,-0.236806,North,Barnet Hospital,5.5,Royal Free Hospital,7.42,Barnet Hospital,5.5,Queen Charlottes',9.57
NW72QJ,51.602516,-0.235759,North,Barnet Hospital,5.54,Royal Free Hospital,7.33,Barnet Hospital,5.54,Queen Charlottes',9.51
NW72QL,51.602305,-0.237254,North,Barnet Hospital,5.59,Royal Free Hospital,7.38,Barnet Hospital,5.59,Queen Charlottes',9.49
NW72QN,51.602156,-0.236957,North,Barnet Hospital,5.6,Royal Free Hospital,7.35,Barnet Hospital,5.6,Queen Charlottes',9.47
NW72QP,51.601871,-0.23652,North,Barnet Hospital,5.63,Royal Free Hospital,7.31,Barnet Hospital,5.63,Queen Charlottes',9.44
NW72QQ,51.604211,-0.23669,North,Barnet Hospital,5.38,Royal Free Hospital,7.51,Barnet Hospital,5.38,Queen Charlottes',9.7
NW72QR,51.604053,-0.23931,North,Barnet Hospital,5.45,Royal Free Hospital,7.62,Barnet Hospital,5.45,Queen Charlottes',9.68
NW72QS,51.613326,-0.242447,North,Barnet Hospital,4.56,Royal Free Hospital,8.55,Barnet Hospital,4.56,Queen Charlottes',10.72
NW72QU,51.613643,-0.240817,North,Barnet Hospital,4.48,Royal Free Hospital,8.5,Barnet Hospital,4.48,Queen Charlottes',10.75
NW72QW,51.602772,-0.23546,North,Barnet Hospital,5.51,Royal Free Hospital,7.34,Barnet Hospital,5.51,Queen Charlottes',9.54
NW72RA,51.615448,-0.235865,North,Barnet Hospital,4.17,Royal Free Hospital,8.46,Barnet Hospital,4.17,Queen Charlottes',10.95
NW72RB,51.61385,-0.234843,North,Barnet Hospital,4.32,Royal Free Hospital,8.28,Barnet Hospital,4.32,Queen Charlottes',10.77
NW72RD,51.611222,-0.2347,North,Barnet Hospital,4.59,Royal Free Hospital,8.03,Barnet Hospital,4.59,Queen Charlottes',10.48
NW72RE,51.611638,-0.227664,North,Barnet Hospital,4.43,Royal Free Hospital,7.79,Barnet Hospital,4.43,Queen Charlottes',10.54
NW72RF,51.612549,-0.22786,North,Barnet Hospital,4.33,Royal Free Hospital,7.89,Barnet Hospital,4.33,Queen Charlottes',10.64
NW72RG,51.610935,-0.231114,North,Barnet Hospital,4.56,Royal Free Hospital,7.86,Barnet Hospital,4.56,Queen Charlottes',10.45
NW72RH,51.610247,-0.231444,North,Barnet Hospital,4.64,Royal Free Hospital,7.81,Barnet Hospital,4.64,Queen Charlottes',10.37
NW72RJ,51.610524,-0.23009,North,Barnet Hospital,4.58,Royal Free Hospital,7.79,Barnet Hospital,4.58,Queen Charlottes',10.41
NW72RL,51.61131,-0.226767,North,Barnet Hospital,4.45,Royal Free Hospital,7.73,Barnet Hospital,4.45,Queen Charlottes',10.51
NW72RN,51.610958,-0.228456,North,Barnet Hospital,4.51,Royal Free Hospital,7.76,Barnet Hospital,4.51,Queen Charlottes',10.46
NW72RP,51.616077,-0.22687,North,Barnet Hospital,3.93,Royal Free Hospital,8.18,Barnet Hospital,3.93,Queen Charlottes',11.04
NW72RR,51.613151,-0.222477,North,Barnet Hospital,4.21,Royal Free Hospital,7.75,Barnet Hospital,4.21,Queen Charlottes',10.73
NW72RS,51.613933,-0.225394,North,Barnet Hospital,4.15,Royal Free Hospital,7.92,Barnet Hospital,4.15,Queen Charlottes',10.8
NW72RT,51.616894,-0.226795,North,Barnet Hospital,3.84,Royal Free Hospital,8.26,Barnet Hospital,3.84,Queen Charlottes',11.13
NW72RU,51.615565,-0.225142,North,Barnet Hospital,3.97,Royal Free Hospital,8.07,Barnet Hospital,3.97,Queen Charlottes',10.99
NW72RW,51.611244,-0.223635,North,Barnet Hospital,4.43,Royal Free Hospital,7.61,Barnet Hospital,4.43,Queen Charlottes',10.52
NW72RX,51.615432,-0.225205,North,Barnet Hospital,3.98,Royal Free Hospital,8.06,Barnet Hospital,3.98,Queen Charlottes',10.97
NW72RY,51.61646,-0.227202,North,Barnet Hospital,3.9,Royal Free Hospital,8.23,Barnet Hospital,3.9,Queen Charlottes',11.08
NW72RZ,51.616349,-0.226426,North,Barnet Hospital,3.9,Royal Free Hospital,8.19,Barnet Hospital,3.9,Queen Charlottes',11.07
NW72SA,51.606097,-0.238278,North,Barnet Hospital,5.21,Royal Free Hospital,7.74,Barnet Hospital,5.21,Queen Charlottes',9.91
NW72SB,51.606195,-0.237624,North,Barnet Hospital,5.19,Royal Free Hospital,7.72,Barnet Hospital,5.19,Queen Charlottes',9.92
NW72SD,51.605779,-0.23751,North,Barnet Hospital,5.23,Royal Free Hospital,7.68,Barnet Hospital,5.23,Queen Charlottes',9.87
NW72SE,51.605208,-0.237778,North,Barnet Hospital,5.29,Royal Free Hospital,7.65,Barnet Hospital,5.29,Queen Charlottes',9.81
NW72SF,51.605286,-0.238785,North,Barnet Hospital,5.31,Royal Free Hospital,7.7,Barnet Hospital,5.31,Queen Charlottes',9.82
NW72SG,51.606325,-0.239135,North,Barnet Hospital,5.2,Royal Free Hospital,7.8,Barnet Hospital,5.2,Queen Charlottes',9.93
NW72SH,51.605868,-0.23924,North,Barnet Hospital,5.25,Royal Free Hospital,7.77,Barnet Hospital,5.25,Queen Charlottes',9.88
NW72SJ,51.606612,-0.239052,North,Barnet Hospital,5.17,Royal Free Hospital,7.82,Barnet Hospital,5.17,Queen Charlottes',9.97
NW72SL,51.606808,-0.235939,North,Barnet Hospital,5.09,Royal Free Hospital,7.7,Barnet Hospital,5.09,Queen Charlottes',9.99
NW72SQ,51.606201,-0.23862,North,Barnet Hospital,5.21,Royal Free Hospital,7.77,Barnet Hospital,5.21,Queen Charlottes',9.92
NW72WA,51.615474,-0.24115,North,Barnet Hospital,4.31,Royal Free Hospital,8.68,Barnet Hospital,4.31,Queen Charlottes',10.95
NW72WB,51.615474,-0.24115,North,Barnet Hospital,4.31,Royal Free Hospital,8.68,Barnet Hospital,4.31,Queen Charlottes',10.95
NW72WD,51.615474,-0.24115,North,Barnet Hospital,4.31,Royal Free Hospital,8.68,Barnet Hospital,4.31,Queen Charlottes',10.95
NW72WE,51.615474,-0.24115,North,Barnet Hospital,4.31,Royal Free Hospital,8.68,Barnet Hospital,4.31,Queen Charlottes',10.95
NW72WF,51.615474,-0.24115,North,Barnet Hospital,4.31,Royal Free Hospital,8.68,Barnet Hospital,4.31,Queen Charlottes',10.95
NW72WG,51.615474,-0.24115,North,Barnet Hospital,4.31,Royal Free Hospital,8.68,Barnet Hospital,4.31,Queen Charlottes',10.95
NW72WH,51.615474,-0.24115,North,Barnet Hospital,4.31,Royal Free Hospital,8.68,Barnet Hospital,4.31,Queen Charlottes',10.95
NW72WJ,51.609359,-0.233963,North,Barnet Hospital,4.78,Royal Free Hospital,7.84,Barnet Hospital,4.78,Queen Charlottes',10.27
NW72WL,51.615474,-0.24115,North,Barnet Hospital,4.31,Royal Free Hospital,8.68,Barnet Hospital,4.31,Queen Charlottes',10.95
NW72WN,51.609359,-0.233963,North,Barnet Hospital,4.78,Royal Free Hospital,7.84,Barnet Hospital,4.78,Queen Charlottes',10.27
NW72WP,51.615474,-0.24115,North,Barnet Hospital,4.31,Royal Free Hospital,8.68,Barnet Hospital,4.31,Queen Charlottes',10.95
NW72WQ,51.615474,-0.24115,North,Barnet Hospital,4.31,Royal Free Hospital,8.68,Barnet Hospital,4.31,Queen Charlottes',10.95
NW72WR,51.615474,-0.24115,North,Barnet Hospital,4.31,Royal Free Hospital,8.68,Barnet Hospital,4.31,Queen Charlottes',10.95
NW72WS,51.615474,-0.24115,North,Barnet Hospital,4.31,Royal Free Hospital,8.68,Barnet Hospital,4.31,Queen Charlottes',10.95
NW72WT,51.615474,-0.24115,North,Barnet Hospital,4.31,Royal Free Hospital,8.68,Barnet Hospital,4.31,Queen Charlottes',10.95
NW72WU,51.615474,-0.24115,North,Barnet Hospital,4.31,Royal Free Hospital,8.68,Barnet Hospital,4.31,Queen Charlottes',10.95
NW72WW,51.615474,-0.24115,North,Barnet Hospital,4.31,Royal Free Hospital,8.68,Barnet Hospital,4.31,Queen Charlottes',10.95
NW72WX,51.615474,-0.24115,North,Barnet Hospital,4.31,Royal Free Hospital,8.68,Barnet Hospital,4.31,Queen Charlottes',10.95
NW72WY,51.615474,-0.24115,North,Barnet Hospital,4.31,Royal Free Hospital,8.68,Barnet Hospital,4.31,Queen Charlottes',10.95
NW72WZ,51.615474,-0.24115,North,Barnet Hospital,4.31,Royal Free Hospital,8.68,Barnet Hospital,4.31,Queen Charlottes',10.95
NW72XA,51.615474,-0.24115,North,Barnet Hospital,4.31,Royal Free Hospital,8.68,Barnet Hospital,4.31,Queen Charlottes',10.95
NW72XB,51.615474,-0.24115,North,Barnet Hospital,4.31,Royal Free Hospital,8.68,Barnet Hospital,4.31,Queen Charlottes',10.95
NW72XD,51.615455,-0.241079,North,Barnet Hospital,4.31,Royal Free Hospital,8.68,Barnet Hospital,4.31,Queen Charlottes',10.95
NW72XE,51.615474,-0.24115,North,Barnet Hospital,4.31,Royal Free Hospital,8.68,Barnet Hospital,4.31,Queen Charlottes',10.95
NW72XF,51.615474,-0.24115,North,Barnet Hospital,4.31,Royal Free Hospital,8.68,Barnet Hospital,4.31,Queen Charlottes',10.95
NW72XG,51.615474,-0.24115,North,Barnet Hospital,4.31,Royal Free Hospital,8.68,Barnet Hospital,4.31,Queen Charlottes',10.95
NW72XH,51.615474,-0.24115,North,Barnet Hospital,4.31,Royal Free Hospital,8.68,Barnet Hospital,4.31,Queen Charlottes',10.95
NW72XJ,51.615474,-0.24115,North,Barnet Hospital,4.31,Royal Free Hospital,8.68,Barnet Hospital,4.31,Queen Charlottes',10.95
NW72XL,51.615474,-0.24115,North,Barnet Hospital,4.31,Royal Free Hospital,8.68,Barnet Hospital,4.31,Queen Charlottes',10.95
NW72XN,51.615474,-0.24115,North,Barnet Hospital,4.31,Royal Free Hospital,8.68,Barnet Hospital,4.31,Queen Charlottes',10.95
NW72XP,51.615474,-0.24115,North,Barnet Hospital,4.31,Royal Free Hospital,8.68,Barnet Hospital,4.31,Queen Charlottes',10.95
NW72XQ,51.615474,-0.24115,North,Barnet Hospital,4.31,Royal Free Hospital,8.68,Barnet Hospital,4.31,Queen Charlottes',10.95
NW72XR,51.615474,-0.24115,North,Barnet Hospital,4.31,Royal Free Hospital,8.68,Barnet Hospital,4.31,Queen Charlottes',10.95
NW72XS,51.615437,-0.241094,North,Barnet Hospital,4.31,Royal Free Hospital,8.67,Barnet Hospital,4.31,Queen Charlottes',10.95
NW72XT,51.615474,-0.24115,North,Barnet Hospital,4.31,Royal Free Hospital,8.68,Barnet Hospital,4.31,Queen Charlottes',10.95
NW72XU,51.615474,-0.24115,North,Barnet Hospital,4.31,Royal Free Hospital,8.68,Barnet Hospital,4.31,Queen Charlottes',10.95
NW72XY,51.615474,-0.24115,North,Barnet Hospital,4.31,Royal Free Hospital,8.68,Barnet Hospital,4.31,Queen Charlottes',10.95
NW72XZ,51.615474,-0.24115,North,Barnet Hospital,4.31,Royal Free Hospital,8.68,Barnet Hospital,4.31,Queen Charlottes',10.95
NW72YE,51.615474,-0.24115,North,Barnet Hospital,4.31,Royal Free Hospital,8.68,Barnet Hospital,4.31,Queen Charlottes',10.95
NW72YF,51.615474,-0.24115,North,Barnet Hospital,4.31,Royal Free Hospital,8.68,Barnet Hospital,4.31,Queen Charlottes',10.95
NW72YL,51.615455,-0.241079,North,Barnet Hospital,4.31,Royal Free Hospital,8.68,Barnet Hospital,4.31,Queen Charlottes',10.95
NW72YQ,51.615474,-0.24115,North,Barnet Hospital,4.31,Royal Free Hospital,8.68,Barnet Hospital,4.31,Queen Charlottes',10.95
NW72YZ,51.615474,-0.24115,North,Barnet Hospital,4.31,Royal Free Hospital,8.68,Barnet Hospital,4.31,Queen Charlottes',10.95
NW72ZA,51.615474,-0.24115,North,Barnet Hospital,4.31,Royal Free Hospital,8.68,Barnet Hospital,4.31,Queen Charlottes',10.95
NW72ZB,51.615474,-0.24115,North,Barnet Hospital,4.31,Royal Free Hospital,8.68,Barnet Hospital,4.31,Queen Charlottes',10.95
NW72ZD,51.615474,-0.24115,North,Barnet Hospital,4.31,Royal Free Hospital,8.68,Barnet Hospital,4.31,Queen Charlottes',10.95
NW72ZE,51.609359,-0.233963,North,Barnet Hospital,4.78,Royal Free Hospital,7.84,Barnet Hospital,4.78,Queen Charlottes',10.27
NW72ZF,51.615474,-0.24115,North,Barnet Hospital,4.31,Royal Free Hospital,8.68,Barnet Hospital,4.31,Queen Charlottes',10.95
NW72ZG,51.615437,-0.241094,North,Barnet Hospital,4.31,Royal Free Hospital,8.67,Barnet Hospital,4.31,Queen Charlottes',10.95
NW72ZH,51.615437,-0.241094,North,Barnet Hospital,4.31,Royal Free Hospital,8.67,Barnet Hospital,4.31,Queen Charlottes',10.95
NW72ZJ,51.615455,-0.241079,North,Barnet Hospital,4.31,Royal Free Hospital,8.68,Barnet Hospital,4.31,Queen Charlottes',10.95
NW72ZL,51.615474,-0.24115,North,Barnet Hospital,4.31,Royal Free Hospital,8.68,Barnet Hospital,4.31,Queen Charlottes',10.95
NW72ZN,51.615474,-0.24115,North,Barnet Hospital,4.31,Royal Free Hospital,8.68,Barnet Hospital,4.31,Queen Charlottes',10.95
NW72ZP,51.615474,-0.24115,North,Barnet Hospital,4.31,Royal Free Hospital,8.68,Barnet Hospital,4.31,Queen Charlottes',10.95
NW72ZQ,51.609359,-0.233963,North,Barnet Hospital,4.78,Royal Free Hospital,7.84,Barnet Hospital,4.78,Queen Charlottes',10.27
NW72ZR,51.609359,-0.233963,North,Barnet Hospital,4.78,Royal Free Hospital,7.84,Barnet Hospital,4.78,Queen Charlottes',10.27
NW72ZS,51.609359,-0.233963,North,Barnet Hospital,4.78,Royal Free Hospital,7.84,Barnet Hospital,4.78,Queen Charlottes',10.27
NW72ZT,51.615474,-0.24115,North,Barnet Hospital,4.31,Royal Free Hospital,8.68,Barnet Hospital,4.31,Queen Charlottes',10.95
NW72ZU,51.615474,-0.24115,North,Barnet Hospital,4.31,Royal Free Hospital,8.68,Barnet Hospital,4.31,Queen Charlottes',10.95
NW72ZW,51.609359,-0.233963,North,Barnet Hospital,4.78,Royal Free Hospital,7.84,Barnet Hospital,4.78,Queen Charlottes',10.27
NW72ZX,51.615474,-0.24115,North,Barnet Hospital,4.31,Royal Free Hospital,8.68,Barnet Hospital,4.31,Queen Charlottes',10.95
NW73AA,51.624984,-0.251778,North,Barnet Hospital,3.81,Royal Free Hospital,9.97,Barnet Hospital,3.81,Queen Charlottes',12.05
NW73AB,51.625451,-0.25293,North,Barnet Hospital,3.83,Royal Free Hospital,10.06,Barnet Hospital,3.83,Queen Charlottes',12.11
NW73AD,51.62585,-0.25199,North,Barnet Hospital,3.75,Royal Free Hospital,10.05,Barnet Hospital,3.75,Queen Charlottes',12.15
NW73AE,51.625783,-0.251126,North,Barnet Hospital,3.72,Royal Free Hospital,10.01,Barnet Hospital,3.72,Queen Charlottes',12.14
NW73AF,51.626092,-0.252544,North,Barnet Hospital,3.76,Royal Free Hospital,10.1,Barnet Hospital,3.76,Queen Charlottes',12.18
NW73AG,51.627318,-0.251515,North,Barnet Hospital,3.61,Royal Free Hospital,10.16,Barnet Hospital,3.61,Queen Charlottes',12.31
NW73AH,51.627616,-0.251619,North,Barnet Hospital,3.59,Royal Free Hospital,10.2,Barnet Hospital,3.59,Queen Charlottes',12.35
NW73AJ,51.628137,-0.252177,North,Barnet Hospital,3.58,Royal Free Hospital,10.26,Barnet Hospital,3.58,Queen Charlottes',12.41
NW73AL,51.628474,-0.253045,North,Barnet Hospital,3.6,Royal Free Hospital,10.33,Barnet Hospital,3.6,Queen Charlottes',12.45
NW73AN,51.625696,-0.253715,North,Barnet Hospital,3.85,Royal Free Hospital,10.11,Barnet Hospital,3.85,Queen Charlottes',12.15
NW73AP,51.626242,-0.254735,North,Barnet Hospital,3.85,Royal Free Hospital,10.2,Barnet Hospital,3.85,Queen Charlottes',12.21
NW73AQ,51.628173,-0.250369,North,Barnet Hospital,3.49,Royal Free Hospital,10.2,Barnet Hospital,3.49,Queen Charlottes',12.4
NW73AR,51.626163,-0.255489,North,Barnet Hospital,3.9,Royal Free Hospital,10.23,Barnet Hospital,3.9,Queen Charlottes',12.21
NW73AS,51.626287,-0.255947,North,Barnet Hospital,3.91,Royal Free Hospital,10.26,Barnet Hospital,3.91,Queen Charlottes',12.23
NW73AT,51.625535,-0.254993,North,Barnet Hospital,3.92,Royal Free Hospital,10.15,Barnet Hospital,3.92,Queen Charlottes',12.14
NW73AU,51.625428,-0.255647,North,Barnet Hospital,3.96,Royal Free Hospital,10.17,Barnet Hospital,3.96,Queen Charlottes',12.13
NW73AW,51.639632,-0.257198,North,Barnet Hospital,3.15,Royal Free Hospital,11.51,Barnet Hospital,3.15,Queen Charlottes',13.71
NW73AX,51.624762,-0.256251,North,Barnet Hospital,4.04,Royal Free Hospital,10.13,Barnet Hospital,4.04,Queen Charlottes',12.06
NW73AY,51.624332,-0.255747,North,Barnet Hospital,4.05,Royal Free Hospital,10.08,Barnet Hospital,4.05,Queen Charlottes',12.01
NW73AZ,51.615683,-0.258852,North,Barnet Hospital,4.92,Royal Free Hospital,9.48,Barnet Hospital,4.92,Queen Charlottes',11.08
NW73BA,51.624087,-0.254976,North,Barnet Hospital,4.04,Royal Free Hospital,10.02,Barnet Hospital,4.04,Queen Charlottes',11.98
NW73BB,51.623363,-0.256492,North,Barnet Hospital,4.17,Royal Free Hospital,10.02,Barnet Hospital,4.17,Queen Charlottes',11.91
NW73BD,51.623416,-0.255826,North,Barnet Hospital,4.13,Royal Free Hospital,10.0,Barnet Hospital,4.13,Queen Charlottes',11.91
NW73BE,51.623297,-0.255065,North,Barnet Hospital,4.11,Royal Free Hospital,9.96,Barnet Hospital,4.11,Queen Charlottes',11.89
NW73BF,51.615149,-0.245309,North,Barnet Hospital,4.47,Royal Free Hospital,8.83,Barnet Hospital,4.47,Queen Charlottes',10.93
NW73BG,51.627239,-0.252876,North,Barnet Hospital,3.68,Royal Free Hospital,10.21,Barnet Hospital,3.68,Queen Charlottes',12.31
NW73BH,51.62373,-0.253921,North,Barnet Hospital,4.02,Royal Free Hospital,9.95,Barnet Hospital,4.02,Queen Charlottes',11.93
NW73BJ,51.624854,-0.252708,North,Barnet Hospital,3.87,Royal Free Hospital,9.99,Barnet Hospital,3.87,Queen Charlottes',12.05
NW73BL,51.624534,-0.252951,North,Barnet Hospital,3.91,Royal Free Hospital,9.97,Barnet Hospital,3.91,Queen Charlottes',12.01
NW73BN,51.615988,-0.258797,North,Barnet Hospital,4.89,Royal Free Hospital,9.51,Barnet Hospital,4.89,Queen Charlottes',11.12
NW73BP,51.637905,-0.269909,North,Barnet Hospital,4.03,Royal Free Hospital,11.87,Barnet Hospital,4.03,Queen Charlottes',13.64
NW73BR,51.615474,-0.24115,North,Barnet Hospital,4.31,Royal Free Hospital,8.68,Barnet Hospital,4.31,Queen Charlottes',10.95
NW73BU,51.615164,-0.246334,North,Barnet Hospital,4.5,Royal Free Hospital,8.87,Barnet Hospital,4.5,Queen Charlottes',10.94
NW73BW,51.615505,-0.245078,North,Barnet Hospital,4.42,Royal Free Hospital,8.85,Barnet Hospital,4.42,Queen Charlottes',10.97
NW73BX,51.615292,-0.246444,North,Barnet Hospital,4.49,Royal Free Hospital,8.89,Barnet Hospital,4.49,Queen Charlottes',10.95
NW73BY,51.615018,-0.246758,North,Barnet Hospital,4.53,Royal Free Hospital,8.88,Barnet Hospital,4.53,Queen Charlottes',10.92
NW73DA,51.614727,-0.247781,North,Barnet Hospital,4.59,Royal Free Hospital,8.9,Barnet Hospital,4.59,Queen Charlottes',10.9
NW73DB,51.615025,-0.246657,North,Barnet Hospital,4.52,Royal Free Hospital,8.88,Barnet Hospital,4.52,Queen Charlottes',10.92
NW73DD,51.615013,-0.24764,North,Barnet Hospital,4.56,Royal Free Hospital,8.92,Barnet Hospital,4.56,Queen Charlottes',10.93
NW73DE,51.614823,-0.247604,North,Barnet Hospital,4.57,Royal Free Hospital,8.9,Barnet Hospital,4.57,Queen Charlottes',10.91
NW73DF,51.615527,-0.246522,North,Barnet Hospital,4.47,Royal Free Hospital,8.91,Barnet Hospital,4.47,Queen Charlottes',10.98
NW73DG,51.614648,-0.247928,North,Barnet Hospital,4.6,Royal Free Hospital,8.9,Barnet Hospital,4.6,Queen Charlottes',10.89
NW73DH,51.614459,-0.248499,North,Barnet Hospital,4.64,Royal Free Hospital,8.91,Barnet Hospital,4.64,Queen Charlottes',10.87
NW73DJ,51.614848,-0.247458,North,Barnet Hospital,4.57,Royal Free Hospital,8.9,Barnet Hospital,4.57,Queen Charlottes',10.91
NW73DL,51.612168,-0.26254,North,Barnet Hospital,5.39,Royal Free Hospital,9.38,Barnet Hospital,5.39,Queen Charlottes',10.74
NW73DR,51.614578,-0.255283,North,Barnet Hospital,4.88,Royal Free Hospital,9.23,Barnet Hospital,4.88,Queen Charlottes',10.93
NW73DS,51.614553,-0.256035,North,Barnet Hospital,4.91,Royal Free Hospital,9.26,Barnet Hospital,4.91,Queen Charlottes',10.93
NW73DT,51.614271,-0.256393,North,Barnet Hospital,4.95,Royal Free Hospital,9.25,Barnet Hospital,4.95,Queen Charlottes',10.9
NW73DU,51.613548,-0.256189,North,Barnet Hospital,5.01,Royal Free Hospital,9.19,Barnet Hospital,5.01,Queen Charlottes',10.82
NW73DW,51.615437,-0.241094,North,Barnet Hospital,4.31,Royal Free Hospital,8.67,Barnet Hospital,4.31,Queen Charlottes',10.95
NW73DX,51.613851,-0.256568,North,Barnet Hospital,4.99,Royal Free Hospital,9.23,Barnet Hospital,4.99,Queen Charlottes',10.86
NW73DY,51.613544,-0.257085,North,Barnet Hospital,5.04,Royal Free Hospital,9.23,Barnet Hospital,5.04,Queen Charlottes',10.83
NW73DZ,51.613561,-0.257648,North,Barnet Hospital,5.06,Royal Free Hospital,9.26,Barnet Hospital,5.06,Queen Charlottes',10.84
NW73EA,51.613491,-0.258373,North,Barnet Hospital,5.1,Royal Free Hospital,9.28,Barnet Hospital,5.1,Queen Charlottes',10.84
NW73EB,51.613445,-0.258923,North,Barnet Hospital,5.13,Royal Free Hospital,9.31,Barnet Hospital,5.13,Queen Charlottes',10.84
NW73ED,51.612646,-0.26203,North,Barnet Hospital,5.32,Royal Free Hospital,9.4,Barnet Hospital,5.32,Queen Charlottes',10.78
NW73EE,51.613273,-0.26374,North,Barnet Hospital,5.34,Royal Free Hospital,9.53,Barnet Hospital,5.34,Queen Charlottes',10.87
NW73EF,51.613088,-0.263949,North,Barnet Hospital,5.37,Royal Free Hospital,9.52,Barnet Hospital,5.37,Queen Charlottes',10.85
NW73EG,51.612957,-0.264214,North,Barnet Hospital,5.39,Royal Free Hospital,9.53,Barnet Hospital,5.39,Queen Charlottes',10.84
NW73EH,51.612198,-0.263391,North,Barnet Hospital,5.42,Royal Free Hospital,9.43,Barnet Hospital,5.42,Queen Charlottes',10.75
NW73EJ,51.61249,-0.260043,North,Barnet Hospital,5.26,Royal Free Hospital,9.29,Barnet Hospital,5.26,Queen Charlottes',10.74
NW73EL,51.613129,-0.255801,North,Barnet Hospital,5.03,Royal Free Hospital,9.13,Barnet Hospital,5.03,Queen Charlottes',10.77
NW73EN,51.61836,-0.255052,North,Barnet Hospital,4.53,Royal Free Hospital,9.53,Barnet Hospital,4.53,Queen Charlottes',11.34
NW73EP,51.614735,-0.253775,North,Barnet Hospital,4.8,Royal Free Hospital,9.17,Barnet Hospital,4.8,Queen Charlottes',10.93
NW73EQ,51.618297,-0.25504,North,Barnet Hospital,4.53,Royal Free Hospital,9.53,Barnet Hospital,4.53,Queen Charlottes',11.34
NW73ER,51.621946,-0.254943,North,Barnet Hospital,4.21,Royal Free Hospital,9.83,Barnet Hospital,4.21,Queen Charlottes',11.74
NW73ES,51.615474,-0.24115,North,Barnet Hospital,4.31,Royal Free Hospital,8.68,Barnet Hospital,4.31,Queen Charlottes',10.95
NW73ET,51.621802,-0.256133,North,Barnet Hospital,4.28,Royal Free Hospital,9.87,Barnet Hospital,4.28,Queen Charlottes',11.73
NW73EU,51.62263,-0.255524,North,Barnet Hospital,4.18,Royal Free Hospital,9.92,Barnet Hospital,4.18,Queen Charlottes',11.82
NW73EW,51.61833,-0.253637,North,Barnet Hospital,4.47,Royal Free Hospital,9.47,Barnet Hospital,4.47,Queen Charlottes',11.33
NW73EX,51.622857,-0.257509,North,Barnet Hospital,4.26,Royal Free Hospital,10.02,Barnet Hospital,4.26,Queen Charlottes',11.86
NW73EY,51.623413,-0.257401,North,Barnet Hospital,4.21,Royal Free Hospital,10.07,Barnet Hospital,4.21,Queen Charlottes',11.92
NW73FA,51.618297,-0.25504,North,Barnet Hospital,4.53,Royal Free Hospital,9.53,Barnet Hospital,4.53,Queen Charlottes',11.34
NW73FB,51.618297,-0.25504,North,Barnet Hospital,4.53,Royal Free Hospital,9.53,Barnet Hospital,4.53,Queen Charlottes',11.34
NW73FD,51.618297,-0.25504,North,Barnet Hospital,4.53,Royal Free Hospital,9.53,Barnet Hospital,4.53,Queen Charlottes',11.34
NW73FE,51.615474,-0.24115,North,Barnet Hospital,4.31,Royal Free Hospital,8.68,Barnet Hospital,4.31,Queen Charlottes',10.95
NW73FF,51.615474,-0.24115,North,Barnet Hospital,4.31,Royal Free Hospital,8.68,Barnet Hospital,4.31,Queen Charlottes',10.95
NW73FG,51.615474,-0.24115,North,Barnet Hospital,4.31,Royal Free Hospital,8.68,Barnet Hospital,4.31,Queen Charlottes',10.95
NW73FH,51.615474,-0.24115,North,Barnet Hospital,4.31,Royal Free Hospital,8.68,Barnet Hospital,4.31,Queen Charlottes',10.95
NW73FJ,51.618297,-0.25504,North,Barnet Hospital,4.53,Royal Free Hospital,9.53,Barnet Hospital,4.53,Queen Charlottes',11.34
NW73FL,51.615437,-0.241094,North,Barnet Hospital,4.31,Royal Free Hospital,8.67,Barnet Hospital,4.31,Queen Charlottes',10.95
NW73FN,51.615474,-0.24115,North,Barnet Hospital,4.31,Royal Free Hospital,8.68,Barnet Hospital,4.31,Queen Charlottes',10.95
NW73FP,51.615474,-0.24115,North,Barnet Hospital,4.31,Royal Free Hospital,8.68,Barnet Hospital,4.31,Queen Charlottes',10.95
NW73FQ,51.618297,-0.25504,North,Barnet Hospital,4.53,Royal Free Hospital,9.53,Barnet Hospital,4.53,Queen Charlottes',11.34
NW73FR,51.615474,-0.24115,North,Barnet Hospital,4.31,Royal Free Hospital,8.68,Barnet Hospital,4.31,Queen Charlottes',10.95
NW73FS,51.618297,-0.25504,North,Barnet Hospital,4.53,Royal Free Hospital,9.53,Barnet Hospital,4.53,Queen Charlottes',11.34
NW73FT,51.615474,-0.24115,North,Barnet Hospital,4.31,Royal Free Hospital,8.68,Barnet Hospital,4.31,Queen Charlottes',10.95
NW73FW,51.615474,-0.24115,North,Barnet Hospital,4.31,Royal Free Hospital,8.68,Barnet Hospital,4.31,Queen Charlottes',10.95
NW73FX,51.615474,-0.24115,North,Barnet Hospital,4.31,Royal Free Hospital,8.68,Barnet Hospital,4.31,Queen Charlottes',10.95
NW73FY,51.615474,-0.24115,North,Barnet Hospital,4.31,Royal Free Hospital,8.68,Barnet Hospital,4.31,Queen Charlottes',10.95
NW73FZ,51.615474,-0.24115,North,Barnet Hospital,4.31,Royal Free Hospital,8.68,Barnet Hospital,4.31,Queen Charlottes',10.95
NW73GA,51.615474,-0.24115,North,Barnet Hospital,4.31,Royal Free Hospital,8.68,Barnet Hospital,4.31,Queen Charlottes',10.95
NW73GB,51.615455,-0.241079,North,Barnet Hospital,4.31,Royal Free Hospital,8.68,Barnet Hospital,4.31,Queen Charlottes',10.95
NW73GD,51.615474,-0.24115,North,Barnet Hospital,4.31,Royal Free Hospital,8.68,Barnet Hospital,4.31,Queen Charlottes',10.95
NW73GE,51.615474,-0.24115,North,Barnet Hospital,4.31,Royal Free Hospital,8.68,Barnet Hospital,4.31,Queen Charlottes',10.95
NW73GF,51.615474,-0.24115,North,Barnet Hospital,4.31,Royal Free Hospital,8.68,Barnet Hospital,4.31,Queen Charlottes',10.95
NW73GJ,51.616912,-0.259239,North,Barnet Hospital,4.83,Royal Free Hospital,9.6,Barnet Hospital,4.83,Queen Charlottes',11.22
NW73HA,51.624487,-0.25707,North,Barnet Hospital,4.1,Royal Free Hospital,10.15,Barnet Hospital,4.1,Queen Charlottes',12.04
NW73HB,51.624925,-0.259351,North,Barnet Hospital,4.18,Royal Free Hospital,10.28,Barnet Hospital,4.18,Queen Charlottes',12.11
NW73HD,51.624898,-0.258716,North,Barnet Hospital,4.15,Royal Free Hospital,10.25,Barnet Hospital,4.15,Queen Charlottes',12.1
NW73HE,51.625034,-0.257584,North,Barnet Hospital,4.09,Royal Free Hospital,10.22,Barnet Hospital,4.09,Queen Charlottes',12.1
NW73HF,51.615474,-0.24115,North,Barnet Hospital,4.31,Royal Free Hospital,8.68,Barnet Hospital,4.31,Queen Charlottes',10.95
NW73HG,51.625534,-0.257926,North,Barnet Hospital,4.07,Royal Free Hospital,10.27,Barnet Hospital,4.07,Queen Charlottes',12.16
NW73HH,51.626615,-0.259907,North,Barnet Hospital,4.09,Royal Free Hospital,10.45,Barnet Hospital,4.09,Queen Charlottes',12.3
NW73HJ,51.626128,-0.259175,North,Barnet Hospital,4.08,Royal Free Hospital,10.38,Barnet Hospital,4.08,Queen Charlottes',12.24
NW73HL,51.625876,-0.257393,North,Barnet Hospital,4.01,Royal Free Hospital,10.28,Barnet Hospital,4.01,Queen Charlottes',12.19
NW73HN,51.626176,-0.256948,North,Barnet Hospital,3.97,Royal Free Hospital,10.29,Barnet Hospital,3.97,Queen Charlottes',12.22
NW73HP,51.626897,-0.257094,North,Barnet Hospital,3.92,Royal Free Hospital,10.36,Barnet Hospital,3.92,Queen Charlottes',12.3
NW73HQ,51.626504,-0.259103,North,Barnet Hospital,4.05,Royal Free Hospital,10.41,Barnet Hospital,4.05,Queen Charlottes',12.28
NW73HR,51.626465,-0.255261,North,Barnet Hospital,3.86,Royal Free Hospital,10.24,Barnet Hospital,3.86,Queen Charlottes',12.24
NW73HS,51.627391,-0.256425,North,Barnet Hospital,3.85,Royal Free Hospital,10.37,Barnet Hospital,3.85,Queen Charlottes',12.35
NW73HT,51.625116,-0.25524,North,Barnet Hospital,3.97,Royal Free Hospital,10.12,Barnet Hospital,3.97,Queen Charlottes',12.09
NW73HU,51.631339,-0.264336,North,Barnet Hospital,4.02,Royal Free Hospital,11.05,Barnet Hospital,4.02,Queen Charlottes',12.86
NW73HW,51.626483,-0.257659,North,Barnet Hospital,3.98,Royal Free Hospital,10.35,Barnet Hospital,3.98,Queen Charlottes',12.26
NW73HX,51.631961,-0.263229,North,Barnet Hospital,3.91,Royal Free Hospital,11.06,Barnet Hospital,3.91,Queen Charlottes',12.92
NW73JA,51.633052,-0.267059,North,Barnet Hospital,4.08,Royal Free Hospital,11.32,Barnet Hospital,4.08,Queen Charlottes',13.08
NW73JB,51.61741,-0.252228,North,Barnet Hospital,4.5,Royal Free Hospital,9.33,Barnet Hospital,4.5,Queen Charlottes',11.22
NW73JD,51.618071,-0.250079,North,Barnet Hospital,4.35,Royal Free Hospital,9.29,Barnet Hospital,4.35,Queen Charlottes',11.28
NW73JE,51.618086,-0.249298,North,Barnet Hospital,4.32,Royal Free Hospital,9.26,Barnet Hospital,4.32,Queen Charlottes',11.28
NW73JF,51.62006,-0.250234,North,Barnet Hospital,4.18,Royal Free Hospital,9.47,Barnet Hospital,4.18,Queen Charlottes',11.5
NW73JG,51.619736,-0.251416,North,Barnet Hospital,4.25,Royal Free Hospital,9.49,Barnet Hospital,4.25,Queen Charlottes',11.47
NW73JH,51.619692,-0.250277,North,Barnet Hospital,4.21,Royal Free Hospital,9.44,Barnet Hospital,4.21,Queen Charlottes',11.46
NW73JJ,51.619247,-0.252374,North,Barnet Hospital,4.34,Royal Free Hospital,9.49,Barnet Hospital,4.34,Queen Charlottes',11.42
NW73JL,51.619177,-0.253142,North,Barnet Hospital,4.38,Royal Free Hospital,9.52,Barnet Hospital,4.38,Queen Charlottes',11.42
NW73JN,51.620684,-0.253475,North,Barnet Hospital,4.26,Royal Free Hospital,9.66,Barnet Hospital,4.26,Queen Charlottes',11.59
NW73JP,51.620276,-0.253837,North,Barnet Hospital,4.31,Royal Free Hospital,9.64,Barnet Hospital,4.31,Queen Charlottes',11.55
NW73JQ,51.619165,-0.249271,North,Barnet Hospital,4.22,Royal Free Hospital,9.35,Barnet Hospital,4.22,Queen Charlottes',11.4
NW73JR,51.621007,-0.254676,North,Barnet Hospital,4.28,Royal Free Hospital,9.74,Barnet Hospital,4.28,Queen Charlottes',11.63
NW73JS,51.620106,-0.252124,North,Barnet Hospital,4.25,Royal Free Hospital,9.55,Barnet Hospital,4.25,Queen Charlottes',11.52
NW73JT,51.620959,-0.255631,North,Barnet Hospital,4.33,Royal Free Hospital,9.78,Barnet Hospital,4.33,Queen Charlottes',11.64
NW73JU,51.620905,-0.255662,North,Barnet Hospital,4.33,Royal Free Hospital,9.78,Barnet Hospital,4.33,Queen Charlottes',11.63
NW73JW,51.620549,-0.254664,North,Barnet Hospital,4.32,Royal Free Hospital,9.7,Barnet Hospital,4.32,Queen Charlottes',11.58
NW73JX,51.620675,-0.255281,North,Barnet Hospital,4.34,Royal Free Hospital,9.74,Barnet Hospital,4.34,Queen Charlottes',11.6
NW73JY,51.619726,-0.254364,North,Barnet Hospital,4.38,Royal Free Hospital,9.62,Barnet Hospital,4.38,Queen Charlottes',11.49
NW73JZ,51.633052,-0.267059,North,Barnet Hospital,4.08,Royal Free Hospital,11.32,Barnet Hospital,4.08,Queen Charlottes',13.08
NW73LA,51.61465,-0.248,North,Barnet Hospital,4.6,Royal Free Hospital,8.9,Barnet Hospital,4.6,Queen Charlottes',10.89
NW73LB,51.614666,-0.246656,North,Barnet Hospital,4.56,Royal Free Hospital,8.84,Barnet Hospital,4.56,Queen Charlottes',10.88
NW73LD,51.615474,-0.24115,North,Barnet Hospital,4.31,Royal Free Hospital,8.68,Barnet Hospital,4.31,Queen Charlottes',10.95
NW73LE,51.61465,-0.248,North,Barnet Hospital,4.6,Royal Free Hospital,8.9,Barnet Hospital,4.6,Queen Charlottes',10.89
NW73LG,51.615474,-0.24115,North,Barnet Hospital,4.31,Royal Free Hospital,8.68,Barnet Hospital,4.31,Queen Charlottes',10.95
NW73LH,51.61464,-0.246744,North,Barnet Hospital,4.56,Royal Free Hospital,8.85,Barnet Hospital,4.56,Queen Charlottes',10.88
NW73LJ,51.614449,-0.247185,North,Barnet Hospital,4.6,Royal Free Hospital,8.85,Barnet Hospital,4.6,Queen Charlottes',10.86
NW73LL,51.614148,-0.248106,North,Barnet Hospital,4.66,Royal Free Hospital,8.86,Barnet Hospital,4.66,Queen Charlottes',10.83
NW73LN,51.614268,-0.248954,North,Barnet Hospital,4.67,Royal Free Hospital,8.91,Barnet Hospital,4.67,Queen Charlottes',10.85
NW73LP,51.615303,-0.252063,North,Barnet Hospital,4.69,Royal Free Hospital,9.14,Barnet Hospital,4.69,Queen Charlottes',10.98
NW73LR,51.615284,-0.252584,North,Barnet Hospital,4.71,Royal Free Hospital,9.16,Barnet Hospital,4.71,Queen Charlottes',10.99
NW73LS,51.61569,-0.25384,North,Barnet Hospital,4.72,Royal Free Hospital,9.25,Barnet Hospital,4.72,Queen Charlottes',11.04
NW73LT,51.616334,-0.253613,North,Barnet Hospital,4.65,Royal Free Hospital,9.3,Barnet Hospital,4.65,Queen Charlottes',11.11
NW73LU,51.616627,-0.253356,North,Barnet Hospital,4.61,Royal Free Hospital,9.31,Barnet Hospital,4.61,Queen Charlottes',11.14
NW73LW,51.61557,-0.249409,North,Barnet Hospital,4.56,Royal Free Hospital,9.04,Barnet Hospital,4.56,Queen Charlottes',11.0
NW73LX,51.617495,-0.254897,North,Barnet Hospital,4.6,Royal Free Hospital,9.45,Barnet Hospital,4.6,Queen Charlottes',11.25
NW73LY,51.61712,-0.25507,North,Barnet Hospital,4.64,Royal Free Hospital,9.43,Barnet Hospital,4.64,Queen Charlottes',11.21
NW73NA,51.618173,-0.255174,North,Barnet Hospital,4.55,Royal Free Hospital,9.52,Barnet Hospital,4.55,Queen Charlottes',11.33
NW73NB,51.617363,-0.256347,North,Barnet Hospital,4.67,Royal Free Hospital,9.51,Barnet Hospital,4.67,Queen Charlottes',11.25
NW73ND,51.616655,-0.255247,North,Barnet Hospital,4.69,Royal Free Hospital,9.4,Barnet Hospital,4.69,Queen Charlottes',11.16
NW73NE,51.616323,-0.255332,North,Barnet Hospital,4.72,Royal Free Hospital,9.37,Barnet Hospital,4.72,Queen Charlottes',11.12
NW73NG,51.616086,-0.253925,North,Barnet Hospital,4.69,Royal Free Hospital,9.29,Barnet Hospital,4.69,Queen Charlottes',11.08
NW73NJ,51.614226,-0.247959,North,Barnet Hospital,4.64,Royal Free Hospital,8.86,Barnet Hospital,4.64,Queen Charlottes',10.84
NW73NL,51.614232,-0.247713,North,Barnet Hospital,4.63,Royal Free Hospital,8.85,Barnet Hospital,4.63,Queen Charlottes',10.84
NW73NN,51.614628,-0.246557,North,Barnet Hospital,4.56,Royal Free Hospital,8.84,Barnet Hospital,4.56,Queen Charlottes',10.88
NW73NU,51.613729,-0.250766,North,Barnet Hospital,4.79,Royal Free Hospital,8.95,Barnet Hospital,4.79,Queen Charlottes',10.8
NW73NX,51.61418,-0.250879,North,Barnet Hospital,4.75,Royal Free Hospital,8.99,Barnet Hospital,4.75,Queen Charlottes',10.85
NW73NY,51.6133,-0.252169,North,Barnet Hospital,4.88,Royal Free Hospital,8.98,Barnet Hospital,4.88,Queen Charlottes',10.76
NW73NZ,51.613772,-0.249479,North,Barnet Hospital,4.74,Royal Free Hospital,8.89,Barnet Hospital,4.74,Queen Charlottes',10.8
NW73PA,51.613514,-0.252652,North,Barnet Hospital,4.88,Royal Free Hospital,9.02,Barnet Hospital,4.88,Queen Charlottes',10.79
NW73PB,51.613118,-0.253245,North,Barnet Hospital,4.94,Royal Free Hospital,9.01,Barnet Hospital,4.94,Queen Charlottes',10.75
NW73PD,51.612823,-0.253993,North,Barnet Hospital,4.99,Royal Free Hospital,9.02,Barnet Hospital,4.99,Queen Charlottes',10.72
NW73PE,51.613201,-0.255221,North,Barnet Hospital,5.0,Royal Free Hospital,9.11,Barnet Hospital,5.0,Queen Charlottes',10.78
NW73PF,51.612643,-0.25517,North,Barnet Hospital,5.05,Royal Free Hospital,9.06,Barnet Hospital,5.05,Queen Charlottes',10.71
NW73PG,51.613173,-0.254514,North,Barnet Hospital,4.98,Royal Free Hospital,9.08,Barnet Hospital,4.98,Queen Charlottes',10.77
NW73PH,51.613824,-0.254171,North,Barnet Hospital,4.9,Royal Free Hospital,9.11,Barnet Hospital,4.9,Queen Charlottes',10.84
NW73PJ,51.613619,-0.253096,North,Barnet Hospital,4.88,Royal Free Hospital,9.05,Barnet Hospital,4.88,Queen Charlottes',10.81
NW73PL,51.614124,-0.252556,North,Barnet Hospital,4.82,Royal Free Hospital,9.06,Barnet Hospital,4.82,Queen Charlottes',10.86
NW73PN,51.61452,-0.251963,North,Barnet Hospital,4.76,Royal Free Hospital,9.07,Barnet Hospital,4.76,Queen Charlottes',10.9
NW73PP,51.614583,-0.252625,North,Barnet Hospital,4.77,Royal Free Hospital,9.11,Barnet Hospital,4.77,Queen Charlottes',10.91
NW73PR,51.614738,-0.253919,North,Barnet Hospital,4.81,Royal Free Hospital,9.18,Barnet Hospital,4.81,Queen Charlottes',10.94
NW73PS,51.614176,-0.253667,North,Barnet Hospital,4.85,Royal Free Hospital,9.12,Barnet Hospital,4.85,Queen Charlottes',10.87
NW73PT,51.6143,-0.254095,North,Barnet Hospital,4.86,Royal Free Hospital,9.15,Barnet Hospital,4.86,Queen Charlottes',10.89
NW73PU,51.614467,-0.254479,North,Barnet Hospital,4.86,Royal Free Hospital,9.18,Barnet Hospital,4.86,Queen Charlottes',10.91
NW73PW,51.614688,-0.254802,North,Barnet Hospital,4.85,Royal Free Hospital,9.21,Barnet Hospital,4.85,Queen Charlottes',10.94
NW73PX,51.61489,-0.255127,North,Barnet Hospital,4.84,Royal Free Hospital,9.25,Barnet Hospital,4.84,Queen Charlottes',10.96
NW73PY,51.615444,-0.254282,North,Barnet Hospital,4.76,Royal Free Hospital,9.25,Barnet Hospital,4.76,Queen Charlottes',11.02
NW73QA,51.614357,-0.257979,North,Barnet Hospital,5.0,Royal Free Hospital,9.34,Barnet Hospital,5.0,Queen Charlottes',10.93
NW73QB,51.614864,-0.26001,North,Barnet Hospital,5.04,Royal Free Hospital,9.47,Barnet Hospital,5.04,Queen Charlottes',11.0
NW73QD,51.613928,-0.260595,North,Barnet Hospital,5.15,Royal Free Hospital,9.43,Barnet Hospital,5.15,Queen Charlottes',10.91
NW73QE,51.613531,-0.259859,North,Barnet Hospital,5.16,Royal Free Hospital,9.36,Barnet Hospital,5.16,Queen Charlottes',10.86
NW73QF,51.614821,-0.25955,North,Barnet Hospital,5.03,Royal Free Hospital,9.45,Barnet Hospital,5.03,Queen Charlottes',11.0
NW73QG,51.615449,-0.259482,North,Barnet Hospital,4.97,Royal Free Hospital,9.5,Barnet Hospital,4.97,Queen Charlottes',11.06
NW73QH,51.614693,-0.250888,North,Barnet Hospital,4.7,Royal Free Hospital,9.04,Barnet Hospital,4.7,Queen Charlottes',10.91
NW73QJ,51.615474,-0.24115,North,Barnet Hospital,4.31,Royal Free Hospital,8.68,Barnet Hospital,4.31,Queen Charlottes',10.95
NW73QL,51.616475,-0.247973,North,Barnet Hospital,4.43,Royal Free Hospital,9.06,Barnet Hospital,4.43,Queen Charlottes',11.09
NW73QN,51.616882,-0.24816,North,Barnet Hospital,4.39,Royal Free Hospital,9.1,Barnet Hospital,4.39,Queen Charlottes',11.14
NW73QP,51.617007,-0.249903,North,Barnet Hospital,4.45,Royal Free Hospital,9.19,Barnet Hospital,4.45,Queen Charlottes',11.16
NW73QQ,51.615474,-0.24115,North,Barnet Hospital,4.31,Royal Free Hospital,8.68,Barnet Hospital,4.31,Queen Charlottes',10.95
NW73QR,51.615251,-0.249754,North,Barnet Hospital,4.61,Royal Free Hospital,9.03,Barnet Hospital,4.61,Queen Charlottes',10.96
NW73QS,51.61537,-0.249865,North,Barnet Hospital,4.6,Royal Free Hospital,9.05,Barnet Hospital,4.6,Queen Charlottes',10.98
NW73QT,51.616748,-0.251213,North,Barnet Hospital,4.52,Royal Free Hospital,9.22,Barnet Hospital,4.52,Queen Charlottes',11.14
NW73QU,51.619069,-0.251341,North,Barnet Hospital,4.31,Royal Free Hospital,9.43,Barnet Hospital,4.31,Queen Charlottes',11.4
NW73QW,51.615474,-0.24115,North,Barnet Hospital,4.31,Royal Free Hospital,8.68,Barnet Hospital,4.31,Queen Charlottes',10.95
NW73QX,51.61856,-0.250927,North,Barnet Hospital,4.34,Royal Free Hospital,9.37,Barnet Hospital,4.34,Queen Charlottes',11.34
NW73QY,51.617804,-0.251505,North,Barnet Hospital,4.43,Royal Free Hospital,9.33,Barnet Hospital,4.43,Queen Charlottes',11.26
NW73RA,51.616656,-0.250494,North,Barnet Hospital,4.5,Royal Free Hospital,9.18,Barnet Hospital,4.5,Queen Charlottes',11.12
NW73RB,51.615552,-0.24941,North,Barnet Hospital,4.57,Royal Free Hospital,9.04,Barnet Hospital,4.57,Queen Charlottes',11.0
NW73RD,51.615944,-0.249756,North,Barnet Hospital,4.54,Royal Free Hospital,9.09,Barnet Hospital,4.54,Queen Charlottes',11.04
NW73RE,51.614885,-0.248728,North,Barnet Hospital,4.61,Royal Free Hospital,8.96,Barnet Hospital,4.61,Queen Charlottes',10.92
NW73RF,51.618188,-0.254986,North,Barnet Hospital,4.54,Royal Free Hospital,9.51,Barnet Hospital,4.54,Queen Charlottes',11.33
NW73RG,51.615884,-0.247563,North,Barnet Hospital,4.47,Royal Free Hospital,8.99,Barnet Hospital,4.47,Queen Charlottes',11.02
NW73RH,51.616465,-0.246125,North,Barnet Hospital,4.36,Royal Free Hospital,8.98,Barnet Hospital,4.36,Queen Charlottes',11.08
NW73RJ,51.615634,-0.247067,North,Barnet Hospital,4.48,Royal Free Hospital,8.95,Barnet Hospital,4.48,Queen Charlottes',10.99
NW73RL,51.61836,-0.255052,North,Barnet Hospital,4.53,Royal Free Hospital,9.53,Barnet Hospital,4.53,Queen Charlottes',11.34
NW73RN,51.618297,-0.25504,North,Barnet Hospital,4.53,Royal Free Hospital,9.53,Barnet Hospital,4.53,Queen Charlottes',11.34
NW73RP,51.615677,-0.256628,North,Barnet Hospital,4.83,Royal Free Hospital,9.38,Barnet Hospital,4.83,Queen Charlottes',11.06
NW73RQ,51.615677,-0.256628,North,Barnet Hospital,4.83,Royal Free Hospital,9.38,Barnet Hospital,4.83,Queen Charlottes',11.06
NW73RR,51.615677,-0.256628,North,Barnet Hospital,4.83,Royal Free Hospital,9.38,Barnet Hospital,4.83,Queen Charlottes',11.06
NW73RS,51.615045,-0.255843,North,Barnet Hospital,4.86,Royal Free Hospital,9.29,Barnet Hospital,4.86,Queen Charlottes',10.99
NW73RT,51.615928,-0.255954,North,Barnet Hospital,4.78,Royal Free Hospital,9.37,Barnet Hospital,4.78,Queen Charlottes',11.08
NW73RU,51.615634,-0.256788,North,Barnet Hospital,4.84,Royal Free Hospital,9.38,Barnet Hospital,4.84,Queen Charlottes',11.06
NW73RW,51.615474,-0.24115,North,Barnet Hospital,4.31,Royal Free Hospital,8.68,Barnet Hospital,4.31,Queen Charlottes',10.95
NW73RX,51.615878,-0.257458,North,Barnet Hospital,4.85,Royal Free Hospital,9.44,Barnet Hospital,4.85,Queen Charlottes',11.09
NW73RY,51.616012,-0.257987,North,Barnet Hospital,4.86,Royal Free Hospital,9.47,Barnet Hospital,4.86,Queen Charlottes',11.11
NW73SA,51.615628,-0.258147,North,Barnet Hospital,4.9,Royal Free Hospital,9.45,Barnet Hospital,4.9,Queen Charlottes',11.07
NW73SB,51.616421,-0.258911,North,Barnet Hospital,4.86,Royal Free Hospital,9.55,Barnet Hospital,4.86,Queen Charlottes',11.16
NW73SD,51.616576,-0.256594,North,Barnet Hospital,4.75,Royal Free Hospital,9.45,Barnet Hospital,4.75,Queen Charlottes',11.16
NW73SE,51.616533,-0.257967,North,Barnet Hospital,4.81,Royal Free Hospital,9.51,Barnet Hospital,4.81,Queen Charlottes',11.17
NW73SF,51.615325,-0.258346,North,Barnet Hospital,4.93,Royal Free Hospital,9.43,Barnet Hospital,4.93,Queen Charlottes',11.04
NW73SG,51.617009,-0.25792,North,Barnet Hospital,4.77,Royal Free Hospital,9.55,Barnet Hospital,4.77,Queen Charlottes',11.22
NW73SH,51.617274,-0.257592,North,Barnet Hospital,4.73,Royal Free Hospital,9.56,Barnet Hospital,4.73,Queen Charlottes',11.25
NW73SJ,51.618476,-0.256795,North,Barnet Hospital,4.59,Royal Free Hospital,9.62,Barnet Hospital,4.59,Queen Charlottes',11.37
NW73SL,51.618404,-0.257419,North,Barnet Hospital,4.62,Royal Free Hospital,9.64,Barnet Hospital,4.62,Queen Charlottes',11.37
NW73SN,51.619939,-0.256624,North,Barnet Hospital,4.46,Royal Free Hospital,9.74,Barnet Hospital,4.46,Queen Charlottes',11.53
NW73SP,51.618243,-0.258639,North,Barnet Hospital,4.69,Royal Free Hospital,9.69,Barnet Hospital,4.69,Queen Charlottes',11.36
NW73SQ,51.617496,-0.258003,North,Barnet Hospital,4.73,Royal Free Hospital,9.59,Barnet Hospital,4.73,Queen Charlottes',11.27
NW73SR,51.617527,-0.260111,North,Barnet Hospital,4.82,Royal Free Hospital,9.69,Barnet Hospital,4.82,Queen Charlottes',11.3
NW73SS,51.619058,-0.258478,North,Barnet Hospital,4.62,Royal Free Hospital,9.75,Barnet Hospital,4.62,Queen Charlottes',11.45
NW73ST,51.617496,-0.258003,North,Barnet Hospital,4.73,Royal Free Hospital,9.59,Barnet Hospital,4.73,Queen Charlottes',11.27
NW73SU,51.616597,-0.258037,North,Barnet Hospital,4.81,Royal Free Hospital,9.52,Barnet Hospital,4.81,Queen Charlottes',11.18
NW73SW,51.619272,-0.25649,North,Barnet Hospital,4.51,Royal Free Hospital,9.67,Barnet Hospital,4.51,Queen Charlottes',11.46
NW73SX,51.616463,-0.259299,North,Barnet Hospital,4.87,Royal Free Hospital,9.57,Barnet Hospital,4.87,Queen Charlottes',11.17
NW73SY,51.616597,-0.258037,North,Barnet Hospital,4.81,Royal Free Hospital,9.52,Barnet Hospital,4.81,Queen Charlottes',11.18
NW73SZ,51.618416,-0.259412,North,Barnet Hospital,4.71,Royal Free Hospital,9.74,Barnet Hospital,4.71,Queen Charlottes',11.39
NW73TA,51.619049,-0.255444,North,Barnet Hospital,4.48,Royal Free Hospital,9.61,Barnet Hospital,4.48,Queen Charlottes',11.42
NW73TB,51.615814,-0.244676,North,Barnet Hospital,4.38,Royal Free Hospital,8.86,Barnet Hospital,4.38,Queen Charlottes',11.0
NW73TD,51.61558,-0.244685,North,Barnet Hospital,4.4,Royal Free Hospital,8.84,Barnet Hospital,4.4,Queen Charlottes',10.98
NW73TE,51.614676,-0.246179,North,Barnet Hospital,4.54,Royal Free Hospital,8.82,Barnet Hospital,4.54,Queen Charlottes',10.88
NW73TF,51.615505,-0.245078,North,Barnet Hospital,4.42,Royal Free Hospital,8.85,Barnet Hospital,4.42,Queen Charlottes',10.97
NW73TG,51.615674,-0.24552,North,Barnet Hospital,4.42,Royal Free Hospital,8.88,Barnet Hospital,4.42,Queen Charlottes',10.99
NW73TH,51.615976,-0.245262,North,Barnet Hospital,4.38,Royal Free Hospital,8.9,Barnet Hospital,4.38,Queen Charlottes',11.02
NW73TJ,51.616173,-0.24524,North,Barnet Hospital,4.36,Royal Free Hospital,8.91,Barnet Hospital,4.36,Queen Charlottes',11.04
NW73TL,51.616382,-0.2436,North,Barnet Hospital,4.29,Royal Free Hospital,8.86,Barnet Hospital,4.29,Queen Charlottes',11.06
NW73TP,51.615505,-0.245078,North,Barnet Hospital,4.42,Royal Free Hospital,8.85,Barnet Hospital,4.42,Queen Charlottes',10.97
NW73WA,51.615474,-0.24115,North,Barnet Hospital,4.31,Royal Free Hospital,8.68,Barnet Hospital,4.31,Queen Charlottes',10.95
NW73WB,51.615474,-0.24115,North,Barnet Hospital,4.31,Royal Free Hospital,8.68,Barnet Hospital,4.31,Queen Charlottes',10.95
NW73WD,51.615474,-0.24115,North,Barnet Hospital,4.31,Royal Free Hospital,8.68,Barnet Hospital,4.31,Queen Charlottes',10.95
NW73WE,51.615474,-0.24115,North,Barnet Hospital,4.31,Royal Free Hospital,8.68,Barnet Hospital,4.31,Queen Charlottes',10.95
NW73WF,51.618297,-0.25504,North,Barnet Hospital,4.53,Royal Free Hospital,9.53,Barnet Hospital,4.53,Queen Charlottes',11.34
NW73WG,51.615437,-0.241094,North,Barnet Hospital,4.31,Royal Free Hospital,8.67,Barnet Hospital,4.31,Queen Charlottes',10.95
NW73WH,51.615474,-0.24115,North,Barnet Hospital,4.31,Royal Free Hospital,8.68,Barnet Hospital,4.31,Queen Charlottes',10.95
NW73WJ,51.615474,-0.24115,North,Barnet Hospital,4.31,Royal Free Hospital,8.68,Barnet Hospital,4.31,Queen Charlottes',10.95
NW73WL,51.615474,-0.24115,North,Barnet Hospital,4.31,Royal Free Hospital,8.68,Barnet Hospital,4.31,Queen Charlottes',10.95
NW73WN,51.615474,-0.24115,North,Barnet Hospital,4.31,Royal Free Hospital,8.68,Barnet Hospital,4.31,Queen Charlottes',10.95
NW73WP,51.615474,-0.24115,North,Barnet Hospital,4.31,Royal Free Hospital,8.68,Barnet Hospital,4.31,Queen Charlottes',10.95
NW73WQ,51.615474,-0.24115,North,Barnet Hospital,4.31,Royal Free Hospital,8.68,Barnet Hospital,4.31,Queen Charlottes',10.95
NW73WR,51.615455,-0.241079,North,Barnet Hospital,4.31,Royal Free Hospital,8.68,Barnet Hospital,4.31,Queen Charlottes',10.95
NW73WS,51.618188,-0.254986,North,Barnet Hospital,4.54,Royal Free Hospital,9.51,Barnet Hospital,4.54,Queen Charlottes',11.33
NW73WT,51.615474,-0.24115,North,Barnet Hospital,4.31,Royal Free Hospital,8.68,Barnet Hospital,4.31,Queen Charlottes',10.95
NW73WU,51.615474,-0.24115,North,Barnet Hospital,4.31,Royal Free Hospital,8.68,Barnet Hospital,4.31,Queen Charlottes',10.95
NW73WW,51.615474,-0.24115,North,Barnet Hospital,4.31,Royal Free Hospital,8.68,Barnet Hospital,4.31,Queen Charlottes',10.95
NW73WX,51.615474,-0.24115,North,Barnet Hospital,4.31,Royal Free Hospital,8.68,Barnet Hospital,4.31,Queen Charlottes',10.95
NW73WY,51.615474,-0.24115,North,Barnet Hospital,4.31,Royal Free Hospital,8.68,Barnet Hospital,4.31,Queen Charlottes',10.95
NW73WZ,51.615474,-0.24115,North,Barnet Hospital,4.31,Royal Free Hospital,8.68,Barnet Hospital,4.31,Queen Charlottes',10.95
NW73XA,51.615474,-0.24115,North,Barnet Hospital,4.31,Royal Free Hospital,8.68,Barnet Hospital,4.31,Queen Charlottes',10.95
NW73XB,51.615474,-0.24115,North,Barnet Hospital,4.31,Royal Free Hospital,8.68,Barnet Hospital,4.31,Queen Charlottes',10.95
NW73XD,51.615437,-0.241094,North,Barnet Hospital,4.31,Royal Free Hospital,8.67,Barnet Hospital,4.31,Queen Charlottes',10.95
NW73XE,51.615474,-0.24115,North,Barnet Hospital,4.31,Royal Free Hospital,8.68,Barnet Hospital,4.31,Queen Charlottes',10.95
NW73XF,51.615474,-0.24115,North,Barnet Hospital,4.31,Royal Free Hospital,8.68,Barnet Hospital,4.31,Queen Charlottes',10.95
NW73XG,51.615474,-0.24115,North,Barnet Hospital,4.31,Royal Free Hospital,8.68,Barnet Hospital,4.31,Queen Charlottes',10.95
NW73XH,51.615474,-0.24115,North,Barnet Hospital,4.31,Royal Free Hospital,8.68,Barnet Hospital,4.31,Queen Charlottes',10.95
NW73XJ,51.615474,-0.24115,North,Barnet Hospital,4.31,Royal Free Hospital,8.68,Barnet Hospital,4.31,Queen Charlottes',10.95
NW73XL,51.615474,-0.24115,North,Barnet Hospital,4.31,Royal Free Hospital,8.68,Barnet Hospital,4.31,Queen Charlottes',10.95
NW73XS,51.615474,-0.24115,North,Barnet Hospital,4.31,Royal Free Hospital,8.68,Barnet Hospital,4.31,Queen Charlottes',10.95
NW73XT,51.615474,-0.24115,North,Barnet Hospital,4.31,Royal Free Hospital,8.68,Barnet Hospital,4.31,Queen Charlottes',10.95
NW73XX,51.615437,-0.241094,North,Barnet Hospital,4.31,Royal Free Hospital,8.67,Barnet Hospital,4.31,Queen Charlottes',10.95
NW73XY,51.615437,-0.241094,North,Barnet Hospital,4.31,Royal Free Hospital,8.67,Barnet Hospital,4.31,Queen Charlottes',10.95
NW73XZ,51.615474,-0.24115,North,Barnet Hospital,4.31,Royal Free Hospital,8.68,Barnet Hospital,4.31,Queen Charlottes',10.95
NW73YB,51.615474,-0.24115,North,Barnet Hospital,4.31,Royal Free Hospital,8.68,Barnet Hospital,4.31,Queen Charlottes',10.95
NW73YF,51.615474,-0.24115,North,Barnet Hospital,4.31,Royal Free Hospital,8.68,Barnet Hospital,4.31,Queen Charlottes',10.95
NW73YJ,51.615474,-0.24115,North,Barnet Hospital,4.31,Royal Free Hospital,8.68,Barnet Hospital,4.31,Queen Charlottes',10.95
NW73YQ,51.615474,-0.24115,North,Barnet Hospital,4.31,Royal Free Hospital,8.68,Barnet Hospital,4.31,Queen Charlottes',10.95
NW73YZ,51.615474,-0.24115,North,Barnet Hospital,4.31,Royal Free Hospital,8.68,Barnet Hospital,4.31,Queen Charlottes',10.95
NW73ZA,51.618297,-0.25504,North,Barnet Hospital,4.53,Royal Free Hospital,9.53,Barnet Hospital,4.53,Queen Charlottes',11.34
NW73ZB,51.615474,-0.24115,North,Barnet Hospital,4.31,Royal Free Hospital,8.68,Barnet Hospital,4.31,Queen Charlottes',10.95
NW73ZD,51.618188,-0.254986,North,Barnet Hospital,4.54,Royal Free Hospital,9.51,Barnet Hospital,4.54,Queen Charlottes',11.33
NW73ZE,51.618297,-0.25504,North,Barnet Hospital,4.53,Royal Free Hospital,9.53,Barnet Hospital,4.53,Queen Charlottes',11.34
NW73ZF,51.615437,-0.241094,North,Barnet Hospital,4.31,Royal Free Hospital,8.67,Barnet Hospital,4.31,Queen Charlottes',10.95
NW73ZG,51.618297,-0.25504,North,Barnet Hospital,4.53,Royal Free Hospital,9.53,Barnet Hospital,4.53,Queen Charlottes',11.34
NW73ZH,51.618297,-0.25504,North,Barnet Hospital,4.53,Royal Free Hospital,9.53,Barnet Hospital,4.53,Queen Charlottes',11.34
NW73ZJ,51.615474,-0.24115,North,Barnet Hospital,4.31,Royal Free Hospital,8.68,Barnet Hospital,4.31,Queen Charlottes',10.95
NW73ZL,51.618297,-0.25504,North,Barnet Hospital,4.53,Royal Free Hospital,9.53,Barnet Hospital,4.53,Queen Charlottes',11.34
NW73ZN,51.618188,-0.254986,North,Barnet Hospital,4.54,Royal Free Hospital,9.51,Barnet Hospital,4.54,Queen Charlottes',11.33
NW73ZP,51.618188,-0.254986,North,Barnet Hospital,4.54,Royal Free Hospital,9.51,Barnet Hospital,4.54,Queen Charlottes',11.33
NW73ZQ,51.618188,-0.254986,North,Barnet Hospital,4.54,Royal Free Hospital,9.51,Barnet Hospital,4.54,Queen Charlottes',11.33
NW73ZR,51.618297,-0.25504,North,Barnet Hospital,4.53,Royal Free Hospital,9.53,Barnet Hospital,4.53,Queen Charlottes',11.34
NW73ZS,51.615474,-0.24115,North,Barnet Hospital,4.31,Royal Free Hospital,8.68,Barnet Hospital,4.31,Queen Charlottes',10.95
NW73ZT,51.615455,-0.241079,North,Barnet Hospital,4.31,Royal Free Hospital,8.68,Barnet Hospital,4.31,Queen Charlottes',10.95
NW73ZU,51.615474,-0.24115,North,Barnet Hospital,4.31,Royal Free Hospital,8.68,Barnet Hospital,4.31,Queen Charlottes',10.95
NW73ZW,51.615455,-0.241079,North,Barnet Hospital,4.31,Royal Free Hospital,8.68,Barnet Hospital,4.31,Queen Charlottes',10.95
NW73ZX,51.615474,-0.24115,North,Barnet Hospital,4.31,Royal Free Hospital,8.68,Barnet Hospital,4.31,Queen Charlottes',10.95
NW74AA,51.616542,-0.239809,North,Barnet Hospital,4.16,Royal Free Hospital,8.72,Barnet Hospital,4.16,Queen Charlottes',11.07
NW74AB,51.617179,-0.23912,North,Barnet Hospital,4.08,Royal Free Hospital,8.75,Barnet Hospital,4.08,Queen Charlottes',11.14
NW74AD,51.616575,-0.239042,North,Barnet Hospital,4.14,Royal Free Hospital,8.69,Barnet Hospital,4.14,Queen Charlottes',11.07
NW74AE,51.616718,-0.239008,North,Barnet Hospital,4.12,Royal Free Hospital,8.7,Barnet Hospital,4.12,Queen Charlottes',11.09
NW74AF,51.62047,-0.250593,North,Barnet Hospital,4.16,Royal Free Hospital,9.52,Barnet Hospital,4.16,Queen Charlottes',11.55
NW74AG,51.616083,-0.23922,North,Barnet Hospital,4.19,Royal Free Hospital,8.65,Barnet Hospital,4.19,Queen Charlottes',11.02
NW74AH,51.616361,-0.238574,North,Barnet Hospital,4.15,Royal Free Hospital,8.65,Barnet Hospital,4.15,Queen Charlottes',11.05
NW74AJ,51.617095,-0.238314,North,Barnet Hospital,4.06,Royal Free Hospital,8.71,Barnet Hospital,4.06,Queen Charlottes',11.13
NW74AL,51.616415,-0.237936,North,Barnet Hospital,4.12,Royal Free Hospital,8.63,Barnet Hospital,4.12,Queen Charlottes',11.06
NW74AN,51.616397,-0.237388,North,Barnet Hospital,4.11,Royal Free Hospital,8.61,Barnet Hospital,4.11,Queen Charlottes',11.05
NW74AP,51.617302,-0.237179,North,Barnet Hospital,4.01,Royal Free Hospital,8.68,Barnet Hospital,4.01,Queen Charlottes',11.15
NW74AQ,51.619315,-0.235281,North,Barnet Hospital,3.75,Royal Free Hospital,8.8,Barnet Hospital,3.75,Queen Charlottes',11.38
NW74AR,51.617416,-0.237522,North,Barnet Hospital,4.01,Royal Free Hospital,8.71,Barnet Hospital,4.01,Queen Charlottes',11.17
NW74AS,51.617438,-0.238431,North,Barnet Hospital,4.03,Royal Free Hospital,8.75,Barnet Hospital,4.03,Queen Charlottes',11.17
NW74AT,51.617706,-0.23949,North,Barnet Hospital,4.03,Royal Free Hospital,8.81,Barnet Hospital,4.03,Queen Charlottes',11.2
NW74AU,51.617783,-0.238013,North,Barnet Hospital,3.98,Royal Free Hospital,8.76,Barnet Hospital,3.98,Queen Charlottes',11.21
NW74AW,51.615474,-0.24115,North,Barnet Hospital,4.31,Royal Free Hospital,8.68,Barnet Hospital,4.31,Queen Charlottes',10.95
NW74AX,51.618096,-0.237929,North,Barnet Hospital,3.95,Royal Free Hospital,8.79,Barnet Hospital,3.95,Queen Charlottes',11.24
NW74AY,51.618467,-0.239272,North,Barnet Hospital,3.95,Royal Free Hospital,8.87,Barnet Hospital,3.95,Queen Charlottes',11.28
NW74AZ,51.620471,-0.241001,North,Barnet Hospital,3.8,Royal Free Hospital,9.12,Barnet Hospital,3.8,Queen Charlottes',11.51
NW74BA,51.618616,-0.237851,North,Barnet Hospital,3.9,Royal Free Hospital,8.83,Barnet Hospital,3.9,Queen Charlottes',11.3
NW74BB,51.61885,-0.237249,North,Barnet Hospital,3.85,Royal Free Hospital,8.83,Barnet Hospital,3.85,Queen Charlottes',11.33
NW74BD,51.618952,-0.238069,North,Barnet Hospital,3.87,Royal Free Hospital,8.87,Barnet Hospital,3.87,Queen Charlottes',11.34
NW74BE,51.618996,-0.238558,North,Barnet Hospital,3.88,Royal Free Hospital,8.89,Barnet Hospital,3.88,Queen Charlottes',11.34
NW74BF,51.623317,-0.236513,North,Barnet Hospital,3.38,Royal Free Hospital,9.22,Barnet Hospital,3.38,Queen Charlottes',11.82
NW74BG,51.619066,-0.239076,North,Barnet Hospital,3.88,Royal Free Hospital,8.92,Barnet Hospital,3.88,Queen Charlottes',11.35
NW74BH,51.619144,-0.239448,North,Barnet Hospital,3.89,Royal Free Hospital,8.94,Barnet Hospital,3.89,Queen Charlottes',11.36
NW74BJ,51.618654,-0.239785,North,Barnet Hospital,3.95,Royal Free Hospital,8.91,Barnet Hospital,3.95,Queen Charlottes',11.31
NW74BL,51.618726,-0.239739,North,Barnet Hospital,3.94,Royal Free Hospital,8.91,Barnet Hospital,3.94,Queen Charlottes',11.31
NW74BN,51.618278,-0.239843,North,Barnet Hospital,3.99,Royal Free Hospital,8.88,Barnet Hospital,3.99,Queen Charlottes',11.26
NW74BP,51.61706,-0.240179,North,Barnet Hospital,4.12,Royal Free Hospital,8.78,Barnet Hospital,4.12,Queen Charlottes',11.13
NW74BQ,51.615474,-0.24115,North,Barnet Hospital,4.31,Royal Free Hospital,8.68,Barnet Hospital,4.31,Queen Charlottes',10.95
NW74BR,51.625263,-0.250004,North,Barnet Hospital,3.71,Royal Free Hospital,9.92,Barnet Hospital,3.71,Queen Charlottes',12.08
NW74BT,51.618115,-0.239199,North,Barnet Hospital,3.98,Royal Free Hospital,8.84,Barnet Hospital,3.98,Queen Charlottes',11.25
NW74BU,51.618115,-0.239199,North,Barnet Hospital,3.98,Royal Free Hospital,8.84,Barnet Hospital,3.98,Queen Charlottes',11.25
NW74BW,51.617216,-0.239234,North,Barnet Hospital,4.08,Royal Free Hospital,8.76,Barnet Hospital,4.08,Queen Charlottes',11.15
NW74BX,51.615474,-0.24115,North,Barnet Hospital,4.31,Royal Free Hospital,8.68,Barnet Hospital,4.31,Queen Charlottes',10.95
NW74BY,51.61646,-0.236764,North,Barnet Hospital,4.09,Royal Free Hospital,8.59,Barnet Hospital,4.09,Queen Charlottes',11.06
NW74DA,51.616164,-0.236805,North,Barnet Hospital,4.12,Royal Free Hospital,8.56,Barnet Hospital,4.12,Queen Charlottes',11.03
NW74DB,51.617438,-0.23664,North,Barnet Hospital,3.98,Royal Free Hospital,8.67,Barnet Hospital,3.98,Queen Charlottes',11.17
NW74DD,51.618226,-0.236407,North,Barnet Hospital,3.9,Royal Free Hospital,8.74,Barnet Hospital,3.9,Queen Charlottes',11.26
NW74DE,51.618102,-0.236527,North,Barnet Hospital,3.91,Royal Free Hospital,8.73,Barnet Hospital,3.91,Queen Charlottes',11.24
NW74DF,51.618949,-0.234833,North,Barnet Hospital,3.78,Royal Free Hospital,8.74,Barnet Hospital,3.78,Queen Charlottes',11.34
NW74DG,51.618817,-0.235647,North,Barnet Hospital,3.82,Royal Free Hospital,8.76,Barnet Hospital,3.82,Queen Charlottes',11.32
NW74DH,51.618252,-0.234513,North,Barnet Hospital,3.85,Royal Free Hospital,8.67,Barnet Hospital,3.85,Queen Charlottes',11.26
NW74DJ,51.618789,-0.236197,North,Barnet Hospital,3.83,Royal Free Hospital,8.78,Barnet Hospital,3.83,Queen Charlottes',11.32
NW74DL,51.619583,-0.237553,North,Barnet Hospital,3.79,Royal Free Hospital,8.91,Barnet Hospital,3.79,Queen Charlottes',11.41
NW74DN,51.620079,-0.236422,North,Barnet Hospital,3.71,Royal Free Hospital,8.91,Barnet Hospital,3.71,Queen Charlottes',11.46
NW74DP,51.620093,-0.235612,North,Barnet Hospital,3.68,Royal Free Hospital,8.88,Barnet Hospital,3.68,Queen Charlottes',11.46
NW74DQ,51.618296,-0.23509,North,Barnet Hospital,3.86,Royal Free Hospital,8.69,Barnet Hospital,3.86,Queen Charlottes',11.26
NW74DR,51.619383,-0.235004,North,Barnet Hospital,3.74,Royal Free Hospital,8.79,Barnet Hospital,3.74,Queen Charlottes',11.38
NW74DS,51.619558,-0.235272,North,Barnet Hospital,3.73,Royal Free Hospital,8.82,Barnet Hospital,3.73,Queen Charlottes',11.4
NW74DT,51.618949,-0.234833,North,Barnet Hospital,3.78,Royal Free Hospital,8.74,Barnet Hospital,3.78,Queen Charlottes',11.34
NW74DU,51.619867,-0.234884,North,Barnet Hospital,3.69,Royal Free Hospital,8.83,Barnet Hospital,3.69,Queen Charlottes',11.44
NW74DW,51.620746,-0.234763,North,Barnet Hospital,3.59,Royal Free Hospital,8.91,Barnet Hospital,3.59,Queen Charlottes',11.54
NW74DX,51.619781,-0.235162,North,Barnet Hospital,3.7,Royal Free Hospital,8.83,Barnet Hospital,3.7,Queen Charlottes',11.43
NW74DY,51.621374,-0.234652,North,Barnet Hospital,3.53,Royal Free Hospital,8.96,Barnet Hospital,3.53,Queen Charlottes',11.61
NW74DZ,51.615474,-0.24115,North,Barnet Hospital,4.31,Royal Free Hospital,8.68,Barnet Hospital,4.31,Queen Charlottes',10.95
NW74EA,51.620936,-0.234236,North,Barnet Hospital,3.56,Royal Free Hospital,8.91,Barnet Hospital,3.56,Queen Charlottes',11.56
NW74EB,51.622258,-0.23482,North,Barnet Hospital,3.44,Royal Free Hospital,9.05,Barnet Hospital,3.44,Queen Charlottes',11.7
NW74ED,51.623124,-0.235047,North,Barnet Hospital,3.36,Royal Free Hospital,9.14,Barnet Hospital,3.36,Queen Charlottes',11.8
NW74EE,51.618296,-0.23509,North,Barnet Hospital,3.86,Royal Free Hospital,8.69,Barnet Hospital,3.86,Queen Charlottes',11.26
NW74EF,51.615474,-0.24115,North,Barnet Hospital,4.31,Royal Free Hospital,8.68,Barnet Hospital,4.31,Queen Charlottes',10.95
NW74EH,51.623672,-0.236774,North,Barnet Hospital,3.35,Royal Free Hospital,9.26,Barnet Hospital,3.35,Queen Charlottes',11.86
NW74EN,51.620217,-0.234249,North,Barnet Hospital,3.64,Royal Free Hospital,8.84,Barnet Hospital,3.64,Queen Charlottes',11.48
NW74EP,51.615437,-0.241094,North,Barnet Hospital,4.31,Royal Free Hospital,8.67,Barnet Hospital,4.31,Queen Charlottes',10.95
NW74EQ,51.623944,-0.236922,North,Barnet Hospital,3.33,Royal Free Hospital,9.29,Barnet Hospital,3.33,Queen Charlottes',11.89
NW74ER,51.62427,-0.236519,North,Barnet Hospital,3.29,Royal Free Hospital,9.31,Barnet Hospital,3.29,Queen Charlottes',11.93
NW74ES,51.624638,-0.236462,North,Barnet Hospital,3.25,Royal Free Hospital,9.34,Barnet Hospital,3.25,Queen Charlottes',11.97
NW74ET,51.625646,-0.238301,North,Barnet Hospital,3.21,Royal Free Hospital,9.5,Barnet Hospital,3.21,Queen Charlottes',12.08
NW74EU,51.626759,-0.240555,North,Barnet Hospital,3.19,Royal Free Hospital,9.69,Barnet Hospital,3.19,Queen Charlottes',12.21
NW74EX,51.627603,-0.241071,North,Barnet Hospital,3.13,Royal Free Hospital,9.79,Barnet Hospital,3.13,Queen Charlottes',12.3
NW74EY,51.627119,-0.241813,North,Barnet Hospital,3.2,Royal Free Hospital,9.77,Barnet Hospital,3.2,Queen Charlottes',12.25
NW74HA,51.627704,-0.241804,North,Barnet Hospital,3.15,Royal Free Hospital,9.82,Barnet Hospital,3.15,Queen Charlottes',12.32
NW74HB,51.628636,-0.239832,North,Barnet Hospital,2.98,Royal Free Hospital,9.84,Barnet Hospital,2.98,Queen Charlottes',12.42
NW74HD,51.628745,-0.240493,North,Barnet Hospital,3.0,Royal Free Hospital,9.87,Barnet Hospital,3.0,Queen Charlottes',12.43
NW74HE,51.628868,-0.240271,North,Barnet Hospital,2.98,Royal Free Hospital,9.88,Barnet Hospital,2.98,Queen Charlottes',12.44
NW74HF,51.621762,-0.243132,North,Barnet Hospital,3.75,Royal Free Hospital,9.33,Barnet Hospital,3.75,Queen Charlottes',11.66
NW74HG,51.628989,-0.239949,North,Barnet Hospital,2.96,Royal Free Hospital,9.88,Barnet Hospital,2.96,Queen Charlottes',12.46
NW74HH,51.631835,-0.242671,North,Barnet Hospital,2.83,Royal Free Hospital,10.24,Barnet Hospital,2.83,Queen Charlottes',12.78
NW74HJ,51.632216,-0.242902,North,Barnet Hospital,2.81,Royal Free Hospital,10.29,Barnet Hospital,2.81,Queen Charlottes',12.82
NW74HL,51.631845,-0.242743,North,Barnet Hospital,2.83,Royal Free Hospital,10.25,Barnet Hospital,2.83,Queen Charlottes',12.78
NW74HN,51.629702,-0.23956,North,Barnet Hospital,2.88,Royal Free Hospital,9.93,Barnet Hospital,2.88,Queen Charlottes',12.53
NW74HP,51.629283,-0.237958,North,Barnet Hospital,2.85,Royal Free Hospital,9.83,Barnet Hospital,2.85,Queen Charlottes',12.49
NW74HQ,51.63074,-0.2416,North,Barnet Hospital,2.87,Royal Free Hospital,10.1,Barnet Hospital,2.87,Queen Charlottes',12.65
NW74HR,51.635681,-0.23651,North,Barnet Hospital,2.23,Royal Free Hospital,10.4,Barnet Hospital,2.23,Queen Charlottes',13.2
NW74HS,51.639657,-0.240171,North,Barnet Hospital,2.12,Royal Free Hospital,10.91,Barnet Hospital,2.12,Queen Charlottes',13.64
NW74HT,51.640007,-0.241357,North,Barnet Hospital,2.16,Royal Free Hospital,10.99,Barnet Hospital,2.16,Queen Charlottes',13.68
NW74HU,51.638665,-0.25326,North,Barnet Hospital,2.95,Royal Free Hospital,11.28,Barnet Hospital,2.95,Queen Charlottes',13.58
NW74HW,51.629798,-0.238747,North,Barnet Hospital,2.84,Royal Free Hospital,9.91,Barnet Hospital,2.84,Queen Charlottes',12.54
NW74HX,51.624285,-0.236894,North,Barnet Hospital,3.3,Royal Free Hospital,9.32,Barnet Hospital,3.3,Queen Charlottes',11.93
NW74HY,51.623248,-0.236718,North,Barnet Hospital,3.39,Royal Free Hospital,9.22,Barnet Hospital,3.39,Queen Charlottes',11.81
NW74HZ,51.640555,-0.240715,North,Barnet Hospital,2.09,Royal Free Hospital,11.02,Barnet Hospital,2.09,Queen Charlottes',13.74
NW74JA,51.618201,-0.244974,North,Barnet Hospital,4.16,Royal Free Hospital,9.08,Barnet Hospital,4.16,Queen Charlottes',11.27
NW74JB,51.61818,-0.243531,North,Barnet Hospital,4.11,Royal Free Hospital,9.02,Barnet Hospital,4.11,Queen Charlottes',11.26
NW74JD,51.61818,-0.243531,North,Barnet Hospital,4.11,Royal Free Hospital,9.02,Barnet Hospital,4.11,Queen Charlottes',11.26
NW74JE,51.617461,-0.244743,North,Barnet Hospital,4.22,Royal Free Hospital,9.01,Barnet Hospital,4.22,Queen Charlottes',11.19
NW74JG,51.618201,-0.244974,North,Barnet Hospital,4.16,Royal Free Hospital,9.08,Barnet Hospital,4.16,Queen Charlottes',11.27
NW74JH,51.618922,-0.245062,North,Barnet Hospital,4.09,Royal Free Hospital,9.15,Barnet Hospital,4.09,Queen Charlottes',11.35
NW74JJ,51.620002,-0.244544,North,Barnet Hospital,3.97,Royal Free Hospital,9.22,Barnet Hospital,3.97,Queen Charlottes',11.47
NW74JL,51.622525,-0.241875,North,Barnet Hospital,3.63,Royal Free Hospital,9.35,Barnet Hospital,3.63,Queen Charlottes',11.74
NW74JN,51.623035,-0.24291,North,Barnet Hospital,3.62,Royal Free Hospital,9.43,Barnet Hospital,3.62,Queen Charlottes',11.8
NW74JP,51.624125,-0.241827,North,Barnet Hospital,3.48,Royal Free Hospital,9.49,Barnet Hospital,3.48,Queen Charlottes',11.92
NW74JQ,51.615474,-0.24115,North,Barnet Hospital,4.31,Royal Free Hospital,8.68,Barnet Hospital,4.31,Queen Charlottes',10.95
NW74JR,51.62337,-0.242463,North,Barnet Hospital,3.57,Royal Free Hospital,9.45,Barnet Hospital,3.57,Queen Charlottes',11.84
NW74JS,51.624112,-0.237956,North,Barnet Hospital,3.35,Royal Free Hospital,9.34,Barnet Hospital,3.35,Queen Charlottes',11.91
NW74JT,51.625323,-0.238935,North,Barnet Hospital,3.26,Royal Free Hospital,9.49,Barnet Hospital,3.26,Queen Charlottes',12.05
NW74JU,51.625181,-0.239677,North,Barnet Hospital,3.3,Royal Free Hospital,9.51,Barnet Hospital,3.3,Queen Charlottes',12.03
NW74JW,51.624428,-0.2404,North,Barnet Hospital,3.4,Royal Free Hospital,9.46,Barnet Hospital,3.4,Queen Charlottes',11.95
NW74JX,51.620494,-0.241318,North,Barnet Hospital,3.81,Royal Free Hospital,9.14,Barnet Hospital,3.81,Queen Charlottes',11.51
NW74JY,51.621368,-0.242671,North,Barnet Hospital,3.77,Royal Free Hospital,9.27,Barnet Hospital,3.77,Queen Charlottes',11.61
NW74JZ,51.620414,-0.240829,North,Barnet Hospital,3.8,Royal Free Hospital,9.11,Barnet Hospital,3.8,Queen Charlottes',11.5
NW74LA,51.615419,-0.239304,North,Barnet Hospital,4.26,Royal Free Hospital,8.6,Barnet Hospital,4.26,Queen Charlottes',10.95
NW74LE,51.625169,-0.246714,North,Barnet Hospital,3.58,Royal Free Hospital,9.78,Barnet Hospital,3.58,Queen Charlottes',12.05
NW74LG,51.626202,-0.24299,North,Barnet Hospital,3.33,Royal Free Hospital,9.73,Barnet Hospital,3.33,Queen Charlottes',12.15
NW74LH,51.625496,-0.248724,North,Barnet Hospital,3.63,Royal Free Hospital,9.89,Barnet Hospital,3.63,Queen Charlottes',12.09
NW74LJ,51.625856,-0.248147,North,Barnet Hospital,3.58,Royal Free Hospital,9.9,Barnet Hospital,3.58,Queen Charlottes',12.13
NW74LL,51.627753,-0.246311,North,Barnet Hospital,3.33,Royal Free Hospital,10.0,Barnet Hospital,3.33,Queen Charlottes',12.33
NW74LN,51.628895,-0.247495,North,Barnet Hospital,3.29,Royal Free Hospital,10.15,Barnet Hospital,3.29,Queen Charlottes',12.47
NW74LP,51.627297,-0.247687,North,Barnet Hospital,3.43,Royal Free Hospital,10.01,Barnet Hospital,3.43,Queen Charlottes',12.29
NW74LR,51.626455,-0.249742,North,Barnet Hospital,3.6,Royal Free Hospital,10.02,Barnet Hospital,3.6,Queen Charlottes',12.21
NW74LS,51.625588,-0.25005,North,Barnet Hospital,3.69,Royal Free Hospital,9.95,Barnet Hospital,3.69,Queen Charlottes',12.11
NW74LT,51.627328,-0.25098,North,Barnet Hospital,3.58,Royal Free Hospital,10.14,Barnet Hospital,3.58,Queen Charlottes',12.31
NW74LU,51.627302,-0.250432,North,Barnet Hospital,3.56,Royal Free Hospital,10.12,Barnet Hospital,3.56,Queen Charlottes',12.3
NW74LX,51.627566,-0.248225,North,Barnet Hospital,3.44,Royal Free Hospital,10.06,Barnet Hospital,3.44,Queen Charlottes',12.32
NW74LY,51.627863,-0.248864,North,Barnet Hospital,3.44,Royal Free Hospital,10.11,Barnet Hospital,3.44,Queen Charlottes',12.36
NW74NA,51.627945,-0.245928,North,Barnet Hospital,3.3,Royal Free Hospital,10.0,Barnet Hospital,3.3,Queen Charlottes',12.35
NW74NB,51.623615,-0.24621,North,Barnet Hospital,3.69,Royal Free Hospital,9.62,Barnet Hospital,3.69,Queen Charlottes',11.87
NW74NF,51.619122,-0.246383,North,Barnet Hospital,4.12,Royal Free Hospital,9.22,Barnet Hospital,4.12,Queen Charlottes',11.38
NW74NH,51.62075,-0.247058,North,Barnet Hospital,3.99,Royal Free Hospital,9.39,Barnet Hospital,3.99,Queen Charlottes',11.56
NW74NJ,51.621052,-0.246815,North,Barnet Hospital,3.95,Royal Free Hospital,9.41,Barnet Hospital,3.95,Queen Charlottes',11.59
NW74NL,51.621205,-0.246216,North,Barnet Hospital,3.92,Royal Free Hospital,9.4,Barnet Hospital,3.92,Queen Charlottes',11.61
NW74NN,51.62148,-0.245917,North,Barnet Hospital,3.88,Royal Free Hospital,9.41,Barnet Hospital,3.88,Queen Charlottes',11.64
NW74NP,51.623262,-0.246628,North,Barnet Hospital,3.74,Royal Free Hospital,9.6,Barnet Hospital,3.74,Queen Charlottes',11.84
NW74NQ,51.615474,-0.24115,North,Barnet Hospital,4.31,Royal Free Hospital,8.68,Barnet Hospital,4.31,Queen Charlottes',10.95
NW74NR,51.623366,-0.245801,North,Barnet Hospital,3.7,Royal Free Hospital,9.58,Barnet Hospital,3.7,Queen Charlottes',11.85
NW74NS,51.623569,-0.247368,North,Barnet Hospital,3.75,Royal Free Hospital,9.66,Barnet Hospital,3.75,Queen Charlottes',11.87
NW74NT,51.624395,-0.247856,North,Barnet Hospital,3.69,Royal Free Hospital,9.75,Barnet Hospital,3.69,Queen Charlottes',11.97
NW74NU,51.62461,-0.247198,North,Barnet Hospital,3.65,Royal Free Hospital,9.75,Barnet Hospital,3.65,Queen Charlottes',11.99
NW74NX,51.624723,-0.24572,North,Barnet Hospital,3.57,Royal Free Hospital,9.7,Barnet Hospital,3.57,Queen Charlottes',12.0
NW74NY,51.624268,-0.244148,North,Barnet Hospital,3.55,Royal Free Hospital,9.59,Barnet Hospital,3.55,Queen Charlottes',11.94
NW74PA,51.625406,-0.242702,North,Barnet Hospital,3.39,Royal Free Hospital,9.64,Barnet Hospital,3.39,Queen Charlottes',12.06
NW74PB,51.625342,-0.242011,North,Barnet Hospital,3.37,Royal Free Hospital,9.61,Barnet Hospital,3.37,Queen Charlottes',12.05
NW74PD,51.626062,-0.241478,North,Barnet Hospital,3.29,Royal Free Hospital,9.66,Barnet Hospital,3.29,Queen Charlottes',12.13
NW74PE,51.626512,-0.241518,North,Barnet Hospital,3.25,Royal Free Hospital,9.7,Barnet Hospital,3.25,Queen Charlottes',12.18
NW74PG,51.624318,-0.246906,North,Barnet Hospital,3.66,Royal Free Hospital,9.71,Barnet Hospital,3.66,Queen Charlottes',11.96
NW74PL,51.625054,-0.243814,North,Barnet Hospital,3.47,Royal Free Hospital,9.65,Barnet Hospital,3.47,Queen Charlottes',12.03
NW74PN,51.615474,-0.24115,North,Barnet Hospital,4.31,Royal Free Hospital,8.68,Barnet Hospital,4.31,Queen Charlottes',10.95
NW74PP,51.620694,-0.248692,North,Barnet Hospital,4.06,Royal Free Hospital,9.46,Barnet Hospital,4.06,Queen Charlottes',11.56
NW74PR,51.620442,-0.24928,North,Barnet Hospital,4.11,Royal Free Hospital,9.46,Barnet Hospital,4.11,Queen Charlottes',11.54
NW74PS,51.622646,-0.248762,North,Barnet Hospital,3.89,Royal Free Hospital,9.63,Barnet Hospital,3.89,Queen Charlottes',11.78
NW74PT,51.621564,-0.25097,North,Barnet Hospital,4.07,Royal Free Hospital,9.63,Barnet Hospital,4.07,Queen Charlottes',11.67
NW74PU,51.621844,-0.250439,North,Barnet Hospital,4.03,Royal Free Hospital,9.63,Barnet Hospital,4.03,Queen Charlottes',11.7
NW74PW,51.622738,-0.247689,North,Barnet Hospital,3.83,Royal Free Hospital,9.6,Barnet Hospital,3.83,Queen Charlottes',11.78
NW74PX,51.62178,-0.252204,North,Barnet Hospital,4.11,Royal Free Hospital,9.7,Barnet Hospital,4.11,Queen Charlottes',11.7
NW74PY,51.621475,-0.253487,North,Barnet Hospital,4.19,Royal Free Hospital,9.73,Barnet Hospital,4.19,Queen Charlottes',11.68
NW74PZ,51.621925,-0.253499,North,Barnet Hospital,4.15,Royal Free Hospital,9.77,Barnet Hospital,4.15,Queen Charlottes',11.73
NW74QA,51.622016,-0.252947,North,Barnet Hospital,4.12,Royal Free Hospital,9.75,Barnet Hospital,4.12,Queen Charlottes',11.73
NW74QB,51.6223,-0.252127,North,Barnet Hospital,4.06,Royal Free Hospital,9.74,Barnet Hospital,4.06,Queen Charlottes',11.76
NW74QD,51.623272,-0.250948,North,Barnet Hospital,3.92,Royal Free Hospital,9.78,Barnet Hospital,3.92,Queen Charlottes',11.86
NW74QE,51.623187,-0.250099,North,Barnet Hospital,3.89,Royal Free Hospital,9.74,Barnet Hospital,3.89,Queen Charlottes',11.85
NW74QF,51.615474,-0.24115,North,Barnet Hospital,4.31,Royal Free Hospital,8.68,Barnet Hospital,4.31,Queen Charlottes',10.95
NW74QG,51.624762,-0.250183,North,Barnet Hospital,3.76,Royal Free Hospital,9.88,Barnet Hospital,3.76,Queen Charlottes',12.02
NW74QH,51.623989,-0.251412,North,Barnet Hospital,3.88,Royal Free Hospital,9.86,Barnet Hospital,3.88,Queen Charlottes',11.94
NW74QJ,51.624099,-0.252173,North,Barnet Hospital,3.91,Royal Free Hospital,9.9,Barnet Hospital,3.91,Queen Charlottes',11.96
NW74QL,51.623846,-0.253266,North,Barnet Hospital,3.98,Royal Free Hospital,9.93,Barnet Hospital,3.98,Queen Charlottes',11.94
NW74QN,51.623108,-0.253223,North,Barnet Hospital,4.04,Royal Free Hospital,9.86,Barnet Hospital,4.04,Queen Charlottes',11.86
NW74QP,51.622742,-0.252789,North,Barnet Hospital,4.05,Royal Free Hospital,9.81,Barnet Hospital,4.05,Queen Charlottes',11.81
NW74QR,51.622824,-0.253465,North,Barnet Hospital,4.07,Royal Free Hospital,9.85,Barnet Hospital,4.07,Queen Charlottes',11.83
NW74QS,51.618393,-0.247596,North,Barnet Hospital,4.23,Royal Free Hospital,9.21,Barnet Hospital,4.23,Queen Charlottes',11.3
NW74QT,51.618244,-0.247862,North,Barnet Hospital,4.26,Royal Free Hospital,9.21,Barnet Hospital,4.26,Queen Charlottes',11.29
NW74QW,51.621762,-0.243132,North,Barnet Hospital,3.75,Royal Free Hospital,9.33,Barnet Hospital,3.75,Queen Charlottes',11.66
NW74RA,51.618821,-0.247349,North,Barnet Hospital,4.18,Royal Free Hospital,9.24,Barnet Hospital,4.18,Queen Charlottes',11.35
NW74RB,51.618882,-0.246595,North,Barnet Hospital,4.15,Royal Free Hospital,9.21,Barnet Hospital,4.15,Queen Charlottes',11.35
NW74RD,51.621625,-0.244842,North,Barnet Hospital,3.83,Royal Free Hospital,9.38,Barnet Hospital,3.83,Queen Charlottes',11.65
NW74RE,51.62266,-0.243704,North,Barnet Hospital,3.69,Royal Free Hospital,9.43,Barnet Hospital,3.69,Queen Charlottes',11.76
NW74RF,51.621775,-0.243392,North,Barnet Hospital,3.76,Royal Free Hospital,9.34,Barnet Hospital,3.76,Queen Charlottes',11.66
NW74RG,51.621797,-0.244272,North,Barnet Hospital,3.79,Royal Free Hospital,9.37,Barnet Hospital,3.79,Queen Charlottes',11.67
NW74RH,51.615484,-0.243635,North,Barnet Hospital,4.38,Royal Free Hospital,8.79,Barnet Hospital,4.38,Queen Charlottes',10.96
NW74RJ,51.615474,-0.24115,North,Barnet Hospital,4.31,Royal Free Hospital,8.68,Barnet Hospital,4.31,Queen Charlottes',10.95
NW74RL,51.616045,-0.243266,North,Barnet Hospital,4.31,Royal Free Hospital,8.82,Barnet Hospital,4.31,Queen Charlottes',11.02
NW74RN,51.616644,-0.245468,North,Barnet Hospital,4.32,Royal Free Hospital,8.97,Barnet Hospital,4.32,Queen Charlottes',11.1
NW74RP,51.616563,-0.245456,North,Barnet Hospital,4.33,Royal Free Hospital,8.96,Barnet Hospital,4.33,Queen Charlottes',11.09
NW74RQ,51.619078,-0.243496,North,Barnet Hospital,4.02,Royal Free Hospital,9.1,Barnet Hospital,4.02,Queen Charlottes',11.36
NW74RR,51.617477,-0.247675,North,Barnet Hospital,4.32,Royal Free Hospital,9.13,Barnet Hospital,4.32,Queen Charlottes',11.2
NW74RS,51.616176,-0.243016,North,Barnet Hospital,4.29,Royal Free Hospital,8.82,Barnet Hospital,4.29,Queen Charlottes',11.04
NW74RT,51.615982,-0.243904,North,Barnet Hospital,4.34,Royal Free Hospital,8.84,Barnet Hospital,4.34,Queen Charlottes',11.02
NW74RU,51.61561,-0.243052,North,Barnet Hospital,4.35,Royal Free Hospital,8.77,Barnet Hospital,4.35,Queen Charlottes',10.97
NW74RW,51.616419,-0.243642,North,Barnet Hospital,4.29,Royal Free Hospital,8.87,Barnet Hospital,4.29,Queen Charlottes',11.07
NW74RX,51.616142,-0.242555,North,Barnet Hospital,4.28,Royal Free Hospital,8.8,Barnet Hospital,4.28,Queen Charlottes',11.03
NW74RY,51.616542,-0.241629,North,Barnet Hospital,4.21,Royal Free Hospital,8.79,Barnet Hospital,4.21,Queen Charlottes',11.07
NW74RZ,51.615474,-0.24115,North,Barnet Hospital,4.31,Royal Free Hospital,8.68,Barnet Hospital,4.31,Queen Charlottes',10.95
NW74SA,51.616938,-0.242278,North,Barnet Hospital,4.19,Royal Free Hospital,8.86,Barnet Hospital,4.19,Queen Charlottes',11.12
NW74SB,51.616762,-0.243109,North,Barnet Hospital,4.24,Royal Free Hospital,8.88,Barnet Hospital,4.24,Queen Charlottes',11.1
NW74SD,51.615945,-0.241378,North,Barnet Hospital,4.27,Royal Free Hospital,8.73,Barnet Hospital,4.27,Queen Charlottes',11.01
NW74SE,51.615714,-0.23922,North,Barnet Hospital,4.23,Royal Free Hospital,8.62,Barnet Hospital,4.23,Queen Charlottes',10.98
NW74SF,51.617345,-0.244256,North,Barnet Hospital,4.22,Royal Free Hospital,8.98,Barnet Hospital,4.22,Queen Charlottes',11.17
NW74SG,51.615829,-0.239634,North,Barnet Hospital,4.23,Royal Free Hospital,8.65,Barnet Hospital,4.23,Queen Charlottes',10.99
NW74SH,51.615599,-0.238141,North,Barnet Hospital,4.21,Royal Free Hospital,8.57,Barnet Hospital,4.21,Queen Charlottes',10.96
NW74SJ,51.615514,-0.237249,North,Barnet Hospital,4.2,Royal Free Hospital,8.52,Barnet Hospital,4.2,Queen Charlottes',10.95
NW74SL,51.6154,-0.24046,North,Barnet Hospital,4.29,Royal Free Hospital,8.64,Barnet Hospital,4.29,Queen Charlottes',10.95
NW74SN,51.615505,-0.241453,North,Barnet Hospital,4.31,Royal Free Hospital,8.7,Barnet Hospital,4.31,Queen Charlottes',10.96
NW74SP,51.616339,-0.240712,North,Barnet Hospital,4.21,Royal Free Hospital,8.74,Barnet Hospital,4.21,Queen Charlottes',11.05
NW74SQ,51.616296,-0.237825,North,Barnet Hospital,4.13,Royal Free Hospital,8.62,Barnet Hospital,4.13,Queen Charlottes',11.04
NW74SR,51.615455,-0.241079,North,Barnet Hospital,4.31,Royal Free Hospital,8.68,Barnet Hospital,4.31,Queen Charlottes',10.95
NW74SS,51.616339,-0.240712,North,Barnet Hospital,4.21,Royal Free Hospital,8.74,Barnet Hospital,4.21,Queen Charlottes',11.05
NW74ST,51.615643,-0.241649,North,Barnet Hospital,4.3,Royal Free Hospital,8.72,Barnet Hospital,4.3,Queen Charlottes',10.97
NW74SU,51.615419,-0.239304,North,Barnet Hospital,4.26,Royal Free Hospital,8.6,Barnet Hospital,4.26,Queen Charlottes',10.95
NW74SW,51.616318,-0.239269,North,Barnet Hospital,4.17,Royal Free Hospital,8.68,Barnet Hospital,4.17,Queen Charlottes',11.05
NW74SX,51.618064,-0.248461,North,Barnet Hospital,4.29,Royal Free Hospital,9.22,Barnet Hospital,4.29,Queen Charlottes',11.27
NW74SY,51.616326,-0.242851,North,Barnet Hospital,4.27,Royal Free Hospital,8.83,Barnet Hospital,4.27,Queen Charlottes',11.05
NW74TA,51.616339,-0.240712,North,Barnet Hospital,4.21,Royal Free Hospital,8.74,Barnet Hospital,4.21,Queen Charlottes',11.05
NW74TB,51.616435,-0.245346,North,Barnet Hospital,4.34,Royal Free Hospital,8.94,Barnet Hospital,4.34,Queen Charlottes',11.07
NW74TD,51.61658,-0.245384,North,Barnet Hospital,4.33,Royal Free Hospital,8.96,Barnet Hospital,4.33,Queen Charlottes',11.09
NW74WA,51.615455,-0.241079,North,Barnet Hospital,4.31,Royal Free Hospital,8.68,Barnet Hospital,4.31,Queen Charlottes',10.95
NW74WB,51.615474,-0.24115,North,Barnet Hospital,4.31,Royal Free Hospital,8.68,Barnet Hospital,4.31,Queen Charlottes',10.95
NW74WD,51.621909,-0.243329,North,Barnet Hospital,3.74,Royal Free Hospital,9.35,Barnet Hospital,3.74,Queen Charlottes',11.68
NW74WE,51.615437,-0.241094,North,Barnet Hospital,4.31,Royal Free Hospital,8.67,Barnet Hospital,4.31,Queen Charlottes',10.95
NW74WF,51.615474,-0.24115,North,Barnet Hospital,4.31,Royal Free Hospital,8.68,Barnet Hospital,4.31,Queen Charlottes',10.95
NW74WG,51.615474,-0.24115,North,Barnet Hospital,4.31,Royal Free Hospital,8.68,Barnet Hospital,4.31,Queen Charlottes',10.95
NW74WH,51.615474,-0.24115,North,Barnet Hospital,4.31,Royal Free Hospital,8.68,Barnet Hospital,4.31,Queen Charlottes',10.95
NW74WJ,51.621826,-0.243245,North,Barnet Hospital,3.75,Royal Free Hospital,9.34,Barnet Hospital,3.75,Queen Charlottes',11.67
NW74WL,51.621909,-0.243329,North,Barnet Hospital,3.74,Royal Free Hospital,9.35,Barnet Hospital,3.74,Queen Charlottes',11.68
NW74WN,51.621826,-0.243245,North,Barnet Hospital,3.75,Royal Free Hospital,9.34,Barnet Hospital,3.75,Queen Charlottes',11.67
NW74WP,51.615474,-0.24115,North,Barnet Hospital,4.31,Royal Free Hospital,8.68,Barnet Hospital,4.31,Queen Charlottes',10.95
NW74WQ,51.615474,-0.24115,North,Barnet Hospital,4.31,Royal Free Hospital,8.68,Barnet Hospital,4.31,Queen Charlottes',10.95
NW74WR,51.615474,-0.24115,North,Barnet Hospital,4.31,Royal Free Hospital,8.68,Barnet Hospital,4.31,Queen Charlottes',10.95
NW74WS,51.615474,-0.24115,North,Barnet Hospital,4.31,Royal Free Hospital,8.68,Barnet Hospital,4.31,Queen Charlottes',10.95
NW74WT,51.615437,-0.241094,North,Barnet Hospital,4.31,Royal Free Hospital,8.67,Barnet Hospital,4.31,Queen Charlottes',10.95
NW74WU,51.615474,-0.24115,North,Barnet Hospital,4.31,Royal Free Hospital,8.68,Barnet Hospital,4.31,Queen Charlottes',10.95
NW74WW,51.615474,-0.24115,North,Barnet Hospital,4.31,Royal Free Hospital,8.68,Barnet Hospital,4.31,Queen Charlottes',10.95
NW74WX,51.615455,-0.241079,North,Barnet Hospital,4.31,Royal Free Hospital,8.68,Barnet Hospital,4.31,Queen Charlottes',10.95
NW74WY,51.615474,-0.24115,North,Barnet Hospital,4.31,Royal Free Hospital,8.68,Barnet Hospital,4.31,Queen Charlottes',10.95
NW74WZ,51.615474,-0.24115,North,Barnet Hospital,4.31,Royal Free Hospital,8.68,Barnet Hospital,4.31,Queen Charlottes',10.95
NW74XA,51.615474,-0.24115,North,Barnet Hospital,4.31,Royal Free Hospital,8.68,Barnet Hospital,4.31,Queen Charlottes',10.95
NW74XG,51.615474,-0.24115,North,Barnet Hospital,4.31,Royal Free Hospital,8.68,Barnet Hospital,4.31,Queen Charlottes',10.95
NW74XT,51.615474,-0.24115,North,Barnet Hospital,4.31,Royal Free Hospital,8.68,Barnet Hospital,4.31,Queen Charlottes',10.95
NW74XU,51.615474,-0.24115,North,Barnet Hospital,4.31,Royal Free Hospital,8.68,Barnet Hospital,4.31,Queen Charlottes',10.95
NW74XW,51.615474,-0.24115,North,Barnet Hospital,4.31,Royal Free Hospital,8.68,Barnet Hospital,4.31,Queen Charlottes',10.95
NW74XY,51.615474,-0.24115,North,Barnet Hospital,4.31,Royal Free Hospital,8.68,Barnet Hospital,4.31,Queen Charlottes',10.95
NW74XZ,51.615474,-0.24115,North,Barnet Hospital,4.31,Royal Free Hospital,8.68,Barnet Hospital,4.31,Queen Charlottes',10.95
NW74YQ,51.615474,-0.24115,North,Barnet Hospital,4.31,Royal Free Hospital,8.68,Barnet Hospital,4.31,Queen Charlottes',10.95
NW74ZA,51.615474,-0.24115,North,Barnet Hospital,4.31,Royal Free Hospital,8.68,Barnet Hospital,4.31,Queen Charlottes',10.95
NW74ZB,51.621826,-0.243245,North,Barnet Hospital,3.75,Royal Free Hospital,9.34,Barnet Hospital,3.75,Queen Charlottes',11.67
NW74ZD,51.615474,-0.24115,North,Barnet Hospital,4.31,Royal Free Hospital,8.68,Barnet Hospital,4.31,Queen Charlottes',10.95
NW74ZE,51.615474,-0.24115,North,Barnet Hospital,4.31,Royal Free Hospital,8.68,Barnet Hospital,4.31,Queen Charlottes',10.95
NW74ZF,51.615474,-0.24115,North,Barnet Hospital,4.31,Royal Free Hospital,8.68,Barnet Hospital,4.31,Queen Charlottes',10.95
NW74ZG,51.621826,-0.243245,North,Barnet Hospital,3.75,Royal Free Hospital,9.34,Barnet Hospital,3.75,Queen Charlottes',11.67
NW74ZH,51.616552,-0.245341,North,Barnet Hospital,4.33,Royal Free Hospital,8.95,Barnet Hospital,4.33,Queen Charlottes',11.09
NW74ZJ,51.615474,-0.24115,North,Barnet Hospital,4.31,Royal Free Hospital,8.68,Barnet Hospital,4.31,Queen Charlottes',10.95
NW74ZL,51.615474,-0.24115,North,Barnet Hospital,4.31,Royal Free Hospital,8.68,Barnet Hospital,4.31,Queen Charlottes',10.95
NW74ZN,51.615474,-0.24115,North,Barnet Hospital,4.31,Royal Free Hospital,8.68,Barnet Hospital,4.31,Queen Charlottes',10.95
NW74ZQ,51.617303,-0.245009,North,Barnet Hospital,4.25,Royal Free Hospital,9.0,Barnet Hospital,4.25,Queen Charlottes',11.17
NW94AA,51.604891,-0.242426,North,Barnet Hospital,5.43,Royal Free Hospital,7.83,Barnet Hospital,5.43,Queen Charlottes',9.78
NW94AB,51.60464,-0.242493,North,Barnet Hospital,5.46,Royal Free Hospital,7.82,Barnet Hospital,5.46,Queen Charlottes',9.75
NW94AD,51.604157,-0.242035,North,Barnet Hospital,5.5,Royal Free Hospital,7.76,Barnet Hospital,5.5,Queen Charlottes',9.7
NW94AE,51.603501,-0.241483,North,Barnet Hospital,5.55,Royal Free Hospital,7.68,Barnet Hospital,5.55,Queen Charlottes',9.63
NW94AF,51.602927,-0.240999,North,Barnet Hospital,5.6,Royal Free Hospital,7.61,Barnet Hospital,5.6,Queen Charlottes',9.56
NW94AG,51.604401,-0.242748,North,Barnet Hospital,5.49,Royal Free Hospital,7.81,Barnet Hospital,5.49,Queen Charlottes',9.73
NW94AH,51.604236,-0.241902,North,Barnet Hospital,5.49,Royal Free Hospital,7.76,Barnet Hospital,5.49,Queen Charlottes',9.71
NW94AJ,51.603038,-0.240576,North,Barnet Hospital,5.58,Royal Free Hospital,7.6,Barnet Hospital,5.58,Queen Charlottes',9.57
NW94AL,51.604642,-0.241987,North,Barnet Hospital,5.44,Royal Free Hospital,7.79,Barnet Hospital,5.44,Queen Charlottes',9.75
NW94AN,51.604294,-0.241597,North,Barnet Hospital,5.47,Royal Free Hospital,7.75,Barnet Hospital,5.47,Queen Charlottes',9.71
NW94AP,51.603729,-0.241113,North,Barnet Hospital,5.52,Royal Free Hospital,7.68,Barnet Hospital,5.52,Queen Charlottes',9.65
NW94AQ,51.603906,-0.241482,North,Barnet Hospital,5.51,Royal Free Hospital,7.71,Barnet Hospital,5.51,Queen Charlottes',9.67
NW94AR,51.603334,-0.241114,North,Barnet Hospital,5.56,Royal Free Hospital,7.65,Barnet Hospital,5.56,Queen Charlottes',9.61
NW94AS,51.602997,-0.243235,North,Barnet Hospital,5.65,Royal Free Hospital,7.72,Barnet Hospital,5.65,Queen Charlottes',9.57
NW94AT,51.603966,-0.243111,North,Barnet Hospital,5.54,Royal Free Hospital,7.79,Barnet Hospital,5.54,Queen Charlottes',9.68
NW94AU,51.603583,-0.242779,North,Barnet Hospital,5.57,Royal Free Hospital,7.74,Barnet Hospital,5.57,Queen Charlottes',9.64
NW94HD,51.599291,-0.242006,North,Barnet Hospital,6.01,Royal Free Hospital,7.37,Barnet Hospital,6.01,Queen Charlottes',9.16
NW95DZ,51.600382,-0.243365,North,Barnet Hospital,5.92,Royal Free Hospital,7.52,Barnet Hospital,5.92,Queen Charlottes',9.28
NW95FJ,51.600532,-0.245005,North,Barnet Hospital,5.95,Royal Free Hospital,7.61,Barnet Hospital,5.95,Queen Charlottes',9.31
NW95GG,51.600389,-0.24205,North,Barnet Hospital,5.89,Royal Free Hospital,7.46,Barnet Hospital,5.89,Queen Charlottes',9.28
NW95GH,51.603326,-0.248421,North,Barnet Hospital,5.75,Royal Free Hospital,8.0,Barnet Hospital,5.75,Queen Charlottes',9.64
NW95GJ,51.603361,-0.249575,North,Barnet Hospital,5.77,Royal Free Hospital,8.06,Barnet Hospital,5.77,Queen Charlottes',9.65
NW95GL,51.603877,-0.248602,North,Barnet Hospital,5.69,Royal Free Hospital,8.05,Barnet Hospital,5.69,Queen Charlottes',9.7
NW95GN,51.60399,-0.249551,North,Barnet Hospital,5.71,Royal Free Hospital,8.11,Barnet Hospital,5.71,Queen Charlottes',9.72
NW95GP,51.604515,-0.248563,North,Barnet Hospital,5.63,Royal Free Hospital,8.1,Barnet Hospital,5.63,Queen Charlottes',9.77
NW95GR,51.604628,-0.249512,North,Barnet Hospital,5.64,Royal Free Hospital,8.15,Barnet Hospital,5.64,Queen Charlottes',9.79
NW95GS,51.604882,-0.248434,North,Barnet Hospital,5.59,Royal Free Hospital,8.12,Barnet Hospital,5.59,Queen Charlottes',9.81
NW95GT,51.605341,-0.249687,North,Barnet Hospital,5.58,Royal Free Hospital,8.22,Barnet Hospital,5.58,Queen Charlottes',9.87
NW95GU,51.605493,-0.248453,North,Barnet Hospital,5.53,Royal Free Hospital,8.17,Barnet Hospital,5.53,Queen Charlottes',9.88
NW95GY,51.600431,-0.241818,North,Barnet Hospital,5.88,Royal Free Hospital,7.45,Barnet Hospital,5.88,Queen Charlottes',9.28
NW95GZ,51.600638,-0.241867,North,Barnet Hospital,5.86,Royal Free Hospital,7.47,Barnet Hospital,5.86,Queen Charlottes',9.31
NW95JL,51.603316,-0.247743,North,Barnet Hospital,5.73,Royal Free Hospital,7.96,Barnet Hospital,5.73,Queen Charlottes',9.63
NW95JN,51.605696,-0.248186,North,Barnet Hospital,5.5,Royal Free Hospital,8.17,Barnet Hospital,5.5,Queen Charlottes',9.9
NW95LL,51.598946,-0.238164,North,Barnet Hospital,5.97,Royal Free Hospital,7.15,Barnet Hospital,5.97,Queen Charlottes',9.11
NW95NZ,51.600139,-0.23858,North,Barnet Hospital,5.85,Royal Free Hospital,7.27,Barnet Hospital,5.85,Queen Charlottes',9.25
NW95PE,51.600831,-0.240936,North,Barnet Hospital,5.82,Royal Free Hospital,7.44,Barnet Hospital,5.82,Queen Charlottes',9.33
NW95PF,51.599477,-0.242981,North,Barnet Hospital,6.01,Royal Free Hospital,7.43,Barnet Hospital,6.01,Queen Charlottes',9.18
NW95PG,51.599344,-0.241903,North,Barnet Hospital,6.0,Royal Free Hospital,7.37,Barnet Hospital,6.0,Queen Charlottes',9.16
NW95PH,51.5993,-0.242569,North,Barnet Hospital,6.02,Royal Free Hospital,7.4,Barnet Hospital,6.02,Queen Charlottes',9.16
NW95PJ,51.599937,-0.24188,North,Barnet Hospital,5.94,Royal Free Hospital,7.41,Barnet Hospital,5.94,Queen Charlottes',9.23
NW95PL,51.599628,-0.242267,North,Barnet Hospital,5.98,Royal Free Hospital,7.41,Barnet Hospital,5.98,Queen Charlottes',9.2
NW95PN,51.599981,-0.242442,North,Barnet Hospital,5.94,Royal Free Hospital,7.44,Barnet Hospital,5.94,Queen Charlottes',9.24
NW95PP,51.599705,-0.242597,North,Barnet Hospital,5.98,Royal Free Hospital,7.43,Barnet Hospital,5.98,Queen Charlottes',9.21
NW95PR,51.600131,-0.24284,North,Barnet Hospital,5.94,Royal Free Hospital,7.47,Barnet Hospital,5.94,Queen Charlottes',9.25
NW95PS,51.599858,-0.243197,North,Barnet Hospital,5.97,Royal Free Hospital,7.47,Barnet Hospital,5.97,Queen Charlottes',9.23
NW95PU,51.600327,-0.24393,North,Barnet Hospital,5.94,Royal Free Hospital,7.54,Barnet Hospital,5.94,Queen Charlottes',9.28
NW95PX,51.600882,-0.243764,North,Barnet Hospital,5.88,Royal Free Hospital,7.58,Barnet Hospital,5.88,Queen Charlottes',9.34
NW95QA,51.600573,-0.242939,North,Barnet Hospital,5.89,Royal Free Hospital,7.51,Barnet Hospital,5.89,Queen Charlottes',9.3
NW95QB,51.60044,-0.242424,North,Barnet Hospital,5.9,Royal Free Hospital,7.48,Barnet Hospital,5.9,Queen Charlottes',9.29
NW95QH,51.600855,-0.24313,North,Barnet Hospital,5.87,Royal Free Hospital,7.55,Barnet Hospital,5.87,Queen Charlottes',9.34
NW95QJ,51.601134,-0.242527,North,Barnet Hospital,5.83,Royal Free Hospital,7.54,Barnet Hospital,5.83,Queen Charlottes',9.37
NW95QL,51.601596,-0.242163,North,Barnet Hospital,5.77,Royal Free Hospital,7.56,Barnet Hospital,5.77,Queen Charlottes',9.42
NW95QN,51.601747,-0.242648,North,Barnet Hospital,5.76,Royal Free Hospital,7.59,Barnet Hospital,5.76,Queen Charlottes',9.43
NW95QP,51.601426,-0.242805,North,Barnet Hospital,5.8,Royal Free Hospital,7.57,Barnet Hospital,5.8,Queen Charlottes',9.4
NW95QR,51.601423,-0.243238,North,Barnet Hospital,5.81,Royal Free Hospital,7.6,Barnet Hospital,5.81,Queen Charlottes',9.4
NW95QS,51.601748,-0.243312,North,Barnet Hospital,5.78,Royal Free Hospital,7.62,Barnet Hospital,5.78,Queen Charlottes',9.44
NW95QT,51.602046,-0.24281,North,Barnet Hospital,5.74,Royal Free Hospital,7.62,Barnet Hospital,5.74,Queen Charlottes',9.47
NW95QU,51.602065,-0.24226,North,Barnet Hospital,5.72,Royal Free Hospital,7.6,Barnet Hospital,5.72,Queen Charlottes',9.47
NW95QW,51.600543,-0.238535,North,Barnet Hospital,5.81,Royal Free Hospital,7.3,Barnet Hospital,5.81,Queen Charlottes',9.29
NW95QY,51.601464,-0.238774,North,Barnet Hospital,5.71,Royal Free Hospital,7.38,Barnet Hospital,5.71,Queen Charlottes',9.39
NW95RA,51.605644,-0.248881,North,Barnet Hospital,5.52,Royal Free Hospital,8.2,Barnet Hospital,5.52,Queen Charlottes',9.89
NW95RB,51.605903,-0.24877,North,Barnet Hospital,5.49,Royal Free Hospital,8.22,Barnet Hospital,5.49,Queen Charlottes',9.92
NW95RD,51.605852,-0.244136,North,Barnet Hospital,5.37,Royal Free Hospital,7.99,Barnet Hospital,5.37,Queen Charlottes',9.89
NW95RE,51.605562,-0.243411,North,Barnet Hospital,5.38,Royal Free Hospital,7.93,Barnet Hospital,5.38,Queen Charlottes',9.86
NW95RL,51.603871,-0.244559,North,Barnet Hospital,5.59,Royal Free Hospital,7.85,Barnet Hospital,5.59,Queen Charlottes',9.68
NW95RN,51.603438,-0.244503,North,Barnet Hospital,5.63,Royal Free Hospital,7.82,Barnet Hospital,5.63,Queen Charlottes',9.63
NW95RP,51.604679,-0.244484,North,Barnet Hospital,5.5,Royal Free Hospital,7.91,Barnet Hospital,5.5,Queen Charlottes',9.77
NW95RR,51.605135,-0.244308,North,Barnet Hospital,5.45,Royal Free Hospital,7.94,Barnet Hospital,5.45,Queen Charlottes',9.82
NW95RS,51.605193,-0.244595,North,Barnet Hospital,5.45,Royal Free Hospital,7.96,Barnet Hospital,5.45,Queen Charlottes',9.82
NW95RT,51.605403,-0.244832,North,Barnet Hospital,5.44,Royal Free Hospital,7.99,Barnet Hospital,5.44,Queen Charlottes',9.85
NW95RU,51.605801,-0.244947,North,Barnet Hospital,5.4,Royal Free Hospital,8.03,Barnet Hospital,5.4,Queen Charlottes',9.89
NW95RW,51.604336,-0.244396,North,Barnet Hospital,5.54,Royal Free Hospital,7.88,Barnet Hospital,5.54,Queen Charlottes',9.73
NW95RX,51.605637,-0.24543,North,Barnet Hospital,5.43,Royal Free Hospital,8.04,Barnet Hospital,5.43,Queen Charlottes',9.88
NW95RY,51.605548,-0.246083,North,Barnet Hospital,5.45,Royal Free Hospital,8.06,Barnet Hospital,5.45,Queen Charlottes',9.87
NW95RZ,51.603495,-0.244082,North,Barnet Hospital,5.61,Royal Free Hospital,7.8,Barnet Hospital,5.61,Queen Charlottes',9.63
NW95SA,51.605532,-0.246849,North,Barnet Hospital,5.48,Royal Free Hospital,8.1,Barnet Hospital,5.48,Queen Charlottes',9.87
NW95SB,51.605903,-0.246965,North,Barnet Hospital,5.44,Royal Free Hospital,8.13,Barnet Hospital,5.44,Queen Charlottes',9.91
NW95SD,51.605885,-0.247586,North,Barnet Hospital,5.46,Royal Free Hospital,8.16,Barnet Hospital,5.46,Queen Charlottes',9.91
NW95SE,51.605574,-0.247252,North,Barnet Hospital,5.48,Royal Free Hospital,8.12,Barnet Hospital,5.48,Queen Charlottes',9.88
NW95SF,51.606335,-0.244002,North,Barnet Hospital,5.32,Royal Free Hospital,8.03,Barnet Hospital,5.32,Queen Charlottes',9.95
NW95SG,51.605644,-0.247668,North,Barnet Hospital,5.49,Royal Free Hospital,8.14,Barnet Hospital,5.49,Queen Charlottes',9.89
NW95SH,51.60548,-0.247558,North,Barnet Hospital,5.5,Royal Free Hospital,8.13,Barnet Hospital,5.5,Queen Charlottes',9.87
NW95SJ,51.6053,-0.247522,North,Barnet Hospital,5.52,Royal Free Hospital,8.11,Barnet Hospital,5.52,Queen Charlottes',9.85
NW95SL,51.605138,-0.246922,North,Barnet Hospital,5.52,Royal Free Hospital,8.07,Barnet Hospital,5.52,Queen Charlottes',9.83
NW95SN,51.605185,-0.246472,North,Barnet Hospital,5.5,Royal Free Hospital,8.05,Barnet Hospital,5.5,Queen Charlottes',9.83
NW95SP,51.605297,-0.246121,North,Barnet Hospital,5.48,Royal Free Hospital,8.04,Barnet Hospital,5.48,Queen Charlottes',9.84
NW95SR,51.60513,-0.24581,North,Barnet Hospital,5.49,Royal Free Hospital,8.01,Barnet Hospital,5.49,Queen Charlottes',9.82
NW95SS,51.604752,-0.245781,North,Barnet Hospital,5.53,Royal Free Hospital,7.98,Barnet Hospital,5.53,Queen Charlottes',9.78
NW95ST,51.604436,-0.245663,North,Barnet Hospital,5.56,Royal Free Hospital,7.95,Barnet Hospital,5.56,Queen Charlottes',9.74
NW95SU,51.604201,-0.245629,North,Barnet Hospital,5.58,Royal Free Hospital,7.93,Barnet Hospital,5.58,Queen Charlottes',9.72
NW95SX,51.603833,-0.245643,North,Barnet Hospital,5.62,Royal Free Hospital,7.9,Barnet Hospital,5.62,Queen Charlottes',9.68
NW95SY,51.603173,-0.24603,North,Barnet Hospital,5.7,Royal Free Hospital,7.87,Barnet Hospital,5.7,Queen Charlottes',9.61
NW95TA,51.604107,-0.246543,North,Barnet Hospital,5.61,Royal Free Hospital,7.97,Barnet Hospital,5.61,Queen Charlottes',9.71
NW95TB,51.604452,-0.246775,North,Barnet Hospital,5.59,Royal Free Hospital,8.01,Barnet Hospital,5.59,Queen Charlottes',9.75
NW95TD,51.604428,-0.246328,North,Barnet Hospital,5.58,Royal Free Hospital,7.98,Barnet Hospital,5.58,Queen Charlottes',9.75
NW95TE,51.604788,-0.246401,North,Barnet Hospital,5.54,Royal Free Hospital,8.01,Barnet Hospital,5.54,Queen Charlottes',9.79
NW95TG,51.604657,-0.247244,North,Barnet Hospital,5.58,Royal Free Hospital,8.05,Barnet Hospital,5.58,Queen Charlottes',9.78
NW95TH,51.604665,-0.247763,North,Barnet Hospital,5.59,Royal Free Hospital,8.07,Barnet Hospital,5.59,Queen Charlottes',9.78
NW95TJ,51.604261,-0.247793,North,Barnet Hospital,5.63,Royal Free Hospital,8.04,Barnet Hospital,5.63,Queen Charlottes',9.74
NW95TL,51.603827,-0.247665,North,Barnet Hospital,5.67,Royal Free Hospital,8.0,Barnet Hospital,5.67,Queen Charlottes',9.69
NW95TN,51.603821,-0.247276,North,Barnet Hospital,5.66,Royal Free Hospital,7.98,Barnet Hospital,5.66,Queen Charlottes',9.68
NW95TP,51.603803,-0.246655,North,Barnet Hospital,5.65,Royal Free Hospital,7.95,Barnet Hospital,5.65,Queen Charlottes',9.68
NW95TR,51.603753,-0.246325,North,Barnet Hospital,5.65,Royal Free Hospital,7.93,Barnet Hospital,5.65,Queen Charlottes',9.67
NW95TS,51.60316,-0.246969,North,Barnet Hospital,5.72,Royal Free Hospital,7.91,Barnet Hospital,5.72,Queen Charlottes',9.61
NW95TT,51.603089,-0.24765,North,Barnet Hospital,5.75,Royal Free Hospital,7.94,Barnet Hospital,5.75,Queen Charlottes',9.6
NW95TU,51.602678,-0.247218,North,Barnet Hospital,5.78,Royal Free Hospital,7.89,Barnet Hospital,5.78,Queen Charlottes',9.56
NW95TX,51.60273,-0.246451,North,Barnet Hospital,5.75,Royal Free Hospital,7.86,Barnet Hospital,5.75,Queen Charlottes',9.56
NW95TY,51.602747,-0.245801,North,Barnet Hospital,5.74,Royal Free Hospital,7.82,Barnet Hospital,5.74,Queen Charlottes',9.56
NW95UA,51.602547,-0.245043,North,Barnet Hospital,5.74,Royal Free Hospital,7.77,Barnet Hospital,5.74,Queen Charlottes',9.53
NW95UB,51.602292,-0.244822,North,Barnet Hospital,5.76,Royal Free Hospital,7.74,Barnet Hospital,5.76,Queen Charlottes',9.5
NW95UD,51.605267,-0.245314,North,Barnet Hospital,5.46,Royal Free Hospital,8.0,Barnet Hospital,5.46,Queen Charlottes',9.83
NW95UE,51.604956,-0.24495,North,Barnet Hospital,5.49,Royal Free Hospital,7.96,Barnet Hospital,5.49,Queen Charlottes',9.8
NW95UH,51.604238,-0.245093,North,Barnet Hospital,5.56,Royal Free Hospital,7.91,Barnet Hospital,5.56,Queen Charlottes',9.72
NW95UJ,51.60387,-0.245136,North,Barnet Hospital,5.6,Royal Free Hospital,7.88,Barnet Hospital,5.6,Queen Charlottes',9.68
NW95UL,51.60342,-0.24511,North,Barnet Hospital,5.65,Royal Free Hospital,7.84,Barnet Hospital,5.65,Queen Charlottes',9.63
NW95UN,51.60292,-0.245317,North,Barnet Hospital,5.71,Royal Free Hospital,7.81,Barnet Hospital,5.71,Queen Charlottes',9.57
NW95UP,51.602983,-0.244752,North,Barnet Hospital,5.68,Royal Free Hospital,7.79,Barnet Hospital,5.68,Queen Charlottes',9.58
NW95UQ,51.604606,-0.245036,North,Barnet Hospital,5.52,Royal Free Hospital,7.93,Barnet Hospital,5.52,Queen Charlottes',9.76
NW95UR,51.602385,-0.244399,North,Barnet Hospital,5.74,Royal Free Hospital,7.73,Barnet Hospital,5.74,Queen Charlottes',9.51
NW95UT,51.60188,-0.244332,North,Barnet Hospital,5.79,Royal Free Hospital,7.68,Barnet Hospital,5.79,Queen Charlottes',9.45
NW95UX,51.601572,-0.2442,North,Barnet Hospital,5.82,Royal Free Hospital,7.65,Barnet Hospital,5.82,Queen Charlottes',9.42
NW95UY,51.601472,-0.244723,North,Barnet Hospital,5.84,Royal Free Hospital,7.67,Barnet Hospital,5.84,Queen Charlottes',9.41
NW95WG,51.604359,-0.252021,North,Barnet Hospital,5.75,Royal Free Hospital,8.26,Barnet Hospital,5.75,Queen Charlottes',9.77
NW95WH,51.604787,-0.251123,North,Barnet Hospital,5.68,Royal Free Hospital,8.25,Barnet Hospital,5.68,Queen Charlottes',9.81
NW95WJ,51.604378,-0.250258,North,Barnet Hospital,5.69,Royal Free Hospital,8.17,Barnet Hospital,5.69,Queen Charlottes',9.76
NW95WL,51.603873,-0.250783,North,Barnet Hospital,5.76,Royal Free Hospital,8.16,Barnet Hospital,5.76,Queen Charlottes',9.71
NW95WY,51.602829,-0.248888,North,Barnet Hospital,5.81,Royal Free Hospital,7.98,Barnet Hospital,5.81,Queen Charlottes',9.58
NW95XA,51.602438,-0.244946,North,Barnet Hospital,5.75,Royal Free Hospital,7.76,Barnet Hospital,5.75,Queen Charlottes',9.52
NW95XB,51.602214,-0.244435,North,Barnet Hospital,5.76,Royal Free Hospital,7.72,Barnet Hospital,5.76,Queen Charlottes',9.49
NW95XE,51.600882,-0.24193,North,Barnet Hospital,5.84,Royal Free Hospital,7.49,Barnet Hospital,5.84,Queen Charlottes',9.34
NW95XG,51.600851,-0.242235,North,Barnet Hospital,5.85,Royal Free Hospital,7.5,Barnet Hospital,5.85,Queen Charlottes',9.33
NW95XL,51.601792,-0.245058,North,Barnet Hospital,5.82,Royal Free Hospital,7.71,Barnet Hospital,5.82,Queen Charlottes',9.45
NW95XN,51.601419,-0.245346,North,Barnet Hospital,5.86,Royal Free Hospital,7.7,Barnet Hospital,5.86,Queen Charlottes',9.41
NW95XP,51.60119,-0.245081,North,Barnet Hospital,5.88,Royal Free Hospital,7.67,Barnet Hospital,5.88,Queen Charlottes',9.38
NW95XR,51.601302,-0.244196,North,Barnet Hospital,5.85,Royal Free Hospital,7.63,Barnet Hospital,5.85,Queen Charlottes',9.39
NW95XS,51.601581,-0.244185,North,Barnet Hospital,5.82,Royal Free Hospital,7.65,Barnet Hospital,5.82,Queen Charlottes',9.42
NW95XT,51.601581,-0.244185,North,Barnet Hospital,5.82,Royal Free Hospital,7.65,Barnet Hospital,5.82,Queen Charlottes',9.42
NW95YL,51.600939,-0.244542,North,Barnet Hospital,5.89,Royal Free Hospital,7.62,Barnet Hospital,5.89,Queen Charlottes',9.35
NW95YN,51.600399,-0.24449,North,Barnet Hospital,5.95,Royal Free Hospital,7.58,Barnet Hospital,5.95,Queen Charlottes',9.29
NW95YT,51.603307,-0.247194,North,Barnet Hospital,5.71,Royal Free Hospital,7.94,Barnet Hospital,5.71,Queen Charlottes',9.63
NW95YU,51.603299,-0.246631,North,Barnet Hospital,5.7,Royal Free Hospital,7.91,Barnet Hospital,5.7,Queen Charlottes',9.62
NW95YX,51.600545,-0.243445,North,Barnet Hospital,5.91,Royal Free Hospital,7.54,Barnet Hospital,5.91,Queen Charlottes',9.3
WD62RN,51.643273,-0.25593,North,Barnet Hospital,2.93,Royal Free Hospital,11.81,Barnet Hospital,2.93,Queen Charlottes',14.11
WD62RW,51.642312,-0.256589,North,Barnet Hospital,3.0,Royal Free Hospital,11.74,Barnet Hospital,3.0,Queen Charlottes',14.0
